
MPPT_PCB_MCU.elf:     file format elf32-avr

Sections:
Idx Name          Size      VMA       LMA       File off  Algn
  0 .data         000001a2  00800100  00009afe  00009bb2  2**0
                  CONTENTS, ALLOC, LOAD, DATA
  1 .text         00009afe  00000000  00000000  000000b4  2**1
                  CONTENTS, ALLOC, LOAD, READONLY, CODE
  2 .bss          000012e1  008002a2  008002a2  00009d54  2**0
                  ALLOC
  3 .eeprom       0000018f  00810000  00810000  00009d54  2**0
                  CONTENTS, ALLOC, LOAD, DATA
  4 .comment      0000005c  00000000  00000000  00009ee3  2**0
                  CONTENTS, READONLY
  5 .note.gnu.avr.deviceinfo 00000040  00000000  00000000  00009f40  2**2
                  CONTENTS, READONLY
  6 .debug_aranges 00000080  00000000  00000000  00009f80  2**3
                  CONTENTS, READONLY, DEBUGGING
  7 .debug_info   00000a00  00000000  00000000  0000a000  2**0
                  CONTENTS, READONLY, DEBUGGING
  8 .debug_abbrev 00000779  00000000  00000000  0000aa00  2**0
                  CONTENTS, READONLY, DEBUGGING
  9 .debug_line   000003ad  00000000  00000000  0000b179  2**0
                  CONTENTS, READONLY, DEBUGGING
 10 .debug_str    00000296  00000000  00000000  0000b526  2**0
                  CONTENTS, READONLY, DEBUGGING

Disassembly of section .text:

00000000 <__vectors>:
       0:	38 c1       	rjmp	.+624    	; 0x272 <__ctors_end>
       2:	00 00       	nop
       4:	55 c1       	rjmp	.+682    	; 0x2b0 <__bad_interrupt>
       6:	00 00       	nop
       8:	53 c1       	rjmp	.+678    	; 0x2b0 <__bad_interrupt>
       a:	00 00       	nop
       c:	51 c1       	rjmp	.+674    	; 0x2b0 <__bad_interrupt>
       e:	00 00       	nop
      10:	4f c1       	rjmp	.+670    	; 0x2b0 <__bad_interrupt>
      12:	00 00       	nop
      14:	4d c1       	rjmp	.+666    	; 0x2b0 <__bad_interrupt>
      16:	00 00       	nop
      18:	4b c1       	rjmp	.+662    	; 0x2b0 <__bad_interrupt>
      1a:	00 00       	nop
      1c:	49 c1       	rjmp	.+658    	; 0x2b0 <__bad_interrupt>
      1e:	00 00       	nop
      20:	47 c1       	rjmp	.+654    	; 0x2b0 <__bad_interrupt>
      22:	00 00       	nop
      24:	45 c1       	rjmp	.+650    	; 0x2b0 <__bad_interrupt>
      26:	00 00       	nop
      28:	43 c1       	rjmp	.+646    	; 0x2b0 <__bad_interrupt>
      2a:	00 00       	nop
      2c:	41 c1       	rjmp	.+642    	; 0x2b0 <__bad_interrupt>
      2e:	00 00       	nop
      30:	3f c1       	rjmp	.+638    	; 0x2b0 <__bad_interrupt>
      32:	00 00       	nop
      34:	0c 94 62 33 	jmp	0x66c4	; 0x66c4 <__vector_13>
      38:	3b c1       	rjmp	.+630    	; 0x2b0 <__bad_interrupt>
      3a:	00 00       	nop
      3c:	39 c1       	rjmp	.+626    	; 0x2b0 <__bad_interrupt>
      3e:	00 00       	nop
      40:	37 c1       	rjmp	.+622    	; 0x2b0 <__bad_interrupt>
      42:	00 00       	nop
      44:	35 c1       	rjmp	.+618    	; 0x2b0 <__bad_interrupt>
      46:	00 00       	nop
      48:	33 c1       	rjmp	.+614    	; 0x2b0 <__bad_interrupt>
      4a:	00 00       	nop
      4c:	31 c1       	rjmp	.+610    	; 0x2b0 <__bad_interrupt>
      4e:	00 00       	nop
      50:	0c 94 c6 32 	jmp	0x658c	; 0x658c <__vector_20>
      54:	2d c1       	rjmp	.+602    	; 0x2b0 <__bad_interrupt>
      56:	00 00       	nop
      58:	0c 94 2a 33 	jmp	0x6654	; 0x6654 <__vector_22>
      5c:	29 c1       	rjmp	.+594    	; 0x2b0 <__bad_interrupt>
      5e:	00 00       	nop
      60:	27 c1       	rjmp	.+590    	; 0x2b0 <__bad_interrupt>
      62:	00 00       	nop
      64:	25 c1       	rjmp	.+586    	; 0x2b0 <__bad_interrupt>
      66:	00 00       	nop
      68:	23 c1       	rjmp	.+582    	; 0x2b0 <__bad_interrupt>
      6a:	00 00       	nop
      6c:	21 c1       	rjmp	.+578    	; 0x2b0 <__bad_interrupt>
      6e:	00 00       	nop
      70:	1f c1       	rjmp	.+574    	; 0x2b0 <__bad_interrupt>
      72:	00 00       	nop
      74:	1d c1       	rjmp	.+570    	; 0x2b0 <__bad_interrupt>
      76:	00 00       	nop
      78:	1b c1       	rjmp	.+566    	; 0x2b0 <__bad_interrupt>
      7a:	00 00       	nop
      7c:	19 c1       	rjmp	.+562    	; 0x2b0 <__bad_interrupt>
      7e:	00 00       	nop
      80:	17 c1       	rjmp	.+558    	; 0x2b0 <__bad_interrupt>
      82:	00 00       	nop
      84:	15 c1       	rjmp	.+554    	; 0x2b0 <__bad_interrupt>
      86:	00 00       	nop
      88:	13 c1       	rjmp	.+550    	; 0x2b0 <__bad_interrupt>
      8a:	00 00       	nop
      8c:	07 63       	ori	r16, 0x37	; 55
      8e:	42 36       	cpi	r20, 0x62	; 98
      90:	b7 9b       	sbis	0x16, 7	; 22
      92:	d8 a7       	std	Y+40, r29	; 0x28
      94:	1a 39       	cpi	r17, 0x9A	; 154
      96:	68 56       	subi	r22, 0x68	; 104
      98:	18 ae       	std	Y+56, r1	; 0x38
      9a:	ba ab       	std	Y+50, r27	; 0x32
      9c:	55 8c       	ldd	r5, Z+29	; 0x1d
      9e:	1d 3c       	cpi	r17, 0xCD	; 205
      a0:	b7 cc       	rjmp	.-1682   	; 0xfffffa10 <__eeprom_end+0xff7ef881>
      a2:	57 63       	ori	r21, 0x37	; 55
      a4:	bd 6d       	ori	r27, 0xDD	; 221
      a6:	ed fd       	.word	0xfded	; ????
      a8:	75 3e       	cpi	r23, 0xE5	; 229
      aa:	f6 17       	cp	r31, r22
      ac:	72 31       	cpi	r23, 0x12	; 18
      ae:	bf 00       	.word	0x00bf	; ????
      b0:	00 00       	nop
      b2:	80 3f       	cpi	r24, 0xF0	; 240
      b4:	08 00       	.word	0x0008	; ????
      b6:	00 00       	nop
      b8:	be 92       	st	-X, r11
      ba:	24 49       	sbci	r18, 0x94	; 148
      bc:	12 3e       	cpi	r17, 0xE2	; 226
      be:	ab aa       	std	Y+51, r10	; 0x33
      c0:	aa 2a       	or	r10, r26
      c2:	be cd       	rjmp	.-1156   	; 0xfffffc40 <__eeprom_end+0xff7efab1>
      c4:	cc cc       	rjmp	.-1640   	; 0xfffffa5e <__eeprom_end+0xff7ef8cf>
      c6:	4c 3e       	cpi	r20, 0xEC	; 236
      c8:	00 00       	nop
      ca:	00 80       	ld	r0, Z
      cc:	be ab       	std	Y+54, r27	; 0x36
      ce:	aa aa       	std	Y+50, r10	; 0x32
      d0:	aa 3e       	cpi	r26, 0xEA	; 234
      d2:	00 00       	nop
      d4:	00 00       	nop
      d6:	bf 00       	.word	0x00bf	; ????
      d8:	00 00       	nop
      da:	80 3f       	cpi	r24, 0xF0	; 240
      dc:	00 00       	nop
      de:	00 00       	nop
      e0:	00 08       	sbc	r0, r0
      e2:	41 78       	andi	r20, 0x81	; 129
      e4:	d3 bb       	out	0x13, r29	; 19
      e6:	43 87       	std	Z+11, r20	; 0x0b
      e8:	d1 13       	cpse	r29, r17
      ea:	3d 19       	sub	r19, r13
      ec:	0e 3c       	cpi	r16, 0xCE	; 206
      ee:	c3 bd       	out	0x23, r28	; 35
      f0:	42 82       	std	Z+2, r4	; 0x02
      f2:	ad 2b       	or	r26, r29
      f4:	3e 68       	ori	r19, 0x8E	; 142
      f6:	ec 82       	std	Y+4, r14	; 0x04
      f8:	76 be       	out	0x36, r7	; 54
      fa:	d9 8f       	std	Y+25, r29	; 0x19
      fc:	e1 a9       	ldd	r30, Z+49	; 0x31
      fe:	3e 4c       	sbci	r19, 0xCE	; 206
     100:	80 ef       	ldi	r24, 0xF0	; 240
     102:	ff be       	out	0x3f, r15	; 63
     104:	01 c4       	rjmp	.+2050   	; 0x908 <IV_MEAS__Meas_Curr_Volt_Point+0xe6>
     106:	ff 7f       	andi	r31, 0xFF	; 255
     108:	3f 00       	.word	0x003f	; ????
     10a:	00 00       	nop
     10c:	00 00       	nop
     10e:	05 a8       	ldd	r0, Z+53	; 0x35
     110:	4c cd       	rjmp	.-1384   	; 0xfffffbaa <__eeprom_end+0xff7efa1b>
     112:	b2 d4       	rcall	.+2404   	; 0xa78 <IV_MEAS__Meas_Curr_Volt_Point+0x256>
     114:	4e b9       	out	0x0e, r20	; 14
     116:	38 36       	cpi	r19, 0x68	; 104
     118:	a9 02       	muls	r26, r25
     11a:	0c 50       	subi	r16, 0x0C	; 12
     11c:	b9 91       	ld	r27, Y+
     11e:	86 88       	ldd	r8, Z+22	; 0x16
     120:	08 3c       	cpi	r16, 0xC8	; 200
     122:	a6 aa       	std	Z+54, r10	; 0x36
     124:	aa 2a       	or	r10, r26
     126:	be 00       	.word	0x00be	; ????
     128:	00 00       	nop
     12a:	80 3f       	cpi	r24, 0xF0	; 240

0000012c <__trampolines_end>:
     12c:	69 6e       	ori	r22, 0xE9	; 233
     12e:	66 00       	.word	0x0066	; ????
     130:	49 4e       	sbci	r20, 0xE9	; 233
     132:	46 00       	.word	0x0046	; ????

00000134 <str_nan.1924>:
     134:	6e 61 6e 00 4e 41 4e 00 00 40 7a 10 f3 5a 00 a0     nan.NAN..@z..Z..
     144:	72 4e 18 09 00 10 a5 d4 e8 00 00 e8 76 48 17 00     rN..........vH..
     154:	00 e4 0b 54 02 00 00 ca 9a 3b 00 00 00 e1 f5 05     ...T.....;......
     164:	00 00 80 96 98 00 00 00 40 42 0f 00 00 00 a0 86     ........@B......
     174:	01 00 00 00 10 27 00 00 00 00 e8 03 00 00 00 00     .....'..........
     184:	64 00 00 00 00 00 0a 00 00 00 00 00 01 00 00 00     d...............
     194:	00 00 2c 76 d8 88 dc 67 4f 08 23 df c1 df ae 59     ..,v...gO.#....Y
     1a4:	e1 b1 b7 96 e5 e3 e4 53 c6 3a e6 51 99 76 96 e8     .......S.:.Q.v..
     1b4:	e6 c2 84 26 eb 89 8c 9b 62 ed 40 7c 6f fc ef bc     ...&....b.@|o...
     1c4:	9c 9f 40 f2 ba a5 6f a5 f4 90 05 5a 2a f7 5c 93     ..@...o....Z*.\.
     1d4:	6b 6c f9 67 6d c1 1b fc e0 e4 0d 47 fe f5 20 e6     kl.gm......G.. .
     1e4:	b5 00 d0 ed 90 2e 03 00 94 35 77 05 00 80 84 1e     .........5w.....
     1f4:	08 00 00 20 4e 0a 00 00 00 c8 0c 33 33 33 33 0f     ... N......3333.
     204:	98 6e 12 83 11 41 ef 8d 21 14 89 3b e6 55 16 cf     .n...A..!..;.U..
     214:	fe e6 db 18 d1 84 4b 38 1b f7 7c 1d 90 1d a4 bb     ......K8..|.....
     224:	e4 24 20 32 84 72 5e 22 81 00 c9 f1 24 ec a1 e5     .$ 2.r^"....$...
     234:	3d 27                                               ='

00000236 <pstr_nan>:
     236:	4e 41 4e                                            NAN

00000239 <pstr_inity>:
     239:	49 4e 49 54 59                                      INITY

0000023e <pstr_inf>:
     23e:	49 4e 46                                            INF

00000241 <pwr_m10>:
     241:	cd cc cc 3d 0a d7 23 3c 17 b7 d1 38 77 cc 2b 32     ...=..#<...8w.+2
     251:	95 95 e6 24 1f b1 4f 0a                             ...$..O.

00000259 <pwr_p10>:
     259:	00 00 20 41 00 00 c8 42 00 40 1c 46 20 bc be 4c     .. A...B.@.F ..L
     269:	ca 1b 0e 5a ae c5 9d 74 00                          ...Z...t.

00000272 <__ctors_end>:
     272:	11 24       	eor	r1, r1
     274:	1f be       	out	0x3f, r1	; 63
     276:	cf ef       	ldi	r28, 0xFF	; 255
     278:	d0 e4       	ldi	r29, 0x40	; 64
     27a:	de bf       	out	0x3e, r29	; 62
     27c:	cd bf       	out	0x3d, r28	; 61

0000027e <__do_copy_data>:
     27e:	12 e0       	ldi	r17, 0x02	; 2
     280:	a0 e0       	ldi	r26, 0x00	; 0
     282:	b1 e0       	ldi	r27, 0x01	; 1
     284:	ee ef       	ldi	r30, 0xFE	; 254
     286:	fa e9       	ldi	r31, 0x9A	; 154
     288:	00 e0       	ldi	r16, 0x00	; 0
     28a:	0b bf       	out	0x3b, r16	; 59
     28c:	02 c0       	rjmp	.+4      	; 0x292 <__do_copy_data+0x14>
     28e:	07 90       	elpm	r0, Z+
     290:	0d 92       	st	X+, r0
     292:	a2 3a       	cpi	r26, 0xA2	; 162
     294:	b1 07       	cpc	r27, r17
     296:	d9 f7       	brne	.-10     	; 0x28e <__do_copy_data+0x10>

00000298 <__do_clear_bss>:
     298:	25 e1       	ldi	r18, 0x15	; 21
     29a:	a2 ea       	ldi	r26, 0xA2	; 162
     29c:	b2 e0       	ldi	r27, 0x02	; 2
     29e:	01 c0       	rjmp	.+2      	; 0x2a2 <.do_clear_bss_start>

000002a0 <.do_clear_bss_loop>:
     2a0:	1d 92       	st	X+, r1

000002a2 <.do_clear_bss_start>:
     2a2:	a3 38       	cpi	r26, 0x83	; 131
     2a4:	b2 07       	cpc	r27, r18
     2a6:	e1 f7       	brne	.-8      	; 0x2a0 <.do_clear_bss_loop>
     2a8:	0e 94 f1 30 	call	0x61e2	; 0x61e2 <main>
     2ac:	0c 94 7d 4d 	jmp	0x9afa	; 0x9afa <_exit>

000002b0 <__bad_interrupt>:
     2b0:	a7 ce       	rjmp	.-690    	; 0x0 <__vectors>

000002b2 <IV_MEAS__Get_Voc_Set_Optimum_Range>:
     2b2:	cf 93       	push	r28
     2b4:	df 93       	push	r29
     2b6:	80 91 e4 14 	lds	r24, 0x14E4	; 0x8014e4 <Range_Status_A>
     2ba:	80 fd       	sbrc	r24, 0
     2bc:	0a c0       	rjmp	.+20     	; 0x2d2 <IV_MEAS__Get_Voc_Set_Optimum_Range+0x20>
     2be:	90 91 b6 02 	lds	r25, 0x02B6	; 0x8002b6 <IV_Range_Volt_Last>
     2c2:	80 91 dd 14 	lds	r24, 0x14DD	; 0x8014dd <Range_Volt_ID_Act>
     2c6:	89 17       	cp	r24, r25
     2c8:	20 f4       	brcc	.+8      	; 0x2d2 <IV_MEAS__Get_Voc_Set_Optimum_Range+0x20>
     2ca:	80 91 b6 02 	lds	r24, 0x02B6	; 0x8002b6 <IV_Range_Volt_Last>
     2ce:	0e 94 5d 3f 	call	0x7eba	; 0x7eba <SET_VOLTAGE_RANGE>
     2d2:	80 91 3a 15 	lds	r24, 0x153A	; 0x80153a <Threshold_Volt_Over_Range+0x10>
     2d6:	90 91 3b 15 	lds	r25, 0x153B	; 0x80153b <Threshold_Volt_Over_Range+0x11>
     2da:	a0 91 3c 15 	lds	r26, 0x153C	; 0x80153c <Threshold_Volt_Over_Range+0x12>
     2de:	b0 91 3d 15 	lds	r27, 0x153D	; 0x80153d <Threshold_Volt_Over_Range+0x13>
     2e2:	80 93 b5 14 	sts	0x14B5, r24	; 0x8014b5 <PV_Volt_DAQ_New>
     2e6:	90 93 b6 14 	sts	0x14B6, r25	; 0x8014b6 <PV_Volt_DAQ_New+0x1>
     2ea:	a0 93 b7 14 	sts	0x14B7, r26	; 0x8014b7 <PV_Volt_DAQ_New+0x2>
     2ee:	b0 93 b8 14 	sts	0x14B8, r27	; 0x8014b8 <PV_Volt_DAQ_New+0x3>
     2f2:	60 91 b5 14 	lds	r22, 0x14B5	; 0x8014b5 <PV_Volt_DAQ_New>
     2f6:	70 91 b6 14 	lds	r23, 0x14B6	; 0x8014b6 <PV_Volt_DAQ_New+0x1>
     2fa:	80 91 b7 14 	lds	r24, 0x14B7	; 0x8014b7 <PV_Volt_DAQ_New+0x2>
     2fe:	90 91 b8 14 	lds	r25, 0x14B8	; 0x8014b8 <PV_Volt_DAQ_New+0x3>
     302:	0e 94 be 2d 	call	0x5b7c	; 0x5b7c <Set_DAC_Output_Volts>
     306:	80 91 b7 02 	lds	r24, 0x02B7	; 0x8002b7 <IV_Setup_Signal_Set_Time>
     30a:	90 91 b8 02 	lds	r25, 0x02B8	; 0x8002b8 <IV_Setup_Signal_Set_Time+0x1>
     30e:	a8 95       	wdr
     310:	00 97       	sbiw	r24, 0x00	; 0
     312:	49 f0       	breq	.+18     	; 0x326 <IV_MEAS__Get_Voc_Set_Optimum_Range+0x74>
     314:	ef e9       	ldi	r30, 0x9F	; 159
     316:	ff e0       	ldi	r31, 0x0F	; 15
     318:	31 97       	sbiw	r30, 0x01	; 1
     31a:	f1 f7       	brne	.-4      	; 0x318 <IV_MEAS__Get_Voc_Set_Optimum_Range+0x66>
     31c:	00 c0       	rjmp	.+0      	; 0x31e <IV_MEAS__Get_Voc_Set_Optimum_Range+0x6c>
     31e:	00 00       	nop
     320:	a8 95       	wdr
     322:	01 97       	sbiw	r24, 0x01	; 1
     324:	f5 cf       	rjmp	.-22     	; 0x310 <IV_MEAS__Get_Voc_Set_Optimum_Range+0x5e>
     326:	c6 e0       	ldi	r28, 0x06	; 6
     328:	c1 50       	subi	r28, 0x01	; 1
     32a:	19 f1       	breq	.+70     	; 0x372 <IV_MEAS__Get_Voc_Set_Optimum_Range+0xc0>
     32c:	0e 94 a9 2c 	call	0x5952	; 0x5952 <Meas_AI_Volt_Only>
     330:	80 91 e4 14 	lds	r24, 0x14E4	; 0x8014e4 <Range_Status_A>
     334:	80 fd       	sbrc	r24, 0
     336:	1d c0       	rjmp	.+58     	; 0x372 <IV_MEAS__Get_Voc_Set_Optimum_Range+0xc0>
     338:	d0 91 dd 14 	lds	r29, 0x14DD	; 0x8014dd <Range_Volt_ID_Act>
     33c:	10 92 28 15 	sts	0x1528, r1	; 0x801528 <Range_Volt_Switch_Freq_Counter+0x1>
     340:	10 92 27 15 	sts	0x1527, r1	; 0x801527 <Range_Volt_Switch_Freq_Counter>
     344:	10 92 53 15 	sts	0x1553, r1	; 0x801553 <Range_Volt_Switch_Delay_Counter>
     348:	0e 94 68 41 	call	0x82d0	; 0x82d0 <Process_Voltage_Auto_Range>
     34c:	80 91 dd 14 	lds	r24, 0x14DD	; 0x8014dd <Range_Volt_ID_Act>
     350:	d8 13       	cpse	r29, r24
     352:	05 c0       	rjmp	.+10     	; 0x35e <IV_MEAS__Get_Voc_Set_Optimum_Range+0xac>
     354:	80 91 dd 14 	lds	r24, 0x14DD	; 0x8014dd <Range_Volt_ID_Act>
     358:	80 93 b6 02 	sts	0x02B6, r24	; 0x8002b6 <IV_Range_Volt_Last>
     35c:	0a c0       	rjmp	.+20     	; 0x372 <IV_MEAS__Get_Voc_Set_Optimum_Range+0xc0>
     35e:	ff ef       	ldi	r31, 0xFF	; 255
     360:	20 e7       	ldi	r18, 0x70	; 112
     362:	82 e0       	ldi	r24, 0x02	; 2
     364:	f1 50       	subi	r31, 0x01	; 1
     366:	20 40       	sbci	r18, 0x00	; 0
     368:	80 40       	sbci	r24, 0x00	; 0
     36a:	e1 f7       	brne	.-8      	; 0x364 <IV_MEAS__Get_Voc_Set_Optimum_Range+0xb2>
     36c:	00 c0       	rjmp	.+0      	; 0x36e <IV_MEAS__Get_Voc_Set_Optimum_Range+0xbc>
     36e:	00 00       	nop
     370:	db cf       	rjmp	.-74     	; 0x328 <IV_MEAS__Get_Voc_Set_Optimum_Range+0x76>
     372:	60 91 8f 10 	lds	r22, 0x108F	; 0x80108f <AI_Volt>
     376:	70 91 90 10 	lds	r23, 0x1090	; 0x801090 <AI_Volt+0x1>
     37a:	80 91 91 10 	lds	r24, 0x1091	; 0x801091 <AI_Volt+0x2>
     37e:	90 91 92 10 	lds	r25, 0x1092	; 0x801092 <AI_Volt+0x3>
     382:	df 91       	pop	r29
     384:	cf 91       	pop	r28
     386:	08 95       	ret

00000388 <IV_MEAS__Get_Curr_Optimum_Range>:
     388:	cf 93       	push	r28
     38a:	df 93       	push	r29
     38c:	80 91 e4 14 	lds	r24, 0x14E4	; 0x8014e4 <Range_Status_A>
     390:	81 fd       	sbrc	r24, 1
     392:	0a c0       	rjmp	.+20     	; 0x3a8 <IV_MEAS__Get_Curr_Optimum_Range+0x20>
     394:	90 91 a0 0a 	lds	r25, 0x0AA0	; 0x800aa0 <IV_Range_Curr_Last>
     398:	80 91 54 15 	lds	r24, 0x1554	; 0x801554 <Range_Curr_ID_Act>
     39c:	89 17       	cp	r24, r25
     39e:	20 f4       	brcc	.+8      	; 0x3a8 <IV_MEAS__Get_Curr_Optimum_Range+0x20>
     3a0:	80 91 a0 0a 	lds	r24, 0x0AA0	; 0x800aa0 <IV_Range_Curr_Last>
     3a4:	0e 94 5b 40 	call	0x80b6	; 0x80b6 <SET_CURRENT_RANGE>
     3a8:	10 92 b5 14 	sts	0x14B5, r1	; 0x8014b5 <PV_Volt_DAQ_New>
     3ac:	10 92 b6 14 	sts	0x14B6, r1	; 0x8014b6 <PV_Volt_DAQ_New+0x1>
     3b0:	10 92 b7 14 	sts	0x14B7, r1	; 0x8014b7 <PV_Volt_DAQ_New+0x2>
     3b4:	10 92 b8 14 	sts	0x14B8, r1	; 0x8014b8 <PV_Volt_DAQ_New+0x3>
     3b8:	60 91 b5 14 	lds	r22, 0x14B5	; 0x8014b5 <PV_Volt_DAQ_New>
     3bc:	70 91 b6 14 	lds	r23, 0x14B6	; 0x8014b6 <PV_Volt_DAQ_New+0x1>
     3c0:	80 91 b7 14 	lds	r24, 0x14B7	; 0x8014b7 <PV_Volt_DAQ_New+0x2>
     3c4:	90 91 b8 14 	lds	r25, 0x14B8	; 0x8014b8 <PV_Volt_DAQ_New+0x3>
     3c8:	0e 94 be 2d 	call	0x5b7c	; 0x5b7c <Set_DAC_Output_Volts>
     3cc:	80 91 b7 02 	lds	r24, 0x02B7	; 0x8002b7 <IV_Setup_Signal_Set_Time>
     3d0:	90 91 b8 02 	lds	r25, 0x02B8	; 0x8002b8 <IV_Setup_Signal_Set_Time+0x1>
     3d4:	a8 95       	wdr
     3d6:	00 97       	sbiw	r24, 0x00	; 0
     3d8:	49 f0       	breq	.+18     	; 0x3ec <IV_MEAS__Get_Curr_Optimum_Range+0x64>
     3da:	ef e9       	ldi	r30, 0x9F	; 159
     3dc:	ff e0       	ldi	r31, 0x0F	; 15
     3de:	31 97       	sbiw	r30, 0x01	; 1
     3e0:	f1 f7       	brne	.-4      	; 0x3de <IV_MEAS__Get_Curr_Optimum_Range+0x56>
     3e2:	00 c0       	rjmp	.+0      	; 0x3e4 <IV_MEAS__Get_Curr_Optimum_Range+0x5c>
     3e4:	00 00       	nop
     3e6:	a8 95       	wdr
     3e8:	01 97       	sbiw	r24, 0x01	; 1
     3ea:	f5 cf       	rjmp	.-22     	; 0x3d6 <IV_MEAS__Get_Curr_Optimum_Range+0x4e>
     3ec:	00 99       	sbic	0x00, 0	; 0
     3ee:	0b c0       	rjmp	.+22     	; 0x406 <__LOCK_REGION_LENGTH__+0x6>
     3f0:	0e 94 07 3d 	call	0x7a0e	; 0x7a0e <Reset_Over_Current_Clamp>
     3f4:	ff ef       	ldi	r31, 0xFF	; 255
     3f6:	20 e7       	ldi	r18, 0x70	; 112
     3f8:	82 e0       	ldi	r24, 0x02	; 2
     3fa:	f1 50       	subi	r31, 0x01	; 1
     3fc:	20 40       	sbci	r18, 0x00	; 0
     3fe:	80 40       	sbci	r24, 0x00	; 0
     400:	e1 f7       	brne	.-8      	; 0x3fa <IV_MEAS__Get_Curr_Optimum_Range+0x72>
     402:	00 c0       	rjmp	.+0      	; 0x404 <__LOCK_REGION_LENGTH__+0x4>
     404:	00 00       	nop
     406:	c7 e0       	ldi	r28, 0x07	; 7
     408:	c1 50       	subi	r28, 0x01	; 1
     40a:	19 f1       	breq	.+70     	; 0x452 <__LOCK_REGION_LENGTH__+0x52>
     40c:	0e 94 28 2d 	call	0x5a50	; 0x5a50 <Meas_AI_Curr_Only>
     410:	80 91 e4 14 	lds	r24, 0x14E4	; 0x8014e4 <Range_Status_A>
     414:	81 fd       	sbrc	r24, 1
     416:	1d c0       	rjmp	.+58     	; 0x452 <__LOCK_REGION_LENGTH__+0x52>
     418:	d0 91 54 15 	lds	r29, 0x1554	; 0x801554 <Range_Curr_ID_Act>
     41c:	10 92 e3 14 	sts	0x14E3, r1	; 0x8014e3 <Range_Curr_Switch_Freq_Counter+0x1>
     420:	10 92 e2 14 	sts	0x14E2, r1	; 0x8014e2 <Range_Curr_Switch_Freq_Counter>
     424:	10 92 55 15 	sts	0x1555, r1	; 0x801555 <Range_Curr_Switch_Delay_Counter>
     428:	0e 94 ae 41 	call	0x835c	; 0x835c <Process_Current_Auto_Range>
     42c:	80 91 54 15 	lds	r24, 0x1554	; 0x801554 <Range_Curr_ID_Act>
     430:	d8 13       	cpse	r29, r24
     432:	05 c0       	rjmp	.+10     	; 0x43e <__LOCK_REGION_LENGTH__+0x3e>
     434:	80 91 54 15 	lds	r24, 0x1554	; 0x801554 <Range_Curr_ID_Act>
     438:	80 93 a0 0a 	sts	0x0AA0, r24	; 0x800aa0 <IV_Range_Curr_Last>
     43c:	0a c0       	rjmp	.+20     	; 0x452 <__LOCK_REGION_LENGTH__+0x52>
     43e:	9f ef       	ldi	r25, 0xFF	; 255
     440:	e0 e7       	ldi	r30, 0x70	; 112
     442:	f2 e0       	ldi	r31, 0x02	; 2
     444:	91 50       	subi	r25, 0x01	; 1
     446:	e0 40       	sbci	r30, 0x00	; 0
     448:	f0 40       	sbci	r31, 0x00	; 0
     44a:	e1 f7       	brne	.-8      	; 0x444 <__LOCK_REGION_LENGTH__+0x44>
     44c:	00 c0       	rjmp	.+0      	; 0x44e <__LOCK_REGION_LENGTH__+0x4e>
     44e:	00 00       	nop
     450:	db cf       	rjmp	.-74     	; 0x408 <__LOCK_REGION_LENGTH__+0x8>
     452:	df 91       	pop	r29
     454:	cf 91       	pop	r28
     456:	08 95       	ret

00000458 <PV_TRANS_MEAS>:
     458:	2f 92       	push	r2
     45a:	3f 92       	push	r3
     45c:	4f 92       	push	r4
     45e:	5f 92       	push	r5
     460:	6f 92       	push	r6
     462:	7f 92       	push	r7
     464:	8f 92       	push	r8
     466:	9f 92       	push	r9
     468:	af 92       	push	r10
     46a:	bf 92       	push	r11
     46c:	cf 92       	push	r12
     46e:	df 92       	push	r13
     470:	ef 92       	push	r14
     472:	ff 92       	push	r15
     474:	0f 93       	push	r16
     476:	1f 93       	push	r17
     478:	cf 93       	push	r28
     47a:	df 93       	push	r29
     47c:	00 d0       	rcall	.+0      	; 0x47e <PV_TRANS_MEAS+0x26>
     47e:	1f 92       	push	r1
     480:	cd b7       	in	r28, 0x3d	; 61
     482:	de b7       	in	r29, 0x3e	; 62
     484:	2d b7       	in	r18, 0x3d	; 61
     486:	3e b7       	in	r19, 0x3e	; 62
     488:	3b 83       	std	Y+3, r19	; 0x03
     48a:	2a 83       	std	Y+2, r18	; 0x02
     48c:	80 91 af 06 	lds	r24, 0x06AF	; 0x8006af <IV_Meas_Points>
     490:	ed b7       	in	r30, 0x3d	; 61
     492:	fe b7       	in	r31, 0x3e	; 62
     494:	22 e0       	ldi	r18, 0x02	; 2
     496:	82 9f       	mul	r24, r18
     498:	e0 19       	sub	r30, r0
     49a:	f1 09       	sbc	r31, r1
     49c:	11 24       	eor	r1, r1
     49e:	0f b6       	in	r0, 0x3f	; 63
     4a0:	f8 94       	cli
     4a2:	fe bf       	out	0x3e, r31	; 62
     4a4:	0f be       	out	0x3f, r0	; 63
     4a6:	ed bf       	out	0x3d, r30	; 61
     4a8:	8d b7       	in	r24, 0x3d	; 61
     4aa:	9e b7       	in	r25, 0x3e	; 62
     4ac:	01 96       	adiw	r24, 0x01	; 1
     4ae:	7c 01       	movw	r14, r24
     4b0:	d0 90 dd 14 	lds	r13, 0x14DD	; 0x8014dd <Range_Volt_ID_Act>
     4b4:	c0 90 54 15 	lds	r12, 0x1554	; 0x801554 <Range_Curr_ID_Act>
     4b8:	40 90 8f 14 	lds	r4, 0x148F	; 0x80148f <PV_Volt_DAC_ACT>
     4bc:	50 90 90 14 	lds	r5, 0x1490	; 0x801490 <PV_Volt_DAC_ACT+0x1>
     4c0:	60 90 91 14 	lds	r6, 0x1491	; 0x801491 <PV_Volt_DAC_ACT+0x2>
     4c4:	70 90 92 14 	lds	r7, 0x1492	; 0x801492 <PV_Volt_DAC_ACT+0x3>
     4c8:	80 91 b0 02 	lds	r24, 0x02B0	; 0x8002b0 <IV_Point_Set_Delay_ms>
     4cc:	90 91 b1 02 	lds	r25, 0x02B1	; 0x8002b1 <IV_Point_Set_Delay_ms+0x1>
     4d0:	80 32       	cpi	r24, 0x20	; 32
     4d2:	9e 44       	sbci	r25, 0x4E	; 78
     4d4:	18 f0       	brcs	.+6      	; 0x4dc <PV_TRANS_MEAS+0x84>
     4d6:	80 e6       	ldi	r24, 0x60	; 96
     4d8:	9a ee       	ldi	r25, 0xEA	; 234
     4da:	0a c0       	rjmp	.+20     	; 0x4f0 <PV_TRANS_MEAS+0x98>
     4dc:	80 91 b0 02 	lds	r24, 0x02B0	; 0x8002b0 <IV_Point_Set_Delay_ms>
     4e0:	90 91 b1 02 	lds	r25, 0x02B1	; 0x8002b1 <IV_Point_Set_Delay_ms+0x1>
     4e4:	9c 01       	movw	r18, r24
     4e6:	22 0f       	add	r18, r18
     4e8:	33 1f       	adc	r19, r19
     4ea:	82 0f       	add	r24, r18
     4ec:	93 1f       	adc	r25, r19
     4ee:	c2 96       	adiw	r24, 0x32	; 50
     4f0:	90 93 b8 02 	sts	0x02B8, r25	; 0x8002b8 <IV_Setup_Signal_Set_Time+0x1>
     4f4:	80 93 b7 02 	sts	0x02B7, r24	; 0x8002b7 <IV_Setup_Signal_Set_Time>
     4f8:	60 91 ba 02 	lds	r22, 0x02BA	; 0x8002ba <Trs_Delay_us>
     4fc:	70 91 bb 02 	lds	r23, 0x02BB	; 0x8002bb <Trs_Delay_us+0x1>
     500:	80 91 bc 02 	lds	r24, 0x02BC	; 0x8002bc <Trs_Delay_us+0x2>
     504:	90 91 bd 02 	lds	r25, 0x02BD	; 0x8002bd <Trs_Delay_us+0x3>
     508:	20 91 bf 02 	lds	r18, 0x02BF	; 0x8002bf <Trs_Meas_Time_us>
     50c:	30 91 c0 02 	lds	r19, 0x02C0	; 0x8002c0 <Trs_Meas_Time_us+0x1>
     510:	40 91 c1 02 	lds	r20, 0x02C1	; 0x8002c1 <Trs_Meas_Time_us+0x2>
     514:	50 91 c2 02 	lds	r21, 0x02C2	; 0x8002c2 <Trs_Meas_Time_us+0x3>
     518:	0e 94 3c 46 	call	0x8c78	; 0x8c78 <__cmpsf2>
     51c:	18 16       	cp	r1, r24
     51e:	84 f0       	brlt	.+32     	; 0x540 <PV_TRANS_MEAS+0xe8>
     520:	80 91 bf 02 	lds	r24, 0x02BF	; 0x8002bf <Trs_Meas_Time_us>
     524:	90 91 c0 02 	lds	r25, 0x02C0	; 0x8002c0 <Trs_Meas_Time_us+0x1>
     528:	a0 91 c1 02 	lds	r26, 0x02C1	; 0x8002c1 <Trs_Meas_Time_us+0x2>
     52c:	b0 91 c2 02 	lds	r27, 0x02C2	; 0x8002c2 <Trs_Meas_Time_us+0x3>
     530:	80 93 ba 02 	sts	0x02BA, r24	; 0x8002ba <Trs_Delay_us>
     534:	90 93 bb 02 	sts	0x02BB, r25	; 0x8002bb <Trs_Delay_us+0x1>
     538:	a0 93 bc 02 	sts	0x02BC, r26	; 0x8002bc <Trs_Delay_us+0x2>
     53c:	b0 93 bd 02 	sts	0x02BD, r27	; 0x8002bd <Trs_Delay_us+0x3>
     540:	60 91 ba 02 	lds	r22, 0x02BA	; 0x8002ba <Trs_Delay_us>
     544:	70 91 bb 02 	lds	r23, 0x02BB	; 0x8002bb <Trs_Delay_us+0x1>
     548:	80 91 bc 02 	lds	r24, 0x02BC	; 0x8002bc <Trs_Delay_us+0x2>
     54c:	90 91 bd 02 	lds	r25, 0x02BD	; 0x8002bd <Trs_Delay_us+0x3>
     550:	20 91 bf 02 	lds	r18, 0x02BF	; 0x8002bf <Trs_Meas_Time_us>
     554:	30 91 c0 02 	lds	r19, 0x02C0	; 0x8002c0 <Trs_Meas_Time_us+0x1>
     558:	40 91 c1 02 	lds	r20, 0x02C1	; 0x8002c1 <Trs_Meas_Time_us+0x2>
     55c:	50 91 c2 02 	lds	r21, 0x02C2	; 0x8002c2 <Trs_Meas_Time_us+0x3>
     560:	80 90 ac 02 	lds	r8, 0x02AC	; 0x8002ac <Trs_Delay_Res_us>
     564:	90 90 ad 02 	lds	r9, 0x02AD	; 0x8002ad <Trs_Delay_Res_us+0x1>
     568:	a0 90 ae 02 	lds	r10, 0x02AE	; 0x8002ae <Trs_Delay_Res_us+0x2>
     56c:	b0 90 af 02 	lds	r11, 0x02AF	; 0x8002af <Trs_Delay_Res_us+0x3>
     570:	0e 94 d7 45 	call	0x8bae	; 0x8bae <__subsf3>
     574:	a5 01       	movw	r20, r10
     576:	94 01       	movw	r18, r8
     578:	0e 94 40 46 	call	0x8c80	; 0x8c80 <__divsf3>
     57c:	0e 94 fd 48 	call	0x91fa	; 0x91fa <round>
     580:	0e 94 de 46 	call	0x8dbc	; 0x8dbc <__fixunssfsi>
     584:	69 83       	std	Y+1, r22	; 0x01
     586:	37 2e       	mov	r3, r23
     588:	80 91 e4 14 	lds	r24, 0x14E4	; 0x8014e4 <Range_Status_A>
     58c:	80 fd       	sbrc	r24, 0
     58e:	2d c0       	rjmp	.+90     	; 0x5ea <PV_TRANS_MEAS+0x192>
     590:	10 92 28 15 	sts	0x1528, r1	; 0x801528 <Range_Volt_Switch_Freq_Counter+0x1>
     594:	10 92 27 15 	sts	0x1527, r1	; 0x801527 <Range_Volt_Switch_Freq_Counter>
     598:	60 91 4e 14 	lds	r22, 0x144E	; 0x80144e <PV_Volt_Setpoint>
     59c:	70 91 4f 14 	lds	r23, 0x144F	; 0x80144f <PV_Volt_Setpoint+0x1>
     5a0:	80 91 50 14 	lds	r24, 0x1450	; 0x801450 <PV_Volt_Setpoint+0x2>
     5a4:	90 91 51 14 	lds	r25, 0x1451	; 0x801451 <PV_Volt_Setpoint+0x3>
     5a8:	20 91 b0 06 	lds	r18, 0x06B0	; 0x8006b0 <PV_Volt_Trs>
     5ac:	30 91 b1 06 	lds	r19, 0x06B1	; 0x8006b1 <PV_Volt_Trs+0x1>
     5b0:	40 91 b2 06 	lds	r20, 0x06B2	; 0x8006b2 <PV_Volt_Trs+0x2>
     5b4:	50 91 b3 06 	lds	r21, 0x06B3	; 0x8006b3 <PV_Volt_Trs+0x3>
     5b8:	0e 94 e1 47 	call	0x8fc2	; 0x8fc2 <__gesf2>
     5bc:	18 16       	cp	r1, r24
     5be:	4c f4       	brge	.+18     	; 0x5d2 <PV_TRANS_MEAS+0x17a>
     5c0:	60 91 4e 14 	lds	r22, 0x144E	; 0x80144e <PV_Volt_Setpoint>
     5c4:	70 91 4f 14 	lds	r23, 0x144F	; 0x80144f <PV_Volt_Setpoint+0x1>
     5c8:	80 91 50 14 	lds	r24, 0x1450	; 0x801450 <PV_Volt_Setpoint+0x2>
     5cc:	90 91 51 14 	lds	r25, 0x1451	; 0x801451 <PV_Volt_Setpoint+0x3>
     5d0:	08 c0       	rjmp	.+16     	; 0x5e2 <PV_TRANS_MEAS+0x18a>
     5d2:	60 91 b0 06 	lds	r22, 0x06B0	; 0x8006b0 <PV_Volt_Trs>
     5d6:	70 91 b1 06 	lds	r23, 0x06B1	; 0x8006b1 <PV_Volt_Trs+0x1>
     5da:	80 91 b2 06 	lds	r24, 0x06B2	; 0x8006b2 <PV_Volt_Trs+0x2>
     5de:	90 91 b3 06 	lds	r25, 0x06B3	; 0x8006b3 <PV_Volt_Trs+0x3>
     5e2:	0e 94 21 3c 	call	0x7842	; 0x7842 <Get_Best_Voltage_Range_From_Value>
     5e6:	0e 94 5d 3f 	call	0x7eba	; 0x7eba <SET_VOLTAGE_RANGE>
     5ea:	80 91 e4 14 	lds	r24, 0x14E4	; 0x8014e4 <Range_Status_A>
     5ee:	81 ff       	sbrs	r24, 1
     5f0:	cb de       	rcall	.-618    	; 0x388 <IV_MEAS__Get_Curr_Optimum_Range>
     5f2:	60 91 4e 14 	lds	r22, 0x144E	; 0x80144e <PV_Volt_Setpoint>
     5f6:	70 91 4f 14 	lds	r23, 0x144F	; 0x80144f <PV_Volt_Setpoint+0x1>
     5fa:	80 91 50 14 	lds	r24, 0x1450	; 0x801450 <PV_Volt_Setpoint+0x2>
     5fe:	90 91 51 14 	lds	r25, 0x1451	; 0x801451 <PV_Volt_Setpoint+0x3>
     602:	0e 94 be 2d 	call	0x5b7c	; 0x5b7c <Set_DAC_Output_Volts>
     606:	13 98       	cbi	0x02, 3	; 2
     608:	12 98       	cbi	0x02, 2	; 2
     60a:	11 98       	cbi	0x02, 1	; 2
     60c:	80 91 b7 02 	lds	r24, 0x02B7	; 0x8002b7 <IV_Setup_Signal_Set_Time>
     610:	90 91 b8 02 	lds	r25, 0x02B8	; 0x8002b8 <IV_Setup_Signal_Set_Time+0x1>
     614:	a8 95       	wdr
     616:	00 97       	sbiw	r24, 0x00	; 0
     618:	49 f0       	breq	.+18     	; 0x62c <PV_TRANS_MEAS+0x1d4>
     61a:	ef e9       	ldi	r30, 0x9F	; 159
     61c:	ff e0       	ldi	r31, 0x0F	; 15
     61e:	31 97       	sbiw	r30, 0x01	; 1
     620:	f1 f7       	brne	.-4      	; 0x61e <PV_TRANS_MEAS+0x1c6>
     622:	00 c0       	rjmp	.+0      	; 0x624 <PV_TRANS_MEAS+0x1cc>
     624:	00 00       	nop
     626:	a8 95       	wdr
     628:	01 97       	sbiw	r24, 0x01	; 1
     62a:	f5 cf       	rjmp	.-22     	; 0x616 <PV_TRANS_MEAS+0x1be>
     62c:	20 90 af 06 	lds	r2, 0x06AF	; 0x8006af <IV_Meas_Points>
     630:	60 91 b0 06 	lds	r22, 0x06B0	; 0x8006b0 <PV_Volt_Trs>
     634:	70 91 b1 06 	lds	r23, 0x06B1	; 0x8006b1 <PV_Volt_Trs+0x1>
     638:	80 91 b2 06 	lds	r24, 0x06B2	; 0x8006b2 <PV_Volt_Trs+0x2>
     63c:	90 91 b3 06 	lds	r25, 0x06B3	; 0x8006b3 <PV_Volt_Trs+0x3>
     640:	0e 94 be 2d 	call	0x5b7c	; 0x5b7c <Set_DAC_Output_Volts>
     644:	57 01       	movw	r10, r14
     646:	87 01       	movw	r16, r14
     648:	22 20       	and	r2, r2
     64a:	71 f0       	breq	.+28     	; 0x668 <PV_TRANS_MEAS+0x210>
     64c:	0e 94 56 29 	call	0x52ac	; 0x52ac <ADC_Convert_MAX11163>
     650:	f8 01       	movw	r30, r16
     652:	81 93       	st	Z+, r24
     654:	91 93       	st	Z+, r25
     656:	8f 01       	movw	r16, r30
     658:	2a 94       	dec	r2
     65a:	89 81       	ldd	r24, Y+1	; 0x01
     65c:	93 2d       	mov	r25, r3
     65e:	00 97       	sbiw	r24, 0x00	; 0
     660:	99 f3       	breq	.-26     	; 0x648 <PV_TRANS_MEAS+0x1f0>
     662:	01 97       	sbiw	r24, 0x01	; 1
     664:	00 00       	nop
     666:	fb cf       	rjmp	.-10     	; 0x65e <PV_TRANS_MEAS+0x206>
     668:	20 90 af 06 	lds	r2, 0x06AF	; 0x8006af <IV_Meas_Points>
     66c:	22 20       	and	r2, r2
     66e:	d1 f0       	breq	.+52     	; 0x6a4 <PV_TRANS_MEAS+0x24c>
     670:	2a 94       	dec	r2
     672:	02 2d       	mov	r16, r2
     674:	10 e0       	ldi	r17, 0x00	; 0
     676:	f8 01       	movw	r30, r16
     678:	ee 0f       	add	r30, r30
     67a:	ff 1f       	adc	r31, r31
     67c:	ee 0d       	add	r30, r14
     67e:	ff 1d       	adc	r31, r15
     680:	60 81       	ld	r22, Z
     682:	71 81       	ldd	r23, Z+1	; 0x01
     684:	80 e0       	ldi	r24, 0x00	; 0
     686:	90 e0       	ldi	r25, 0x00	; 0
     688:	0e 94 0a 47 	call	0x8e14	; 0x8e14 <__floatunsisf>
     68c:	00 0f       	add	r16, r16
     68e:	11 1f       	adc	r17, r17
     690:	00 0f       	add	r16, r16
     692:	11 1f       	adc	r17, r17
     694:	f8 01       	movw	r30, r16
     696:	eb 55       	subi	r30, 0x5B	; 91
     698:	f5 4f       	sbci	r31, 0xF5	; 245
     69a:	60 83       	st	Z, r22
     69c:	71 83       	std	Z+1, r23	; 0x01
     69e:	82 83       	std	Z+2, r24	; 0x02
     6a0:	93 83       	std	Z+3, r25	; 0x03
     6a2:	e4 cf       	rjmp	.-56     	; 0x66c <PV_TRANS_MEAS+0x214>
     6a4:	60 91 4e 14 	lds	r22, 0x144E	; 0x80144e <PV_Volt_Setpoint>
     6a8:	70 91 4f 14 	lds	r23, 0x144F	; 0x80144f <PV_Volt_Setpoint+0x1>
     6ac:	80 91 50 14 	lds	r24, 0x1450	; 0x801450 <PV_Volt_Setpoint+0x2>
     6b0:	90 91 51 14 	lds	r25, 0x1451	; 0x801451 <PV_Volt_Setpoint+0x3>
     6b4:	0e 94 be 2d 	call	0x5b7c	; 0x5b7c <Set_DAC_Output_Volts>
     6b8:	13 9a       	sbi	0x02, 3	; 2
     6ba:	12 98       	cbi	0x02, 2	; 2
     6bc:	11 98       	cbi	0x02, 1	; 2
     6be:	80 91 b7 02 	lds	r24, 0x02B7	; 0x8002b7 <IV_Setup_Signal_Set_Time>
     6c2:	90 91 b8 02 	lds	r25, 0x02B8	; 0x8002b8 <IV_Setup_Signal_Set_Time+0x1>
     6c6:	a8 95       	wdr
     6c8:	00 97       	sbiw	r24, 0x00	; 0
     6ca:	49 f0       	breq	.+18     	; 0x6de <PV_TRANS_MEAS+0x286>
     6cc:	ef e9       	ldi	r30, 0x9F	; 159
     6ce:	ff e0       	ldi	r31, 0x0F	; 15
     6d0:	31 97       	sbiw	r30, 0x01	; 1
     6d2:	f1 f7       	brne	.-4      	; 0x6d0 <PV_TRANS_MEAS+0x278>
     6d4:	00 c0       	rjmp	.+0      	; 0x6d6 <PV_TRANS_MEAS+0x27e>
     6d6:	00 00       	nop
     6d8:	a8 95       	wdr
     6da:	01 97       	sbiw	r24, 0x01	; 1
     6dc:	f5 cf       	rjmp	.-22     	; 0x6c8 <PV_TRANS_MEAS+0x270>
     6de:	10 91 af 06 	lds	r17, 0x06AF	; 0x8006af <IV_Meas_Points>
     6e2:	60 91 b0 06 	lds	r22, 0x06B0	; 0x8006b0 <PV_Volt_Trs>
     6e6:	70 91 b1 06 	lds	r23, 0x06B1	; 0x8006b1 <PV_Volt_Trs+0x1>
     6ea:	80 91 b2 06 	lds	r24, 0x06B2	; 0x8006b2 <PV_Volt_Trs+0x2>
     6ee:	90 91 b3 06 	lds	r25, 0x06B3	; 0x8006b3 <PV_Volt_Trs+0x3>
     6f2:	0e 94 be 2d 	call	0x5b7c	; 0x5b7c <Set_DAC_Output_Volts>
     6f6:	11 23       	and	r17, r17
     6f8:	71 f0       	breq	.+28     	; 0x716 <PV_TRANS_MEAS+0x2be>
     6fa:	0e 94 56 29 	call	0x52ac	; 0x52ac <ADC_Convert_MAX11163>
     6fe:	f5 01       	movw	r30, r10
     700:	81 93       	st	Z+, r24
     702:	91 93       	st	Z+, r25
     704:	5f 01       	movw	r10, r30
     706:	11 50       	subi	r17, 0x01	; 1
     708:	89 81       	ldd	r24, Y+1	; 0x01
     70a:	93 2d       	mov	r25, r3
     70c:	00 97       	sbiw	r24, 0x00	; 0
     70e:	99 f3       	breq	.-26     	; 0x6f6 <PV_TRANS_MEAS+0x29e>
     710:	01 97       	sbiw	r24, 0x01	; 1
     712:	00 00       	nop
     714:	fb cf       	rjmp	.-10     	; 0x70c <PV_TRANS_MEAS+0x2b4>
     716:	b0 90 af 06 	lds	r11, 0x06AF	; 0x8006af <IV_Meas_Points>
     71a:	bb 20       	and	r11, r11
     71c:	d1 f0       	breq	.+52     	; 0x752 <PV_TRANS_MEAS+0x2fa>
     71e:	ba 94       	dec	r11
     720:	0b 2d       	mov	r16, r11
     722:	10 e0       	ldi	r17, 0x00	; 0
     724:	f8 01       	movw	r30, r16
     726:	ee 0f       	add	r30, r30
     728:	ff 1f       	adc	r31, r31
     72a:	ee 0d       	add	r30, r14
     72c:	ff 1d       	adc	r31, r15
     72e:	60 81       	ld	r22, Z
     730:	71 81       	ldd	r23, Z+1	; 0x01
     732:	80 e0       	ldi	r24, 0x00	; 0
     734:	90 e0       	ldi	r25, 0x00	; 0
     736:	0e 94 0a 47 	call	0x8e14	; 0x8e14 <__floatunsisf>
     73a:	00 0f       	add	r16, r16
     73c:	11 1f       	adc	r17, r17
     73e:	00 0f       	add	r16, r16
     740:	11 1f       	adc	r17, r17
     742:	f8 01       	movw	r30, r16
     744:	ec 54       	subi	r30, 0x4C	; 76
     746:	f9 4f       	sbci	r31, 0xF9	; 249
     748:	60 83       	st	Z, r22
     74a:	71 83       	std	Z+1, r23	; 0x01
     74c:	82 83       	std	Z+2, r24	; 0x02
     74e:	93 83       	std	Z+3, r25	; 0x03
     750:	e4 cf       	rjmp	.-56     	; 0x71a <PV_TRANS_MEAS+0x2c2>
     752:	80 91 1f 14 	lds	r24, 0x141F	; 0x80141f <SysControl>
     756:	8b 7f       	andi	r24, 0xFB	; 251
     758:	80 93 1f 14 	sts	0x141F, r24	; 0x80141f <SysControl>
     75c:	80 91 1e 14 	lds	r24, 0x141E	; 0x80141e <SysStatus_B>
     760:	82 60       	ori	r24, 0x02	; 2
     762:	80 93 1e 14 	sts	0x141E, r24	; 0x80141e <SysStatus_B>
     766:	60 91 8f 14 	lds	r22, 0x148F	; 0x80148f <PV_Volt_DAC_ACT>
     76a:	70 91 90 14 	lds	r23, 0x1490	; 0x801490 <PV_Volt_DAC_ACT+0x1>
     76e:	80 91 91 14 	lds	r24, 0x1491	; 0x801491 <PV_Volt_DAC_ACT+0x2>
     772:	90 91 92 14 	lds	r25, 0x1492	; 0x801492 <PV_Volt_DAC_ACT+0x3>
     776:	0e 94 be 2d 	call	0x5b7c	; 0x5b7c <Set_DAC_Output_Volts>
     77a:	80 91 54 15 	lds	r24, 0x1554	; 0x801554 <Range_Curr_ID_Act>
     77e:	c8 16       	cp	r12, r24
     780:	39 f0       	breq	.+14     	; 0x790 <PV_TRANS_MEAS+0x338>
     782:	10 92 e3 14 	sts	0x14E3, r1	; 0x8014e3 <Range_Curr_Switch_Freq_Counter+0x1>
     786:	10 92 e2 14 	sts	0x14E2, r1	; 0x8014e2 <Range_Curr_Switch_Freq_Counter>
     78a:	8c 2d       	mov	r24, r12
     78c:	0e 94 5b 40 	call	0x80b6	; 0x80b6 <SET_CURRENT_RANGE>
     790:	80 91 dd 14 	lds	r24, 0x14DD	; 0x8014dd <Range_Volt_ID_Act>
     794:	d8 16       	cp	r13, r24
     796:	39 f0       	breq	.+14     	; 0x7a6 <PV_TRANS_MEAS+0x34e>
     798:	10 92 28 15 	sts	0x1528, r1	; 0x801528 <Range_Volt_Switch_Freq_Counter+0x1>
     79c:	10 92 27 15 	sts	0x1527, r1	; 0x801527 <Range_Volt_Switch_Freq_Counter>
     7a0:	8d 2d       	mov	r24, r13
     7a2:	0e 94 5d 3f 	call	0x7eba	; 0x7eba <SET_VOLTAGE_RANGE>
     7a6:	c3 01       	movw	r24, r6
     7a8:	b2 01       	movw	r22, r4
     7aa:	0e 94 be 2d 	call	0x5b7c	; 0x5b7c <Set_DAC_Output_Volts>
     7ae:	13 98       	cbi	0x02, 3	; 2
     7b0:	12 98       	cbi	0x02, 2	; 2
     7b2:	11 98       	cbi	0x02, 1	; 2
     7b4:	80 91 b7 02 	lds	r24, 0x02B7	; 0x8002b7 <IV_Setup_Signal_Set_Time>
     7b8:	90 91 b8 02 	lds	r25, 0x02B8	; 0x8002b8 <IV_Setup_Signal_Set_Time+0x1>
     7bc:	a8 95       	wdr
     7be:	00 97       	sbiw	r24, 0x00	; 0
     7c0:	49 f0       	breq	.+18     	; 0x7d4 <PV_TRANS_MEAS+0x37c>
     7c2:	ef e9       	ldi	r30, 0x9F	; 159
     7c4:	ff e0       	ldi	r31, 0x0F	; 15
     7c6:	31 97       	sbiw	r30, 0x01	; 1
     7c8:	f1 f7       	brne	.-4      	; 0x7c6 <PV_TRANS_MEAS+0x36e>
     7ca:	00 c0       	rjmp	.+0      	; 0x7cc <PV_TRANS_MEAS+0x374>
     7cc:	00 00       	nop
     7ce:	a8 95       	wdr
     7d0:	01 97       	sbiw	r24, 0x01	; 1
     7d2:	f5 cf       	rjmp	.-22     	; 0x7be <PV_TRANS_MEAS+0x366>
     7d4:	80 91 1e 14 	lds	r24, 0x141E	; 0x80141e <SysStatus_B>
     7d8:	8e 7f       	andi	r24, 0xFE	; 254
     7da:	80 93 1e 14 	sts	0x141E, r24	; 0x80141e <SysStatus_B>
     7de:	80 91 29 14 	lds	r24, 0x1429	; 0x801429 <Timer_CTR>
     7e2:	8e 7f       	andi	r24, 0xFE	; 254
     7e4:	80 93 29 14 	sts	0x1429, r24	; 0x801429 <Timer_CTR>
     7e8:	2a 81       	ldd	r18, Y+2	; 0x02
     7ea:	3b 81       	ldd	r19, Y+3	; 0x03
     7ec:	0f b6       	in	r0, 0x3f	; 63
     7ee:	f8 94       	cli
     7f0:	3e bf       	out	0x3e, r19	; 62
     7f2:	0f be       	out	0x3f, r0	; 63
     7f4:	2d bf       	out	0x3d, r18	; 61
     7f6:	0f 90       	pop	r0
     7f8:	0f 90       	pop	r0
     7fa:	0f 90       	pop	r0
     7fc:	df 91       	pop	r29
     7fe:	cf 91       	pop	r28
     800:	1f 91       	pop	r17
     802:	0f 91       	pop	r16
     804:	ff 90       	pop	r15
     806:	ef 90       	pop	r14
     808:	df 90       	pop	r13
     80a:	cf 90       	pop	r12
     80c:	bf 90       	pop	r11
     80e:	af 90       	pop	r10
     810:	9f 90       	pop	r9
     812:	8f 90       	pop	r8
     814:	7f 90       	pop	r7
     816:	6f 90       	pop	r6
     818:	5f 90       	pop	r5
     81a:	4f 90       	pop	r4
     81c:	3f 90       	pop	r3
     81e:	2f 90       	pop	r2
     820:	08 95       	ret

00000822 <IV_MEAS__Meas_Curr_Volt_Point>:
     822:	4f 92       	push	r4
     824:	5f 92       	push	r5
     826:	6f 92       	push	r6
     828:	7f 92       	push	r7
     82a:	8f 92       	push	r8
     82c:	9f 92       	push	r9
     82e:	af 92       	push	r10
     830:	bf 92       	push	r11
     832:	cf 92       	push	r12
     834:	df 92       	push	r13
     836:	ef 92       	push	r14
     838:	ff 92       	push	r15
     83a:	cf 93       	push	r28
     83c:	df 93       	push	r29
     83e:	cd b7       	in	r28, 0x3d	; 61
     840:	de b7       	in	r29, 0x3e	; 62
     842:	2c 97       	sbiw	r28, 0x0c	; 12
     844:	0f b6       	in	r0, 0x3f	; 63
     846:	f8 94       	cli
     848:	de bf       	out	0x3e, r29	; 62
     84a:	0f be       	out	0x3f, r0	; 63
     84c:	cd bf       	out	0x3d, r28	; 61
     84e:	69 87       	std	Y+9, r22	; 0x09
     850:	7a 87       	std	Y+10, r23	; 0x0a
     852:	8b 87       	std	Y+11, r24	; 0x0b
     854:	9c 87       	std	Y+12, r25	; 0x0c
     856:	29 01       	movw	r4, r18
     858:	3a 01       	movw	r6, r20
     85a:	80 91 b9 02 	lds	r24, 0x02B9	; 0x8002b9 <IV_Point_Meas_Nu_AVR_Sets>
     85e:	89 83       	std	Y+1, r24	; 0x01
     860:	81 2c       	mov	r8, r1
     862:	91 2c       	mov	r9, r1
     864:	54 01       	movw	r10, r8
     866:	c1 2c       	mov	r12, r1
     868:	d1 2c       	mov	r13, r1
     86a:	76 01       	movw	r14, r12
     86c:	a9 81       	ldd	r26, Y+1	; 0x01
     86e:	aa 23       	and	r26, r26
     870:	09 f4       	brne	.+2      	; 0x874 <IV_MEAS__Meas_Curr_Volt_Point+0x52>
     872:	4a c0       	rjmp	.+148    	; 0x908 <IV_MEAS__Meas_Curr_Volt_Point+0xe6>
     874:	13 98       	cbi	0x02, 3	; 2
     876:	12 98       	cbi	0x02, 2	; 2
     878:	11 98       	cbi	0x02, 1	; 2
     87a:	af e8       	ldi	r26, 0x8F	; 143
     87c:	b1 e0       	ldi	r27, 0x01	; 1
     87e:	11 97       	sbiw	r26, 0x01	; 1
     880:	f1 f7       	brne	.-4      	; 0x87e <IV_MEAS__Meas_Curr_Volt_Point+0x5c>
     882:	00 c0       	rjmp	.+0      	; 0x884 <IV_MEAS__Meas_Curr_Volt_Point+0x62>
     884:	00 00       	nop
     886:	80 91 aa 02 	lds	r24, 0x02AA	; 0x8002aa <IV_Point_Meas_Nu_AVR_VoltCurr>
     88a:	90 e0       	ldi	r25, 0x00	; 0
     88c:	0e 94 99 29 	call	0x5332	; 0x5332 <ADC_Convert_Avr_OLUL_MAX11163>
     890:	c6 0e       	add	r12, r22
     892:	d7 1e       	adc	r13, r23
     894:	e8 1e       	adc	r14, r24
     896:	f9 1e       	adc	r15, r25
     898:	80 91 fb 13 	lds	r24, 0x13FB	; 0x8013fb <AI_Under_Load>
     89c:	88 23       	and	r24, r24
     89e:	21 f0       	breq	.+8      	; 0x8a8 <IV_MEAS__Meas_Curr_Volt_Point+0x86>
     8a0:	80 91 ab 02 	lds	r24, 0x02AB	; 0x8002ab <IV_Report>
     8a4:	80 62       	ori	r24, 0x20	; 32
     8a6:	07 c0       	rjmp	.+14     	; 0x8b6 <IV_MEAS__Meas_Curr_Volt_Point+0x94>
     8a8:	80 91 8a 10 	lds	r24, 0x108A	; 0x80108a <AI_Over_Load>
     8ac:	88 23       	and	r24, r24
     8ae:	29 f0       	breq	.+10     	; 0x8ba <IV_MEAS__Meas_Curr_Volt_Point+0x98>
     8b0:	80 91 ab 02 	lds	r24, 0x02AB	; 0x8002ab <IV_Report>
     8b4:	80 61       	ori	r24, 0x10	; 16
     8b6:	80 93 ab 02 	sts	0x02AB, r24	; 0x8002ab <IV_Report>
     8ba:	13 9a       	sbi	0x02, 3	; 2
     8bc:	12 98       	cbi	0x02, 2	; 2
     8be:	11 98       	cbi	0x02, 1	; 2
     8c0:	8f e8       	ldi	r24, 0x8F	; 143
     8c2:	91 e0       	ldi	r25, 0x01	; 1
     8c4:	01 97       	sbiw	r24, 0x01	; 1
     8c6:	f1 f7       	brne	.-4      	; 0x8c4 <IV_MEAS__Meas_Curr_Volt_Point+0xa2>
     8c8:	00 c0       	rjmp	.+0      	; 0x8ca <IV_MEAS__Meas_Curr_Volt_Point+0xa8>
     8ca:	00 00       	nop
     8cc:	80 91 aa 02 	lds	r24, 0x02AA	; 0x8002aa <IV_Point_Meas_Nu_AVR_VoltCurr>
     8d0:	90 e0       	ldi	r25, 0x00	; 0
     8d2:	0e 94 99 29 	call	0x5332	; 0x5332 <ADC_Convert_Avr_OLUL_MAX11163>
     8d6:	86 0e       	add	r8, r22
     8d8:	97 1e       	adc	r9, r23
     8da:	a8 1e       	adc	r10, r24
     8dc:	b9 1e       	adc	r11, r25
     8de:	80 91 fb 13 	lds	r24, 0x13FB	; 0x8013fb <AI_Under_Load>
     8e2:	88 23       	and	r24, r24
     8e4:	21 f0       	breq	.+8      	; 0x8ee <IV_MEAS__Meas_Curr_Volt_Point+0xcc>
     8e6:	80 91 ab 02 	lds	r24, 0x02AB	; 0x8002ab <IV_Report>
     8ea:	80 68       	ori	r24, 0x80	; 128
     8ec:	07 c0       	rjmp	.+14     	; 0x8fc <IV_MEAS__Meas_Curr_Volt_Point+0xda>
     8ee:	80 91 8a 10 	lds	r24, 0x108A	; 0x80108a <AI_Over_Load>
     8f2:	88 23       	and	r24, r24
     8f4:	29 f0       	breq	.+10     	; 0x900 <IV_MEAS__Meas_Curr_Volt_Point+0xde>
     8f6:	80 91 ab 02 	lds	r24, 0x02AB	; 0x8002ab <IV_Report>
     8fa:	80 64       	ori	r24, 0x40	; 64
     8fc:	80 93 ab 02 	sts	0x02AB, r24	; 0x8002ab <IV_Report>
     900:	99 81       	ldd	r25, Y+1	; 0x01
     902:	91 50       	subi	r25, 0x01	; 1
     904:	99 83       	std	Y+1, r25	; 0x01
     906:	b2 cf       	rjmp	.-156    	; 0x86c <IV_MEAS__Meas_Curr_Volt_Point+0x4a>
     908:	80 91 be 02 	lds	r24, 0x02BE	; 0x8002be <IV_Mode>
     90c:	81 ff       	sbrs	r24, 1
     90e:	23 c0       	rjmp	.+70     	; 0x956 <IV_MEAS__Meas_Curr_Volt_Point+0x134>
     910:	13 98       	cbi	0x02, 3	; 2
     912:	12 98       	cbi	0x02, 2	; 2
     914:	11 98       	cbi	0x02, 1	; 2
     916:	8f e8       	ldi	r24, 0x8F	; 143
     918:	91 e0       	ldi	r25, 0x01	; 1
     91a:	01 97       	sbiw	r24, 0x01	; 1
     91c:	f1 f7       	brne	.-4      	; 0x91a <IV_MEAS__Meas_Curr_Volt_Point+0xf8>
     91e:	00 c0       	rjmp	.+0      	; 0x920 <IV_MEAS__Meas_Curr_Volt_Point+0xfe>
     920:	00 00       	nop
     922:	80 91 aa 02 	lds	r24, 0x02AA	; 0x8002aa <IV_Point_Meas_Nu_AVR_VoltCurr>
     926:	90 e0       	ldi	r25, 0x00	; 0
     928:	0e 94 99 29 	call	0x5332	; 0x5332 <ADC_Convert_Avr_OLUL_MAX11163>
     92c:	c6 0e       	add	r12, r22
     92e:	d7 1e       	adc	r13, r23
     930:	e8 1e       	adc	r14, r24
     932:	f9 1e       	adc	r15, r25
     934:	80 91 fb 13 	lds	r24, 0x13FB	; 0x8013fb <AI_Under_Load>
     938:	88 23       	and	r24, r24
     93a:	21 f0       	breq	.+8      	; 0x944 <IV_MEAS__Meas_Curr_Volt_Point+0x122>
     93c:	80 91 e4 14 	lds	r24, 0x14E4	; 0x8014e4 <Range_Status_A>
     940:	80 62       	ori	r24, 0x20	; 32
     942:	07 c0       	rjmp	.+14     	; 0x952 <IV_MEAS__Meas_Curr_Volt_Point+0x130>
     944:	80 91 8a 10 	lds	r24, 0x108A	; 0x80108a <AI_Over_Load>
     948:	88 23       	and	r24, r24
     94a:	29 f0       	breq	.+10     	; 0x956 <IV_MEAS__Meas_Curr_Volt_Point+0x134>
     94c:	80 91 e4 14 	lds	r24, 0x14E4	; 0x8014e4 <Range_Status_A>
     950:	80 61       	ori	r24, 0x10	; 16
     952:	80 93 e4 14 	sts	0x14E4, r24	; 0x8014e4 <Range_Status_A>
     956:	80 91 5c 15 	lds	r24, 0x155C	; 0x80155c <AI_Volt_Offset>
     95a:	90 91 5d 15 	lds	r25, 0x155D	; 0x80155d <AI_Volt_Offset+0x1>
     95e:	a0 91 5e 15 	lds	r26, 0x155E	; 0x80155e <AI_Volt_Offset+0x2>
     962:	b0 91 5f 15 	lds	r27, 0x155F	; 0x80155f <AI_Volt_Offset+0x3>
     966:	89 83       	std	Y+1, r24	; 0x01
     968:	9a 83       	std	Y+2, r25	; 0x02
     96a:	ab 83       	std	Y+3, r26	; 0x03
     96c:	bc 83       	std	Y+4, r27	; 0x04
     96e:	80 91 0b 15 	lds	r24, 0x150B	; 0x80150b <AI_Volt_Scale>
     972:	90 91 0c 15 	lds	r25, 0x150C	; 0x80150c <AI_Volt_Scale+0x1>
     976:	a0 91 0d 15 	lds	r26, 0x150D	; 0x80150d <AI_Volt_Scale+0x2>
     97a:	b0 91 0e 15 	lds	r27, 0x150E	; 0x80150e <AI_Volt_Scale+0x3>
     97e:	8d 83       	std	Y+5, r24	; 0x05
     980:	9e 83       	std	Y+6, r25	; 0x06
     982:	af 83       	std	Y+7, r26	; 0x07
     984:	b8 87       	std	Y+8, r27	; 0x08
     986:	c7 01       	movw	r24, r14
     988:	b6 01       	movw	r22, r12
     98a:	0e 94 0a 47 	call	0x8e14	; 0x8e14 <__floatunsisf>
     98e:	29 85       	ldd	r18, Y+9	; 0x09
     990:	3a 85       	ldd	r19, Y+10	; 0x0a
     992:	4b 85       	ldd	r20, Y+11	; 0x0b
     994:	5c 85       	ldd	r21, Y+12	; 0x0c
     996:	0e 94 9a 48 	call	0x9134	; 0x9134 <__mulsf3>
     99a:	29 81       	ldd	r18, Y+1	; 0x01
     99c:	3a 81       	ldd	r19, Y+2	; 0x02
     99e:	4b 81       	ldd	r20, Y+3	; 0x03
     9a0:	5c 81       	ldd	r21, Y+4	; 0x04
     9a2:	0e 94 d8 45 	call	0x8bb0	; 0x8bb0 <__addsf3>
     9a6:	2d 81       	ldd	r18, Y+5	; 0x05
     9a8:	3e 81       	ldd	r19, Y+6	; 0x06
     9aa:	4f 81       	ldd	r20, Y+7	; 0x07
     9ac:	58 85       	ldd	r21, Y+8	; 0x08
     9ae:	0e 94 9a 48 	call	0x9134	; 0x9134 <__mulsf3>
     9b2:	60 93 8f 10 	sts	0x108F, r22	; 0x80108f <AI_Volt>
     9b6:	70 93 90 10 	sts	0x1090, r23	; 0x801090 <AI_Volt+0x1>
     9ba:	80 93 91 10 	sts	0x1091, r24	; 0x801091 <AI_Volt+0x2>
     9be:	90 93 92 10 	sts	0x1092, r25	; 0x801092 <AI_Volt+0x3>
     9c2:	c0 90 d8 14 	lds	r12, 0x14D8	; 0x8014d8 <AI_Curr_Offset>
     9c6:	d0 90 d9 14 	lds	r13, 0x14D9	; 0x8014d9 <AI_Curr_Offset+0x1>
     9ca:	e0 90 da 14 	lds	r14, 0x14DA	; 0x8014da <AI_Curr_Offset+0x2>
     9ce:	f0 90 db 14 	lds	r15, 0x14DB	; 0x8014db <AI_Curr_Offset+0x3>
     9d2:	80 91 d4 14 	lds	r24, 0x14D4	; 0x8014d4 <AI_Curr_Scale>
     9d6:	90 91 d5 14 	lds	r25, 0x14D5	; 0x8014d5 <AI_Curr_Scale+0x1>
     9da:	a0 91 d6 14 	lds	r26, 0x14D6	; 0x8014d6 <AI_Curr_Scale+0x2>
     9de:	b0 91 d7 14 	lds	r27, 0x14D7	; 0x8014d7 <AI_Curr_Scale+0x3>
     9e2:	89 83       	std	Y+1, r24	; 0x01
     9e4:	9a 83       	std	Y+2, r25	; 0x02
     9e6:	ab 83       	std	Y+3, r26	; 0x03
     9e8:	bc 83       	std	Y+4, r27	; 0x04
     9ea:	c5 01       	movw	r24, r10
     9ec:	b4 01       	movw	r22, r8
     9ee:	0e 94 0a 47 	call	0x8e14	; 0x8e14 <__floatunsisf>
     9f2:	a3 01       	movw	r20, r6
     9f4:	92 01       	movw	r18, r4
     9f6:	0e 94 9a 48 	call	0x9134	; 0x9134 <__mulsf3>
     9fa:	a7 01       	movw	r20, r14
     9fc:	96 01       	movw	r18, r12
     9fe:	0e 94 d8 45 	call	0x8bb0	; 0x8bb0 <__addsf3>
     a02:	29 81       	ldd	r18, Y+1	; 0x01
     a04:	3a 81       	ldd	r19, Y+2	; 0x02
     a06:	4b 81       	ldd	r20, Y+3	; 0x03
     a08:	5c 81       	ldd	r21, Y+4	; 0x04
     a0a:	0e 94 9a 48 	call	0x9134	; 0x9134 <__mulsf3>
     a0e:	60 93 46 12 	sts	0x1246, r22	; 0x801246 <AI_Curr>
     a12:	70 93 47 12 	sts	0x1247, r23	; 0x801247 <AI_Curr+0x1>
     a16:	80 93 48 12 	sts	0x1248, r24	; 0x801248 <AI_Curr+0x2>
     a1a:	90 93 49 12 	sts	0x1249, r25	; 0x801249 <AI_Curr+0x3>
     a1e:	60 91 8f 10 	lds	r22, 0x108F	; 0x80108f <AI_Volt>
     a22:	70 91 90 10 	lds	r23, 0x1090	; 0x801090 <AI_Volt+0x1>
     a26:	80 91 91 10 	lds	r24, 0x1091	; 0x801091 <AI_Volt+0x2>
     a2a:	90 91 92 10 	lds	r25, 0x1092	; 0x801092 <AI_Volt+0x3>
     a2e:	20 91 00 15 	lds	r18, 0x1500	; 0x801500 <AI_Volt_R_Leak>
     a32:	30 91 01 15 	lds	r19, 0x1501	; 0x801501 <AI_Volt_R_Leak+0x1>
     a36:	40 91 02 15 	lds	r20, 0x1502	; 0x801502 <AI_Volt_R_Leak+0x2>
     a3a:	50 91 03 15 	lds	r21, 0x1503	; 0x801503 <AI_Volt_R_Leak+0x3>
     a3e:	c0 90 46 12 	lds	r12, 0x1246	; 0x801246 <AI_Curr>
     a42:	d0 90 47 12 	lds	r13, 0x1247	; 0x801247 <AI_Curr+0x1>
     a46:	e0 90 48 12 	lds	r14, 0x1248	; 0x801248 <AI_Curr+0x2>
     a4a:	f0 90 49 12 	lds	r15, 0x1249	; 0x801249 <AI_Curr+0x3>
     a4e:	0e 94 9a 48 	call	0x9134	; 0x9134 <__mulsf3>
     a52:	a7 01       	movw	r20, r14
     a54:	96 01       	movw	r18, r12
     a56:	0e 94 d8 45 	call	0x8bb0	; 0x8bb0 <__addsf3>
     a5a:	60 93 41 12 	sts	0x1241, r22	; 0x801241 <AI_Curr_Corr>
     a5e:	70 93 42 12 	sts	0x1242, r23	; 0x801242 <AI_Curr_Corr+0x1>
     a62:	80 93 43 12 	sts	0x1243, r24	; 0x801243 <AI_Curr_Corr+0x2>
     a66:	90 93 44 12 	sts	0x1244, r25	; 0x801244 <AI_Curr_Corr+0x3>
     a6a:	2c 96       	adiw	r28, 0x0c	; 12
     a6c:	0f b6       	in	r0, 0x3f	; 63
     a6e:	f8 94       	cli
     a70:	de bf       	out	0x3e, r29	; 62
     a72:	0f be       	out	0x3f, r0	; 63
     a74:	cd bf       	out	0x3d, r28	; 61
     a76:	df 91       	pop	r29
     a78:	cf 91       	pop	r28
     a7a:	ff 90       	pop	r15
     a7c:	ef 90       	pop	r14
     a7e:	df 90       	pop	r13
     a80:	cf 90       	pop	r12
     a82:	bf 90       	pop	r11
     a84:	af 90       	pop	r10
     a86:	9f 90       	pop	r9
     a88:	8f 90       	pop	r8
     a8a:	7f 90       	pop	r7
     a8c:	6f 90       	pop	r6
     a8e:	5f 90       	pop	r5
     a90:	4f 90       	pop	r4
     a92:	08 95       	ret

00000a94 <get_DAC_Volt_at_Pmax_from_IV>:
     a94:	5f 92       	push	r5
     a96:	6f 92       	push	r6
     a98:	7f 92       	push	r7
     a9a:	8f 92       	push	r8
     a9c:	9f 92       	push	r9
     a9e:	af 92       	push	r10
     aa0:	bf 92       	push	r11
     aa2:	cf 92       	push	r12
     aa4:	df 92       	push	r13
     aa6:	ef 92       	push	r14
     aa8:	ff 92       	push	r15
     aaa:	0f 93       	push	r16
     aac:	1f 93       	push	r17
     aae:	cf 93       	push	r28
     ab0:	df 93       	push	r29
     ab2:	c0 91 af 06 	lds	r28, 0x06AF	; 0x8006af <IV_Meas_Points>
     ab6:	d0 e0       	ldi	r29, 0x00	; 0
     ab8:	10 e0       	ldi	r17, 0x00	; 0
     aba:	00 e0       	ldi	r16, 0x00	; 0
     abc:	91 2c       	mov	r9, r1
     abe:	c1 2c       	mov	r12, r1
     ac0:	d1 2c       	mov	r13, r1
     ac2:	76 01       	movw	r14, r12
     ac4:	cc 23       	and	r28, r28
     ac6:	81 f1       	breq	.+96     	; 0xb28 <get_DAC_Volt_at_Pmax_from_IV+0x94>
     ac8:	c1 50       	subi	r28, 0x01	; 1
     aca:	84 e0       	ldi	r24, 0x04	; 4
     acc:	c8 9f       	mul	r28, r24
     ace:	90 01       	movw	r18, r0
     ad0:	11 24       	eor	r1, r1
     ad2:	f9 01       	movw	r30, r18
     ad4:	eb 55       	subi	r30, 0x5B	; 91
     ad6:	f5 4f       	sbci	r31, 0xF5	; 245
     ad8:	5f 01       	movw	r10, r30
     ada:	60 81       	ld	r22, Z
     adc:	71 81       	ldd	r23, Z+1	; 0x01
     ade:	82 81       	ldd	r24, Z+2	; 0x02
     ae0:	93 81       	ldd	r25, Z+3	; 0x03
     ae2:	f9 01       	movw	r30, r18
     ae4:	ec 54       	subi	r30, 0x4C	; 76
     ae6:	f9 4f       	sbci	r31, 0xF9	; 249
     ae8:	20 81       	ld	r18, Z
     aea:	31 81       	ldd	r19, Z+1	; 0x01
     aec:	42 81       	ldd	r20, Z+2	; 0x02
     aee:	53 81       	ldd	r21, Z+3	; 0x03
     af0:	0e 94 9a 48 	call	0x9134	; 0x9134 <__mulsf3>
     af4:	56 2e       	mov	r5, r22
     af6:	67 2e       	mov	r6, r23
     af8:	78 2e       	mov	r7, r24
     afa:	89 2e       	mov	r8, r25
     afc:	26 2f       	mov	r18, r22
     afe:	37 2f       	mov	r19, r23
     b00:	48 2f       	mov	r20, r24
     b02:	59 2f       	mov	r21, r25
     b04:	6d 2f       	mov	r22, r29
     b06:	71 2f       	mov	r23, r17
     b08:	80 2f       	mov	r24, r16
     b0a:	99 2d       	mov	r25, r9
     b0c:	0e 94 3c 46 	call	0x8c78	; 0x8c78 <__cmpsf2>
     b10:	87 ff       	sbrs	r24, 7
     b12:	d8 cf       	rjmp	.-80     	; 0xac4 <get_DAC_Volt_at_Pmax_from_IV+0x30>
     b14:	f5 01       	movw	r30, r10
     b16:	c0 80       	ld	r12, Z
     b18:	d1 80       	ldd	r13, Z+1	; 0x01
     b1a:	e2 80       	ldd	r14, Z+2	; 0x02
     b1c:	f3 80       	ldd	r15, Z+3	; 0x03
     b1e:	d5 2d       	mov	r29, r5
     b20:	16 2d       	mov	r17, r6
     b22:	07 2d       	mov	r16, r7
     b24:	98 2c       	mov	r9, r8
     b26:	ce cf       	rjmp	.-100    	; 0xac4 <get_DAC_Volt_at_Pmax_from_IV+0x30>
     b28:	c7 01       	movw	r24, r14
     b2a:	b6 01       	movw	r22, r12
     b2c:	df 91       	pop	r29
     b2e:	cf 91       	pop	r28
     b30:	1f 91       	pop	r17
     b32:	0f 91       	pop	r16
     b34:	ff 90       	pop	r15
     b36:	ef 90       	pop	r14
     b38:	df 90       	pop	r13
     b3a:	cf 90       	pop	r12
     b3c:	bf 90       	pop	r11
     b3e:	af 90       	pop	r10
     b40:	9f 90       	pop	r9
     b42:	8f 90       	pop	r8
     b44:	7f 90       	pop	r7
     b46:	6f 90       	pop	r6
     b48:	5f 90       	pop	r5
     b4a:	08 95       	ret

00000b4c <meas_NTC1_Temp_control_fan_over_Temp>:
     b4c:	cf 92       	push	r12
     b4e:	df 92       	push	r13
     b50:	ef 92       	push	r14
     b52:	ff 92       	push	r15
     b54:	13 9a       	sbi	0x02, 3	; 2
     b56:	12 98       	cbi	0x02, 2	; 2
     b58:	11 9a       	sbi	0x02, 1	; 2
     b5a:	8f e8       	ldi	r24, 0x8F	; 143
     b5c:	91 e0       	ldi	r25, 0x01	; 1
     b5e:	01 97       	sbiw	r24, 0x01	; 1
     b60:	f1 f7       	brne	.-4      	; 0xb5e <meas_NTC1_Temp_control_fan_over_Temp+0x12>
     b62:	00 c0       	rjmp	.+0      	; 0xb64 <meas_NTC1_Temp_control_fan_over_Temp+0x18>
     b64:	00 00       	nop
     b66:	84 e1       	ldi	r24, 0x14	; 20
     b68:	90 e0       	ldi	r25, 0x00	; 0
     b6a:	0e 94 6a 29 	call	0x52d4	; 0x52d4 <ADC_Convert_Avr_MAX11163>
     b6e:	13 9a       	sbi	0x02, 3	; 2
     b70:	12 9a       	sbi	0x02, 2	; 2
     b72:	11 9a       	sbi	0x02, 1	; 2
     b74:	0e 94 0a 47 	call	0x8e14	; 0x8e14 <__floatunsisf>
     b78:	2d ec       	ldi	r18, 0xCD	; 205
     b7a:	3c ec       	ldi	r19, 0xCC	; 204
     b7c:	4c e4       	ldi	r20, 0x4C	; 76
     b7e:	5d e3       	ldi	r21, 0x3D	; 61
     b80:	0e 94 9a 48 	call	0x9134	; 0x9134 <__mulsf3>
     b84:	20 91 11 14 	lds	r18, 0x1411	; 0x801411 <CAL_NTC_1_InvGain>
     b88:	30 91 12 14 	lds	r19, 0x1412	; 0x801412 <CAL_NTC_1_InvGain+0x1>
     b8c:	40 91 13 14 	lds	r20, 0x1413	; 0x801413 <CAL_NTC_1_InvGain+0x2>
     b90:	50 91 14 14 	lds	r21, 0x1414	; 0x801414 <CAL_NTC_1_InvGain+0x3>
     b94:	0e 94 9a 48 	call	0x9134	; 0x9134 <__mulsf3>
     b98:	6b 01       	movw	r12, r22
     b9a:	7c 01       	movw	r14, r24
     b9c:	9b 01       	movw	r18, r22
     b9e:	ac 01       	movw	r20, r24
     ba0:	60 e0       	ldi	r22, 0x00	; 0
     ba2:	70 e0       	ldi	r23, 0x00	; 0
     ba4:	80 e8       	ldi	r24, 0x80	; 128
     ba6:	97 e4       	ldi	r25, 0x47	; 71
     ba8:	0e 94 d7 45 	call	0x8bae	; 0x8bae <__subsf3>
     bac:	9b 01       	movw	r18, r22
     bae:	ac 01       	movw	r20, r24
     bb0:	c7 01       	movw	r24, r14
     bb2:	b6 01       	movw	r22, r12
     bb4:	0e 94 40 46 	call	0x8c80	; 0x8c80 <__divsf3>
     bb8:	20 91 04 14 	lds	r18, 0x1404	; 0x801404 <CAL_NTC_1_RSer>
     bbc:	30 91 05 14 	lds	r19, 0x1405	; 0x801405 <CAL_NTC_1_RSer+0x1>
     bc0:	40 91 06 14 	lds	r20, 0x1406	; 0x801406 <CAL_NTC_1_RSer+0x2>
     bc4:	50 91 07 14 	lds	r21, 0x1407	; 0x801407 <CAL_NTC_1_RSer+0x3>
     bc8:	c0 90 86 10 	lds	r12, 0x1086	; 0x801086 <CAL_NTC_1_InvR25>
     bcc:	d0 90 87 10 	lds	r13, 0x1087	; 0x801087 <CAL_NTC_1_InvR25+0x1>
     bd0:	e0 90 88 10 	lds	r14, 0x1088	; 0x801088 <CAL_NTC_1_InvR25+0x2>
     bd4:	f0 90 89 10 	lds	r15, 0x1089	; 0x801089 <CAL_NTC_1_InvR25+0x3>
     bd8:	0e 94 9a 48 	call	0x9134	; 0x9134 <__mulsf3>
     bdc:	a7 01       	movw	r20, r14
     bde:	96 01       	movw	r18, r12
     be0:	0e 94 9a 48 	call	0x9134	; 0x9134 <__mulsf3>
     be4:	0e 94 27 48 	call	0x904e	; 0x904e <log>
     be8:	20 91 fc 13 	lds	r18, 0x13FC	; 0x8013fc <CAL_NTC_1_InvBeta>
     bec:	30 91 fd 13 	lds	r19, 0x13FD	; 0x8013fd <CAL_NTC_1_InvBeta+0x1>
     bf0:	40 91 fe 13 	lds	r20, 0x13FE	; 0x8013fe <CAL_NTC_1_InvBeta+0x2>
     bf4:	50 91 ff 13 	lds	r21, 0x13FF	; 0x8013ff <CAL_NTC_1_InvBeta+0x3>
     bf8:	0e 94 9a 48 	call	0x9134	; 0x9134 <__mulsf3>
     bfc:	2e e1       	ldi	r18, 0x1E	; 30
     bfe:	3f ec       	ldi	r19, 0xCF	; 207
     c00:	4b e5       	ldi	r20, 0x5B	; 91
     c02:	5b e3       	ldi	r21, 0x3B	; 59
     c04:	0e 94 d8 45 	call	0x8bb0	; 0x8bb0 <__addsf3>
     c08:	9b 01       	movw	r18, r22
     c0a:	ac 01       	movw	r20, r24
     c0c:	60 e0       	ldi	r22, 0x00	; 0
     c0e:	70 e0       	ldi	r23, 0x00	; 0
     c10:	80 e8       	ldi	r24, 0x80	; 128
     c12:	9f e3       	ldi	r25, 0x3F	; 63
     c14:	0e 94 40 46 	call	0x8c80	; 0x8c80 <__divsf3>
     c18:	23 e3       	ldi	r18, 0x33	; 51
     c1a:	33 e9       	ldi	r19, 0x93	; 147
     c1c:	48 e8       	ldi	r20, 0x88	; 136
     c1e:	53 e4       	ldi	r21, 0x43	; 67
     c20:	0e 94 d7 45 	call	0x8bae	; 0x8bae <__subsf3>
     c24:	60 93 9f 10 	sts	0x109F, r22	; 0x80109f <AI_NTC_Temp_1>
     c28:	70 93 a0 10 	sts	0x10A0, r23	; 0x8010a0 <AI_NTC_Temp_1+0x1>
     c2c:	80 93 a1 10 	sts	0x10A1, r24	; 0x8010a1 <AI_NTC_Temp_1+0x2>
     c30:	90 93 a2 10 	sts	0x10A2, r25	; 0x8010a2 <AI_NTC_Temp_1+0x3>
     c34:	80 91 c3 14 	lds	r24, 0x14C3	; 0x8014c3 <FAN_CTR_State>
     c38:	87 fd       	sbrc	r24, 7
     c3a:	48 c0       	rjmp	.+144    	; 0xccc <meas_NTC1_Temp_control_fan_over_Temp+0x180>
     c3c:	80 91 c3 14 	lds	r24, 0x14C3	; 0x8014c3 <FAN_CTR_State>
     c40:	80 fd       	sbrc	r24, 0
     c42:	44 c0       	rjmp	.+136    	; 0xccc <meas_NTC1_Temp_control_fan_over_Temp+0x180>
     c44:	60 91 0d 14 	lds	r22, 0x140D	; 0x80140d <AI_NTC_Temp_2>
     c48:	70 91 0e 14 	lds	r23, 0x140E	; 0x80140e <AI_NTC_Temp_2+0x1>
     c4c:	80 91 0f 14 	lds	r24, 0x140F	; 0x80140f <AI_NTC_Temp_2+0x2>
     c50:	90 91 10 14 	lds	r25, 0x1410	; 0x801410 <AI_NTC_Temp_2+0x3>
     c54:	20 91 6a 14 	lds	r18, 0x146A	; 0x80146a <FAN_NTC2_T_On>
     c58:	30 91 6b 14 	lds	r19, 0x146B	; 0x80146b <FAN_NTC2_T_On+0x1>
     c5c:	40 91 6c 14 	lds	r20, 0x146C	; 0x80146c <FAN_NTC2_T_On+0x2>
     c60:	50 91 6d 14 	lds	r21, 0x146D	; 0x80146d <FAN_NTC2_T_On+0x3>
     c64:	0e 94 e1 47 	call	0x8fc2	; 0x8fc2 <__gesf2>
     c68:	18 16       	cp	r1, r24
     c6a:	a4 f0       	brlt	.+40     	; 0xc94 <meas_NTC1_Temp_control_fan_over_Temp+0x148>
     c6c:	60 91 9f 10 	lds	r22, 0x109F	; 0x80109f <AI_NTC_Temp_1>
     c70:	70 91 a0 10 	lds	r23, 0x10A0	; 0x8010a0 <AI_NTC_Temp_1+0x1>
     c74:	80 91 a1 10 	lds	r24, 0x10A1	; 0x8010a1 <AI_NTC_Temp_1+0x2>
     c78:	90 91 a2 10 	lds	r25, 0x10A2	; 0x8010a2 <AI_NTC_Temp_1+0x3>
     c7c:	20 91 4a 14 	lds	r18, 0x144A	; 0x80144a <FAN_NTC1_T_On>
     c80:	30 91 4b 14 	lds	r19, 0x144B	; 0x80144b <FAN_NTC1_T_On+0x1>
     c84:	40 91 4c 14 	lds	r20, 0x144C	; 0x80144c <FAN_NTC1_T_On+0x2>
     c88:	50 91 4d 14 	lds	r21, 0x144D	; 0x80144d <FAN_NTC1_T_On+0x3>
     c8c:	0e 94 e1 47 	call	0x8fc2	; 0x8fc2 <__gesf2>
     c90:	18 16       	cp	r1, r24
     c92:	e4 f4       	brge	.+56     	; 0xccc <meas_NTC1_Temp_control_fan_over_Temp+0x180>
     c94:	16 98       	cbi	0x02, 6	; 2
     c96:	17 9a       	sbi	0x02, 7	; 2
     c98:	80 91 c3 14 	lds	r24, 0x14C3	; 0x8014c3 <FAN_CTR_State>
     c9c:	81 60       	ori	r24, 0x01	; 1
     c9e:	80 93 c3 14 	sts	0x14C3, r24	; 0x8014c3 <FAN_CTR_State>
     ca2:	80 91 c3 14 	lds	r24, 0x14C3	; 0x8014c3 <FAN_CTR_State>
     ca6:	82 60       	ori	r24, 0x02	; 2
     ca8:	80 93 c3 14 	sts	0x14C3, r24	; 0x8014c3 <FAN_CTR_State>
     cac:	80 91 9f 14 	lds	r24, 0x149F	; 0x80149f <FAN_Switch_Timer_Max>
     cb0:	90 91 a0 14 	lds	r25, 0x14A0	; 0x8014a0 <FAN_Switch_Timer_Max+0x1>
     cb4:	90 93 54 14 	sts	0x1454, r25	; 0x801454 <FAN_Switch_Counter+0x1>
     cb8:	80 93 53 14 	sts	0x1453, r24	; 0x801453 <FAN_Switch_Counter>
     cbc:	8f e1       	ldi	r24, 0x1F	; 31
     cbe:	9e e4       	ldi	r25, 0x4E	; 78
     cc0:	01 97       	sbiw	r24, 0x01	; 1
     cc2:	f1 f7       	brne	.-4      	; 0xcc0 <meas_NTC1_Temp_control_fan_over_Temp+0x174>
     cc4:	00 c0       	rjmp	.+0      	; 0xcc6 <meas_NTC1_Temp_control_fan_over_Temp+0x17a>
     cc6:	00 00       	nop
     cc8:	16 9a       	sbi	0x02, 6	; 2
     cca:	17 9a       	sbi	0x02, 7	; 2
     ccc:	ff 90       	pop	r15
     cce:	ef 90       	pop	r14
     cd0:	df 90       	pop	r13
     cd2:	cf 90       	pop	r12
     cd4:	0c 94 d1 35 	jmp	0x6ba2	; 0x6ba2 <Check_Temp_Disconnect_State>

00000cd8 <meas_NTC2_Temp_control_fan_over_Temp>:
     cd8:	cf 92       	push	r12
     cda:	df 92       	push	r13
     cdc:	ef 92       	push	r14
     cde:	ff 92       	push	r15
     ce0:	13 98       	cbi	0x02, 3	; 2
     ce2:	12 98       	cbi	0x02, 2	; 2
     ce4:	11 9a       	sbi	0x02, 1	; 2
     ce6:	8f e8       	ldi	r24, 0x8F	; 143
     ce8:	91 e0       	ldi	r25, 0x01	; 1
     cea:	01 97       	sbiw	r24, 0x01	; 1
     cec:	f1 f7       	brne	.-4      	; 0xcea <meas_NTC2_Temp_control_fan_over_Temp+0x12>
     cee:	00 c0       	rjmp	.+0      	; 0xcf0 <meas_NTC2_Temp_control_fan_over_Temp+0x18>
     cf0:	00 00       	nop
     cf2:	84 e1       	ldi	r24, 0x14	; 20
     cf4:	90 e0       	ldi	r25, 0x00	; 0
     cf6:	0e 94 6a 29 	call	0x52d4	; 0x52d4 <ADC_Convert_Avr_MAX11163>
     cfa:	13 9a       	sbi	0x02, 3	; 2
     cfc:	12 9a       	sbi	0x02, 2	; 2
     cfe:	11 9a       	sbi	0x02, 1	; 2
     d00:	0e 94 0a 47 	call	0x8e14	; 0x8e14 <__floatunsisf>
     d04:	2d ec       	ldi	r18, 0xCD	; 205
     d06:	3c ec       	ldi	r19, 0xCC	; 204
     d08:	4c e4       	ldi	r20, 0x4C	; 76
     d0a:	5d e3       	ldi	r21, 0x3D	; 61
     d0c:	0e 94 9a 48 	call	0x9134	; 0x9134 <__mulsf3>
     d10:	20 91 15 14 	lds	r18, 0x1415	; 0x801415 <CAL_NTC_2_InvGain>
     d14:	30 91 16 14 	lds	r19, 0x1416	; 0x801416 <CAL_NTC_2_InvGain+0x1>
     d18:	40 91 17 14 	lds	r20, 0x1417	; 0x801417 <CAL_NTC_2_InvGain+0x2>
     d1c:	50 91 18 14 	lds	r21, 0x1418	; 0x801418 <CAL_NTC_2_InvGain+0x3>
     d20:	0e 94 9a 48 	call	0x9134	; 0x9134 <__mulsf3>
     d24:	6b 01       	movw	r12, r22
     d26:	7c 01       	movw	r14, r24
     d28:	9b 01       	movw	r18, r22
     d2a:	ac 01       	movw	r20, r24
     d2c:	60 e0       	ldi	r22, 0x00	; 0
     d2e:	70 e0       	ldi	r23, 0x00	; 0
     d30:	80 e8       	ldi	r24, 0x80	; 128
     d32:	97 e4       	ldi	r25, 0x47	; 71
     d34:	0e 94 d7 45 	call	0x8bae	; 0x8bae <__subsf3>
     d38:	9b 01       	movw	r18, r22
     d3a:	ac 01       	movw	r20, r24
     d3c:	c7 01       	movw	r24, r14
     d3e:	b6 01       	movw	r22, r12
     d40:	0e 94 40 46 	call	0x8c80	; 0x8c80 <__divsf3>
     d44:	20 91 97 10 	lds	r18, 0x1097	; 0x801097 <CAL_NTC_2_RSer>
     d48:	30 91 98 10 	lds	r19, 0x1098	; 0x801098 <CAL_NTC_2_RSer+0x1>
     d4c:	40 91 99 10 	lds	r20, 0x1099	; 0x801099 <CAL_NTC_2_RSer+0x2>
     d50:	50 91 9a 10 	lds	r21, 0x109A	; 0x80109a <CAL_NTC_2_RSer+0x3>
     d54:	c0 90 56 12 	lds	r12, 0x1256	; 0x801256 <CAL_NTC_2_InvR25>
     d58:	d0 90 57 12 	lds	r13, 0x1257	; 0x801257 <CAL_NTC_2_InvR25+0x1>
     d5c:	e0 90 58 12 	lds	r14, 0x1258	; 0x801258 <CAL_NTC_2_InvR25+0x2>
     d60:	f0 90 59 12 	lds	r15, 0x1259	; 0x801259 <CAL_NTC_2_InvR25+0x3>
     d64:	0e 94 9a 48 	call	0x9134	; 0x9134 <__mulsf3>
     d68:	a7 01       	movw	r20, r14
     d6a:	96 01       	movw	r18, r12
     d6c:	0e 94 9a 48 	call	0x9134	; 0x9134 <__mulsf3>
     d70:	0e 94 27 48 	call	0x904e	; 0x904e <log>
     d74:	20 91 4a 12 	lds	r18, 0x124A	; 0x80124a <CAL_NTC_2_InvBeta>
     d78:	30 91 4b 12 	lds	r19, 0x124B	; 0x80124b <CAL_NTC_2_InvBeta+0x1>
     d7c:	40 91 4c 12 	lds	r20, 0x124C	; 0x80124c <CAL_NTC_2_InvBeta+0x2>
     d80:	50 91 4d 12 	lds	r21, 0x124D	; 0x80124d <CAL_NTC_2_InvBeta+0x3>
     d84:	0e 94 9a 48 	call	0x9134	; 0x9134 <__mulsf3>
     d88:	2e e1       	ldi	r18, 0x1E	; 30
     d8a:	3f ec       	ldi	r19, 0xCF	; 207
     d8c:	4b e5       	ldi	r20, 0x5B	; 91
     d8e:	5b e3       	ldi	r21, 0x3B	; 59
     d90:	0e 94 d8 45 	call	0x8bb0	; 0x8bb0 <__addsf3>
     d94:	9b 01       	movw	r18, r22
     d96:	ac 01       	movw	r20, r24
     d98:	60 e0       	ldi	r22, 0x00	; 0
     d9a:	70 e0       	ldi	r23, 0x00	; 0
     d9c:	80 e8       	ldi	r24, 0x80	; 128
     d9e:	9f e3       	ldi	r25, 0x3F	; 63
     da0:	0e 94 40 46 	call	0x8c80	; 0x8c80 <__divsf3>
     da4:	23 e3       	ldi	r18, 0x33	; 51
     da6:	33 e9       	ldi	r19, 0x93	; 147
     da8:	48 e8       	ldi	r20, 0x88	; 136
     daa:	53 e4       	ldi	r21, 0x43	; 67
     dac:	0e 94 d7 45 	call	0x8bae	; 0x8bae <__subsf3>
     db0:	60 93 0d 14 	sts	0x140D, r22	; 0x80140d <AI_NTC_Temp_2>
     db4:	70 93 0e 14 	sts	0x140E, r23	; 0x80140e <AI_NTC_Temp_2+0x1>
     db8:	80 93 0f 14 	sts	0x140F, r24	; 0x80140f <AI_NTC_Temp_2+0x2>
     dbc:	90 93 10 14 	sts	0x1410, r25	; 0x801410 <AI_NTC_Temp_2+0x3>
     dc0:	80 91 c3 14 	lds	r24, 0x14C3	; 0x8014c3 <FAN_CTR_State>
     dc4:	87 fd       	sbrc	r24, 7
     dc6:	48 c0       	rjmp	.+144    	; 0xe58 <meas_NTC2_Temp_control_fan_over_Temp+0x180>
     dc8:	80 91 c3 14 	lds	r24, 0x14C3	; 0x8014c3 <FAN_CTR_State>
     dcc:	80 fd       	sbrc	r24, 0
     dce:	44 c0       	rjmp	.+136    	; 0xe58 <meas_NTC2_Temp_control_fan_over_Temp+0x180>
     dd0:	60 91 0d 14 	lds	r22, 0x140D	; 0x80140d <AI_NTC_Temp_2>
     dd4:	70 91 0e 14 	lds	r23, 0x140E	; 0x80140e <AI_NTC_Temp_2+0x1>
     dd8:	80 91 0f 14 	lds	r24, 0x140F	; 0x80140f <AI_NTC_Temp_2+0x2>
     ddc:	90 91 10 14 	lds	r25, 0x1410	; 0x801410 <AI_NTC_Temp_2+0x3>
     de0:	20 91 6a 14 	lds	r18, 0x146A	; 0x80146a <FAN_NTC2_T_On>
     de4:	30 91 6b 14 	lds	r19, 0x146B	; 0x80146b <FAN_NTC2_T_On+0x1>
     de8:	40 91 6c 14 	lds	r20, 0x146C	; 0x80146c <FAN_NTC2_T_On+0x2>
     dec:	50 91 6d 14 	lds	r21, 0x146D	; 0x80146d <FAN_NTC2_T_On+0x3>
     df0:	0e 94 e1 47 	call	0x8fc2	; 0x8fc2 <__gesf2>
     df4:	18 16       	cp	r1, r24
     df6:	a4 f0       	brlt	.+40     	; 0xe20 <meas_NTC2_Temp_control_fan_over_Temp+0x148>
     df8:	60 91 9f 10 	lds	r22, 0x109F	; 0x80109f <AI_NTC_Temp_1>
     dfc:	70 91 a0 10 	lds	r23, 0x10A0	; 0x8010a0 <AI_NTC_Temp_1+0x1>
     e00:	80 91 a1 10 	lds	r24, 0x10A1	; 0x8010a1 <AI_NTC_Temp_1+0x2>
     e04:	90 91 a2 10 	lds	r25, 0x10A2	; 0x8010a2 <AI_NTC_Temp_1+0x3>
     e08:	20 91 4a 14 	lds	r18, 0x144A	; 0x80144a <FAN_NTC1_T_On>
     e0c:	30 91 4b 14 	lds	r19, 0x144B	; 0x80144b <FAN_NTC1_T_On+0x1>
     e10:	40 91 4c 14 	lds	r20, 0x144C	; 0x80144c <FAN_NTC1_T_On+0x2>
     e14:	50 91 4d 14 	lds	r21, 0x144D	; 0x80144d <FAN_NTC1_T_On+0x3>
     e18:	0e 94 e1 47 	call	0x8fc2	; 0x8fc2 <__gesf2>
     e1c:	18 16       	cp	r1, r24
     e1e:	e4 f4       	brge	.+56     	; 0xe58 <meas_NTC2_Temp_control_fan_over_Temp+0x180>
     e20:	16 98       	cbi	0x02, 6	; 2
     e22:	17 9a       	sbi	0x02, 7	; 2
     e24:	80 91 c3 14 	lds	r24, 0x14C3	; 0x8014c3 <FAN_CTR_State>
     e28:	81 60       	ori	r24, 0x01	; 1
     e2a:	80 93 c3 14 	sts	0x14C3, r24	; 0x8014c3 <FAN_CTR_State>
     e2e:	80 91 c3 14 	lds	r24, 0x14C3	; 0x8014c3 <FAN_CTR_State>
     e32:	82 60       	ori	r24, 0x02	; 2
     e34:	80 93 c3 14 	sts	0x14C3, r24	; 0x8014c3 <FAN_CTR_State>
     e38:	80 91 9f 14 	lds	r24, 0x149F	; 0x80149f <FAN_Switch_Timer_Max>
     e3c:	90 91 a0 14 	lds	r25, 0x14A0	; 0x8014a0 <FAN_Switch_Timer_Max+0x1>
     e40:	90 93 54 14 	sts	0x1454, r25	; 0x801454 <FAN_Switch_Counter+0x1>
     e44:	80 93 53 14 	sts	0x1453, r24	; 0x801453 <FAN_Switch_Counter>
     e48:	8f e1       	ldi	r24, 0x1F	; 31
     e4a:	9e e4       	ldi	r25, 0x4E	; 78
     e4c:	01 97       	sbiw	r24, 0x01	; 1
     e4e:	f1 f7       	brne	.-4      	; 0xe4c <meas_NTC2_Temp_control_fan_over_Temp+0x174>
     e50:	00 c0       	rjmp	.+0      	; 0xe52 <meas_NTC2_Temp_control_fan_over_Temp+0x17a>
     e52:	00 00       	nop
     e54:	16 9a       	sbi	0x02, 6	; 2
     e56:	17 9a       	sbi	0x02, 7	; 2
     e58:	ff 90       	pop	r15
     e5a:	ef 90       	pop	r14
     e5c:	df 90       	pop	r13
     e5e:	cf 90       	pop	r12
     e60:	0c 94 d1 35 	jmp	0x6ba2	; 0x6ba2 <Check_Temp_Disconnect_State>

00000e64 <meas_Bias_Volt_Range_Check>:
     e64:	8f 92       	push	r8
     e66:	9f 92       	push	r9
     e68:	af 92       	push	r10
     e6a:	bf 92       	push	r11
     e6c:	cf 92       	push	r12
     e6e:	df 92       	push	r13
     e70:	ef 92       	push	r14
     e72:	ff 92       	push	r15
     e74:	13 9a       	sbi	0x02, 3	; 2
     e76:	12 9a       	sbi	0x02, 2	; 2
     e78:	11 98       	cbi	0x02, 1	; 2
     e7a:	8f e8       	ldi	r24, 0x8F	; 143
     e7c:	91 e0       	ldi	r25, 0x01	; 1
     e7e:	01 97       	sbiw	r24, 0x01	; 1
     e80:	f1 f7       	brne	.-4      	; 0xe7e <meas_Bias_Volt_Range_Check+0x1a>
     e82:	00 c0       	rjmp	.+0      	; 0xe84 <meas_Bias_Volt_Range_Check+0x20>
     e84:	00 00       	nop
     e86:	84 e1       	ldi	r24, 0x14	; 20
     e88:	90 e0       	ldi	r25, 0x00	; 0
     e8a:	0e 94 6a 29 	call	0x52d4	; 0x52d4 <ADC_Convert_Avr_MAX11163>
     e8e:	13 9a       	sbi	0x02, 3	; 2
     e90:	12 9a       	sbi	0x02, 2	; 2
     e92:	11 9a       	sbi	0x02, 1	; 2
     e94:	80 90 3b 12 	lds	r8, 0x123B	; 0x80123b <CAL_Bias_A1>
     e98:	90 90 3c 12 	lds	r9, 0x123C	; 0x80123c <CAL_Bias_A1+0x1>
     e9c:	a0 90 3d 12 	lds	r10, 0x123D	; 0x80123d <CAL_Bias_A1+0x2>
     ea0:	b0 90 3e 12 	lds	r11, 0x123E	; 0x80123e <CAL_Bias_A1+0x3>
     ea4:	c0 90 f3 13 	lds	r12, 0x13F3	; 0x8013f3 <CAL_Bias_A0>
     ea8:	d0 90 f4 13 	lds	r13, 0x13F4	; 0x8013f4 <CAL_Bias_A0+0x1>
     eac:	e0 90 f5 13 	lds	r14, 0x13F5	; 0x8013f5 <CAL_Bias_A0+0x2>
     eb0:	f0 90 f6 13 	lds	r15, 0x13F6	; 0x8013f6 <CAL_Bias_A0+0x3>
     eb4:	0e 94 0a 47 	call	0x8e14	; 0x8e14 <__floatunsisf>
     eb8:	2d ec       	ldi	r18, 0xCD	; 205
     eba:	3c ec       	ldi	r19, 0xCC	; 204
     ebc:	4c e4       	ldi	r20, 0x4C	; 76
     ebe:	5d e3       	ldi	r21, 0x3D	; 61
     ec0:	0e 94 9a 48 	call	0x9134	; 0x9134 <__mulsf3>
     ec4:	a5 01       	movw	r20, r10
     ec6:	94 01       	movw	r18, r8
     ec8:	0e 94 9a 48 	call	0x9134	; 0x9134 <__mulsf3>
     ecc:	a7 01       	movw	r20, r14
     ece:	96 01       	movw	r18, r12
     ed0:	0e 94 d8 45 	call	0x8bb0	; 0x8bb0 <__addsf3>
     ed4:	60 93 09 14 	sts	0x1409, r22	; 0x801409 <AI_Bias>
     ed8:	70 93 0a 14 	sts	0x140A, r23	; 0x80140a <AI_Bias+0x1>
     edc:	80 93 0b 14 	sts	0x140B, r24	; 0x80140b <AI_Bias+0x2>
     ee0:	90 93 0c 14 	sts	0x140C, r25	; 0x80140c <AI_Bias+0x3>
     ee4:	60 91 09 14 	lds	r22, 0x1409	; 0x801409 <AI_Bias>
     ee8:	70 91 0a 14 	lds	r23, 0x140A	; 0x80140a <AI_Bias+0x1>
     eec:	80 91 0b 14 	lds	r24, 0x140B	; 0x80140b <AI_Bias+0x2>
     ef0:	90 91 0c 14 	lds	r25, 0x140C	; 0x80140c <AI_Bias+0x3>
     ef4:	20 91 b2 02 	lds	r18, 0x02B2	; 0x8002b2 <BiasV_Range_Min>
     ef8:	30 91 b3 02 	lds	r19, 0x02B3	; 0x8002b3 <BiasV_Range_Min+0x1>
     efc:	40 91 b4 02 	lds	r20, 0x02B4	; 0x8002b4 <BiasV_Range_Min+0x2>
     f00:	50 91 b5 02 	lds	r21, 0x02B5	; 0x8002b5 <BiasV_Range_Min+0x3>
     f04:	0e 94 3c 46 	call	0x8c78	; 0x8c78 <__cmpsf2>
     f08:	87 fd       	sbrc	r24, 7
     f0a:	14 c0       	rjmp	.+40     	; 0xf34 <meas_Bias_Volt_Range_Check+0xd0>
     f0c:	60 91 09 14 	lds	r22, 0x1409	; 0x801409 <AI_Bias>
     f10:	70 91 0a 14 	lds	r23, 0x140A	; 0x80140a <AI_Bias+0x1>
     f14:	80 91 0b 14 	lds	r24, 0x140B	; 0x80140b <AI_Bias+0x2>
     f18:	90 91 0c 14 	lds	r25, 0x140C	; 0x80140c <AI_Bias+0x3>
     f1c:	20 91 a2 02 	lds	r18, 0x02A2	; 0x8002a2 <__data_end>
     f20:	30 91 a3 02 	lds	r19, 0x02A3	; 0x8002a3 <__data_end+0x1>
     f24:	40 91 a4 02 	lds	r20, 0x02A4	; 0x8002a4 <__data_end+0x2>
     f28:	50 91 a5 02 	lds	r21, 0x02A5	; 0x8002a5 <__data_end+0x3>
     f2c:	0e 94 e1 47 	call	0x8fc2	; 0x8fc2 <__gesf2>
     f30:	18 16       	cp	r1, r24
     f32:	2c f4       	brge	.+10     	; 0xf3e <meas_Bias_Volt_Range_Check+0xda>
     f34:	80 91 ab 02 	lds	r24, 0x02AB	; 0x8002ab <IV_Report>
     f38:	84 60       	ori	r24, 0x04	; 4
     f3a:	80 93 ab 02 	sts	0x02AB, r24	; 0x8002ab <IV_Report>
     f3e:	ff 90       	pop	r15
     f40:	ef 90       	pop	r14
     f42:	df 90       	pop	r13
     f44:	cf 90       	pop	r12
     f46:	bf 90       	pop	r11
     f48:	af 90       	pop	r10
     f4a:	9f 90       	pop	r9
     f4c:	8f 90       	pop	r8
     f4e:	08 95       	ret

00000f50 <PV_IV_MEAS>:
     f50:	2f 92       	push	r2
     f52:	3f 92       	push	r3
     f54:	4f 92       	push	r4
     f56:	5f 92       	push	r5
     f58:	6f 92       	push	r6
     f5a:	7f 92       	push	r7
     f5c:	8f 92       	push	r8
     f5e:	9f 92       	push	r9
     f60:	af 92       	push	r10
     f62:	bf 92       	push	r11
     f64:	cf 92       	push	r12
     f66:	df 92       	push	r13
     f68:	ef 92       	push	r14
     f6a:	ff 92       	push	r15
     f6c:	0f 93       	push	r16
     f6e:	1f 93       	push	r17
     f70:	cf 93       	push	r28
     f72:	df 93       	push	r29
     f74:	cd b7       	in	r28, 0x3d	; 61
     f76:	de b7       	in	r29, 0x3e	; 62
     f78:	2d 97       	sbiw	r28, 0x0d	; 13
     f7a:	0f b6       	in	r0, 0x3f	; 63
     f7c:	f8 94       	cli
     f7e:	de bf       	out	0x3e, r29	; 62
     f80:	0f be       	out	0x3f, r0	; 63
     f82:	cd bf       	out	0x3d, r28	; 61
     f84:	10 92 ab 02 	sts	0x02AB, r1	; 0x8002ab <IV_Report>
     f88:	20 91 54 15 	lds	r18, 0x1554	; 0x801554 <Range_Curr_ID_Act>
     f8c:	2a 83       	std	Y+2, r18	; 0x02
     f8e:	30 91 dd 14 	lds	r19, 0x14DD	; 0x8014dd <Range_Volt_ID_Act>
     f92:	3b 83       	std	Y+3, r19	; 0x03
     f94:	80 91 8f 14 	lds	r24, 0x148F	; 0x80148f <PV_Volt_DAC_ACT>
     f98:	90 91 90 14 	lds	r25, 0x1490	; 0x801490 <PV_Volt_DAC_ACT+0x1>
     f9c:	a0 91 91 14 	lds	r26, 0x1491	; 0x801491 <PV_Volt_DAC_ACT+0x2>
     fa0:	b0 91 92 14 	lds	r27, 0x1492	; 0x801492 <PV_Volt_DAC_ACT+0x3>
     fa4:	88 87       	std	Y+8, r24	; 0x08
     fa6:	99 87       	std	Y+9, r25	; 0x09
     fa8:	aa 87       	std	Y+10, r26	; 0x0a
     faa:	bb 87       	std	Y+11, r27	; 0x0b
     fac:	80 91 be 02 	lds	r24, 0x02BE	; 0x8002be <IV_Mode>
     fb0:	81 ff       	sbrs	r24, 1
     fb2:	4f c0       	rjmp	.+158    	; 0x1052 <__EEPROM_REGION_LENGTH__+0x52>
     fb4:	90 91 aa 02 	lds	r25, 0x02AA	; 0x8002aa <IV_Point_Meas_Nu_AVR_VoltCurr>
     fb8:	99 83       	std	Y+1, r25	; 0x01
     fba:	60 91 b9 02 	lds	r22, 0x02B9	; 0x8002b9 <IV_Point_Meas_Nu_AVR_Sets>
     fbe:	70 e0       	ldi	r23, 0x00	; 0
     fc0:	80 e0       	ldi	r24, 0x00	; 0
     fc2:	90 e0       	ldi	r25, 0x00	; 0
     fc4:	0e 94 0a 47 	call	0x8e14	; 0x8e14 <__floatunsisf>
     fc8:	20 e0       	ldi	r18, 0x00	; 0
     fca:	30 e0       	ldi	r19, 0x00	; 0
     fcc:	40 e8       	ldi	r20, 0x80	; 128
     fce:	5f e3       	ldi	r21, 0x3F	; 63
     fd0:	0e 94 d8 45 	call	0x8bb0	; 0x8bb0 <__addsf3>
     fd4:	6b 01       	movw	r12, r22
     fd6:	7c 01       	movw	r14, r24
     fd8:	a9 81       	ldd	r26, Y+1	; 0x01
     fda:	6a 2f       	mov	r22, r26
     fdc:	70 e0       	ldi	r23, 0x00	; 0
     fde:	80 e0       	ldi	r24, 0x00	; 0
     fe0:	90 e0       	ldi	r25, 0x00	; 0
     fe2:	0e 94 0a 47 	call	0x8e14	; 0x8e14 <__floatunsisf>
     fe6:	9b 01       	movw	r18, r22
     fe8:	ac 01       	movw	r20, r24
     fea:	c7 01       	movw	r24, r14
     fec:	b6 01       	movw	r22, r12
     fee:	0e 94 9a 48 	call	0x9134	; 0x9134 <__mulsf3>
     ff2:	9b 01       	movw	r18, r22
     ff4:	ac 01       	movw	r20, r24
     ff6:	60 e0       	ldi	r22, 0x00	; 0
     ff8:	70 e0       	ldi	r23, 0x00	; 0
     ffa:	80 e8       	ldi	r24, 0x80	; 128
     ffc:	9f e3       	ldi	r25, 0x3F	; 63
     ffe:	0e 94 40 46 	call	0x8c80	; 0x8c80 <__divsf3>
    1002:	06 2f       	mov	r16, r22
    1004:	37 2e       	mov	r3, r23
    1006:	89 83       	std	Y+1, r24	; 0x01
    1008:	19 2f       	mov	r17, r25
    100a:	60 91 aa 02 	lds	r22, 0x02AA	; 0x8002aa <IV_Point_Meas_Nu_AVR_VoltCurr>
    100e:	b0 90 b9 02 	lds	r11, 0x02B9	; 0x8002b9 <IV_Point_Meas_Nu_AVR_Sets>
    1012:	70 e0       	ldi	r23, 0x00	; 0
    1014:	80 e0       	ldi	r24, 0x00	; 0
    1016:	90 e0       	ldi	r25, 0x00	; 0
    1018:	0e 94 0a 47 	call	0x8e14	; 0x8e14 <__floatunsisf>
    101c:	6b 01       	movw	r12, r22
    101e:	7c 01       	movw	r14, r24
    1020:	6b 2d       	mov	r22, r11
    1022:	70 e0       	ldi	r23, 0x00	; 0
    1024:	80 e0       	ldi	r24, 0x00	; 0
    1026:	90 e0       	ldi	r25, 0x00	; 0
    1028:	0e 94 0a 47 	call	0x8e14	; 0x8e14 <__floatunsisf>
    102c:	9b 01       	movw	r18, r22
    102e:	ac 01       	movw	r20, r24
    1030:	c7 01       	movw	r24, r14
    1032:	b6 01       	movw	r22, r12
    1034:	0e 94 9a 48 	call	0x9134	; 0x9134 <__mulsf3>
    1038:	9b 01       	movw	r18, r22
    103a:	ac 01       	movw	r20, r24
    103c:	60 e0       	ldi	r22, 0x00	; 0
    103e:	70 e0       	ldi	r23, 0x00	; 0
    1040:	80 e8       	ldi	r24, 0x80	; 128
    1042:	9f e3       	ldi	r25, 0x3F	; 63
    1044:	0e 94 40 46 	call	0x8c80	; 0x8c80 <__divsf3>
    1048:	6c 83       	std	Y+4, r22	; 0x04
    104a:	7d 83       	std	Y+5, r23	; 0x05
    104c:	8e 83       	std	Y+6, r24	; 0x06
    104e:	9f 83       	std	Y+7, r25	; 0x07
    1050:	29 c0       	rjmp	.+82     	; 0x10a4 <__EEPROM_REGION_LENGTH__+0xa4>
    1052:	60 91 aa 02 	lds	r22, 0x02AA	; 0x8002aa <IV_Point_Meas_Nu_AVR_VoltCurr>
    1056:	b0 91 b9 02 	lds	r27, 0x02B9	; 0x8002b9 <IV_Point_Meas_Nu_AVR_Sets>
    105a:	b9 83       	std	Y+1, r27	; 0x01
    105c:	70 e0       	ldi	r23, 0x00	; 0
    105e:	80 e0       	ldi	r24, 0x00	; 0
    1060:	90 e0       	ldi	r25, 0x00	; 0
    1062:	0e 94 0a 47 	call	0x8e14	; 0x8e14 <__floatunsisf>
    1066:	6b 01       	movw	r12, r22
    1068:	7c 01       	movw	r14, r24
    106a:	e9 81       	ldd	r30, Y+1	; 0x01
    106c:	6e 2f       	mov	r22, r30
    106e:	70 e0       	ldi	r23, 0x00	; 0
    1070:	80 e0       	ldi	r24, 0x00	; 0
    1072:	90 e0       	ldi	r25, 0x00	; 0
    1074:	0e 94 0a 47 	call	0x8e14	; 0x8e14 <__floatunsisf>
    1078:	9b 01       	movw	r18, r22
    107a:	ac 01       	movw	r20, r24
    107c:	c7 01       	movw	r24, r14
    107e:	b6 01       	movw	r22, r12
    1080:	0e 94 9a 48 	call	0x9134	; 0x9134 <__mulsf3>
    1084:	9b 01       	movw	r18, r22
    1086:	ac 01       	movw	r20, r24
    1088:	60 e0       	ldi	r22, 0x00	; 0
    108a:	70 e0       	ldi	r23, 0x00	; 0
    108c:	80 e8       	ldi	r24, 0x80	; 128
    108e:	9f e3       	ldi	r25, 0x3F	; 63
    1090:	0e 94 40 46 	call	0x8c80	; 0x8c80 <__divsf3>
    1094:	06 2f       	mov	r16, r22
    1096:	37 2e       	mov	r3, r23
    1098:	89 83       	std	Y+1, r24	; 0x01
    109a:	19 2f       	mov	r17, r25
    109c:	6c 83       	std	Y+4, r22	; 0x04
    109e:	7d 83       	std	Y+5, r23	; 0x05
    10a0:	8e 83       	std	Y+6, r24	; 0x06
    10a2:	9f 83       	std	Y+7, r25	; 0x07
    10a4:	80 91 b0 02 	lds	r24, 0x02B0	; 0x8002b0 <IV_Point_Set_Delay_ms>
    10a8:	90 91 b1 02 	lds	r25, 0x02B1	; 0x8002b1 <IV_Point_Set_Delay_ms+0x1>
    10ac:	80 32       	cpi	r24, 0x20	; 32
    10ae:	9e 44       	sbci	r25, 0x4E	; 78
    10b0:	18 f0       	brcs	.+6      	; 0x10b8 <__EEPROM_REGION_LENGTH__+0xb8>
    10b2:	80 e6       	ldi	r24, 0x60	; 96
    10b4:	9a ee       	ldi	r25, 0xEA	; 234
    10b6:	0a c0       	rjmp	.+20     	; 0x10cc <__EEPROM_REGION_LENGTH__+0xcc>
    10b8:	80 91 b0 02 	lds	r24, 0x02B0	; 0x8002b0 <IV_Point_Set_Delay_ms>
    10bc:	90 91 b1 02 	lds	r25, 0x02B1	; 0x8002b1 <IV_Point_Set_Delay_ms+0x1>
    10c0:	9c 01       	movw	r18, r24
    10c2:	22 0f       	add	r18, r18
    10c4:	33 1f       	adc	r19, r19
    10c6:	82 0f       	add	r24, r18
    10c8:	93 1f       	adc	r25, r19
    10ca:	c2 96       	adiw	r24, 0x32	; 50
    10cc:	90 93 b8 02 	sts	0x02B8, r25	; 0x8002b8 <IV_Setup_Signal_Set_Time+0x1>
    10d0:	80 93 b7 02 	sts	0x02B7, r24	; 0x8002b7 <IV_Setup_Signal_Set_Time>
    10d4:	ee d8       	rcall	.-3620   	; 0x2b2 <IV_MEAS__Get_Voc_Set_Optimum_Range>
    10d6:	6b 01       	movw	r12, r22
    10d8:	7c 01       	movw	r14, r24
    10da:	56 d9       	rcall	.-3412   	; 0x388 <IV_MEAS__Get_Curr_Optimum_Range>
    10dc:	80 91 be 02 	lds	r24, 0x02BE	; 0x8002be <IV_Mode>
    10e0:	80 ff       	sbrs	r24, 0
    10e2:	b6 c0       	rjmp	.+364    	; 0x1250 <__EEPROM_REGION_LENGTH__+0x250>
    10e4:	80 90 a6 02 	lds	r8, 0x02A6	; 0x8002a6 <IV_Cos_Max_Phase>
    10e8:	90 90 a7 02 	lds	r9, 0x02A7	; 0x8002a7 <IV_Cos_Max_Phase+0x1>
    10ec:	a0 90 a8 02 	lds	r10, 0x02A8	; 0x8002a8 <IV_Cos_Max_Phase+0x2>
    10f0:	b0 90 a9 02 	lds	r11, 0x02A9	; 0x8002a9 <IV_Cos_Max_Phase+0x3>
    10f4:	60 91 af 06 	lds	r22, 0x06AF	; 0x8006af <IV_Meas_Points>
    10f8:	70 e0       	ldi	r23, 0x00	; 0
    10fa:	61 50       	subi	r22, 0x01	; 1
    10fc:	71 09       	sbc	r23, r1
    10fe:	07 2e       	mov	r0, r23
    1100:	00 0c       	add	r0, r0
    1102:	88 0b       	sbc	r24, r24
    1104:	99 0b       	sbc	r25, r25
    1106:	0e 94 0c 47 	call	0x8e18	; 0x8e18 <__floatsisf>
    110a:	9b 01       	movw	r18, r22
    110c:	ac 01       	movw	r20, r24
    110e:	c5 01       	movw	r24, r10
    1110:	b4 01       	movw	r22, r8
    1112:	0e 94 40 46 	call	0x8c80	; 0x8c80 <__divsf3>
    1116:	2b 01       	movw	r4, r22
    1118:	3c 01       	movw	r6, r24
    111a:	20 91 a1 0a 	lds	r18, 0x0AA1	; 0x800aa1 <IV_Voc_Overshoot_Fact>
    111e:	30 91 a2 0a 	lds	r19, 0x0AA2	; 0x800aa2 <IV_Voc_Overshoot_Fact+0x1>
    1122:	40 91 a3 0a 	lds	r20, 0x0AA3	; 0x800aa3 <IV_Voc_Overshoot_Fact+0x2>
    1126:	50 91 a4 0a 	lds	r21, 0x0AA4	; 0x800aa4 <IV_Voc_Overshoot_Fact+0x3>
    112a:	c7 01       	movw	r24, r14
    112c:	b6 01       	movw	r22, r12
    112e:	0e 94 9a 48 	call	0x9134	; 0x9134 <__mulsf3>
    1132:	6b 01       	movw	r12, r22
    1134:	7c 01       	movw	r14, r24
    1136:	60 91 af 06 	lds	r22, 0x06AF	; 0x8006af <IV_Meas_Points>
    113a:	70 e0       	ldi	r23, 0x00	; 0
    113c:	61 50       	subi	r22, 0x01	; 1
    113e:	71 09       	sbc	r23, r1
    1140:	07 2e       	mov	r0, r23
    1142:	00 0c       	add	r0, r0
    1144:	88 0b       	sbc	r24, r24
    1146:	99 0b       	sbc	r25, r25
    1148:	0e 94 0c 47 	call	0x8e18	; 0x8e18 <__floatsisf>
    114c:	a3 01       	movw	r20, r6
    114e:	92 01       	movw	r18, r4
    1150:	0e 94 9a 48 	call	0x9134	; 0x9134 <__mulsf3>
    1154:	0e 94 1d 49 	call	0x923a	; 0x923a <sin>
    1158:	4b 01       	movw	r8, r22
    115a:	5c 01       	movw	r10, r24
    115c:	60 91 a6 02 	lds	r22, 0x02A6	; 0x8002a6 <IV_Cos_Max_Phase>
    1160:	70 91 a7 02 	lds	r23, 0x02A7	; 0x8002a7 <IV_Cos_Max_Phase+0x1>
    1164:	80 91 a8 02 	lds	r24, 0x02A8	; 0x8002a8 <IV_Cos_Max_Phase+0x2>
    1168:	90 91 a9 02 	lds	r25, 0x02A9	; 0x8002a9 <IV_Cos_Max_Phase+0x3>
    116c:	26 ea       	ldi	r18, 0xA6	; 166
    116e:	3f e0       	ldi	r19, 0x0F	; 15
    1170:	49 ec       	ldi	r20, 0xC9	; 201
    1172:	5f e3       	ldi	r21, 0x3F	; 63
    1174:	0e 94 3c 46 	call	0x8c78	; 0x8c78 <__cmpsf2>
    1178:	a5 01       	movw	r20, r10
    117a:	94 01       	movw	r18, r8
    117c:	18 16       	cp	r1, r24
    117e:	44 f4       	brge	.+16     	; 0x1190 <__EEPROM_REGION_LENGTH__+0x190>
    1180:	60 e0       	ldi	r22, 0x00	; 0
    1182:	70 e0       	ldi	r23, 0x00	; 0
    1184:	80 e0       	ldi	r24, 0x00	; 0
    1186:	90 e4       	ldi	r25, 0x40	; 64
    1188:	0e 94 d7 45 	call	0x8bae	; 0x8bae <__subsf3>
    118c:	9b 01       	movw	r18, r22
    118e:	ac 01       	movw	r20, r24
    1190:	c7 01       	movw	r24, r14
    1192:	b6 01       	movw	r22, r12
    1194:	0e 94 40 46 	call	0x8c80	; 0x8c80 <__divsf3>
    1198:	6b 01       	movw	r12, r22
    119a:	7c 01       	movw	r14, r24
    119c:	21 2c       	mov	r2, r1
    119e:	80 91 af 06 	lds	r24, 0x06AF	; 0x8006af <IV_Meas_Points>
    11a2:	28 16       	cp	r2, r24
    11a4:	08 f0       	brcs	.+2      	; 0x11a8 <__EEPROM_REGION_LENGTH__+0x1a8>
    11a6:	43 c0       	rjmp	.+134    	; 0x122e <__EEPROM_REGION_LENGTH__+0x22e>
    11a8:	22 2d       	mov	r18, r2
    11aa:	30 e0       	ldi	r19, 0x00	; 0
    11ac:	3d 87       	std	Y+13, r19	; 0x0d
    11ae:	2c 87       	std	Y+12, r18	; 0x0c
    11b0:	b9 01       	movw	r22, r18
    11b2:	33 0f       	add	r19, r19
    11b4:	88 0b       	sbc	r24, r24
    11b6:	99 0b       	sbc	r25, r25
    11b8:	0e 94 0c 47 	call	0x8e18	; 0x8e18 <__floatsisf>
    11bc:	a3 01       	movw	r20, r6
    11be:	92 01       	movw	r18, r4
    11c0:	0e 94 9a 48 	call	0x9134	; 0x9134 <__mulsf3>
    11c4:	4b 01       	movw	r8, r22
    11c6:	5c 01       	movw	r10, r24
    11c8:	26 ea       	ldi	r18, 0xA6	; 166
    11ca:	3f e0       	ldi	r19, 0x0F	; 15
    11cc:	49 ec       	ldi	r20, 0xC9	; 201
    11ce:	5f e3       	ldi	r21, 0x3F	; 63
    11d0:	0e 94 3c 46 	call	0x8c78	; 0x8c78 <__cmpsf2>
    11d4:	ac 85       	ldd	r26, Y+12	; 0x0c
    11d6:	bd 85       	ldd	r27, Y+13	; 0x0d
    11d8:	aa 0f       	add	r26, r26
    11da:	bb 1f       	adc	r27, r27
    11dc:	aa 0f       	add	r26, r26
    11de:	bb 1f       	adc	r27, r27
    11e0:	bd 87       	std	Y+13, r27	; 0x0d
    11e2:	ac 87       	std	Y+12, r26	; 0x0c
    11e4:	18 16       	cp	r1, r24
    11e6:	4c f0       	brlt	.+18     	; 0x11fa <__EEPROM_REGION_LENGTH__+0x1fa>
    11e8:	c5 01       	movw	r24, r10
    11ea:	b4 01       	movw	r22, r8
    11ec:	0e 94 1d 49 	call	0x923a	; 0x923a <sin>
    11f0:	9b 01       	movw	r18, r22
    11f2:	ac 01       	movw	r20, r24
    11f4:	c7 01       	movw	r24, r14
    11f6:	b6 01       	movw	r22, r12
    11f8:	0e c0       	rjmp	.+28     	; 0x1216 <__EEPROM_REGION_LENGTH__+0x216>
    11fa:	c5 01       	movw	r24, r10
    11fc:	b4 01       	movw	r22, r8
    11fe:	0e 94 1d 49 	call	0x923a	; 0x923a <sin>
    1202:	9b 01       	movw	r18, r22
    1204:	ac 01       	movw	r20, r24
    1206:	60 e0       	ldi	r22, 0x00	; 0
    1208:	70 e0       	ldi	r23, 0x00	; 0
    120a:	80 e0       	ldi	r24, 0x00	; 0
    120c:	90 e4       	ldi	r25, 0x40	; 64
    120e:	0e 94 d7 45 	call	0x8bae	; 0x8bae <__subsf3>
    1212:	a7 01       	movw	r20, r14
    1214:	96 01       	movw	r18, r12
    1216:	0e 94 9a 48 	call	0x9134	; 0x9134 <__mulsf3>
    121a:	ec 85       	ldd	r30, Y+12	; 0x0c
    121c:	fd 85       	ldd	r31, Y+13	; 0x0d
    121e:	ed 53       	subi	r30, 0x3D	; 61
    1220:	fd 4f       	sbci	r31, 0xFD	; 253
    1222:	60 83       	st	Z, r22
    1224:	71 83       	std	Z+1, r23	; 0x01
    1226:	82 83       	std	Z+2, r24	; 0x02
    1228:	93 83       	std	Z+3, r25	; 0x03
    122a:	23 94       	inc	r2
    122c:	b8 cf       	rjmp	.-144    	; 0x119e <__EEPROM_REGION_LENGTH__+0x19e>
    122e:	80 91 be 02 	lds	r24, 0x02BE	; 0x8002be <IV_Mode>
    1232:	82 ff       	sbrs	r24, 2
    1234:	4d c0       	rjmp	.+154    	; 0x12d0 <__EEPROM_REGION_LENGTH__+0x2d0>
    1236:	e0 91 af 06 	lds	r30, 0x06AF	; 0x8006af <IV_Meas_Points>
    123a:	b4 e0       	ldi	r27, 0x04	; 4
    123c:	eb 9f       	mul	r30, r27
    123e:	f0 01       	movw	r30, r0
    1240:	11 24       	eor	r1, r1
    1242:	e1 54       	subi	r30, 0x41	; 65
    1244:	fd 4f       	sbci	r31, 0xFD	; 253
    1246:	60 81       	ld	r22, Z
    1248:	71 81       	ldd	r23, Z+1	; 0x01
    124a:	82 81       	ldd	r24, Z+2	; 0x02
    124c:	93 81       	ldd	r25, Z+3	; 0x03
    124e:	48 c0       	rjmp	.+144    	; 0x12e0 <__EEPROM_REGION_LENGTH__+0x2e0>
    1250:	20 91 a1 0a 	lds	r18, 0x0AA1	; 0x800aa1 <IV_Voc_Overshoot_Fact>
    1254:	30 91 a2 0a 	lds	r19, 0x0AA2	; 0x800aa2 <IV_Voc_Overshoot_Fact+0x1>
    1258:	40 91 a3 0a 	lds	r20, 0x0AA3	; 0x800aa3 <IV_Voc_Overshoot_Fact+0x2>
    125c:	50 91 a4 0a 	lds	r21, 0x0AA4	; 0x800aa4 <IV_Voc_Overshoot_Fact+0x3>
    1260:	b0 90 af 06 	lds	r11, 0x06AF	; 0x8006af <IV_Meas_Points>
    1264:	c7 01       	movw	r24, r14
    1266:	b6 01       	movw	r22, r12
    1268:	0e 94 9a 48 	call	0x9134	; 0x9134 <__mulsf3>
    126c:	6b 01       	movw	r12, r22
    126e:	7c 01       	movw	r14, r24
    1270:	6b 2d       	mov	r22, r11
    1272:	70 e0       	ldi	r23, 0x00	; 0
    1274:	61 50       	subi	r22, 0x01	; 1
    1276:	71 09       	sbc	r23, r1
    1278:	07 2e       	mov	r0, r23
    127a:	00 0c       	add	r0, r0
    127c:	88 0b       	sbc	r24, r24
    127e:	99 0b       	sbc	r25, r25
    1280:	0e 94 0c 47 	call	0x8e18	; 0x8e18 <__floatsisf>
    1284:	9b 01       	movw	r18, r22
    1286:	ac 01       	movw	r20, r24
    1288:	c7 01       	movw	r24, r14
    128a:	b6 01       	movw	r22, r12
    128c:	0e 94 40 46 	call	0x8c80	; 0x8c80 <__divsf3>
    1290:	4b 01       	movw	r8, r22
    1292:	5c 01       	movw	r10, r24
    1294:	d1 2c       	mov	r13, r1
    1296:	80 91 af 06 	lds	r24, 0x06AF	; 0x8006af <IV_Meas_Points>
    129a:	d8 16       	cp	r13, r24
    129c:	40 f6       	brcc	.-112    	; 0x122e <__EEPROM_REGION_LENGTH__+0x22e>
    129e:	ed 2c       	mov	r14, r13
    12a0:	f1 2c       	mov	r15, r1
    12a2:	6d 2d       	mov	r22, r13
    12a4:	70 e0       	ldi	r23, 0x00	; 0
    12a6:	80 e0       	ldi	r24, 0x00	; 0
    12a8:	90 e0       	ldi	r25, 0x00	; 0
    12aa:	0e 94 0a 47 	call	0x8e14	; 0x8e14 <__floatunsisf>
    12ae:	a5 01       	movw	r20, r10
    12b0:	94 01       	movw	r18, r8
    12b2:	0e 94 9a 48 	call	0x9134	; 0x9134 <__mulsf3>
    12b6:	f7 01       	movw	r30, r14
    12b8:	ee 0f       	add	r30, r30
    12ba:	ff 1f       	adc	r31, r31
    12bc:	ee 0f       	add	r30, r30
    12be:	ff 1f       	adc	r31, r31
    12c0:	ed 53       	subi	r30, 0x3D	; 61
    12c2:	fd 4f       	sbci	r31, 0xFD	; 253
    12c4:	60 83       	st	Z, r22
    12c6:	71 83       	std	Z+1, r23	; 0x01
    12c8:	82 83       	std	Z+2, r24	; 0x02
    12ca:	93 83       	std	Z+3, r25	; 0x03
    12cc:	d3 94       	inc	r13
    12ce:	e3 cf       	rjmp	.-58     	; 0x1296 <__EEPROM_REGION_LENGTH__+0x296>
    12d0:	60 91 c3 02 	lds	r22, 0x02C3	; 0x8002c3 <PV_DAC_Points>
    12d4:	70 91 c4 02 	lds	r23, 0x02C4	; 0x8002c4 <PV_DAC_Points+0x1>
    12d8:	80 91 c5 02 	lds	r24, 0x02C5	; 0x8002c5 <PV_DAC_Points+0x2>
    12dc:	90 91 c6 02 	lds	r25, 0x02C6	; 0x8002c6 <PV_DAC_Points+0x3>
    12e0:	0e 94 be 2d 	call	0x5b7c	; 0x5b7c <Set_DAC_Output_Volts>
    12e4:	80 91 b7 02 	lds	r24, 0x02B7	; 0x8002b7 <IV_Setup_Signal_Set_Time>
    12e8:	90 91 b8 02 	lds	r25, 0x02B8	; 0x8002b8 <IV_Setup_Signal_Set_Time+0x1>
    12ec:	a8 95       	wdr
    12ee:	00 97       	sbiw	r24, 0x00	; 0
    12f0:	49 f0       	breq	.+18     	; 0x1304 <__EEPROM_REGION_LENGTH__+0x304>
    12f2:	ef e9       	ldi	r30, 0x9F	; 159
    12f4:	ff e0       	ldi	r31, 0x0F	; 15
    12f6:	31 97       	sbiw	r30, 0x01	; 1
    12f8:	f1 f7       	brne	.-4      	; 0x12f6 <__EEPROM_REGION_LENGTH__+0x2f6>
    12fa:	00 c0       	rjmp	.+0      	; 0x12fc <__EEPROM_REGION_LENGTH__+0x2fc>
    12fc:	00 00       	nop
    12fe:	a8 95       	wdr
    1300:	01 97       	sbiw	r24, 0x01	; 1
    1302:	f5 cf       	rjmp	.-22     	; 0x12ee <__EEPROM_REGION_LENGTH__+0x2ee>
    1304:	a1 2c       	mov	r10, r1
    1306:	80 91 af 06 	lds	r24, 0x06AF	; 0x8006af <IV_Meas_Points>
    130a:	a8 16       	cp	r10, r24
    130c:	08 f0       	brcs	.+2      	; 0x1310 <__EEPROM_REGION_LENGTH__+0x310>
    130e:	76 c0       	rjmp	.+236    	; 0x13fc <__EEPROM_REGION_LENGTH__+0x3fc>
    1310:	80 91 be 02 	lds	r24, 0x02BE	; 0x8002be <IV_Mode>
    1314:	ca 2c       	mov	r12, r10
    1316:	d1 2c       	mov	r13, r1
    1318:	82 ff       	sbrs	r24, 2
    131a:	0c c0       	rjmp	.+24     	; 0x1334 <__EEPROM_REGION_LENGTH__+0x334>
    131c:	e0 91 af 06 	lds	r30, 0x06AF	; 0x8006af <IV_Meas_Points>
    1320:	f0 e0       	ldi	r31, 0x00	; 0
    1322:	ec 19       	sub	r30, r12
    1324:	fd 09       	sbc	r31, r13
    1326:	ee 0f       	add	r30, r30
    1328:	ff 1f       	adc	r31, r31
    132a:	ee 0f       	add	r30, r30
    132c:	ff 1f       	adc	r31, r31
    132e:	e1 54       	subi	r30, 0x41	; 65
    1330:	fd 4f       	sbci	r31, 0xFD	; 253
    1332:	07 c0       	rjmp	.+14     	; 0x1342 <__EEPROM_REGION_LENGTH__+0x342>
    1334:	f6 01       	movw	r30, r12
    1336:	ee 0f       	add	r30, r30
    1338:	ff 1f       	adc	r31, r31
    133a:	ee 0f       	add	r30, r30
    133c:	ff 1f       	adc	r31, r31
    133e:	ed 53       	subi	r30, 0x3D	; 61
    1340:	fd 4f       	sbci	r31, 0xFD	; 253
    1342:	60 81       	ld	r22, Z
    1344:	71 81       	ldd	r23, Z+1	; 0x01
    1346:	82 81       	ldd	r24, Z+2	; 0x02
    1348:	93 81       	ldd	r25, Z+3	; 0x03
    134a:	0e 94 be 2d 	call	0x5b7c	; 0x5b7c <Set_DAC_Output_Volts>
    134e:	a8 95       	wdr
    1350:	e0 90 b0 02 	lds	r14, 0x02B0	; 0x8002b0 <IV_Point_Set_Delay_ms>
    1354:	f0 90 b1 02 	lds	r15, 0x02B1	; 0x8002b1 <IV_Point_Set_Delay_ms+0x1>
    1358:	f1 e0       	ldi	r31, 0x01	; 1
    135a:	ef 1a       	sub	r14, r31
    135c:	f1 08       	sbc	r15, r1
    135e:	1c 86       	std	Y+12, r1	; 0x0c
    1360:	ff ef       	ldi	r31, 0xFF	; 255
    1362:	ef 16       	cp	r14, r31
    1364:	ff 06       	cpc	r15, r31
    1366:	09 f4       	brne	.+2      	; 0x136a <__EEPROM_REGION_LENGTH__+0x36a>
    1368:	c7 c0       	rjmp	.+398    	; 0x14f8 <__EEPROM_REGION_LENGTH__+0x4f8>
    136a:	a8 95       	wdr
    136c:	2c 85       	ldd	r18, Y+12	; 0x0c
    136e:	21 30       	cpi	r18, 0x01	; 1
    1370:	81 f4       	brne	.+32     	; 0x1392 <__EEPROM_REGION_LENGTH__+0x392>
    1372:	ec db       	rcall	.-2088   	; 0xb4c <meas_NTC1_Temp_control_fan_over_Temp>
    1374:	88 23       	and	r24, r24
    1376:	39 f0       	breq	.+14     	; 0x1386 <__EEPROM_REGION_LENGTH__+0x386>
    1378:	80 91 ab 02 	lds	r24, 0x02AB	; 0x8002ab <IV_Report>
    137c:	82 60       	ori	r24, 0x02	; 2
    137e:	80 93 ab 02 	sts	0x02AB, r24	; 0x8002ab <IV_Report>
    1382:	81 e0       	ldi	r24, 0x01	; 1
    1384:	01 c0       	rjmp	.+2      	; 0x1388 <__EEPROM_REGION_LENGTH__+0x388>
    1386:	80 e0       	ldi	r24, 0x00	; 0
    1388:	ab e4       	ldi	r26, 0x4B	; 75
    138a:	b6 e0       	ldi	r27, 0x06	; 6
    138c:	11 97       	sbiw	r26, 0x01	; 1
    138e:	f1 f7       	brne	.-4      	; 0x138c <__EEPROM_REGION_LENGTH__+0x38c>
    1390:	12 c0       	rjmp	.+36     	; 0x13b6 <__EEPROM_REGION_LENGTH__+0x3b6>
    1392:	bc 85       	ldd	r27, Y+12	; 0x0c
    1394:	b2 30       	cpi	r27, 0x02	; 2
    1396:	a9 f4       	brne	.+42     	; 0x13c2 <__EEPROM_REGION_LENGTH__+0x3c2>
    1398:	9f dc       	rcall	.-1730   	; 0xcd8 <meas_NTC2_Temp_control_fan_over_Temp>
    139a:	88 23       	and	r24, r24
    139c:	39 f0       	breq	.+14     	; 0x13ac <__EEPROM_REGION_LENGTH__+0x3ac>
    139e:	80 91 ab 02 	lds	r24, 0x02AB	; 0x8002ab <IV_Report>
    13a2:	82 60       	ori	r24, 0x02	; 2
    13a4:	80 93 ab 02 	sts	0x02AB, r24	; 0x8002ab <IV_Report>
    13a8:	81 e0       	ldi	r24, 0x01	; 1
    13aa:	01 c0       	rjmp	.+2      	; 0x13ae <__EEPROM_REGION_LENGTH__+0x3ae>
    13ac:	80 e0       	ldi	r24, 0x00	; 0
    13ae:	eb e4       	ldi	r30, 0x4B	; 75
    13b0:	f6 e0       	ldi	r31, 0x06	; 6
    13b2:	31 97       	sbiw	r30, 0x01	; 1
    13b4:	f1 f7       	brne	.-4      	; 0x13b2 <__EEPROM_REGION_LENGTH__+0x3b2>
    13b6:	00 c0       	rjmp	.+0      	; 0x13b8 <__EEPROM_REGION_LENGTH__+0x3b8>
    13b8:	00 00       	nop
    13ba:	88 23       	and	r24, r24
    13bc:	09 f4       	brne	.+2      	; 0x13c0 <__EEPROM_REGION_LENGTH__+0x3c0>
    13be:	ca c0       	rjmp	.+404    	; 0x1554 <__EEPROM_REGION_LENGTH__+0x554>
    13c0:	1d c0       	rjmp	.+58     	; 0x13fc <__EEPROM_REGION_LENGTH__+0x3fc>
    13c2:	fc 85       	ldd	r31, Y+12	; 0x0c
    13c4:	f3 30       	cpi	r31, 0x03	; 3
    13c6:	51 f4       	brne	.+20     	; 0x13dc <__EEPROM_REGION_LENGTH__+0x3dc>
    13c8:	4d dd       	rcall	.-1382   	; 0xe64 <meas_Bias_Volt_Range_Check>
    13ca:	8b e3       	ldi	r24, 0x3B	; 59
    13cc:	9a e0       	ldi	r25, 0x0A	; 10
    13ce:	01 97       	sbiw	r24, 0x01	; 1
    13d0:	f1 f7       	brne	.-4      	; 0x13ce <__EEPROM_REGION_LENGTH__+0x3ce>
    13d2:	00 c0       	rjmp	.+0      	; 0x13d4 <__EEPROM_REGION_LENGTH__+0x3d4>
    13d4:	00 00       	nop
    13d6:	94 e0       	ldi	r25, 0x04	; 4
    13d8:	9c 87       	std	Y+12, r25	; 0x0c
    13da:	0c c0       	rjmp	.+24     	; 0x13f4 <__EEPROM_REGION_LENGTH__+0x3f4>
    13dc:	ab e9       	ldi	r26, 0x9B	; 155
    13de:	bf e0       	ldi	r27, 0x0F	; 15
    13e0:	11 97       	sbiw	r26, 0x01	; 1
    13e2:	f1 f7       	brne	.-4      	; 0x13e0 <__EEPROM_REGION_LENGTH__+0x3e0>
    13e4:	00 c0       	rjmp	.+0      	; 0x13e6 <__EEPROM_REGION_LENGTH__+0x3e6>
    13e6:	00 00       	nop
    13e8:	bc 85       	ldd	r27, Y+12	; 0x0c
    13ea:	bf 5f       	subi	r27, 0xFF	; 255
    13ec:	bc 87       	std	Y+12, r27	; 0x0c
    13ee:	ba 30       	cpi	r27, 0x0A	; 10
    13f0:	08 f0       	brcs	.+2      	; 0x13f4 <__EEPROM_REGION_LENGTH__+0x3f4>
    13f2:	1c 86       	std	Y+12, r1	; 0x0c
    13f4:	e1 e0       	ldi	r30, 0x01	; 1
    13f6:	ee 1a       	sub	r14, r30
    13f8:	f1 08       	sbc	r15, r1
    13fa:	b2 cf       	rjmp	.-156    	; 0x1360 <__EEPROM_REGION_LENGTH__+0x360>
    13fc:	00 99       	sbic	0x00, 0	; 0
    13fe:	04 c0       	rjmp	.+8      	; 0x1408 <__EEPROM_REGION_LENGTH__+0x408>
    1400:	80 91 ab 02 	lds	r24, 0x02AB	; 0x8002ab <IV_Report>
    1404:	81 60       	ori	r24, 0x01	; 1
    1406:	03 c0       	rjmp	.+6      	; 0x140e <__EEPROM_REGION_LENGTH__+0x40e>
    1408:	80 91 ab 02 	lds	r24, 0x02AB	; 0x8002ab <IV_Report>
    140c:	8e 7f       	andi	r24, 0xFE	; 254
    140e:	80 93 ab 02 	sts	0x02AB, r24	; 0x8002ab <IV_Report>
    1412:	80 91 61 14 	lds	r24, 0x1461	; 0x801461 <Track_Status>
    1416:	80 68       	ori	r24, 0x80	; 128
    1418:	80 93 61 14 	sts	0x1461, r24	; 0x801461 <Track_Status>
    141c:	80 91 1e 14 	lds	r24, 0x141E	; 0x80141e <SysStatus_B>
    1420:	82 60       	ori	r24, 0x02	; 2
    1422:	80 93 1e 14 	sts	0x141E, r24	; 0x80141e <SysStatus_B>
    1426:	80 91 1f 14 	lds	r24, 0x141F	; 0x80141f <SysControl>
    142a:	8d 7f       	andi	r24, 0xFD	; 253
    142c:	80 93 1f 14 	sts	0x141F, r24	; 0x80141f <SysControl>
    1430:	88 85       	ldd	r24, Y+8	; 0x08
    1432:	99 85       	ldd	r25, Y+9	; 0x09
    1434:	aa 85       	ldd	r26, Y+10	; 0x0a
    1436:	bb 85       	ldd	r27, Y+11	; 0x0b
    1438:	80 93 b5 14 	sts	0x14B5, r24	; 0x8014b5 <PV_Volt_DAQ_New>
    143c:	90 93 b6 14 	sts	0x14B6, r25	; 0x8014b6 <PV_Volt_DAQ_New+0x1>
    1440:	a0 93 b7 14 	sts	0x14B7, r26	; 0x8014b7 <PV_Volt_DAQ_New+0x2>
    1444:	b0 93 b8 14 	sts	0x14B8, r27	; 0x8014b8 <PV_Volt_DAQ_New+0x3>
    1448:	80 91 54 15 	lds	r24, 0x1554	; 0x801554 <Range_Curr_ID_Act>
    144c:	9a 81       	ldd	r25, Y+2	; 0x02
    144e:	98 17       	cp	r25, r24
    1450:	39 f0       	breq	.+14     	; 0x1460 <__EEPROM_REGION_LENGTH__+0x460>
    1452:	10 92 e3 14 	sts	0x14E3, r1	; 0x8014e3 <Range_Curr_Switch_Freq_Counter+0x1>
    1456:	10 92 e2 14 	sts	0x14E2, r1	; 0x8014e2 <Range_Curr_Switch_Freq_Counter>
    145a:	89 2f       	mov	r24, r25
    145c:	0e 94 5b 40 	call	0x80b6	; 0x80b6 <SET_CURRENT_RANGE>
    1460:	80 91 dd 14 	lds	r24, 0x14DD	; 0x8014dd <Range_Volt_ID_Act>
    1464:	ab 81       	ldd	r26, Y+3	; 0x03
    1466:	a8 17       	cp	r26, r24
    1468:	39 f0       	breq	.+14     	; 0x1478 <__EEPROM_REGION_LENGTH__+0x478>
    146a:	10 92 28 15 	sts	0x1528, r1	; 0x801528 <Range_Volt_Switch_Freq_Counter+0x1>
    146e:	10 92 27 15 	sts	0x1527, r1	; 0x801527 <Range_Volt_Switch_Freq_Counter>
    1472:	8a 2f       	mov	r24, r26
    1474:	0e 94 5d 3f 	call	0x7eba	; 0x7eba <SET_VOLTAGE_RANGE>
    1478:	60 91 b5 14 	lds	r22, 0x14B5	; 0x8014b5 <PV_Volt_DAQ_New>
    147c:	70 91 b6 14 	lds	r23, 0x14B6	; 0x8014b6 <PV_Volt_DAQ_New+0x1>
    1480:	80 91 b7 14 	lds	r24, 0x14B7	; 0x8014b7 <PV_Volt_DAQ_New+0x2>
    1484:	90 91 b8 14 	lds	r25, 0x14B8	; 0x8014b8 <PV_Volt_DAQ_New+0x3>
    1488:	0e 94 be 2d 	call	0x5b7c	; 0x5b7c <Set_DAC_Output_Volts>
    148c:	13 98       	cbi	0x02, 3	; 2
    148e:	12 98       	cbi	0x02, 2	; 2
    1490:	11 98       	cbi	0x02, 1	; 2
    1492:	80 91 b7 02 	lds	r24, 0x02B7	; 0x8002b7 <IV_Setup_Signal_Set_Time>
    1496:	90 91 b8 02 	lds	r25, 0x02B8	; 0x8002b8 <IV_Setup_Signal_Set_Time+0x1>
    149a:	a8 95       	wdr
    149c:	00 97       	sbiw	r24, 0x00	; 0
    149e:	49 f0       	breq	.+18     	; 0x14b2 <__EEPROM_REGION_LENGTH__+0x4b2>
    14a0:	ef e9       	ldi	r30, 0x9F	; 159
    14a2:	ff e0       	ldi	r31, 0x0F	; 15
    14a4:	31 97       	sbiw	r30, 0x01	; 1
    14a6:	f1 f7       	brne	.-4      	; 0x14a4 <__EEPROM_REGION_LENGTH__+0x4a4>
    14a8:	00 c0       	rjmp	.+0      	; 0x14aa <__EEPROM_REGION_LENGTH__+0x4aa>
    14aa:	00 00       	nop
    14ac:	a8 95       	wdr
    14ae:	01 97       	sbiw	r24, 0x01	; 1
    14b0:	f5 cf       	rjmp	.-22     	; 0x149c <__EEPROM_REGION_LENGTH__+0x49c>
    14b2:	80 91 1e 14 	lds	r24, 0x141E	; 0x80141e <SysStatus_B>
    14b6:	8e 7f       	andi	r24, 0xFE	; 254
    14b8:	80 93 1e 14 	sts	0x141E, r24	; 0x80141e <SysStatus_B>
    14bc:	80 91 29 14 	lds	r24, 0x1429	; 0x801429 <Timer_CTR>
    14c0:	8e 7f       	andi	r24, 0xFE	; 254
    14c2:	80 93 29 14 	sts	0x1429, r24	; 0x801429 <Timer_CTR>
    14c6:	2d 96       	adiw	r28, 0x0d	; 13
    14c8:	0f b6       	in	r0, 0x3f	; 63
    14ca:	f8 94       	cli
    14cc:	de bf       	out	0x3e, r29	; 62
    14ce:	0f be       	out	0x3f, r0	; 63
    14d0:	cd bf       	out	0x3d, r28	; 61
    14d2:	df 91       	pop	r29
    14d4:	cf 91       	pop	r28
    14d6:	1f 91       	pop	r17
    14d8:	0f 91       	pop	r16
    14da:	ff 90       	pop	r15
    14dc:	ef 90       	pop	r14
    14de:	df 90       	pop	r13
    14e0:	cf 90       	pop	r12
    14e2:	bf 90       	pop	r11
    14e4:	af 90       	pop	r10
    14e6:	9f 90       	pop	r9
    14e8:	8f 90       	pop	r8
    14ea:	7f 90       	pop	r7
    14ec:	6f 90       	pop	r6
    14ee:	5f 90       	pop	r5
    14f0:	4f 90       	pop	r4
    14f2:	3f 90       	pop	r3
    14f4:	2f 90       	pop	r2
    14f6:	08 95       	ret
    14f8:	2c 81       	ldd	r18, Y+4	; 0x04
    14fa:	3d 81       	ldd	r19, Y+5	; 0x05
    14fc:	4e 81       	ldd	r20, Y+6	; 0x06
    14fe:	5f 81       	ldd	r21, Y+7	; 0x07
    1500:	60 2f       	mov	r22, r16
    1502:	73 2d       	mov	r23, r3
    1504:	89 81       	ldd	r24, Y+1	; 0x01
    1506:	91 2f       	mov	r25, r17
    1508:	8c d9       	rcall	.-3304   	; 0x822 <IV_MEAS__Meas_Curr_Volt_Point>
    150a:	40 91 8f 10 	lds	r20, 0x108F	; 0x80108f <AI_Volt>
    150e:	50 91 90 10 	lds	r21, 0x1090	; 0x801090 <AI_Volt+0x1>
    1512:	60 91 91 10 	lds	r22, 0x1091	; 0x801091 <AI_Volt+0x2>
    1516:	70 91 92 10 	lds	r23, 0x1092	; 0x801092 <AI_Volt+0x3>
    151a:	c6 01       	movw	r24, r12
    151c:	88 0f       	add	r24, r24
    151e:	99 1f       	adc	r25, r25
    1520:	88 0f       	add	r24, r24
    1522:	99 1f       	adc	r25, r25
    1524:	fc 01       	movw	r30, r24
    1526:	eb 55       	subi	r30, 0x5B	; 91
    1528:	f5 4f       	sbci	r31, 0xF5	; 245
    152a:	40 83       	st	Z, r20
    152c:	51 83       	std	Z+1, r21	; 0x01
    152e:	62 83       	std	Z+2, r22	; 0x02
    1530:	73 83       	std	Z+3, r23	; 0x03
    1532:	40 91 41 12 	lds	r20, 0x1241	; 0x801241 <AI_Curr_Corr>
    1536:	50 91 42 12 	lds	r21, 0x1242	; 0x801242 <AI_Curr_Corr+0x1>
    153a:	60 91 43 12 	lds	r22, 0x1243	; 0x801243 <AI_Curr_Corr+0x2>
    153e:	70 91 44 12 	lds	r23, 0x1244	; 0x801244 <AI_Curr_Corr+0x3>
    1542:	fc 01       	movw	r30, r24
    1544:	ec 54       	subi	r30, 0x4C	; 76
    1546:	f9 4f       	sbci	r31, 0xF9	; 249
    1548:	40 83       	st	Z, r20
    154a:	51 83       	std	Z+1, r21	; 0x01
    154c:	62 83       	std	Z+2, r22	; 0x02
    154e:	73 83       	std	Z+3, r23	; 0x03
    1550:	a3 94       	inc	r10
    1552:	d9 ce       	rjmp	.-590    	; 0x1306 <__EEPROM_REGION_LENGTH__+0x306>
    1554:	fc 85       	ldd	r31, Y+12	; 0x0c
    1556:	ff 5f       	subi	r31, 0xFF	; 255
    1558:	fc 87       	std	Y+12, r31	; 0x0c
    155a:	4c cf       	rjmp	.-360    	; 0x13f4 <__EEPROM_REGION_LENGTH__+0x3f4>

0000155c <PI_CTR__Set_New_Prop_ID>:
    155c:	cf 93       	push	r28
    155e:	c8 2f       	mov	r28, r24
    1560:	80 91 f2 13 	lds	r24, 0x13F2	; 0x8013f2 <DIOE_PORT_B_STATE>
    1564:	c1 11       	cpse	r28, r1
    1566:	02 c0       	rjmp	.+4      	; 0x156c <PI_CTR__Set_New_Prop_ID+0x10>
    1568:	8f 7b       	andi	r24, 0xBF	; 191
    156a:	03 c0       	rjmp	.+6      	; 0x1572 <PI_CTR__Set_New_Prop_ID+0x16>
    156c:	c1 30       	cpi	r28, 0x01	; 1
    156e:	39 f4       	brne	.+14     	; 0x157e <PI_CTR__Set_New_Prop_ID+0x22>
    1570:	80 64       	ori	r24, 0x40	; 64
    1572:	80 93 f2 13 	sts	0x13F2, r24	; 0x8013f2 <DIOE_PORT_B_STATE>
    1576:	80 91 f2 13 	lds	r24, 0x13F2	; 0x8013f2 <DIOE_PORT_B_STATE>
    157a:	8f 77       	andi	r24, 0x7F	; 127
    157c:	0a c0       	rjmp	.+20     	; 0x1592 <PI_CTR__Set_New_Prop_ID+0x36>
    157e:	c2 30       	cpi	r28, 0x02	; 2
    1580:	11 f4       	brne	.+4      	; 0x1586 <PI_CTR__Set_New_Prop_ID+0x2a>
    1582:	8f 7b       	andi	r24, 0xBF	; 191
    1584:	01 c0       	rjmp	.+2      	; 0x1588 <PI_CTR__Set_New_Prop_ID+0x2c>
    1586:	80 64       	ori	r24, 0x40	; 64
    1588:	80 93 f2 13 	sts	0x13F2, r24	; 0x8013f2 <DIOE_PORT_B_STATE>
    158c:	80 91 f2 13 	lds	r24, 0x13F2	; 0x8013f2 <DIOE_PORT_B_STATE>
    1590:	80 68       	ori	r24, 0x80	; 128
    1592:	80 93 f2 13 	sts	0x13F2, r24	; 0x8013f2 <DIOE_PORT_B_STATE>
    1596:	40 91 f2 13 	lds	r20, 0x13F2	; 0x8013f2 <DIOE_PORT_B_STATE>
    159a:	60 91 3f 12 	lds	r22, 0x123F	; 0x80123f <DIOE_PORT_A_STATE>
    159e:	82 e0       	ldi	r24, 0x02	; 2
    15a0:	0e 94 32 30 	call	0x6064	; 0x6064 <DIOExp_Write_Outputs>
    15a4:	8f e8       	ldi	r24, 0x8F	; 143
    15a6:	91 e0       	ldi	r25, 0x01	; 1
    15a8:	01 97       	sbiw	r24, 0x01	; 1
    15aa:	f1 f7       	brne	.-4      	; 0x15a8 <PI_CTR__Set_New_Prop_ID+0x4c>
    15ac:	00 c0       	rjmp	.+0      	; 0x15ae <PI_CTR__Set_New_Prop_ID+0x52>
    15ae:	00 00       	nop
    15b0:	c0 93 91 0e 	sts	0x0E91, r28	; 0x800e91 <PI_CTR_Prop_ID_Act>
    15b4:	cf 91       	pop	r28
    15b6:	08 95       	ret

000015b8 <PI_CTR__Set_New_Int_ID>:
    15b8:	cf 93       	push	r28
    15ba:	c8 2f       	mov	r28, r24
    15bc:	80 91 f2 13 	lds	r24, 0x13F2	; 0x8013f2 <DIOE_PORT_B_STATE>
    15c0:	c1 11       	cpse	r28, r1
    15c2:	02 c0       	rjmp	.+4      	; 0x15c8 <PI_CTR__Set_New_Int_ID+0x10>
    15c4:	8f 7e       	andi	r24, 0xEF	; 239
    15c6:	03 c0       	rjmp	.+6      	; 0x15ce <PI_CTR__Set_New_Int_ID+0x16>
    15c8:	c1 30       	cpi	r28, 0x01	; 1
    15ca:	39 f4       	brne	.+14     	; 0x15da <PI_CTR__Set_New_Int_ID+0x22>
    15cc:	80 61       	ori	r24, 0x10	; 16
    15ce:	80 93 f2 13 	sts	0x13F2, r24	; 0x8013f2 <DIOE_PORT_B_STATE>
    15d2:	80 91 f2 13 	lds	r24, 0x13F2	; 0x8013f2 <DIOE_PORT_B_STATE>
    15d6:	8f 7d       	andi	r24, 0xDF	; 223
    15d8:	0a c0       	rjmp	.+20     	; 0x15ee <PI_CTR__Set_New_Int_ID+0x36>
    15da:	c2 30       	cpi	r28, 0x02	; 2
    15dc:	11 f4       	brne	.+4      	; 0x15e2 <PI_CTR__Set_New_Int_ID+0x2a>
    15de:	8f 7e       	andi	r24, 0xEF	; 239
    15e0:	01 c0       	rjmp	.+2      	; 0x15e4 <PI_CTR__Set_New_Int_ID+0x2c>
    15e2:	80 61       	ori	r24, 0x10	; 16
    15e4:	80 93 f2 13 	sts	0x13F2, r24	; 0x8013f2 <DIOE_PORT_B_STATE>
    15e8:	80 91 f2 13 	lds	r24, 0x13F2	; 0x8013f2 <DIOE_PORT_B_STATE>
    15ec:	80 62       	ori	r24, 0x20	; 32
    15ee:	80 93 f2 13 	sts	0x13F2, r24	; 0x8013f2 <DIOE_PORT_B_STATE>
    15f2:	40 91 f2 13 	lds	r20, 0x13F2	; 0x8013f2 <DIOE_PORT_B_STATE>
    15f6:	60 91 3f 12 	lds	r22, 0x123F	; 0x80123f <DIOE_PORT_A_STATE>
    15fa:	82 e0       	ldi	r24, 0x02	; 2
    15fc:	0e 94 32 30 	call	0x6064	; 0x6064 <DIOExp_Write_Outputs>
    1600:	8f e8       	ldi	r24, 0x8F	; 143
    1602:	91 e0       	ldi	r25, 0x01	; 1
    1604:	01 97       	sbiw	r24, 0x01	; 1
    1606:	f1 f7       	brne	.-4      	; 0x1604 <PI_CTR__Set_New_Int_ID+0x4c>
    1608:	00 c0       	rjmp	.+0      	; 0x160a <PI_CTR__Set_New_Int_ID+0x52>
    160a:	00 00       	nop
    160c:	c0 93 94 0e 	sts	0x0E94, r28	; 0x800e94 <PI_CTR_Int_ID_Act>
    1610:	cf 91       	pop	r28
    1612:	08 95       	ret

00001614 <PI_CRT__Process_Controller_Settings>:
    1614:	90 91 91 0e 	lds	r25, 0x0E91	; 0x800e91 <PI_CTR_Prop_ID_Act>
    1618:	80 91 92 0e 	lds	r24, 0x0E92	; 0x800e92 <PI_CTR_Prop_ID_Man>
    161c:	98 17       	cp	r25, r24
    161e:	19 f0       	breq	.+6      	; 0x1626 <PI_CRT__Process_Controller_Settings+0x12>
    1620:	80 91 92 0e 	lds	r24, 0x0E92	; 0x800e92 <PI_CTR_Prop_ID_Man>
    1624:	9b df       	rcall	.-202    	; 0x155c <PI_CTR__Set_New_Prop_ID>
    1626:	90 91 94 0e 	lds	r25, 0x0E94	; 0x800e94 <PI_CTR_Int_ID_Act>
    162a:	80 91 93 0e 	lds	r24, 0x0E93	; 0x800e93 <PI_CTR_Int_ID_Man>
    162e:	98 17       	cp	r25, r24
    1630:	19 f0       	breq	.+6      	; 0x1638 <PI_CRT__Process_Controller_Settings+0x24>
    1632:	80 91 93 0e 	lds	r24, 0x0E93	; 0x800e93 <PI_CTR_Int_ID_Man>
    1636:	c0 cf       	rjmp	.-128    	; 0x15b8 <PI_CTR__Set_New_Int_ID>
    1638:	08 95       	ret

0000163a <UART_WriteString>:
    163a:	bc 01       	movw	r22, r24
    163c:	80 91 96 0e 	lds	r24, 0x0E96	; 0x800e96 <UART_Reply_L>
    1640:	81 11       	cpse	r24, r1
    1642:	fc cf       	rjmp	.-8      	; 0x163c <UART_WriteString+0x2>
    1644:	90 e0       	ldi	r25, 0x00	; 0
    1646:	29 2f       	mov	r18, r25
    1648:	30 e0       	ldi	r19, 0x00	; 0
    164a:	fb 01       	movw	r30, r22
    164c:	e2 0f       	add	r30, r18
    164e:	f3 1f       	adc	r31, r19
    1650:	40 81       	ld	r20, Z
    1652:	44 23       	and	r20, r20
    1654:	39 f0       	breq	.+14     	; 0x1664 <UART_WriteString+0x2a>
    1656:	80 81       	ld	r24, Z
    1658:	f9 01       	movw	r30, r18
    165a:	e2 57       	subi	r30, 0x72	; 114
    165c:	f0 4f       	sbci	r31, 0xF0	; 240
    165e:	80 83       	st	Z, r24
    1660:	9f 5f       	subi	r25, 0xFF	; 255
    1662:	f1 cf       	rjmp	.-30     	; 0x1646 <UART_WriteString+0xc>
    1664:	80 91 1d 14 	lds	r24, 0x141D	; 0x80141d <UartStatus>
    1668:	86 fd       	sbrc	r24, 6
    166a:	06 c0       	rjmp	.+12     	; 0x1678 <UART_WriteString+0x3e>
    166c:	f9 01       	movw	r30, r18
    166e:	e2 57       	subi	r30, 0x72	; 114
    1670:	f0 4f       	sbci	r31, 0xF0	; 240
    1672:	8a e0       	ldi	r24, 0x0A	; 10
    1674:	80 83       	st	Z, r24
    1676:	9f 5f       	subi	r25, 0xFF	; 255
    1678:	e9 2f       	mov	r30, r25
    167a:	f0 e0       	ldi	r31, 0x00	; 0
    167c:	e2 57       	subi	r30, 0x72	; 114
    167e:	f0 4f       	sbci	r31, 0xF0	; 240
    1680:	10 82       	st	Z, r1
    1682:	90 93 96 0e 	sts	0x0E96, r25	; 0x800e96 <UART_Reply_L>
    1686:	81 e0       	ldi	r24, 0x01	; 1
    1688:	80 93 8d 0f 	sts	0x0F8D, r24	; 0x800f8d <UART_Reply_P>
    168c:	80 91 c0 00 	lds	r24, 0x00C0	; 0x8000c0 <__TEXT_REGION_LENGTH__+0x7e00c0>
    1690:	85 ff       	sbrs	r24, 5
    1692:	fc cf       	rjmp	.-8      	; 0x168c <UART_WriteString+0x52>
    1694:	5a 9a       	sbi	0x0b, 2	; 11
    1696:	85 e0       	ldi	r24, 0x05	; 5
    1698:	8a 95       	dec	r24
    169a:	f1 f7       	brne	.-4      	; 0x1698 <UART_WriteString+0x5e>
    169c:	00 00       	nop
    169e:	80 91 c1 00 	lds	r24, 0x00C1	; 0x8000c1 <__TEXT_REGION_LENGTH__+0x7e00c1>
    16a2:	80 64       	ori	r24, 0x40	; 64
    16a4:	80 93 c1 00 	sts	0x00C1, r24	; 0x8000c1 <__TEXT_REGION_LENGTH__+0x7e00c1>
    16a8:	80 91 8e 0f 	lds	r24, 0x0F8E	; 0x800f8e <UART_Reply>
    16ac:	80 93 c6 00 	sts	0x00C6, r24	; 0x8000c6 <__TEXT_REGION_LENGTH__+0x7e00c6>
    16b0:	08 95       	ret

000016b2 <COM_Compare_to_OutStr>:
    16b2:	ac 01       	movw	r20, r24
    16b4:	90 91 82 10 	lds	r25, 0x1082	; 0x801082 <OutSTR_L>
    16b8:	99 23       	and	r25, r25
    16ba:	79 f0       	breq	.+30     	; 0x16da <COM_Compare_to_OutStr+0x28>
    16bc:	91 50       	subi	r25, 0x01	; 1
    16be:	29 2f       	mov	r18, r25
    16c0:	30 e0       	ldi	r19, 0x00	; 0
    16c2:	f9 01       	movw	r30, r18
    16c4:	e8 56       	subi	r30, 0x68	; 104
    16c6:	f1 4f       	sbci	r31, 0xF1	; 241
    16c8:	80 81       	ld	r24, Z
    16ca:	fa 01       	movw	r30, r20
    16cc:	e2 0f       	add	r30, r18
    16ce:	f3 1f       	adc	r31, r19
    16d0:	20 81       	ld	r18, Z
    16d2:	28 17       	cp	r18, r24
    16d4:	89 f3       	breq	.-30     	; 0x16b8 <COM_Compare_to_OutStr+0x6>
    16d6:	80 e0       	ldi	r24, 0x00	; 0
    16d8:	08 95       	ret
    16da:	81 e0       	ldi	r24, 0x01	; 1
    16dc:	08 95       	ret

000016de <COM_Compare_to_OutStr_Offset>:
    16de:	ac 01       	movw	r20, r24
    16e0:	90 91 82 10 	lds	r25, 0x1082	; 0x801082 <OutSTR_L>
    16e4:	69 17       	cp	r22, r25
    16e6:	78 f4       	brcc	.+30     	; 0x1706 <COM_Compare_to_OutStr_Offset+0x28>
    16e8:	91 50       	subi	r25, 0x01	; 1
    16ea:	29 2f       	mov	r18, r25
    16ec:	30 e0       	ldi	r19, 0x00	; 0
    16ee:	f9 01       	movw	r30, r18
    16f0:	e8 56       	subi	r30, 0x68	; 104
    16f2:	f1 4f       	sbci	r31, 0xF1	; 241
    16f4:	80 81       	ld	r24, Z
    16f6:	fa 01       	movw	r30, r20
    16f8:	e2 0f       	add	r30, r18
    16fa:	f3 1f       	adc	r31, r19
    16fc:	20 81       	ld	r18, Z
    16fe:	28 17       	cp	r18, r24
    1700:	89 f3       	breq	.-30     	; 0x16e4 <COM_Compare_to_OutStr_Offset+0x6>
    1702:	80 e0       	ldi	r24, 0x00	; 0
    1704:	08 95       	ret
    1706:	81 e0       	ldi	r24, 0x01	; 1
    1708:	08 95       	ret

0000170a <COM_Copy_To_OutSTR_From_Start>:
    170a:	9c 01       	movw	r18, r24
    170c:	10 92 82 10 	sts	0x1082, r1	; 0x801082 <OutSTR_L>
    1710:	80 91 82 10 	lds	r24, 0x1082	; 0x801082 <OutSTR_L>
    1714:	f9 01       	movw	r30, r18
    1716:	e8 0f       	add	r30, r24
    1718:	f1 1d       	adc	r31, r1
    171a:	80 81       	ld	r24, Z
    171c:	e0 91 82 10 	lds	r30, 0x1082	; 0x801082 <OutSTR_L>
    1720:	f0 e0       	ldi	r31, 0x00	; 0
    1722:	88 23       	and	r24, r24
    1724:	79 f0       	breq	.+30     	; 0x1744 <COM_Copy_To_OutSTR_From_Start+0x3a>
    1726:	80 91 82 10 	lds	r24, 0x1082	; 0x801082 <OutSTR_L>
    172a:	d9 01       	movw	r26, r18
    172c:	a8 0f       	add	r26, r24
    172e:	b1 1d       	adc	r27, r1
    1730:	8c 91       	ld	r24, X
    1732:	e8 56       	subi	r30, 0x68	; 104
    1734:	f1 4f       	sbci	r31, 0xF1	; 241
    1736:	80 83       	st	Z, r24
    1738:	90 91 82 10 	lds	r25, 0x1082	; 0x801082 <OutSTR_L>
    173c:	9f 5f       	subi	r25, 0xFF	; 255
    173e:	90 93 82 10 	sts	0x1082, r25	; 0x801082 <OutSTR_L>
    1742:	e6 cf       	rjmp	.-52     	; 0x1710 <COM_Copy_To_OutSTR_From_Start+0x6>
    1744:	e8 56       	subi	r30, 0x68	; 104
    1746:	f1 4f       	sbci	r31, 0xF1	; 241
    1748:	10 82       	st	Z, r1
    174a:	08 95       	ret

0000174c <COM_Add_To_OutSTR_with_Sep>:
    174c:	ac 01       	movw	r20, r24
    174e:	e0 91 82 10 	lds	r30, 0x1082	; 0x801082 <OutSTR_L>
    1752:	f0 e0       	ldi	r31, 0x00	; 0
    1754:	e8 56       	subi	r30, 0x68	; 104
    1756:	f1 4f       	sbci	r31, 0xF1	; 241
    1758:	89 e0       	ldi	r24, 0x09	; 9
    175a:	80 83       	st	Z, r24
    175c:	90 91 82 10 	lds	r25, 0x1082	; 0x801082 <OutSTR_L>
    1760:	9f 5f       	subi	r25, 0xFF	; 255
    1762:	90 93 82 10 	sts	0x1082, r25	; 0x801082 <OutSTR_L>
    1766:	90 e0       	ldi	r25, 0x00	; 0
    1768:	da 01       	movw	r26, r20
    176a:	a9 0f       	add	r26, r25
    176c:	b1 1d       	adc	r27, r1
    176e:	8c 91       	ld	r24, X
    1770:	e0 91 82 10 	lds	r30, 0x1082	; 0x801082 <OutSTR_L>
    1774:	f0 e0       	ldi	r31, 0x00	; 0
    1776:	88 23       	and	r24, r24
    1778:	59 f0       	breq	.+22     	; 0x1790 <COM_Add_To_OutSTR_with_Sep+0x44>
    177a:	8c 91       	ld	r24, X
    177c:	e8 56       	subi	r30, 0x68	; 104
    177e:	f1 4f       	sbci	r31, 0xF1	; 241
    1780:	80 83       	st	Z, r24
    1782:	9f 5f       	subi	r25, 0xFF	; 255
    1784:	20 91 82 10 	lds	r18, 0x1082	; 0x801082 <OutSTR_L>
    1788:	2f 5f       	subi	r18, 0xFF	; 255
    178a:	20 93 82 10 	sts	0x1082, r18	; 0x801082 <OutSTR_L>
    178e:	ec cf       	rjmp	.-40     	; 0x1768 <COM_Add_To_OutSTR_with_Sep+0x1c>
    1790:	e8 56       	subi	r30, 0x68	; 104
    1792:	f1 4f       	sbci	r31, 0xF1	; 241
    1794:	10 82       	st	Z, r1
    1796:	08 95       	ret

00001798 <COM_Add_To_OutSTR_At_Position>:
    1798:	ac 01       	movw	r20, r24
    179a:	60 93 82 10 	sts	0x1082, r22	; 0x801082 <OutSTR_L>
    179e:	90 e0       	ldi	r25, 0x00	; 0
    17a0:	fa 01       	movw	r30, r20
    17a2:	e9 0f       	add	r30, r25
    17a4:	f1 1d       	adc	r31, r1
    17a6:	20 81       	ld	r18, Z
    17a8:	e0 91 82 10 	lds	r30, 0x1082	; 0x801082 <OutSTR_L>
    17ac:	f0 e0       	ldi	r31, 0x00	; 0
    17ae:	e8 56       	subi	r30, 0x68	; 104
    17b0:	f1 4f       	sbci	r31, 0xF1	; 241
    17b2:	22 23       	and	r18, r18
    17b4:	41 f0       	breq	.+16     	; 0x17c6 <COM_Add_To_OutSTR_At_Position+0x2e>
    17b6:	20 83       	st	Z, r18
    17b8:	20 91 82 10 	lds	r18, 0x1082	; 0x801082 <OutSTR_L>
    17bc:	2f 5f       	subi	r18, 0xFF	; 255
    17be:	20 93 82 10 	sts	0x1082, r18	; 0x801082 <OutSTR_L>
    17c2:	9f 5f       	subi	r25, 0xFF	; 255
    17c4:	ed cf       	rjmp	.-38     	; 0x17a0 <COM_Add_To_OutSTR_At_Position+0x8>
    17c6:	10 82       	st	Z, r1
    17c8:	08 95       	ret

000017ca <COM_Add_QuestMark_To_OutSTR_No_Sep>:
    17ca:	e0 91 82 10 	lds	r30, 0x1082	; 0x801082 <OutSTR_L>
    17ce:	f0 e0       	ldi	r31, 0x00	; 0
    17d0:	e8 56       	subi	r30, 0x68	; 104
    17d2:	f1 4f       	sbci	r31, 0xF1	; 241
    17d4:	8f e3       	ldi	r24, 0x3F	; 63
    17d6:	80 83       	st	Z, r24
    17d8:	80 91 82 10 	lds	r24, 0x1082	; 0x801082 <OutSTR_L>
    17dc:	8f 5f       	subi	r24, 0xFF	; 255
    17de:	80 93 82 10 	sts	0x1082, r24	; 0x801082 <OutSTR_L>
    17e2:	e0 91 82 10 	lds	r30, 0x1082	; 0x801082 <OutSTR_L>
    17e6:	f0 e0       	ldi	r31, 0x00	; 0
    17e8:	e8 56       	subi	r30, 0x68	; 104
    17ea:	f1 4f       	sbci	r31, 0xF1	; 241
    17ec:	10 82       	st	Z, r1
    17ee:	08 95       	ret

000017f0 <Compare_String>:
    17f0:	fb 01       	movw	r30, r22
    17f2:	2e 2f       	mov	r18, r30
    17f4:	26 1b       	sub	r18, r22
    17f6:	42 17       	cp	r20, r18
    17f8:	41 f0       	breq	.+16     	; 0x180a <Compare_String+0x1a>
    17fa:	dc 01       	movw	r26, r24
    17fc:	3d 91       	ld	r19, X+
    17fe:	cd 01       	movw	r24, r26
    1800:	20 81       	ld	r18, Z
    1802:	32 13       	cpse	r19, r18
    1804:	04 c0       	rjmp	.+8      	; 0x180e <Compare_String+0x1e>
    1806:	31 96       	adiw	r30, 0x01	; 1
    1808:	f4 cf       	rjmp	.-24     	; 0x17f2 <Compare_String+0x2>
    180a:	81 e0       	ldi	r24, 0x01	; 1
    180c:	08 95       	ret
    180e:	80 e0       	ldi	r24, 0x00	; 0
    1810:	08 95       	ret

00001812 <Copy_String>:
    1812:	ac 01       	movw	r20, r24
    1814:	90 e0       	ldi	r25, 0x00	; 0
    1816:	e9 2f       	mov	r30, r25
    1818:	f0 e0       	ldi	r31, 0x00	; 0
    181a:	db 01       	movw	r26, r22
    181c:	ae 0f       	add	r26, r30
    181e:	bf 1f       	adc	r27, r31
    1820:	2c 91       	ld	r18, X
    1822:	e4 0f       	add	r30, r20
    1824:	f5 1f       	adc	r31, r21
    1826:	22 23       	and	r18, r18
    1828:	19 f0       	breq	.+6      	; 0x1830 <Copy_String+0x1e>
    182a:	20 83       	st	Z, r18
    182c:	9f 5f       	subi	r25, 0xFF	; 255
    182e:	f3 cf       	rjmp	.-26     	; 0x1816 <Copy_String+0x4>
    1830:	10 82       	st	Z, r1
    1832:	08 95       	ret

00001834 <AddEnd_String>:
    1834:	cf 93       	push	r28
    1836:	df 93       	push	r29
    1838:	dc 01       	movw	r26, r24
    183a:	90 e0       	ldi	r25, 0x00	; 0
    183c:	fd 01       	movw	r30, r26
    183e:	e9 0f       	add	r30, r25
    1840:	f1 1d       	adc	r31, r1
    1842:	80 81       	ld	r24, Z
    1844:	88 23       	and	r24, r24
    1846:	11 f0       	breq	.+4      	; 0x184c <AddEnd_String+0x18>
    1848:	9f 5f       	subi	r25, 0xFF	; 255
    184a:	f8 cf       	rjmp	.-16     	; 0x183c <AddEnd_String+0x8>
    184c:	49 2f       	mov	r20, r25
    184e:	84 2f       	mov	r24, r20
    1850:	89 1b       	sub	r24, r25
    1852:	eb 01       	movw	r28, r22
    1854:	c8 0f       	add	r28, r24
    1856:	d1 1d       	adc	r29, r1
    1858:	88 81       	ld	r24, Y
    185a:	24 2f       	mov	r18, r20
    185c:	30 e0       	ldi	r19, 0x00	; 0
    185e:	fd 01       	movw	r30, r26
    1860:	e2 0f       	add	r30, r18
    1862:	f3 1f       	adc	r31, r19
    1864:	88 23       	and	r24, r24
    1866:	21 f0       	breq	.+8      	; 0x1870 <AddEnd_String+0x3c>
    1868:	88 81       	ld	r24, Y
    186a:	80 83       	st	Z, r24
    186c:	4f 5f       	subi	r20, 0xFF	; 255
    186e:	ef cf       	rjmp	.-34     	; 0x184e <AddEnd_String+0x1a>
    1870:	10 82       	st	Z, r1
    1872:	df 91       	pop	r29
    1874:	cf 91       	pop	r28
    1876:	08 95       	ret

00001878 <FloatToString>:
    1878:	0f 93       	push	r16
    187a:	fc 01       	movw	r30, r24
    187c:	cb 01       	movw	r24, r22
    187e:	ba 01       	movw	r22, r20
    1880:	03 e0       	ldi	r16, 0x03	; 3
    1882:	25 e0       	ldi	r18, 0x05	; 5
    1884:	af 01       	movw	r20, r30
    1886:	0e 94 96 49 	call	0x932c	; 0x932c <dtostre>
    188a:	0f 91       	pop	r16
    188c:	08 95       	ret

0000188e <UART_Transfer_IV>:
    188e:	cf 93       	push	r28
    1890:	df 93       	push	r29
    1892:	cd b7       	in	r28, 0x3d	; 61
    1894:	de b7       	in	r29, 0x3e	; 62
    1896:	c6 56       	subi	r28, 0x66	; 102
    1898:	d1 09       	sbc	r29, r1
    189a:	0f b6       	in	r0, 0x3f	; 63
    189c:	f8 94       	cli
    189e:	de bf       	out	0x3e, r29	; 62
    18a0:	0f be       	out	0x3f, r0	; 63
    18a2:	cd bf       	out	0x3d, r28	; 61
    18a4:	80 91 1d 14 	lds	r24, 0x141D	; 0x80141d <UartStatus>
    18a8:	87 ff       	sbrs	r24, 7
    18aa:	17 c0       	rjmp	.+46     	; 0x18da <UART_Transfer_IV+0x4c>
    18ac:	80 91 96 0e 	lds	r24, 0x0E96	; 0x800e96 <UART_Reply_L>
    18b0:	81 11       	cpse	r24, r1
    18b2:	13 c0       	rjmp	.+38     	; 0x18da <UART_Transfer_IV+0x4c>
    18b4:	80 91 98 0e 	lds	r24, 0x0E98	; 0x800e98 <OutSTR>
    18b8:	81 11       	cpse	r24, r1
    18ba:	07 c0       	rjmp	.+14     	; 0x18ca <UART_Transfer_IV+0x3c>
    18bc:	80 91 1d 14 	lds	r24, 0x141D	; 0x80141d <UartStatus>
    18c0:	8f 7b       	andi	r24, 0xBF	; 191
    18c2:	80 93 1d 14 	sts	0x141D, r24	; 0x80141d <UartStatus>
    18c6:	10 92 95 0e 	sts	0x0E95, r1	; 0x800e95 <Trans_IV_Point>
    18ca:	88 e9       	ldi	r24, 0x98	; 152
    18cc:	9e e0       	ldi	r25, 0x0E	; 14
    18ce:	b5 de       	rcall	.-662    	; 0x163a <UART_WriteString>
    18d0:	80 91 1d 14 	lds	r24, 0x141D	; 0x80141d <UartStatus>
    18d4:	8f 77       	andi	r24, 0x7F	; 127
    18d6:	80 93 1d 14 	sts	0x141D, r24	; 0x80141d <UartStatus>
    18da:	80 91 1d 14 	lds	r24, 0x141D	; 0x80141d <UartStatus>
    18de:	87 fd       	sbrc	r24, 7
    18e0:	3b c0       	rjmp	.+118    	; 0x1958 <UART_Transfer_IV+0xca>
    18e2:	90 91 95 0e 	lds	r25, 0x0E95	; 0x800e95 <Trans_IV_Point>
    18e6:	80 91 af 06 	lds	r24, 0x06AF	; 0x8006af <IV_Meas_Points>
    18ea:	98 17       	cp	r25, r24
    18ec:	60 f5       	brcc	.+88     	; 0x1946 <UART_Transfer_IV+0xb8>
    18ee:	e0 91 95 0e 	lds	r30, 0x0E95	; 0x800e95 <Trans_IV_Point>
    18f2:	84 e0       	ldi	r24, 0x04	; 4
    18f4:	e8 9f       	mul	r30, r24
    18f6:	f0 01       	movw	r30, r0
    18f8:	11 24       	eor	r1, r1
    18fa:	eb 55       	subi	r30, 0x5B	; 91
    18fc:	f5 4f       	sbci	r31, 0xF5	; 245
    18fe:	40 81       	ld	r20, Z
    1900:	51 81       	ldd	r21, Z+1	; 0x01
    1902:	62 81       	ldd	r22, Z+2	; 0x02
    1904:	73 81       	ldd	r23, Z+3	; 0x03
    1906:	ce 01       	movw	r24, r28
    1908:	01 96       	adiw	r24, 0x01	; 1
    190a:	b6 df       	rcall	.-148    	; 0x1878 <FloatToString>
    190c:	10 92 82 10 	sts	0x1082, r1	; 0x801082 <OutSTR_L>
    1910:	ce 01       	movw	r24, r28
    1912:	01 96       	adiw	r24, 0x01	; 1
    1914:	1b df       	rcall	.-458    	; 0x174c <COM_Add_To_OutSTR_with_Sep>
    1916:	e0 91 95 0e 	lds	r30, 0x0E95	; 0x800e95 <Trans_IV_Point>
    191a:	84 e0       	ldi	r24, 0x04	; 4
    191c:	e8 9f       	mul	r30, r24
    191e:	f0 01       	movw	r30, r0
    1920:	11 24       	eor	r1, r1
    1922:	ec 54       	subi	r30, 0x4C	; 76
    1924:	f9 4f       	sbci	r31, 0xF9	; 249
    1926:	40 81       	ld	r20, Z
    1928:	51 81       	ldd	r21, Z+1	; 0x01
    192a:	62 81       	ldd	r22, Z+2	; 0x02
    192c:	73 81       	ldd	r23, Z+3	; 0x03
    192e:	ce 01       	movw	r24, r28
    1930:	01 96       	adiw	r24, 0x01	; 1
    1932:	a2 df       	rcall	.-188    	; 0x1878 <FloatToString>
    1934:	ce 01       	movw	r24, r28
    1936:	01 96       	adiw	r24, 0x01	; 1
    1938:	09 df       	rcall	.-494    	; 0x174c <COM_Add_To_OutSTR_with_Sep>
    193a:	80 91 95 0e 	lds	r24, 0x0E95	; 0x800e95 <Trans_IV_Point>
    193e:	8f 5f       	subi	r24, 0xFF	; 255
    1940:	80 93 95 0e 	sts	0x0E95, r24	; 0x800e95 <Trans_IV_Point>
    1944:	04 c0       	rjmp	.+8      	; 0x194e <UART_Transfer_IV+0xc0>
    1946:	10 92 95 0e 	sts	0x0E95, r1	; 0x800e95 <Trans_IV_Point>
    194a:	10 92 98 0e 	sts	0x0E98, r1	; 0x800e98 <OutSTR>
    194e:	80 91 1d 14 	lds	r24, 0x141D	; 0x80141d <UartStatus>
    1952:	80 68       	ori	r24, 0x80	; 128
    1954:	80 93 1d 14 	sts	0x141D, r24	; 0x80141d <UartStatus>
    1958:	ca 59       	subi	r28, 0x9A	; 154
    195a:	df 4f       	sbci	r29, 0xFF	; 255
    195c:	0f b6       	in	r0, 0x3f	; 63
    195e:	f8 94       	cli
    1960:	de bf       	out	0x3e, r29	; 62
    1962:	0f be       	out	0x3f, r0	; 63
    1964:	cd bf       	out	0x3d, r28	; 61
    1966:	df 91       	pop	r29
    1968:	cf 91       	pop	r28
    196a:	08 95       	ret

0000196c <UART_Execute_Command>:
    196c:	4f 92       	push	r4
    196e:	5f 92       	push	r5
    1970:	6f 92       	push	r6
    1972:	7f 92       	push	r7
    1974:	8f 92       	push	r8
    1976:	9f 92       	push	r9
    1978:	af 92       	push	r10
    197a:	bf 92       	push	r11
    197c:	ef 92       	push	r14
    197e:	ff 92       	push	r15
    1980:	0f 93       	push	r16
    1982:	1f 93       	push	r17
    1984:	cf 93       	push	r28
    1986:	df 93       	push	r29
    1988:	ec 01       	movw	r28, r24
    198a:	8b 01       	movw	r16, r22
    198c:	80 e0       	ldi	r24, 0x00	; 0
    198e:	91 e0       	ldi	r25, 0x01	; 1
    1990:	bc de       	rcall	.-648    	; 0x170a <COM_Copy_To_OutSTR_From_Start>
    1992:	ce 01       	movw	r24, r28
    1994:	8e de       	rcall	.-740    	; 0x16b2 <COM_Compare_to_OutStr>
    1996:	88 23       	and	r24, r24
    1998:	09 f4       	brne	.+2      	; 0x199c <UART_Execute_Command+0x30>
    199a:	64 c0       	rjmp	.+200    	; 0x1a64 <UART_Execute_Command+0xf8>
    199c:	80 91 1a 14 	lds	r24, 0x141A	; 0x80141a <SysStatus_A>
    19a0:	90 91 1e 14 	lds	r25, 0x141E	; 0x80141e <SysStatus_B>
    19a4:	4a e0       	ldi	r20, 0x0A	; 10
    19a6:	b8 01       	movw	r22, r16
    19a8:	0e 94 40 4b 	call	0x9680	; 0x9680 <__itoa_ncheck>
    19ac:	c8 01       	movw	r24, r16
    19ae:	ce de       	rcall	.-612    	; 0x174c <COM_Add_To_OutSTR_with_Sep>
    19b0:	40 91 8f 10 	lds	r20, 0x108F	; 0x80108f <AI_Volt>
    19b4:	50 91 90 10 	lds	r21, 0x1090	; 0x801090 <AI_Volt+0x1>
    19b8:	60 91 91 10 	lds	r22, 0x1091	; 0x801091 <AI_Volt+0x2>
    19bc:	70 91 92 10 	lds	r23, 0x1092	; 0x801092 <AI_Volt+0x3>
    19c0:	c8 01       	movw	r24, r16
    19c2:	5a df       	rcall	.-332    	; 0x1878 <FloatToString>
    19c4:	c8 01       	movw	r24, r16
    19c6:	c2 de       	rcall	.-636    	; 0x174c <COM_Add_To_OutSTR_with_Sep>
    19c8:	40 91 41 12 	lds	r20, 0x1241	; 0x801241 <AI_Curr_Corr>
    19cc:	50 91 42 12 	lds	r21, 0x1242	; 0x801242 <AI_Curr_Corr+0x1>
    19d0:	60 91 43 12 	lds	r22, 0x1243	; 0x801243 <AI_Curr_Corr+0x2>
    19d4:	70 91 44 12 	lds	r23, 0x1244	; 0x801244 <AI_Curr_Corr+0x3>
    19d8:	c8 01       	movw	r24, r16
    19da:	4e df       	rcall	.-356    	; 0x1878 <FloatToString>
    19dc:	c8 01       	movw	r24, r16
    19de:	b6 de       	rcall	.-660    	; 0x174c <COM_Add_To_OutSTR_with_Sep>
    19e0:	40 91 93 10 	lds	r20, 0x1093	; 0x801093 <AI_Offset>
    19e4:	50 91 94 10 	lds	r21, 0x1094	; 0x801094 <AI_Offset+0x1>
    19e8:	60 91 95 10 	lds	r22, 0x1095	; 0x801095 <AI_Offset+0x2>
    19ec:	70 91 96 10 	lds	r23, 0x1096	; 0x801096 <AI_Offset+0x3>
    19f0:	c8 01       	movw	r24, r16
    19f2:	42 df       	rcall	.-380    	; 0x1878 <FloatToString>
    19f4:	c8 01       	movw	r24, r16
    19f6:	aa de       	rcall	.-684    	; 0x174c <COM_Add_To_OutSTR_with_Sep>
    19f8:	40 91 09 14 	lds	r20, 0x1409	; 0x801409 <AI_Bias>
    19fc:	50 91 0a 14 	lds	r21, 0x140A	; 0x80140a <AI_Bias+0x1>
    1a00:	60 91 0b 14 	lds	r22, 0x140B	; 0x80140b <AI_Bias+0x2>
    1a04:	70 91 0c 14 	lds	r23, 0x140C	; 0x80140c <AI_Bias+0x3>
    1a08:	c8 01       	movw	r24, r16
    1a0a:	36 df       	rcall	.-404    	; 0x1878 <FloatToString>
    1a0c:	c8 01       	movw	r24, r16
    1a0e:	9e de       	rcall	.-708    	; 0x174c <COM_Add_To_OutSTR_with_Sep>
    1a10:	40 91 9f 10 	lds	r20, 0x109F	; 0x80109f <AI_NTC_Temp_1>
    1a14:	50 91 a0 10 	lds	r21, 0x10A0	; 0x8010a0 <AI_NTC_Temp_1+0x1>
    1a18:	60 91 a1 10 	lds	r22, 0x10A1	; 0x8010a1 <AI_NTC_Temp_1+0x2>
    1a1c:	70 91 a2 10 	lds	r23, 0x10A2	; 0x8010a2 <AI_NTC_Temp_1+0x3>
    1a20:	c8 01       	movw	r24, r16
    1a22:	2a df       	rcall	.-428    	; 0x1878 <FloatToString>
    1a24:	c8 01       	movw	r24, r16
    1a26:	92 de       	rcall	.-732    	; 0x174c <COM_Add_To_OutSTR_with_Sep>
    1a28:	40 91 0d 14 	lds	r20, 0x140D	; 0x80140d <AI_NTC_Temp_2>
    1a2c:	50 91 0e 14 	lds	r21, 0x140E	; 0x80140e <AI_NTC_Temp_2+0x1>
    1a30:	60 91 0f 14 	lds	r22, 0x140F	; 0x80140f <AI_NTC_Temp_2+0x2>
    1a34:	70 91 10 14 	lds	r23, 0x1410	; 0x801410 <AI_NTC_Temp_2+0x3>
    1a38:	c8 01       	movw	r24, r16
    1a3a:	1e df       	rcall	.-452    	; 0x1878 <FloatToString>
    1a3c:	c8 01       	movw	r24, r16
    1a3e:	86 de       	rcall	.-756    	; 0x174c <COM_Add_To_OutSTR_with_Sep>
    1a40:	80 91 21 14 	lds	r24, 0x1421	; 0x801421 <SysConfig>
    1a44:	80 fd       	sbrc	r24, 0
    1a46:	02 c0       	rjmp	.+4      	; 0x1a4c <UART_Execute_Command+0xe0>
    1a48:	0c 94 c8 16 	jmp	0x2d90	; 0x2d90 <UART_Execute_Command+0x1424>
    1a4c:	40 91 4e 12 	lds	r20, 0x124E	; 0x80124e <AI_RTD_Temp>
    1a50:	50 91 4f 12 	lds	r21, 0x124F	; 0x80124f <AI_RTD_Temp+0x1>
    1a54:	60 91 50 12 	lds	r22, 0x1250	; 0x801250 <AI_RTD_Temp+0x2>
    1a58:	70 91 51 12 	lds	r23, 0x1251	; 0x801251 <AI_RTD_Temp+0x3>
    1a5c:	c8 01       	movw	r24, r16
    1a5e:	0c df       	rcall	.-488    	; 0x1878 <FloatToString>
    1a60:	0c 94 c5 16 	jmp	0x2d8a	; 0x2d8a <UART_Execute_Command+0x141e>
    1a64:	86 e0       	ldi	r24, 0x06	; 6
    1a66:	91 e0       	ldi	r25, 0x01	; 1
    1a68:	50 de       	rcall	.-864    	; 0x170a <COM_Copy_To_OutSTR_From_Start>
    1a6a:	ce 01       	movw	r24, r28
    1a6c:	22 de       	rcall	.-956    	; 0x16b2 <COM_Compare_to_OutStr>
    1a6e:	88 23       	and	r24, r24
    1a70:	49 f1       	breq	.+82     	; 0x1ac4 <UART_Execute_Command+0x158>
    1a72:	80 91 82 10 	lds	r24, 0x1082	; 0x801082 <OutSTR_L>
    1a76:	fe 01       	movw	r30, r28
    1a78:	e8 0f       	add	r30, r24
    1a7a:	f1 1d       	adc	r31, r1
    1a7c:	80 81       	ld	r24, Z
    1a7e:	81 11       	cpse	r24, r1
    1a80:	12 c0       	rjmp	.+36     	; 0x1aa6 <UART_Execute_Command+0x13a>
    1a82:	f8 01       	movw	r30, r16
    1a84:	80 81       	ld	r24, Z
    1a86:	81 33       	cpi	r24, 0x31	; 49
    1a88:	21 f4       	brne	.+8      	; 0x1a92 <UART_Execute_Command+0x126>
    1a8a:	80 91 1f 14 	lds	r24, 0x141F	; 0x80141f <SysControl>
    1a8e:	81 60       	ori	r24, 0x01	; 1
    1a90:	07 c0       	rjmp	.+14     	; 0x1aa0 <UART_Execute_Command+0x134>
    1a92:	80 33       	cpi	r24, 0x30	; 48
    1a94:	11 f0       	breq	.+4      	; 0x1a9a <UART_Execute_Command+0x12e>
    1a96:	0c 94 e0 16 	jmp	0x2dc0	; 0x2dc0 <UART_Execute_Command+0x1454>
    1a9a:	80 91 1f 14 	lds	r24, 0x141F	; 0x80141f <SysControl>
    1a9e:	8e 7f       	andi	r24, 0xFE	; 254
    1aa0:	80 93 1f 14 	sts	0x141F, r24	; 0x80141f <SysControl>
    1aa4:	0a c0       	rjmp	.+20     	; 0x1aba <UART_Execute_Command+0x14e>
    1aa6:	80 91 82 10 	lds	r24, 0x1082	; 0x801082 <OutSTR_L>
    1aaa:	c8 0f       	add	r28, r24
    1aac:	d1 1d       	adc	r29, r1
    1aae:	88 81       	ld	r24, Y
    1ab0:	8f 33       	cpi	r24, 0x3F	; 63
    1ab2:	11 f0       	breq	.+4      	; 0x1ab8 <UART_Execute_Command+0x14c>
    1ab4:	0c 94 e0 16 	jmp	0x2dc0	; 0x2dc0 <UART_Execute_Command+0x1454>
    1ab8:	88 de       	rcall	.-752    	; 0x17ca <COM_Add_QuestMark_To_OutSTR_No_Sep>
    1aba:	80 91 1f 14 	lds	r24, 0x141F	; 0x80141f <SysControl>
    1abe:	80 ff       	sbrs	r24, 0
    1ac0:	39 c0       	rjmp	.+114    	; 0x1b34 <UART_Execute_Command+0x1c8>
    1ac2:	0e c5       	rjmp	.+2588   	; 0x24e0 <UART_Execute_Command+0xb74>
    1ac4:	8f e0       	ldi	r24, 0x0F	; 15
    1ac6:	91 e0       	ldi	r25, 0x01	; 1
    1ac8:	20 de       	rcall	.-960    	; 0x170a <COM_Copy_To_OutSTR_From_Start>
    1aca:	f0 90 82 10 	lds	r15, 0x1082	; 0x801082 <OutSTR_L>
    1ace:	ce 01       	movw	r24, r28
    1ad0:	f0 dd       	rcall	.-1056   	; 0x16b2 <COM_Compare_to_OutStr>
    1ad2:	81 11       	cpse	r24, r1
    1ad4:	32 c0       	rjmp	.+100    	; 0x1b3a <UART_Execute_Command+0x1ce>
    1ad6:	8c e3       	ldi	r24, 0x3C	; 60
    1ad8:	91 e0       	ldi	r25, 0x01	; 1
    1ada:	17 de       	rcall	.-978    	; 0x170a <COM_Copy_To_OutSTR_From_Start>
    1adc:	f0 90 82 10 	lds	r15, 0x1082	; 0x801082 <OutSTR_L>
    1ae0:	ce 01       	movw	r24, r28
    1ae2:	e7 dd       	rcall	.-1074   	; 0x16b2 <COM_Compare_to_OutStr>
    1ae4:	81 11       	cpse	r24, r1
    1ae6:	70 c0       	rjmp	.+224    	; 0x1bc8 <UART_Execute_Command+0x25c>
    1ae8:	83 e2       	ldi	r24, 0x23	; 35
    1aea:	92 e0       	ldi	r25, 0x02	; 2
    1aec:	0e de       	rcall	.-996    	; 0x170a <COM_Copy_To_OutSTR_From_Start>
    1aee:	f0 90 82 10 	lds	r15, 0x1082	; 0x801082 <OutSTR_L>
    1af2:	ce 01       	movw	r24, r28
    1af4:	de dd       	rcall	.-1092   	; 0x16b2 <COM_Compare_to_OutStr>
    1af6:	88 23       	and	r24, r24
    1af8:	09 f4       	brne	.+2      	; 0x1afc <UART_Execute_Command+0x190>
    1afa:	59 c3       	rjmp	.+1714   	; 0x21ae <UART_Execute_Command+0x842>
    1afc:	6f 2d       	mov	r22, r15
    1afe:	82 e6       	ldi	r24, 0x62	; 98
    1b00:	91 e0       	ldi	r25, 0x01	; 1
    1b02:	4a de       	rcall	.-876    	; 0x1798 <COM_Add_To_OutSTR_At_Position>
    1b04:	6f 2d       	mov	r22, r15
    1b06:	ce 01       	movw	r24, r28
    1b08:	ea dd       	rcall	.-1068   	; 0x16de <COM_Compare_to_OutStr_Offset>
    1b0a:	88 23       	and	r24, r24
    1b0c:	09 f4       	brne	.+2      	; 0x1b10 <UART_Execute_Command+0x1a4>
    1b0e:	aa c1       	rjmp	.+852    	; 0x1e64 <UART_Execute_Command+0x4f8>
    1b10:	80 91 82 10 	lds	r24, 0x1082	; 0x801082 <OutSTR_L>
    1b14:	c8 0f       	add	r28, r24
    1b16:	d1 1d       	adc	r29, r1
    1b18:	88 81       	ld	r24, Y
    1b1a:	81 11       	cpse	r24, r1
    1b1c:	0c 94 e0 16 	jmp	0x2dc0	; 0x2dc0 <UART_Execute_Command+0x1454>
    1b20:	0e 94 d1 35 	call	0x6ba2	; 0x6ba2 <Check_Temp_Disconnect_State>
    1b24:	88 23       	and	r24, r24
    1b26:	09 f4       	brne	.+2      	; 0x1b2a <UART_Execute_Command+0x1be>
    1b28:	1f c1       	rjmp	.+574    	; 0x1d68 <UART_Execute_Command+0x3fc>
    1b2a:	80 91 1f 14 	lds	r24, 0x141F	; 0x80141f <SysControl>
    1b2e:	8d 7f       	andi	r24, 0xFD	; 253
    1b30:	80 93 1f 14 	sts	0x141F, r24	; 0x80141f <SysControl>
    1b34:	8d e0       	ldi	r24, 0x0D	; 13
    1b36:	91 e0       	ldi	r25, 0x01	; 1
    1b38:	72 c0       	rjmp	.+228    	; 0x1c1e <UART_Execute_Command+0x2b2>
    1b3a:	6f 2d       	mov	r22, r15
    1b3c:	81 e1       	ldi	r24, 0x11	; 17
    1b3e:	91 e0       	ldi	r25, 0x01	; 1
    1b40:	2b de       	rcall	.-938    	; 0x1798 <COM_Add_To_OutSTR_At_Position>
    1b42:	6f 2d       	mov	r22, r15
    1b44:	ce 01       	movw	r24, r28
    1b46:	cb dd       	rcall	.-1130   	; 0x16de <COM_Compare_to_OutStr_Offset>
    1b48:	88 23       	and	r24, r24
    1b4a:	41 f0       	breq	.+16     	; 0x1b5c <UART_Execute_Command+0x1f0>
    1b4c:	80 91 1a 14 	lds	r24, 0x141A	; 0x80141a <SysStatus_A>
    1b50:	90 91 1e 14 	lds	r25, 0x141E	; 0x80141e <SysStatus_B>
    1b54:	4a e0       	ldi	r20, 0x0A	; 10
    1b56:	b8 01       	movw	r22, r16
    1b58:	0c 94 c3 16 	jmp	0x2d86	; 0x2d86 <UART_Execute_Command+0x141a>
    1b5c:	6f 2d       	mov	r22, r15
    1b5e:	86 e1       	ldi	r24, 0x16	; 22
    1b60:	91 e0       	ldi	r25, 0x01	; 1
    1b62:	1a de       	rcall	.-972    	; 0x1798 <COM_Add_To_OutSTR_At_Position>
    1b64:	6f 2d       	mov	r22, r15
    1b66:	ce 01       	movw	r24, r28
    1b68:	ba dd       	rcall	.-1164   	; 0x16de <COM_Compare_to_OutStr_Offset>
    1b6a:	88 23       	and	r24, r24
    1b6c:	21 f0       	breq	.+8      	; 0x1b76 <UART_Execute_Command+0x20a>
    1b6e:	8b e0       	ldi	r24, 0x0B	; 11
    1b70:	91 e0       	ldi	r25, 0x01	; 1
    1b72:	cb dd       	rcall	.-1130   	; 0x170a <COM_Copy_To_OutSTR_From_Start>
    1b74:	55 c0       	rjmp	.+170    	; 0x1c20 <UART_Execute_Command+0x2b4>
    1b76:	6f 2d       	mov	r22, r15
    1b78:	8b e1       	ldi	r24, 0x1B	; 27
    1b7a:	91 e0       	ldi	r25, 0x01	; 1
    1b7c:	0d de       	rcall	.-998    	; 0x1798 <COM_Add_To_OutSTR_At_Position>
    1b7e:	6f 2d       	mov	r22, r15
    1b80:	ce 01       	movw	r24, r28
    1b82:	ad dd       	rcall	.-1190   	; 0x16de <COM_Compare_to_OutStr_Offset>
    1b84:	88 23       	and	r24, r24
    1b86:	49 f0       	breq	.+18     	; 0x1b9a <UART_Execute_Command+0x22e>
    1b88:	80 e2       	ldi	r24, 0x20	; 32
    1b8a:	91 e0       	ldi	r25, 0x01	; 1
    1b8c:	df dd       	rcall	.-1090   	; 0x174c <COM_Add_To_OutSTR_with_Sep>
    1b8e:	8b e2       	ldi	r24, 0x2B	; 43
    1b90:	91 e0       	ldi	r25, 0x01	; 1
    1b92:	dc dd       	rcall	.-1096   	; 0x174c <COM_Add_To_OutSTR_with_Sep>
    1b94:	85 e3       	ldi	r24, 0x35	; 53
    1b96:	94 e1       	ldi	r25, 0x14	; 20
    1b98:	42 c0       	rjmp	.+132    	; 0x1c1e <UART_Execute_Command+0x2b2>
    1b9a:	6f 2d       	mov	r22, r15
    1b9c:	88 ec       	ldi	r24, 0xC8	; 200
    1b9e:	91 e0       	ldi	r25, 0x01	; 1
    1ba0:	fb dd       	rcall	.-1034   	; 0x1798 <COM_Add_To_OutSTR_At_Position>
    1ba2:	6f 2d       	mov	r22, r15
    1ba4:	ce 01       	movw	r24, r28
    1ba6:	9b dd       	rcall	.-1226   	; 0x16de <COM_Compare_to_OutStr_Offset>
    1ba8:	88 23       	and	r24, r24
    1baa:	09 f4       	brne	.+2      	; 0x1bae <UART_Execute_Command+0x242>
    1bac:	94 cf       	rjmp	.-216    	; 0x1ad6 <UART_Execute_Command+0x16a>
    1bae:	8b e0       	ldi	r24, 0x0B	; 11
    1bb0:	91 e0       	ldi	r25, 0x01	; 1
    1bb2:	cc dd       	rcall	.-1128   	; 0x174c <COM_Add_To_OutSTR_with_Sep>
    1bb4:	88 e9       	ldi	r24, 0x98	; 152
    1bb6:	9e e0       	ldi	r25, 0x0E	; 14
    1bb8:	40 dd       	rcall	.-1408   	; 0x163a <UART_WriteString>
    1bba:	80 91 96 0e 	lds	r24, 0x0E96	; 0x800e96 <UART_Reply_L>
    1bbe:	81 11       	cpse	r24, r1
    1bc0:	fc cf       	rjmp	.-8      	; 0x1bba <UART_Execute_Command+0x24e>
    1bc2:	f8 94       	cli
    1bc4:	0c 94 00 00 	jmp	0	; 0x0 <__vectors>
    1bc8:	6f 2d       	mov	r22, r15
    1bca:	82 e4       	ldi	r24, 0x42	; 66
    1bcc:	91 e0       	ldi	r25, 0x01	; 1
    1bce:	e4 dd       	rcall	.-1080   	; 0x1798 <COM_Add_To_OutSTR_At_Position>
    1bd0:	6f 2d       	mov	r22, r15
    1bd2:	ce 01       	movw	r24, r28
    1bd4:	84 dd       	rcall	.-1272   	; 0x16de <COM_Compare_to_OutStr_Offset>
    1bd6:	88 23       	and	r24, r24
    1bd8:	39 f1       	breq	.+78     	; 0x1c28 <UART_Execute_Command+0x2bc>
    1bda:	80 91 82 10 	lds	r24, 0x1082	; 0x801082 <OutSTR_L>
    1bde:	fe 01       	movw	r30, r28
    1be0:	e8 0f       	add	r30, r24
    1be2:	f1 1d       	adc	r31, r1
    1be4:	80 81       	ld	r24, Z
    1be6:	81 11       	cpse	r24, r1
    1be8:	08 c0       	rjmp	.+16     	; 0x1bfa <UART_Execute_Command+0x28e>
    1bea:	c8 01       	movw	r24, r16
    1bec:	0e 94 3b 4a 	call	0x9476	; 0x9476 <atol>
    1bf0:	60 93 a1 14 	sts	0x14A1, r22	; 0x8014a1 <PV_Mode_CTR>
    1bf4:	80 91 a1 14 	lds	r24, 0x14A1	; 0x8014a1 <PV_Mode_CTR>
    1bf8:	0c c0       	rjmp	.+24     	; 0x1c12 <UART_Execute_Command+0x2a6>
    1bfa:	80 91 82 10 	lds	r24, 0x1082	; 0x801082 <OutSTR_L>
    1bfe:	c8 0f       	add	r28, r24
    1c00:	d1 1d       	adc	r29, r1
    1c02:	88 81       	ld	r24, Y
    1c04:	8f 33       	cpi	r24, 0x3F	; 63
    1c06:	11 f0       	breq	.+4      	; 0x1c0c <UART_Execute_Command+0x2a0>
    1c08:	0c 94 e0 16 	jmp	0x2dc0	; 0x2dc0 <UART_Execute_Command+0x1454>
    1c0c:	de dd       	rcall	.-1092   	; 0x17ca <COM_Add_QuestMark_To_OutSTR_No_Sep>
    1c0e:	80 91 8a 14 	lds	r24, 0x148A	; 0x80148a <PV_Mode_ACT>
    1c12:	4a e0       	ldi	r20, 0x0A	; 10
    1c14:	b8 01       	movw	r22, r16
    1c16:	90 e0       	ldi	r25, 0x00	; 0
    1c18:	0e 94 40 4b 	call	0x9680	; 0x9680 <__itoa_ncheck>
    1c1c:	c8 01       	movw	r24, r16
    1c1e:	96 dd       	rcall	.-1236   	; 0x174c <COM_Add_To_OutSTR_with_Sep>
    1c20:	88 e9       	ldi	r24, 0x98	; 152
    1c22:	9e e0       	ldi	r25, 0x0E	; 14
    1c24:	0c 94 e2 16 	jmp	0x2dc4	; 0x2dc4 <UART_Execute_Command+0x1458>
    1c28:	6f 2d       	mov	r22, r15
    1c2a:	87 e4       	ldi	r24, 0x47	; 71
    1c2c:	91 e0       	ldi	r25, 0x01	; 1
    1c2e:	b4 dd       	rcall	.-1176   	; 0x1798 <COM_Add_To_OutSTR_At_Position>
    1c30:	6f 2d       	mov	r22, r15
    1c32:	ce 01       	movw	r24, r28
    1c34:	54 dd       	rcall	.-1368   	; 0x16de <COM_Compare_to_OutStr_Offset>
    1c36:	88 23       	and	r24, r24
    1c38:	39 f1       	breq	.+78     	; 0x1c88 <UART_Execute_Command+0x31c>
    1c3a:	80 91 82 10 	lds	r24, 0x1082	; 0x801082 <OutSTR_L>
    1c3e:	fe 01       	movw	r30, r28
    1c40:	e8 0f       	add	r30, r24
    1c42:	f1 1d       	adc	r31, r1
    1c44:	80 81       	ld	r24, Z
    1c46:	81 11       	cpse	r24, r1
    1c48:	0c c0       	rjmp	.+24     	; 0x1c62 <UART_Execute_Command+0x2f6>
    1c4a:	c8 01       	movw	r24, r16
    1c4c:	0e 94 1b 4a 	call	0x9436	; 0x9436 <atof>
    1c50:	60 93 4e 14 	sts	0x144E, r22	; 0x80144e <PV_Volt_Setpoint>
    1c54:	70 93 4f 14 	sts	0x144F, r23	; 0x80144f <PV_Volt_Setpoint+0x1>
    1c58:	80 93 50 14 	sts	0x1450, r24	; 0x801450 <PV_Volt_Setpoint+0x2>
    1c5c:	90 93 51 14 	sts	0x1451, r25	; 0x801451 <PV_Volt_Setpoint+0x3>
    1c60:	0a c0       	rjmp	.+20     	; 0x1c76 <UART_Execute_Command+0x30a>
    1c62:	80 91 82 10 	lds	r24, 0x1082	; 0x801082 <OutSTR_L>
    1c66:	c8 0f       	add	r28, r24
    1c68:	d1 1d       	adc	r29, r1
    1c6a:	88 81       	ld	r24, Y
    1c6c:	8f 33       	cpi	r24, 0x3F	; 63
    1c6e:	11 f0       	breq	.+4      	; 0x1c74 <UART_Execute_Command+0x308>
    1c70:	0c 94 e0 16 	jmp	0x2dc0	; 0x2dc0 <UART_Execute_Command+0x1454>
    1c74:	aa dd       	rcall	.-1196   	; 0x17ca <COM_Add_QuestMark_To_OutSTR_No_Sep>
    1c76:	40 91 4e 14 	lds	r20, 0x144E	; 0x80144e <PV_Volt_Setpoint>
    1c7a:	50 91 4f 14 	lds	r21, 0x144F	; 0x80144f <PV_Volt_Setpoint+0x1>
    1c7e:	60 91 50 14 	lds	r22, 0x1450	; 0x801450 <PV_Volt_Setpoint+0x2>
    1c82:	70 91 51 14 	lds	r23, 0x1451	; 0x801451 <PV_Volt_Setpoint+0x3>
    1c86:	2f c0       	rjmp	.+94     	; 0x1ce6 <UART_Execute_Command+0x37a>
    1c88:	6f 2d       	mov	r22, r15
    1c8a:	8f e4       	ldi	r24, 0x4F	; 79
    1c8c:	91 e0       	ldi	r25, 0x01	; 1
    1c8e:	84 dd       	rcall	.-1272   	; 0x1798 <COM_Add_To_OutSTR_At_Position>
    1c90:	6f 2d       	mov	r22, r15
    1c92:	ce 01       	movw	r24, r28
    1c94:	24 dd       	rcall	.-1464   	; 0x16de <COM_Compare_to_OutStr_Offset>
    1c96:	88 23       	and	r24, r24
    1c98:	49 f1       	breq	.+82     	; 0x1cec <UART_Execute_Command+0x380>
    1c9a:	80 91 82 10 	lds	r24, 0x1082	; 0x801082 <OutSTR_L>
    1c9e:	fe 01       	movw	r30, r28
    1ca0:	e8 0f       	add	r30, r24
    1ca2:	f1 1d       	adc	r31, r1
    1ca4:	80 81       	ld	r24, Z
    1ca6:	81 11       	cpse	r24, r1
    1ca8:	0c c0       	rjmp	.+24     	; 0x1cc2 <UART_Execute_Command+0x356>
    1caa:	c8 01       	movw	r24, r16
    1cac:	0e 94 1b 4a 	call	0x9436	; 0x9436 <atof>
    1cb0:	60 93 a9 14 	sts	0x14A9, r22	; 0x8014a9 <PV_Curr_Setpoint>
    1cb4:	70 93 aa 14 	sts	0x14AA, r23	; 0x8014aa <PV_Curr_Setpoint+0x1>
    1cb8:	80 93 ab 14 	sts	0x14AB, r24	; 0x8014ab <PV_Curr_Setpoint+0x2>
    1cbc:	90 93 ac 14 	sts	0x14AC, r25	; 0x8014ac <PV_Curr_Setpoint+0x3>
    1cc0:	0a c0       	rjmp	.+20     	; 0x1cd6 <UART_Execute_Command+0x36a>
    1cc2:	80 91 82 10 	lds	r24, 0x1082	; 0x801082 <OutSTR_L>
    1cc6:	c8 0f       	add	r28, r24
    1cc8:	d1 1d       	adc	r29, r1
    1cca:	88 81       	ld	r24, Y
    1ccc:	8f 33       	cpi	r24, 0x3F	; 63
    1cce:	11 f0       	breq	.+4      	; 0x1cd4 <UART_Execute_Command+0x368>
    1cd0:	0c 94 e0 16 	jmp	0x2dc0	; 0x2dc0 <UART_Execute_Command+0x1454>
    1cd4:	7a dd       	rcall	.-1292   	; 0x17ca <COM_Add_QuestMark_To_OutSTR_No_Sep>
    1cd6:	40 91 a9 14 	lds	r20, 0x14A9	; 0x8014a9 <PV_Curr_Setpoint>
    1cda:	50 91 aa 14 	lds	r21, 0x14AA	; 0x8014aa <PV_Curr_Setpoint+0x1>
    1cde:	60 91 ab 14 	lds	r22, 0x14AB	; 0x8014ab <PV_Curr_Setpoint+0x2>
    1ce2:	70 91 ac 14 	lds	r23, 0x14AC	; 0x8014ac <PV_Curr_Setpoint+0x3>
    1ce6:	c8 01       	movw	r24, r16
    1ce8:	c7 dd       	rcall	.-1138   	; 0x1878 <FloatToString>
    1cea:	98 cf       	rjmp	.-208    	; 0x1c1c <UART_Execute_Command+0x2b0>
    1cec:	6f 2d       	mov	r22, r15
    1cee:	87 e5       	ldi	r24, 0x57	; 87
    1cf0:	91 e0       	ldi	r25, 0x01	; 1
    1cf2:	52 dd       	rcall	.-1372   	; 0x1798 <COM_Add_To_OutSTR_At_Position>
    1cf4:	6f 2d       	mov	r22, r15
    1cf6:	ce 01       	movw	r24, r28
    1cf8:	f2 dc       	rcall	.-1564   	; 0x16de <COM_Compare_to_OutStr_Offset>
    1cfa:	88 23       	and	r24, r24
    1cfc:	09 f4       	brne	.+2      	; 0x1d00 <UART_Execute_Command+0x394>
    1cfe:	f4 ce       	rjmp	.-536    	; 0x1ae8 <UART_Execute_Command+0x17c>
    1d00:	80 91 82 10 	lds	r24, 0x1082	; 0x801082 <OutSTR_L>
    1d04:	fe 01       	movw	r30, r28
    1d06:	e8 0f       	add	r30, r24
    1d08:	f1 1d       	adc	r31, r1
    1d0a:	80 81       	ld	r24, Z
    1d0c:	81 11       	cpse	r24, r1
    1d0e:	1d c0       	rjmp	.+58     	; 0x1d4a <UART_Execute_Command+0x3de>
    1d10:	c8 01       	movw	r24, r16
    1d12:	0e 94 3b 4a 	call	0x9476	; 0x9476 <atol>
    1d16:	61 36       	cpi	r22, 0x61	; 97
    1d18:	fa ee       	ldi	r31, 0xEA	; 234
    1d1a:	7f 07       	cpc	r23, r31
    1d1c:	81 05       	cpc	r24, r1
    1d1e:	91 05       	cpc	r25, r1
    1d20:	1c f0       	brlt	.+6      	; 0x1d28 <UART_Execute_Command+0x3bc>
    1d22:	80 e6       	ldi	r24, 0x60	; 96
    1d24:	9a ee       	ldi	r25, 0xEA	; 234
    1d26:	07 c0       	rjmp	.+14     	; 0x1d36 <UART_Execute_Command+0x3ca>
    1d28:	16 16       	cp	r1, r22
    1d2a:	17 06       	cpc	r1, r23
    1d2c:	18 06       	cpc	r1, r24
    1d2e:	19 06       	cpc	r1, r25
    1d30:	3c f0       	brlt	.+14     	; 0x1d40 <UART_Execute_Command+0x3d4>
    1d32:	81 e0       	ldi	r24, 0x01	; 1
    1d34:	90 e0       	ldi	r25, 0x00	; 0
    1d36:	90 93 be 14 	sts	0x14BE, r25	; 0x8014be <LOAD_MPPT_Timer_Update_Delay+0x1>
    1d3a:	80 93 bd 14 	sts	0x14BD, r24	; 0x8014bd <LOAD_MPPT_Timer_Update_Delay>
    1d3e:	0f c0       	rjmp	.+30     	; 0x1d5e <UART_Execute_Command+0x3f2>
    1d40:	70 93 be 14 	sts	0x14BE, r23	; 0x8014be <LOAD_MPPT_Timer_Update_Delay+0x1>
    1d44:	60 93 bd 14 	sts	0x14BD, r22	; 0x8014bd <LOAD_MPPT_Timer_Update_Delay>
    1d48:	0a c0       	rjmp	.+20     	; 0x1d5e <UART_Execute_Command+0x3f2>
    1d4a:	80 91 82 10 	lds	r24, 0x1082	; 0x801082 <OutSTR_L>
    1d4e:	c8 0f       	add	r28, r24
    1d50:	d1 1d       	adc	r29, r1
    1d52:	88 81       	ld	r24, Y
    1d54:	8f 33       	cpi	r24, 0x3F	; 63
    1d56:	11 f0       	breq	.+4      	; 0x1d5c <UART_Execute_Command+0x3f0>
    1d58:	0c 94 e0 16 	jmp	0x2dc0	; 0x2dc0 <UART_Execute_Command+0x1454>
    1d5c:	36 dd       	rcall	.-1428   	; 0x17ca <COM_Add_QuestMark_To_OutSTR_No_Sep>
    1d5e:	60 91 bd 14 	lds	r22, 0x14BD	; 0x8014bd <LOAD_MPPT_Timer_Update_Delay>
    1d62:	70 91 be 14 	lds	r23, 0x14BE	; 0x8014be <LOAD_MPPT_Timer_Update_Delay+0x1>
    1d66:	2a c1       	rjmp	.+596    	; 0x1fbc <UART_Execute_Command+0x650>
    1d68:	80 91 1a 14 	lds	r24, 0x141A	; 0x80141a <SysStatus_A>
    1d6c:	85 fd       	sbrc	r24, 5
    1d6e:	dd ce       	rjmp	.-582    	; 0x1b2a <UART_Execute_Command+0x1be>
    1d70:	80 91 1a 14 	lds	r24, 0x141A	; 0x80141a <SysStatus_A>
    1d74:	80 ff       	sbrs	r24, 0
    1d76:	d9 ce       	rjmp	.-590    	; 0x1b2a <UART_Execute_Command+0x1be>
    1d78:	80 91 1f 14 	lds	r24, 0x141F	; 0x80141f <SysControl>
    1d7c:	82 60       	ori	r24, 0x02	; 2
    1d7e:	80 93 1f 14 	sts	0x141F, r24	; 0x80141f <SysControl>
    1d82:	80 91 b0 02 	lds	r24, 0x02B0	; 0x8002b0 <IV_Point_Set_Delay_ms>
    1d86:	90 91 b1 02 	lds	r25, 0x02B1	; 0x8002b1 <IV_Point_Set_Delay_ms+0x1>
    1d8a:	80 32       	cpi	r24, 0x20	; 32
    1d8c:	9e 44       	sbci	r25, 0x4E	; 78
    1d8e:	18 f0       	brcs	.+6      	; 0x1d96 <UART_Execute_Command+0x42a>
    1d90:	80 e6       	ldi	r24, 0x60	; 96
    1d92:	9a ee       	ldi	r25, 0xEA	; 234
    1d94:	0a c0       	rjmp	.+20     	; 0x1daa <UART_Execute_Command+0x43e>
    1d96:	80 91 b0 02 	lds	r24, 0x02B0	; 0x8002b0 <IV_Point_Set_Delay_ms>
    1d9a:	90 91 b1 02 	lds	r25, 0x02B1	; 0x8002b1 <IV_Point_Set_Delay_ms+0x1>
    1d9e:	9c 01       	movw	r18, r24
    1da0:	22 0f       	add	r18, r18
    1da2:	33 1f       	adc	r19, r19
    1da4:	82 0f       	add	r24, r18
    1da6:	93 1f       	adc	r25, r19
    1da8:	c2 96       	adiw	r24, 0x32	; 50
    1daa:	90 93 b8 02 	sts	0x02B8, r25	; 0x8002b8 <IV_Setup_Signal_Set_Time+0x1>
    1dae:	80 93 b7 02 	sts	0x02B7, r24	; 0x8002b7 <IV_Setup_Signal_Set_Time>
    1db2:	70 90 af 06 	lds	r7, 0x06AF	; 0x8006af <IV_Meas_Points>
    1db6:	e0 90 b0 02 	lds	r14, 0x02B0	; 0x8002b0 <IV_Point_Set_Delay_ms>
    1dba:	f0 90 b1 02 	lds	r15, 0x02B1	; 0x8002b1 <IV_Point_Set_Delay_ms+0x1>
    1dbe:	60 91 af 06 	lds	r22, 0x06AF	; 0x8006af <IV_Meas_Points>
    1dc2:	50 90 b9 02 	lds	r5, 0x02B9	; 0x8002b9 <IV_Point_Meas_Nu_AVR_Sets>
    1dc6:	60 90 aa 02 	lds	r6, 0x02AA	; 0x8002aa <IV_Point_Meas_Nu_AVR_VoltCurr>
    1dca:	c0 91 b7 02 	lds	r28, 0x02B7	; 0x8002b7 <IV_Setup_Signal_Set_Time>
    1dce:	d0 91 b8 02 	lds	r29, 0x02B8	; 0x8002b8 <IV_Setup_Signal_Set_Time+0x1>
    1dd2:	70 e0       	ldi	r23, 0x00	; 0
    1dd4:	80 e0       	ldi	r24, 0x00	; 0
    1dd6:	90 e0       	ldi	r25, 0x00	; 0
    1dd8:	0e 94 0a 47 	call	0x8e14	; 0x8e14 <__floatunsisf>
    1ddc:	4b 01       	movw	r8, r22
    1dde:	5c 01       	movw	r10, r24
    1de0:	65 2d       	mov	r22, r5
    1de2:	70 e0       	ldi	r23, 0x00	; 0
    1de4:	80 e0       	ldi	r24, 0x00	; 0
    1de6:	90 e0       	ldi	r25, 0x00	; 0
    1de8:	0e 94 0a 47 	call	0x8e14	; 0x8e14 <__floatunsisf>
    1dec:	9b 01       	movw	r18, r22
    1dee:	ac 01       	movw	r20, r24
    1df0:	c5 01       	movw	r24, r10
    1df2:	b4 01       	movw	r22, r8
    1df4:	0e 94 9a 48 	call	0x9134	; 0x9134 <__mulsf3>
    1df8:	4b 01       	movw	r8, r22
    1dfa:	5c 01       	movw	r10, r24
    1dfc:	66 2d       	mov	r22, r6
    1dfe:	70 e0       	ldi	r23, 0x00	; 0
    1e00:	80 e0       	ldi	r24, 0x00	; 0
    1e02:	90 e0       	ldi	r25, 0x00	; 0
    1e04:	0e 94 0a 47 	call	0x8e14	; 0x8e14 <__floatunsisf>
    1e08:	28 e5       	ldi	r18, 0x58	; 88
    1e0a:	39 e3       	ldi	r19, 0x39	; 57
    1e0c:	44 eb       	ldi	r20, 0xB4	; 180
    1e0e:	5c e3       	ldi	r21, 0x3C	; 60
    1e10:	0e 94 9a 48 	call	0x9134	; 0x9134 <__mulsf3>
    1e14:	2e ea       	ldi	r18, 0xAE	; 174
    1e16:	37 e4       	ldi	r19, 0x47	; 71
    1e18:	41 e6       	ldi	r20, 0x61	; 97
    1e1a:	5e e3       	ldi	r21, 0x3E	; 62
    1e1c:	0e 94 d8 45 	call	0x8bb0	; 0x8bb0 <__addsf3>
    1e20:	9b 01       	movw	r18, r22
    1e22:	ac 01       	movw	r20, r24
    1e24:	c5 01       	movw	r24, r10
    1e26:	b4 01       	movw	r22, r8
    1e28:	0e 94 9a 48 	call	0x9134	; 0x9134 <__mulsf3>
    1e2c:	4b 01       	movw	r8, r22
    1e2e:	5c 01       	movw	r10, r24
    1e30:	67 2d       	mov	r22, r7
    1e32:	70 e0       	ldi	r23, 0x00	; 0
    1e34:	80 e0       	ldi	r24, 0x00	; 0
    1e36:	90 e0       	ldi	r25, 0x00	; 0
    1e38:	0e 94 0a 47 	call	0x8e14	; 0x8e14 <__floatunsisf>
    1e3c:	2b 01       	movw	r4, r22
    1e3e:	3c 01       	movw	r6, r24
    1e40:	b7 01       	movw	r22, r14
    1e42:	80 e0       	ldi	r24, 0x00	; 0
    1e44:	90 e0       	ldi	r25, 0x00	; 0
    1e46:	0e 94 0a 47 	call	0x8e14	; 0x8e14 <__floatunsisf>
    1e4a:	9b 01       	movw	r18, r22
    1e4c:	ac 01       	movw	r20, r24
    1e4e:	c3 01       	movw	r24, r6
    1e50:	b2 01       	movw	r22, r4
    1e52:	0e 94 9a 48 	call	0x9134	; 0x9134 <__mulsf3>
    1e56:	9b 01       	movw	r18, r22
    1e58:	ac 01       	movw	r20, r24
    1e5a:	c5 01       	movw	r24, r10
    1e5c:	b4 01       	movw	r22, r8
    1e5e:	0e 94 d8 45 	call	0x8bb0	; 0x8bb0 <__addsf3>
    1e62:	fe c1       	rjmp	.+1020   	; 0x2260 <UART_Execute_Command+0x8f4>
    1e64:	6f 2d       	mov	r22, r15
    1e66:	87 e6       	ldi	r24, 0x67	; 103
    1e68:	91 e0       	ldi	r25, 0x01	; 1
    1e6a:	96 dc       	rcall	.-1748   	; 0x1798 <COM_Add_To_OutSTR_At_Position>
    1e6c:	6f 2d       	mov	r22, r15
    1e6e:	ce 01       	movw	r24, r28
    1e70:	36 dc       	rcall	.-1940   	; 0x16de <COM_Compare_to_OutStr_Offset>
    1e72:	88 23       	and	r24, r24
    1e74:	a9 f1       	breq	.+106    	; 0x1ee0 <UART_Execute_Command+0x574>
    1e76:	80 91 82 10 	lds	r24, 0x1082	; 0x801082 <OutSTR_L>
    1e7a:	c8 0f       	add	r28, r24
    1e7c:	d1 1d       	adc	r29, r1
    1e7e:	88 81       	ld	r24, Y
    1e80:	8f 33       	cpi	r24, 0x3F	; 63
    1e82:	09 f0       	breq	.+2      	; 0x1e86 <UART_Execute_Command+0x51a>
    1e84:	9d c7       	rjmp	.+3898   	; 0x2dc0 <UART_Execute_Command+0x1454>
    1e86:	80 91 1d 14 	lds	r24, 0x141D	; 0x80141d <UartStatus>
    1e8a:	80 64       	ori	r24, 0x40	; 64
    1e8c:	80 93 1d 14 	sts	0x141D, r24	; 0x80141d <UartStatus>
    1e90:	10 92 95 0e 	sts	0x0E95, r1	; 0x800e95 <Trans_IV_Point>
    1e94:	9a dc       	rcall	.-1740   	; 0x17ca <COM_Add_QuestMark_To_OutSTR_No_Sep>
    1e96:	80 91 ab 02 	lds	r24, 0x02AB	; 0x8002ab <IV_Report>
    1e9a:	4a e0       	ldi	r20, 0x0A	; 10
    1e9c:	b8 01       	movw	r22, r16
    1e9e:	90 e0       	ldi	r25, 0x00	; 0
    1ea0:	0e 94 40 4b 	call	0x9680	; 0x9680 <__itoa_ncheck>
    1ea4:	c8 01       	movw	r24, r16
    1ea6:	52 dc       	rcall	.-1884   	; 0x174c <COM_Add_To_OutSTR_with_Sep>
    1ea8:	80 91 21 14 	lds	r24, 0x1421	; 0x801421 <SysConfig>
    1eac:	80 ff       	sbrs	r24, 0
    1eae:	0c c0       	rjmp	.+24     	; 0x1ec8 <UART_Execute_Command+0x55c>
    1eb0:	40 91 4e 12 	lds	r20, 0x124E	; 0x80124e <AI_RTD_Temp>
    1eb4:	50 91 4f 12 	lds	r21, 0x124F	; 0x80124f <AI_RTD_Temp+0x1>
    1eb8:	60 91 50 12 	lds	r22, 0x1250	; 0x801250 <AI_RTD_Temp+0x2>
    1ebc:	70 91 51 12 	lds	r23, 0x1251	; 0x801251 <AI_RTD_Temp+0x3>
    1ec0:	c8 01       	movw	r24, r16
    1ec2:	da dc       	rcall	.-1612   	; 0x1878 <FloatToString>
    1ec4:	c8 01       	movw	r24, r16
    1ec6:	42 dc       	rcall	.-1916   	; 0x174c <COM_Add_To_OutSTR_with_Sep>
    1ec8:	88 e9       	ldi	r24, 0x98	; 152
    1eca:	9e e0       	ldi	r25, 0x0E	; 14
    1ecc:	b6 db       	rcall	.-2196   	; 0x163a <UART_WriteString>
    1ece:	80 91 1d 14 	lds	r24, 0x141D	; 0x80141d <UartStatus>
    1ed2:	8f 77       	andi	r24, 0x7F	; 127
    1ed4:	80 93 1d 14 	sts	0x141D, r24	; 0x80141d <UartStatus>
    1ed8:	80 91 1e 14 	lds	r24, 0x141E	; 0x80141e <SysStatus_B>
    1edc:	8d 7f       	andi	r24, 0xFD	; 253
    1ede:	5f c7       	rjmp	.+3774   	; 0x2d9e <UART_Execute_Command+0x1432>
    1ee0:	6f 2d       	mov	r22, r15
    1ee2:	8c e6       	ldi	r24, 0x6C	; 108
    1ee4:	91 e0       	ldi	r25, 0x01	; 1
    1ee6:	58 dc       	rcall	.-1872   	; 0x1798 <COM_Add_To_OutSTR_At_Position>
    1ee8:	6f 2d       	mov	r22, r15
    1eea:	ce 01       	movw	r24, r28
    1eec:	f8 db       	rcall	.-2064   	; 0x16de <COM_Compare_to_OutStr_Offset>
    1eee:	88 23       	and	r24, r24
    1ef0:	51 f1       	breq	.+84     	; 0x1f46 <UART_Execute_Command+0x5da>
    1ef2:	80 91 82 10 	lds	r24, 0x1082	; 0x801082 <OutSTR_L>
    1ef6:	fe 01       	movw	r30, r28
    1ef8:	e8 0f       	add	r30, r24
    1efa:	f1 1d       	adc	r31, r1
    1efc:	80 81       	ld	r24, Z
    1efe:	81 11       	cpse	r24, r1
    1f00:	16 c0       	rjmp	.+44     	; 0x1f2e <UART_Execute_Command+0x5c2>
    1f02:	c8 01       	movw	r24, r16
    1f04:	0e 94 3b 4a 	call	0x9476	; 0x9476 <atol>
    1f08:	6b 3f       	cpi	r22, 0xFB	; 251
    1f0a:	71 05       	cpc	r23, r1
    1f0c:	81 05       	cpc	r24, r1
    1f0e:	91 05       	cpc	r25, r1
    1f10:	14 f0       	brlt	.+4      	; 0x1f16 <UART_Execute_Command+0x5aa>
    1f12:	8a ef       	ldi	r24, 0xFA	; 250
    1f14:	06 c0       	rjmp	.+12     	; 0x1f22 <UART_Execute_Command+0x5b6>
    1f16:	64 30       	cpi	r22, 0x04	; 4
    1f18:	71 05       	cpc	r23, r1
    1f1a:	81 05       	cpc	r24, r1
    1f1c:	91 05       	cpc	r25, r1
    1f1e:	24 f4       	brge	.+8      	; 0x1f28 <UART_Execute_Command+0x5bc>
    1f20:	83 e0       	ldi	r24, 0x03	; 3
    1f22:	80 93 af 06 	sts	0x06AF, r24	; 0x8006af <IV_Meas_Points>
    1f26:	0c c0       	rjmp	.+24     	; 0x1f40 <UART_Execute_Command+0x5d4>
    1f28:	60 93 af 06 	sts	0x06AF, r22	; 0x8006af <IV_Meas_Points>
    1f2c:	09 c0       	rjmp	.+18     	; 0x1f40 <UART_Execute_Command+0x5d4>
    1f2e:	80 91 82 10 	lds	r24, 0x1082	; 0x801082 <OutSTR_L>
    1f32:	c8 0f       	add	r28, r24
    1f34:	d1 1d       	adc	r29, r1
    1f36:	88 81       	ld	r24, Y
    1f38:	8f 33       	cpi	r24, 0x3F	; 63
    1f3a:	09 f0       	breq	.+2      	; 0x1f3e <UART_Execute_Command+0x5d2>
    1f3c:	41 c7       	rjmp	.+3714   	; 0x2dc0 <UART_Execute_Command+0x1454>
    1f3e:	45 dc       	rcall	.-1910   	; 0x17ca <COM_Add_QuestMark_To_OutSTR_No_Sep>
    1f40:	80 91 af 06 	lds	r24, 0x06AF	; 0x8006af <IV_Meas_Points>
    1f44:	66 ce       	rjmp	.-820    	; 0x1c12 <UART_Execute_Command+0x2a6>
    1f46:	6f 2d       	mov	r22, r15
    1f48:	8c e5       	ldi	r24, 0x5C	; 92
    1f4a:	91 e0       	ldi	r25, 0x01	; 1
    1f4c:	25 dc       	rcall	.-1974   	; 0x1798 <COM_Add_To_OutSTR_At_Position>
    1f4e:	6f 2d       	mov	r22, r15
    1f50:	ce 01       	movw	r24, r28
    1f52:	c5 db       	rcall	.-2166   	; 0x16de <COM_Compare_to_OutStr_Offset>
    1f54:	88 23       	and	r24, r24
    1f56:	c9 f1       	breq	.+114    	; 0x1fca <UART_Execute_Command+0x65e>
    1f58:	80 91 82 10 	lds	r24, 0x1082	; 0x801082 <OutSTR_L>
    1f5c:	fe 01       	movw	r30, r28
    1f5e:	e8 0f       	add	r30, r24
    1f60:	f1 1d       	adc	r31, r1
    1f62:	80 81       	ld	r24, Z
    1f64:	81 11       	cpse	r24, r1
    1f66:	1d c0       	rjmp	.+58     	; 0x1fa2 <UART_Execute_Command+0x636>
    1f68:	c8 01       	movw	r24, r16
    1f6a:	0e 94 3b 4a 	call	0x9476	; 0x9476 <atol>
    1f6e:	61 36       	cpi	r22, 0x61	; 97
    1f70:	ea ee       	ldi	r30, 0xEA	; 234
    1f72:	7e 07       	cpc	r23, r30
    1f74:	81 05       	cpc	r24, r1
    1f76:	91 05       	cpc	r25, r1
    1f78:	1c f0       	brlt	.+6      	; 0x1f80 <UART_Execute_Command+0x614>
    1f7a:	80 e6       	ldi	r24, 0x60	; 96
    1f7c:	9a ee       	ldi	r25, 0xEA	; 234
    1f7e:	07 c0       	rjmp	.+14     	; 0x1f8e <UART_Execute_Command+0x622>
    1f80:	16 16       	cp	r1, r22
    1f82:	17 06       	cpc	r1, r23
    1f84:	18 06       	cpc	r1, r24
    1f86:	19 06       	cpc	r1, r25
    1f88:	3c f0       	brlt	.+14     	; 0x1f98 <UART_Execute_Command+0x62c>
    1f8a:	81 e0       	ldi	r24, 0x01	; 1
    1f8c:	90 e0       	ldi	r25, 0x00	; 0
    1f8e:	90 93 b1 02 	sts	0x02B1, r25	; 0x8002b1 <IV_Point_Set_Delay_ms+0x1>
    1f92:	80 93 b0 02 	sts	0x02B0, r24	; 0x8002b0 <IV_Point_Set_Delay_ms>
    1f96:	0e c0       	rjmp	.+28     	; 0x1fb4 <UART_Execute_Command+0x648>
    1f98:	70 93 b1 02 	sts	0x02B1, r23	; 0x8002b1 <IV_Point_Set_Delay_ms+0x1>
    1f9c:	60 93 b0 02 	sts	0x02B0, r22	; 0x8002b0 <IV_Point_Set_Delay_ms>
    1fa0:	09 c0       	rjmp	.+18     	; 0x1fb4 <UART_Execute_Command+0x648>
    1fa2:	80 91 82 10 	lds	r24, 0x1082	; 0x801082 <OutSTR_L>
    1fa6:	c8 0f       	add	r28, r24
    1fa8:	d1 1d       	adc	r29, r1
    1faa:	88 81       	ld	r24, Y
    1fac:	8f 33       	cpi	r24, 0x3F	; 63
    1fae:	09 f0       	breq	.+2      	; 0x1fb2 <UART_Execute_Command+0x646>
    1fb0:	07 c7       	rjmp	.+3598   	; 0x2dc0 <UART_Execute_Command+0x1454>
    1fb2:	0b dc       	rcall	.-2026   	; 0x17ca <COM_Add_QuestMark_To_OutSTR_No_Sep>
    1fb4:	60 91 b0 02 	lds	r22, 0x02B0	; 0x8002b0 <IV_Point_Set_Delay_ms>
    1fb8:	70 91 b1 02 	lds	r23, 0x02B1	; 0x8002b1 <IV_Point_Set_Delay_ms+0x1>
    1fbc:	80 e0       	ldi	r24, 0x00	; 0
    1fbe:	90 e0       	ldi	r25, 0x00	; 0
    1fc0:	2a e0       	ldi	r18, 0x0A	; 10
    1fc2:	a8 01       	movw	r20, r16
    1fc4:	0e 94 4a 4b 	call	0x9694	; 0x9694 <__ltoa_ncheck>
    1fc8:	29 ce       	rjmp	.-942    	; 0x1c1c <UART_Execute_Command+0x2b0>
    1fca:	6f 2d       	mov	r22, r15
    1fcc:	83 e7       	ldi	r24, 0x73	; 115
    1fce:	91 e0       	ldi	r25, 0x01	; 1
    1fd0:	e3 db       	rcall	.-2106   	; 0x1798 <COM_Add_To_OutSTR_At_Position>
    1fd2:	6f 2d       	mov	r22, r15
    1fd4:	ce 01       	movw	r24, r28
    1fd6:	83 db       	rcall	.-2298   	; 0x16de <COM_Compare_to_OutStr_Offset>
    1fd8:	88 23       	and	r24, r24
    1fda:	59 f1       	breq	.+86     	; 0x2032 <UART_Execute_Command+0x6c6>
    1fdc:	80 91 82 10 	lds	r24, 0x1082	; 0x801082 <OutSTR_L>
    1fe0:	fe 01       	movw	r30, r28
    1fe2:	e8 0f       	add	r30, r24
    1fe4:	f1 1d       	adc	r31, r1
    1fe6:	80 81       	ld	r24, Z
    1fe8:	81 11       	cpse	r24, r1
    1fea:	17 c0       	rjmp	.+46     	; 0x201a <UART_Execute_Command+0x6ae>
    1fec:	c8 01       	movw	r24, r16
    1fee:	0e 94 3b 4a 	call	0x9476	; 0x9476 <atol>
    1ff2:	6f 3f       	cpi	r22, 0xFF	; 255
    1ff4:	71 05       	cpc	r23, r1
    1ff6:	81 05       	cpc	r24, r1
    1ff8:	91 05       	cpc	r25, r1
    1ffa:	19 f0       	breq	.+6      	; 0x2002 <UART_Execute_Command+0x696>
    1ffc:	14 f0       	brlt	.+4      	; 0x2002 <UART_Execute_Command+0x696>
    1ffe:	8f ef       	ldi	r24, 0xFF	; 255
    2000:	06 c0       	rjmp	.+12     	; 0x200e <UART_Execute_Command+0x6a2>
    2002:	16 16       	cp	r1, r22
    2004:	17 06       	cpc	r1, r23
    2006:	18 06       	cpc	r1, r24
    2008:	19 06       	cpc	r1, r25
    200a:	24 f0       	brlt	.+8      	; 0x2014 <UART_Execute_Command+0x6a8>
    200c:	81 e0       	ldi	r24, 0x01	; 1
    200e:	80 93 aa 02 	sts	0x02AA, r24	; 0x8002aa <IV_Point_Meas_Nu_AVR_VoltCurr>
    2012:	0c c0       	rjmp	.+24     	; 0x202c <UART_Execute_Command+0x6c0>
    2014:	60 93 aa 02 	sts	0x02AA, r22	; 0x8002aa <IV_Point_Meas_Nu_AVR_VoltCurr>
    2018:	09 c0       	rjmp	.+18     	; 0x202c <UART_Execute_Command+0x6c0>
    201a:	80 91 82 10 	lds	r24, 0x1082	; 0x801082 <OutSTR_L>
    201e:	c8 0f       	add	r28, r24
    2020:	d1 1d       	adc	r29, r1
    2022:	88 81       	ld	r24, Y
    2024:	8f 33       	cpi	r24, 0x3F	; 63
    2026:	09 f0       	breq	.+2      	; 0x202a <UART_Execute_Command+0x6be>
    2028:	cb c6       	rjmp	.+3478   	; 0x2dc0 <UART_Execute_Command+0x1454>
    202a:	cf db       	rcall	.-2146   	; 0x17ca <COM_Add_QuestMark_To_OutSTR_No_Sep>
    202c:	80 91 aa 02 	lds	r24, 0x02AA	; 0x8002aa <IV_Point_Meas_Nu_AVR_VoltCurr>
    2030:	f0 cd       	rjmp	.-1056   	; 0x1c12 <UART_Execute_Command+0x2a6>
    2032:	6f 2d       	mov	r22, r15
    2034:	8a e7       	ldi	r24, 0x7A	; 122
    2036:	91 e0       	ldi	r25, 0x01	; 1
    2038:	af db       	rcall	.-2210   	; 0x1798 <COM_Add_To_OutSTR_At_Position>
    203a:	6f 2d       	mov	r22, r15
    203c:	ce 01       	movw	r24, r28
    203e:	4f db       	rcall	.-2402   	; 0x16de <COM_Compare_to_OutStr_Offset>
    2040:	88 23       	and	r24, r24
    2042:	59 f1       	breq	.+86     	; 0x209a <UART_Execute_Command+0x72e>
    2044:	80 91 82 10 	lds	r24, 0x1082	; 0x801082 <OutSTR_L>
    2048:	fe 01       	movw	r30, r28
    204a:	e8 0f       	add	r30, r24
    204c:	f1 1d       	adc	r31, r1
    204e:	80 81       	ld	r24, Z
    2050:	81 11       	cpse	r24, r1
    2052:	17 c0       	rjmp	.+46     	; 0x2082 <UART_Execute_Command+0x716>
    2054:	c8 01       	movw	r24, r16
    2056:	0e 94 3b 4a 	call	0x9476	; 0x9476 <atol>
    205a:	6f 3f       	cpi	r22, 0xFF	; 255
    205c:	71 05       	cpc	r23, r1
    205e:	81 05       	cpc	r24, r1
    2060:	91 05       	cpc	r25, r1
    2062:	19 f0       	breq	.+6      	; 0x206a <UART_Execute_Command+0x6fe>
    2064:	14 f0       	brlt	.+4      	; 0x206a <UART_Execute_Command+0x6fe>
    2066:	8f ef       	ldi	r24, 0xFF	; 255
    2068:	06 c0       	rjmp	.+12     	; 0x2076 <UART_Execute_Command+0x70a>
    206a:	16 16       	cp	r1, r22
    206c:	17 06       	cpc	r1, r23
    206e:	18 06       	cpc	r1, r24
    2070:	19 06       	cpc	r1, r25
    2072:	24 f0       	brlt	.+8      	; 0x207c <UART_Execute_Command+0x710>
    2074:	81 e0       	ldi	r24, 0x01	; 1
    2076:	80 93 b9 02 	sts	0x02B9, r24	; 0x8002b9 <IV_Point_Meas_Nu_AVR_Sets>
    207a:	0c c0       	rjmp	.+24     	; 0x2094 <UART_Execute_Command+0x728>
    207c:	60 93 b9 02 	sts	0x02B9, r22	; 0x8002b9 <IV_Point_Meas_Nu_AVR_Sets>
    2080:	09 c0       	rjmp	.+18     	; 0x2094 <UART_Execute_Command+0x728>
    2082:	80 91 82 10 	lds	r24, 0x1082	; 0x801082 <OutSTR_L>
    2086:	c8 0f       	add	r28, r24
    2088:	d1 1d       	adc	r29, r1
    208a:	88 81       	ld	r24, Y
    208c:	8f 33       	cpi	r24, 0x3F	; 63
    208e:	09 f0       	breq	.+2      	; 0x2092 <UART_Execute_Command+0x726>
    2090:	97 c6       	rjmp	.+3374   	; 0x2dc0 <UART_Execute_Command+0x1454>
    2092:	9b db       	rcall	.-2250   	; 0x17ca <COM_Add_QuestMark_To_OutSTR_No_Sep>
    2094:	80 91 b9 02 	lds	r24, 0x02B9	; 0x8002b9 <IV_Point_Meas_Nu_AVR_Sets>
    2098:	bc cd       	rjmp	.-1160   	; 0x1c12 <UART_Execute_Command+0x2a6>
    209a:	6f 2d       	mov	r22, r15
    209c:	82 e4       	ldi	r24, 0x42	; 66
    209e:	91 e0       	ldi	r25, 0x01	; 1
    20a0:	7b db       	rcall	.-2314   	; 0x1798 <COM_Add_To_OutSTR_At_Position>
    20a2:	6f 2d       	mov	r22, r15
    20a4:	ce 01       	movw	r24, r28
    20a6:	1b db       	rcall	.-2506   	; 0x16de <COM_Compare_to_OutStr_Offset>
    20a8:	88 23       	and	r24, r24
    20aa:	19 f1       	breq	.+70     	; 0x20f2 <UART_Execute_Command+0x786>
    20ac:	80 91 82 10 	lds	r24, 0x1082	; 0x801082 <OutSTR_L>
    20b0:	fe 01       	movw	r30, r28
    20b2:	e8 0f       	add	r30, r24
    20b4:	f1 1d       	adc	r31, r1
    20b6:	80 81       	ld	r24, Z
    20b8:	81 11       	cpse	r24, r1
    20ba:	0f c0       	rjmp	.+30     	; 0x20da <UART_Execute_Command+0x76e>
    20bc:	c8 01       	movw	r24, r16
    20be:	0e 94 3b 4a 	call	0x9476	; 0x9476 <atol>
    20c2:	6f 3f       	cpi	r22, 0xFF	; 255
    20c4:	71 05       	cpc	r23, r1
    20c6:	81 05       	cpc	r24, r1
    20c8:	91 05       	cpc	r25, r1
    20ca:	20 f0       	brcs	.+8      	; 0x20d4 <UART_Execute_Command+0x768>
    20cc:	89 e1       	ldi	r24, 0x19	; 25
    20ce:	91 e0       	ldi	r25, 0x01	; 1
    20d0:	3d db       	rcall	.-2438   	; 0x174c <COM_Add_To_OutSTR_with_Sep>
    20d2:	0c c0       	rjmp	.+24     	; 0x20ec <UART_Execute_Command+0x780>
    20d4:	60 93 be 02 	sts	0x02BE, r22	; 0x8002be <IV_Mode>
    20d8:	09 c0       	rjmp	.+18     	; 0x20ec <UART_Execute_Command+0x780>
    20da:	80 91 82 10 	lds	r24, 0x1082	; 0x801082 <OutSTR_L>
    20de:	c8 0f       	add	r28, r24
    20e0:	d1 1d       	adc	r29, r1
    20e2:	88 81       	ld	r24, Y
    20e4:	8f 33       	cpi	r24, 0x3F	; 63
    20e6:	09 f0       	breq	.+2      	; 0x20ea <UART_Execute_Command+0x77e>
    20e8:	6b c6       	rjmp	.+3286   	; 0x2dc0 <UART_Execute_Command+0x1454>
    20ea:	6f db       	rcall	.-2338   	; 0x17ca <COM_Add_QuestMark_To_OutSTR_No_Sep>
    20ec:	80 91 be 02 	lds	r24, 0x02BE	; 0x8002be <IV_Mode>
    20f0:	90 cd       	rjmp	.-1248   	; 0x1c12 <UART_Execute_Command+0x2a6>
    20f2:	6f 2d       	mov	r22, r15
    20f4:	83 e8       	ldi	r24, 0x83	; 131
    20f6:	91 e0       	ldi	r25, 0x01	; 1
    20f8:	4f db       	rcall	.-2402   	; 0x1798 <COM_Add_To_OutSTR_At_Position>
    20fa:	6f 2d       	mov	r22, r15
    20fc:	ce 01       	movw	r24, r28
    20fe:	ef da       	rcall	.-2594   	; 0x16de <COM_Compare_to_OutStr_Offset>
    2100:	88 23       	and	r24, r24
    2102:	31 f1       	breq	.+76     	; 0x2150 <UART_Execute_Command+0x7e4>
    2104:	80 91 82 10 	lds	r24, 0x1082	; 0x801082 <OutSTR_L>
    2108:	fe 01       	movw	r30, r28
    210a:	e8 0f       	add	r30, r24
    210c:	f1 1d       	adc	r31, r1
    210e:	80 81       	ld	r24, Z
    2110:	81 11       	cpse	r24, r1
    2112:	0c c0       	rjmp	.+24     	; 0x212c <UART_Execute_Command+0x7c0>
    2114:	c8 01       	movw	r24, r16
    2116:	0e 94 1b 4a 	call	0x9436	; 0x9436 <atof>
    211a:	60 93 a6 02 	sts	0x02A6, r22	; 0x8002a6 <IV_Cos_Max_Phase>
    211e:	70 93 a7 02 	sts	0x02A7, r23	; 0x8002a7 <IV_Cos_Max_Phase+0x1>
    2122:	80 93 a8 02 	sts	0x02A8, r24	; 0x8002a8 <IV_Cos_Max_Phase+0x2>
    2126:	90 93 a9 02 	sts	0x02A9, r25	; 0x8002a9 <IV_Cos_Max_Phase+0x3>
    212a:	09 c0       	rjmp	.+18     	; 0x213e <UART_Execute_Command+0x7d2>
    212c:	80 91 82 10 	lds	r24, 0x1082	; 0x801082 <OutSTR_L>
    2130:	c8 0f       	add	r28, r24
    2132:	d1 1d       	adc	r29, r1
    2134:	88 81       	ld	r24, Y
    2136:	8f 33       	cpi	r24, 0x3F	; 63
    2138:	09 f0       	breq	.+2      	; 0x213c <UART_Execute_Command+0x7d0>
    213a:	42 c6       	rjmp	.+3204   	; 0x2dc0 <UART_Execute_Command+0x1454>
    213c:	46 db       	rcall	.-2420   	; 0x17ca <COM_Add_QuestMark_To_OutSTR_No_Sep>
    213e:	40 91 a6 02 	lds	r20, 0x02A6	; 0x8002a6 <IV_Cos_Max_Phase>
    2142:	50 91 a7 02 	lds	r21, 0x02A7	; 0x8002a7 <IV_Cos_Max_Phase+0x1>
    2146:	60 91 a8 02 	lds	r22, 0x02A8	; 0x8002a8 <IV_Cos_Max_Phase+0x2>
    214a:	70 91 a9 02 	lds	r23, 0x02A9	; 0x8002a9 <IV_Cos_Max_Phase+0x3>
    214e:	cb cd       	rjmp	.-1130   	; 0x1ce6 <UART_Execute_Command+0x37a>
    2150:	6f 2d       	mov	r22, r15
    2152:	8d e8       	ldi	r24, 0x8D	; 141
    2154:	91 e0       	ldi	r25, 0x01	; 1
    2156:	20 db       	rcall	.-2496   	; 0x1798 <COM_Add_To_OutSTR_At_Position>
    2158:	6f 2d       	mov	r22, r15
    215a:	ce 01       	movw	r24, r28
    215c:	c0 da       	rcall	.-2688   	; 0x16de <COM_Compare_to_OutStr_Offset>
    215e:	88 23       	and	r24, r24
    2160:	31 f1       	breq	.+76     	; 0x21ae <UART_Execute_Command+0x842>
    2162:	80 91 82 10 	lds	r24, 0x1082	; 0x801082 <OutSTR_L>
    2166:	fe 01       	movw	r30, r28
    2168:	e8 0f       	add	r30, r24
    216a:	f1 1d       	adc	r31, r1
    216c:	80 81       	ld	r24, Z
    216e:	81 11       	cpse	r24, r1
    2170:	0c c0       	rjmp	.+24     	; 0x218a <UART_Execute_Command+0x81e>
    2172:	c8 01       	movw	r24, r16
    2174:	0e 94 1b 4a 	call	0x9436	; 0x9436 <atof>
    2178:	60 93 a1 0a 	sts	0x0AA1, r22	; 0x800aa1 <IV_Voc_Overshoot_Fact>
    217c:	70 93 a2 0a 	sts	0x0AA2, r23	; 0x800aa2 <IV_Voc_Overshoot_Fact+0x1>
    2180:	80 93 a3 0a 	sts	0x0AA3, r24	; 0x800aa3 <IV_Voc_Overshoot_Fact+0x2>
    2184:	90 93 a4 0a 	sts	0x0AA4, r25	; 0x800aa4 <IV_Voc_Overshoot_Fact+0x3>
    2188:	09 c0       	rjmp	.+18     	; 0x219c <UART_Execute_Command+0x830>
    218a:	80 91 82 10 	lds	r24, 0x1082	; 0x801082 <OutSTR_L>
    218e:	c8 0f       	add	r28, r24
    2190:	d1 1d       	adc	r29, r1
    2192:	88 81       	ld	r24, Y
    2194:	8f 33       	cpi	r24, 0x3F	; 63
    2196:	09 f0       	breq	.+2      	; 0x219a <UART_Execute_Command+0x82e>
    2198:	13 c6       	rjmp	.+3110   	; 0x2dc0 <UART_Execute_Command+0x1454>
    219a:	17 db       	rcall	.-2514   	; 0x17ca <COM_Add_QuestMark_To_OutSTR_No_Sep>
    219c:	40 91 a1 0a 	lds	r20, 0x0AA1	; 0x800aa1 <IV_Voc_Overshoot_Fact>
    21a0:	50 91 a2 0a 	lds	r21, 0x0AA2	; 0x800aa2 <IV_Voc_Overshoot_Fact+0x1>
    21a4:	60 91 a3 0a 	lds	r22, 0x0AA3	; 0x800aa3 <IV_Voc_Overshoot_Fact+0x2>
    21a8:	70 91 a4 0a 	lds	r23, 0x0AA4	; 0x800aa4 <IV_Voc_Overshoot_Fact+0x3>
    21ac:	9c cd       	rjmp	.-1224   	; 0x1ce6 <UART_Execute_Command+0x37a>
    21ae:	86 e9       	ldi	r24, 0x96	; 150
    21b0:	91 e0       	ldi	r25, 0x01	; 1
    21b2:	ab da       	rcall	.-2730   	; 0x170a <COM_Copy_To_OutSTR_From_Start>
    21b4:	f0 90 82 10 	lds	r15, 0x1082	; 0x801082 <OutSTR_L>
    21b8:	ce 01       	movw	r24, r28
    21ba:	7b da       	rcall	.-2826   	; 0x16b2 <COM_Compare_to_OutStr>
    21bc:	88 23       	and	r24, r24
    21be:	09 f4       	brne	.+2      	; 0x21c2 <UART_Execute_Command+0x856>
    21c0:	c9 c0       	rjmp	.+402    	; 0x2354 <UART_Execute_Command+0x9e8>
    21c2:	6f 2d       	mov	r22, r15
    21c4:	82 e6       	ldi	r24, 0x62	; 98
    21c6:	91 e0       	ldi	r25, 0x01	; 1
    21c8:	e7 da       	rcall	.-2610   	; 0x1798 <COM_Add_To_OutSTR_At_Position>
    21ca:	6f 2d       	mov	r22, r15
    21cc:	ce 01       	movw	r24, r28
    21ce:	87 da       	rcall	.-2802   	; 0x16de <COM_Compare_to_OutStr_Offset>
    21d0:	88 23       	and	r24, r24
    21d2:	09 f4       	brne	.+2      	; 0x21d6 <UART_Execute_Command+0x86a>
    21d4:	61 c0       	rjmp	.+194    	; 0x2298 <UART_Execute_Command+0x92c>
    21d6:	80 91 82 10 	lds	r24, 0x1082	; 0x801082 <OutSTR_L>
    21da:	c8 0f       	add	r28, r24
    21dc:	d1 1d       	adc	r29, r1
    21de:	88 81       	ld	r24, Y
    21e0:	81 11       	cpse	r24, r1
    21e2:	ee c5       	rjmp	.+3036   	; 0x2dc0 <UART_Execute_Command+0x1454>
    21e4:	0e 94 d1 35 	call	0x6ba2	; 0x6ba2 <Check_Temp_Disconnect_State>
    21e8:	81 11       	cpse	r24, r1
    21ea:	08 c0       	rjmp	.+16     	; 0x21fc <UART_Execute_Command+0x890>
    21ec:	80 91 1a 14 	lds	r24, 0x141A	; 0x80141a <SysStatus_A>
    21f0:	85 fd       	sbrc	r24, 5
    21f2:	04 c0       	rjmp	.+8      	; 0x21fc <UART_Execute_Command+0x890>
    21f4:	80 91 1a 14 	lds	r24, 0x141A	; 0x80141a <SysStatus_A>
    21f8:	80 fd       	sbrc	r24, 0
    21fa:	04 c0       	rjmp	.+8      	; 0x2204 <UART_Execute_Command+0x898>
    21fc:	80 91 1f 14 	lds	r24, 0x141F	; 0x80141f <SysControl>
    2200:	8b 7f       	andi	r24, 0xFB	; 251
    2202:	96 cc       	rjmp	.-1748   	; 0x1b30 <UART_Execute_Command+0x1c4>
    2204:	80 91 1f 14 	lds	r24, 0x141F	; 0x80141f <SysControl>
    2208:	84 60       	ori	r24, 0x04	; 4
    220a:	80 93 1f 14 	sts	0x141F, r24	; 0x80141f <SysControl>
    220e:	80 91 b0 02 	lds	r24, 0x02B0	; 0x8002b0 <IV_Point_Set_Delay_ms>
    2212:	90 91 b1 02 	lds	r25, 0x02B1	; 0x8002b1 <IV_Point_Set_Delay_ms+0x1>
    2216:	80 32       	cpi	r24, 0x20	; 32
    2218:	9e 44       	sbci	r25, 0x4E	; 78
    221a:	18 f0       	brcs	.+6      	; 0x2222 <UART_Execute_Command+0x8b6>
    221c:	80 e6       	ldi	r24, 0x60	; 96
    221e:	9a ee       	ldi	r25, 0xEA	; 234
    2220:	0a c0       	rjmp	.+20     	; 0x2236 <UART_Execute_Command+0x8ca>
    2222:	80 91 b0 02 	lds	r24, 0x02B0	; 0x8002b0 <IV_Point_Set_Delay_ms>
    2226:	90 91 b1 02 	lds	r25, 0x02B1	; 0x8002b1 <IV_Point_Set_Delay_ms+0x1>
    222a:	9c 01       	movw	r18, r24
    222c:	22 0f       	add	r18, r18
    222e:	33 1f       	adc	r19, r19
    2230:	82 0f       	add	r24, r18
    2232:	93 1f       	adc	r25, r19
    2234:	c2 96       	adiw	r24, 0x32	; 50
    2236:	90 93 b8 02 	sts	0x02B8, r25	; 0x8002b8 <IV_Setup_Signal_Set_Time+0x1>
    223a:	80 93 b7 02 	sts	0x02B7, r24	; 0x8002b7 <IV_Setup_Signal_Set_Time>
    223e:	60 91 af 06 	lds	r22, 0x06AF	; 0x8006af <IV_Meas_Points>
    2242:	c0 91 b7 02 	lds	r28, 0x02B7	; 0x8002b7 <IV_Setup_Signal_Set_Time>
    2246:	d0 91 b8 02 	lds	r29, 0x02B8	; 0x8002b8 <IV_Setup_Signal_Set_Time+0x1>
    224a:	70 e0       	ldi	r23, 0x00	; 0
    224c:	80 e0       	ldi	r24, 0x00	; 0
    224e:	90 e0       	ldi	r25, 0x00	; 0
    2250:	0e 94 0a 47 	call	0x8e14	; 0x8e14 <__floatunsisf>
    2254:	20 e0       	ldi	r18, 0x00	; 0
    2256:	30 e0       	ldi	r19, 0x00	; 0
    2258:	40 e2       	ldi	r20, 0x20	; 32
    225a:	51 e4       	ldi	r21, 0x41	; 65
    225c:	0e 94 9a 48 	call	0x9134	; 0x9134 <__mulsf3>
    2260:	20 e0       	ldi	r18, 0x00	; 0
    2262:	30 e0       	ldi	r19, 0x00	; 0
    2264:	48 e4       	ldi	r20, 0x48	; 72
    2266:	53 e4       	ldi	r21, 0x43	; 67
    2268:	0e 94 d8 45 	call	0x8bb0	; 0x8bb0 <__addsf3>
    226c:	4b 01       	movw	r8, r22
    226e:	5c 01       	movw	r10, r24
    2270:	be 01       	movw	r22, r28
    2272:	80 e0       	ldi	r24, 0x00	; 0
    2274:	90 e0       	ldi	r25, 0x00	; 0
    2276:	0e 94 0a 47 	call	0x8e14	; 0x8e14 <__floatunsisf>
    227a:	20 e0       	ldi	r18, 0x00	; 0
    227c:	30 e0       	ldi	r19, 0x00	; 0
    227e:	40 e8       	ldi	r20, 0x80	; 128
    2280:	50 e4       	ldi	r21, 0x40	; 64
    2282:	0e 94 9a 48 	call	0x9134	; 0x9134 <__mulsf3>
    2286:	9b 01       	movw	r18, r22
    2288:	ac 01       	movw	r20, r24
    228a:	c5 01       	movw	r24, r10
    228c:	b4 01       	movw	r22, r8
    228e:	0e 94 d8 45 	call	0x8bb0	; 0x8bb0 <__addsf3>
    2292:	0e 94 d9 46 	call	0x8db2	; 0x8db2 <__fixsfsi>
    2296:	94 ce       	rjmp	.-728    	; 0x1fc0 <UART_Execute_Command+0x654>
    2298:	6f 2d       	mov	r22, r15
    229a:	8d e9       	ldi	r24, 0x9D	; 157
    229c:	91 e0       	ldi	r25, 0x01	; 1
    229e:	7c da       	rcall	.-2824   	; 0x1798 <COM_Add_To_OutSTR_At_Position>
    22a0:	6f 2d       	mov	r22, r15
    22a2:	ce 01       	movw	r24, r28
    22a4:	1c da       	rcall	.-3016   	; 0x16de <COM_Compare_to_OutStr_Offset>
    22a6:	88 23       	and	r24, r24
    22a8:	31 f1       	breq	.+76     	; 0x22f6 <UART_Execute_Command+0x98a>
    22aa:	80 91 82 10 	lds	r24, 0x1082	; 0x801082 <OutSTR_L>
    22ae:	fe 01       	movw	r30, r28
    22b0:	e8 0f       	add	r30, r24
    22b2:	f1 1d       	adc	r31, r1
    22b4:	80 81       	ld	r24, Z
    22b6:	81 11       	cpse	r24, r1
    22b8:	0c c0       	rjmp	.+24     	; 0x22d2 <UART_Execute_Command+0x966>
    22ba:	c8 01       	movw	r24, r16
    22bc:	0e 94 1b 4a 	call	0x9436	; 0x9436 <atof>
    22c0:	60 93 b0 06 	sts	0x06B0, r22	; 0x8006b0 <PV_Volt_Trs>
    22c4:	70 93 b1 06 	sts	0x06B1, r23	; 0x8006b1 <PV_Volt_Trs+0x1>
    22c8:	80 93 b2 06 	sts	0x06B2, r24	; 0x8006b2 <PV_Volt_Trs+0x2>
    22cc:	90 93 b3 06 	sts	0x06B3, r25	; 0x8006b3 <PV_Volt_Trs+0x3>
    22d0:	09 c0       	rjmp	.+18     	; 0x22e4 <UART_Execute_Command+0x978>
    22d2:	80 91 82 10 	lds	r24, 0x1082	; 0x801082 <OutSTR_L>
    22d6:	c8 0f       	add	r28, r24
    22d8:	d1 1d       	adc	r29, r1
    22da:	88 81       	ld	r24, Y
    22dc:	8f 33       	cpi	r24, 0x3F	; 63
    22de:	09 f0       	breq	.+2      	; 0x22e2 <UART_Execute_Command+0x976>
    22e0:	6f c5       	rjmp	.+2782   	; 0x2dc0 <UART_Execute_Command+0x1454>
    22e2:	73 da       	rcall	.-2842   	; 0x17ca <COM_Add_QuestMark_To_OutSTR_No_Sep>
    22e4:	40 91 b0 06 	lds	r20, 0x06B0	; 0x8006b0 <PV_Volt_Trs>
    22e8:	50 91 b1 06 	lds	r21, 0x06B1	; 0x8006b1 <PV_Volt_Trs+0x1>
    22ec:	60 91 b2 06 	lds	r22, 0x06B2	; 0x8006b2 <PV_Volt_Trs+0x2>
    22f0:	70 91 b3 06 	lds	r23, 0x06B3	; 0x8006b3 <PV_Volt_Trs+0x3>
    22f4:	f8 cc       	rjmp	.-1552   	; 0x1ce6 <UART_Execute_Command+0x37a>
    22f6:	6f 2d       	mov	r22, r15
    22f8:	8c e5       	ldi	r24, 0x5C	; 92
    22fa:	91 e0       	ldi	r25, 0x01	; 1
    22fc:	4d da       	rcall	.-2918   	; 0x1798 <COM_Add_To_OutSTR_At_Position>
    22fe:	6f 2d       	mov	r22, r15
    2300:	ce 01       	movw	r24, r28
    2302:	ed d9       	rcall	.-3110   	; 0x16de <COM_Compare_to_OutStr_Offset>
    2304:	88 23       	and	r24, r24
    2306:	31 f1       	breq	.+76     	; 0x2354 <UART_Execute_Command+0x9e8>
    2308:	80 91 82 10 	lds	r24, 0x1082	; 0x801082 <OutSTR_L>
    230c:	fe 01       	movw	r30, r28
    230e:	e8 0f       	add	r30, r24
    2310:	f1 1d       	adc	r31, r1
    2312:	80 81       	ld	r24, Z
    2314:	81 11       	cpse	r24, r1
    2316:	0c c0       	rjmp	.+24     	; 0x2330 <UART_Execute_Command+0x9c4>
    2318:	c8 01       	movw	r24, r16
    231a:	0e 94 1b 4a 	call	0x9436	; 0x9436 <atof>
    231e:	60 93 ba 02 	sts	0x02BA, r22	; 0x8002ba <Trs_Delay_us>
    2322:	70 93 bb 02 	sts	0x02BB, r23	; 0x8002bb <Trs_Delay_us+0x1>
    2326:	80 93 bc 02 	sts	0x02BC, r24	; 0x8002bc <Trs_Delay_us+0x2>
    232a:	90 93 bd 02 	sts	0x02BD, r25	; 0x8002bd <Trs_Delay_us+0x3>
    232e:	09 c0       	rjmp	.+18     	; 0x2342 <UART_Execute_Command+0x9d6>
    2330:	80 91 82 10 	lds	r24, 0x1082	; 0x801082 <OutSTR_L>
    2334:	c8 0f       	add	r28, r24
    2336:	d1 1d       	adc	r29, r1
    2338:	88 81       	ld	r24, Y
    233a:	8f 33       	cpi	r24, 0x3F	; 63
    233c:	09 f0       	breq	.+2      	; 0x2340 <UART_Execute_Command+0x9d4>
    233e:	40 c5       	rjmp	.+2688   	; 0x2dc0 <UART_Execute_Command+0x1454>
    2340:	44 da       	rcall	.-2936   	; 0x17ca <COM_Add_QuestMark_To_OutSTR_No_Sep>
    2342:	40 91 ba 02 	lds	r20, 0x02BA	; 0x8002ba <Trs_Delay_us>
    2346:	50 91 bb 02 	lds	r21, 0x02BB	; 0x8002bb <Trs_Delay_us+0x1>
    234a:	60 91 bc 02 	lds	r22, 0x02BC	; 0x8002bc <Trs_Delay_us+0x2>
    234e:	70 91 bd 02 	lds	r23, 0x02BD	; 0x8002bd <Trs_Delay_us+0x3>
    2352:	c9 cc       	rjmp	.-1646   	; 0x1ce6 <UART_Execute_Command+0x37a>
    2354:	85 ea       	ldi	r24, 0xA5	; 165
    2356:	91 e0       	ldi	r25, 0x01	; 1
    2358:	d8 d9       	rcall	.-3152   	; 0x170a <COM_Copy_To_OutSTR_From_Start>
    235a:	f0 90 82 10 	lds	r15, 0x1082	; 0x801082 <OutSTR_L>
    235e:	ce 01       	movw	r24, r28
    2360:	a8 d9       	rcall	.-3248   	; 0x16b2 <COM_Compare_to_OutStr>
    2362:	88 23       	and	r24, r24
    2364:	09 f4       	brne	.+2      	; 0x2368 <UART_Execute_Command+0x9fc>
    2366:	2d c2       	rjmp	.+1114   	; 0x27c2 <UART_Execute_Command+0xe56>
    2368:	6f 2d       	mov	r22, r15
    236a:	8c ea       	ldi	r24, 0xAC	; 172
    236c:	91 e0       	ldi	r25, 0x01	; 1
    236e:	14 da       	rcall	.-3032   	; 0x1798 <COM_Add_To_OutSTR_At_Position>
    2370:	6f 2d       	mov	r22, r15
    2372:	ce 01       	movw	r24, r28
    2374:	b4 d9       	rcall	.-3224   	; 0x16de <COM_Compare_to_OutStr_Offset>
    2376:	88 23       	and	r24, r24
    2378:	e9 f0       	breq	.+58     	; 0x23b4 <UART_Execute_Command+0xa48>
    237a:	80 91 82 10 	lds	r24, 0x1082	; 0x801082 <OutSTR_L>
    237e:	c8 0f       	add	r28, r24
    2380:	d1 1d       	adc	r29, r1
    2382:	88 81       	ld	r24, Y
    2384:	8f 33       	cpi	r24, 0x3F	; 63
    2386:	09 f0       	breq	.+2      	; 0x238a <UART_Execute_Command+0xa1e>
    2388:	1b c5       	rjmp	.+2614   	; 0x2dc0 <UART_Execute_Command+0x1454>
    238a:	40 91 58 15 	lds	r20, 0x1558	; 0x801558 <AI_Volt_Range_Val>
    238e:	50 91 59 15 	lds	r21, 0x1559	; 0x801559 <AI_Volt_Range_Val+0x1>
    2392:	60 91 5a 15 	lds	r22, 0x155A	; 0x80155a <AI_Volt_Range_Val+0x2>
    2396:	70 91 5b 15 	lds	r23, 0x155B	; 0x80155b <AI_Volt_Range_Val+0x3>
    239a:	c8 01       	movw	r24, r16
    239c:	6d da       	rcall	.-2854   	; 0x1878 <FloatToString>
    239e:	c8 01       	movw	r24, r16
    23a0:	d5 d9       	rcall	.-3158   	; 0x174c <COM_Add_To_OutSTR_with_Sep>
    23a2:	40 91 d0 14 	lds	r20, 0x14D0	; 0x8014d0 <AI_Curr_Range_Val>
    23a6:	50 91 d1 14 	lds	r21, 0x14D1	; 0x8014d1 <AI_Curr_Range_Val+0x1>
    23aa:	60 91 d2 14 	lds	r22, 0x14D2	; 0x8014d2 <AI_Curr_Range_Val+0x2>
    23ae:	70 91 d3 14 	lds	r23, 0x14D3	; 0x8014d3 <AI_Curr_Range_Val+0x3>
    23b2:	99 cc       	rjmp	.-1742   	; 0x1ce6 <UART_Execute_Command+0x37a>
    23b4:	6f 2d       	mov	r22, r15
    23b6:	83 eb       	ldi	r24, 0xB3	; 179
    23b8:	91 e0       	ldi	r25, 0x01	; 1
    23ba:	ee d9       	rcall	.-3108   	; 0x1798 <COM_Add_To_OutSTR_At_Position>
    23bc:	6f 2d       	mov	r22, r15
    23be:	ce 01       	movw	r24, r28
    23c0:	8e d9       	rcall	.-3300   	; 0x16de <COM_Compare_to_OutStr_Offset>
    23c2:	88 23       	and	r24, r24
    23c4:	c1 f1       	breq	.+112    	; 0x2436 <UART_Execute_Command+0xaca>
    23c6:	80 91 82 10 	lds	r24, 0x1082	; 0x801082 <OutSTR_L>
    23ca:	fe 01       	movw	r30, r28
    23cc:	e8 0f       	add	r30, r24
    23ce:	f1 1d       	adc	r31, r1
    23d0:	80 81       	ld	r24, Z
    23d2:	81 11       	cpse	r24, r1
    23d4:	20 c0       	rjmp	.+64     	; 0x2416 <UART_Execute_Command+0xaaa>
    23d6:	f8 01       	movw	r30, r16
    23d8:	80 81       	ld	r24, Z
    23da:	90 e0       	ldi	r25, 0x00	; 0
    23dc:	c0 97       	sbiw	r24, 0x30	; 48
    23de:	0a 97       	sbiw	r24, 0x0a	; 10
    23e0:	08 f0       	brcs	.+2      	; 0x23e4 <UART_Execute_Command+0xa78>
    23e2:	ee c4       	rjmp	.+2524   	; 0x2dc0 <UART_Execute_Command+0x1454>
    23e4:	c8 01       	movw	r24, r16
    23e6:	0e 94 3b 4a 	call	0x9476	; 0x9476 <atol>
    23ea:	65 30       	cpi	r22, 0x05	; 5
    23ec:	71 05       	cpc	r23, r1
    23ee:	81 05       	cpc	r24, r1
    23f0:	91 05       	cpc	r25, r1
    23f2:	48 f0       	brcs	.+18     	; 0x2406 <UART_Execute_Command+0xa9a>
    23f4:	80 91 e4 14 	lds	r24, 0x14E4	; 0x8014e4 <Range_Status_A>
    23f8:	8e 7f       	andi	r24, 0xFE	; 254
    23fa:	80 93 e4 14 	sts	0x14E4, r24	; 0x8014e4 <Range_Status_A>
    23fe:	8f ef       	ldi	r24, 0xFF	; 255
    2400:	80 93 08 15 	sts	0x1508, r24	; 0x801508 <Range_Volt_ID_Man>
    2404:	40 c0       	rjmp	.+128    	; 0x2486 <UART_Execute_Command+0xb1a>
    2406:	20 91 e4 14 	lds	r18, 0x14E4	; 0x8014e4 <Range_Status_A>
    240a:	21 60       	ori	r18, 0x01	; 1
    240c:	20 93 e4 14 	sts	0x14E4, r18	; 0x8014e4 <Range_Status_A>
    2410:	60 93 08 15 	sts	0x1508, r22	; 0x801508 <Range_Volt_ID_Man>
    2414:	0d c0       	rjmp	.+26     	; 0x2430 <UART_Execute_Command+0xac4>
    2416:	80 91 82 10 	lds	r24, 0x1082	; 0x801082 <OutSTR_L>
    241a:	c8 0f       	add	r28, r24
    241c:	d1 1d       	adc	r29, r1
    241e:	88 81       	ld	r24, Y
    2420:	8f 33       	cpi	r24, 0x3F	; 63
    2422:	09 f0       	breq	.+2      	; 0x2426 <UART_Execute_Command+0xaba>
    2424:	cd c4       	rjmp	.+2458   	; 0x2dc0 <UART_Execute_Command+0x1454>
    2426:	d1 d9       	rcall	.-3166   	; 0x17ca <COM_Add_QuestMark_To_OutSTR_No_Sep>
    2428:	80 91 08 15 	lds	r24, 0x1508	; 0x801508 <Range_Volt_ID_Man>
    242c:	8f 3f       	cpi	r24, 0xFF	; 255
    242e:	59 f1       	breq	.+86     	; 0x2486 <UART_Execute_Command+0xb1a>
    2430:	80 91 08 15 	lds	r24, 0x1508	; 0x801508 <Range_Volt_ID_Man>
    2434:	ee cb       	rjmp	.-2084   	; 0x1c12 <UART_Execute_Command+0x2a6>
    2436:	6f 2d       	mov	r22, r15
    2438:	8f eb       	ldi	r24, 0xBF	; 191
    243a:	91 e0       	ldi	r25, 0x01	; 1
    243c:	ad d9       	rcall	.-3238   	; 0x1798 <COM_Add_To_OutSTR_At_Position>
    243e:	6f 2d       	mov	r22, r15
    2440:	ce 01       	movw	r24, r28
    2442:	4d d9       	rcall	.-3430   	; 0x16de <COM_Compare_to_OutStr_Offset>
    2444:	88 23       	and	r24, r24
    2446:	d1 f1       	breq	.+116    	; 0x24bc <UART_Execute_Command+0xb50>
    2448:	80 91 82 10 	lds	r24, 0x1082	; 0x801082 <OutSTR_L>
    244c:	fe 01       	movw	r30, r28
    244e:	e8 0f       	add	r30, r24
    2450:	f1 1d       	adc	r31, r1
    2452:	80 81       	ld	r24, Z
    2454:	81 11       	cpse	r24, r1
    2456:	22 c0       	rjmp	.+68     	; 0x249c <UART_Execute_Command+0xb30>
    2458:	f8 01       	movw	r30, r16
    245a:	80 81       	ld	r24, Z
    245c:	90 e0       	ldi	r25, 0x00	; 0
    245e:	c0 97       	sbiw	r24, 0x30	; 48
    2460:	0a 97       	sbiw	r24, 0x0a	; 10
    2462:	08 f0       	brcs	.+2      	; 0x2466 <UART_Execute_Command+0xafa>
    2464:	ad c4       	rjmp	.+2394   	; 0x2dc0 <UART_Execute_Command+0x1454>
    2466:	c8 01       	movw	r24, r16
    2468:	0e 94 3b 4a 	call	0x9476	; 0x9476 <atol>
    246c:	66 30       	cpi	r22, 0x06	; 6
    246e:	71 05       	cpc	r23, r1
    2470:	81 05       	cpc	r24, r1
    2472:	91 05       	cpc	r25, r1
    2474:	58 f0       	brcs	.+22     	; 0x248c <UART_Execute_Command+0xb20>
    2476:	80 91 e4 14 	lds	r24, 0x14E4	; 0x8014e4 <Range_Status_A>
    247a:	8d 7f       	andi	r24, 0xFD	; 253
    247c:	80 93 e4 14 	sts	0x14E4, r24	; 0x8014e4 <Range_Status_A>
    2480:	8f ef       	ldi	r24, 0xFF	; 255
    2482:	80 93 0a 15 	sts	0x150A, r24	; 0x80150a <Range_Curr_ID_Man>
    2486:	8a eb       	ldi	r24, 0xBA	; 186
    2488:	91 e0       	ldi	r25, 0x01	; 1
    248a:	c9 cb       	rjmp	.-2158   	; 0x1c1e <UART_Execute_Command+0x2b2>
    248c:	20 91 e4 14 	lds	r18, 0x14E4	; 0x8014e4 <Range_Status_A>
    2490:	22 60       	ori	r18, 0x02	; 2
    2492:	20 93 e4 14 	sts	0x14E4, r18	; 0x8014e4 <Range_Status_A>
    2496:	60 93 0a 15 	sts	0x150A, r22	; 0x80150a <Range_Curr_ID_Man>
    249a:	0d c0       	rjmp	.+26     	; 0x24b6 <UART_Execute_Command+0xb4a>
    249c:	80 91 82 10 	lds	r24, 0x1082	; 0x801082 <OutSTR_L>
    24a0:	c8 0f       	add	r28, r24
    24a2:	d1 1d       	adc	r29, r1
    24a4:	88 81       	ld	r24, Y
    24a6:	8f 33       	cpi	r24, 0x3F	; 63
    24a8:	09 f0       	breq	.+2      	; 0x24ac <UART_Execute_Command+0xb40>
    24aa:	8a c4       	rjmp	.+2324   	; 0x2dc0 <UART_Execute_Command+0x1454>
    24ac:	8e d9       	rcall	.-3300   	; 0x17ca <COM_Add_QuestMark_To_OutSTR_No_Sep>
    24ae:	80 91 0a 15 	lds	r24, 0x150A	; 0x80150a <Range_Curr_ID_Man>
    24b2:	8f 3f       	cpi	r24, 0xFF	; 255
    24b4:	41 f3       	breq	.-48     	; 0x2486 <UART_Execute_Command+0xb1a>
    24b6:	80 91 0a 15 	lds	r24, 0x150A	; 0x80150a <Range_Curr_ID_Man>
    24ba:	ab cb       	rjmp	.-2218   	; 0x1c12 <UART_Execute_Command+0x2a6>
    24bc:	6f 2d       	mov	r22, r15
    24be:	86 ec       	ldi	r24, 0xC6	; 198
    24c0:	91 e0       	ldi	r25, 0x01	; 1
    24c2:	6a d9       	rcall	.-3372   	; 0x1798 <COM_Add_To_OutSTR_At_Position>
    24c4:	6f 2d       	mov	r22, r15
    24c6:	ce 01       	movw	r24, r28
    24c8:	0a d9       	rcall	.-3564   	; 0x16de <COM_Compare_to_OutStr_Offset>
    24ca:	88 23       	and	r24, r24
    24cc:	61 f0       	breq	.+24     	; 0x24e6 <UART_Execute_Command+0xb7a>
    24ce:	80 91 82 10 	lds	r24, 0x1082	; 0x801082 <OutSTR_L>
    24d2:	c8 0f       	add	r28, r24
    24d4:	d1 1d       	adc	r29, r1
    24d6:	88 81       	ld	r24, Y
    24d8:	81 11       	cpse	r24, r1
    24da:	72 c4       	rjmp	.+2276   	; 0x2dc0 <UART_Execute_Command+0x1454>
    24dc:	0e 94 07 3d 	call	0x7a0e	; 0x7a0e <Reset_Over_Current_Clamp>
    24e0:	8b e0       	ldi	r24, 0x0B	; 11
    24e2:	91 e0       	ldi	r25, 0x01	; 1
    24e4:	9c cb       	rjmp	.-2248   	; 0x1c1e <UART_Execute_Command+0x2b2>
    24e6:	6f 2d       	mov	r22, r15
    24e8:	8c ec       	ldi	r24, 0xCC	; 204
    24ea:	91 e0       	ldi	r25, 0x01	; 1
    24ec:	55 d9       	rcall	.-3414   	; 0x1798 <COM_Add_To_OutSTR_At_Position>
    24ee:	6f 2d       	mov	r22, r15
    24f0:	ce 01       	movw	r24, r28
    24f2:	f5 d8       	rcall	.-3606   	; 0x16de <COM_Compare_to_OutStr_Offset>
    24f4:	88 23       	and	r24, r24
    24f6:	59 f1       	breq	.+86     	; 0x254e <UART_Execute_Command+0xbe2>
    24f8:	80 91 82 10 	lds	r24, 0x1082	; 0x801082 <OutSTR_L>
    24fc:	fe 01       	movw	r30, r28
    24fe:	e8 0f       	add	r30, r24
    2500:	f1 1d       	adc	r31, r1
    2502:	80 81       	ld	r24, Z
    2504:	81 11       	cpse	r24, r1
    2506:	17 c0       	rjmp	.+46     	; 0x2536 <UART_Execute_Command+0xbca>
    2508:	f8 01       	movw	r30, r16
    250a:	80 81       	ld	r24, Z
    250c:	90 e0       	ldi	r25, 0x00	; 0
    250e:	c0 97       	sbiw	r24, 0x30	; 48
    2510:	0a 97       	sbiw	r24, 0x0a	; 10
    2512:	08 f0       	brcs	.+2      	; 0x2516 <UART_Execute_Command+0xbaa>
    2514:	55 c4       	rjmp	.+2218   	; 0x2dc0 <UART_Execute_Command+0x1454>
    2516:	c8 01       	movw	r24, r16
    2518:	0e 94 3b 4a 	call	0x9476	; 0x9476 <atol>
    251c:	6f 3f       	cpi	r22, 0xFF	; 255
    251e:	71 05       	cpc	r23, r1
    2520:	81 05       	cpc	r24, r1
    2522:	91 05       	cpc	r25, r1
    2524:	29 f0       	breq	.+10     	; 0x2530 <UART_Execute_Command+0xbc4>
    2526:	20 f0       	brcs	.+8      	; 0x2530 <UART_Execute_Command+0xbc4>
    2528:	8f ef       	ldi	r24, 0xFF	; 255
    252a:	80 93 3e 15 	sts	0x153E, r24	; 0x80153e <Range_Volt_Enable>
    252e:	0c c0       	rjmp	.+24     	; 0x2548 <UART_Execute_Command+0xbdc>
    2530:	60 93 3e 15 	sts	0x153E, r22	; 0x80153e <Range_Volt_Enable>
    2534:	09 c0       	rjmp	.+18     	; 0x2548 <UART_Execute_Command+0xbdc>
    2536:	80 91 82 10 	lds	r24, 0x1082	; 0x801082 <OutSTR_L>
    253a:	c8 0f       	add	r28, r24
    253c:	d1 1d       	adc	r29, r1
    253e:	88 81       	ld	r24, Y
    2540:	8f 33       	cpi	r24, 0x3F	; 63
    2542:	09 f0       	breq	.+2      	; 0x2546 <UART_Execute_Command+0xbda>
    2544:	3d c4       	rjmp	.+2170   	; 0x2dc0 <UART_Execute_Command+0x1454>
    2546:	41 d9       	rcall	.-3454   	; 0x17ca <COM_Add_QuestMark_To_OutSTR_No_Sep>
    2548:	80 91 3e 15 	lds	r24, 0x153E	; 0x80153e <Range_Volt_Enable>
    254c:	62 cb       	rjmp	.-2364   	; 0x1c12 <UART_Execute_Command+0x2a6>
    254e:	6f 2d       	mov	r22, r15
    2550:	83 ed       	ldi	r24, 0xD3	; 211
    2552:	91 e0       	ldi	r25, 0x01	; 1
    2554:	21 d9       	rcall	.-3518   	; 0x1798 <COM_Add_To_OutSTR_At_Position>
    2556:	6f 2d       	mov	r22, r15
    2558:	ce 01       	movw	r24, r28
    255a:	c1 d8       	rcall	.-3710   	; 0x16de <COM_Compare_to_OutStr_Offset>
    255c:	88 23       	and	r24, r24
    255e:	59 f1       	breq	.+86     	; 0x25b6 <UART_Execute_Command+0xc4a>
    2560:	80 91 82 10 	lds	r24, 0x1082	; 0x801082 <OutSTR_L>
    2564:	fe 01       	movw	r30, r28
    2566:	e8 0f       	add	r30, r24
    2568:	f1 1d       	adc	r31, r1
    256a:	80 81       	ld	r24, Z
    256c:	81 11       	cpse	r24, r1
    256e:	17 c0       	rjmp	.+46     	; 0x259e <UART_Execute_Command+0xc32>
    2570:	f8 01       	movw	r30, r16
    2572:	80 81       	ld	r24, Z
    2574:	90 e0       	ldi	r25, 0x00	; 0
    2576:	c0 97       	sbiw	r24, 0x30	; 48
    2578:	0a 97       	sbiw	r24, 0x0a	; 10
    257a:	08 f0       	brcs	.+2      	; 0x257e <UART_Execute_Command+0xc12>
    257c:	21 c4       	rjmp	.+2114   	; 0x2dc0 <UART_Execute_Command+0x1454>
    257e:	c8 01       	movw	r24, r16
    2580:	0e 94 3b 4a 	call	0x9476	; 0x9476 <atol>
    2584:	6f 3f       	cpi	r22, 0xFF	; 255
    2586:	71 05       	cpc	r23, r1
    2588:	81 05       	cpc	r24, r1
    258a:	91 05       	cpc	r25, r1
    258c:	29 f0       	breq	.+10     	; 0x2598 <UART_Execute_Command+0xc2c>
    258e:	20 f0       	brcs	.+8      	; 0x2598 <UART_Execute_Command+0xc2c>
    2590:	8f ef       	ldi	r24, 0xFF	; 255
    2592:	80 93 ff 14 	sts	0x14FF, r24	; 0x8014ff <Range_Curr_Enable>
    2596:	0c c0       	rjmp	.+24     	; 0x25b0 <UART_Execute_Command+0xc44>
    2598:	60 93 ff 14 	sts	0x14FF, r22	; 0x8014ff <Range_Curr_Enable>
    259c:	09 c0       	rjmp	.+18     	; 0x25b0 <UART_Execute_Command+0xc44>
    259e:	80 91 82 10 	lds	r24, 0x1082	; 0x801082 <OutSTR_L>
    25a2:	c8 0f       	add	r28, r24
    25a4:	d1 1d       	adc	r29, r1
    25a6:	88 81       	ld	r24, Y
    25a8:	8f 33       	cpi	r24, 0x3F	; 63
    25aa:	09 f0       	breq	.+2      	; 0x25ae <UART_Execute_Command+0xc42>
    25ac:	09 c4       	rjmp	.+2066   	; 0x2dc0 <UART_Execute_Command+0x1454>
    25ae:	0d d9       	rcall	.-3558   	; 0x17ca <COM_Add_QuestMark_To_OutSTR_No_Sep>
    25b0:	80 91 ff 14 	lds	r24, 0x14FF	; 0x8014ff <Range_Curr_Enable>
    25b4:	2e cb       	rjmp	.-2468   	; 0x1c12 <UART_Execute_Command+0x2a6>
    25b6:	6f 2d       	mov	r22, r15
    25b8:	8a ed       	ldi	r24, 0xDA	; 218
    25ba:	91 e0       	ldi	r25, 0x01	; 1
    25bc:	ed d8       	rcall	.-3622   	; 0x1798 <COM_Add_To_OutSTR_At_Position>
    25be:	6f 2d       	mov	r22, r15
    25c0:	ce 01       	movw	r24, r28
    25c2:	8d d8       	rcall	.-3814   	; 0x16de <COM_Compare_to_OutStr_Offset>
    25c4:	88 23       	and	r24, r24
    25c6:	09 f4       	brne	.+2      	; 0x25ca <UART_Execute_Command+0xc5e>
    25c8:	fc c0       	rjmp	.+504    	; 0x27c2 <UART_Execute_Command+0xe56>
    25ca:	f0 90 82 10 	lds	r15, 0x1082	; 0x801082 <OutSTR_L>
    25ce:	6f 2d       	mov	r22, r15
    25d0:	82 e4       	ldi	r24, 0x42	; 66
    25d2:	91 e0       	ldi	r25, 0x01	; 1
    25d4:	e1 d8       	rcall	.-3646   	; 0x1798 <COM_Add_To_OutSTR_At_Position>
    25d6:	6f 2d       	mov	r22, r15
    25d8:	ce 01       	movw	r24, r28
    25da:	81 d8       	rcall	.-3838   	; 0x16de <COM_Compare_to_OutStr_Offset>
    25dc:	88 23       	and	r24, r24
    25de:	09 f4       	brne	.+2      	; 0x25e2 <UART_Execute_Command+0xc76>
    25e0:	71 c0       	rjmp	.+226    	; 0x26c4 <UART_Execute_Command+0xd58>
    25e2:	80 91 82 10 	lds	r24, 0x1082	; 0x801082 <OutSTR_L>
    25e6:	fe 01       	movw	r30, r28
    25e8:	e8 0f       	add	r30, r24
    25ea:	f1 1d       	adc	r31, r1
    25ec:	80 81       	ld	r24, Z
    25ee:	81 11       	cpse	r24, r1
    25f0:	4e c0       	rjmp	.+156    	; 0x268e <UART_Execute_Command+0xd22>
    25f2:	80 91 1f 14 	lds	r24, 0x141F	; 0x80141f <SysControl>
    25f6:	80 68       	ori	r24, 0x80	; 128
    25f8:	80 93 1f 14 	sts	0x141F, r24	; 0x80141f <SysControl>
    25fc:	44 e0       	ldi	r20, 0x04	; 4
    25fe:	65 eb       	ldi	r22, 0xB5	; 181
    2600:	71 e0       	ldi	r23, 0x01	; 1
    2602:	c8 01       	movw	r24, r16
    2604:	f5 d8       	rcall	.-3606   	; 0x17f0 <Compare_String>
    2606:	81 30       	cpi	r24, 0x01	; 1
    2608:	71 f4       	brne	.+28     	; 0x2626 <UART_Execute_Command+0xcba>
    260a:	80 91 e4 14 	lds	r24, 0x14E4	; 0x8014e4 <Range_Status_A>
    260e:	84 60       	ori	r24, 0x04	; 4
    2610:	80 93 e4 14 	sts	0x14E4, r24	; 0x8014e4 <Range_Status_A>
    2614:	80 91 e4 14 	lds	r24, 0x14E4	; 0x8014e4 <Range_Status_A>
    2618:	87 7f       	andi	r24, 0xF7	; 247
    261a:	80 93 e4 14 	sts	0x14E4, r24	; 0x8014e4 <Range_Status_A>
    261e:	8f ef       	ldi	r24, 0xFF	; 255
    2620:	80 93 dd 14 	sts	0x14DD, r24	; 0x8014dd <Range_Volt_ID_Act>
    2624:	3d c0       	rjmp	.+122    	; 0x26a0 <UART_Execute_Command+0xd34>
    2626:	44 e0       	ldi	r20, 0x04	; 4
    2628:	61 ec       	ldi	r22, 0xC1	; 193
    262a:	71 e0       	ldi	r23, 0x01	; 1
    262c:	c8 01       	movw	r24, r16
    262e:	e0 d8       	rcall	.-3648   	; 0x17f0 <Compare_String>
    2630:	81 30       	cpi	r24, 0x01	; 1
    2632:	71 f4       	brne	.+28     	; 0x2650 <UART_Execute_Command+0xce4>
    2634:	80 91 e4 14 	lds	r24, 0x14E4	; 0x8014e4 <Range_Status_A>
    2638:	88 60       	ori	r24, 0x08	; 8
    263a:	80 93 e4 14 	sts	0x14E4, r24	; 0x8014e4 <Range_Status_A>
    263e:	80 91 e4 14 	lds	r24, 0x14E4	; 0x8014e4 <Range_Status_A>
    2642:	8b 7f       	andi	r24, 0xFB	; 251
    2644:	80 93 e4 14 	sts	0x14E4, r24	; 0x8014e4 <Range_Status_A>
    2648:	8f ef       	ldi	r24, 0xFF	; 255
    264a:	80 93 54 15 	sts	0x1554, r24	; 0x801554 <Range_Curr_ID_Act>
    264e:	28 c0       	rjmp	.+80     	; 0x26a0 <UART_Execute_Command+0xd34>
    2650:	80 91 1f 14 	lds	r24, 0x141F	; 0x80141f <SysControl>
    2654:	8f 77       	andi	r24, 0x7F	; 127
    2656:	80 93 1f 14 	sts	0x141F, r24	; 0x80141f <SysControl>
    265a:	80 91 e4 14 	lds	r24, 0x14E4	; 0x8014e4 <Range_Status_A>
    265e:	82 ff       	sbrs	r24, 2
    2660:	04 c0       	rjmp	.+8      	; 0x266a <UART_Execute_Command+0xcfe>
    2662:	8f ef       	ldi	r24, 0xFF	; 255
    2664:	80 93 dd 14 	sts	0x14DD, r24	; 0x8014dd <Range_Volt_ID_Act>
    2668:	07 c0       	rjmp	.+14     	; 0x2678 <UART_Execute_Command+0xd0c>
    266a:	80 91 e4 14 	lds	r24, 0x14E4	; 0x8014e4 <Range_Status_A>
    266e:	83 ff       	sbrs	r24, 3
    2670:	03 c0       	rjmp	.+6      	; 0x2678 <UART_Execute_Command+0xd0c>
    2672:	8f ef       	ldi	r24, 0xFF	; 255
    2674:	80 93 54 15 	sts	0x1554, r24	; 0x801554 <Range_Curr_ID_Act>
    2678:	80 91 e4 14 	lds	r24, 0x14E4	; 0x8014e4 <Range_Status_A>
    267c:	8b 7f       	andi	r24, 0xFB	; 251
    267e:	80 93 e4 14 	sts	0x14E4, r24	; 0x8014e4 <Range_Status_A>
    2682:	80 91 e4 14 	lds	r24, 0x14E4	; 0x8014e4 <Range_Status_A>
    2686:	87 7f       	andi	r24, 0xF7	; 247
    2688:	80 93 e4 14 	sts	0x14E4, r24	; 0x8014e4 <Range_Status_A>
    268c:	09 c0       	rjmp	.+18     	; 0x26a0 <UART_Execute_Command+0xd34>
    268e:	80 91 82 10 	lds	r24, 0x1082	; 0x801082 <OutSTR_L>
    2692:	c8 0f       	add	r28, r24
    2694:	d1 1d       	adc	r29, r1
    2696:	88 81       	ld	r24, Y
    2698:	8f 33       	cpi	r24, 0x3F	; 63
    269a:	09 f0       	breq	.+2      	; 0x269e <UART_Execute_Command+0xd32>
    269c:	91 c3       	rjmp	.+1826   	; 0x2dc0 <UART_Execute_Command+0x1454>
    269e:	95 d8       	rcall	.-3798   	; 0x17ca <COM_Add_QuestMark_To_OutSTR_No_Sep>
    26a0:	80 91 1f 14 	lds	r24, 0x141F	; 0x80141f <SysControl>
    26a4:	87 ff       	sbrs	r24, 7
    26a6:	46 ca       	rjmp	.-2932   	; 0x1b34 <UART_Execute_Command+0x1c8>
    26a8:	80 91 e4 14 	lds	r24, 0x14E4	; 0x8014e4 <Range_Status_A>
    26ac:	82 ff       	sbrs	r24, 2
    26ae:	03 c0       	rjmp	.+6      	; 0x26b6 <UART_Execute_Command+0xd4a>
    26b0:	85 eb       	ldi	r24, 0xB5	; 181
    26b2:	91 e0       	ldi	r25, 0x01	; 1
    26b4:	b4 ca       	rjmp	.-2712   	; 0x1c1e <UART_Execute_Command+0x2b2>
    26b6:	80 91 e4 14 	lds	r24, 0x14E4	; 0x8014e4 <Range_Status_A>
    26ba:	83 ff       	sbrs	r24, 3
    26bc:	27 c0       	rjmp	.+78     	; 0x270c <UART_Execute_Command+0xda0>
    26be:	81 ec       	ldi	r24, 0xC1	; 193
    26c0:	91 e0       	ldi	r25, 0x01	; 1
    26c2:	ad ca       	rjmp	.-2726   	; 0x1c1e <UART_Execute_Command+0x2b2>
    26c4:	6f 2d       	mov	r22, r15
    26c6:	82 ee       	ldi	r24, 0xE2	; 226
    26c8:	91 e0       	ldi	r25, 0x01	; 1
    26ca:	66 d8       	rcall	.-3892   	; 0x1798 <COM_Add_To_OutSTR_At_Position>
    26cc:	6f 2d       	mov	r22, r15
    26ce:	ce 01       	movw	r24, r28
    26d0:	06 d8       	rcall	.-4084   	; 0x16de <COM_Compare_to_OutStr_Offset>
    26d2:	88 23       	and	r24, r24
    26d4:	b9 f1       	breq	.+110    	; 0x2744 <UART_Execute_Command+0xdd8>
    26d6:	80 91 82 10 	lds	r24, 0x1082	; 0x801082 <OutSTR_L>
    26da:	fe 01       	movw	r30, r28
    26dc:	e8 0f       	add	r30, r24
    26de:	f1 1d       	adc	r31, r1
    26e0:	80 81       	ld	r24, Z
    26e2:	81 11       	cpse	r24, r1
    26e4:	20 c0       	rjmp	.+64     	; 0x2726 <UART_Execute_Command+0xdba>
    26e6:	c8 01       	movw	r24, r16
    26e8:	0e 94 1b 4a 	call	0x9436	; 0x9436 <atof>
    26ec:	20 91 1f 14 	lds	r18, 0x141F	; 0x80141f <SysControl>
    26f0:	27 fd       	sbrc	r18, 7
    26f2:	0f c0       	rjmp	.+30     	; 0x2712 <UART_Execute_Command+0xda6>
    26f4:	80 91 1f 14 	lds	r24, 0x141F	; 0x80141f <SysControl>
    26f8:	87 ff       	sbrs	r24, 7
    26fa:	41 c0       	rjmp	.+130    	; 0x277e <UART_Execute_Command+0xe12>
    26fc:	80 91 e4 14 	lds	r24, 0x14E4	; 0x8014e4 <Range_Status_A>
    2700:	82 fd       	sbrc	r24, 2
    2702:	1b c0       	rjmp	.+54     	; 0x273a <UART_Execute_Command+0xdce>
    2704:	80 91 e4 14 	lds	r24, 0x14E4	; 0x8014e4 <Range_Status_A>
    2708:	83 fd       	sbrc	r24, 3
    270a:	17 c0       	rjmp	.+46     	; 0x273a <UART_Execute_Command+0xdce>
    270c:	8f ed       	ldi	r24, 0xDF	; 223
    270e:	91 e0       	ldi	r25, 0x01	; 1
    2710:	86 ca       	rjmp	.-2804   	; 0x1c1e <UART_Execute_Command+0x2b2>
    2712:	20 91 e4 14 	lds	r18, 0x14E4	; 0x8014e4 <Range_Status_A>
    2716:	22 fd       	sbrc	r18, 2
    2718:	04 c0       	rjmp	.+8      	; 0x2722 <UART_Execute_Command+0xdb6>
    271a:	20 91 e4 14 	lds	r18, 0x14E4	; 0x8014e4 <Range_Status_A>
    271e:	23 ff       	sbrs	r18, 3
    2720:	e9 cf       	rjmp	.-46     	; 0x26f4 <UART_Execute_Command+0xd88>
    2722:	d2 d3       	rcall	.+1956   	; 0x2ec8 <EEPROM_Range_Cal_Set_Scale>
    2724:	e7 cf       	rjmp	.-50     	; 0x26f4 <UART_Execute_Command+0xd88>
    2726:	80 91 82 10 	lds	r24, 0x1082	; 0x801082 <OutSTR_L>
    272a:	c8 0f       	add	r28, r24
    272c:	d1 1d       	adc	r29, r1
    272e:	88 81       	ld	r24, Y
    2730:	8f 33       	cpi	r24, 0x3F	; 63
    2732:	09 f0       	breq	.+2      	; 0x2736 <UART_Execute_Command+0xdca>
    2734:	45 c3       	rjmp	.+1674   	; 0x2dc0 <UART_Execute_Command+0x1454>
    2736:	49 d8       	rcall	.-3950   	; 0x17ca <COM_Add_QuestMark_To_OutSTR_No_Sep>
    2738:	dd cf       	rjmp	.-70     	; 0x26f4 <UART_Execute_Command+0xd88>
    273a:	0e 94 b3 1b 	call	0x3766	; 0x3766 <EEPROM_Range_Cal_Get_Scale>
    273e:	ab 01       	movw	r20, r22
    2740:	bc 01       	movw	r22, r24
    2742:	d1 ca       	rjmp	.-2654   	; 0x1ce6 <UART_Execute_Command+0x37a>
    2744:	6f 2d       	mov	r22, r15
    2746:	80 ef       	ldi	r24, 0xF0	; 240
    2748:	91 e0       	ldi	r25, 0x01	; 1
    274a:	26 d8       	rcall	.-4020   	; 0x1798 <COM_Add_To_OutSTR_At_Position>
    274c:	6f 2d       	mov	r22, r15
    274e:	ce 01       	movw	r24, r28
    2750:	0e 94 6f 0b 	call	0x16de	; 0x16de <COM_Compare_to_OutStr_Offset>
    2754:	88 23       	and	r24, r24
    2756:	a9 f1       	breq	.+106    	; 0x27c2 <UART_Execute_Command+0xe56>
    2758:	80 91 82 10 	lds	r24, 0x1082	; 0x801082 <OutSTR_L>
    275c:	fe 01       	movw	r30, r28
    275e:	e8 0f       	add	r30, r24
    2760:	f1 1d       	adc	r31, r1
    2762:	80 81       	ld	r24, Z
    2764:	81 11       	cpse	r24, r1
    2766:	18 c0       	rjmp	.+48     	; 0x2798 <UART_Execute_Command+0xe2c>
    2768:	c8 01       	movw	r24, r16
    276a:	0e 94 1b 4a 	call	0x9436	; 0x9436 <atof>
    276e:	20 91 1f 14 	lds	r18, 0x141F	; 0x80141f <SysControl>
    2772:	27 fd       	sbrc	r18, 7
    2774:	07 c0       	rjmp	.+14     	; 0x2784 <UART_Execute_Command+0xe18>
    2776:	80 91 1f 14 	lds	r24, 0x141F	; 0x80141f <SysControl>
    277a:	87 fd       	sbrc	r24, 7
    277c:	17 c0       	rjmp	.+46     	; 0x27ac <UART_Execute_Command+0xe40>
    277e:	88 ee       	ldi	r24, 0xE8	; 232
    2780:	91 e0       	ldi	r25, 0x01	; 1
    2782:	4d ca       	rjmp	.-2918   	; 0x1c1e <UART_Execute_Command+0x2b2>
    2784:	20 91 e4 14 	lds	r18, 0x14E4	; 0x8014e4 <Range_Status_A>
    2788:	22 fd       	sbrc	r18, 2
    278a:	04 c0       	rjmp	.+8      	; 0x2794 <UART_Execute_Command+0xe28>
    278c:	20 91 e4 14 	lds	r18, 0x14E4	; 0x8014e4 <Range_Status_A>
    2790:	23 ff       	sbrs	r18, 3
    2792:	f1 cf       	rjmp	.-30     	; 0x2776 <UART_Execute_Command+0xe0a>
    2794:	61 d4       	rcall	.+2242   	; 0x3058 <EEPROM_Range_Cal_Set_Offset>
    2796:	ef cf       	rjmp	.-34     	; 0x2776 <UART_Execute_Command+0xe0a>
    2798:	80 91 82 10 	lds	r24, 0x1082	; 0x801082 <OutSTR_L>
    279c:	c8 0f       	add	r28, r24
    279e:	d1 1d       	adc	r29, r1
    27a0:	88 81       	ld	r24, Y
    27a2:	8f 33       	cpi	r24, 0x3F	; 63
    27a4:	09 f0       	breq	.+2      	; 0x27a8 <UART_Execute_Command+0xe3c>
    27a6:	0c c3       	rjmp	.+1560   	; 0x2dc0 <UART_Execute_Command+0x1454>
    27a8:	10 d8       	rcall	.-4064   	; 0x17ca <COM_Add_QuestMark_To_OutSTR_No_Sep>
    27aa:	e5 cf       	rjmp	.-54     	; 0x2776 <UART_Execute_Command+0xe0a>
    27ac:	80 91 e4 14 	lds	r24, 0x14E4	; 0x8014e4 <Range_Status_A>
    27b0:	82 fd       	sbrc	r24, 2
    27b2:	04 c0       	rjmp	.+8      	; 0x27bc <UART_Execute_Command+0xe50>
    27b4:	80 91 e4 14 	lds	r24, 0x14E4	; 0x8014e4 <Range_Status_A>
    27b8:	83 ff       	sbrs	r24, 3
    27ba:	a8 cf       	rjmp	.-176    	; 0x270c <UART_Execute_Command+0xda0>
    27bc:	0e 94 11 1c 	call	0x3822	; 0x3822 <EEPROM_Range_Cal_Get_Offset>
    27c0:	be cf       	rjmp	.-132    	; 0x273e <UART_Execute_Command+0xdd2>
    27c2:	87 ef       	ldi	r24, 0xF7	; 247
    27c4:	91 e0       	ldi	r25, 0x01	; 1
    27c6:	0e 94 85 0b 	call	0x170a	; 0x170a <COM_Copy_To_OutSTR_From_Start>
    27ca:	f0 90 82 10 	lds	r15, 0x1082	; 0x801082 <OutSTR_L>
    27ce:	ce 01       	movw	r24, r28
    27d0:	0e 94 59 0b 	call	0x16b2	; 0x16b2 <COM_Compare_to_OutStr>
    27d4:	88 23       	and	r24, r24
    27d6:	09 f4       	brne	.+2      	; 0x27da <UART_Execute_Command+0xe6e>
    27d8:	6d c0       	rjmp	.+218    	; 0x28b4 <UART_Execute_Command+0xf48>
    27da:	6f 2d       	mov	r22, r15
    27dc:	82 e4       	ldi	r24, 0x42	; 66
    27de:	91 e0       	ldi	r25, 0x01	; 1
    27e0:	0e 94 cc 0b 	call	0x1798	; 0x1798 <COM_Add_To_OutSTR_At_Position>
    27e4:	6f 2d       	mov	r22, r15
    27e6:	ce 01       	movw	r24, r28
    27e8:	0e 94 6f 0b 	call	0x16de	; 0x16de <COM_Compare_to_OutStr_Offset>
    27ec:	88 23       	and	r24, r24
    27ee:	09 f4       	brne	.+2      	; 0x27f2 <UART_Execute_Command+0xe86>
    27f0:	61 c0       	rjmp	.+194    	; 0x28b4 <UART_Execute_Command+0xf48>
    27f2:	80 91 82 10 	lds	r24, 0x1082	; 0x801082 <OutSTR_L>
    27f6:	fe 01       	movw	r30, r28
    27f8:	e8 0f       	add	r30, r24
    27fa:	f1 1d       	adc	r31, r1
    27fc:	80 81       	ld	r24, Z
    27fe:	81 11       	cpse	r24, r1
    2800:	2b c0       	rjmp	.+86     	; 0x2858 <UART_Execute_Command+0xeec>
    2802:	c8 01       	movw	r24, r16
    2804:	0e 94 3b 4a 	call	0x9476	; 0x9476 <atol>
    2808:	61 15       	cp	r22, r1
    280a:	71 05       	cpc	r23, r1
    280c:	81 05       	cpc	r24, r1
    280e:	91 05       	cpc	r25, r1
    2810:	59 f4       	brne	.+22     	; 0x2828 <UART_Execute_Command+0xebc>
    2812:	80 91 c3 14 	lds	r24, 0x14C3	; 0x8014c3 <FAN_CTR_State>
    2816:	80 68       	ori	r24, 0x80	; 128
    2818:	80 93 c3 14 	sts	0x14C3, r24	; 0x8014c3 <FAN_CTR_State>
    281c:	80 91 c3 14 	lds	r24, 0x14C3	; 0x8014c3 <FAN_CTR_State>
    2820:	8d 7f       	andi	r24, 0xFD	; 253
    2822:	80 93 c3 14 	sts	0x14C3, r24	; 0x8014c3 <FAN_CTR_State>
    2826:	35 c0       	rjmp	.+106    	; 0x2892 <UART_Execute_Command+0xf26>
    2828:	61 30       	cpi	r22, 0x01	; 1
    282a:	71 05       	cpc	r23, r1
    282c:	81 05       	cpc	r24, r1
    282e:	91 05       	cpc	r25, r1
    2830:	59 f4       	brne	.+22     	; 0x2848 <UART_Execute_Command+0xedc>
    2832:	80 91 c3 14 	lds	r24, 0x14C3	; 0x8014c3 <FAN_CTR_State>
    2836:	80 68       	ori	r24, 0x80	; 128
    2838:	80 93 c3 14 	sts	0x14C3, r24	; 0x8014c3 <FAN_CTR_State>
    283c:	80 91 c3 14 	lds	r24, 0x14C3	; 0x8014c3 <FAN_CTR_State>
    2840:	82 60       	ori	r24, 0x02	; 2
    2842:	80 93 c3 14 	sts	0x14C3, r24	; 0x8014c3 <FAN_CTR_State>
    2846:	1a c0       	rjmp	.+52     	; 0x287c <UART_Execute_Command+0xf10>
    2848:	80 91 c3 14 	lds	r24, 0x14C3	; 0x8014c3 <FAN_CTR_State>
    284c:	8f 77       	andi	r24, 0x7F	; 127
    284e:	80 93 c3 14 	sts	0x14C3, r24	; 0x8014c3 <FAN_CTR_State>
    2852:	8b e0       	ldi	r24, 0x0B	; 11
    2854:	92 e0       	ldi	r25, 0x02	; 2
    2856:	e3 c9       	rjmp	.-3130   	; 0x1c1e <UART_Execute_Command+0x2b2>
    2858:	80 91 82 10 	lds	r24, 0x1082	; 0x801082 <OutSTR_L>
    285c:	c8 0f       	add	r28, r24
    285e:	d1 1d       	adc	r29, r1
    2860:	88 81       	ld	r24, Y
    2862:	8f 33       	cpi	r24, 0x3F	; 63
    2864:	09 f0       	breq	.+2      	; 0x2868 <UART_Execute_Command+0xefc>
    2866:	ac c2       	rjmp	.+1368   	; 0x2dc0 <UART_Execute_Command+0x1454>
    2868:	0e 94 e5 0b 	call	0x17ca	; 0x17ca <COM_Add_QuestMark_To_OutSTR_No_Sep>
    286c:	80 91 c3 14 	lds	r24, 0x14C3	; 0x8014c3 <FAN_CTR_State>
    2870:	80 ff       	sbrs	r24, 0
    2872:	07 c0       	rjmp	.+14     	; 0x2882 <UART_Execute_Command+0xf16>
    2874:	80 91 c3 14 	lds	r24, 0x14C3	; 0x8014c3 <FAN_CTR_State>
    2878:	87 ff       	sbrs	r24, 7
    287a:	03 c0       	rjmp	.+6      	; 0x2882 <UART_Execute_Command+0xf16>
    287c:	84 e0       	ldi	r24, 0x04	; 4
    287e:	92 e0       	ldi	r25, 0x02	; 2
    2880:	ce c9       	rjmp	.-3172   	; 0x1c1e <UART_Execute_Command+0x2b2>
    2882:	80 91 c3 14 	lds	r24, 0x14C3	; 0x8014c3 <FAN_CTR_State>
    2886:	80 fd       	sbrc	r24, 0
    2888:	07 c0       	rjmp	.+14     	; 0x2898 <UART_Execute_Command+0xf2c>
    288a:	80 91 c3 14 	lds	r24, 0x14C3	; 0x8014c3 <FAN_CTR_State>
    288e:	87 ff       	sbrs	r24, 7
    2890:	03 c0       	rjmp	.+6      	; 0x2898 <UART_Execute_Command+0xf2c>
    2892:	8c ef       	ldi	r24, 0xFC	; 252
    2894:	91 e0       	ldi	r25, 0x01	; 1
    2896:	c3 c9       	rjmp	.-3194   	; 0x1c1e <UART_Execute_Command+0x2b2>
    2898:	80 91 c3 14 	lds	r24, 0x14C3	; 0x8014c3 <FAN_CTR_State>
    289c:	80 ff       	sbrs	r24, 0
    289e:	07 c0       	rjmp	.+14     	; 0x28ae <UART_Execute_Command+0xf42>
    28a0:	80 91 c3 14 	lds	r24, 0x14C3	; 0x8014c3 <FAN_CTR_State>
    28a4:	87 fd       	sbrc	r24, 7
    28a6:	03 c0       	rjmp	.+6      	; 0x28ae <UART_Execute_Command+0xf42>
    28a8:	80 e1       	ldi	r24, 0x10	; 16
    28aa:	92 e0       	ldi	r25, 0x02	; 2
    28ac:	b8 c9       	rjmp	.-3216   	; 0x1c1e <UART_Execute_Command+0x2b2>
    28ae:	88 e1       	ldi	r24, 0x18	; 24
    28b0:	92 e0       	ldi	r25, 0x02	; 2
    28b2:	b5 c9       	rjmp	.-3222   	; 0x1c1e <UART_Execute_Command+0x2b2>
    28b4:	81 e2       	ldi	r24, 0x21	; 33
    28b6:	92 e0       	ldi	r25, 0x02	; 2
    28b8:	0e 94 85 0b 	call	0x170a	; 0x170a <COM_Copy_To_OutSTR_From_Start>
    28bc:	f0 90 82 10 	lds	r15, 0x1082	; 0x801082 <OutSTR_L>
    28c0:	ce 01       	movw	r24, r28
    28c2:	0e 94 59 0b 	call	0x16b2	; 0x16b2 <COM_Compare_to_OutStr>
    28c6:	88 23       	and	r24, r24
    28c8:	09 f4       	brne	.+2      	; 0x28cc <UART_Execute_Command+0xf60>
    28ca:	84 c0       	rjmp	.+264    	; 0x29d4 <UART_Execute_Command+0x1068>
    28cc:	6f 2d       	mov	r22, r15
    28ce:	87 e2       	ldi	r24, 0x27	; 39
    28d0:	92 e0       	ldi	r25, 0x02	; 2
    28d2:	0e 94 cc 0b 	call	0x1798	; 0x1798 <COM_Add_To_OutSTR_At_Position>
    28d6:	6f 2d       	mov	r22, r15
    28d8:	ce 01       	movw	r24, r28
    28da:	0e 94 6f 0b 	call	0x16de	; 0x16de <COM_Compare_to_OutStr_Offset>
    28de:	88 23       	and	r24, r24
    28e0:	49 f0       	breq	.+18     	; 0x28f4 <UART_Execute_Command+0xf88>
    28e2:	40 91 8f 14 	lds	r20, 0x148F	; 0x80148f <PV_Volt_DAC_ACT>
    28e6:	50 91 90 14 	lds	r21, 0x1490	; 0x801490 <PV_Volt_DAC_ACT+0x1>
    28ea:	60 91 91 14 	lds	r22, 0x1491	; 0x801491 <PV_Volt_DAC_ACT+0x2>
    28ee:	70 91 92 14 	lds	r23, 0x1492	; 0x801492 <PV_Volt_DAC_ACT+0x3>
    28f2:	f9 c9       	rjmp	.-3086   	; 0x1ce6 <UART_Execute_Command+0x37a>
    28f4:	6f 2d       	mov	r22, r15
    28f6:	8d e2       	ldi	r24, 0x2D	; 45
    28f8:	92 e0       	ldi	r25, 0x02	; 2
    28fa:	0e 94 cc 0b 	call	0x1798	; 0x1798 <COM_Add_To_OutSTR_At_Position>
    28fe:	6f 2d       	mov	r22, r15
    2900:	ce 01       	movw	r24, r28
    2902:	0e 94 6f 0b 	call	0x16de	; 0x16de <COM_Compare_to_OutStr_Offset>
    2906:	88 23       	and	r24, r24
    2908:	69 f1       	breq	.+90     	; 0x2964 <UART_Execute_Command+0xff8>
    290a:	80 91 82 10 	lds	r24, 0x1082	; 0x801082 <OutSTR_L>
    290e:	fe 01       	movw	r30, r28
    2910:	e8 0f       	add	r30, r24
    2912:	f1 1d       	adc	r31, r1
    2914:	80 81       	ld	r24, Z
    2916:	81 11       	cpse	r24, r1
    2918:	18 c0       	rjmp	.+48     	; 0x294a <UART_Execute_Command+0xfde>
    291a:	f8 01       	movw	r30, r16
    291c:	80 81       	ld	r24, Z
    291e:	90 e0       	ldi	r25, 0x00	; 0
    2920:	c0 97       	sbiw	r24, 0x30	; 48
    2922:	0a 97       	sbiw	r24, 0x0a	; 10
    2924:	08 f0       	brcs	.+2      	; 0x2928 <UART_Execute_Command+0xfbc>
    2926:	4c c2       	rjmp	.+1176   	; 0x2dc0 <UART_Execute_Command+0x1454>
    2928:	c8 01       	movw	r24, r16
    292a:	0e 94 3b 4a 	call	0x9476	; 0x9476 <atol>
    292e:	64 30       	cpi	r22, 0x04	; 4
    2930:	71 05       	cpc	r23, r1
    2932:	81 05       	cpc	r24, r1
    2934:	91 05       	cpc	r25, r1
    2936:	20 f0       	brcs	.+8      	; 0x2940 <UART_Execute_Command+0xfd4>
    2938:	83 e0       	ldi	r24, 0x03	; 3
    293a:	80 93 92 0e 	sts	0x0E92, r24	; 0x800e92 <PI_CTR_Prop_ID_Man>
    293e:	02 c0       	rjmp	.+4      	; 0x2944 <UART_Execute_Command+0xfd8>
    2940:	60 93 92 0e 	sts	0x0E92, r22	; 0x800e92 <PI_CTR_Prop_ID_Man>
    2944:	80 91 92 0e 	lds	r24, 0x0E92	; 0x800e92 <PI_CTR_Prop_ID_Man>
    2948:	64 c9       	rjmp	.-3384   	; 0x1c12 <UART_Execute_Command+0x2a6>
    294a:	80 91 82 10 	lds	r24, 0x1082	; 0x801082 <OutSTR_L>
    294e:	c8 0f       	add	r28, r24
    2950:	d1 1d       	adc	r29, r1
    2952:	88 81       	ld	r24, Y
    2954:	8f 33       	cpi	r24, 0x3F	; 63
    2956:	09 f0       	breq	.+2      	; 0x295a <UART_Execute_Command+0xfee>
    2958:	33 c2       	rjmp	.+1126   	; 0x2dc0 <UART_Execute_Command+0x1454>
    295a:	0e 94 e5 0b 	call	0x17ca	; 0x17ca <COM_Add_QuestMark_To_OutSTR_No_Sep>
    295e:	80 91 91 0e 	lds	r24, 0x0E91	; 0x800e91 <PI_CTR_Prop_ID_Act>
    2962:	57 c9       	rjmp	.-3410   	; 0x1c12 <UART_Execute_Command+0x2a6>
    2964:	6f 2d       	mov	r22, r15
    2966:	84 e3       	ldi	r24, 0x34	; 52
    2968:	92 e0       	ldi	r25, 0x02	; 2
    296a:	0e 94 cc 0b 	call	0x1798	; 0x1798 <COM_Add_To_OutSTR_At_Position>
    296e:	6f 2d       	mov	r22, r15
    2970:	ce 01       	movw	r24, r28
    2972:	0e 94 6f 0b 	call	0x16de	; 0x16de <COM_Compare_to_OutStr_Offset>
    2976:	88 23       	and	r24, r24
    2978:	69 f1       	breq	.+90     	; 0x29d4 <UART_Execute_Command+0x1068>
    297a:	80 91 82 10 	lds	r24, 0x1082	; 0x801082 <OutSTR_L>
    297e:	fe 01       	movw	r30, r28
    2980:	e8 0f       	add	r30, r24
    2982:	f1 1d       	adc	r31, r1
    2984:	80 81       	ld	r24, Z
    2986:	81 11       	cpse	r24, r1
    2988:	18 c0       	rjmp	.+48     	; 0x29ba <UART_Execute_Command+0x104e>
    298a:	f8 01       	movw	r30, r16
    298c:	80 81       	ld	r24, Z
    298e:	90 e0       	ldi	r25, 0x00	; 0
    2990:	c0 97       	sbiw	r24, 0x30	; 48
    2992:	0a 97       	sbiw	r24, 0x0a	; 10
    2994:	08 f0       	brcs	.+2      	; 0x2998 <UART_Execute_Command+0x102c>
    2996:	14 c2       	rjmp	.+1064   	; 0x2dc0 <UART_Execute_Command+0x1454>
    2998:	c8 01       	movw	r24, r16
    299a:	0e 94 3b 4a 	call	0x9476	; 0x9476 <atol>
    299e:	64 30       	cpi	r22, 0x04	; 4
    29a0:	71 05       	cpc	r23, r1
    29a2:	81 05       	cpc	r24, r1
    29a4:	91 05       	cpc	r25, r1
    29a6:	20 f0       	brcs	.+8      	; 0x29b0 <UART_Execute_Command+0x1044>
    29a8:	83 e0       	ldi	r24, 0x03	; 3
    29aa:	80 93 93 0e 	sts	0x0E93, r24	; 0x800e93 <PI_CTR_Int_ID_Man>
    29ae:	02 c0       	rjmp	.+4      	; 0x29b4 <UART_Execute_Command+0x1048>
    29b0:	60 93 93 0e 	sts	0x0E93, r22	; 0x800e93 <PI_CTR_Int_ID_Man>
    29b4:	80 91 93 0e 	lds	r24, 0x0E93	; 0x800e93 <PI_CTR_Int_ID_Man>
    29b8:	2c c9       	rjmp	.-3496   	; 0x1c12 <UART_Execute_Command+0x2a6>
    29ba:	80 91 82 10 	lds	r24, 0x1082	; 0x801082 <OutSTR_L>
    29be:	c8 0f       	add	r28, r24
    29c0:	d1 1d       	adc	r29, r1
    29c2:	88 81       	ld	r24, Y
    29c4:	8f 33       	cpi	r24, 0x3F	; 63
    29c6:	09 f0       	breq	.+2      	; 0x29ca <UART_Execute_Command+0x105e>
    29c8:	fb c1       	rjmp	.+1014   	; 0x2dc0 <UART_Execute_Command+0x1454>
    29ca:	0e 94 e5 0b 	call	0x17ca	; 0x17ca <COM_Add_QuestMark_To_OutSTR_No_Sep>
    29ce:	80 91 94 0e 	lds	r24, 0x0E94	; 0x800e94 <PI_CTR_Int_ID_Act>
    29d2:	1f c9       	rjmp	.-3522   	; 0x1c12 <UART_Execute_Command+0x2a6>
    29d4:	8a e3       	ldi	r24, 0x3A	; 58
    29d6:	92 e0       	ldi	r25, 0x02	; 2
    29d8:	0e 94 85 0b 	call	0x170a	; 0x170a <COM_Copy_To_OutSTR_From_Start>
    29dc:	f0 90 82 10 	lds	r15, 0x1082	; 0x801082 <OutSTR_L>
    29e0:	ce 01       	movw	r24, r28
    29e2:	0e 94 59 0b 	call	0x16b2	; 0x16b2 <COM_Compare_to_OutStr>
    29e6:	88 23       	and	r24, r24
    29e8:	09 f4       	brne	.+2      	; 0x29ec <UART_Execute_Command+0x1080>
    29ea:	42 c1       	rjmp	.+644    	; 0x2c70 <UART_Execute_Command+0x1304>
    29ec:	6f 2d       	mov	r22, r15
    29ee:	83 e7       	ldi	r24, 0x73	; 115
    29f0:	91 e0       	ldi	r25, 0x01	; 1
    29f2:	0e 94 cc 0b 	call	0x1798	; 0x1798 <COM_Add_To_OutSTR_At_Position>
    29f6:	6f 2d       	mov	r22, r15
    29f8:	ce 01       	movw	r24, r28
    29fa:	0e 94 6f 0b 	call	0x16de	; 0x16de <COM_Compare_to_OutStr_Offset>
    29fe:	88 23       	and	r24, r24
    2a00:	09 f4       	brne	.+2      	; 0x2a04 <UART_Execute_Command+0x1098>
    2a02:	6f c0       	rjmp	.+222    	; 0x2ae2 <UART_Execute_Command+0x1176>
    2a04:	80 91 82 10 	lds	r24, 0x1082	; 0x801082 <OutSTR_L>
    2a08:	fe 01       	movw	r30, r28
    2a0a:	e8 0f       	add	r30, r24
    2a0c:	f1 1d       	adc	r31, r1
    2a0e:	80 81       	ld	r24, Z
    2a10:	81 11       	cpse	r24, r1
    2a12:	56 c0       	rjmp	.+172    	; 0x2ac0 <UART_Execute_Command+0x1154>
    2a14:	f8 01       	movw	r30, r16
    2a16:	80 81       	ld	r24, Z
    2a18:	90 e0       	ldi	r25, 0x00	; 0
    2a1a:	c0 97       	sbiw	r24, 0x30	; 48
    2a1c:	0a 97       	sbiw	r24, 0x0a	; 10
    2a1e:	08 f0       	brcs	.+2      	; 0x2a22 <UART_Execute_Command+0x10b6>
    2a20:	cf c1       	rjmp	.+926    	; 0x2dc0 <UART_Execute_Command+0x1454>
    2a22:	c8 01       	movw	r24, r16
    2a24:	0e 94 3b 4a 	call	0x9476	; 0x9476 <atol>
    2a28:	6f 3f       	cpi	r22, 0xFF	; 255
    2a2a:	71 05       	cpc	r23, r1
    2a2c:	81 05       	cpc	r24, r1
    2a2e:	91 05       	cpc	r25, r1
    2a30:	21 f0       	breq	.+8      	; 0x2a3a <UART_Execute_Command+0x10ce>
    2a32:	1c f0       	brlt	.+6      	; 0x2a3a <UART_Execute_Command+0x10ce>
    2a34:	8f ef       	ldi	r24, 0xFF	; 255
    2a36:	90 e0       	ldi	r25, 0x00	; 0
    2a38:	07 c0       	rjmp	.+14     	; 0x2a48 <UART_Execute_Command+0x10dc>
    2a3a:	16 16       	cp	r1, r22
    2a3c:	17 06       	cpc	r1, r23
    2a3e:	18 06       	cpc	r1, r24
    2a40:	19 06       	cpc	r1, r25
    2a42:	3c f0       	brlt	.+14     	; 0x2a52 <UART_Execute_Command+0x10e6>
    2a44:	81 e0       	ldi	r24, 0x01	; 1
    2a46:	90 e0       	ldi	r25, 0x00	; 0
    2a48:	90 93 85 10 	sts	0x1085, r25	; 0x801085 <ADC_Num_Avr_VoltCurr+0x1>
    2a4c:	80 93 84 10 	sts	0x1084, r24	; 0x801084 <ADC_Num_Avr_VoltCurr>
    2a50:	04 c0       	rjmp	.+8      	; 0x2a5a <UART_Execute_Command+0x10ee>
    2a52:	70 93 85 10 	sts	0x1085, r23	; 0x801085 <ADC_Num_Avr_VoltCurr+0x1>
    2a56:	60 93 84 10 	sts	0x1084, r22	; 0x801084 <ADC_Num_Avr_VoltCurr>
    2a5a:	60 91 84 10 	lds	r22, 0x1084	; 0x801084 <ADC_Num_Avr_VoltCurr>
    2a5e:	70 91 85 10 	lds	r23, 0x1085	; 0x801085 <ADC_Num_Avr_VoltCurr+0x1>
    2a62:	c0 91 08 14 	lds	r28, 0x1408	; 0x801408 <ADC_Cycl_Avr_VoltCurr>
    2a66:	80 e0       	ldi	r24, 0x00	; 0
    2a68:	90 e0       	ldi	r25, 0x00	; 0
    2a6a:	0e 94 0a 47 	call	0x8e14	; 0x8e14 <__floatunsisf>
    2a6e:	4b 01       	movw	r8, r22
    2a70:	5c 01       	movw	r10, r24
    2a72:	6c 2f       	mov	r22, r28
    2a74:	70 e0       	ldi	r23, 0x00	; 0
    2a76:	80 e0       	ldi	r24, 0x00	; 0
    2a78:	90 e0       	ldi	r25, 0x00	; 0
    2a7a:	0e 94 0a 47 	call	0x8e14	; 0x8e14 <__floatunsisf>
    2a7e:	9b 01       	movw	r18, r22
    2a80:	ac 01       	movw	r20, r24
    2a82:	c5 01       	movw	r24, r10
    2a84:	b4 01       	movw	r22, r8
    2a86:	0e 94 9a 48 	call	0x9134	; 0x9134 <__mulsf3>
    2a8a:	9b 01       	movw	r18, r22
    2a8c:	ac 01       	movw	r20, r24
    2a8e:	60 e0       	ldi	r22, 0x00	; 0
    2a90:	70 e0       	ldi	r23, 0x00	; 0
    2a92:	80 e8       	ldi	r24, 0x80	; 128
    2a94:	9f e3       	ldi	r25, 0x3F	; 63
    2a96:	0e 94 40 46 	call	0x8c80	; 0x8c80 <__divsf3>
    2a9a:	60 93 9b 10 	sts	0x109B, r22	; 0x80109b <ADC_Avr_Mult_VoltCurr>
    2a9e:	70 93 9c 10 	sts	0x109C, r23	; 0x80109c <ADC_Avr_Mult_VoltCurr+0x1>
    2aa2:	80 93 9d 10 	sts	0x109D, r24	; 0x80109d <ADC_Avr_Mult_VoltCurr+0x2>
    2aa6:	90 93 9e 10 	sts	0x109E, r25	; 0x80109e <ADC_Avr_Mult_VoltCurr+0x3>
    2aaa:	80 91 dc 14 	lds	r24, 0x14DC	; 0x8014dc <Range_Status_B>
    2aae:	81 60       	ori	r24, 0x01	; 1
    2ab0:	80 93 dc 14 	sts	0x14DC, r24	; 0x8014dc <Range_Status_B>
    2ab4:	80 91 dc 14 	lds	r24, 0x14DC	; 0x8014dc <Range_Status_B>
    2ab8:	82 60       	ori	r24, 0x02	; 2
    2aba:	80 93 dc 14 	sts	0x14DC, r24	; 0x8014dc <Range_Status_B>
    2abe:	0a c0       	rjmp	.+20     	; 0x2ad4 <UART_Execute_Command+0x1168>
    2ac0:	80 91 82 10 	lds	r24, 0x1082	; 0x801082 <OutSTR_L>
    2ac4:	c8 0f       	add	r28, r24
    2ac6:	d1 1d       	adc	r29, r1
    2ac8:	88 81       	ld	r24, Y
    2aca:	8f 33       	cpi	r24, 0x3F	; 63
    2acc:	09 f0       	breq	.+2      	; 0x2ad0 <UART_Execute_Command+0x1164>
    2ace:	78 c1       	rjmp	.+752    	; 0x2dc0 <UART_Execute_Command+0x1454>
    2ad0:	0e 94 e5 0b 	call	0x17ca	; 0x17ca <COM_Add_QuestMark_To_OutSTR_No_Sep>
    2ad4:	80 91 84 10 	lds	r24, 0x1084	; 0x801084 <ADC_Num_Avr_VoltCurr>
    2ad8:	90 91 85 10 	lds	r25, 0x1085	; 0x801085 <ADC_Num_Avr_VoltCurr+0x1>
    2adc:	4a e0       	ldi	r20, 0x0A	; 10
    2ade:	b8 01       	movw	r22, r16
    2ae0:	9b c8       	rjmp	.-3786   	; 0x1c18 <UART_Execute_Command+0x2ac>
    2ae2:	6f 2d       	mov	r22, r15
    2ae4:	8f e3       	ldi	r24, 0x3F	; 63
    2ae6:	92 e0       	ldi	r25, 0x02	; 2
    2ae8:	0e 94 cc 0b 	call	0x1798	; 0x1798 <COM_Add_To_OutSTR_At_Position>
    2aec:	6f 2d       	mov	r22, r15
    2aee:	ce 01       	movw	r24, r28
    2af0:	0e 94 6f 0b 	call	0x16de	; 0x16de <COM_Compare_to_OutStr_Offset>
    2af4:	88 23       	and	r24, r24
    2af6:	09 f4       	brne	.+2      	; 0x2afa <UART_Execute_Command+0x118e>
    2af8:	4a c0       	rjmp	.+148    	; 0x2b8e <UART_Execute_Command+0x1222>
    2afa:	80 91 82 10 	lds	r24, 0x1082	; 0x801082 <OutSTR_L>
    2afe:	fe 01       	movw	r30, r28
    2b00:	e8 0f       	add	r30, r24
    2b02:	f1 1d       	adc	r31, r1
    2b04:	80 81       	ld	r24, Z
    2b06:	81 11       	cpse	r24, r1
    2b08:	35 c0       	rjmp	.+106    	; 0x2b74 <UART_Execute_Command+0x1208>
    2b0a:	f8 01       	movw	r30, r16
    2b0c:	80 81       	ld	r24, Z
    2b0e:	90 e0       	ldi	r25, 0x00	; 0
    2b10:	c0 97       	sbiw	r24, 0x30	; 48
    2b12:	0a 97       	sbiw	r24, 0x0a	; 10
    2b14:	08 f0       	brcs	.+2      	; 0x2b18 <UART_Execute_Command+0x11ac>
    2b16:	54 c1       	rjmp	.+680    	; 0x2dc0 <UART_Execute_Command+0x1454>
    2b18:	c8 01       	movw	r24, r16
    2b1a:	0e 94 3b 4a 	call	0x9476	; 0x9476 <atol>
    2b1e:	6f 3f       	cpi	r22, 0xFF	; 255
    2b20:	71 05       	cpc	r23, r1
    2b22:	81 05       	cpc	r24, r1
    2b24:	91 05       	cpc	r25, r1
    2b26:	19 f0       	breq	.+6      	; 0x2b2e <UART_Execute_Command+0x11c2>
    2b28:	14 f0       	brlt	.+4      	; 0x2b2e <UART_Execute_Command+0x11c2>
    2b2a:	8f ef       	ldi	r24, 0xFF	; 255
    2b2c:	06 c0       	rjmp	.+12     	; 0x2b3a <UART_Execute_Command+0x11ce>
    2b2e:	16 16       	cp	r1, r22
    2b30:	17 06       	cpc	r1, r23
    2b32:	18 06       	cpc	r1, r24
    2b34:	19 06       	cpc	r1, r25
    2b36:	24 f0       	brlt	.+8      	; 0x2b40 <UART_Execute_Command+0x11d4>
    2b38:	81 e0       	ldi	r24, 0x01	; 1
    2b3a:	80 93 40 12 	sts	0x1240, r24	; 0x801240 <ADC_Num_Avr_Other>
    2b3e:	02 c0       	rjmp	.+4      	; 0x2b44 <UART_Execute_Command+0x11d8>
    2b40:	60 93 40 12 	sts	0x1240, r22	; 0x801240 <ADC_Num_Avr_Other>
    2b44:	60 91 40 12 	lds	r22, 0x1240	; 0x801240 <ADC_Num_Avr_Other>
    2b48:	70 e0       	ldi	r23, 0x00	; 0
    2b4a:	80 e0       	ldi	r24, 0x00	; 0
    2b4c:	90 e0       	ldi	r25, 0x00	; 0
    2b4e:	0e 94 0a 47 	call	0x8e14	; 0x8e14 <__floatunsisf>
    2b52:	9b 01       	movw	r18, r22
    2b54:	ac 01       	movw	r20, r24
    2b56:	60 e0       	ldi	r22, 0x00	; 0
    2b58:	70 e0       	ldi	r23, 0x00	; 0
    2b5a:	80 e8       	ldi	r24, 0x80	; 128
    2b5c:	9f e3       	ldi	r25, 0x3F	; 63
    2b5e:	0e 94 40 46 	call	0x8c80	; 0x8c80 <__divsf3>
    2b62:	60 93 52 12 	sts	0x1252, r22	; 0x801252 <ADC_Avr_Mult_Other>
    2b66:	70 93 53 12 	sts	0x1253, r23	; 0x801253 <ADC_Avr_Mult_Other+0x1>
    2b6a:	80 93 54 12 	sts	0x1254, r24	; 0x801254 <ADC_Avr_Mult_Other+0x2>
    2b6e:	90 93 55 12 	sts	0x1255, r25	; 0x801255 <ADC_Avr_Mult_Other+0x3>
    2b72:	0a c0       	rjmp	.+20     	; 0x2b88 <UART_Execute_Command+0x121c>
    2b74:	80 91 82 10 	lds	r24, 0x1082	; 0x801082 <OutSTR_L>
    2b78:	c8 0f       	add	r28, r24
    2b7a:	d1 1d       	adc	r29, r1
    2b7c:	88 81       	ld	r24, Y
    2b7e:	8f 33       	cpi	r24, 0x3F	; 63
    2b80:	09 f0       	breq	.+2      	; 0x2b84 <UART_Execute_Command+0x1218>
    2b82:	1e c1       	rjmp	.+572    	; 0x2dc0 <UART_Execute_Command+0x1454>
    2b84:	0e 94 e5 0b 	call	0x17ca	; 0x17ca <COM_Add_QuestMark_To_OutSTR_No_Sep>
    2b88:	80 91 40 12 	lds	r24, 0x1240	; 0x801240 <ADC_Num_Avr_Other>
    2b8c:	42 c8       	rjmp	.-3964   	; 0x1c12 <UART_Execute_Command+0x2a6>
    2b8e:	6f 2d       	mov	r22, r15
    2b90:	89 e4       	ldi	r24, 0x49	; 73
    2b92:	92 e0       	ldi	r25, 0x02	; 2
    2b94:	0e 94 cc 0b 	call	0x1798	; 0x1798 <COM_Add_To_OutSTR_At_Position>
    2b98:	6f 2d       	mov	r22, r15
    2b9a:	ce 01       	movw	r24, r28
    2b9c:	0e 94 6f 0b 	call	0x16de	; 0x16de <COM_Compare_to_OutStr_Offset>
    2ba0:	88 23       	and	r24, r24
    2ba2:	09 f4       	brne	.+2      	; 0x2ba6 <UART_Execute_Command+0x123a>
    2ba4:	65 c0       	rjmp	.+202    	; 0x2c70 <UART_Execute_Command+0x1304>
    2ba6:	80 91 82 10 	lds	r24, 0x1082	; 0x801082 <OutSTR_L>
    2baa:	fe 01       	movw	r30, r28
    2bac:	e8 0f       	add	r30, r24
    2bae:	f1 1d       	adc	r31, r1
    2bb0:	80 81       	ld	r24, Z
    2bb2:	81 11       	cpse	r24, r1
    2bb4:	4f c0       	rjmp	.+158    	; 0x2c54 <UART_Execute_Command+0x12e8>
    2bb6:	f8 01       	movw	r30, r16
    2bb8:	80 81       	ld	r24, Z
    2bba:	90 e0       	ldi	r25, 0x00	; 0
    2bbc:	c0 97       	sbiw	r24, 0x30	; 48
    2bbe:	0a 97       	sbiw	r24, 0x0a	; 10
    2bc0:	08 f0       	brcs	.+2      	; 0x2bc4 <UART_Execute_Command+0x1258>
    2bc2:	fe c0       	rjmp	.+508    	; 0x2dc0 <UART_Execute_Command+0x1454>
    2bc4:	c8 01       	movw	r24, r16
    2bc6:	0e 94 3b 4a 	call	0x9476	; 0x9476 <atol>
    2bca:	65 36       	cpi	r22, 0x65	; 101
    2bcc:	71 05       	cpc	r23, r1
    2bce:	81 05       	cpc	r24, r1
    2bd0:	91 05       	cpc	r25, r1
    2bd2:	14 f0       	brlt	.+4      	; 0x2bd8 <UART_Execute_Command+0x126c>
    2bd4:	84 e6       	ldi	r24, 0x64	; 100
    2bd6:	06 c0       	rjmp	.+12     	; 0x2be4 <UART_Execute_Command+0x1278>
    2bd8:	16 16       	cp	r1, r22
    2bda:	17 06       	cpc	r1, r23
    2bdc:	18 06       	cpc	r1, r24
    2bde:	19 06       	cpc	r1, r25
    2be0:	24 f0       	brlt	.+8      	; 0x2bea <UART_Execute_Command+0x127e>
    2be2:	81 e0       	ldi	r24, 0x01	; 1
    2be4:	80 93 08 14 	sts	0x1408, r24	; 0x801408 <ADC_Cycl_Avr_VoltCurr>
    2be8:	02 c0       	rjmp	.+4      	; 0x2bee <UART_Execute_Command+0x1282>
    2bea:	60 93 08 14 	sts	0x1408, r22	; 0x801408 <ADC_Cycl_Avr_VoltCurr>
    2bee:	60 91 84 10 	lds	r22, 0x1084	; 0x801084 <ADC_Num_Avr_VoltCurr>
    2bf2:	70 91 85 10 	lds	r23, 0x1085	; 0x801085 <ADC_Num_Avr_VoltCurr+0x1>
    2bf6:	c0 91 08 14 	lds	r28, 0x1408	; 0x801408 <ADC_Cycl_Avr_VoltCurr>
    2bfa:	80 e0       	ldi	r24, 0x00	; 0
    2bfc:	90 e0       	ldi	r25, 0x00	; 0
    2bfe:	0e 94 0a 47 	call	0x8e14	; 0x8e14 <__floatunsisf>
    2c02:	4b 01       	movw	r8, r22
    2c04:	5c 01       	movw	r10, r24
    2c06:	6c 2f       	mov	r22, r28
    2c08:	70 e0       	ldi	r23, 0x00	; 0
    2c0a:	80 e0       	ldi	r24, 0x00	; 0
    2c0c:	90 e0       	ldi	r25, 0x00	; 0
    2c0e:	0e 94 0a 47 	call	0x8e14	; 0x8e14 <__floatunsisf>
    2c12:	9b 01       	movw	r18, r22
    2c14:	ac 01       	movw	r20, r24
    2c16:	c5 01       	movw	r24, r10
    2c18:	b4 01       	movw	r22, r8
    2c1a:	0e 94 9a 48 	call	0x9134	; 0x9134 <__mulsf3>
    2c1e:	9b 01       	movw	r18, r22
    2c20:	ac 01       	movw	r20, r24
    2c22:	60 e0       	ldi	r22, 0x00	; 0
    2c24:	70 e0       	ldi	r23, 0x00	; 0
    2c26:	80 e8       	ldi	r24, 0x80	; 128
    2c28:	9f e3       	ldi	r25, 0x3F	; 63
    2c2a:	0e 94 40 46 	call	0x8c80	; 0x8c80 <__divsf3>
    2c2e:	60 93 9b 10 	sts	0x109B, r22	; 0x80109b <ADC_Avr_Mult_VoltCurr>
    2c32:	70 93 9c 10 	sts	0x109C, r23	; 0x80109c <ADC_Avr_Mult_VoltCurr+0x1>
    2c36:	80 93 9d 10 	sts	0x109D, r24	; 0x80109d <ADC_Avr_Mult_VoltCurr+0x2>
    2c3a:	90 93 9e 10 	sts	0x109E, r25	; 0x80109e <ADC_Avr_Mult_VoltCurr+0x3>
    2c3e:	80 91 dc 14 	lds	r24, 0x14DC	; 0x8014dc <Range_Status_B>
    2c42:	81 60       	ori	r24, 0x01	; 1
    2c44:	80 93 dc 14 	sts	0x14DC, r24	; 0x8014dc <Range_Status_B>
    2c48:	80 91 dc 14 	lds	r24, 0x14DC	; 0x8014dc <Range_Status_B>
    2c4c:	82 60       	ori	r24, 0x02	; 2
    2c4e:	80 93 dc 14 	sts	0x14DC, r24	; 0x8014dc <Range_Status_B>
    2c52:	0a c0       	rjmp	.+20     	; 0x2c68 <UART_Execute_Command+0x12fc>
    2c54:	80 91 82 10 	lds	r24, 0x1082	; 0x801082 <OutSTR_L>
    2c58:	c8 0f       	add	r28, r24
    2c5a:	d1 1d       	adc	r29, r1
    2c5c:	88 81       	ld	r24, Y
    2c5e:	8f 33       	cpi	r24, 0x3F	; 63
    2c60:	09 f0       	breq	.+2      	; 0x2c64 <UART_Execute_Command+0x12f8>
    2c62:	ae c0       	rjmp	.+348    	; 0x2dc0 <UART_Execute_Command+0x1454>
    2c64:	0e 94 e5 0b 	call	0x17ca	; 0x17ca <COM_Add_QuestMark_To_OutSTR_No_Sep>
    2c68:	80 91 08 14 	lds	r24, 0x1408	; 0x801408 <ADC_Cycl_Avr_VoltCurr>
    2c6c:	0c 94 09 0e 	jmp	0x1c12	; 0x1c12 <UART_Execute_Command+0x2a6>
    2c70:	83 e5       	ldi	r24, 0x53	; 83
    2c72:	92 e0       	ldi	r25, 0x02	; 2
    2c74:	0e 94 85 0b 	call	0x170a	; 0x170a <COM_Copy_To_OutSTR_From_Start>
    2c78:	f0 90 82 10 	lds	r15, 0x1082	; 0x801082 <OutSTR_L>
    2c7c:	ce 01       	movw	r24, r28
    2c7e:	0e 94 59 0b 	call	0x16b2	; 0x16b2 <COM_Compare_to_OutStr>
    2c82:	88 23       	and	r24, r24
    2c84:	61 f1       	breq	.+88     	; 0x2cde <UART_Execute_Command+0x1372>
    2c86:	6f 2d       	mov	r22, r15
    2c88:	8a e5       	ldi	r24, 0x5A	; 90
    2c8a:	92 e0       	ldi	r25, 0x02	; 2
    2c8c:	0e 94 cc 0b 	call	0x1798	; 0x1798 <COM_Add_To_OutSTR_At_Position>
    2c90:	6f 2d       	mov	r22, r15
    2c92:	ce 01       	movw	r24, r28
    2c94:	0e 94 6f 0b 	call	0x16de	; 0x16de <COM_Compare_to_OutStr_Offset>
    2c98:	88 23       	and	r24, r24
    2c9a:	49 f0       	breq	.+18     	; 0x2cae <UART_Execute_Command+0x1342>
    2c9c:	80 91 82 10 	lds	r24, 0x1082	; 0x801082 <OutSTR_L>
    2ca0:	c8 0f       	add	r28, r24
    2ca2:	d1 1d       	adc	r29, r1
    2ca4:	88 81       	ld	r24, Y
    2ca6:	81 11       	cpse	r24, r1
    2ca8:	8b c0       	rjmp	.+278    	; 0x2dc0 <UART_Execute_Command+0x1454>
    2caa:	61 e0       	ldi	r22, 0x01	; 1
    2cac:	13 c0       	rjmp	.+38     	; 0x2cd4 <UART_Execute_Command+0x1368>
    2cae:	6f 2d       	mov	r22, r15
    2cb0:	80 e0       	ldi	r24, 0x00	; 0
    2cb2:	91 e0       	ldi	r25, 0x01	; 1
    2cb4:	0e 94 cc 0b 	call	0x1798	; 0x1798 <COM_Add_To_OutSTR_At_Position>
    2cb8:	6f 2d       	mov	r22, r15
    2cba:	ce 01       	movw	r24, r28
    2cbc:	0e 94 6f 0b 	call	0x16de	; 0x16de <COM_Compare_to_OutStr_Offset>
    2cc0:	88 23       	and	r24, r24
    2cc2:	69 f0       	breq	.+26     	; 0x2cde <UART_Execute_Command+0x1372>
    2cc4:	80 91 82 10 	lds	r24, 0x1082	; 0x801082 <OutSTR_L>
    2cc8:	c8 0f       	add	r28, r24
    2cca:	d1 1d       	adc	r29, r1
    2ccc:	88 81       	ld	r24, Y
    2cce:	81 11       	cpse	r24, r1
    2cd0:	77 c0       	rjmp	.+238    	; 0x2dc0 <UART_Execute_Command+0x1454>
    2cd2:	60 e0       	ldi	r22, 0x00	; 0
    2cd4:	c8 01       	movw	r24, r16
    2cd6:	0e 94 bc 22 	call	0x4578	; 0x4578 <EEPROM_ACCESS_UART>
    2cda:	0c 94 0e 0e 	jmp	0x1c1c	; 0x1c1c <UART_Execute_Command+0x2b0>
    2cde:	80 e6       	ldi	r24, 0x60	; 96
    2ce0:	92 e0       	ldi	r25, 0x02	; 2
    2ce2:	0e 94 85 0b 	call	0x170a	; 0x170a <COM_Copy_To_OutSTR_From_Start>
    2ce6:	ce 01       	movw	r24, r28
    2ce8:	0e 94 59 0b 	call	0x16b2	; 0x16b2 <COM_Compare_to_OutStr>
    2cec:	88 23       	and	r24, r24
    2cee:	09 f4       	brne	.+2      	; 0x2cf2 <UART_Execute_Command+0x1386>
    2cf0:	67 c0       	rjmp	.+206    	; 0x2dc0 <UART_Execute_Command+0x1454>
    2cf2:	40 91 9f 10 	lds	r20, 0x109F	; 0x80109f <AI_NTC_Temp_1>
    2cf6:	50 91 a0 10 	lds	r21, 0x10A0	; 0x8010a0 <AI_NTC_Temp_1+0x1>
    2cfa:	60 91 a1 10 	lds	r22, 0x10A1	; 0x8010a1 <AI_NTC_Temp_1+0x2>
    2cfe:	70 91 a2 10 	lds	r23, 0x10A2	; 0x8010a2 <AI_NTC_Temp_1+0x3>
    2d02:	c8 01       	movw	r24, r16
    2d04:	0e 94 3c 0c 	call	0x1878	; 0x1878 <FloatToString>
    2d08:	c8 01       	movw	r24, r16
    2d0a:	0e 94 a6 0b 	call	0x174c	; 0x174c <COM_Add_To_OutSTR_with_Sep>
    2d0e:	40 91 0d 14 	lds	r20, 0x140D	; 0x80140d <AI_NTC_Temp_2>
    2d12:	50 91 0e 14 	lds	r21, 0x140E	; 0x80140e <AI_NTC_Temp_2+0x1>
    2d16:	60 91 0f 14 	lds	r22, 0x140F	; 0x80140f <AI_NTC_Temp_2+0x2>
    2d1a:	70 91 10 14 	lds	r23, 0x1410	; 0x801410 <AI_NTC_Temp_2+0x3>
    2d1e:	c8 01       	movw	r24, r16
    2d20:	0e 94 3c 0c 	call	0x1878	; 0x1878 <FloatToString>
    2d24:	c8 01       	movw	r24, r16
    2d26:	0e 94 a6 0b 	call	0x174c	; 0x174c <COM_Add_To_OutSTR_with_Sep>
    2d2a:	80 91 21 14 	lds	r24, 0x1421	; 0x801421 <SysConfig>
    2d2e:	80 ff       	sbrs	r24, 0
    2d30:	0e c0       	rjmp	.+28     	; 0x2d4e <UART_Execute_Command+0x13e2>
    2d32:	40 91 4e 12 	lds	r20, 0x124E	; 0x80124e <AI_RTD_Temp>
    2d36:	50 91 4f 12 	lds	r21, 0x124F	; 0x80124f <AI_RTD_Temp+0x1>
    2d3a:	60 91 50 12 	lds	r22, 0x1250	; 0x801250 <AI_RTD_Temp+0x2>
    2d3e:	70 91 51 12 	lds	r23, 0x1251	; 0x801251 <AI_RTD_Temp+0x3>
    2d42:	c8 01       	movw	r24, r16
    2d44:	0e 94 3c 0c 	call	0x1878	; 0x1878 <FloatToString>
    2d48:	c8 01       	movw	r24, r16
    2d4a:	0e 94 a6 0b 	call	0x174c	; 0x174c <COM_Add_To_OutSTR_with_Sep>
    2d4e:	c0 e0       	ldi	r28, 0x00	; 0
    2d50:	d0 e0       	ldi	r29, 0x00	; 0
    2d52:	fe 01       	movw	r30, r28
    2d54:	ee 0f       	add	r30, r30
    2d56:	ff 1f       	adc	r31, r31
    2d58:	ee 0f       	add	r30, r30
    2d5a:	ff 1f       	adc	r31, r31
    2d5c:	ef 59       	subi	r30, 0x9F	; 159
    2d5e:	fa 4e       	sbci	r31, 0xEA	; 234
    2d60:	40 81       	ld	r20, Z
    2d62:	51 81       	ldd	r21, Z+1	; 0x01
    2d64:	62 81       	ldd	r22, Z+2	; 0x02
    2d66:	73 81       	ldd	r23, Z+3	; 0x03
    2d68:	c8 01       	movw	r24, r16
    2d6a:	0e 94 3c 0c 	call	0x1878	; 0x1878 <FloatToString>
    2d6e:	c8 01       	movw	r24, r16
    2d70:	0e 94 a6 0b 	call	0x174c	; 0x174c <COM_Add_To_OutSTR_with_Sep>
    2d74:	21 96       	adiw	r28, 0x01	; 1
    2d76:	c8 30       	cpi	r28, 0x08	; 8
    2d78:	d1 05       	cpc	r29, r1
    2d7a:	59 f7       	brne	.-42     	; 0x2d52 <UART_Execute_Command+0x13e6>
    2d7c:	80 91 60 15 	lds	r24, 0x1560	; 0x801560 <AI_HEAT_ADC_PRESENT_MASK>
    2d80:	4a e0       	ldi	r20, 0x0A	; 10
    2d82:	b8 01       	movw	r22, r16
    2d84:	90 e0       	ldi	r25, 0x00	; 0
    2d86:	0e 94 40 4b 	call	0x9680	; 0x9680 <__itoa_ncheck>
    2d8a:	c8 01       	movw	r24, r16
    2d8c:	0e 94 a6 0b 	call	0x174c	; 0x174c <COM_Add_To_OutSTR_with_Sep>
    2d90:	88 e9       	ldi	r24, 0x98	; 152
    2d92:	9e e0       	ldi	r25, 0x0E	; 14
    2d94:	0e 94 1d 0b 	call	0x163a	; 0x163a <UART_WriteString>
    2d98:	80 91 1e 14 	lds	r24, 0x141E	; 0x80141e <SysStatus_B>
    2d9c:	8e 7f       	andi	r24, 0xFE	; 254
    2d9e:	80 93 1e 14 	sts	0x141E, r24	; 0x80141e <SysStatus_B>
    2da2:	df 91       	pop	r29
    2da4:	cf 91       	pop	r28
    2da6:	1f 91       	pop	r17
    2da8:	0f 91       	pop	r16
    2daa:	ff 90       	pop	r15
    2dac:	ef 90       	pop	r14
    2dae:	bf 90       	pop	r11
    2db0:	af 90       	pop	r10
    2db2:	9f 90       	pop	r9
    2db4:	8f 90       	pop	r8
    2db6:	7f 90       	pop	r7
    2db8:	6f 90       	pop	r6
    2dba:	5f 90       	pop	r5
    2dbc:	4f 90       	pop	r4
    2dbe:	08 95       	ret
    2dc0:	89 e1       	ldi	r24, 0x19	; 25
    2dc2:	91 e0       	ldi	r25, 0x01	; 1
    2dc4:	df 91       	pop	r29
    2dc6:	cf 91       	pop	r28
    2dc8:	1f 91       	pop	r17
    2dca:	0f 91       	pop	r16
    2dcc:	ff 90       	pop	r15
    2dce:	ef 90       	pop	r14
    2dd0:	bf 90       	pop	r11
    2dd2:	af 90       	pop	r10
    2dd4:	9f 90       	pop	r9
    2dd6:	8f 90       	pop	r8
    2dd8:	7f 90       	pop	r7
    2dda:	6f 90       	pop	r6
    2ddc:	5f 90       	pop	r5
    2dde:	4f 90       	pop	r4
    2de0:	0c 94 1d 0b 	jmp	0x163a	; 0x163a <UART_WriteString>

00002de4 <UART_Process_Input>:
    2de4:	cf 93       	push	r28
    2de6:	df 93       	push	r29
    2de8:	cd b7       	in	r28, 0x3d	; 61
    2dea:	de b7       	in	r29, 0x3e	; 62
    2dec:	cc 57       	subi	r28, 0x7C	; 124
    2dee:	d1 09       	sbc	r29, r1
    2df0:	0f b6       	in	r0, 0x3f	; 63
    2df2:	f8 94       	cli
    2df4:	de bf       	out	0x3e, r29	; 62
    2df6:	0f be       	out	0x3f, r0	; 63
    2df8:	cd bf       	out	0x3d, r28	; 61
    2dfa:	80 91 09 10 	lds	r24, 0x1009	; 0x801009 <UART_Comand+0x1>
    2dfe:	83 32       	cpi	r24, 0x23	; 35
    2e00:	09 f0       	breq	.+2      	; 0x2e04 <UART_Process_Input+0x20>
    2e02:	56 c0       	rjmp	.+172    	; 0x2eb0 <UART_Process_Input+0xcc>
    2e04:	90 91 08 10 	lds	r25, 0x1008	; 0x801008 <UART_Comand>
    2e08:	80 91 97 0e 	lds	r24, 0x0E97	; 0x800e97 <Com_ID>
    2e0c:	98 13       	cpse	r25, r24
    2e0e:	50 c0       	rjmp	.+160    	; 0x2eb0 <UART_Process_Input+0xcc>
    2e10:	de 01       	movw	r26, r28
    2e12:	a9 59       	subi	r26, 0x99	; 153
    2e14:	bf 4f       	sbci	r27, 0xFF	; 255
    2e16:	22 e0       	ldi	r18, 0x02	; 2
    2e18:	30 e0       	ldi	r19, 0x00	; 0
    2e1a:	ad 01       	movw	r20, r26
    2e1c:	92 2f       	mov	r25, r18
    2e1e:	8e ef       	ldi	r24, 0xFE	; 254
    2e20:	82 0f       	add	r24, r18
    2e22:	f9 01       	movw	r30, r18
    2e24:	e8 5f       	subi	r30, 0xF8	; 248
    2e26:	ff 4e       	sbci	r31, 0xEF	; 239
    2e28:	60 81       	ld	r22, Z
    2e2a:	69 30       	cpi	r22, 0x09	; 9
    2e2c:	b1 f0       	breq	.+44     	; 0x2e5a <UART_Process_Input+0x76>
    2e2e:	60 81       	ld	r22, Z
    2e30:	61 11       	cpse	r22, r1
    2e32:	05 c0       	rjmp	.+10     	; 0x2e3e <UART_Process_Input+0x5a>
    2e34:	fa 01       	movw	r30, r20
    2e36:	e8 0f       	add	r30, r24
    2e38:	f1 1d       	adc	r31, r1
    2e3a:	10 82       	st	Z, r1
    2e3c:	32 c0       	rjmp	.+100    	; 0x2ea2 <UART_Process_Input+0xbe>
    2e3e:	80 91 8c 0f 	lds	r24, 0x0F8C	; 0x800f8c <UART_Comand_L>
    2e42:	98 17       	cp	r25, r24
    2e44:	a8 f5       	brcc	.+106    	; 0x2eb0 <UART_Process_Input+0xcc>
    2e46:	80 81       	ld	r24, Z
    2e48:	8d 93       	st	X+, r24
    2e4a:	2f 5f       	subi	r18, 0xFF	; 255
    2e4c:	3f 4f       	sbci	r19, 0xFF	; 255
    2e4e:	27 31       	cpi	r18, 0x17	; 23
    2e50:	31 05       	cpc	r19, r1
    2e52:	21 f7       	brne	.-56     	; 0x2e1c <UART_Process_Input+0x38>
    2e54:	86 e6       	ldi	r24, 0x66	; 102
    2e56:	92 e0       	ldi	r25, 0x02	; 2
    2e58:	1c c0       	rjmp	.+56     	; 0x2e92 <UART_Process_Input+0xae>
    2e5a:	fa 01       	movw	r30, r20
    2e5c:	e8 0f       	add	r30, r24
    2e5e:	f1 1d       	adc	r31, r1
    2e60:	10 82       	st	Z, r1
    2e62:	20 91 8c 0f 	lds	r18, 0x0F8C	; 0x800f8c <UART_Comand_L>
    2e66:	28 17       	cp	r18, r24
    2e68:	e0 f0       	brcs	.+56     	; 0x2ea2 <UART_Process_Input+0xbe>
    2e6a:	9f 5f       	subi	r25, 0xFF	; 255
    2e6c:	de 01       	movw	r26, r28
    2e6e:	11 96       	adiw	r26, 0x01	; 1
    2e70:	20 e0       	ldi	r18, 0x00	; 0
    2e72:	bd 01       	movw	r22, r26
    2e74:	e9 2f       	mov	r30, r25
    2e76:	f0 e0       	ldi	r31, 0x00	; 0
    2e78:	e8 5f       	subi	r30, 0xF8	; 248
    2e7a:	ff 4e       	sbci	r31, 0xEF	; 239
    2e7c:	80 81       	ld	r24, Z
    2e7e:	88 23       	and	r24, r24
    2e80:	59 f0       	breq	.+22     	; 0x2e98 <UART_Process_Input+0xb4>
    2e82:	80 81       	ld	r24, Z
    2e84:	8d 93       	st	X+, r24
    2e86:	9f 5f       	subi	r25, 0xFF	; 255
    2e88:	2f 5f       	subi	r18, 0xFF	; 255
    2e8a:	25 36       	cpi	r18, 0x65	; 101
    2e8c:	99 f7       	brne	.-26     	; 0x2e74 <UART_Process_Input+0x90>
    2e8e:	8f e6       	ldi	r24, 0x6F	; 111
    2e90:	92 e0       	ldi	r25, 0x02	; 2
    2e92:	0e 94 1d 0b 	call	0x163a	; 0x163a <UART_WriteString>
    2e96:	0c c0       	rjmp	.+24     	; 0x2eb0 <UART_Process_Input+0xcc>
    2e98:	fb 01       	movw	r30, r22
    2e9a:	e2 0f       	add	r30, r18
    2e9c:	f1 1d       	adc	r31, r1
    2e9e:	10 82       	st	Z, r1
    2ea0:	01 c0       	rjmp	.+2      	; 0x2ea4 <UART_Process_Input+0xc0>
    2ea2:	19 82       	std	Y+1, r1	; 0x01
    2ea4:	be 01       	movw	r22, r28
    2ea6:	6f 5f       	subi	r22, 0xFF	; 255
    2ea8:	7f 4f       	sbci	r23, 0xFF	; 255
    2eaa:	ca 01       	movw	r24, r20
    2eac:	0e 94 b6 0c 	call	0x196c	; 0x196c <UART_Execute_Command>
    2eb0:	c4 58       	subi	r28, 0x84	; 132
    2eb2:	df 4f       	sbci	r29, 0xFF	; 255
    2eb4:	0f b6       	in	r0, 0x3f	; 63
    2eb6:	f8 94       	cli
    2eb8:	de bf       	out	0x3e, r29	; 62
    2eba:	0f be       	out	0x3f, r0	; 63
    2ebc:	cd bf       	out	0x3d, r28	; 61
    2ebe:	df 91       	pop	r29
    2ec0:	cf 91       	pop	r28
    2ec2:	08 95       	ret

00002ec4 <StringToFloat>:
    2ec4:	0c 94 1b 4a 	jmp	0x9436	; 0x9436 <atof>

00002ec8 <EEPROM_Range_Cal_Set_Scale>:
    2ec8:	cf 93       	push	r28
    2eca:	df 93       	push	r29
    2ecc:	cd b7       	in	r28, 0x3d	; 61
    2ece:	de b7       	in	r29, 0x3e	; 62
    2ed0:	ac 97       	sbiw	r28, 0x2c	; 44
    2ed2:	0f b6       	in	r0, 0x3f	; 63
    2ed4:	f8 94       	cli
    2ed6:	de bf       	out	0x3e, r29	; 62
    2ed8:	0f be       	out	0x3f, r0	; 63
    2eda:	cd bf       	out	0x3d, r28	; 61
    2edc:	20 91 1a 14 	lds	r18, 0x141A	; 0x80141a <SysStatus_A>
    2ee0:	21 ff       	sbrs	r18, 1
    2ee2:	b1 c0       	rjmp	.+354    	; 0x3046 <EEPROM_Range_Cal_Set_Scale+0x17e>
    2ee4:	dc 01       	movw	r26, r24
    2ee6:	cb 01       	movw	r24, r22
    2ee8:	20 91 e4 14 	lds	r18, 0x14E4	; 0x8014e4 <Range_Status_A>
    2eec:	22 ff       	sbrs	r18, 2
    2eee:	4c c0       	rjmp	.+152    	; 0x2f88 <EEPROM_Range_Cal_Set_Scale+0xc0>
    2ef0:	20 91 dd 14 	lds	r18, 0x14DD	; 0x8014dd <Range_Volt_ID_Act>
    2ef4:	21 11       	cpse	r18, r1
    2ef6:	0b c0       	rjmp	.+22     	; 0x2f0e <EEPROM_Range_Cal_Set_Scale+0x46>
    2ef8:	89 a7       	std	Y+41, r24	; 0x29
    2efa:	9a a7       	std	Y+42, r25	; 0x2a
    2efc:	ab a7       	std	Y+43, r26	; 0x2b
    2efe:	bc a7       	std	Y+44, r27	; 0x2c
    2f00:	44 e0       	ldi	r20, 0x04	; 4
    2f02:	50 e0       	ldi	r21, 0x00	; 0
    2f04:	6c e7       	ldi	r22, 0x7C	; 124
    2f06:	71 e0       	ldi	r23, 0x01	; 1
    2f08:	ce 01       	movw	r24, r28
    2f0a:	89 96       	adiw	r24, 0x29	; 41
    2f0c:	9a c0       	rjmp	.+308    	; 0x3042 <EEPROM_Range_Cal_Set_Scale+0x17a>
    2f0e:	20 91 dd 14 	lds	r18, 0x14DD	; 0x8014dd <Range_Volt_ID_Act>
    2f12:	21 30       	cpi	r18, 0x01	; 1
    2f14:	59 f4       	brne	.+22     	; 0x2f2c <EEPROM_Range_Cal_Set_Scale+0x64>
    2f16:	8d a3       	std	Y+37, r24	; 0x25
    2f18:	9e a3       	std	Y+38, r25	; 0x26
    2f1a:	af a3       	std	Y+39, r26	; 0x27
    2f1c:	b8 a7       	std	Y+40, r27	; 0x28
    2f1e:	44 e0       	ldi	r20, 0x04	; 4
    2f20:	50 e0       	ldi	r21, 0x00	; 0
    2f22:	6c e6       	ldi	r22, 0x6C	; 108
    2f24:	71 e0       	ldi	r23, 0x01	; 1
    2f26:	ce 01       	movw	r24, r28
    2f28:	85 96       	adiw	r24, 0x25	; 37
    2f2a:	8b c0       	rjmp	.+278    	; 0x3042 <EEPROM_Range_Cal_Set_Scale+0x17a>
    2f2c:	20 91 dd 14 	lds	r18, 0x14DD	; 0x8014dd <Range_Volt_ID_Act>
    2f30:	22 30       	cpi	r18, 0x02	; 2
    2f32:	59 f4       	brne	.+22     	; 0x2f4a <EEPROM_Range_Cal_Set_Scale+0x82>
    2f34:	89 a3       	std	Y+33, r24	; 0x21
    2f36:	9a a3       	std	Y+34, r25	; 0x22
    2f38:	ab a3       	std	Y+35, r26	; 0x23
    2f3a:	bc a3       	std	Y+36, r27	; 0x24
    2f3c:	44 e0       	ldi	r20, 0x04	; 4
    2f3e:	50 e0       	ldi	r21, 0x00	; 0
    2f40:	6c e5       	ldi	r22, 0x5C	; 92
    2f42:	71 e0       	ldi	r23, 0x01	; 1
    2f44:	ce 01       	movw	r24, r28
    2f46:	81 96       	adiw	r24, 0x21	; 33
    2f48:	7c c0       	rjmp	.+248    	; 0x3042 <EEPROM_Range_Cal_Set_Scale+0x17a>
    2f4a:	20 91 dd 14 	lds	r18, 0x14DD	; 0x8014dd <Range_Volt_ID_Act>
    2f4e:	23 30       	cpi	r18, 0x03	; 3
    2f50:	59 f4       	brne	.+22     	; 0x2f68 <EEPROM_Range_Cal_Set_Scale+0xa0>
    2f52:	8d 8f       	std	Y+29, r24	; 0x1d
    2f54:	9e 8f       	std	Y+30, r25	; 0x1e
    2f56:	af 8f       	std	Y+31, r26	; 0x1f
    2f58:	b8 a3       	std	Y+32, r27	; 0x20
    2f5a:	44 e0       	ldi	r20, 0x04	; 4
    2f5c:	50 e0       	ldi	r21, 0x00	; 0
    2f5e:	6c e4       	ldi	r22, 0x4C	; 76
    2f60:	71 e0       	ldi	r23, 0x01	; 1
    2f62:	ce 01       	movw	r24, r28
    2f64:	4d 96       	adiw	r24, 0x1d	; 29
    2f66:	6d c0       	rjmp	.+218    	; 0x3042 <EEPROM_Range_Cal_Set_Scale+0x17a>
    2f68:	20 91 dd 14 	lds	r18, 0x14DD	; 0x8014dd <Range_Volt_ID_Act>
    2f6c:	24 30       	cpi	r18, 0x04	; 4
    2f6e:	09 f0       	breq	.+2      	; 0x2f72 <EEPROM_Range_Cal_Set_Scale+0xaa>
    2f70:	6a c0       	rjmp	.+212    	; 0x3046 <EEPROM_Range_Cal_Set_Scale+0x17e>
    2f72:	89 8f       	std	Y+25, r24	; 0x19
    2f74:	9a 8f       	std	Y+26, r25	; 0x1a
    2f76:	ab 8f       	std	Y+27, r26	; 0x1b
    2f78:	bc 8f       	std	Y+28, r27	; 0x1c
    2f7a:	44 e0       	ldi	r20, 0x04	; 4
    2f7c:	50 e0       	ldi	r21, 0x00	; 0
    2f7e:	6c e3       	ldi	r22, 0x3C	; 60
    2f80:	71 e0       	ldi	r23, 0x01	; 1
    2f82:	ce 01       	movw	r24, r28
    2f84:	49 96       	adiw	r24, 0x19	; 25
    2f86:	5d c0       	rjmp	.+186    	; 0x3042 <EEPROM_Range_Cal_Set_Scale+0x17a>
    2f88:	20 91 e4 14 	lds	r18, 0x14E4	; 0x8014e4 <Range_Status_A>
    2f8c:	23 ff       	sbrs	r18, 3
    2f8e:	5b c0       	rjmp	.+182    	; 0x3046 <EEPROM_Range_Cal_Set_Scale+0x17e>
    2f90:	20 91 54 15 	lds	r18, 0x1554	; 0x801554 <Range_Curr_ID_Act>
    2f94:	21 11       	cpse	r18, r1
    2f96:	0b c0       	rjmp	.+22     	; 0x2fae <EEPROM_Range_Cal_Set_Scale+0xe6>
    2f98:	8d 8b       	std	Y+21, r24	; 0x15
    2f9a:	9e 8b       	std	Y+22, r25	; 0x16
    2f9c:	af 8b       	std	Y+23, r26	; 0x17
    2f9e:	b8 8f       	std	Y+24, r27	; 0x18
    2fa0:	44 e0       	ldi	r20, 0x04	; 4
    2fa2:	50 e0       	ldi	r21, 0x00	; 0
    2fa4:	6c e2       	ldi	r22, 0x2C	; 44
    2fa6:	71 e0       	ldi	r23, 0x01	; 1
    2fa8:	ce 01       	movw	r24, r28
    2faa:	45 96       	adiw	r24, 0x15	; 21
    2fac:	4a c0       	rjmp	.+148    	; 0x3042 <EEPROM_Range_Cal_Set_Scale+0x17a>
    2fae:	20 91 54 15 	lds	r18, 0x1554	; 0x801554 <Range_Curr_ID_Act>
    2fb2:	21 30       	cpi	r18, 0x01	; 1
    2fb4:	59 f4       	brne	.+22     	; 0x2fcc <EEPROM_Range_Cal_Set_Scale+0x104>
    2fb6:	89 8b       	std	Y+17, r24	; 0x11
    2fb8:	9a 8b       	std	Y+18, r25	; 0x12
    2fba:	ab 8b       	std	Y+19, r26	; 0x13
    2fbc:	bc 8b       	std	Y+20, r27	; 0x14
    2fbe:	44 e0       	ldi	r20, 0x04	; 4
    2fc0:	50 e0       	ldi	r21, 0x00	; 0
    2fc2:	60 e2       	ldi	r22, 0x20	; 32
    2fc4:	71 e0       	ldi	r23, 0x01	; 1
    2fc6:	ce 01       	movw	r24, r28
    2fc8:	41 96       	adiw	r24, 0x11	; 17
    2fca:	3b c0       	rjmp	.+118    	; 0x3042 <EEPROM_Range_Cal_Set_Scale+0x17a>
    2fcc:	20 91 54 15 	lds	r18, 0x1554	; 0x801554 <Range_Curr_ID_Act>
    2fd0:	22 30       	cpi	r18, 0x02	; 2
    2fd2:	59 f4       	brne	.+22     	; 0x2fea <EEPROM_Range_Cal_Set_Scale+0x122>
    2fd4:	8d 87       	std	Y+13, r24	; 0x0d
    2fd6:	9e 87       	std	Y+14, r25	; 0x0e
    2fd8:	af 87       	std	Y+15, r26	; 0x0f
    2fda:	b8 8b       	std	Y+16, r27	; 0x10
    2fdc:	44 e0       	ldi	r20, 0x04	; 4
    2fde:	50 e0       	ldi	r21, 0x00	; 0
    2fe0:	64 e1       	ldi	r22, 0x14	; 20
    2fe2:	71 e0       	ldi	r23, 0x01	; 1
    2fe4:	ce 01       	movw	r24, r28
    2fe6:	0d 96       	adiw	r24, 0x0d	; 13
    2fe8:	2c c0       	rjmp	.+88     	; 0x3042 <EEPROM_Range_Cal_Set_Scale+0x17a>
    2fea:	20 91 54 15 	lds	r18, 0x1554	; 0x801554 <Range_Curr_ID_Act>
    2fee:	23 30       	cpi	r18, 0x03	; 3
    2ff0:	59 f4       	brne	.+22     	; 0x3008 <EEPROM_Range_Cal_Set_Scale+0x140>
    2ff2:	89 87       	std	Y+9, r24	; 0x09
    2ff4:	9a 87       	std	Y+10, r25	; 0x0a
    2ff6:	ab 87       	std	Y+11, r26	; 0x0b
    2ff8:	bc 87       	std	Y+12, r27	; 0x0c
    2ffa:	44 e0       	ldi	r20, 0x04	; 4
    2ffc:	50 e0       	ldi	r21, 0x00	; 0
    2ffe:	68 e0       	ldi	r22, 0x08	; 8
    3000:	71 e0       	ldi	r23, 0x01	; 1
    3002:	ce 01       	movw	r24, r28
    3004:	09 96       	adiw	r24, 0x09	; 9
    3006:	1d c0       	rjmp	.+58     	; 0x3042 <EEPROM_Range_Cal_Set_Scale+0x17a>
    3008:	20 91 54 15 	lds	r18, 0x1554	; 0x801554 <Range_Curr_ID_Act>
    300c:	24 30       	cpi	r18, 0x04	; 4
    300e:	59 f4       	brne	.+22     	; 0x3026 <EEPROM_Range_Cal_Set_Scale+0x15e>
    3010:	8d 83       	std	Y+5, r24	; 0x05
    3012:	9e 83       	std	Y+6, r25	; 0x06
    3014:	af 83       	std	Y+7, r26	; 0x07
    3016:	b8 87       	std	Y+8, r27	; 0x08
    3018:	44 e0       	ldi	r20, 0x04	; 4
    301a:	50 e0       	ldi	r21, 0x00	; 0
    301c:	6c ef       	ldi	r22, 0xFC	; 252
    301e:	70 e0       	ldi	r23, 0x00	; 0
    3020:	ce 01       	movw	r24, r28
    3022:	05 96       	adiw	r24, 0x05	; 5
    3024:	0e c0       	rjmp	.+28     	; 0x3042 <EEPROM_Range_Cal_Set_Scale+0x17a>
    3026:	20 91 54 15 	lds	r18, 0x1554	; 0x801554 <Range_Curr_ID_Act>
    302a:	25 30       	cpi	r18, 0x05	; 5
    302c:	61 f4       	brne	.+24     	; 0x3046 <EEPROM_Range_Cal_Set_Scale+0x17e>
    302e:	89 83       	std	Y+1, r24	; 0x01
    3030:	9a 83       	std	Y+2, r25	; 0x02
    3032:	ab 83       	std	Y+3, r26	; 0x03
    3034:	bc 83       	std	Y+4, r27	; 0x04
    3036:	44 e0       	ldi	r20, 0x04	; 4
    3038:	50 e0       	ldi	r21, 0x00	; 0
    303a:	60 ef       	ldi	r22, 0xF0	; 240
    303c:	70 e0       	ldi	r23, 0x00	; 0
    303e:	ce 01       	movw	r24, r28
    3040:	01 96       	adiw	r24, 0x01	; 1
    3042:	0e 94 4d 4d 	call	0x9a9a	; 0x9a9a <eeprom_write_block>
    3046:	ac 96       	adiw	r28, 0x2c	; 44
    3048:	0f b6       	in	r0, 0x3f	; 63
    304a:	f8 94       	cli
    304c:	de bf       	out	0x3e, r29	; 62
    304e:	0f be       	out	0x3f, r0	; 63
    3050:	cd bf       	out	0x3d, r28	; 61
    3052:	df 91       	pop	r29
    3054:	cf 91       	pop	r28
    3056:	08 95       	ret

00003058 <EEPROM_Range_Cal_Set_Offset>:
    3058:	cf 93       	push	r28
    305a:	df 93       	push	r29
    305c:	cd b7       	in	r28, 0x3d	; 61
    305e:	de b7       	in	r29, 0x3e	; 62
    3060:	ac 97       	sbiw	r28, 0x2c	; 44
    3062:	0f b6       	in	r0, 0x3f	; 63
    3064:	f8 94       	cli
    3066:	de bf       	out	0x3e, r29	; 62
    3068:	0f be       	out	0x3f, r0	; 63
    306a:	cd bf       	out	0x3d, r28	; 61
    306c:	20 91 1a 14 	lds	r18, 0x141A	; 0x80141a <SysStatus_A>
    3070:	21 ff       	sbrs	r18, 1
    3072:	b1 c0       	rjmp	.+354    	; 0x31d6 <EEPROM_Range_Cal_Set_Offset+0x17e>
    3074:	dc 01       	movw	r26, r24
    3076:	cb 01       	movw	r24, r22
    3078:	20 91 e4 14 	lds	r18, 0x14E4	; 0x8014e4 <Range_Status_A>
    307c:	22 ff       	sbrs	r18, 2
    307e:	4c c0       	rjmp	.+152    	; 0x3118 <EEPROM_Range_Cal_Set_Offset+0xc0>
    3080:	20 91 dd 14 	lds	r18, 0x14DD	; 0x8014dd <Range_Volt_ID_Act>
    3084:	21 11       	cpse	r18, r1
    3086:	0b c0       	rjmp	.+22     	; 0x309e <EEPROM_Range_Cal_Set_Offset+0x46>
    3088:	89 a7       	std	Y+41, r24	; 0x29
    308a:	9a a7       	std	Y+42, r25	; 0x2a
    308c:	ab a7       	std	Y+43, r26	; 0x2b
    308e:	bc a7       	std	Y+44, r27	; 0x2c
    3090:	44 e0       	ldi	r20, 0x04	; 4
    3092:	50 e0       	ldi	r21, 0x00	; 0
    3094:	60 e8       	ldi	r22, 0x80	; 128
    3096:	71 e0       	ldi	r23, 0x01	; 1
    3098:	ce 01       	movw	r24, r28
    309a:	89 96       	adiw	r24, 0x29	; 41
    309c:	9a c0       	rjmp	.+308    	; 0x31d2 <EEPROM_Range_Cal_Set_Offset+0x17a>
    309e:	20 91 dd 14 	lds	r18, 0x14DD	; 0x8014dd <Range_Volt_ID_Act>
    30a2:	21 30       	cpi	r18, 0x01	; 1
    30a4:	59 f4       	brne	.+22     	; 0x30bc <EEPROM_Range_Cal_Set_Offset+0x64>
    30a6:	8d a3       	std	Y+37, r24	; 0x25
    30a8:	9e a3       	std	Y+38, r25	; 0x26
    30aa:	af a3       	std	Y+39, r26	; 0x27
    30ac:	b8 a7       	std	Y+40, r27	; 0x28
    30ae:	44 e0       	ldi	r20, 0x04	; 4
    30b0:	50 e0       	ldi	r21, 0x00	; 0
    30b2:	60 e7       	ldi	r22, 0x70	; 112
    30b4:	71 e0       	ldi	r23, 0x01	; 1
    30b6:	ce 01       	movw	r24, r28
    30b8:	85 96       	adiw	r24, 0x25	; 37
    30ba:	8b c0       	rjmp	.+278    	; 0x31d2 <EEPROM_Range_Cal_Set_Offset+0x17a>
    30bc:	20 91 dd 14 	lds	r18, 0x14DD	; 0x8014dd <Range_Volt_ID_Act>
    30c0:	22 30       	cpi	r18, 0x02	; 2
    30c2:	59 f4       	brne	.+22     	; 0x30da <EEPROM_Range_Cal_Set_Offset+0x82>
    30c4:	89 a3       	std	Y+33, r24	; 0x21
    30c6:	9a a3       	std	Y+34, r25	; 0x22
    30c8:	ab a3       	std	Y+35, r26	; 0x23
    30ca:	bc a3       	std	Y+36, r27	; 0x24
    30cc:	44 e0       	ldi	r20, 0x04	; 4
    30ce:	50 e0       	ldi	r21, 0x00	; 0
    30d0:	60 e6       	ldi	r22, 0x60	; 96
    30d2:	71 e0       	ldi	r23, 0x01	; 1
    30d4:	ce 01       	movw	r24, r28
    30d6:	81 96       	adiw	r24, 0x21	; 33
    30d8:	7c c0       	rjmp	.+248    	; 0x31d2 <EEPROM_Range_Cal_Set_Offset+0x17a>
    30da:	20 91 dd 14 	lds	r18, 0x14DD	; 0x8014dd <Range_Volt_ID_Act>
    30de:	23 30       	cpi	r18, 0x03	; 3
    30e0:	59 f4       	brne	.+22     	; 0x30f8 <EEPROM_Range_Cal_Set_Offset+0xa0>
    30e2:	8d 8f       	std	Y+29, r24	; 0x1d
    30e4:	9e 8f       	std	Y+30, r25	; 0x1e
    30e6:	af 8f       	std	Y+31, r26	; 0x1f
    30e8:	b8 a3       	std	Y+32, r27	; 0x20
    30ea:	44 e0       	ldi	r20, 0x04	; 4
    30ec:	50 e0       	ldi	r21, 0x00	; 0
    30ee:	60 e5       	ldi	r22, 0x50	; 80
    30f0:	71 e0       	ldi	r23, 0x01	; 1
    30f2:	ce 01       	movw	r24, r28
    30f4:	4d 96       	adiw	r24, 0x1d	; 29
    30f6:	6d c0       	rjmp	.+218    	; 0x31d2 <EEPROM_Range_Cal_Set_Offset+0x17a>
    30f8:	20 91 dd 14 	lds	r18, 0x14DD	; 0x8014dd <Range_Volt_ID_Act>
    30fc:	24 30       	cpi	r18, 0x04	; 4
    30fe:	09 f0       	breq	.+2      	; 0x3102 <EEPROM_Range_Cal_Set_Offset+0xaa>
    3100:	6a c0       	rjmp	.+212    	; 0x31d6 <EEPROM_Range_Cal_Set_Offset+0x17e>
    3102:	89 8f       	std	Y+25, r24	; 0x19
    3104:	9a 8f       	std	Y+26, r25	; 0x1a
    3106:	ab 8f       	std	Y+27, r26	; 0x1b
    3108:	bc 8f       	std	Y+28, r27	; 0x1c
    310a:	44 e0       	ldi	r20, 0x04	; 4
    310c:	50 e0       	ldi	r21, 0x00	; 0
    310e:	60 e4       	ldi	r22, 0x40	; 64
    3110:	71 e0       	ldi	r23, 0x01	; 1
    3112:	ce 01       	movw	r24, r28
    3114:	49 96       	adiw	r24, 0x19	; 25
    3116:	5d c0       	rjmp	.+186    	; 0x31d2 <EEPROM_Range_Cal_Set_Offset+0x17a>
    3118:	20 91 e4 14 	lds	r18, 0x14E4	; 0x8014e4 <Range_Status_A>
    311c:	23 ff       	sbrs	r18, 3
    311e:	5b c0       	rjmp	.+182    	; 0x31d6 <EEPROM_Range_Cal_Set_Offset+0x17e>
    3120:	20 91 54 15 	lds	r18, 0x1554	; 0x801554 <Range_Curr_ID_Act>
    3124:	21 11       	cpse	r18, r1
    3126:	0b c0       	rjmp	.+22     	; 0x313e <EEPROM_Range_Cal_Set_Offset+0xe6>
    3128:	8d 8b       	std	Y+21, r24	; 0x15
    312a:	9e 8b       	std	Y+22, r25	; 0x16
    312c:	af 8b       	std	Y+23, r26	; 0x17
    312e:	b8 8f       	std	Y+24, r27	; 0x18
    3130:	44 e0       	ldi	r20, 0x04	; 4
    3132:	50 e0       	ldi	r21, 0x00	; 0
    3134:	60 e3       	ldi	r22, 0x30	; 48
    3136:	71 e0       	ldi	r23, 0x01	; 1
    3138:	ce 01       	movw	r24, r28
    313a:	45 96       	adiw	r24, 0x15	; 21
    313c:	4a c0       	rjmp	.+148    	; 0x31d2 <EEPROM_Range_Cal_Set_Offset+0x17a>
    313e:	20 91 54 15 	lds	r18, 0x1554	; 0x801554 <Range_Curr_ID_Act>
    3142:	21 30       	cpi	r18, 0x01	; 1
    3144:	59 f4       	brne	.+22     	; 0x315c <EEPROM_Range_Cal_Set_Offset+0x104>
    3146:	89 8b       	std	Y+17, r24	; 0x11
    3148:	9a 8b       	std	Y+18, r25	; 0x12
    314a:	ab 8b       	std	Y+19, r26	; 0x13
    314c:	bc 8b       	std	Y+20, r27	; 0x14
    314e:	44 e0       	ldi	r20, 0x04	; 4
    3150:	50 e0       	ldi	r21, 0x00	; 0
    3152:	64 e2       	ldi	r22, 0x24	; 36
    3154:	71 e0       	ldi	r23, 0x01	; 1
    3156:	ce 01       	movw	r24, r28
    3158:	41 96       	adiw	r24, 0x11	; 17
    315a:	3b c0       	rjmp	.+118    	; 0x31d2 <EEPROM_Range_Cal_Set_Offset+0x17a>
    315c:	20 91 54 15 	lds	r18, 0x1554	; 0x801554 <Range_Curr_ID_Act>
    3160:	22 30       	cpi	r18, 0x02	; 2
    3162:	59 f4       	brne	.+22     	; 0x317a <EEPROM_Range_Cal_Set_Offset+0x122>
    3164:	8d 87       	std	Y+13, r24	; 0x0d
    3166:	9e 87       	std	Y+14, r25	; 0x0e
    3168:	af 87       	std	Y+15, r26	; 0x0f
    316a:	b8 8b       	std	Y+16, r27	; 0x10
    316c:	44 e0       	ldi	r20, 0x04	; 4
    316e:	50 e0       	ldi	r21, 0x00	; 0
    3170:	68 e1       	ldi	r22, 0x18	; 24
    3172:	71 e0       	ldi	r23, 0x01	; 1
    3174:	ce 01       	movw	r24, r28
    3176:	0d 96       	adiw	r24, 0x0d	; 13
    3178:	2c c0       	rjmp	.+88     	; 0x31d2 <EEPROM_Range_Cal_Set_Offset+0x17a>
    317a:	20 91 54 15 	lds	r18, 0x1554	; 0x801554 <Range_Curr_ID_Act>
    317e:	23 30       	cpi	r18, 0x03	; 3
    3180:	59 f4       	brne	.+22     	; 0x3198 <EEPROM_Range_Cal_Set_Offset+0x140>
    3182:	89 87       	std	Y+9, r24	; 0x09
    3184:	9a 87       	std	Y+10, r25	; 0x0a
    3186:	ab 87       	std	Y+11, r26	; 0x0b
    3188:	bc 87       	std	Y+12, r27	; 0x0c
    318a:	44 e0       	ldi	r20, 0x04	; 4
    318c:	50 e0       	ldi	r21, 0x00	; 0
    318e:	6c e0       	ldi	r22, 0x0C	; 12
    3190:	71 e0       	ldi	r23, 0x01	; 1
    3192:	ce 01       	movw	r24, r28
    3194:	09 96       	adiw	r24, 0x09	; 9
    3196:	1d c0       	rjmp	.+58     	; 0x31d2 <EEPROM_Range_Cal_Set_Offset+0x17a>
    3198:	20 91 54 15 	lds	r18, 0x1554	; 0x801554 <Range_Curr_ID_Act>
    319c:	24 30       	cpi	r18, 0x04	; 4
    319e:	59 f4       	brne	.+22     	; 0x31b6 <EEPROM_Range_Cal_Set_Offset+0x15e>
    31a0:	8d 83       	std	Y+5, r24	; 0x05
    31a2:	9e 83       	std	Y+6, r25	; 0x06
    31a4:	af 83       	std	Y+7, r26	; 0x07
    31a6:	b8 87       	std	Y+8, r27	; 0x08
    31a8:	44 e0       	ldi	r20, 0x04	; 4
    31aa:	50 e0       	ldi	r21, 0x00	; 0
    31ac:	60 e0       	ldi	r22, 0x00	; 0
    31ae:	71 e0       	ldi	r23, 0x01	; 1
    31b0:	ce 01       	movw	r24, r28
    31b2:	05 96       	adiw	r24, 0x05	; 5
    31b4:	0e c0       	rjmp	.+28     	; 0x31d2 <EEPROM_Range_Cal_Set_Offset+0x17a>
    31b6:	20 91 54 15 	lds	r18, 0x1554	; 0x801554 <Range_Curr_ID_Act>
    31ba:	25 30       	cpi	r18, 0x05	; 5
    31bc:	61 f4       	brne	.+24     	; 0x31d6 <EEPROM_Range_Cal_Set_Offset+0x17e>
    31be:	89 83       	std	Y+1, r24	; 0x01
    31c0:	9a 83       	std	Y+2, r25	; 0x02
    31c2:	ab 83       	std	Y+3, r26	; 0x03
    31c4:	bc 83       	std	Y+4, r27	; 0x04
    31c6:	44 e0       	ldi	r20, 0x04	; 4
    31c8:	50 e0       	ldi	r21, 0x00	; 0
    31ca:	64 ef       	ldi	r22, 0xF4	; 244
    31cc:	70 e0       	ldi	r23, 0x00	; 0
    31ce:	ce 01       	movw	r24, r28
    31d0:	01 96       	adiw	r24, 0x01	; 1
    31d2:	0e 94 4d 4d 	call	0x9a9a	; 0x9a9a <eeprom_write_block>
    31d6:	ac 96       	adiw	r28, 0x2c	; 44
    31d8:	0f b6       	in	r0, 0x3f	; 63
    31da:	f8 94       	cli
    31dc:	de bf       	out	0x3e, r29	; 62
    31de:	0f be       	out	0x3f, r0	; 63
    31e0:	cd bf       	out	0x3d, r28	; 61
    31e2:	df 91       	pop	r29
    31e4:	cf 91       	pop	r28
    31e6:	08 95       	ret

000031e8 <COM_EROM_ACCESS_FLOAT>:
    31e8:	cf 92       	push	r12
    31ea:	df 92       	push	r13
    31ec:	ef 92       	push	r14
    31ee:	ff 92       	push	r15
    31f0:	0f 93       	push	r16
    31f2:	1f 93       	push	r17
    31f4:	cf 93       	push	r28
    31f6:	df 93       	push	r29
    31f8:	00 d0       	rcall	.+0      	; 0x31fa <COM_EROM_ACCESS_FLOAT+0x12>
    31fa:	00 d0       	rcall	.+0      	; 0x31fc <COM_EROM_ACCESS_FLOAT+0x14>
    31fc:	cd b7       	in	r28, 0x3d	; 61
    31fe:	de b7       	in	r29, 0x3e	; 62
    3200:	7c 01       	movw	r14, r24
    3202:	8a 01       	movw	r16, r20
    3204:	69 01       	movw	r12, r18
    3206:	61 30       	cpi	r22, 0x01	; 1
    3208:	69 f4       	brne	.+26     	; 0x3224 <COM_EROM_ACCESS_FLOAT+0x3c>
    320a:	ca 01       	movw	r24, r20
    320c:	5b de       	rcall	.-842    	; 0x2ec4 <StringToFloat>
    320e:	69 83       	std	Y+1, r22	; 0x01
    3210:	7a 83       	std	Y+2, r23	; 0x02
    3212:	8b 83       	std	Y+3, r24	; 0x03
    3214:	9c 83       	std	Y+4, r25	; 0x04
    3216:	44 e0       	ldi	r20, 0x04	; 4
    3218:	50 e0       	ldi	r21, 0x00	; 0
    321a:	b7 01       	movw	r22, r14
    321c:	ce 01       	movw	r24, r28
    321e:	01 96       	adiw	r24, 0x01	; 1
    3220:	0e 94 4d 4d 	call	0x9a9a	; 0x9a9a <eeprom_write_block>
    3224:	44 e0       	ldi	r20, 0x04	; 4
    3226:	50 e0       	ldi	r21, 0x00	; 0
    3228:	b7 01       	movw	r22, r14
    322a:	ce 01       	movw	r24, r28
    322c:	01 96       	adiw	r24, 0x01	; 1
    322e:	0e 94 35 4d 	call	0x9a6a	; 0x9a6a <eeprom_read_block>
    3232:	49 81       	ldd	r20, Y+1	; 0x01
    3234:	5a 81       	ldd	r21, Y+2	; 0x02
    3236:	6b 81       	ldd	r22, Y+3	; 0x03
    3238:	7c 81       	ldd	r23, Y+4	; 0x04
    323a:	c8 01       	movw	r24, r16
    323c:	0e 94 3c 0c 	call	0x1878	; 0x1878 <FloatToString>
    3240:	b8 01       	movw	r22, r16
    3242:	c6 01       	movw	r24, r12
    3244:	0e 94 1a 0c 	call	0x1834	; 0x1834 <AddEnd_String>
    3248:	0f 90       	pop	r0
    324a:	0f 90       	pop	r0
    324c:	0f 90       	pop	r0
    324e:	0f 90       	pop	r0
    3250:	df 91       	pop	r29
    3252:	cf 91       	pop	r28
    3254:	1f 91       	pop	r17
    3256:	0f 91       	pop	r16
    3258:	ff 90       	pop	r15
    325a:	ef 90       	pop	r14
    325c:	df 90       	pop	r13
    325e:	cf 90       	pop	r12
    3260:	08 95       	ret

00003262 <COM_EROM_ACCESS_UINT8>:
    3262:	ef 92       	push	r14
    3264:	ff 92       	push	r15
    3266:	0f 93       	push	r16
    3268:	1f 93       	push	r17
    326a:	cf 93       	push	r28
    326c:	df 93       	push	r29
    326e:	8c 01       	movw	r16, r24
    3270:	ea 01       	movw	r28, r20
    3272:	79 01       	movw	r14, r18
    3274:	61 30       	cpi	r22, 0x01	; 1
    3276:	89 f4       	brne	.+34     	; 0x329a <COM_EROM_ACCESS_UINT8+0x38>
    3278:	ca 01       	movw	r24, r20
    327a:	0e 94 3b 4a 	call	0x9476	; 0x9476 <atol>
    327e:	6f 3f       	cpi	r22, 0xFF	; 255
    3280:	71 05       	cpc	r23, r1
    3282:	81 05       	cpc	r24, r1
    3284:	91 05       	cpc	r25, r1
    3286:	09 f0       	breq	.+2      	; 0x328a <COM_EROM_ACCESS_UINT8+0x28>
    3288:	24 f4       	brge	.+8      	; 0x3292 <COM_EROM_ACCESS_UINT8+0x30>
    328a:	97 ff       	sbrs	r25, 7
    328c:	03 c0       	rjmp	.+6      	; 0x3294 <COM_EROM_ACCESS_UINT8+0x32>
    328e:	60 e0       	ldi	r22, 0x00	; 0
    3290:	01 c0       	rjmp	.+2      	; 0x3294 <COM_EROM_ACCESS_UINT8+0x32>
    3292:	6f ef       	ldi	r22, 0xFF	; 255
    3294:	c8 01       	movw	r24, r16
    3296:	0e 94 56 4d 	call	0x9aac	; 0x9aac <eeprom_write_byte>
    329a:	c8 01       	movw	r24, r16
    329c:	0e 94 45 4d 	call	0x9a8a	; 0x9a8a <eeprom_read_byte>
    32a0:	4a e0       	ldi	r20, 0x0A	; 10
    32a2:	be 01       	movw	r22, r28
    32a4:	90 e0       	ldi	r25, 0x00	; 0
    32a6:	0e 94 40 4b 	call	0x9680	; 0x9680 <__itoa_ncheck>
    32aa:	be 01       	movw	r22, r28
    32ac:	c7 01       	movw	r24, r14
    32ae:	df 91       	pop	r29
    32b0:	cf 91       	pop	r28
    32b2:	1f 91       	pop	r17
    32b4:	0f 91       	pop	r16
    32b6:	ff 90       	pop	r15
    32b8:	ef 90       	pop	r14
    32ba:	0c 94 1a 0c 	jmp	0x1834	; 0x1834 <AddEnd_String>

000032be <COM_EROM_ACCESS_UINT16>:
    32be:	cf 92       	push	r12
    32c0:	df 92       	push	r13
    32c2:	ef 92       	push	r14
    32c4:	ff 92       	push	r15
    32c6:	0f 93       	push	r16
    32c8:	1f 93       	push	r17
    32ca:	cf 93       	push	r28
    32cc:	df 93       	push	r29
    32ce:	00 d0       	rcall	.+0      	; 0x32d0 <COM_EROM_ACCESS_UINT16+0x12>
    32d0:	cd b7       	in	r28, 0x3d	; 61
    32d2:	de b7       	in	r29, 0x3e	; 62
    32d4:	6c 01       	movw	r12, r24
    32d6:	8a 01       	movw	r16, r20
    32d8:	79 01       	movw	r14, r18
    32da:	61 30       	cpi	r22, 0x01	; 1
    32dc:	e1 f4       	brne	.+56     	; 0x3316 <COM_EROM_ACCESS_UINT16+0x58>
    32de:	ca 01       	movw	r24, r20
    32e0:	0e 94 3b 4a 	call	0x9476	; 0x9476 <atol>
    32e4:	61 15       	cp	r22, r1
    32e6:	71 05       	cpc	r23, r1
    32e8:	21 e0       	ldi	r18, 0x01	; 1
    32ea:	82 07       	cpc	r24, r18
    32ec:	91 05       	cpc	r25, r1
    32ee:	2c f0       	brlt	.+10     	; 0x32fa <COM_EROM_ACCESS_UINT16+0x3c>
    32f0:	8f ef       	ldi	r24, 0xFF	; 255
    32f2:	9f ef       	ldi	r25, 0xFF	; 255
    32f4:	9a 83       	std	Y+2, r25	; 0x02
    32f6:	89 83       	std	Y+1, r24	; 0x01
    32f8:	07 c0       	rjmp	.+14     	; 0x3308 <COM_EROM_ACCESS_UINT16+0x4a>
    32fa:	97 ff       	sbrs	r25, 7
    32fc:	03 c0       	rjmp	.+6      	; 0x3304 <COM_EROM_ACCESS_UINT16+0x46>
    32fe:	1a 82       	std	Y+2, r1	; 0x02
    3300:	19 82       	std	Y+1, r1	; 0x01
    3302:	02 c0       	rjmp	.+4      	; 0x3308 <COM_EROM_ACCESS_UINT16+0x4a>
    3304:	7a 83       	std	Y+2, r23	; 0x02
    3306:	69 83       	std	Y+1, r22	; 0x01
    3308:	42 e0       	ldi	r20, 0x02	; 2
    330a:	50 e0       	ldi	r21, 0x00	; 0
    330c:	b6 01       	movw	r22, r12
    330e:	ce 01       	movw	r24, r28
    3310:	01 96       	adiw	r24, 0x01	; 1
    3312:	0e 94 4d 4d 	call	0x9a9a	; 0x9a9a <eeprom_write_block>
    3316:	42 e0       	ldi	r20, 0x02	; 2
    3318:	50 e0       	ldi	r21, 0x00	; 0
    331a:	b6 01       	movw	r22, r12
    331c:	ce 01       	movw	r24, r28
    331e:	01 96       	adiw	r24, 0x01	; 1
    3320:	0e 94 35 4d 	call	0x9a6a	; 0x9a6a <eeprom_read_block>
    3324:	69 81       	ldd	r22, Y+1	; 0x01
    3326:	7a 81       	ldd	r23, Y+2	; 0x02
    3328:	80 e0       	ldi	r24, 0x00	; 0
    332a:	90 e0       	ldi	r25, 0x00	; 0
    332c:	2a e0       	ldi	r18, 0x0A	; 10
    332e:	a8 01       	movw	r20, r16
    3330:	0e 94 4a 4b 	call	0x9694	; 0x9694 <__ltoa_ncheck>
    3334:	b8 01       	movw	r22, r16
    3336:	c7 01       	movw	r24, r14
    3338:	0e 94 1a 0c 	call	0x1834	; 0x1834 <AddEnd_String>
    333c:	0f 90       	pop	r0
    333e:	0f 90       	pop	r0
    3340:	df 91       	pop	r29
    3342:	cf 91       	pop	r28
    3344:	1f 91       	pop	r17
    3346:	0f 91       	pop	r16
    3348:	ff 90       	pop	r15
    334a:	ef 90       	pop	r14
    334c:	df 90       	pop	r13
    334e:	cf 90       	pop	r12
    3350:	08 95       	ret

00003352 <EEPROM_READ_FLOAT>:
    3352:	cf 93       	push	r28
    3354:	df 93       	push	r29
    3356:	00 d0       	rcall	.+0      	; 0x3358 <EEPROM_READ_FLOAT+0x6>
    3358:	00 d0       	rcall	.+0      	; 0x335a <EEPROM_READ_FLOAT+0x8>
    335a:	cd b7       	in	r28, 0x3d	; 61
    335c:	de b7       	in	r29, 0x3e	; 62
    335e:	44 e0       	ldi	r20, 0x04	; 4
    3360:	50 e0       	ldi	r21, 0x00	; 0
    3362:	bc 01       	movw	r22, r24
    3364:	ce 01       	movw	r24, r28
    3366:	01 96       	adiw	r24, 0x01	; 1
    3368:	0e 94 35 4d 	call	0x9a6a	; 0x9a6a <eeprom_read_block>
    336c:	69 81       	ldd	r22, Y+1	; 0x01
    336e:	7a 81       	ldd	r23, Y+2	; 0x02
    3370:	8b 81       	ldd	r24, Y+3	; 0x03
    3372:	9c 81       	ldd	r25, Y+4	; 0x04
    3374:	0f 90       	pop	r0
    3376:	0f 90       	pop	r0
    3378:	0f 90       	pop	r0
    337a:	0f 90       	pop	r0
    337c:	df 91       	pop	r29
    337e:	cf 91       	pop	r28
    3380:	08 95       	ret

00003382 <EEPROM_LOAD_VOLTAGE_RANGE>:
    3382:	90 91 2a 14 	lds	r25, 0x142A	; 0x80142a <EEMEM_Written>
    3386:	95 3a       	cpi	r25, 0xA5	; 165
    3388:	09 f0       	breq	.+2      	; 0x338c <EEPROM_LOAD_VOLTAGE_RANGE+0xa>
    338a:	c5 c0       	rjmp	.+394    	; 0x3516 <EEPROM_LOAD_VOLTAGE_RANGE+0x194>
    338c:	81 11       	cpse	r24, r1
    338e:	24 c0       	rjmp	.+72     	; 0x33d8 <EEPROM_LOAD_VOLTAGE_RANGE+0x56>
    3390:	80 e8       	ldi	r24, 0x80	; 128
    3392:	91 e0       	ldi	r25, 0x01	; 1
    3394:	de df       	rcall	.-68     	; 0x3352 <EEPROM_READ_FLOAT>
    3396:	60 93 5c 15 	sts	0x155C, r22	; 0x80155c <AI_Volt_Offset>
    339a:	70 93 5d 15 	sts	0x155D, r23	; 0x80155d <AI_Volt_Offset+0x1>
    339e:	80 93 5e 15 	sts	0x155E, r24	; 0x80155e <AI_Volt_Offset+0x2>
    33a2:	90 93 5f 15 	sts	0x155F, r25	; 0x80155f <AI_Volt_Offset+0x3>
    33a6:	8c e7       	ldi	r24, 0x7C	; 124
    33a8:	91 e0       	ldi	r25, 0x01	; 1
    33aa:	d3 df       	rcall	.-90     	; 0x3352 <EEPROM_READ_FLOAT>
    33ac:	60 93 0b 15 	sts	0x150B, r22	; 0x80150b <AI_Volt_Scale>
    33b0:	70 93 0c 15 	sts	0x150C, r23	; 0x80150c <AI_Volt_Scale+0x1>
    33b4:	80 93 0d 15 	sts	0x150D, r24	; 0x80150d <AI_Volt_Scale+0x2>
    33b8:	90 93 0e 15 	sts	0x150E, r25	; 0x80150e <AI_Volt_Scale+0x3>
    33bc:	84 e7       	ldi	r24, 0x74	; 116
    33be:	91 e0       	ldi	r25, 0x01	; 1
    33c0:	c8 df       	rcall	.-112    	; 0x3352 <EEPROM_READ_FLOAT>
    33c2:	60 93 00 15 	sts	0x1500, r22	; 0x801500 <AI_Volt_R_Leak>
    33c6:	70 93 01 15 	sts	0x1501, r23	; 0x801501 <AI_Volt_R_Leak+0x1>
    33ca:	80 93 02 15 	sts	0x1502, r24	; 0x801502 <AI_Volt_R_Leak+0x2>
    33ce:	90 93 03 15 	sts	0x1503, r25	; 0x801503 <AI_Volt_R_Leak+0x3>
    33d2:	88 e7       	ldi	r24, 0x78	; 120
    33d4:	91 e0       	ldi	r25, 0x01	; 1
    33d6:	25 c0       	rjmp	.+74     	; 0x3422 <EEPROM_LOAD_VOLTAGE_RANGE+0xa0>
    33d8:	81 30       	cpi	r24, 0x01	; 1
    33da:	69 f5       	brne	.+90     	; 0x3436 <EEPROM_LOAD_VOLTAGE_RANGE+0xb4>
    33dc:	80 e7       	ldi	r24, 0x70	; 112
    33de:	91 e0       	ldi	r25, 0x01	; 1
    33e0:	b8 df       	rcall	.-144    	; 0x3352 <EEPROM_READ_FLOAT>
    33e2:	60 93 5c 15 	sts	0x155C, r22	; 0x80155c <AI_Volt_Offset>
    33e6:	70 93 5d 15 	sts	0x155D, r23	; 0x80155d <AI_Volt_Offset+0x1>
    33ea:	80 93 5e 15 	sts	0x155E, r24	; 0x80155e <AI_Volt_Offset+0x2>
    33ee:	90 93 5f 15 	sts	0x155F, r25	; 0x80155f <AI_Volt_Offset+0x3>
    33f2:	8c e6       	ldi	r24, 0x6C	; 108
    33f4:	91 e0       	ldi	r25, 0x01	; 1
    33f6:	ad df       	rcall	.-166    	; 0x3352 <EEPROM_READ_FLOAT>
    33f8:	60 93 0b 15 	sts	0x150B, r22	; 0x80150b <AI_Volt_Scale>
    33fc:	70 93 0c 15 	sts	0x150C, r23	; 0x80150c <AI_Volt_Scale+0x1>
    3400:	80 93 0d 15 	sts	0x150D, r24	; 0x80150d <AI_Volt_Scale+0x2>
    3404:	90 93 0e 15 	sts	0x150E, r25	; 0x80150e <AI_Volt_Scale+0x3>
    3408:	84 e6       	ldi	r24, 0x64	; 100
    340a:	91 e0       	ldi	r25, 0x01	; 1
    340c:	a2 df       	rcall	.-188    	; 0x3352 <EEPROM_READ_FLOAT>
    340e:	60 93 00 15 	sts	0x1500, r22	; 0x801500 <AI_Volt_R_Leak>
    3412:	70 93 01 15 	sts	0x1501, r23	; 0x801501 <AI_Volt_R_Leak+0x1>
    3416:	80 93 02 15 	sts	0x1502, r24	; 0x801502 <AI_Volt_R_Leak+0x2>
    341a:	90 93 03 15 	sts	0x1503, r25	; 0x801503 <AI_Volt_R_Leak+0x3>
    341e:	88 e6       	ldi	r24, 0x68	; 104
    3420:	91 e0       	ldi	r25, 0x01	; 1
    3422:	97 df       	rcall	.-210    	; 0x3352 <EEPROM_READ_FLOAT>
    3424:	60 93 58 15 	sts	0x1558, r22	; 0x801558 <AI_Volt_Range_Val>
    3428:	70 93 59 15 	sts	0x1559, r23	; 0x801559 <AI_Volt_Range_Val+0x1>
    342c:	80 93 5a 15 	sts	0x155A, r24	; 0x80155a <AI_Volt_Range_Val+0x2>
    3430:	90 93 5b 15 	sts	0x155B, r25	; 0x80155b <AI_Volt_Range_Val+0x3>
    3434:	94 c0       	rjmp	.+296    	; 0x355e <EEPROM_LOAD_VOLTAGE_RANGE+0x1dc>
    3436:	82 30       	cpi	r24, 0x02	; 2
    3438:	21 f5       	brne	.+72     	; 0x3482 <EEPROM_LOAD_VOLTAGE_RANGE+0x100>
    343a:	80 e6       	ldi	r24, 0x60	; 96
    343c:	91 e0       	ldi	r25, 0x01	; 1
    343e:	89 df       	rcall	.-238    	; 0x3352 <EEPROM_READ_FLOAT>
    3440:	60 93 5c 15 	sts	0x155C, r22	; 0x80155c <AI_Volt_Offset>
    3444:	70 93 5d 15 	sts	0x155D, r23	; 0x80155d <AI_Volt_Offset+0x1>
    3448:	80 93 5e 15 	sts	0x155E, r24	; 0x80155e <AI_Volt_Offset+0x2>
    344c:	90 93 5f 15 	sts	0x155F, r25	; 0x80155f <AI_Volt_Offset+0x3>
    3450:	8c e5       	ldi	r24, 0x5C	; 92
    3452:	91 e0       	ldi	r25, 0x01	; 1
    3454:	7e df       	rcall	.-260    	; 0x3352 <EEPROM_READ_FLOAT>
    3456:	60 93 0b 15 	sts	0x150B, r22	; 0x80150b <AI_Volt_Scale>
    345a:	70 93 0c 15 	sts	0x150C, r23	; 0x80150c <AI_Volt_Scale+0x1>
    345e:	80 93 0d 15 	sts	0x150D, r24	; 0x80150d <AI_Volt_Scale+0x2>
    3462:	90 93 0e 15 	sts	0x150E, r25	; 0x80150e <AI_Volt_Scale+0x3>
    3466:	84 e5       	ldi	r24, 0x54	; 84
    3468:	91 e0       	ldi	r25, 0x01	; 1
    346a:	73 df       	rcall	.-282    	; 0x3352 <EEPROM_READ_FLOAT>
    346c:	60 93 00 15 	sts	0x1500, r22	; 0x801500 <AI_Volt_R_Leak>
    3470:	70 93 01 15 	sts	0x1501, r23	; 0x801501 <AI_Volt_R_Leak+0x1>
    3474:	80 93 02 15 	sts	0x1502, r24	; 0x801502 <AI_Volt_R_Leak+0x2>
    3478:	90 93 03 15 	sts	0x1503, r25	; 0x801503 <AI_Volt_R_Leak+0x3>
    347c:	88 e5       	ldi	r24, 0x58	; 88
    347e:	91 e0       	ldi	r25, 0x01	; 1
    3480:	d0 cf       	rjmp	.-96     	; 0x3422 <EEPROM_LOAD_VOLTAGE_RANGE+0xa0>
    3482:	83 30       	cpi	r24, 0x03	; 3
    3484:	21 f5       	brne	.+72     	; 0x34ce <EEPROM_LOAD_VOLTAGE_RANGE+0x14c>
    3486:	80 e5       	ldi	r24, 0x50	; 80
    3488:	91 e0       	ldi	r25, 0x01	; 1
    348a:	63 df       	rcall	.-314    	; 0x3352 <EEPROM_READ_FLOAT>
    348c:	60 93 5c 15 	sts	0x155C, r22	; 0x80155c <AI_Volt_Offset>
    3490:	70 93 5d 15 	sts	0x155D, r23	; 0x80155d <AI_Volt_Offset+0x1>
    3494:	80 93 5e 15 	sts	0x155E, r24	; 0x80155e <AI_Volt_Offset+0x2>
    3498:	90 93 5f 15 	sts	0x155F, r25	; 0x80155f <AI_Volt_Offset+0x3>
    349c:	8c e4       	ldi	r24, 0x4C	; 76
    349e:	91 e0       	ldi	r25, 0x01	; 1
    34a0:	58 df       	rcall	.-336    	; 0x3352 <EEPROM_READ_FLOAT>
    34a2:	60 93 0b 15 	sts	0x150B, r22	; 0x80150b <AI_Volt_Scale>
    34a6:	70 93 0c 15 	sts	0x150C, r23	; 0x80150c <AI_Volt_Scale+0x1>
    34aa:	80 93 0d 15 	sts	0x150D, r24	; 0x80150d <AI_Volt_Scale+0x2>
    34ae:	90 93 0e 15 	sts	0x150E, r25	; 0x80150e <AI_Volt_Scale+0x3>
    34b2:	84 e4       	ldi	r24, 0x44	; 68
    34b4:	91 e0       	ldi	r25, 0x01	; 1
    34b6:	4d df       	rcall	.-358    	; 0x3352 <EEPROM_READ_FLOAT>
    34b8:	60 93 00 15 	sts	0x1500, r22	; 0x801500 <AI_Volt_R_Leak>
    34bc:	70 93 01 15 	sts	0x1501, r23	; 0x801501 <AI_Volt_R_Leak+0x1>
    34c0:	80 93 02 15 	sts	0x1502, r24	; 0x801502 <AI_Volt_R_Leak+0x2>
    34c4:	90 93 03 15 	sts	0x1503, r25	; 0x801503 <AI_Volt_R_Leak+0x3>
    34c8:	88 e4       	ldi	r24, 0x48	; 72
    34ca:	91 e0       	ldi	r25, 0x01	; 1
    34cc:	aa cf       	rjmp	.-172    	; 0x3422 <EEPROM_LOAD_VOLTAGE_RANGE+0xa0>
    34ce:	80 e4       	ldi	r24, 0x40	; 64
    34d0:	91 e0       	ldi	r25, 0x01	; 1
    34d2:	3f df       	rcall	.-386    	; 0x3352 <EEPROM_READ_FLOAT>
    34d4:	60 93 5c 15 	sts	0x155C, r22	; 0x80155c <AI_Volt_Offset>
    34d8:	70 93 5d 15 	sts	0x155D, r23	; 0x80155d <AI_Volt_Offset+0x1>
    34dc:	80 93 5e 15 	sts	0x155E, r24	; 0x80155e <AI_Volt_Offset+0x2>
    34e0:	90 93 5f 15 	sts	0x155F, r25	; 0x80155f <AI_Volt_Offset+0x3>
    34e4:	8c e3       	ldi	r24, 0x3C	; 60
    34e6:	91 e0       	ldi	r25, 0x01	; 1
    34e8:	34 df       	rcall	.-408    	; 0x3352 <EEPROM_READ_FLOAT>
    34ea:	60 93 0b 15 	sts	0x150B, r22	; 0x80150b <AI_Volt_Scale>
    34ee:	70 93 0c 15 	sts	0x150C, r23	; 0x80150c <AI_Volt_Scale+0x1>
    34f2:	80 93 0d 15 	sts	0x150D, r24	; 0x80150d <AI_Volt_Scale+0x2>
    34f6:	90 93 0e 15 	sts	0x150E, r25	; 0x80150e <AI_Volt_Scale+0x3>
    34fa:	84 e3       	ldi	r24, 0x34	; 52
    34fc:	91 e0       	ldi	r25, 0x01	; 1
    34fe:	29 df       	rcall	.-430    	; 0x3352 <EEPROM_READ_FLOAT>
    3500:	60 93 00 15 	sts	0x1500, r22	; 0x801500 <AI_Volt_R_Leak>
    3504:	70 93 01 15 	sts	0x1501, r23	; 0x801501 <AI_Volt_R_Leak+0x1>
    3508:	80 93 02 15 	sts	0x1502, r24	; 0x801502 <AI_Volt_R_Leak+0x2>
    350c:	90 93 03 15 	sts	0x1503, r25	; 0x801503 <AI_Volt_R_Leak+0x3>
    3510:	88 e3       	ldi	r24, 0x38	; 56
    3512:	91 e0       	ldi	r25, 0x01	; 1
    3514:	86 cf       	rjmp	.-244    	; 0x3422 <EEPROM_LOAD_VOLTAGE_RANGE+0xa0>
    3516:	10 92 5c 15 	sts	0x155C, r1	; 0x80155c <AI_Volt_Offset>
    351a:	10 92 5d 15 	sts	0x155D, r1	; 0x80155d <AI_Volt_Offset+0x1>
    351e:	10 92 5e 15 	sts	0x155E, r1	; 0x80155e <AI_Volt_Offset+0x2>
    3522:	10 92 5f 15 	sts	0x155F, r1	; 0x80155f <AI_Volt_Offset+0x3>
    3526:	80 e0       	ldi	r24, 0x00	; 0
    3528:	90 e0       	ldi	r25, 0x00	; 0
    352a:	a0 e8       	ldi	r26, 0x80	; 128
    352c:	bf e3       	ldi	r27, 0x3F	; 63
    352e:	80 93 0b 15 	sts	0x150B, r24	; 0x80150b <AI_Volt_Scale>
    3532:	90 93 0c 15 	sts	0x150C, r25	; 0x80150c <AI_Volt_Scale+0x1>
    3536:	a0 93 0d 15 	sts	0x150D, r26	; 0x80150d <AI_Volt_Scale+0x2>
    353a:	b0 93 0e 15 	sts	0x150E, r27	; 0x80150e <AI_Volt_Scale+0x3>
    353e:	10 92 00 15 	sts	0x1500, r1	; 0x801500 <AI_Volt_R_Leak>
    3542:	10 92 01 15 	sts	0x1501, r1	; 0x801501 <AI_Volt_R_Leak+0x1>
    3546:	10 92 02 15 	sts	0x1502, r1	; 0x801502 <AI_Volt_R_Leak+0x2>
    354a:	10 92 03 15 	sts	0x1503, r1	; 0x801503 <AI_Volt_R_Leak+0x3>
    354e:	10 92 58 15 	sts	0x1558, r1	; 0x801558 <AI_Volt_Range_Val>
    3552:	10 92 59 15 	sts	0x1559, r1	; 0x801559 <AI_Volt_Range_Val+0x1>
    3556:	10 92 5a 15 	sts	0x155A, r1	; 0x80155a <AI_Volt_Range_Val+0x2>
    355a:	10 92 5b 15 	sts	0x155B, r1	; 0x80155b <AI_Volt_Range_Val+0x3>
    355e:	80 91 1f 14 	lds	r24, 0x141F	; 0x80141f <SysControl>
    3562:	87 ff       	sbrs	r24, 7
    3564:	18 c0       	rjmp	.+48     	; 0x3596 <EEPROM_LOAD_VOLTAGE_RANGE+0x214>
    3566:	80 91 e4 14 	lds	r24, 0x14E4	; 0x8014e4 <Range_Status_A>
    356a:	82 ff       	sbrs	r24, 2
    356c:	14 c0       	rjmp	.+40     	; 0x3596 <EEPROM_LOAD_VOLTAGE_RANGE+0x214>
    356e:	10 92 5c 15 	sts	0x155C, r1	; 0x80155c <AI_Volt_Offset>
    3572:	10 92 5d 15 	sts	0x155D, r1	; 0x80155d <AI_Volt_Offset+0x1>
    3576:	10 92 5e 15 	sts	0x155E, r1	; 0x80155e <AI_Volt_Offset+0x2>
    357a:	10 92 5f 15 	sts	0x155F, r1	; 0x80155f <AI_Volt_Offset+0x3>
    357e:	80 e0       	ldi	r24, 0x00	; 0
    3580:	90 e0       	ldi	r25, 0x00	; 0
    3582:	a0 e8       	ldi	r26, 0x80	; 128
    3584:	bf e3       	ldi	r27, 0x3F	; 63
    3586:	80 93 0b 15 	sts	0x150B, r24	; 0x80150b <AI_Volt_Scale>
    358a:	90 93 0c 15 	sts	0x150C, r25	; 0x80150c <AI_Volt_Scale+0x1>
    358e:	a0 93 0d 15 	sts	0x150D, r26	; 0x80150d <AI_Volt_Scale+0x2>
    3592:	b0 93 0e 15 	sts	0x150E, r27	; 0x80150e <AI_Volt_Scale+0x3>
    3596:	08 95       	ret

00003598 <EEPROM_LOAD_CURRENT_RANGE>:
    3598:	90 91 2a 14 	lds	r25, 0x142A	; 0x80142a <EEMEM_Written>
    359c:	95 3a       	cpi	r25, 0xA5	; 165
    359e:	09 f0       	breq	.+2      	; 0x35a2 <EEPROM_LOAD_CURRENT_RANGE+0xa>
    35a0:	a9 c0       	rjmp	.+338    	; 0x36f4 <EEPROM_LOAD_CURRENT_RANGE+0x15c>
    35a2:	81 11       	cpse	r24, r1
    35a4:	19 c0       	rjmp	.+50     	; 0x35d8 <EEPROM_LOAD_CURRENT_RANGE+0x40>
    35a6:	80 e3       	ldi	r24, 0x30	; 48
    35a8:	91 e0       	ldi	r25, 0x01	; 1
    35aa:	d3 de       	rcall	.-602    	; 0x3352 <EEPROM_READ_FLOAT>
    35ac:	60 93 d8 14 	sts	0x14D8, r22	; 0x8014d8 <AI_Curr_Offset>
    35b0:	70 93 d9 14 	sts	0x14D9, r23	; 0x8014d9 <AI_Curr_Offset+0x1>
    35b4:	80 93 da 14 	sts	0x14DA, r24	; 0x8014da <AI_Curr_Offset+0x2>
    35b8:	90 93 db 14 	sts	0x14DB, r25	; 0x8014db <AI_Curr_Offset+0x3>
    35bc:	8c e2       	ldi	r24, 0x2C	; 44
    35be:	91 e0       	ldi	r25, 0x01	; 1
    35c0:	c8 de       	rcall	.-624    	; 0x3352 <EEPROM_READ_FLOAT>
    35c2:	60 93 d4 14 	sts	0x14D4, r22	; 0x8014d4 <AI_Curr_Scale>
    35c6:	70 93 d5 14 	sts	0x14D5, r23	; 0x8014d5 <AI_Curr_Scale+0x1>
    35ca:	80 93 d6 14 	sts	0x14D6, r24	; 0x8014d6 <AI_Curr_Scale+0x2>
    35ce:	90 93 d7 14 	sts	0x14D7, r25	; 0x8014d7 <AI_Curr_Scale+0x3>
    35d2:	88 e2       	ldi	r24, 0x28	; 40
    35d4:	91 e0       	ldi	r25, 0x01	; 1
    35d6:	1a c0       	rjmp	.+52     	; 0x360c <EEPROM_LOAD_CURRENT_RANGE+0x74>
    35d8:	81 30       	cpi	r24, 0x01	; 1
    35da:	11 f5       	brne	.+68     	; 0x3620 <EEPROM_LOAD_CURRENT_RANGE+0x88>
    35dc:	84 e2       	ldi	r24, 0x24	; 36
    35de:	91 e0       	ldi	r25, 0x01	; 1
    35e0:	b8 de       	rcall	.-656    	; 0x3352 <EEPROM_READ_FLOAT>
    35e2:	60 93 d8 14 	sts	0x14D8, r22	; 0x8014d8 <AI_Curr_Offset>
    35e6:	70 93 d9 14 	sts	0x14D9, r23	; 0x8014d9 <AI_Curr_Offset+0x1>
    35ea:	80 93 da 14 	sts	0x14DA, r24	; 0x8014da <AI_Curr_Offset+0x2>
    35ee:	90 93 db 14 	sts	0x14DB, r25	; 0x8014db <AI_Curr_Offset+0x3>
    35f2:	80 e2       	ldi	r24, 0x20	; 32
    35f4:	91 e0       	ldi	r25, 0x01	; 1
    35f6:	ad de       	rcall	.-678    	; 0x3352 <EEPROM_READ_FLOAT>
    35f8:	60 93 d4 14 	sts	0x14D4, r22	; 0x8014d4 <AI_Curr_Scale>
    35fc:	70 93 d5 14 	sts	0x14D5, r23	; 0x8014d5 <AI_Curr_Scale+0x1>
    3600:	80 93 d6 14 	sts	0x14D6, r24	; 0x8014d6 <AI_Curr_Scale+0x2>
    3604:	90 93 d7 14 	sts	0x14D7, r25	; 0x8014d7 <AI_Curr_Scale+0x3>
    3608:	8c e1       	ldi	r24, 0x1C	; 28
    360a:	91 e0       	ldi	r25, 0x01	; 1
    360c:	a2 de       	rcall	.-700    	; 0x3352 <EEPROM_READ_FLOAT>
    360e:	60 93 d0 14 	sts	0x14D0, r22	; 0x8014d0 <AI_Curr_Range_Val>
    3612:	70 93 d1 14 	sts	0x14D1, r23	; 0x8014d1 <AI_Curr_Range_Val+0x1>
    3616:	80 93 d2 14 	sts	0x14D2, r24	; 0x8014d2 <AI_Curr_Range_Val+0x2>
    361a:	90 93 d3 14 	sts	0x14D3, r25	; 0x8014d3 <AI_Curr_Range_Val+0x3>
    361e:	86 c0       	rjmp	.+268    	; 0x372c <EEPROM_LOAD_CURRENT_RANGE+0x194>
    3620:	82 30       	cpi	r24, 0x02	; 2
    3622:	c9 f4       	brne	.+50     	; 0x3656 <EEPROM_LOAD_CURRENT_RANGE+0xbe>
    3624:	88 e1       	ldi	r24, 0x18	; 24
    3626:	91 e0       	ldi	r25, 0x01	; 1
    3628:	94 de       	rcall	.-728    	; 0x3352 <EEPROM_READ_FLOAT>
    362a:	60 93 d8 14 	sts	0x14D8, r22	; 0x8014d8 <AI_Curr_Offset>
    362e:	70 93 d9 14 	sts	0x14D9, r23	; 0x8014d9 <AI_Curr_Offset+0x1>
    3632:	80 93 da 14 	sts	0x14DA, r24	; 0x8014da <AI_Curr_Offset+0x2>
    3636:	90 93 db 14 	sts	0x14DB, r25	; 0x8014db <AI_Curr_Offset+0x3>
    363a:	84 e1       	ldi	r24, 0x14	; 20
    363c:	91 e0       	ldi	r25, 0x01	; 1
    363e:	89 de       	rcall	.-750    	; 0x3352 <EEPROM_READ_FLOAT>
    3640:	60 93 d4 14 	sts	0x14D4, r22	; 0x8014d4 <AI_Curr_Scale>
    3644:	70 93 d5 14 	sts	0x14D5, r23	; 0x8014d5 <AI_Curr_Scale+0x1>
    3648:	80 93 d6 14 	sts	0x14D6, r24	; 0x8014d6 <AI_Curr_Scale+0x2>
    364c:	90 93 d7 14 	sts	0x14D7, r25	; 0x8014d7 <AI_Curr_Scale+0x3>
    3650:	80 e1       	ldi	r24, 0x10	; 16
    3652:	91 e0       	ldi	r25, 0x01	; 1
    3654:	db cf       	rjmp	.-74     	; 0x360c <EEPROM_LOAD_CURRENT_RANGE+0x74>
    3656:	83 30       	cpi	r24, 0x03	; 3
    3658:	c9 f4       	brne	.+50     	; 0x368c <EEPROM_LOAD_CURRENT_RANGE+0xf4>
    365a:	8c e0       	ldi	r24, 0x0C	; 12
    365c:	91 e0       	ldi	r25, 0x01	; 1
    365e:	79 de       	rcall	.-782    	; 0x3352 <EEPROM_READ_FLOAT>
    3660:	60 93 d8 14 	sts	0x14D8, r22	; 0x8014d8 <AI_Curr_Offset>
    3664:	70 93 d9 14 	sts	0x14D9, r23	; 0x8014d9 <AI_Curr_Offset+0x1>
    3668:	80 93 da 14 	sts	0x14DA, r24	; 0x8014da <AI_Curr_Offset+0x2>
    366c:	90 93 db 14 	sts	0x14DB, r25	; 0x8014db <AI_Curr_Offset+0x3>
    3670:	88 e0       	ldi	r24, 0x08	; 8
    3672:	91 e0       	ldi	r25, 0x01	; 1
    3674:	6e de       	rcall	.-804    	; 0x3352 <EEPROM_READ_FLOAT>
    3676:	60 93 d4 14 	sts	0x14D4, r22	; 0x8014d4 <AI_Curr_Scale>
    367a:	70 93 d5 14 	sts	0x14D5, r23	; 0x8014d5 <AI_Curr_Scale+0x1>
    367e:	80 93 d6 14 	sts	0x14D6, r24	; 0x8014d6 <AI_Curr_Scale+0x2>
    3682:	90 93 d7 14 	sts	0x14D7, r25	; 0x8014d7 <AI_Curr_Scale+0x3>
    3686:	84 e0       	ldi	r24, 0x04	; 4
    3688:	91 e0       	ldi	r25, 0x01	; 1
    368a:	c0 cf       	rjmp	.-128    	; 0x360c <EEPROM_LOAD_CURRENT_RANGE+0x74>
    368c:	84 30       	cpi	r24, 0x04	; 4
    368e:	c9 f4       	brne	.+50     	; 0x36c2 <EEPROM_LOAD_CURRENT_RANGE+0x12a>
    3690:	80 e0       	ldi	r24, 0x00	; 0
    3692:	91 e0       	ldi	r25, 0x01	; 1
    3694:	5e de       	rcall	.-836    	; 0x3352 <EEPROM_READ_FLOAT>
    3696:	60 93 d8 14 	sts	0x14D8, r22	; 0x8014d8 <AI_Curr_Offset>
    369a:	70 93 d9 14 	sts	0x14D9, r23	; 0x8014d9 <AI_Curr_Offset+0x1>
    369e:	80 93 da 14 	sts	0x14DA, r24	; 0x8014da <AI_Curr_Offset+0x2>
    36a2:	90 93 db 14 	sts	0x14DB, r25	; 0x8014db <AI_Curr_Offset+0x3>
    36a6:	8c ef       	ldi	r24, 0xFC	; 252
    36a8:	90 e0       	ldi	r25, 0x00	; 0
    36aa:	53 de       	rcall	.-858    	; 0x3352 <EEPROM_READ_FLOAT>
    36ac:	60 93 d4 14 	sts	0x14D4, r22	; 0x8014d4 <AI_Curr_Scale>
    36b0:	70 93 d5 14 	sts	0x14D5, r23	; 0x8014d5 <AI_Curr_Scale+0x1>
    36b4:	80 93 d6 14 	sts	0x14D6, r24	; 0x8014d6 <AI_Curr_Scale+0x2>
    36b8:	90 93 d7 14 	sts	0x14D7, r25	; 0x8014d7 <AI_Curr_Scale+0x3>
    36bc:	88 ef       	ldi	r24, 0xF8	; 248
    36be:	90 e0       	ldi	r25, 0x00	; 0
    36c0:	a5 cf       	rjmp	.-182    	; 0x360c <EEPROM_LOAD_CURRENT_RANGE+0x74>
    36c2:	84 ef       	ldi	r24, 0xF4	; 244
    36c4:	90 e0       	ldi	r25, 0x00	; 0
    36c6:	45 de       	rcall	.-886    	; 0x3352 <EEPROM_READ_FLOAT>
    36c8:	60 93 d8 14 	sts	0x14D8, r22	; 0x8014d8 <AI_Curr_Offset>
    36cc:	70 93 d9 14 	sts	0x14D9, r23	; 0x8014d9 <AI_Curr_Offset+0x1>
    36d0:	80 93 da 14 	sts	0x14DA, r24	; 0x8014da <AI_Curr_Offset+0x2>
    36d4:	90 93 db 14 	sts	0x14DB, r25	; 0x8014db <AI_Curr_Offset+0x3>
    36d8:	80 ef       	ldi	r24, 0xF0	; 240
    36da:	90 e0       	ldi	r25, 0x00	; 0
    36dc:	3a de       	rcall	.-908    	; 0x3352 <EEPROM_READ_FLOAT>
    36de:	60 93 d4 14 	sts	0x14D4, r22	; 0x8014d4 <AI_Curr_Scale>
    36e2:	70 93 d5 14 	sts	0x14D5, r23	; 0x8014d5 <AI_Curr_Scale+0x1>
    36e6:	80 93 d6 14 	sts	0x14D6, r24	; 0x8014d6 <AI_Curr_Scale+0x2>
    36ea:	90 93 d7 14 	sts	0x14D7, r25	; 0x8014d7 <AI_Curr_Scale+0x3>
    36ee:	8c ee       	ldi	r24, 0xEC	; 236
    36f0:	90 e0       	ldi	r25, 0x00	; 0
    36f2:	8c cf       	rjmp	.-232    	; 0x360c <EEPROM_LOAD_CURRENT_RANGE+0x74>
    36f4:	10 92 d8 14 	sts	0x14D8, r1	; 0x8014d8 <AI_Curr_Offset>
    36f8:	10 92 d9 14 	sts	0x14D9, r1	; 0x8014d9 <AI_Curr_Offset+0x1>
    36fc:	10 92 da 14 	sts	0x14DA, r1	; 0x8014da <AI_Curr_Offset+0x2>
    3700:	10 92 db 14 	sts	0x14DB, r1	; 0x8014db <AI_Curr_Offset+0x3>
    3704:	80 e0       	ldi	r24, 0x00	; 0
    3706:	90 e0       	ldi	r25, 0x00	; 0
    3708:	a0 e8       	ldi	r26, 0x80	; 128
    370a:	bf e3       	ldi	r27, 0x3F	; 63
    370c:	80 93 d4 14 	sts	0x14D4, r24	; 0x8014d4 <AI_Curr_Scale>
    3710:	90 93 d5 14 	sts	0x14D5, r25	; 0x8014d5 <AI_Curr_Scale+0x1>
    3714:	a0 93 d6 14 	sts	0x14D6, r26	; 0x8014d6 <AI_Curr_Scale+0x2>
    3718:	b0 93 d7 14 	sts	0x14D7, r27	; 0x8014d7 <AI_Curr_Scale+0x3>
    371c:	10 92 d0 14 	sts	0x14D0, r1	; 0x8014d0 <AI_Curr_Range_Val>
    3720:	10 92 d1 14 	sts	0x14D1, r1	; 0x8014d1 <AI_Curr_Range_Val+0x1>
    3724:	10 92 d2 14 	sts	0x14D2, r1	; 0x8014d2 <AI_Curr_Range_Val+0x2>
    3728:	10 92 d3 14 	sts	0x14D3, r1	; 0x8014d3 <AI_Curr_Range_Val+0x3>
    372c:	80 91 1f 14 	lds	r24, 0x141F	; 0x80141f <SysControl>
    3730:	87 ff       	sbrs	r24, 7
    3732:	18 c0       	rjmp	.+48     	; 0x3764 <EEPROM_LOAD_CURRENT_RANGE+0x1cc>
    3734:	80 91 e4 14 	lds	r24, 0x14E4	; 0x8014e4 <Range_Status_A>
    3738:	83 ff       	sbrs	r24, 3
    373a:	14 c0       	rjmp	.+40     	; 0x3764 <EEPROM_LOAD_CURRENT_RANGE+0x1cc>
    373c:	10 92 d8 14 	sts	0x14D8, r1	; 0x8014d8 <AI_Curr_Offset>
    3740:	10 92 d9 14 	sts	0x14D9, r1	; 0x8014d9 <AI_Curr_Offset+0x1>
    3744:	10 92 da 14 	sts	0x14DA, r1	; 0x8014da <AI_Curr_Offset+0x2>
    3748:	10 92 db 14 	sts	0x14DB, r1	; 0x8014db <AI_Curr_Offset+0x3>
    374c:	80 e0       	ldi	r24, 0x00	; 0
    374e:	90 e0       	ldi	r25, 0x00	; 0
    3750:	a0 e8       	ldi	r26, 0x80	; 128
    3752:	bf e3       	ldi	r27, 0x3F	; 63
    3754:	80 93 d4 14 	sts	0x14D4, r24	; 0x8014d4 <AI_Curr_Scale>
    3758:	90 93 d5 14 	sts	0x14D5, r25	; 0x8014d5 <AI_Curr_Scale+0x1>
    375c:	a0 93 d6 14 	sts	0x14D6, r26	; 0x8014d6 <AI_Curr_Scale+0x2>
    3760:	b0 93 d7 14 	sts	0x14D7, r27	; 0x8014d7 <AI_Curr_Scale+0x3>
    3764:	08 95       	ret

00003766 <EEPROM_Range_Cal_Get_Scale>:
    3766:	80 91 1a 14 	lds	r24, 0x141A	; 0x80141a <SysStatus_A>
    376a:	81 ff       	sbrs	r24, 1
    376c:	55 c0       	rjmp	.+170    	; 0x3818 <EEPROM_Range_Cal_Get_Scale+0xb2>
    376e:	80 91 e4 14 	lds	r24, 0x14E4	; 0x8014e4 <Range_Status_A>
    3772:	82 ff       	sbrs	r24, 2
    3774:	23 c0       	rjmp	.+70     	; 0x37bc <EEPROM_Range_Cal_Get_Scale+0x56>
    3776:	80 91 dd 14 	lds	r24, 0x14DD	; 0x8014dd <Range_Volt_ID_Act>
    377a:	81 11       	cpse	r24, r1
    377c:	03 c0       	rjmp	.+6      	; 0x3784 <EEPROM_Range_Cal_Get_Scale+0x1e>
    377e:	8c e7       	ldi	r24, 0x7C	; 124
    3780:	91 e0       	ldi	r25, 0x01	; 1
    3782:	49 c0       	rjmp	.+146    	; 0x3816 <EEPROM_Range_Cal_Get_Scale+0xb0>
    3784:	80 91 dd 14 	lds	r24, 0x14DD	; 0x8014dd <Range_Volt_ID_Act>
    3788:	81 30       	cpi	r24, 0x01	; 1
    378a:	19 f4       	brne	.+6      	; 0x3792 <EEPROM_Range_Cal_Get_Scale+0x2c>
    378c:	8c e6       	ldi	r24, 0x6C	; 108
    378e:	91 e0       	ldi	r25, 0x01	; 1
    3790:	42 c0       	rjmp	.+132    	; 0x3816 <EEPROM_Range_Cal_Get_Scale+0xb0>
    3792:	80 91 dd 14 	lds	r24, 0x14DD	; 0x8014dd <Range_Volt_ID_Act>
    3796:	82 30       	cpi	r24, 0x02	; 2
    3798:	19 f4       	brne	.+6      	; 0x37a0 <EEPROM_Range_Cal_Get_Scale+0x3a>
    379a:	8c e5       	ldi	r24, 0x5C	; 92
    379c:	91 e0       	ldi	r25, 0x01	; 1
    379e:	3b c0       	rjmp	.+118    	; 0x3816 <EEPROM_Range_Cal_Get_Scale+0xb0>
    37a0:	80 91 dd 14 	lds	r24, 0x14DD	; 0x8014dd <Range_Volt_ID_Act>
    37a4:	83 30       	cpi	r24, 0x03	; 3
    37a6:	19 f4       	brne	.+6      	; 0x37ae <EEPROM_Range_Cal_Get_Scale+0x48>
    37a8:	8c e4       	ldi	r24, 0x4C	; 76
    37aa:	91 e0       	ldi	r25, 0x01	; 1
    37ac:	34 c0       	rjmp	.+104    	; 0x3816 <EEPROM_Range_Cal_Get_Scale+0xb0>
    37ae:	80 91 dd 14 	lds	r24, 0x14DD	; 0x8014dd <Range_Volt_ID_Act>
    37b2:	84 30       	cpi	r24, 0x04	; 4
    37b4:	89 f5       	brne	.+98     	; 0x3818 <EEPROM_Range_Cal_Get_Scale+0xb2>
    37b6:	8c e3       	ldi	r24, 0x3C	; 60
    37b8:	91 e0       	ldi	r25, 0x01	; 1
    37ba:	2d c0       	rjmp	.+90     	; 0x3816 <EEPROM_Range_Cal_Get_Scale+0xb0>
    37bc:	80 91 e4 14 	lds	r24, 0x14E4	; 0x8014e4 <Range_Status_A>
    37c0:	83 ff       	sbrs	r24, 3
    37c2:	2a c0       	rjmp	.+84     	; 0x3818 <EEPROM_Range_Cal_Get_Scale+0xb2>
    37c4:	80 91 54 15 	lds	r24, 0x1554	; 0x801554 <Range_Curr_ID_Act>
    37c8:	81 11       	cpse	r24, r1
    37ca:	03 c0       	rjmp	.+6      	; 0x37d2 <EEPROM_Range_Cal_Get_Scale+0x6c>
    37cc:	8c e2       	ldi	r24, 0x2C	; 44
    37ce:	91 e0       	ldi	r25, 0x01	; 1
    37d0:	22 c0       	rjmp	.+68     	; 0x3816 <EEPROM_Range_Cal_Get_Scale+0xb0>
    37d2:	80 91 54 15 	lds	r24, 0x1554	; 0x801554 <Range_Curr_ID_Act>
    37d6:	81 30       	cpi	r24, 0x01	; 1
    37d8:	19 f4       	brne	.+6      	; 0x37e0 <EEPROM_Range_Cal_Get_Scale+0x7a>
    37da:	80 e2       	ldi	r24, 0x20	; 32
    37dc:	91 e0       	ldi	r25, 0x01	; 1
    37de:	1b c0       	rjmp	.+54     	; 0x3816 <EEPROM_Range_Cal_Get_Scale+0xb0>
    37e0:	80 91 54 15 	lds	r24, 0x1554	; 0x801554 <Range_Curr_ID_Act>
    37e4:	82 30       	cpi	r24, 0x02	; 2
    37e6:	19 f4       	brne	.+6      	; 0x37ee <EEPROM_Range_Cal_Get_Scale+0x88>
    37e8:	84 e1       	ldi	r24, 0x14	; 20
    37ea:	91 e0       	ldi	r25, 0x01	; 1
    37ec:	14 c0       	rjmp	.+40     	; 0x3816 <EEPROM_Range_Cal_Get_Scale+0xb0>
    37ee:	80 91 54 15 	lds	r24, 0x1554	; 0x801554 <Range_Curr_ID_Act>
    37f2:	83 30       	cpi	r24, 0x03	; 3
    37f4:	19 f4       	brne	.+6      	; 0x37fc <EEPROM_Range_Cal_Get_Scale+0x96>
    37f6:	88 e0       	ldi	r24, 0x08	; 8
    37f8:	91 e0       	ldi	r25, 0x01	; 1
    37fa:	0d c0       	rjmp	.+26     	; 0x3816 <EEPROM_Range_Cal_Get_Scale+0xb0>
    37fc:	80 91 54 15 	lds	r24, 0x1554	; 0x801554 <Range_Curr_ID_Act>
    3800:	84 30       	cpi	r24, 0x04	; 4
    3802:	19 f4       	brne	.+6      	; 0x380a <EEPROM_Range_Cal_Get_Scale+0xa4>
    3804:	8c ef       	ldi	r24, 0xFC	; 252
    3806:	90 e0       	ldi	r25, 0x00	; 0
    3808:	06 c0       	rjmp	.+12     	; 0x3816 <EEPROM_Range_Cal_Get_Scale+0xb0>
    380a:	80 91 54 15 	lds	r24, 0x1554	; 0x801554 <Range_Curr_ID_Act>
    380e:	85 30       	cpi	r24, 0x05	; 5
    3810:	19 f4       	brne	.+6      	; 0x3818 <EEPROM_Range_Cal_Get_Scale+0xb2>
    3812:	80 ef       	ldi	r24, 0xF0	; 240
    3814:	90 e0       	ldi	r25, 0x00	; 0
    3816:	9d cd       	rjmp	.-1222   	; 0x3352 <EEPROM_READ_FLOAT>
    3818:	60 e0       	ldi	r22, 0x00	; 0
    381a:	70 e0       	ldi	r23, 0x00	; 0
    381c:	80 e8       	ldi	r24, 0x80	; 128
    381e:	9f eb       	ldi	r25, 0xBF	; 191
    3820:	08 95       	ret

00003822 <EEPROM_Range_Cal_Get_Offset>:
    3822:	80 91 1a 14 	lds	r24, 0x141A	; 0x80141a <SysStatus_A>
    3826:	81 ff       	sbrs	r24, 1
    3828:	55 c0       	rjmp	.+170    	; 0x38d4 <EEPROM_Range_Cal_Get_Offset+0xb2>
    382a:	80 91 e4 14 	lds	r24, 0x14E4	; 0x8014e4 <Range_Status_A>
    382e:	82 ff       	sbrs	r24, 2
    3830:	23 c0       	rjmp	.+70     	; 0x3878 <EEPROM_Range_Cal_Get_Offset+0x56>
    3832:	80 91 dd 14 	lds	r24, 0x14DD	; 0x8014dd <Range_Volt_ID_Act>
    3836:	81 11       	cpse	r24, r1
    3838:	03 c0       	rjmp	.+6      	; 0x3840 <EEPROM_Range_Cal_Get_Offset+0x1e>
    383a:	80 e8       	ldi	r24, 0x80	; 128
    383c:	91 e0       	ldi	r25, 0x01	; 1
    383e:	49 c0       	rjmp	.+146    	; 0x38d2 <EEPROM_Range_Cal_Get_Offset+0xb0>
    3840:	80 91 dd 14 	lds	r24, 0x14DD	; 0x8014dd <Range_Volt_ID_Act>
    3844:	81 30       	cpi	r24, 0x01	; 1
    3846:	19 f4       	brne	.+6      	; 0x384e <EEPROM_Range_Cal_Get_Offset+0x2c>
    3848:	80 e7       	ldi	r24, 0x70	; 112
    384a:	91 e0       	ldi	r25, 0x01	; 1
    384c:	42 c0       	rjmp	.+132    	; 0x38d2 <EEPROM_Range_Cal_Get_Offset+0xb0>
    384e:	80 91 dd 14 	lds	r24, 0x14DD	; 0x8014dd <Range_Volt_ID_Act>
    3852:	82 30       	cpi	r24, 0x02	; 2
    3854:	19 f4       	brne	.+6      	; 0x385c <EEPROM_Range_Cal_Get_Offset+0x3a>
    3856:	80 e6       	ldi	r24, 0x60	; 96
    3858:	91 e0       	ldi	r25, 0x01	; 1
    385a:	3b c0       	rjmp	.+118    	; 0x38d2 <EEPROM_Range_Cal_Get_Offset+0xb0>
    385c:	80 91 dd 14 	lds	r24, 0x14DD	; 0x8014dd <Range_Volt_ID_Act>
    3860:	83 30       	cpi	r24, 0x03	; 3
    3862:	19 f4       	brne	.+6      	; 0x386a <EEPROM_Range_Cal_Get_Offset+0x48>
    3864:	80 e5       	ldi	r24, 0x50	; 80
    3866:	91 e0       	ldi	r25, 0x01	; 1
    3868:	34 c0       	rjmp	.+104    	; 0x38d2 <EEPROM_Range_Cal_Get_Offset+0xb0>
    386a:	80 91 dd 14 	lds	r24, 0x14DD	; 0x8014dd <Range_Volt_ID_Act>
    386e:	84 30       	cpi	r24, 0x04	; 4
    3870:	89 f5       	brne	.+98     	; 0x38d4 <EEPROM_Range_Cal_Get_Offset+0xb2>
    3872:	80 e4       	ldi	r24, 0x40	; 64
    3874:	91 e0       	ldi	r25, 0x01	; 1
    3876:	2d c0       	rjmp	.+90     	; 0x38d2 <EEPROM_Range_Cal_Get_Offset+0xb0>
    3878:	80 91 e4 14 	lds	r24, 0x14E4	; 0x8014e4 <Range_Status_A>
    387c:	83 ff       	sbrs	r24, 3
    387e:	2a c0       	rjmp	.+84     	; 0x38d4 <EEPROM_Range_Cal_Get_Offset+0xb2>
    3880:	80 91 54 15 	lds	r24, 0x1554	; 0x801554 <Range_Curr_ID_Act>
    3884:	81 11       	cpse	r24, r1
    3886:	03 c0       	rjmp	.+6      	; 0x388e <EEPROM_Range_Cal_Get_Offset+0x6c>
    3888:	80 e3       	ldi	r24, 0x30	; 48
    388a:	91 e0       	ldi	r25, 0x01	; 1
    388c:	22 c0       	rjmp	.+68     	; 0x38d2 <EEPROM_Range_Cal_Get_Offset+0xb0>
    388e:	80 91 54 15 	lds	r24, 0x1554	; 0x801554 <Range_Curr_ID_Act>
    3892:	81 30       	cpi	r24, 0x01	; 1
    3894:	19 f4       	brne	.+6      	; 0x389c <EEPROM_Range_Cal_Get_Offset+0x7a>
    3896:	84 e2       	ldi	r24, 0x24	; 36
    3898:	91 e0       	ldi	r25, 0x01	; 1
    389a:	1b c0       	rjmp	.+54     	; 0x38d2 <EEPROM_Range_Cal_Get_Offset+0xb0>
    389c:	80 91 54 15 	lds	r24, 0x1554	; 0x801554 <Range_Curr_ID_Act>
    38a0:	82 30       	cpi	r24, 0x02	; 2
    38a2:	19 f4       	brne	.+6      	; 0x38aa <EEPROM_Range_Cal_Get_Offset+0x88>
    38a4:	88 e1       	ldi	r24, 0x18	; 24
    38a6:	91 e0       	ldi	r25, 0x01	; 1
    38a8:	14 c0       	rjmp	.+40     	; 0x38d2 <EEPROM_Range_Cal_Get_Offset+0xb0>
    38aa:	80 91 54 15 	lds	r24, 0x1554	; 0x801554 <Range_Curr_ID_Act>
    38ae:	83 30       	cpi	r24, 0x03	; 3
    38b0:	19 f4       	brne	.+6      	; 0x38b8 <EEPROM_Range_Cal_Get_Offset+0x96>
    38b2:	8c e0       	ldi	r24, 0x0C	; 12
    38b4:	91 e0       	ldi	r25, 0x01	; 1
    38b6:	0d c0       	rjmp	.+26     	; 0x38d2 <EEPROM_Range_Cal_Get_Offset+0xb0>
    38b8:	80 91 54 15 	lds	r24, 0x1554	; 0x801554 <Range_Curr_ID_Act>
    38bc:	84 30       	cpi	r24, 0x04	; 4
    38be:	19 f4       	brne	.+6      	; 0x38c6 <EEPROM_Range_Cal_Get_Offset+0xa4>
    38c0:	80 e0       	ldi	r24, 0x00	; 0
    38c2:	91 e0       	ldi	r25, 0x01	; 1
    38c4:	06 c0       	rjmp	.+12     	; 0x38d2 <EEPROM_Range_Cal_Get_Offset+0xb0>
    38c6:	80 91 54 15 	lds	r24, 0x1554	; 0x801554 <Range_Curr_ID_Act>
    38ca:	85 30       	cpi	r24, 0x05	; 5
    38cc:	19 f4       	brne	.+6      	; 0x38d4 <EEPROM_Range_Cal_Get_Offset+0xb2>
    38ce:	84 ef       	ldi	r24, 0xF4	; 244
    38d0:	90 e0       	ldi	r25, 0x00	; 0
    38d2:	3f cd       	rjmp	.-1410   	; 0x3352 <EEPROM_READ_FLOAT>
    38d4:	60 e0       	ldi	r22, 0x00	; 0
    38d6:	70 e0       	ldi	r23, 0x00	; 0
    38d8:	80 e8       	ldi	r24, 0x80	; 128
    38da:	9f eb       	ldi	r25, 0xBF	; 191
    38dc:	08 95       	ret

000038de <EEPROM_READ_UINT16>:
    38de:	cf 93       	push	r28
    38e0:	df 93       	push	r29
    38e2:	00 d0       	rcall	.+0      	; 0x38e4 <EEPROM_READ_UINT16+0x6>
    38e4:	cd b7       	in	r28, 0x3d	; 61
    38e6:	de b7       	in	r29, 0x3e	; 62
    38e8:	42 e0       	ldi	r20, 0x02	; 2
    38ea:	50 e0       	ldi	r21, 0x00	; 0
    38ec:	bc 01       	movw	r22, r24
    38ee:	ce 01       	movw	r24, r28
    38f0:	01 96       	adiw	r24, 0x01	; 1
    38f2:	0e 94 35 4d 	call	0x9a6a	; 0x9a6a <eeprom_read_block>
    38f6:	89 81       	ldd	r24, Y+1	; 0x01
    38f8:	9a 81       	ldd	r25, Y+2	; 0x02
    38fa:	0f 90       	pop	r0
    38fc:	0f 90       	pop	r0
    38fe:	df 91       	pop	r29
    3900:	cf 91       	pop	r28
    3902:	08 95       	ret

00003904 <EEROM_LOAD_TIMER_1_CM>:
    3904:	80 91 2a 14 	lds	r24, 0x142A	; 0x80142a <EEMEM_Written>
    3908:	85 3a       	cpi	r24, 0xA5	; 165
    390a:	19 f4       	brne	.+6      	; 0x3912 <EEROM_LOAD_TIMER_1_CM+0xe>
    390c:	8b e5       	ldi	r24, 0x5B	; 91
    390e:	90 e0       	ldi	r25, 0x00	; 0
    3910:	e6 cf       	rjmp	.-52     	; 0x38de <EEPROM_READ_UINT16>
    3912:	81 ee       	ldi	r24, 0xE1	; 225
    3914:	94 e0       	ldi	r25, 0x04	; 4
    3916:	08 95       	ret

00003918 <EEPROM_READ_INT32>:
    3918:	cf 93       	push	r28
    391a:	df 93       	push	r29
    391c:	00 d0       	rcall	.+0      	; 0x391e <EEPROM_READ_INT32+0x6>
    391e:	00 d0       	rcall	.+0      	; 0x3920 <EEPROM_READ_INT32+0x8>
    3920:	cd b7       	in	r28, 0x3d	; 61
    3922:	de b7       	in	r29, 0x3e	; 62
    3924:	44 e0       	ldi	r20, 0x04	; 4
    3926:	50 e0       	ldi	r21, 0x00	; 0
    3928:	bc 01       	movw	r22, r24
    392a:	ce 01       	movw	r24, r28
    392c:	01 96       	adiw	r24, 0x01	; 1
    392e:	0e 94 35 4d 	call	0x9a6a	; 0x9a6a <eeprom_read_block>
    3932:	69 81       	ldd	r22, Y+1	; 0x01
    3934:	7a 81       	ldd	r23, Y+2	; 0x02
    3936:	8b 81       	ldd	r24, Y+3	; 0x03
    3938:	9c 81       	ldd	r25, Y+4	; 0x04
    393a:	0f 90       	pop	r0
    393c:	0f 90       	pop	r0
    393e:	0f 90       	pop	r0
    3940:	0f 90       	pop	r0
    3942:	df 91       	pop	r29
    3944:	cf 91       	pop	r28
    3946:	08 95       	ret

00003948 <EEPROM_READ_STRING>:
    3948:	cf 92       	push	r12
    394a:	df 92       	push	r13
    394c:	ef 92       	push	r14
    394e:	ff 92       	push	r15
    3950:	0f 93       	push	r16
    3952:	1f 93       	push	r17
    3954:	cf 93       	push	r28
    3956:	df 93       	push	r29
    3958:	cd b7       	in	r28, 0x3d	; 61
    395a:	de b7       	in	r29, 0x3e	; 62
    395c:	6c 01       	movw	r12, r24
    395e:	ed b6       	in	r14, 0x3d	; 61
    3960:	fe b6       	in	r15, 0x3e	; 62
    3962:	50 e0       	ldi	r21, 0x00	; 0
    3964:	8d b7       	in	r24, 0x3d	; 61
    3966:	9e b7       	in	r25, 0x3e	; 62
    3968:	84 1b       	sub	r24, r20
    396a:	95 0b       	sbc	r25, r21
    396c:	0f b6       	in	r0, 0x3f	; 63
    396e:	f8 94       	cli
    3970:	9e bf       	out	0x3e, r25	; 62
    3972:	0f be       	out	0x3f, r0	; 63
    3974:	8d bf       	out	0x3d, r24	; 61
    3976:	0d b7       	in	r16, 0x3d	; 61
    3978:	1e b7       	in	r17, 0x3e	; 62
    397a:	0f 5f       	subi	r16, 0xFF	; 255
    397c:	1f 4f       	sbci	r17, 0xFF	; 255
    397e:	c8 01       	movw	r24, r16
    3980:	0e 94 35 4d 	call	0x9a6a	; 0x9a6a <eeprom_read_block>
    3984:	b8 01       	movw	r22, r16
    3986:	c6 01       	movw	r24, r12
    3988:	0e 94 09 0c 	call	0x1812	; 0x1812 <Copy_String>
    398c:	0f b6       	in	r0, 0x3f	; 63
    398e:	f8 94       	cli
    3990:	fe be       	out	0x3e, r15	; 62
    3992:	0f be       	out	0x3f, r0	; 63
    3994:	ed be       	out	0x3d, r14	; 61
    3996:	df 91       	pop	r29
    3998:	cf 91       	pop	r28
    399a:	1f 91       	pop	r17
    399c:	0f 91       	pop	r16
    399e:	ff 90       	pop	r15
    39a0:	ef 90       	pop	r14
    39a2:	df 90       	pop	r13
    39a4:	cf 90       	pop	r12
    39a6:	08 95       	ret

000039a8 <EEPROM_LOAD_VAL_CONFIG>:
    39a8:	4f 92       	push	r4
    39aa:	5f 92       	push	r5
    39ac:	6f 92       	push	r6
    39ae:	7f 92       	push	r7
    39b0:	8f 92       	push	r8
    39b2:	9f 92       	push	r9
    39b4:	af 92       	push	r10
    39b6:	bf 92       	push	r11
    39b8:	cf 92       	push	r12
    39ba:	df 92       	push	r13
    39bc:	ef 92       	push	r14
    39be:	ff 92       	push	r15
    39c0:	0f 93       	push	r16
    39c2:	1f 93       	push	r17
    39c4:	cf 93       	push	r28
    39c6:	df 93       	push	r29
    39c8:	80 e1       	ldi	r24, 0x10	; 16
    39ca:	90 e0       	ldi	r25, 0x00	; 0
    39cc:	0e 94 45 4d 	call	0x9a8a	; 0x9a8a <eeprom_read_byte>
    39d0:	80 93 2a 14 	sts	0x142A, r24	; 0x80142a <EEMEM_Written>
    39d4:	80 91 2a 14 	lds	r24, 0x142A	; 0x80142a <EEMEM_Written>
    39d8:	85 3a       	cpi	r24, 0xA5	; 165
    39da:	09 f0       	breq	.+2      	; 0x39de <EEPROM_LOAD_VAL_CONFIG+0x36>
    39dc:	da c2       	rjmp	.+1460   	; 0x3f92 <EEPROM_LOAD_VAL_CONFIG+0x5ea>
    39de:	45 e1       	ldi	r20, 0x15	; 21
    39e0:	63 ed       	ldi	r22, 0xD3	; 211
    39e2:	70 e0       	ldi	r23, 0x00	; 0
    39e4:	85 e3       	ldi	r24, 0x35	; 53
    39e6:	94 e1       	ldi	r25, 0x14	; 20
    39e8:	af df       	rcall	.-162    	; 0x3948 <EEPROM_READ_STRING>
    39ea:	88 e5       	ldi	r24, 0x58	; 88
    39ec:	90 e0       	ldi	r25, 0x00	; 0
    39ee:	0e 94 45 4d 	call	0x9a8a	; 0x9a8a <eeprom_read_byte>
    39f2:	80 93 21 14 	sts	0x1421, r24	; 0x801421 <SysConfig>
    39f6:	86 e5       	ldi	r24, 0x56	; 86
    39f8:	90 e0       	ldi	r25, 0x00	; 0
    39fa:	0e 94 45 4d 	call	0x9a8a	; 0x9a8a <eeprom_read_byte>
    39fe:	80 93 19 14 	sts	0x1419, r24	; 0x801419 <Temp_Sensor_Type>
    3a02:	88 ee       	ldi	r24, 0xE8	; 232
    3a04:	90 e0       	ldi	r25, 0x00	; 0
    3a06:	88 df       	rcall	.-240    	; 0x3918 <EEPROM_READ_INT32>
    3a08:	60 93 93 14 	sts	0x1493, r22	; 0x801493 <F_CPU_CAL>
    3a0c:	70 93 94 14 	sts	0x1494, r23	; 0x801494 <F_CPU_CAL+0x1>
    3a10:	80 93 95 14 	sts	0x1495, r24	; 0x801495 <F_CPU_CAL+0x2>
    3a14:	90 93 96 14 	sts	0x1496, r25	; 0x801496 <F_CPU_CAL+0x3>
    3a18:	8a e5       	ldi	r24, 0x5A	; 90
    3a1a:	90 e0       	ldi	r25, 0x00	; 0
    3a1c:	0e 94 45 4d 	call	0x9a8a	; 0x9a8a <eeprom_read_byte>
    3a20:	80 93 28 14 	sts	0x1428, r24	; 0x801428 <Timer_Control_Match>
    3a24:	89 e5       	ldi	r24, 0x59	; 89
    3a26:	90 e0       	ldi	r25, 0x00	; 0
    3a28:	0e 94 45 4d 	call	0x9a8a	; 0x9a8a <eeprom_read_byte>
    3a2c:	80 93 22 14 	sts	0x1422, r24	; 0x801422 <Timer_Temp_Meas_Match>
    3a30:	8d e0       	ldi	r24, 0x0D	; 13
    3a32:	90 e0       	ldi	r25, 0x00	; 0
    3a34:	0e 94 45 4d 	call	0x9a8a	; 0x9a8a <eeprom_read_byte>
    3a38:	80 93 af 06 	sts	0x06AF, r24	; 0x8006af <IV_Meas_Points>
    3a3c:	8f e4       	ldi	r24, 0x4F	; 79
    3a3e:	90 e0       	ldi	r25, 0x00	; 0
    3a40:	4e df       	rcall	.-356    	; 0x38de <EEPROM_READ_UINT16>
    3a42:	90 93 85 10 	sts	0x1085, r25	; 0x801085 <ADC_Num_Avr_VoltCurr+0x1>
    3a46:	80 93 84 10 	sts	0x1084, r24	; 0x801084 <ADC_Num_Avr_VoltCurr>
    3a4a:	8e e4       	ldi	r24, 0x4E	; 78
    3a4c:	90 e0       	ldi	r25, 0x00	; 0
    3a4e:	0e 94 45 4d 	call	0x9a8a	; 0x9a8a <eeprom_read_byte>
    3a52:	80 93 08 14 	sts	0x1408, r24	; 0x801408 <ADC_Cycl_Avr_VoltCurr>
    3a56:	8d e4       	ldi	r24, 0x4D	; 77
    3a58:	90 e0       	ldi	r25, 0x00	; 0
    3a5a:	0e 94 45 4d 	call	0x9a8a	; 0x9a8a <eeprom_read_byte>
    3a5e:	80 93 40 12 	sts	0x1240, r24	; 0x801240 <ADC_Num_Avr_Other>
    3a62:	8e e8       	ldi	r24, 0x8E	; 142
    3a64:	91 e0       	ldi	r25, 0x01	; 1
    3a66:	0e 94 45 4d 	call	0x9a8a	; 0x9a8a <eeprom_read_byte>
    3a6a:	80 93 e4 14 	sts	0x14E4, r24	; 0x8014e4 <Range_Status_A>
    3a6e:	8d e8       	ldi	r24, 0x8D	; 141
    3a70:	91 e0       	ldi	r25, 0x01	; 1
    3a72:	0e 94 45 4d 	call	0x9a8a	; 0x9a8a <eeprom_read_byte>
    3a76:	80 93 08 15 	sts	0x1508, r24	; 0x801508 <Range_Volt_ID_Man>
    3a7a:	8c e8       	ldi	r24, 0x8C	; 140
    3a7c:	91 e0       	ldi	r25, 0x01	; 1
    3a7e:	0e 94 45 4d 	call	0x9a8a	; 0x9a8a <eeprom_read_byte>
    3a82:	80 93 0a 15 	sts	0x150A, r24	; 0x80150a <Range_Curr_ID_Man>
    3a86:	8b e8       	ldi	r24, 0x8B	; 139
    3a88:	91 e0       	ldi	r25, 0x01	; 1
    3a8a:	0e 94 45 4d 	call	0x9a8a	; 0x9a8a <eeprom_read_byte>
    3a8e:	80 93 3e 15 	sts	0x153E, r24	; 0x80153e <Range_Volt_Enable>
    3a92:	8a e8       	ldi	r24, 0x8A	; 138
    3a94:	91 e0       	ldi	r25, 0x01	; 1
    3a96:	0e 94 45 4d 	call	0x9a8a	; 0x9a8a <eeprom_read_byte>
    3a9a:	80 93 ff 14 	sts	0x14FF, r24	; 0x8014ff <Range_Curr_Enable>
    3a9e:	86 e8       	ldi	r24, 0x86	; 134
    3aa0:	91 e0       	ldi	r25, 0x01	; 1
    3aa2:	1d df       	rcall	.-454    	; 0x38de <EEPROM_READ_UINT16>
    3aa4:	90 93 57 15 	sts	0x1557, r25	; 0x801557 <Range_Volt_Switch_Freq_Ctr_Max+0x1>
    3aa8:	80 93 56 15 	sts	0x1556, r24	; 0x801556 <Range_Volt_Switch_Freq_Ctr_Max>
    3aac:	88 e8       	ldi	r24, 0x88	; 136
    3aae:	91 e0       	ldi	r25, 0x01	; 1
    3ab0:	16 df       	rcall	.-468    	; 0x38de <EEPROM_READ_UINT16>
    3ab2:	90 93 e6 14 	sts	0x14E6, r25	; 0x8014e6 <Range_Curr_Switch_Freq_Ctr_Max+0x1>
    3ab6:	80 93 e5 14 	sts	0x14E5, r24	; 0x8014e5 <Range_Curr_Switch_Freq_Ctr_Max>
    3aba:	84 e8       	ldi	r24, 0x84	; 132
    3abc:	91 e0       	ldi	r25, 0x01	; 1
    3abe:	0e 94 45 4d 	call	0x9a8a	; 0x9a8a <eeprom_read_byte>
    3ac2:	80 93 09 15 	sts	0x1509, r24	; 0x801509 <Range_Volt_Switch_Delay_Ctr_Max>
    3ac6:	85 e8       	ldi	r24, 0x85	; 133
    3ac8:	91 e0       	ldi	r25, 0x01	; 1
    3aca:	0e 94 45 4d 	call	0x9a8a	; 0x9a8a <eeprom_read_byte>
    3ace:	80 93 29 15 	sts	0x1529, r24	; 0x801529 <Range_Curr_Switch_Delay_Ctr_Max>
    3ad2:	8c e0       	ldi	r24, 0x0C	; 12
    3ad4:	90 e0       	ldi	r25, 0x00	; 0
    3ad6:	0e 94 45 4d 	call	0x9a8a	; 0x9a8a <eeprom_read_byte>
    3ada:	80 93 be 02 	sts	0x02BE, r24	; 0x8002be <IV_Mode>
    3ade:	88 e0       	ldi	r24, 0x08	; 8
    3ae0:	90 e0       	ldi	r25, 0x00	; 0
    3ae2:	37 dc       	rcall	.-1938   	; 0x3352 <EEPROM_READ_FLOAT>
    3ae4:	60 93 a6 02 	sts	0x02A6, r22	; 0x8002a6 <IV_Cos_Max_Phase>
    3ae8:	70 93 a7 02 	sts	0x02A7, r23	; 0x8002a7 <IV_Cos_Max_Phase+0x1>
    3aec:	80 93 a8 02 	sts	0x02A8, r24	; 0x8002a8 <IV_Cos_Max_Phase+0x2>
    3af0:	90 93 a9 02 	sts	0x02A9, r25	; 0x8002a9 <IV_Cos_Max_Phase+0x3>
    3af4:	84 e0       	ldi	r24, 0x04	; 4
    3af6:	90 e0       	ldi	r25, 0x00	; 0
    3af8:	2c dc       	rcall	.-1960   	; 0x3352 <EEPROM_READ_FLOAT>
    3afa:	60 93 a1 0a 	sts	0x0AA1, r22	; 0x800aa1 <IV_Voc_Overshoot_Fact>
    3afe:	70 93 a2 0a 	sts	0x0AA2, r23	; 0x800aa2 <IV_Voc_Overshoot_Fact+0x1>
    3b02:	80 93 a3 0a 	sts	0x0AA3, r24	; 0x800aa3 <IV_Voc_Overshoot_Fact+0x2>
    3b06:	90 93 a4 0a 	sts	0x0AA4, r25	; 0x800aa4 <IV_Voc_Overshoot_Fact+0x3>
    3b0a:	81 e0       	ldi	r24, 0x01	; 1
    3b0c:	90 e0       	ldi	r25, 0x00	; 0
    3b0e:	0e 94 45 4d 	call	0x9a8a	; 0x9a8a <eeprom_read_byte>
    3b12:	80 93 b9 02 	sts	0x02B9, r24	; 0x8002b9 <IV_Point_Meas_Nu_AVR_Sets>
    3b16:	80 e0       	ldi	r24, 0x00	; 0
    3b18:	90 e0       	ldi	r25, 0x00	; 0
    3b1a:	0e 94 45 4d 	call	0x9a8a	; 0x9a8a <eeprom_read_byte>
    3b1e:	80 93 aa 02 	sts	0x02AA, r24	; 0x8002aa <IV_Point_Meas_Nu_AVR_VoltCurr>
    3b22:	82 e0       	ldi	r24, 0x02	; 2
    3b24:	90 e0       	ldi	r25, 0x00	; 0
    3b26:	db de       	rcall	.-586    	; 0x38de <EEPROM_READ_UINT16>
    3b28:	90 93 b1 02 	sts	0x02B1, r25	; 0x8002b1 <IV_Point_Set_Delay_ms+0x1>
    3b2c:	80 93 b0 02 	sts	0x02B0, r24	; 0x8002b0 <IV_Point_Set_Delay_ms>
    3b30:	8f e0       	ldi	r24, 0x0F	; 15
    3b32:	90 e0       	ldi	r25, 0x00	; 0
    3b34:	0e 94 45 4d 	call	0x9a8a	; 0x9a8a <eeprom_read_byte>
    3b38:	80 93 92 0e 	sts	0x0E92, r24	; 0x800e92 <PI_CTR_Prop_ID_Man>
    3b3c:	8e e0       	ldi	r24, 0x0E	; 14
    3b3e:	90 e0       	ldi	r25, 0x00	; 0
    3b40:	0e 94 45 4d 	call	0x9a8a	; 0x9a8a <eeprom_read_byte>
    3b44:	80 93 93 0e 	sts	0x0E93, r24	; 0x800e93 <PI_CTR_Int_ID_Man>
    3b48:	89 e4       	ldi	r24, 0x49	; 73
    3b4a:	90 e0       	ldi	r25, 0x00	; 0
    3b4c:	02 dc       	rcall	.-2044   	; 0x3352 <EEPROM_READ_FLOAT>
    3b4e:	60 93 f3 13 	sts	0x13F3, r22	; 0x8013f3 <CAL_Bias_A0>
    3b52:	70 93 f4 13 	sts	0x13F4, r23	; 0x8013f4 <CAL_Bias_A0+0x1>
    3b56:	80 93 f5 13 	sts	0x13F5, r24	; 0x8013f5 <CAL_Bias_A0+0x2>
    3b5a:	90 93 f6 13 	sts	0x13F6, r25	; 0x8013f6 <CAL_Bias_A0+0x3>
    3b5e:	85 e4       	ldi	r24, 0x45	; 69
    3b60:	90 e0       	ldi	r25, 0x00	; 0
    3b62:	f7 db       	rcall	.-2066   	; 0x3352 <EEPROM_READ_FLOAT>
    3b64:	60 93 3b 12 	sts	0x123B, r22	; 0x80123b <CAL_Bias_A1>
    3b68:	70 93 3c 12 	sts	0x123C, r23	; 0x80123c <CAL_Bias_A1+0x1>
    3b6c:	80 93 3d 12 	sts	0x123D, r24	; 0x80123d <CAL_Bias_A1+0x2>
    3b70:	90 93 3e 12 	sts	0x123E, r25	; 0x80123e <CAL_Bias_A1+0x3>
    3b74:	81 e4       	ldi	r24, 0x41	; 65
    3b76:	90 e0       	ldi	r25, 0x00	; 0
    3b78:	ec db       	rcall	.-2088   	; 0x3352 <EEPROM_READ_FLOAT>
    3b7a:	60 93 5a 12 	sts	0x125A, r22	; 0x80125a <CAL_RTD_A0>
    3b7e:	70 93 5b 12 	sts	0x125B, r23	; 0x80125b <CAL_RTD_A0+0x1>
    3b82:	80 93 5c 12 	sts	0x125C, r24	; 0x80125c <CAL_RTD_A0+0x2>
    3b86:	90 93 5d 12 	sts	0x125D, r25	; 0x80125d <CAL_RTD_A0+0x3>
    3b8a:	8d e3       	ldi	r24, 0x3D	; 61
    3b8c:	90 e0       	ldi	r25, 0x00	; 0
    3b8e:	e1 db       	rcall	.-2110   	; 0x3352 <EEPROM_READ_FLOAT>
    3b90:	60 93 37 12 	sts	0x1237, r22	; 0x801237 <CAL_RTD_A1>
    3b94:	70 93 38 12 	sts	0x1238, r23	; 0x801238 <CAL_RTD_A1+0x1>
    3b98:	80 93 39 12 	sts	0x1239, r24	; 0x801239 <CAL_RTD_A1+0x2>
    3b9c:	90 93 3a 12 	sts	0x123A, r25	; 0x80123a <CAL_RTD_A1+0x3>
    3ba0:	89 e3       	ldi	r24, 0x39	; 57
    3ba2:	90 e0       	ldi	r25, 0x00	; 0
    3ba4:	d6 db       	rcall	.-2132   	; 0x3352 <EEPROM_READ_FLOAT>
    3ba6:	60 93 f7 13 	sts	0x13F7, r22	; 0x8013f7 <CAL_RTD_A2>
    3baa:	70 93 f8 13 	sts	0x13F8, r23	; 0x8013f8 <CAL_RTD_A2+0x1>
    3bae:	80 93 f9 13 	sts	0x13F9, r24	; 0x8013f9 <CAL_RTD_A2+0x2>
    3bb2:	90 93 fa 13 	sts	0x13FA, r25	; 0x8013fa <CAL_RTD_A2+0x3>
    3bb6:	85 e3       	ldi	r24, 0x35	; 53
    3bb8:	90 e0       	ldi	r25, 0x00	; 0
    3bba:	cb db       	rcall	.-2154   	; 0x3352 <EEPROM_READ_FLOAT>
    3bbc:	60 93 11 14 	sts	0x1411, r22	; 0x801411 <CAL_NTC_1_InvGain>
    3bc0:	70 93 12 14 	sts	0x1412, r23	; 0x801412 <CAL_NTC_1_InvGain+0x1>
    3bc4:	80 93 13 14 	sts	0x1413, r24	; 0x801413 <CAL_NTC_1_InvGain+0x2>
    3bc8:	90 93 14 14 	sts	0x1414, r25	; 0x801414 <CAL_NTC_1_InvGain+0x3>
    3bcc:	81 e3       	ldi	r24, 0x31	; 49
    3bce:	90 e0       	ldi	r25, 0x00	; 0
    3bd0:	c0 db       	rcall	.-2176   	; 0x3352 <EEPROM_READ_FLOAT>
    3bd2:	60 93 04 14 	sts	0x1404, r22	; 0x801404 <CAL_NTC_1_RSer>
    3bd6:	70 93 05 14 	sts	0x1405, r23	; 0x801405 <CAL_NTC_1_RSer+0x1>
    3bda:	80 93 06 14 	sts	0x1406, r24	; 0x801406 <CAL_NTC_1_RSer+0x2>
    3bde:	90 93 07 14 	sts	0x1407, r25	; 0x801407 <CAL_NTC_1_RSer+0x3>
    3be2:	8d e2       	ldi	r24, 0x2D	; 45
    3be4:	90 e0       	ldi	r25, 0x00	; 0
    3be6:	b5 db       	rcall	.-2198   	; 0x3352 <EEPROM_READ_FLOAT>
    3be8:	60 93 86 10 	sts	0x1086, r22	; 0x801086 <CAL_NTC_1_InvR25>
    3bec:	70 93 87 10 	sts	0x1087, r23	; 0x801087 <CAL_NTC_1_InvR25+0x1>
    3bf0:	80 93 88 10 	sts	0x1088, r24	; 0x801088 <CAL_NTC_1_InvR25+0x2>
    3bf4:	90 93 89 10 	sts	0x1089, r25	; 0x801089 <CAL_NTC_1_InvR25+0x3>
    3bf8:	89 e2       	ldi	r24, 0x29	; 41
    3bfa:	90 e0       	ldi	r25, 0x00	; 0
    3bfc:	aa db       	rcall	.-2220   	; 0x3352 <EEPROM_READ_FLOAT>
    3bfe:	60 93 fc 13 	sts	0x13FC, r22	; 0x8013fc <CAL_NTC_1_InvBeta>
    3c02:	70 93 fd 13 	sts	0x13FD, r23	; 0x8013fd <CAL_NTC_1_InvBeta+0x1>
    3c06:	80 93 fe 13 	sts	0x13FE, r24	; 0x8013fe <CAL_NTC_1_InvBeta+0x2>
    3c0a:	90 93 ff 13 	sts	0x13FF, r25	; 0x8013ff <CAL_NTC_1_InvBeta+0x3>
    3c0e:	85 e2       	ldi	r24, 0x25	; 37
    3c10:	90 e0       	ldi	r25, 0x00	; 0
    3c12:	9f db       	rcall	.-2242   	; 0x3352 <EEPROM_READ_FLOAT>
    3c14:	60 93 15 14 	sts	0x1415, r22	; 0x801415 <CAL_NTC_2_InvGain>
    3c18:	70 93 16 14 	sts	0x1416, r23	; 0x801416 <CAL_NTC_2_InvGain+0x1>
    3c1c:	80 93 17 14 	sts	0x1417, r24	; 0x801417 <CAL_NTC_2_InvGain+0x2>
    3c20:	90 93 18 14 	sts	0x1418, r25	; 0x801418 <CAL_NTC_2_InvGain+0x3>
    3c24:	81 e2       	ldi	r24, 0x21	; 33
    3c26:	90 e0       	ldi	r25, 0x00	; 0
    3c28:	94 db       	rcall	.-2264   	; 0x3352 <EEPROM_READ_FLOAT>
    3c2a:	60 93 97 10 	sts	0x1097, r22	; 0x801097 <CAL_NTC_2_RSer>
    3c2e:	70 93 98 10 	sts	0x1098, r23	; 0x801098 <CAL_NTC_2_RSer+0x1>
    3c32:	80 93 99 10 	sts	0x1099, r24	; 0x801099 <CAL_NTC_2_RSer+0x2>
    3c36:	90 93 9a 10 	sts	0x109A, r25	; 0x80109a <CAL_NTC_2_RSer+0x3>
    3c3a:	8d e1       	ldi	r24, 0x1D	; 29
    3c3c:	90 e0       	ldi	r25, 0x00	; 0
    3c3e:	89 db       	rcall	.-2286   	; 0x3352 <EEPROM_READ_FLOAT>
    3c40:	60 93 56 12 	sts	0x1256, r22	; 0x801256 <CAL_NTC_2_InvR25>
    3c44:	70 93 57 12 	sts	0x1257, r23	; 0x801257 <CAL_NTC_2_InvR25+0x1>
    3c48:	80 93 58 12 	sts	0x1258, r24	; 0x801258 <CAL_NTC_2_InvR25+0x2>
    3c4c:	90 93 59 12 	sts	0x1259, r25	; 0x801259 <CAL_NTC_2_InvR25+0x3>
    3c50:	89 e1       	ldi	r24, 0x19	; 25
    3c52:	90 e0       	ldi	r25, 0x00	; 0
    3c54:	7e db       	rcall	.-2308   	; 0x3352 <EEPROM_READ_FLOAT>
    3c56:	60 93 4a 12 	sts	0x124A, r22	; 0x80124a <CAL_NTC_2_InvBeta>
    3c5a:	70 93 4b 12 	sts	0x124B, r23	; 0x80124b <CAL_NTC_2_InvBeta+0x1>
    3c5e:	80 93 4c 12 	sts	0x124C, r24	; 0x80124c <CAL_NTC_2_InvBeta+0x2>
    3c62:	90 93 4d 12 	sts	0x124D, r25	; 0x80124d <CAL_NTC_2_InvBeta+0x3>
    3c66:	85 e1       	ldi	r24, 0x15	; 21
    3c68:	90 e0       	ldi	r25, 0x00	; 0
    3c6a:	73 db       	rcall	.-2330   	; 0x3352 <EEPROM_READ_FLOAT>
    3c6c:	60 93 00 14 	sts	0x1400, r22	; 0x801400 <CAL_DAC_A0>
    3c70:	70 93 01 14 	sts	0x1401, r23	; 0x801401 <CAL_DAC_A0+0x1>
    3c74:	80 93 02 14 	sts	0x1402, r24	; 0x801402 <CAL_DAC_A0+0x2>
    3c78:	90 93 03 14 	sts	0x1403, r25	; 0x801403 <CAL_DAC_A0+0x3>
    3c7c:	81 e1       	ldi	r24, 0x11	; 17
    3c7e:	90 e0       	ldi	r25, 0x00	; 0
    3c80:	68 db       	rcall	.-2352   	; 0x3352 <EEPROM_READ_FLOAT>
    3c82:	60 93 8b 10 	sts	0x108B, r22	; 0x80108b <CAL_DAC_A1>
    3c86:	70 93 8c 10 	sts	0x108C, r23	; 0x80108c <CAL_DAC_A1+0x1>
    3c8a:	80 93 8d 10 	sts	0x108D, r24	; 0x80108d <CAL_DAC_A1+0x2>
    3c8e:	90 93 8e 10 	sts	0x108E, r25	; 0x80108e <CAL_DAC_A1+0x3>
    3c92:	8f ec       	ldi	r24, 0xCF	; 207
    3c94:	90 e0       	ldi	r25, 0x00	; 0
    3c96:	5d db       	rcall	.-2374   	; 0x3352 <EEPROM_READ_FLOAT>
    3c98:	60 93 9b 14 	sts	0x149B, r22	; 0x80149b <Temp_NTC1_MIN_DisCon>
    3c9c:	70 93 9c 14 	sts	0x149C, r23	; 0x80149c <Temp_NTC1_MIN_DisCon+0x1>
    3ca0:	80 93 9d 14 	sts	0x149D, r24	; 0x80149d <Temp_NTC1_MIN_DisCon+0x2>
    3ca4:	90 93 9e 14 	sts	0x149E, r25	; 0x80149e <Temp_NTC1_MIN_DisCon+0x3>
    3ca8:	8b ec       	ldi	r24, 0xCB	; 203
    3caa:	90 e0       	ldi	r25, 0x00	; 0
    3cac:	52 db       	rcall	.-2396   	; 0x3352 <EEPROM_READ_FLOAT>
    3cae:	60 93 59 14 	sts	0x1459, r22	; 0x801459 <Temp_NTC1_MAX_DisCon>
    3cb2:	70 93 5a 14 	sts	0x145A, r23	; 0x80145a <Temp_NTC1_MAX_DisCon+0x1>
    3cb6:	80 93 5b 14 	sts	0x145B, r24	; 0x80145b <Temp_NTC1_MAX_DisCon+0x2>
    3cba:	90 93 5c 14 	sts	0x145C, r25	; 0x80145c <Temp_NTC1_MAX_DisCon+0x3>
    3cbe:	87 ec       	ldi	r24, 0xC7	; 199
    3cc0:	90 e0       	ldi	r25, 0x00	; 0
    3cc2:	47 db       	rcall	.-2418   	; 0x3352 <EEPROM_READ_FLOAT>
    3cc4:	60 93 62 14 	sts	0x1462, r22	; 0x801462 <Temp_NTC1_MIN_ReCon>
    3cc8:	70 93 63 14 	sts	0x1463, r23	; 0x801463 <Temp_NTC1_MIN_ReCon+0x1>
    3ccc:	80 93 64 14 	sts	0x1464, r24	; 0x801464 <Temp_NTC1_MIN_ReCon+0x2>
    3cd0:	90 93 65 14 	sts	0x1465, r25	; 0x801465 <Temp_NTC1_MIN_ReCon+0x3>
    3cd4:	83 ec       	ldi	r24, 0xC3	; 195
    3cd6:	90 e0       	ldi	r25, 0x00	; 0
    3cd8:	3c db       	rcall	.-2440   	; 0x3352 <EEPROM_READ_FLOAT>
    3cda:	60 93 6e 14 	sts	0x146E, r22	; 0x80146e <Temp_NTC1_MAX_ReCon>
    3cde:	70 93 6f 14 	sts	0x146F, r23	; 0x80146f <Temp_NTC1_MAX_ReCon+0x1>
    3ce2:	80 93 70 14 	sts	0x1470, r24	; 0x801470 <Temp_NTC1_MAX_ReCon+0x2>
    3ce6:	90 93 71 14 	sts	0x1471, r25	; 0x801471 <Temp_NTC1_MAX_ReCon+0x3>
    3cea:	8f eb       	ldi	r24, 0xBF	; 191
    3cec:	90 e0       	ldi	r25, 0x00	; 0
    3cee:	31 db       	rcall	.-2462   	; 0x3352 <EEPROM_READ_FLOAT>
    3cf0:	60 93 8b 14 	sts	0x148B, r22	; 0x80148b <Temp_NTC2_MIN_DisCon>
    3cf4:	70 93 8c 14 	sts	0x148C, r23	; 0x80148c <Temp_NTC2_MIN_DisCon+0x1>
    3cf8:	80 93 8d 14 	sts	0x148D, r24	; 0x80148d <Temp_NTC2_MIN_DisCon+0x2>
    3cfc:	90 93 8e 14 	sts	0x148E, r25	; 0x80148e <Temp_NTC2_MIN_DisCon+0x3>
    3d00:	8b eb       	ldi	r24, 0xBB	; 187
    3d02:	90 e0       	ldi	r25, 0x00	; 0
    3d04:	26 db       	rcall	.-2484   	; 0x3352 <EEPROM_READ_FLOAT>
    3d06:	60 93 31 14 	sts	0x1431, r22	; 0x801431 <Temp_NTC2_MAX_DisCon>
    3d0a:	70 93 32 14 	sts	0x1432, r23	; 0x801432 <Temp_NTC2_MAX_DisCon+0x1>
    3d0e:	80 93 33 14 	sts	0x1433, r24	; 0x801433 <Temp_NTC2_MAX_DisCon+0x2>
    3d12:	90 93 34 14 	sts	0x1434, r25	; 0x801434 <Temp_NTC2_MAX_DisCon+0x3>
    3d16:	87 eb       	ldi	r24, 0xB7	; 183
    3d18:	90 e0       	ldi	r25, 0x00	; 0
    3d1a:	1b db       	rcall	.-2506   	; 0x3352 <EEPROM_READ_FLOAT>
    3d1c:	60 93 c8 14 	sts	0x14C8, r22	; 0x8014c8 <Temp_NTC2_MIN_ReCon>
    3d20:	70 93 c9 14 	sts	0x14C9, r23	; 0x8014c9 <Temp_NTC2_MIN_ReCon+0x1>
    3d24:	80 93 ca 14 	sts	0x14CA, r24	; 0x8014ca <Temp_NTC2_MIN_ReCon+0x2>
    3d28:	90 93 cb 14 	sts	0x14CB, r25	; 0x8014cb <Temp_NTC2_MIN_ReCon+0x3>
    3d2c:	83 eb       	ldi	r24, 0xB3	; 179
    3d2e:	90 e0       	ldi	r25, 0x00	; 0
    3d30:	10 db       	rcall	.-2528   	; 0x3352 <EEPROM_READ_FLOAT>
    3d32:	60 93 97 14 	sts	0x1497, r22	; 0x801497 <Temp_NTC2_MAX_ReCon>
    3d36:	70 93 98 14 	sts	0x1498, r23	; 0x801498 <Temp_NTC2_MAX_ReCon+0x1>
    3d3a:	80 93 99 14 	sts	0x1499, r24	; 0x801499 <Temp_NTC2_MAX_ReCon+0x2>
    3d3e:	90 93 9a 14 	sts	0x149A, r25	; 0x80149a <Temp_NTC2_MAX_ReCon+0x3>
    3d42:	8f ea       	ldi	r24, 0xAF	; 175
    3d44:	90 e0       	ldi	r25, 0x00	; 0
    3d46:	05 db       	rcall	.-2550   	; 0x3352 <EEPROM_READ_FLOAT>
    3d48:	60 93 b2 02 	sts	0x02B2, r22	; 0x8002b2 <BiasV_Range_Min>
    3d4c:	70 93 b3 02 	sts	0x02B3, r23	; 0x8002b3 <BiasV_Range_Min+0x1>
    3d50:	80 93 b4 02 	sts	0x02B4, r24	; 0x8002b4 <BiasV_Range_Min+0x2>
    3d54:	90 93 b5 02 	sts	0x02B5, r25	; 0x8002b5 <BiasV_Range_Min+0x3>
    3d58:	8b ea       	ldi	r24, 0xAB	; 171
    3d5a:	90 e0       	ldi	r25, 0x00	; 0
    3d5c:	fa da       	rcall	.-2572   	; 0x3352 <EEPROM_READ_FLOAT>
    3d5e:	60 93 a2 02 	sts	0x02A2, r22	; 0x8002a2 <__data_end>
    3d62:	70 93 a3 02 	sts	0x02A3, r23	; 0x8002a3 <__data_end+0x1>
    3d66:	80 93 a4 02 	sts	0x02A4, r24	; 0x8002a4 <__data_end+0x2>
    3d6a:	90 93 a5 02 	sts	0x02A5, r25	; 0x8002a5 <__data_end+0x3>
    3d6e:	87 ea       	ldi	r24, 0xA7	; 167
    3d70:	90 e0       	ldi	r25, 0x00	; 0
    3d72:	ef da       	rcall	.-2594   	; 0x3352 <EEPROM_READ_FLOAT>
    3d74:	60 93 86 14 	sts	0x1486, r22	; 0x801486 <LOAD_MPPT_Max_Step_CND>
    3d78:	70 93 87 14 	sts	0x1487, r23	; 0x801487 <LOAD_MPPT_Max_Step_CND+0x1>
    3d7c:	80 93 88 14 	sts	0x1488, r24	; 0x801488 <LOAD_MPPT_Max_Step_CND+0x2>
    3d80:	90 93 89 14 	sts	0x1489, r25	; 0x801489 <LOAD_MPPT_Max_Step_CND+0x3>
    3d84:	83 ea       	ldi	r24, 0xA3	; 163
    3d86:	90 e0       	ldi	r25, 0x00	; 0
    3d88:	e4 da       	rcall	.-2616   	; 0x3352 <EEPROM_READ_FLOAT>
    3d8a:	60 93 b9 14 	sts	0x14B9, r22	; 0x8014b9 <LOAD_MPPT_Min_Step_CND>
    3d8e:	70 93 ba 14 	sts	0x14BA, r23	; 0x8014ba <LOAD_MPPT_Min_Step_CND+0x1>
    3d92:	80 93 bb 14 	sts	0x14BB, r24	; 0x8014bb <LOAD_MPPT_Min_Step_CND+0x2>
    3d96:	90 93 bc 14 	sts	0x14BC, r25	; 0x8014bc <LOAD_MPPT_Min_Step_CND+0x3>
    3d9a:	8f e9       	ldi	r24, 0x9F	; 159
    3d9c:	90 e0       	ldi	r25, 0x00	; 0
    3d9e:	d9 da       	rcall	.-2638   	; 0x3352 <EEPROM_READ_FLOAT>
    3da0:	60 93 76 14 	sts	0x1476, r22	; 0x801476 <LOAD_MPPT_Step_Increase_Fact>
    3da4:	70 93 77 14 	sts	0x1477, r23	; 0x801477 <LOAD_MPPT_Step_Increase_Fact+0x1>
    3da8:	80 93 78 14 	sts	0x1478, r24	; 0x801478 <LOAD_MPPT_Step_Increase_Fact+0x2>
    3dac:	90 93 79 14 	sts	0x1479, r25	; 0x801479 <LOAD_MPPT_Step_Increase_Fact+0x3>
    3db0:	8b e9       	ldi	r24, 0x9B	; 155
    3db2:	90 e0       	ldi	r25, 0x00	; 0
    3db4:	ce da       	rcall	.-2660   	; 0x3352 <EEPROM_READ_FLOAT>
    3db6:	60 93 a4 14 	sts	0x14A4, r22	; 0x8014a4 <LOAD_MPPT_Step_Reduction_Fact>
    3dba:	70 93 a5 14 	sts	0x14A5, r23	; 0x8014a5 <LOAD_MPPT_Step_Reduction_Fact+0x1>
    3dbe:	80 93 a6 14 	sts	0x14A6, r24	; 0x8014a6 <LOAD_MPPT_Step_Reduction_Fact+0x2>
    3dc2:	90 93 a7 14 	sts	0x14A7, r25	; 0x8014a7 <LOAD_MPPT_Step_Reduction_Fact+0x3>
    3dc6:	87 e9       	ldi	r24, 0x97	; 151
    3dc8:	90 e0       	ldi	r25, 0x00	; 0
    3dca:	c3 da       	rcall	.-2682   	; 0x3352 <EEPROM_READ_FLOAT>
    3dcc:	60 93 b1 14 	sts	0x14B1, r22	; 0x8014b1 <LOAD_MPPT_Tolerance_CND>
    3dd0:	70 93 b2 14 	sts	0x14B2, r23	; 0x8014b2 <LOAD_MPPT_Tolerance_CND+0x1>
    3dd4:	80 93 b3 14 	sts	0x14B3, r24	; 0x8014b3 <LOAD_MPPT_Tolerance_CND+0x2>
    3dd8:	90 93 b4 14 	sts	0x14B4, r25	; 0x8014b4 <LOAD_MPPT_Tolerance_CND+0x3>
    3ddc:	60 91 b1 14 	lds	r22, 0x14B1	; 0x8014b1 <LOAD_MPPT_Tolerance_CND>
    3de0:	70 91 b2 14 	lds	r23, 0x14B2	; 0x8014b2 <LOAD_MPPT_Tolerance_CND+0x1>
    3de4:	80 91 b3 14 	lds	r24, 0x14B3	; 0x8014b3 <LOAD_MPPT_Tolerance_CND+0x2>
    3de8:	90 91 b4 14 	lds	r25, 0x14B4	; 0x8014b4 <LOAD_MPPT_Tolerance_CND+0x3>
    3dec:	20 91 b1 14 	lds	r18, 0x14B1	; 0x8014b1 <LOAD_MPPT_Tolerance_CND>
    3df0:	30 91 b2 14 	lds	r19, 0x14B2	; 0x8014b2 <LOAD_MPPT_Tolerance_CND+0x1>
    3df4:	40 91 b3 14 	lds	r20, 0x14B3	; 0x8014b3 <LOAD_MPPT_Tolerance_CND+0x2>
    3df8:	50 91 b4 14 	lds	r21, 0x14B4	; 0x8014b4 <LOAD_MPPT_Tolerance_CND+0x3>
    3dfc:	0e 94 9a 48 	call	0x9134	; 0x9134 <__mulsf3>
    3e00:	60 93 b1 14 	sts	0x14B1, r22	; 0x8014b1 <LOAD_MPPT_Tolerance_CND>
    3e04:	70 93 b2 14 	sts	0x14B2, r23	; 0x8014b2 <LOAD_MPPT_Tolerance_CND+0x1>
    3e08:	80 93 b3 14 	sts	0x14B3, r24	; 0x8014b3 <LOAD_MPPT_Tolerance_CND+0x2>
    3e0c:	90 93 b4 14 	sts	0x14B4, r25	; 0x8014b4 <LOAD_MPPT_Tolerance_CND+0x3>
    3e10:	85 e9       	ldi	r24, 0x95	; 149
    3e12:	90 e0       	ldi	r25, 0x00	; 0
    3e14:	64 dd       	rcall	.-1336   	; 0x38de <EEPROM_READ_UINT16>
    3e16:	90 93 be 14 	sts	0x14BE, r25	; 0x8014be <LOAD_MPPT_Timer_Update_Delay+0x1>
    3e1a:	80 93 bd 14 	sts	0x14BD, r24	; 0x8014bd <LOAD_MPPT_Timer_Update_Delay>
    3e1e:	81 e9       	ldi	r24, 0x91	; 145
    3e20:	90 e0       	ldi	r25, 0x00	; 0
    3e22:	97 da       	rcall	.-2770   	; 0x3352 <EEPROM_READ_FLOAT>
    3e24:	60 93 7e 14 	sts	0x147E, r22	; 0x80147e <LOAD_CurrT_Max_Step_CND>
    3e28:	70 93 7f 14 	sts	0x147F, r23	; 0x80147f <LOAD_CurrT_Max_Step_CND+0x1>
    3e2c:	80 93 80 14 	sts	0x1480, r24	; 0x801480 <LOAD_CurrT_Max_Step_CND+0x2>
    3e30:	90 93 81 14 	sts	0x1481, r25	; 0x801481 <LOAD_CurrT_Max_Step_CND+0x3>
    3e34:	8d e8       	ldi	r24, 0x8D	; 141
    3e36:	90 e0       	ldi	r25, 0x00	; 0
    3e38:	8c da       	rcall	.-2792   	; 0x3352 <EEPROM_READ_FLOAT>
    3e3a:	60 93 2d 14 	sts	0x142D, r22	; 0x80142d <LOAD_CurrT_Min_Step_CND>
    3e3e:	70 93 2e 14 	sts	0x142E, r23	; 0x80142e <LOAD_CurrT_Min_Step_CND+0x1>
    3e42:	80 93 2f 14 	sts	0x142F, r24	; 0x80142f <LOAD_CurrT_Min_Step_CND+0x2>
    3e46:	90 93 30 14 	sts	0x1430, r25	; 0x801430 <LOAD_CurrT_Min_Step_CND+0x3>
    3e4a:	89 e8       	ldi	r24, 0x89	; 137
    3e4c:	90 e0       	ldi	r25, 0x00	; 0
    3e4e:	81 da       	rcall	.-2814   	; 0x3352 <EEPROM_READ_FLOAT>
    3e50:	60 93 5d 14 	sts	0x145D, r22	; 0x80145d <LOAD_CurrT_Step_Increase_Fact>
    3e54:	70 93 5e 14 	sts	0x145E, r23	; 0x80145e <LOAD_CurrT_Step_Increase_Fact+0x1>
    3e58:	80 93 5f 14 	sts	0x145F, r24	; 0x80145f <LOAD_CurrT_Step_Increase_Fact+0x2>
    3e5c:	90 93 60 14 	sts	0x1460, r25	; 0x801460 <LOAD_CurrT_Step_Increase_Fact+0x3>
    3e60:	85 e8       	ldi	r24, 0x85	; 133
    3e62:	90 e0       	ldi	r25, 0x00	; 0
    3e64:	76 da       	rcall	.-2836   	; 0x3352 <EEPROM_READ_FLOAT>
    3e66:	60 93 ad 14 	sts	0x14AD, r22	; 0x8014ad <LOAD_CurrT_Step_Reduction_Fact>
    3e6a:	70 93 ae 14 	sts	0x14AE, r23	; 0x8014ae <LOAD_CurrT_Step_Reduction_Fact+0x1>
    3e6e:	80 93 af 14 	sts	0x14AF, r24	; 0x8014af <LOAD_CurrT_Step_Reduction_Fact+0x2>
    3e72:	90 93 b0 14 	sts	0x14B0, r25	; 0x8014b0 <LOAD_CurrT_Step_Reduction_Fact+0x3>
    3e76:	81 e8       	ldi	r24, 0x81	; 129
    3e78:	90 e0       	ldi	r25, 0x00	; 0
    3e7a:	6b da       	rcall	.-2858   	; 0x3352 <EEPROM_READ_FLOAT>
    3e7c:	60 93 66 14 	sts	0x1466, r22	; 0x801466 <LOAD_CurrT_Tolerance_CND>
    3e80:	70 93 67 14 	sts	0x1467, r23	; 0x801467 <LOAD_CurrT_Tolerance_CND+0x1>
    3e84:	80 93 68 14 	sts	0x1468, r24	; 0x801468 <LOAD_CurrT_Tolerance_CND+0x2>
    3e88:	90 93 69 14 	sts	0x1469, r25	; 0x801469 <LOAD_CurrT_Tolerance_CND+0x3>
    3e8c:	87 e5       	ldi	r24, 0x57	; 87
    3e8e:	90 e0       	ldi	r25, 0x00	; 0
    3e90:	0e 94 45 4d 	call	0x9a8a	; 0x9a8a <eeprom_read_byte>
    3e94:	80 93 1f 14 	sts	0x141F, r24	; 0x80141f <SysControl>
    3e98:	80 e8       	ldi	r24, 0x80	; 128
    3e9a:	90 e0       	ldi	r25, 0x00	; 0
    3e9c:	0e 94 45 4d 	call	0x9a8a	; 0x9a8a <eeprom_read_byte>
    3ea0:	80 93 a1 14 	sts	0x14A1, r24	; 0x8014a1 <PV_Mode_CTR>
    3ea4:	8c e7       	ldi	r24, 0x7C	; 124
    3ea6:	90 e0       	ldi	r25, 0x00	; 0
    3ea8:	54 da       	rcall	.-2904   	; 0x3352 <EEPROM_READ_FLOAT>
    3eaa:	60 93 4e 14 	sts	0x144E, r22	; 0x80144e <PV_Volt_Setpoint>
    3eae:	70 93 4f 14 	sts	0x144F, r23	; 0x80144f <PV_Volt_Setpoint+0x1>
    3eb2:	80 93 50 14 	sts	0x1450, r24	; 0x801450 <PV_Volt_Setpoint+0x2>
    3eb6:	90 93 51 14 	sts	0x1451, r25	; 0x801451 <PV_Volt_Setpoint+0x3>
    3eba:	88 e7       	ldi	r24, 0x78	; 120
    3ebc:	90 e0       	ldi	r25, 0x00	; 0
    3ebe:	49 da       	rcall	.-2926   	; 0x3352 <EEPROM_READ_FLOAT>
    3ec0:	60 93 a9 14 	sts	0x14A9, r22	; 0x8014a9 <PV_Curr_Setpoint>
    3ec4:	70 93 aa 14 	sts	0x14AA, r23	; 0x8014aa <PV_Curr_Setpoint+0x1>
    3ec8:	80 93 ab 14 	sts	0x14AB, r24	; 0x8014ab <PV_Curr_Setpoint+0x2>
    3ecc:	90 93 ac 14 	sts	0x14AC, r25	; 0x8014ac <PV_Curr_Setpoint+0x3>
    3ed0:	87 e7       	ldi	r24, 0x77	; 119
    3ed2:	90 e0       	ldi	r25, 0x00	; 0
    3ed4:	0e 94 45 4d 	call	0x9a8a	; 0x9a8a <eeprom_read_byte>
    3ed8:	80 93 c3 14 	sts	0x14C3, r24	; 0x8014c3 <FAN_CTR_State>
    3edc:	83 e7       	ldi	r24, 0x73	; 115
    3ede:	90 e0       	ldi	r25, 0x00	; 0
    3ee0:	38 da       	rcall	.-2960   	; 0x3352 <EEPROM_READ_FLOAT>
    3ee2:	60 93 4a 14 	sts	0x144A, r22	; 0x80144a <FAN_NTC1_T_On>
    3ee6:	70 93 4b 14 	sts	0x144B, r23	; 0x80144b <FAN_NTC1_T_On+0x1>
    3eea:	80 93 4c 14 	sts	0x144C, r24	; 0x80144c <FAN_NTC1_T_On+0x2>
    3eee:	90 93 4d 14 	sts	0x144D, r25	; 0x80144d <FAN_NTC1_T_On+0x3>
    3ef2:	8f e6       	ldi	r24, 0x6F	; 111
    3ef4:	90 e0       	ldi	r25, 0x00	; 0
    3ef6:	2d da       	rcall	.-2982   	; 0x3352 <EEPROM_READ_FLOAT>
    3ef8:	60 93 7a 14 	sts	0x147A, r22	; 0x80147a <FAN_NTC1_T_Off>
    3efc:	70 93 7b 14 	sts	0x147B, r23	; 0x80147b <FAN_NTC1_T_Off+0x1>
    3f00:	80 93 7c 14 	sts	0x147C, r24	; 0x80147c <FAN_NTC1_T_Off+0x2>
    3f04:	90 93 7d 14 	sts	0x147D, r25	; 0x80147d <FAN_NTC1_T_Off+0x3>
    3f08:	8b e6       	ldi	r24, 0x6B	; 107
    3f0a:	90 e0       	ldi	r25, 0x00	; 0
    3f0c:	22 da       	rcall	.-3004   	; 0x3352 <EEPROM_READ_FLOAT>
    3f0e:	60 93 6a 14 	sts	0x146A, r22	; 0x80146a <FAN_NTC2_T_On>
    3f12:	70 93 6b 14 	sts	0x146B, r23	; 0x80146b <FAN_NTC2_T_On+0x1>
    3f16:	80 93 6c 14 	sts	0x146C, r24	; 0x80146c <FAN_NTC2_T_On+0x2>
    3f1a:	90 93 6d 14 	sts	0x146D, r25	; 0x80146d <FAN_NTC2_T_On+0x3>
    3f1e:	87 e6       	ldi	r24, 0x67	; 103
    3f20:	90 e0       	ldi	r25, 0x00	; 0
    3f22:	17 da       	rcall	.-3026   	; 0x3352 <EEPROM_READ_FLOAT>
    3f24:	60 93 c4 14 	sts	0x14C4, r22	; 0x8014c4 <FAN_NTC2_T_Off>
    3f28:	70 93 c5 14 	sts	0x14C5, r23	; 0x8014c5 <FAN_NTC2_T_Off+0x1>
    3f2c:	80 93 c6 14 	sts	0x14C6, r24	; 0x8014c6 <FAN_NTC2_T_Off+0x2>
    3f30:	90 93 c7 14 	sts	0x14C7, r25	; 0x8014c7 <FAN_NTC2_T_Off+0x3>
    3f34:	83 e6       	ldi	r24, 0x63	; 99
    3f36:	90 e0       	ldi	r25, 0x00	; 0
    3f38:	0c da       	rcall	.-3048   	; 0x3352 <EEPROM_READ_FLOAT>
    3f3a:	60 93 82 14 	sts	0x1482, r22	; 0x801482 <FAN_Power_On>
    3f3e:	70 93 83 14 	sts	0x1483, r23	; 0x801483 <FAN_Power_On+0x1>
    3f42:	80 93 84 14 	sts	0x1484, r24	; 0x801484 <FAN_Power_On+0x2>
    3f46:	90 93 85 14 	sts	0x1485, r25	; 0x801485 <FAN_Power_On+0x3>
    3f4a:	8f e5       	ldi	r24, 0x5F	; 95
    3f4c:	90 e0       	ldi	r25, 0x00	; 0
    3f4e:	01 da       	rcall	.-3070   	; 0x3352 <EEPROM_READ_FLOAT>
    3f50:	60 93 72 14 	sts	0x1472, r22	; 0x801472 <FAN_Power_Off>
    3f54:	70 93 73 14 	sts	0x1473, r23	; 0x801473 <FAN_Power_Off+0x1>
    3f58:	80 93 74 14 	sts	0x1474, r24	; 0x801474 <FAN_Power_Off+0x2>
    3f5c:	90 93 75 14 	sts	0x1475, r25	; 0x801475 <FAN_Power_Off+0x3>
    3f60:	8d e5       	ldi	r24, 0x5D	; 93
    3f62:	90 e0       	ldi	r25, 0x00	; 0
    3f64:	bc dc       	rcall	.-1672   	; 0x38de <EEPROM_READ_UINT16>
    3f66:	90 93 a0 14 	sts	0x14A0, r25	; 0x8014a0 <FAN_Switch_Timer_Max+0x1>
    3f6a:	80 93 9f 14 	sts	0x149F, r24	; 0x80149f <FAN_Switch_Timer_Max>
    3f6e:	82 e5       	ldi	r24, 0x52	; 82
    3f70:	90 e0       	ldi	r25, 0x00	; 0
    3f72:	ef d9       	rcall	.-3106   	; 0x3352 <EEPROM_READ_FLOAT>
    3f74:	60 93 24 14 	sts	0x1424, r22	; 0x801424 <TEMP_MAX_Heat_dissipation>
    3f78:	70 93 25 14 	sts	0x1425, r23	; 0x801425 <TEMP_MAX_Heat_dissipation+0x1>
    3f7c:	80 93 26 14 	sts	0x1426, r24	; 0x801426 <TEMP_MAX_Heat_dissipation+0x2>
    3f80:	90 93 27 14 	sts	0x1427, r25	; 0x801427 <TEMP_MAX_Heat_dissipation+0x3>
    3f84:	81 e5       	ldi	r24, 0x51	; 81
    3f86:	90 e0       	ldi	r25, 0x00	; 0
    3f88:	0e 94 45 4d 	call	0x9a8a	; 0x9a8a <eeprom_read_byte>
    3f8c:	80 93 2c 14 	sts	0x142C, r24	; 0x80142c <TEMP_Heat_dissipation_devices>
    3f90:	57 c2       	rjmp	.+1198   	; 0x4440 <__stack+0x341>
    3f92:	68 e7       	ldi	r22, 0x78	; 120
    3f94:	72 e0       	ldi	r23, 0x02	; 2
    3f96:	85 e3       	ldi	r24, 0x35	; 53
    3f98:	94 e1       	ldi	r25, 0x14	; 20
    3f9a:	0e 94 09 0c 	call	0x1812	; 0x1812 <Copy_String>
    3f9e:	e1 e0       	ldi	r30, 0x01	; 1
    3fa0:	e0 93 21 14 	sts	0x1421, r30	; 0x801421 <SysConfig>
    3fa4:	83 e0       	ldi	r24, 0x03	; 3
    3fa6:	80 93 19 14 	sts	0x1419, r24	; 0x801419 <Temp_Sensor_Type>
    3faa:	80 e0       	ldi	r24, 0x00	; 0
    3fac:	94 e2       	ldi	r25, 0x24	; 36
    3fae:	a4 ef       	ldi	r26, 0xF4	; 244
    3fb0:	b0 e0       	ldi	r27, 0x00	; 0
    3fb2:	80 93 93 14 	sts	0x1493, r24	; 0x801493 <F_CPU_CAL>
    3fb6:	90 93 94 14 	sts	0x1494, r25	; 0x801494 <F_CPU_CAL+0x1>
    3fba:	a0 93 95 14 	sts	0x1495, r26	; 0x801495 <F_CPU_CAL+0x2>
    3fbe:	b0 93 96 14 	sts	0x1496, r27	; 0x801496 <F_CPU_CAL+0x3>
    3fc2:	85 e0       	ldi	r24, 0x05	; 5
    3fc4:	80 93 28 14 	sts	0x1428, r24	; 0x801428 <Timer_Control_Match>
    3fc8:	94 e6       	ldi	r25, 0x64	; 100
    3fca:	90 93 22 14 	sts	0x1422, r25	; 0x801422 <Timer_Temp_Meas_Match>
    3fce:	9a e0       	ldi	r25, 0x0A	; 10
    3fd0:	90 93 af 06 	sts	0x06AF, r25	; 0x8006af <IV_Meas_Points>
    3fd4:	c1 e0       	ldi	r28, 0x01	; 1
    3fd6:	d0 e0       	ldi	r29, 0x00	; 0
    3fd8:	d0 93 85 10 	sts	0x1085, r29	; 0x801085 <ADC_Num_Avr_VoltCurr+0x1>
    3fdc:	c0 93 84 10 	sts	0x1084, r28	; 0x801084 <ADC_Num_Avr_VoltCurr>
    3fe0:	e0 93 08 14 	sts	0x1408, r30	; 0x801408 <ADC_Cycl_Avr_VoltCurr>
    3fe4:	e0 93 40 12 	sts	0x1240, r30	; 0x801240 <ADC_Num_Avr_Other>
    3fe8:	10 92 e4 14 	sts	0x14E4, r1	; 0x8014e4 <Range_Status_A>
    3fec:	94 e0       	ldi	r25, 0x04	; 4
    3fee:	90 93 08 15 	sts	0x1508, r25	; 0x801508 <Range_Volt_ID_Man>
    3ff2:	80 93 0a 15 	sts	0x150A, r24	; 0x80150a <Range_Curr_ID_Man>
    3ff6:	8f ef       	ldi	r24, 0xFF	; 255
    3ff8:	80 93 3e 15 	sts	0x153E, r24	; 0x80153e <Range_Volt_Enable>
    3ffc:	80 93 ff 14 	sts	0x14FF, r24	; 0x8014ff <Range_Curr_Enable>
    4000:	8a ef       	ldi	r24, 0xFA	; 250
    4002:	90 e0       	ldi	r25, 0x00	; 0
    4004:	90 93 57 15 	sts	0x1557, r25	; 0x801557 <Range_Volt_Switch_Freq_Ctr_Max+0x1>
    4008:	80 93 56 15 	sts	0x1556, r24	; 0x801556 <Range_Volt_Switch_Freq_Ctr_Max>
    400c:	90 93 e6 14 	sts	0x14E6, r25	; 0x8014e6 <Range_Curr_Switch_Freq_Ctr_Max+0x1>
    4010:	80 93 e5 14 	sts	0x14E5, r24	; 0x8014e5 <Range_Curr_Switch_Freq_Ctr_Max>
    4014:	84 e6       	ldi	r24, 0x64	; 100
    4016:	90 e0       	ldi	r25, 0x00	; 0
    4018:	90 93 57 15 	sts	0x1557, r25	; 0x801557 <Range_Volt_Switch_Freq_Ctr_Max+0x1>
    401c:	80 93 56 15 	sts	0x1556, r24	; 0x801556 <Range_Volt_Switch_Freq_Ctr_Max>
    4020:	90 93 e6 14 	sts	0x14E6, r25	; 0x8014e6 <Range_Curr_Switch_Freq_Ctr_Max+0x1>
    4024:	80 93 e5 14 	sts	0x14E5, r24	; 0x8014e5 <Range_Curr_Switch_Freq_Ctr_Max>
    4028:	10 92 be 02 	sts	0x02BE, r1	; 0x8002be <IV_Mode>
    402c:	86 ea       	ldi	r24, 0xA6	; 166
    402e:	9f e0       	ldi	r25, 0x0F	; 15
    4030:	a9 ec       	ldi	r26, 0xC9	; 201
    4032:	bf e3       	ldi	r27, 0x3F	; 63
    4034:	80 93 a6 02 	sts	0x02A6, r24	; 0x8002a6 <IV_Cos_Max_Phase>
    4038:	90 93 a7 02 	sts	0x02A7, r25	; 0x8002a7 <IV_Cos_Max_Phase+0x1>
    403c:	a0 93 a8 02 	sts	0x02A8, r26	; 0x8002a8 <IV_Cos_Max_Phase+0x2>
    4040:	b0 93 a9 02 	sts	0x02A9, r27	; 0x8002a9 <IV_Cos_Max_Phase+0x3>
    4044:	8e ea       	ldi	r24, 0xAE	; 174
    4046:	97 e4       	ldi	r25, 0x47	; 71
    4048:	a1 e8       	ldi	r26, 0x81	; 129
    404a:	bf e3       	ldi	r27, 0x3F	; 63
    404c:	80 93 a1 0a 	sts	0x0AA1, r24	; 0x800aa1 <IV_Voc_Overshoot_Fact>
    4050:	90 93 a2 0a 	sts	0x0AA2, r25	; 0x800aa2 <IV_Voc_Overshoot_Fact+0x1>
    4054:	a0 93 a3 0a 	sts	0x0AA3, r26	; 0x800aa3 <IV_Voc_Overshoot_Fact+0x2>
    4058:	b0 93 a4 0a 	sts	0x0AA4, r27	; 0x800aa4 <IV_Voc_Overshoot_Fact+0x3>
    405c:	e0 93 b9 02 	sts	0x02B9, r30	; 0x8002b9 <IV_Point_Meas_Nu_AVR_Sets>
    4060:	e0 93 aa 02 	sts	0x02AA, r30	; 0x8002aa <IV_Point_Meas_Nu_AVR_VoltCurr>
    4064:	85 e0       	ldi	r24, 0x05	; 5
    4066:	90 e0       	ldi	r25, 0x00	; 0
    4068:	90 93 b1 02 	sts	0x02B1, r25	; 0x8002b1 <IV_Point_Set_Delay_ms+0x1>
    406c:	80 93 b0 02 	sts	0x02B0, r24	; 0x8002b0 <IV_Point_Set_Delay_ms>
    4070:	10 92 92 0e 	sts	0x0E92, r1	; 0x800e92 <PI_CTR_Prop_ID_Man>
    4074:	10 92 93 0e 	sts	0x0E93, r1	; 0x800e93 <PI_CTR_Int_ID_Man>
    4078:	10 92 f3 13 	sts	0x13F3, r1	; 0x8013f3 <CAL_Bias_A0>
    407c:	10 92 f4 13 	sts	0x13F4, r1	; 0x8013f4 <CAL_Bias_A0+0x1>
    4080:	10 92 f5 13 	sts	0x13F5, r1	; 0x8013f5 <CAL_Bias_A0+0x2>
    4084:	10 92 f6 13 	sts	0x13F6, r1	; 0x8013f6 <CAL_Bias_A0+0x3>
    4088:	80 e0       	ldi	r24, 0x00	; 0
    408a:	90 e0       	ldi	r25, 0x00	; 0
    408c:	a0 e8       	ldi	r26, 0x80	; 128
    408e:	bf e3       	ldi	r27, 0x3F	; 63
    4090:	80 93 3b 12 	sts	0x123B, r24	; 0x80123b <CAL_Bias_A1>
    4094:	90 93 3c 12 	sts	0x123C, r25	; 0x80123c <CAL_Bias_A1+0x1>
    4098:	a0 93 3d 12 	sts	0x123D, r26	; 0x80123d <CAL_Bias_A1+0x2>
    409c:	b0 93 3e 12 	sts	0x123E, r27	; 0x80123e <CAL_Bias_A1+0x3>
    40a0:	10 92 5a 12 	sts	0x125A, r1	; 0x80125a <CAL_RTD_A0>
    40a4:	10 92 5b 12 	sts	0x125B, r1	; 0x80125b <CAL_RTD_A0+0x1>
    40a8:	10 92 5c 12 	sts	0x125C, r1	; 0x80125c <CAL_RTD_A0+0x2>
    40ac:	10 92 5d 12 	sts	0x125D, r1	; 0x80125d <CAL_RTD_A0+0x3>
    40b0:	80 93 37 12 	sts	0x1237, r24	; 0x801237 <CAL_RTD_A1>
    40b4:	90 93 38 12 	sts	0x1238, r25	; 0x801238 <CAL_RTD_A1+0x1>
    40b8:	a0 93 39 12 	sts	0x1239, r26	; 0x801239 <CAL_RTD_A1+0x2>
    40bc:	b0 93 3a 12 	sts	0x123A, r27	; 0x80123a <CAL_RTD_A1+0x3>
    40c0:	10 92 f7 13 	sts	0x13F7, r1	; 0x8013f7 <CAL_RTD_A2>
    40c4:	10 92 f8 13 	sts	0x13F8, r1	; 0x8013f8 <CAL_RTD_A2+0x1>
    40c8:	10 92 f9 13 	sts	0x13F9, r1	; 0x8013f9 <CAL_RTD_A2+0x2>
    40cc:	10 92 fa 13 	sts	0x13FA, r1	; 0x8013fa <CAL_RTD_A2+0x3>
    40d0:	2f ea       	ldi	r18, 0xAF	; 175
    40d2:	c2 2e       	mov	r12, r18
    40d4:	23 e2       	ldi	r18, 0x23	; 35
    40d6:	d2 2e       	mov	r13, r18
    40d8:	2e ee       	ldi	r18, 0xEE	; 238
    40da:	e2 2e       	mov	r14, r18
    40dc:	2e e3       	ldi	r18, 0x3E	; 62
    40de:	f2 2e       	mov	r15, r18
    40e0:	c0 92 11 14 	sts	0x1411, r12	; 0x801411 <CAL_NTC_1_InvGain>
    40e4:	d0 92 12 14 	sts	0x1412, r13	; 0x801412 <CAL_NTC_1_InvGain+0x1>
    40e8:	e0 92 13 14 	sts	0x1413, r14	; 0x801413 <CAL_NTC_1_InvGain+0x2>
    40ec:	f0 92 14 14 	sts	0x1414, r15	; 0x801414 <CAL_NTC_1_InvGain+0x3>
    40f0:	00 e0       	ldi	r16, 0x00	; 0
    40f2:	10 e5       	ldi	r17, 0x50	; 80
    40f4:	23 e4       	ldi	r18, 0x43	; 67
    40f6:	37 e4       	ldi	r19, 0x47	; 71
    40f8:	00 93 04 14 	sts	0x1404, r16	; 0x801404 <CAL_NTC_1_RSer>
    40fc:	10 93 05 14 	sts	0x1405, r17	; 0x801405 <CAL_NTC_1_RSer+0x1>
    4100:	20 93 06 14 	sts	0x1406, r18	; 0x801406 <CAL_NTC_1_RSer+0x2>
    4104:	30 93 07 14 	sts	0x1407, r19	; 0x801407 <CAL_NTC_1_RSer+0x3>
    4108:	47 e1       	ldi	r20, 0x17	; 23
    410a:	57 eb       	ldi	r21, 0xB7	; 183
    410c:	61 ed       	ldi	r22, 0xD1	; 209
    410e:	78 e3       	ldi	r23, 0x38	; 56
    4110:	40 93 86 10 	sts	0x1086, r20	; 0x801086 <CAL_NTC_1_InvR25>
    4114:	50 93 87 10 	sts	0x1087, r21	; 0x801087 <CAL_NTC_1_InvR25+0x1>
    4118:	60 93 88 10 	sts	0x1088, r22	; 0x801088 <CAL_NTC_1_InvR25+0x2>
    411c:	70 93 89 10 	sts	0x1089, r23	; 0x801089 <CAL_NTC_1_InvR25+0x3>
    4120:	f9 e9       	ldi	r31, 0x99	; 153
    4122:	8f 2e       	mov	r8, r31
    4124:	f1 ea       	ldi	r31, 0xA1	; 161
    4126:	9f 2e       	mov	r9, r31
    4128:	f8 e9       	ldi	r31, 0x98	; 152
    412a:	af 2e       	mov	r10, r31
    412c:	f9 e3       	ldi	r31, 0x39	; 57
    412e:	bf 2e       	mov	r11, r31
    4130:	80 92 fc 13 	sts	0x13FC, r8	; 0x8013fc <CAL_NTC_1_InvBeta>
    4134:	90 92 fd 13 	sts	0x13FD, r9	; 0x8013fd <CAL_NTC_1_InvBeta+0x1>
    4138:	a0 92 fe 13 	sts	0x13FE, r10	; 0x8013fe <CAL_NTC_1_InvBeta+0x2>
    413c:	b0 92 ff 13 	sts	0x13FF, r11	; 0x8013ff <CAL_NTC_1_InvBeta+0x3>
    4140:	c0 92 15 14 	sts	0x1415, r12	; 0x801415 <CAL_NTC_2_InvGain>
    4144:	d0 92 16 14 	sts	0x1416, r13	; 0x801416 <CAL_NTC_2_InvGain+0x1>
    4148:	e0 92 17 14 	sts	0x1417, r14	; 0x801417 <CAL_NTC_2_InvGain+0x2>
    414c:	f0 92 18 14 	sts	0x1418, r15	; 0x801418 <CAL_NTC_2_InvGain+0x3>
    4150:	00 93 97 10 	sts	0x1097, r16	; 0x801097 <CAL_NTC_2_RSer>
    4154:	10 93 98 10 	sts	0x1098, r17	; 0x801098 <CAL_NTC_2_RSer+0x1>
    4158:	20 93 99 10 	sts	0x1099, r18	; 0x801099 <CAL_NTC_2_RSer+0x2>
    415c:	30 93 9a 10 	sts	0x109A, r19	; 0x80109a <CAL_NTC_2_RSer+0x3>
    4160:	40 93 56 12 	sts	0x1256, r20	; 0x801256 <CAL_NTC_2_InvR25>
    4164:	50 93 57 12 	sts	0x1257, r21	; 0x801257 <CAL_NTC_2_InvR25+0x1>
    4168:	60 93 58 12 	sts	0x1258, r22	; 0x801258 <CAL_NTC_2_InvR25+0x2>
    416c:	70 93 59 12 	sts	0x1259, r23	; 0x801259 <CAL_NTC_2_InvR25+0x3>
    4170:	4d e5       	ldi	r20, 0x5D	; 93
    4172:	57 e7       	ldi	r21, 0x77	; 119
    4174:	63 e8       	ldi	r22, 0x83	; 131
    4176:	79 e3       	ldi	r23, 0x39	; 57
    4178:	40 93 4a 12 	sts	0x124A, r20	; 0x80124a <CAL_NTC_2_InvBeta>
    417c:	50 93 4b 12 	sts	0x124B, r21	; 0x80124b <CAL_NTC_2_InvBeta+0x1>
    4180:	60 93 4c 12 	sts	0x124C, r22	; 0x80124c <CAL_NTC_2_InvBeta+0x2>
    4184:	70 93 4d 12 	sts	0x124D, r23	; 0x80124d <CAL_NTC_2_InvBeta+0x3>
    4188:	40 e0       	ldi	r20, 0x00	; 0
    418a:	50 e0       	ldi	r21, 0x00	; 0
    418c:	62 e2       	ldi	r22, 0x22	; 34
    418e:	74 e4       	ldi	r23, 0x44	; 68
    4190:	40 93 00 14 	sts	0x1400, r20	; 0x801400 <CAL_DAC_A0>
    4194:	50 93 01 14 	sts	0x1401, r21	; 0x801401 <CAL_DAC_A0+0x1>
    4198:	60 93 02 14 	sts	0x1402, r22	; 0x801402 <CAL_DAC_A0+0x2>
    419c:	70 93 03 14 	sts	0x1403, r23	; 0x801403 <CAL_DAC_A0+0x3>
    41a0:	80 93 8b 10 	sts	0x108B, r24	; 0x80108b <CAL_DAC_A1>
    41a4:	90 93 8c 10 	sts	0x108C, r25	; 0x80108c <CAL_DAC_A1+0x1>
    41a8:	a0 93 8d 10 	sts	0x108D, r26	; 0x80108d <CAL_DAC_A1+0x2>
    41ac:	b0 93 8e 10 	sts	0x108E, r27	; 0x80108e <CAL_DAC_A1+0x3>
    41b0:	10 92 9b 14 	sts	0x149B, r1	; 0x80149b <Temp_NTC1_MIN_DisCon>
    41b4:	10 92 9c 14 	sts	0x149C, r1	; 0x80149c <Temp_NTC1_MIN_DisCon+0x1>
    41b8:	10 92 9d 14 	sts	0x149D, r1	; 0x80149d <Temp_NTC1_MIN_DisCon+0x2>
    41bc:	10 92 9e 14 	sts	0x149E, r1	; 0x80149e <Temp_NTC1_MIN_DisCon+0x3>
    41c0:	40 e0       	ldi	r20, 0x00	; 0
    41c2:	50 e0       	ldi	r21, 0x00	; 0
    41c4:	60 e2       	ldi	r22, 0x20	; 32
    41c6:	72 e4       	ldi	r23, 0x42	; 66
    41c8:	40 93 59 14 	sts	0x1459, r20	; 0x801459 <Temp_NTC1_MAX_DisCon>
    41cc:	50 93 5a 14 	sts	0x145A, r21	; 0x80145a <Temp_NTC1_MAX_DisCon+0x1>
    41d0:	60 93 5b 14 	sts	0x145B, r22	; 0x80145b <Temp_NTC1_MAX_DisCon+0x2>
    41d4:	70 93 5c 14 	sts	0x145C, r23	; 0x80145c <Temp_NTC1_MAX_DisCon+0x3>
    41d8:	40 e0       	ldi	r20, 0x00	; 0
    41da:	50 e0       	ldi	r21, 0x00	; 0
    41dc:	60 ea       	ldi	r22, 0xA0	; 160
    41de:	70 e4       	ldi	r23, 0x40	; 64
    41e0:	40 93 62 14 	sts	0x1462, r20	; 0x801462 <Temp_NTC1_MIN_ReCon>
    41e4:	50 93 63 14 	sts	0x1463, r21	; 0x801463 <Temp_NTC1_MIN_ReCon+0x1>
    41e8:	60 93 64 14 	sts	0x1464, r22	; 0x801464 <Temp_NTC1_MIN_ReCon+0x2>
    41ec:	70 93 65 14 	sts	0x1465, r23	; 0x801465 <Temp_NTC1_MIN_ReCon+0x3>
    41f0:	00 e0       	ldi	r16, 0x00	; 0
    41f2:	10 e0       	ldi	r17, 0x00	; 0
    41f4:	2c e0       	ldi	r18, 0x0C	; 12
    41f6:	32 e4       	ldi	r19, 0x42	; 66
    41f8:	00 93 6e 14 	sts	0x146E, r16	; 0x80146e <Temp_NTC1_MAX_ReCon>
    41fc:	10 93 6f 14 	sts	0x146F, r17	; 0x80146f <Temp_NTC1_MAX_ReCon+0x1>
    4200:	20 93 70 14 	sts	0x1470, r18	; 0x801470 <Temp_NTC1_MAX_ReCon+0x2>
    4204:	30 93 71 14 	sts	0x1471, r19	; 0x801471 <Temp_NTC1_MAX_ReCon+0x3>
    4208:	10 92 8b 14 	sts	0x148B, r1	; 0x80148b <Temp_NTC2_MIN_DisCon>
    420c:	10 92 8c 14 	sts	0x148C, r1	; 0x80148c <Temp_NTC2_MIN_DisCon+0x1>
    4210:	10 92 8d 14 	sts	0x148D, r1	; 0x80148d <Temp_NTC2_MIN_DisCon+0x2>
    4214:	10 92 8e 14 	sts	0x148E, r1	; 0x80148e <Temp_NTC2_MIN_DisCon+0x3>
    4218:	00 e0       	ldi	r16, 0x00	; 0
    421a:	10 e0       	ldi	r17, 0x00	; 0
    421c:	20 ea       	ldi	r18, 0xA0	; 160
    421e:	32 e4       	ldi	r19, 0x42	; 66
    4220:	00 93 31 14 	sts	0x1431, r16	; 0x801431 <Temp_NTC2_MAX_DisCon>
    4224:	10 93 32 14 	sts	0x1432, r17	; 0x801432 <Temp_NTC2_MAX_DisCon+0x1>
    4228:	20 93 33 14 	sts	0x1433, r18	; 0x801433 <Temp_NTC2_MAX_DisCon+0x2>
    422c:	30 93 34 14 	sts	0x1434, r19	; 0x801434 <Temp_NTC2_MAX_DisCon+0x3>
    4230:	40 93 c8 14 	sts	0x14C8, r20	; 0x8014c8 <Temp_NTC2_MIN_ReCon>
    4234:	50 93 c9 14 	sts	0x14C9, r21	; 0x8014c9 <Temp_NTC2_MIN_ReCon+0x1>
    4238:	60 93 ca 14 	sts	0x14CA, r22	; 0x8014ca <Temp_NTC2_MIN_ReCon+0x2>
    423c:	70 93 cb 14 	sts	0x14CB, r23	; 0x8014cb <Temp_NTC2_MIN_ReCon+0x3>
    4240:	00 e0       	ldi	r16, 0x00	; 0
    4242:	10 e0       	ldi	r17, 0x00	; 0
    4244:	20 e7       	ldi	r18, 0x70	; 112
    4246:	32 e4       	ldi	r19, 0x42	; 66
    4248:	00 93 97 14 	sts	0x1497, r16	; 0x801497 <Temp_NTC2_MAX_ReCon>
    424c:	10 93 98 14 	sts	0x1498, r17	; 0x801498 <Temp_NTC2_MAX_ReCon+0x1>
    4250:	20 93 99 14 	sts	0x1499, r18	; 0x801499 <Temp_NTC2_MAX_ReCon+0x2>
    4254:	30 93 9a 14 	sts	0x149A, r19	; 0x80149a <Temp_NTC2_MAX_ReCon+0x3>
    4258:	00 e0       	ldi	r16, 0x00	; 0
    425a:	10 e6       	ldi	r17, 0x60	; 96
    425c:	2a e6       	ldi	r18, 0x6A	; 106
    425e:	36 e4       	ldi	r19, 0x46	; 70
    4260:	00 93 b2 02 	sts	0x02B2, r16	; 0x8002b2 <BiasV_Range_Min>
    4264:	10 93 b3 02 	sts	0x02B3, r17	; 0x8002b3 <BiasV_Range_Min+0x1>
    4268:	20 93 b4 02 	sts	0x02B4, r18	; 0x8002b4 <BiasV_Range_Min+0x2>
    426c:	30 93 b5 02 	sts	0x02B5, r19	; 0x8002b5 <BiasV_Range_Min+0x3>
    4270:	00 e0       	ldi	r16, 0x00	; 0
    4272:	18 ec       	ldi	r17, 0xC8	; 200
    4274:	2f e2       	ldi	r18, 0x2F	; 47
    4276:	37 e4       	ldi	r19, 0x47	; 71
    4278:	00 93 a2 02 	sts	0x02A2, r16	; 0x8002a2 <__data_end>
    427c:	10 93 a3 02 	sts	0x02A3, r17	; 0x8002a3 <__data_end+0x1>
    4280:	20 93 a4 02 	sts	0x02A4, r18	; 0x8002a4 <__data_end+0x2>
    4284:	30 93 a5 02 	sts	0x02A5, r19	; 0x8002a5 <__data_end+0x3>
    4288:	41 2c       	mov	r4, r1
    428a:	51 2c       	mov	r5, r1
    428c:	1a e7       	ldi	r17, 0x7A	; 122
    428e:	61 2e       	mov	r6, r17
    4290:	14 e4       	ldi	r17, 0x44	; 68
    4292:	71 2e       	mov	r7, r17
    4294:	40 92 86 14 	sts	0x1486, r4	; 0x801486 <LOAD_MPPT_Max_Step_CND>
    4298:	50 92 87 14 	sts	0x1487, r5	; 0x801487 <LOAD_MPPT_Max_Step_CND+0x1>
    429c:	60 92 88 14 	sts	0x1488, r6	; 0x801488 <LOAD_MPPT_Max_Step_CND+0x2>
    42a0:	70 92 89 14 	sts	0x1489, r7	; 0x801489 <LOAD_MPPT_Max_Step_CND+0x3>
    42a4:	00 e0       	ldi	r16, 0x00	; 0
    42a6:	10 e0       	ldi	r17, 0x00	; 0
    42a8:	20 e2       	ldi	r18, 0x20	; 32
    42aa:	31 e4       	ldi	r19, 0x41	; 65
    42ac:	00 93 b9 14 	sts	0x14B9, r16	; 0x8014b9 <LOAD_MPPT_Min_Step_CND>
    42b0:	10 93 ba 14 	sts	0x14BA, r17	; 0x8014ba <LOAD_MPPT_Min_Step_CND+0x1>
    42b4:	20 93 bb 14 	sts	0x14BB, r18	; 0x8014bb <LOAD_MPPT_Min_Step_CND+0x2>
    42b8:	30 93 bc 14 	sts	0x14BC, r19	; 0x8014bc <LOAD_MPPT_Min_Step_CND+0x3>
    42bc:	fa e9       	ldi	r31, 0x9A	; 154
    42be:	8f 2e       	mov	r8, r31
    42c0:	f9 e9       	ldi	r31, 0x99	; 153
    42c2:	9f 2e       	mov	r9, r31
    42c4:	a9 2c       	mov	r10, r9
    42c6:	ff e3       	ldi	r31, 0x3F	; 63
    42c8:	bf 2e       	mov	r11, r31
    42ca:	80 92 76 14 	sts	0x1476, r8	; 0x801476 <LOAD_MPPT_Step_Increase_Fact>
    42ce:	90 92 77 14 	sts	0x1477, r9	; 0x801477 <LOAD_MPPT_Step_Increase_Fact+0x1>
    42d2:	a0 92 78 14 	sts	0x1478, r10	; 0x801478 <LOAD_MPPT_Step_Increase_Fact+0x2>
    42d6:	b0 92 79 14 	sts	0x1479, r11	; 0x801479 <LOAD_MPPT_Step_Increase_Fact+0x3>
    42da:	fa e9       	ldi	r31, 0x9A	; 154
    42dc:	cf 2e       	mov	r12, r31
    42de:	f9 e9       	ldi	r31, 0x99	; 153
    42e0:	df 2e       	mov	r13, r31
    42e2:	f9 e1       	ldi	r31, 0x19	; 25
    42e4:	ef 2e       	mov	r14, r31
    42e6:	ff e3       	ldi	r31, 0x3F	; 63
    42e8:	ff 2e       	mov	r15, r31
    42ea:	c0 92 a4 14 	sts	0x14A4, r12	; 0x8014a4 <LOAD_MPPT_Step_Reduction_Fact>
    42ee:	d0 92 a5 14 	sts	0x14A5, r13	; 0x8014a5 <LOAD_MPPT_Step_Reduction_Fact+0x1>
    42f2:	e0 92 a6 14 	sts	0x14A6, r14	; 0x8014a6 <LOAD_MPPT_Step_Reduction_Fact+0x2>
    42f6:	f0 92 a7 14 	sts	0x14A7, r15	; 0x8014a7 <LOAD_MPPT_Step_Reduction_Fact+0x3>
    42fa:	c1 2c       	mov	r12, r1
    42fc:	f4 e2       	ldi	r31, 0x24	; 36
    42fe:	df 2e       	mov	r13, r31
    4300:	f4 e7       	ldi	r31, 0x74	; 116
    4302:	ef 2e       	mov	r14, r31
    4304:	f9 e4       	ldi	r31, 0x49	; 73
    4306:	ff 2e       	mov	r15, r31
    4308:	c0 92 b1 14 	sts	0x14B1, r12	; 0x8014b1 <LOAD_MPPT_Tolerance_CND>
    430c:	d0 92 b2 14 	sts	0x14B2, r13	; 0x8014b2 <LOAD_MPPT_Tolerance_CND+0x1>
    4310:	e0 92 b3 14 	sts	0x14B3, r14	; 0x8014b3 <LOAD_MPPT_Tolerance_CND+0x2>
    4314:	f0 92 b4 14 	sts	0x14B4, r15	; 0x8014b4 <LOAD_MPPT_Tolerance_CND+0x3>
    4318:	d0 93 be 14 	sts	0x14BE, r29	; 0x8014be <LOAD_MPPT_Timer_Update_Delay+0x1>
    431c:	c0 93 bd 14 	sts	0x14BD, r28	; 0x8014bd <LOAD_MPPT_Timer_Update_Delay>
    4320:	40 92 7e 14 	sts	0x147E, r4	; 0x80147e <LOAD_CurrT_Max_Step_CND>
    4324:	50 92 7f 14 	sts	0x147F, r5	; 0x80147f <LOAD_CurrT_Max_Step_CND+0x1>
    4328:	60 92 80 14 	sts	0x1480, r6	; 0x801480 <LOAD_CurrT_Max_Step_CND+0x2>
    432c:	70 92 81 14 	sts	0x1481, r7	; 0x801481 <LOAD_CurrT_Max_Step_CND+0x3>
    4330:	80 93 2d 14 	sts	0x142D, r24	; 0x80142d <LOAD_CurrT_Min_Step_CND>
    4334:	90 93 2e 14 	sts	0x142E, r25	; 0x80142e <LOAD_CurrT_Min_Step_CND+0x1>
    4338:	a0 93 2f 14 	sts	0x142F, r26	; 0x80142f <LOAD_CurrT_Min_Step_CND+0x2>
    433c:	b0 93 30 14 	sts	0x1430, r27	; 0x801430 <LOAD_CurrT_Min_Step_CND+0x3>
    4340:	80 92 5d 14 	sts	0x145D, r8	; 0x80145d <LOAD_CurrT_Step_Increase_Fact>
    4344:	90 92 5e 14 	sts	0x145E, r9	; 0x80145e <LOAD_CurrT_Step_Increase_Fact+0x1>
    4348:	a0 92 5f 14 	sts	0x145F, r10	; 0x80145f <LOAD_CurrT_Step_Increase_Fact+0x2>
    434c:	b0 92 60 14 	sts	0x1460, r11	; 0x801460 <LOAD_CurrT_Step_Increase_Fact+0x3>
    4350:	8a e9       	ldi	r24, 0x9A	; 154
    4352:	99 e9       	ldi	r25, 0x99	; 153
    4354:	a9 e1       	ldi	r26, 0x19	; 25
    4356:	bf e3       	ldi	r27, 0x3F	; 63
    4358:	80 93 ad 14 	sts	0x14AD, r24	; 0x8014ad <LOAD_CurrT_Step_Reduction_Fact>
    435c:	90 93 ae 14 	sts	0x14AE, r25	; 0x8014ae <LOAD_CurrT_Step_Reduction_Fact+0x1>
    4360:	a0 93 af 14 	sts	0x14AF, r26	; 0x8014af <LOAD_CurrT_Step_Reduction_Fact+0x2>
    4364:	b0 93 b0 14 	sts	0x14B0, r27	; 0x8014b0 <LOAD_CurrT_Step_Reduction_Fact+0x3>
    4368:	00 93 66 14 	sts	0x1466, r16	; 0x801466 <LOAD_CurrT_Tolerance_CND>
    436c:	10 93 67 14 	sts	0x1467, r17	; 0x801467 <LOAD_CurrT_Tolerance_CND+0x1>
    4370:	20 93 68 14 	sts	0x1468, r18	; 0x801468 <LOAD_CurrT_Tolerance_CND+0x2>
    4374:	30 93 69 14 	sts	0x1469, r19	; 0x801469 <LOAD_CurrT_Tolerance_CND+0x3>
    4378:	10 92 1f 14 	sts	0x141F, r1	; 0x80141f <SysControl>
    437c:	10 92 a1 14 	sts	0x14A1, r1	; 0x8014a1 <PV_Mode_CTR>
    4380:	10 92 4e 14 	sts	0x144E, r1	; 0x80144e <PV_Volt_Setpoint>
    4384:	10 92 4f 14 	sts	0x144F, r1	; 0x80144f <PV_Volt_Setpoint+0x1>
    4388:	10 92 50 14 	sts	0x1450, r1	; 0x801450 <PV_Volt_Setpoint+0x2>
    438c:	10 92 51 14 	sts	0x1451, r1	; 0x801451 <PV_Volt_Setpoint+0x3>
    4390:	10 92 a9 14 	sts	0x14A9, r1	; 0x8014a9 <PV_Curr_Setpoint>
    4394:	10 92 aa 14 	sts	0x14AA, r1	; 0x8014aa <PV_Curr_Setpoint+0x1>
    4398:	10 92 ab 14 	sts	0x14AB, r1	; 0x8014ab <PV_Curr_Setpoint+0x2>
    439c:	10 92 ac 14 	sts	0x14AC, r1	; 0x8014ac <PV_Curr_Setpoint+0x3>
    43a0:	10 92 c3 14 	sts	0x14C3, r1	; 0x8014c3 <FAN_CTR_State>
    43a4:	c1 2c       	mov	r12, r1
    43a6:	d1 2c       	mov	r13, r1
    43a8:	a0 ef       	ldi	r26, 0xF0	; 240
    43aa:	ea 2e       	mov	r14, r26
    43ac:	a1 e4       	ldi	r26, 0x41	; 65
    43ae:	fa 2e       	mov	r15, r26
    43b0:	c0 92 4a 14 	sts	0x144A, r12	; 0x80144a <FAN_NTC1_T_On>
    43b4:	d0 92 4b 14 	sts	0x144B, r13	; 0x80144b <FAN_NTC1_T_On+0x1>
    43b8:	e0 92 4c 14 	sts	0x144C, r14	; 0x80144c <FAN_NTC1_T_On+0x2>
    43bc:	f0 92 4d 14 	sts	0x144D, r15	; 0x80144d <FAN_NTC1_T_On+0x3>
    43c0:	80 e0       	ldi	r24, 0x00	; 0
    43c2:	90 e0       	ldi	r25, 0x00	; 0
    43c4:	a8 ec       	ldi	r26, 0xC8	; 200
    43c6:	b1 e4       	ldi	r27, 0x41	; 65
    43c8:	80 93 7a 14 	sts	0x147A, r24	; 0x80147a <FAN_NTC1_T_Off>
    43cc:	90 93 7b 14 	sts	0x147B, r25	; 0x80147b <FAN_NTC1_T_Off+0x1>
    43d0:	a0 93 7c 14 	sts	0x147C, r26	; 0x80147c <FAN_NTC1_T_Off+0x2>
    43d4:	b0 93 7d 14 	sts	0x147D, r27	; 0x80147d <FAN_NTC1_T_Off+0x3>
    43d8:	c0 92 6a 14 	sts	0x146A, r12	; 0x80146a <FAN_NTC2_T_On>
    43dc:	d0 92 6b 14 	sts	0x146B, r13	; 0x80146b <FAN_NTC2_T_On+0x1>
    43e0:	e0 92 6c 14 	sts	0x146C, r14	; 0x80146c <FAN_NTC2_T_On+0x2>
    43e4:	f0 92 6d 14 	sts	0x146D, r15	; 0x80146d <FAN_NTC2_T_On+0x3>
    43e8:	80 93 c4 14 	sts	0x14C4, r24	; 0x8014c4 <FAN_NTC2_T_Off>
    43ec:	90 93 c5 14 	sts	0x14C5, r25	; 0x8014c5 <FAN_NTC2_T_Off+0x1>
    43f0:	a0 93 c6 14 	sts	0x14C6, r26	; 0x8014c6 <FAN_NTC2_T_Off+0x2>
    43f4:	b0 93 c7 14 	sts	0x14C7, r27	; 0x8014c7 <FAN_NTC2_T_Off+0x3>
    43f8:	00 93 82 14 	sts	0x1482, r16	; 0x801482 <FAN_Power_On>
    43fc:	10 93 83 14 	sts	0x1483, r17	; 0x801483 <FAN_Power_On+0x1>
    4400:	20 93 84 14 	sts	0x1484, r18	; 0x801484 <FAN_Power_On+0x2>
    4404:	30 93 85 14 	sts	0x1485, r19	; 0x801485 <FAN_Power_On+0x3>
    4408:	40 93 72 14 	sts	0x1472, r20	; 0x801472 <FAN_Power_Off>
    440c:	50 93 73 14 	sts	0x1473, r21	; 0x801473 <FAN_Power_Off+0x1>
    4410:	60 93 74 14 	sts	0x1474, r22	; 0x801474 <FAN_Power_Off+0x2>
    4414:	70 93 75 14 	sts	0x1475, r23	; 0x801475 <FAN_Power_Off+0x3>
    4418:	80 e6       	ldi	r24, 0x60	; 96
    441a:	99 e0       	ldi	r25, 0x09	; 9
    441c:	90 93 a0 14 	sts	0x14A0, r25	; 0x8014a0 <FAN_Switch_Timer_Max+0x1>
    4420:	80 93 9f 14 	sts	0x149F, r24	; 0x80149f <FAN_Switch_Timer_Max>
    4424:	80 e0       	ldi	r24, 0x00	; 0
    4426:	90 e0       	ldi	r25, 0x00	; 0
    4428:	ac e8       	ldi	r26, 0x8C	; 140
    442a:	b2 e4       	ldi	r27, 0x42	; 66
    442c:	80 93 24 14 	sts	0x1424, r24	; 0x801424 <TEMP_MAX_Heat_dissipation>
    4430:	90 93 25 14 	sts	0x1425, r25	; 0x801425 <TEMP_MAX_Heat_dissipation+0x1>
    4434:	a0 93 26 14 	sts	0x1426, r26	; 0x801426 <TEMP_MAX_Heat_dissipation+0x2>
    4438:	b0 93 27 14 	sts	0x1427, r27	; 0x801427 <TEMP_MAX_Heat_dissipation+0x3>
    443c:	e0 93 2c 14 	sts	0x142C, r30	; 0x80142c <TEMP_Heat_dissipation_devices>
    4440:	60 91 84 10 	lds	r22, 0x1084	; 0x801084 <ADC_Num_Avr_VoltCurr>
    4444:	70 91 85 10 	lds	r23, 0x1085	; 0x801085 <ADC_Num_Avr_VoltCurr+0x1>
    4448:	10 91 08 14 	lds	r17, 0x1408	; 0x801408 <ADC_Cycl_Avr_VoltCurr>
    444c:	80 e0       	ldi	r24, 0x00	; 0
    444e:	90 e0       	ldi	r25, 0x00	; 0
    4450:	0e 94 0a 47 	call	0x8e14	; 0x8e14 <__floatunsisf>
    4454:	6b 01       	movw	r12, r22
    4456:	7c 01       	movw	r14, r24
    4458:	61 2f       	mov	r22, r17
    445a:	70 e0       	ldi	r23, 0x00	; 0
    445c:	80 e0       	ldi	r24, 0x00	; 0
    445e:	90 e0       	ldi	r25, 0x00	; 0
    4460:	0e 94 0a 47 	call	0x8e14	; 0x8e14 <__floatunsisf>
    4464:	9b 01       	movw	r18, r22
    4466:	ac 01       	movw	r20, r24
    4468:	c7 01       	movw	r24, r14
    446a:	b6 01       	movw	r22, r12
    446c:	0e 94 9a 48 	call	0x9134	; 0x9134 <__mulsf3>
    4470:	9b 01       	movw	r18, r22
    4472:	ac 01       	movw	r20, r24
    4474:	60 e0       	ldi	r22, 0x00	; 0
    4476:	70 e0       	ldi	r23, 0x00	; 0
    4478:	80 e8       	ldi	r24, 0x80	; 128
    447a:	9f e3       	ldi	r25, 0x3F	; 63
    447c:	0e 94 40 46 	call	0x8c80	; 0x8c80 <__divsf3>
    4480:	60 93 9b 10 	sts	0x109B, r22	; 0x80109b <ADC_Avr_Mult_VoltCurr>
    4484:	70 93 9c 10 	sts	0x109C, r23	; 0x80109c <ADC_Avr_Mult_VoltCurr+0x1>
    4488:	80 93 9d 10 	sts	0x109D, r24	; 0x80109d <ADC_Avr_Mult_VoltCurr+0x2>
    448c:	90 93 9e 10 	sts	0x109E, r25	; 0x80109e <ADC_Avr_Mult_VoltCurr+0x3>
    4490:	60 91 40 12 	lds	r22, 0x1240	; 0x801240 <ADC_Num_Avr_Other>
    4494:	70 e0       	ldi	r23, 0x00	; 0
    4496:	80 e0       	ldi	r24, 0x00	; 0
    4498:	90 e0       	ldi	r25, 0x00	; 0
    449a:	0e 94 0a 47 	call	0x8e14	; 0x8e14 <__floatunsisf>
    449e:	9b 01       	movw	r18, r22
    44a0:	ac 01       	movw	r20, r24
    44a2:	60 e0       	ldi	r22, 0x00	; 0
    44a4:	70 e0       	ldi	r23, 0x00	; 0
    44a6:	80 e8       	ldi	r24, 0x80	; 128
    44a8:	9f e3       	ldi	r25, 0x3F	; 63
    44aa:	0e 94 40 46 	call	0x8c80	; 0x8c80 <__divsf3>
    44ae:	60 93 52 12 	sts	0x1252, r22	; 0x801252 <ADC_Avr_Mult_Other>
    44b2:	70 93 53 12 	sts	0x1253, r23	; 0x801253 <ADC_Avr_Mult_Other+0x1>
    44b6:	80 93 54 12 	sts	0x1254, r24	; 0x801254 <ADC_Avr_Mult_Other+0x2>
    44ba:	90 93 55 12 	sts	0x1255, r25	; 0x801255 <ADC_Avr_Mult_Other+0x3>
    44be:	60 91 93 14 	lds	r22, 0x1493	; 0x801493 <F_CPU_CAL>
    44c2:	70 91 94 14 	lds	r23, 0x1494	; 0x801494 <F_CPU_CAL+0x1>
    44c6:	80 91 95 14 	lds	r24, 0x1495	; 0x801495 <F_CPU_CAL+0x2>
    44ca:	90 91 96 14 	lds	r25, 0x1496	; 0x801496 <F_CPU_CAL+0x3>
    44ce:	0e 94 0c 47 	call	0x8e18	; 0x8e18 <__floatsisf>
    44d2:	20 e0       	ldi	r18, 0x00	; 0
    44d4:	34 e2       	ldi	r19, 0x24	; 36
    44d6:	44 e7       	ldi	r20, 0x74	; 116
    44d8:	59 e4       	ldi	r21, 0x49	; 73
    44da:	0e 94 40 46 	call	0x8c80	; 0x8c80 <__divsf3>
    44de:	9b 01       	movw	r18, r22
    44e0:	ac 01       	movw	r20, r24
    44e2:	60 e0       	ldi	r22, 0x00	; 0
    44e4:	70 e0       	ldi	r23, 0x00	; 0
    44e6:	80 e8       	ldi	r24, 0x80	; 128
    44e8:	9f e3       	ldi	r25, 0x3F	; 63
    44ea:	0e 94 40 46 	call	0x8c80	; 0x8c80 <__divsf3>
    44ee:	20 e0       	ldi	r18, 0x00	; 0
    44f0:	30 e0       	ldi	r19, 0x00	; 0
    44f2:	4d e3       	ldi	r20, 0x3D	; 61
    44f4:	53 e4       	ldi	r21, 0x43	; 67
    44f6:	0e 94 9a 48 	call	0x9134	; 0x9134 <__mulsf3>
    44fa:	60 93 bf 02 	sts	0x02BF, r22	; 0x8002bf <Trs_Meas_Time_us>
    44fe:	70 93 c0 02 	sts	0x02C0, r23	; 0x8002c0 <Trs_Meas_Time_us+0x1>
    4502:	80 93 c1 02 	sts	0x02C1, r24	; 0x8002c1 <Trs_Meas_Time_us+0x2>
    4506:	90 93 c2 02 	sts	0x02C2, r25	; 0x8002c2 <Trs_Meas_Time_us+0x3>
    450a:	60 91 93 14 	lds	r22, 0x1493	; 0x801493 <F_CPU_CAL>
    450e:	70 91 94 14 	lds	r23, 0x1494	; 0x801494 <F_CPU_CAL+0x1>
    4512:	80 91 95 14 	lds	r24, 0x1495	; 0x801495 <F_CPU_CAL+0x2>
    4516:	90 91 96 14 	lds	r25, 0x1496	; 0x801496 <F_CPU_CAL+0x3>
    451a:	0e 94 0c 47 	call	0x8e18	; 0x8e18 <__floatsisf>
    451e:	20 e0       	ldi	r18, 0x00	; 0
    4520:	34 e2       	ldi	r19, 0x24	; 36
    4522:	44 e7       	ldi	r20, 0x74	; 116
    4524:	59 e4       	ldi	r21, 0x49	; 73
    4526:	0e 94 40 46 	call	0x8c80	; 0x8c80 <__divsf3>
    452a:	9b 01       	movw	r18, r22
    452c:	ac 01       	movw	r20, r24
    452e:	60 e0       	ldi	r22, 0x00	; 0
    4530:	70 e0       	ldi	r23, 0x00	; 0
    4532:	80 e8       	ldi	r24, 0x80	; 128
    4534:	9f e3       	ldi	r25, 0x3F	; 63
    4536:	0e 94 40 46 	call	0x8c80	; 0x8c80 <__divsf3>
    453a:	20 e0       	ldi	r18, 0x00	; 0
    453c:	30 e0       	ldi	r19, 0x00	; 0
    453e:	40 e0       	ldi	r20, 0x00	; 0
    4540:	51 e4       	ldi	r21, 0x41	; 65
    4542:	0e 94 9a 48 	call	0x9134	; 0x9134 <__mulsf3>
    4546:	60 93 ac 02 	sts	0x02AC, r22	; 0x8002ac <Trs_Delay_Res_us>
    454a:	70 93 ad 02 	sts	0x02AD, r23	; 0x8002ad <Trs_Delay_Res_us+0x1>
    454e:	80 93 ae 02 	sts	0x02AE, r24	; 0x8002ae <Trs_Delay_Res_us+0x2>
    4552:	90 93 af 02 	sts	0x02AF, r25	; 0x8002af <Trs_Delay_Res_us+0x3>
    4556:	df 91       	pop	r29
    4558:	cf 91       	pop	r28
    455a:	1f 91       	pop	r17
    455c:	0f 91       	pop	r16
    455e:	ff 90       	pop	r15
    4560:	ef 90       	pop	r14
    4562:	df 90       	pop	r13
    4564:	cf 90       	pop	r12
    4566:	bf 90       	pop	r11
    4568:	af 90       	pop	r10
    456a:	9f 90       	pop	r9
    456c:	8f 90       	pop	r8
    456e:	7f 90       	pop	r7
    4570:	6f 90       	pop	r6
    4572:	5f 90       	pop	r5
    4574:	4f 90       	pop	r4
    4576:	08 95       	ret

00004578 <EEPROM_ACCESS_UART>:
    4578:	8f 92       	push	r8
    457a:	9f 92       	push	r9
    457c:	af 92       	push	r10
    457e:	bf 92       	push	r11
    4580:	df 92       	push	r13
    4582:	ef 92       	push	r14
    4584:	ff 92       	push	r15
    4586:	0f 93       	push	r16
    4588:	1f 93       	push	r17
    458a:	cf 93       	push	r28
    458c:	df 93       	push	r29
    458e:	cd b7       	in	r28, 0x3d	; 61
    4590:	de b7       	in	r29, 0x3e	; 62
    4592:	c5 57       	subi	r28, 0x75	; 117
    4594:	d1 09       	sbc	r29, r1
    4596:	0f b6       	in	r0, 0x3f	; 63
    4598:	f8 94       	cli
    459a:	de bf       	out	0x3e, r29	; 62
    459c:	0f be       	out	0x3f, r0	; 63
    459e:	cd bf       	out	0x3d, r28	; 61
    45a0:	8c 01       	movw	r16, r24
    45a2:	f6 2e       	mov	r15, r22
    45a4:	81 e0       	ldi	r24, 0x01	; 1
    45a6:	68 13       	cpse	r22, r24
    45a8:	3d c0       	rjmp	.+122    	; 0x4624 <EEPROM_ACCESS_UART+0xac>
    45aa:	f8 01       	movw	r30, r16
    45ac:	ce 01       	movw	r24, r28
    45ae:	01 96       	adiw	r24, 0x01	; 1
    45b0:	4c 01       	movw	r8, r24
    45b2:	dc 01       	movw	r26, r24
    45b4:	d1 2c       	mov	r13, r1
    45b6:	5c 01       	movw	r10, r24
    45b8:	81 91       	ld	r24, Z+
    45ba:	89 30       	cpi	r24, 0x09	; 9
    45bc:	69 f0       	breq	.+26     	; 0x45d8 <EEPROM_ACCESS_UART+0x60>
    45be:	81 11       	cpse	r24, r1
    45c0:	05 c0       	rjmp	.+10     	; 0x45cc <EEPROM_ACCESS_UART+0x54>
    45c2:	80 e8       	ldi	r24, 0x80	; 128
    45c4:	92 e0       	ldi	r25, 0x02	; 2
    45c6:	0e 94 1d 0b 	call	0x163a	; 0x163a <UART_WriteString>
    45ca:	5d c6       	rjmp	.+3258   	; 0x5286 <EEPROM_ACCESS_UART+0xd0e>
    45cc:	8d 93       	st	X+, r24
    45ce:	d3 94       	inc	r13
    45d0:	96 e0       	ldi	r25, 0x06	; 6
    45d2:	d9 12       	cpse	r13, r25
    45d4:	f1 cf       	rjmp	.-30     	; 0x45b8 <EEPROM_ACCESS_UART+0x40>
    45d6:	f5 cf       	rjmp	.-22     	; 0x45c2 <EEPROM_ACCESS_UART+0x4a>
    45d8:	f4 01       	movw	r30, r8
    45da:	ed 0d       	add	r30, r13
    45dc:	f1 1d       	adc	r31, r1
    45de:	10 82       	st	Z, r1
    45e0:	c4 01       	movw	r24, r8
    45e2:	0e 94 1e 4a 	call	0x943c	; 0x943c <atoi>
    45e6:	e8 2e       	mov	r14, r24
    45e8:	d3 94       	inc	r13
    45ea:	90 e0       	ldi	r25, 0x00	; 0
    45ec:	f8 01       	movw	r30, r16
    45ee:	ed 0d       	add	r30, r13
    45f0:	f1 1d       	adc	r31, r1
    45f2:	20 81       	ld	r18, Z
    45f4:	22 23       	and	r18, r18
    45f6:	61 f0       	breq	.+24     	; 0x4610 <EEPROM_ACCESS_UART+0x98>
    45f8:	f4 01       	movw	r30, r8
    45fa:	21 93       	st	Z+, r18
    45fc:	4f 01       	movw	r8, r30
    45fe:	d3 94       	inc	r13
    4600:	9f 5f       	subi	r25, 0xFF	; 255
    4602:	91 36       	cpi	r25, 0x61	; 97
    4604:	99 f7       	brne	.-26     	; 0x45ec <EEPROM_ACCESS_UART+0x74>
    4606:	80 e9       	ldi	r24, 0x90	; 144
    4608:	92 e0       	ldi	r25, 0x02	; 2
    460a:	0e 94 1d 0b 	call	0x163a	; 0x163a <UART_WriteString>
    460e:	3b c6       	rjmp	.+3190   	; 0x5286 <EEPROM_ACCESS_UART+0xd0e>
    4610:	f5 01       	movw	r30, r10
    4612:	e9 0f       	add	r30, r25
    4614:	f1 1d       	adc	r31, r1
    4616:	10 82       	st	Z, r1
    4618:	4a e0       	ldi	r20, 0x0A	; 10
    461a:	b8 01       	movw	r22, r16
    461c:	90 e0       	ldi	r25, 0x00	; 0
    461e:	0e 94 40 4b 	call	0x9680	; 0x9680 <__itoa_ncheck>
    4622:	04 c0       	rjmp	.+8      	; 0x462c <EEPROM_ACCESS_UART+0xb4>
    4624:	c8 01       	movw	r24, r16
    4626:	0e 94 1e 4a 	call	0x943c	; 0x943c <atoi>
    462a:	e8 2e       	mov	r14, r24
    462c:	60 ea       	ldi	r22, 0xA0	; 160
    462e:	72 e0       	ldi	r23, 0x02	; 2
    4630:	c8 01       	movw	r24, r16
    4632:	0e 94 1a 0c 	call	0x1834	; 0x1834 <AddEnd_String>
    4636:	e1 10       	cpse	r14, r1
    4638:	0a c0       	rjmp	.+20     	; 0x464e <EEPROM_ACCESS_UART+0xd6>
    463a:	98 01       	movw	r18, r16
    463c:	ae 01       	movw	r20, r28
    463e:	4f 5f       	subi	r20, 0xFF	; 255
    4640:	5f 4f       	sbci	r21, 0xFF	; 255
    4642:	6f 2d       	mov	r22, r15
    4644:	80 e1       	ldi	r24, 0x10	; 16
    4646:	90 e0       	ldi	r25, 0x00	; 0
    4648:	0e 94 31 19 	call	0x3262	; 0x3262 <COM_EROM_ACCESS_UINT8>
    464c:	1c c6       	rjmp	.+3128   	; 0x5286 <EEPROM_ACCESS_UART+0xd0e>
    464e:	f1 e0       	ldi	r31, 0x01	; 1
    4650:	ef 12       	cpse	r14, r31
    4652:	21 c0       	rjmp	.+66     	; 0x4696 <EEPROM_ACCESS_UART+0x11e>
    4654:	ff 12       	cpse	r15, r31
    4656:	11 c0       	rjmp	.+34     	; 0x467a <EEPROM_ACCESS_UART+0x102>
    4658:	be 01       	movw	r22, r28
    465a:	6f 5f       	subi	r22, 0xFF	; 255
    465c:	7f 4f       	sbci	r23, 0xFF	; 255
    465e:	ce 01       	movw	r24, r28
    4660:	8f 59       	subi	r24, 0x9F	; 159
    4662:	9f 4f       	sbci	r25, 0xFF	; 255
    4664:	0e 94 09 0c 	call	0x1812	; 0x1812 <Copy_String>
    4668:	44 e1       	ldi	r20, 0x14	; 20
    466a:	50 e0       	ldi	r21, 0x00	; 0
    466c:	63 ed       	ldi	r22, 0xD3	; 211
    466e:	70 e0       	ldi	r23, 0x00	; 0
    4670:	ce 01       	movw	r24, r28
    4672:	8f 59       	subi	r24, 0x9F	; 159
    4674:	9f 4f       	sbci	r25, 0xFF	; 255
    4676:	0e 94 4d 4d 	call	0x9a9a	; 0x9a9a <eeprom_write_block>
    467a:	44 e1       	ldi	r20, 0x14	; 20
    467c:	63 ed       	ldi	r22, 0xD3	; 211
    467e:	70 e0       	ldi	r23, 0x00	; 0
    4680:	ce 01       	movw	r24, r28
    4682:	8f 59       	subi	r24, 0x9F	; 159
    4684:	9f 4f       	sbci	r25, 0xFF	; 255
    4686:	60 d9       	rcall	.-3392   	; 0x3948 <EEPROM_READ_STRING>
    4688:	be 01       	movw	r22, r28
    468a:	6f 59       	subi	r22, 0x9F	; 159
    468c:	7f 4f       	sbci	r23, 0xFF	; 255
    468e:	c8 01       	movw	r24, r16
    4690:	0e 94 1a 0c 	call	0x1834	; 0x1834 <AddEnd_String>
    4694:	f8 c5       	rjmp	.+3056   	; 0x5286 <EEPROM_ACCESS_UART+0xd0e>
    4696:	82 e0       	ldi	r24, 0x02	; 2
    4698:	e8 12       	cpse	r14, r24
    469a:	0a c0       	rjmp	.+20     	; 0x46b0 <EEPROM_ACCESS_UART+0x138>
    469c:	98 01       	movw	r18, r16
    469e:	ae 01       	movw	r20, r28
    46a0:	4f 5f       	subi	r20, 0xFF	; 255
    46a2:	5f 4f       	sbci	r21, 0xFF	; 255
    46a4:	6f 2d       	mov	r22, r15
    46a6:	88 e5       	ldi	r24, 0x58	; 88
    46a8:	90 e0       	ldi	r25, 0x00	; 0
    46aa:	0e 94 31 19 	call	0x3262	; 0x3262 <COM_EROM_ACCESS_UINT8>
    46ae:	eb c5       	rjmp	.+3030   	; 0x5286 <EEPROM_ACCESS_UART+0xd0e>
    46b0:	93 e0       	ldi	r25, 0x03	; 3
    46b2:	e9 12       	cpse	r14, r25
    46b4:	0a c0       	rjmp	.+20     	; 0x46ca <EEPROM_ACCESS_UART+0x152>
    46b6:	98 01       	movw	r18, r16
    46b8:	ae 01       	movw	r20, r28
    46ba:	4f 5f       	subi	r20, 0xFF	; 255
    46bc:	5f 4f       	sbci	r21, 0xFF	; 255
    46be:	6f 2d       	mov	r22, r15
    46c0:	86 e5       	ldi	r24, 0x56	; 86
    46c2:	90 e0       	ldi	r25, 0x00	; 0
    46c4:	0e 94 31 19 	call	0x3262	; 0x3262 <COM_EROM_ACCESS_UINT8>
    46c8:	de c5       	rjmp	.+3004   	; 0x5286 <EEPROM_ACCESS_UART+0xd0e>
    46ca:	e5 e0       	ldi	r30, 0x05	; 5
    46cc:	ee 12       	cpse	r14, r30
    46ce:	26 c0       	rjmp	.+76     	; 0x471c <EEPROM_ACCESS_UART+0x1a4>
    46d0:	f1 e0       	ldi	r31, 0x01	; 1
    46d2:	ff 12       	cpse	r15, r31
    46d4:	13 c0       	rjmp	.+38     	; 0x46fc <EEPROM_ACCESS_UART+0x184>
    46d6:	ce 01       	movw	r24, r28
    46d8:	01 96       	adiw	r24, 0x01	; 1
    46da:	0e 94 3b 4a 	call	0x9476	; 0x9476 <atol>
    46de:	a5 96       	adiw	r28, 0x25	; 37
    46e0:	6c af       	std	Y+60, r22	; 0x3c
    46e2:	7d af       	std	Y+61, r23	; 0x3d
    46e4:	8e af       	std	Y+62, r24	; 0x3e
    46e6:	9f af       	std	Y+63, r25	; 0x3f
    46e8:	a5 97       	sbiw	r28, 0x25	; 37
    46ea:	44 e0       	ldi	r20, 0x04	; 4
    46ec:	50 e0       	ldi	r21, 0x00	; 0
    46ee:	68 ee       	ldi	r22, 0xE8	; 232
    46f0:	70 e0       	ldi	r23, 0x00	; 0
    46f2:	ce 01       	movw	r24, r28
    46f4:	8f 59       	subi	r24, 0x9F	; 159
    46f6:	9f 4f       	sbci	r25, 0xFF	; 255
    46f8:	0e 94 4d 4d 	call	0x9a9a	; 0x9a9a <eeprom_write_block>
    46fc:	88 ee       	ldi	r24, 0xE8	; 232
    46fe:	90 e0       	ldi	r25, 0x00	; 0
    4700:	0b d9       	rcall	.-3562   	; 0x3918 <EEPROM_READ_INT32>
    4702:	2a e0       	ldi	r18, 0x0A	; 10
    4704:	ae 01       	movw	r20, r28
    4706:	4f 5f       	subi	r20, 0xFF	; 255
    4708:	5f 4f       	sbci	r21, 0xFF	; 255
    470a:	0e 94 4a 4b 	call	0x9694	; 0x9694 <__ltoa_ncheck>
    470e:	be 01       	movw	r22, r28
    4710:	6f 5f       	subi	r22, 0xFF	; 255
    4712:	7f 4f       	sbci	r23, 0xFF	; 255
    4714:	c8 01       	movw	r24, r16
    4716:	0e 94 1a 0c 	call	0x1834	; 0x1834 <AddEnd_String>
    471a:	b5 c5       	rjmp	.+2922   	; 0x5286 <EEPROM_ACCESS_UART+0xd0e>
    471c:	86 e0       	ldi	r24, 0x06	; 6
    471e:	e8 12       	cpse	r14, r24
    4720:	0a c0       	rjmp	.+20     	; 0x4736 <EEPROM_ACCESS_UART+0x1be>
    4722:	98 01       	movw	r18, r16
    4724:	ae 01       	movw	r20, r28
    4726:	4f 5f       	subi	r20, 0xFF	; 255
    4728:	5f 4f       	sbci	r21, 0xFF	; 255
    472a:	6f 2d       	mov	r22, r15
    472c:	8b e5       	ldi	r24, 0x5B	; 91
    472e:	90 e0       	ldi	r25, 0x00	; 0
    4730:	0e 94 5f 19 	call	0x32be	; 0x32be <COM_EROM_ACCESS_UINT16>
    4734:	a8 c5       	rjmp	.+2896   	; 0x5286 <EEPROM_ACCESS_UART+0xd0e>
    4736:	97 e0       	ldi	r25, 0x07	; 7
    4738:	e9 12       	cpse	r14, r25
    473a:	0a c0       	rjmp	.+20     	; 0x4750 <EEPROM_ACCESS_UART+0x1d8>
    473c:	98 01       	movw	r18, r16
    473e:	ae 01       	movw	r20, r28
    4740:	4f 5f       	subi	r20, 0xFF	; 255
    4742:	5f 4f       	sbci	r21, 0xFF	; 255
    4744:	6f 2d       	mov	r22, r15
    4746:	8a e5       	ldi	r24, 0x5A	; 90
    4748:	90 e0       	ldi	r25, 0x00	; 0
    474a:	0e 94 31 19 	call	0x3262	; 0x3262 <COM_EROM_ACCESS_UINT8>
    474e:	9b c5       	rjmp	.+2870   	; 0x5286 <EEPROM_ACCESS_UART+0xd0e>
    4750:	e8 e0       	ldi	r30, 0x08	; 8
    4752:	ee 12       	cpse	r14, r30
    4754:	0a c0       	rjmp	.+20     	; 0x476a <EEPROM_ACCESS_UART+0x1f2>
    4756:	98 01       	movw	r18, r16
    4758:	ae 01       	movw	r20, r28
    475a:	4f 5f       	subi	r20, 0xFF	; 255
    475c:	5f 4f       	sbci	r21, 0xFF	; 255
    475e:	6f 2d       	mov	r22, r15
    4760:	89 e5       	ldi	r24, 0x59	; 89
    4762:	90 e0       	ldi	r25, 0x00	; 0
    4764:	0e 94 31 19 	call	0x3262	; 0x3262 <COM_EROM_ACCESS_UINT8>
    4768:	8e c5       	rjmp	.+2844   	; 0x5286 <EEPROM_ACCESS_UART+0xd0e>
    476a:	fa e0       	ldi	r31, 0x0A	; 10
    476c:	ef 12       	cpse	r14, r31
    476e:	0a c0       	rjmp	.+20     	; 0x4784 <EEPROM_ACCESS_UART+0x20c>
    4770:	98 01       	movw	r18, r16
    4772:	ae 01       	movw	r20, r28
    4774:	4f 5f       	subi	r20, 0xFF	; 255
    4776:	5f 4f       	sbci	r21, 0xFF	; 255
    4778:	6f 2d       	mov	r22, r15
    477a:	8f e4       	ldi	r24, 0x4F	; 79
    477c:	90 e0       	ldi	r25, 0x00	; 0
    477e:	0e 94 5f 19 	call	0x32be	; 0x32be <COM_EROM_ACCESS_UINT16>
    4782:	81 c5       	rjmp	.+2818   	; 0x5286 <EEPROM_ACCESS_UART+0xd0e>
    4784:	8b e0       	ldi	r24, 0x0B	; 11
    4786:	e8 12       	cpse	r14, r24
    4788:	0a c0       	rjmp	.+20     	; 0x479e <EEPROM_ACCESS_UART+0x226>
    478a:	98 01       	movw	r18, r16
    478c:	ae 01       	movw	r20, r28
    478e:	4f 5f       	subi	r20, 0xFF	; 255
    4790:	5f 4f       	sbci	r21, 0xFF	; 255
    4792:	6f 2d       	mov	r22, r15
    4794:	8d e4       	ldi	r24, 0x4D	; 77
    4796:	90 e0       	ldi	r25, 0x00	; 0
    4798:	0e 94 31 19 	call	0x3262	; 0x3262 <COM_EROM_ACCESS_UINT8>
    479c:	74 c5       	rjmp	.+2792   	; 0x5286 <EEPROM_ACCESS_UART+0xd0e>
    479e:	9c e0       	ldi	r25, 0x0C	; 12
    47a0:	e9 12       	cpse	r14, r25
    47a2:	0a c0       	rjmp	.+20     	; 0x47b8 <EEPROM_ACCESS_UART+0x240>
    47a4:	98 01       	movw	r18, r16
    47a6:	ae 01       	movw	r20, r28
    47a8:	4f 5f       	subi	r20, 0xFF	; 255
    47aa:	5f 4f       	sbci	r21, 0xFF	; 255
    47ac:	6f 2d       	mov	r22, r15
    47ae:	8e e4       	ldi	r24, 0x4E	; 78
    47b0:	90 e0       	ldi	r25, 0x00	; 0
    47b2:	0e 94 31 19 	call	0x3262	; 0x3262 <COM_EROM_ACCESS_UINT8>
    47b6:	67 c5       	rjmp	.+2766   	; 0x5286 <EEPROM_ACCESS_UART+0xd0e>
    47b8:	e4 e1       	ldi	r30, 0x14	; 20
    47ba:	ee 12       	cpse	r14, r30
    47bc:	0a c0       	rjmp	.+20     	; 0x47d2 <EEPROM_ACCESS_UART+0x25a>
    47be:	98 01       	movw	r18, r16
    47c0:	ae 01       	movw	r20, r28
    47c2:	4f 5f       	subi	r20, 0xFF	; 255
    47c4:	5f 4f       	sbci	r21, 0xFF	; 255
    47c6:	6f 2d       	mov	r22, r15
    47c8:	8e e8       	ldi	r24, 0x8E	; 142
    47ca:	91 e0       	ldi	r25, 0x01	; 1
    47cc:	0e 94 31 19 	call	0x3262	; 0x3262 <COM_EROM_ACCESS_UINT8>
    47d0:	5a c5       	rjmp	.+2740   	; 0x5286 <EEPROM_ACCESS_UART+0xd0e>
    47d2:	f5 e1       	ldi	r31, 0x15	; 21
    47d4:	ef 12       	cpse	r14, r31
    47d6:	0a c0       	rjmp	.+20     	; 0x47ec <EEPROM_ACCESS_UART+0x274>
    47d8:	98 01       	movw	r18, r16
    47da:	ae 01       	movw	r20, r28
    47dc:	4f 5f       	subi	r20, 0xFF	; 255
    47de:	5f 4f       	sbci	r21, 0xFF	; 255
    47e0:	6f 2d       	mov	r22, r15
    47e2:	8d e8       	ldi	r24, 0x8D	; 141
    47e4:	91 e0       	ldi	r25, 0x01	; 1
    47e6:	0e 94 31 19 	call	0x3262	; 0x3262 <COM_EROM_ACCESS_UINT8>
    47ea:	4d c5       	rjmp	.+2714   	; 0x5286 <EEPROM_ACCESS_UART+0xd0e>
    47ec:	86 e1       	ldi	r24, 0x16	; 22
    47ee:	e8 12       	cpse	r14, r24
    47f0:	0a c0       	rjmp	.+20     	; 0x4806 <EEPROM_ACCESS_UART+0x28e>
    47f2:	98 01       	movw	r18, r16
    47f4:	ae 01       	movw	r20, r28
    47f6:	4f 5f       	subi	r20, 0xFF	; 255
    47f8:	5f 4f       	sbci	r21, 0xFF	; 255
    47fa:	6f 2d       	mov	r22, r15
    47fc:	8c e8       	ldi	r24, 0x8C	; 140
    47fe:	91 e0       	ldi	r25, 0x01	; 1
    4800:	0e 94 31 19 	call	0x3262	; 0x3262 <COM_EROM_ACCESS_UINT8>
    4804:	40 c5       	rjmp	.+2688   	; 0x5286 <EEPROM_ACCESS_UART+0xd0e>
    4806:	97 e1       	ldi	r25, 0x17	; 23
    4808:	e9 12       	cpse	r14, r25
    480a:	0a c0       	rjmp	.+20     	; 0x4820 <EEPROM_ACCESS_UART+0x2a8>
    480c:	98 01       	movw	r18, r16
    480e:	ae 01       	movw	r20, r28
    4810:	4f 5f       	subi	r20, 0xFF	; 255
    4812:	5f 4f       	sbci	r21, 0xFF	; 255
    4814:	6f 2d       	mov	r22, r15
    4816:	86 e8       	ldi	r24, 0x86	; 134
    4818:	91 e0       	ldi	r25, 0x01	; 1
    481a:	0e 94 5f 19 	call	0x32be	; 0x32be <COM_EROM_ACCESS_UINT16>
    481e:	33 c5       	rjmp	.+2662   	; 0x5286 <EEPROM_ACCESS_UART+0xd0e>
    4820:	e8 e1       	ldi	r30, 0x18	; 24
    4822:	ee 12       	cpse	r14, r30
    4824:	0a c0       	rjmp	.+20     	; 0x483a <EEPROM_ACCESS_UART+0x2c2>
    4826:	98 01       	movw	r18, r16
    4828:	ae 01       	movw	r20, r28
    482a:	4f 5f       	subi	r20, 0xFF	; 255
    482c:	5f 4f       	sbci	r21, 0xFF	; 255
    482e:	6f 2d       	mov	r22, r15
    4830:	88 e8       	ldi	r24, 0x88	; 136
    4832:	91 e0       	ldi	r25, 0x01	; 1
    4834:	0e 94 5f 19 	call	0x32be	; 0x32be <COM_EROM_ACCESS_UINT16>
    4838:	26 c5       	rjmp	.+2636   	; 0x5286 <EEPROM_ACCESS_UART+0xd0e>
    483a:	f5 e5       	ldi	r31, 0x55	; 85
    483c:	ef 12       	cpse	r14, r31
    483e:	0a c0       	rjmp	.+20     	; 0x4854 <EEPROM_ACCESS_UART+0x2dc>
    4840:	98 01       	movw	r18, r16
    4842:	ae 01       	movw	r20, r28
    4844:	4f 5f       	subi	r20, 0xFF	; 255
    4846:	5f 4f       	sbci	r21, 0xFF	; 255
    4848:	6f 2d       	mov	r22, r15
    484a:	84 e8       	ldi	r24, 0x84	; 132
    484c:	91 e0       	ldi	r25, 0x01	; 1
    484e:	0e 94 31 19 	call	0x3262	; 0x3262 <COM_EROM_ACCESS_UINT8>
    4852:	19 c5       	rjmp	.+2610   	; 0x5286 <EEPROM_ACCESS_UART+0xd0e>
    4854:	86 e5       	ldi	r24, 0x56	; 86
    4856:	e8 12       	cpse	r14, r24
    4858:	0a c0       	rjmp	.+20     	; 0x486e <EEPROM_ACCESS_UART+0x2f6>
    485a:	98 01       	movw	r18, r16
    485c:	ae 01       	movw	r20, r28
    485e:	4f 5f       	subi	r20, 0xFF	; 255
    4860:	5f 4f       	sbci	r21, 0xFF	; 255
    4862:	6f 2d       	mov	r22, r15
    4864:	85 e8       	ldi	r24, 0x85	; 133
    4866:	91 e0       	ldi	r25, 0x01	; 1
    4868:	0e 94 31 19 	call	0x3262	; 0x3262 <COM_EROM_ACCESS_UINT8>
    486c:	0c c5       	rjmp	.+2584   	; 0x5286 <EEPROM_ACCESS_UART+0xd0e>
    486e:	99 e1       	ldi	r25, 0x19	; 25
    4870:	e9 12       	cpse	r14, r25
    4872:	0a c0       	rjmp	.+20     	; 0x4888 <EEPROM_ACCESS_UART+0x310>
    4874:	98 01       	movw	r18, r16
    4876:	ae 01       	movw	r20, r28
    4878:	4f 5f       	subi	r20, 0xFF	; 255
    487a:	5f 4f       	sbci	r21, 0xFF	; 255
    487c:	6f 2d       	mov	r22, r15
    487e:	80 e8       	ldi	r24, 0x80	; 128
    4880:	91 e0       	ldi	r25, 0x01	; 1
    4882:	0e 94 f4 18 	call	0x31e8	; 0x31e8 <COM_EROM_ACCESS_FLOAT>
    4886:	ff c4       	rjmp	.+2558   	; 0x5286 <EEPROM_ACCESS_UART+0xd0e>
    4888:	ea e1       	ldi	r30, 0x1A	; 26
    488a:	ee 12       	cpse	r14, r30
    488c:	0a c0       	rjmp	.+20     	; 0x48a2 <EEPROM_ACCESS_UART+0x32a>
    488e:	98 01       	movw	r18, r16
    4890:	ae 01       	movw	r20, r28
    4892:	4f 5f       	subi	r20, 0xFF	; 255
    4894:	5f 4f       	sbci	r21, 0xFF	; 255
    4896:	6f 2d       	mov	r22, r15
    4898:	8c e7       	ldi	r24, 0x7C	; 124
    489a:	91 e0       	ldi	r25, 0x01	; 1
    489c:	0e 94 f4 18 	call	0x31e8	; 0x31e8 <COM_EROM_ACCESS_FLOAT>
    48a0:	f2 c4       	rjmp	.+2532   	; 0x5286 <EEPROM_ACCESS_UART+0xd0e>
    48a2:	fb e1       	ldi	r31, 0x1B	; 27
    48a4:	ef 12       	cpse	r14, r31
    48a6:	0a c0       	rjmp	.+20     	; 0x48bc <EEPROM_ACCESS_UART+0x344>
    48a8:	98 01       	movw	r18, r16
    48aa:	ae 01       	movw	r20, r28
    48ac:	4f 5f       	subi	r20, 0xFF	; 255
    48ae:	5f 4f       	sbci	r21, 0xFF	; 255
    48b0:	6f 2d       	mov	r22, r15
    48b2:	88 e7       	ldi	r24, 0x78	; 120
    48b4:	91 e0       	ldi	r25, 0x01	; 1
    48b6:	0e 94 f4 18 	call	0x31e8	; 0x31e8 <COM_EROM_ACCESS_FLOAT>
    48ba:	e5 c4       	rjmp	.+2506   	; 0x5286 <EEPROM_ACCESS_UART+0xd0e>
    48bc:	8c e1       	ldi	r24, 0x1C	; 28
    48be:	e8 12       	cpse	r14, r24
    48c0:	0a c0       	rjmp	.+20     	; 0x48d6 <EEPROM_ACCESS_UART+0x35e>
    48c2:	98 01       	movw	r18, r16
    48c4:	ae 01       	movw	r20, r28
    48c6:	4f 5f       	subi	r20, 0xFF	; 255
    48c8:	5f 4f       	sbci	r21, 0xFF	; 255
    48ca:	6f 2d       	mov	r22, r15
    48cc:	84 e7       	ldi	r24, 0x74	; 116
    48ce:	91 e0       	ldi	r25, 0x01	; 1
    48d0:	0e 94 f4 18 	call	0x31e8	; 0x31e8 <COM_EROM_ACCESS_FLOAT>
    48d4:	d8 c4       	rjmp	.+2480   	; 0x5286 <EEPROM_ACCESS_UART+0xd0e>
    48d6:	9e e1       	ldi	r25, 0x1E	; 30
    48d8:	e9 12       	cpse	r14, r25
    48da:	0a c0       	rjmp	.+20     	; 0x48f0 <EEPROM_ACCESS_UART+0x378>
    48dc:	98 01       	movw	r18, r16
    48de:	ae 01       	movw	r20, r28
    48e0:	4f 5f       	subi	r20, 0xFF	; 255
    48e2:	5f 4f       	sbci	r21, 0xFF	; 255
    48e4:	6f 2d       	mov	r22, r15
    48e6:	80 e7       	ldi	r24, 0x70	; 112
    48e8:	91 e0       	ldi	r25, 0x01	; 1
    48ea:	0e 94 f4 18 	call	0x31e8	; 0x31e8 <COM_EROM_ACCESS_FLOAT>
    48ee:	cb c4       	rjmp	.+2454   	; 0x5286 <EEPROM_ACCESS_UART+0xd0e>
    48f0:	ef e1       	ldi	r30, 0x1F	; 31
    48f2:	ee 12       	cpse	r14, r30
    48f4:	0a c0       	rjmp	.+20     	; 0x490a <EEPROM_ACCESS_UART+0x392>
    48f6:	98 01       	movw	r18, r16
    48f8:	ae 01       	movw	r20, r28
    48fa:	4f 5f       	subi	r20, 0xFF	; 255
    48fc:	5f 4f       	sbci	r21, 0xFF	; 255
    48fe:	6f 2d       	mov	r22, r15
    4900:	8c e6       	ldi	r24, 0x6C	; 108
    4902:	91 e0       	ldi	r25, 0x01	; 1
    4904:	0e 94 f4 18 	call	0x31e8	; 0x31e8 <COM_EROM_ACCESS_FLOAT>
    4908:	be c4       	rjmp	.+2428   	; 0x5286 <EEPROM_ACCESS_UART+0xd0e>
    490a:	f0 e2       	ldi	r31, 0x20	; 32
    490c:	ef 12       	cpse	r14, r31
    490e:	0a c0       	rjmp	.+20     	; 0x4924 <EEPROM_ACCESS_UART+0x3ac>
    4910:	98 01       	movw	r18, r16
    4912:	ae 01       	movw	r20, r28
    4914:	4f 5f       	subi	r20, 0xFF	; 255
    4916:	5f 4f       	sbci	r21, 0xFF	; 255
    4918:	6f 2d       	mov	r22, r15
    491a:	88 e6       	ldi	r24, 0x68	; 104
    491c:	91 e0       	ldi	r25, 0x01	; 1
    491e:	0e 94 f4 18 	call	0x31e8	; 0x31e8 <COM_EROM_ACCESS_FLOAT>
    4922:	b1 c4       	rjmp	.+2402   	; 0x5286 <EEPROM_ACCESS_UART+0xd0e>
    4924:	81 e2       	ldi	r24, 0x21	; 33
    4926:	e8 12       	cpse	r14, r24
    4928:	0a c0       	rjmp	.+20     	; 0x493e <EEPROM_ACCESS_UART+0x3c6>
    492a:	98 01       	movw	r18, r16
    492c:	ae 01       	movw	r20, r28
    492e:	4f 5f       	subi	r20, 0xFF	; 255
    4930:	5f 4f       	sbci	r21, 0xFF	; 255
    4932:	6f 2d       	mov	r22, r15
    4934:	84 e6       	ldi	r24, 0x64	; 100
    4936:	91 e0       	ldi	r25, 0x01	; 1
    4938:	0e 94 f4 18 	call	0x31e8	; 0x31e8 <COM_EROM_ACCESS_FLOAT>
    493c:	a4 c4       	rjmp	.+2376   	; 0x5286 <EEPROM_ACCESS_UART+0xd0e>
    493e:	93 e2       	ldi	r25, 0x23	; 35
    4940:	e9 12       	cpse	r14, r25
    4942:	0a c0       	rjmp	.+20     	; 0x4958 <EEPROM_ACCESS_UART+0x3e0>
    4944:	98 01       	movw	r18, r16
    4946:	ae 01       	movw	r20, r28
    4948:	4f 5f       	subi	r20, 0xFF	; 255
    494a:	5f 4f       	sbci	r21, 0xFF	; 255
    494c:	6f 2d       	mov	r22, r15
    494e:	80 e6       	ldi	r24, 0x60	; 96
    4950:	91 e0       	ldi	r25, 0x01	; 1
    4952:	0e 94 f4 18 	call	0x31e8	; 0x31e8 <COM_EROM_ACCESS_FLOAT>
    4956:	97 c4       	rjmp	.+2350   	; 0x5286 <EEPROM_ACCESS_UART+0xd0e>
    4958:	e4 e2       	ldi	r30, 0x24	; 36
    495a:	ee 12       	cpse	r14, r30
    495c:	0a c0       	rjmp	.+20     	; 0x4972 <EEPROM_ACCESS_UART+0x3fa>
    495e:	98 01       	movw	r18, r16
    4960:	ae 01       	movw	r20, r28
    4962:	4f 5f       	subi	r20, 0xFF	; 255
    4964:	5f 4f       	sbci	r21, 0xFF	; 255
    4966:	6f 2d       	mov	r22, r15
    4968:	8c e5       	ldi	r24, 0x5C	; 92
    496a:	91 e0       	ldi	r25, 0x01	; 1
    496c:	0e 94 f4 18 	call	0x31e8	; 0x31e8 <COM_EROM_ACCESS_FLOAT>
    4970:	8a c4       	rjmp	.+2324   	; 0x5286 <EEPROM_ACCESS_UART+0xd0e>
    4972:	f5 e2       	ldi	r31, 0x25	; 37
    4974:	ef 12       	cpse	r14, r31
    4976:	0a c0       	rjmp	.+20     	; 0x498c <EEPROM_ACCESS_UART+0x414>
    4978:	98 01       	movw	r18, r16
    497a:	ae 01       	movw	r20, r28
    497c:	4f 5f       	subi	r20, 0xFF	; 255
    497e:	5f 4f       	sbci	r21, 0xFF	; 255
    4980:	6f 2d       	mov	r22, r15
    4982:	88 e5       	ldi	r24, 0x58	; 88
    4984:	91 e0       	ldi	r25, 0x01	; 1
    4986:	0e 94 f4 18 	call	0x31e8	; 0x31e8 <COM_EROM_ACCESS_FLOAT>
    498a:	7d c4       	rjmp	.+2298   	; 0x5286 <EEPROM_ACCESS_UART+0xd0e>
    498c:	86 e2       	ldi	r24, 0x26	; 38
    498e:	e8 12       	cpse	r14, r24
    4990:	0a c0       	rjmp	.+20     	; 0x49a6 <EEPROM_ACCESS_UART+0x42e>
    4992:	98 01       	movw	r18, r16
    4994:	ae 01       	movw	r20, r28
    4996:	4f 5f       	subi	r20, 0xFF	; 255
    4998:	5f 4f       	sbci	r21, 0xFF	; 255
    499a:	6f 2d       	mov	r22, r15
    499c:	84 e5       	ldi	r24, 0x54	; 84
    499e:	91 e0       	ldi	r25, 0x01	; 1
    49a0:	0e 94 f4 18 	call	0x31e8	; 0x31e8 <COM_EROM_ACCESS_FLOAT>
    49a4:	70 c4       	rjmp	.+2272   	; 0x5286 <EEPROM_ACCESS_UART+0xd0e>
    49a6:	98 e2       	ldi	r25, 0x28	; 40
    49a8:	e9 12       	cpse	r14, r25
    49aa:	0a c0       	rjmp	.+20     	; 0x49c0 <EEPROM_ACCESS_UART+0x448>
    49ac:	98 01       	movw	r18, r16
    49ae:	ae 01       	movw	r20, r28
    49b0:	4f 5f       	subi	r20, 0xFF	; 255
    49b2:	5f 4f       	sbci	r21, 0xFF	; 255
    49b4:	6f 2d       	mov	r22, r15
    49b6:	80 e5       	ldi	r24, 0x50	; 80
    49b8:	91 e0       	ldi	r25, 0x01	; 1
    49ba:	0e 94 f4 18 	call	0x31e8	; 0x31e8 <COM_EROM_ACCESS_FLOAT>
    49be:	63 c4       	rjmp	.+2246   	; 0x5286 <EEPROM_ACCESS_UART+0xd0e>
    49c0:	e9 e2       	ldi	r30, 0x29	; 41
    49c2:	ee 12       	cpse	r14, r30
    49c4:	0a c0       	rjmp	.+20     	; 0x49da <EEPROM_ACCESS_UART+0x462>
    49c6:	98 01       	movw	r18, r16
    49c8:	ae 01       	movw	r20, r28
    49ca:	4f 5f       	subi	r20, 0xFF	; 255
    49cc:	5f 4f       	sbci	r21, 0xFF	; 255
    49ce:	6f 2d       	mov	r22, r15
    49d0:	8c e4       	ldi	r24, 0x4C	; 76
    49d2:	91 e0       	ldi	r25, 0x01	; 1
    49d4:	0e 94 f4 18 	call	0x31e8	; 0x31e8 <COM_EROM_ACCESS_FLOAT>
    49d8:	56 c4       	rjmp	.+2220   	; 0x5286 <EEPROM_ACCESS_UART+0xd0e>
    49da:	fa e2       	ldi	r31, 0x2A	; 42
    49dc:	ef 12       	cpse	r14, r31
    49de:	0a c0       	rjmp	.+20     	; 0x49f4 <EEPROM_ACCESS_UART+0x47c>
    49e0:	98 01       	movw	r18, r16
    49e2:	ae 01       	movw	r20, r28
    49e4:	4f 5f       	subi	r20, 0xFF	; 255
    49e6:	5f 4f       	sbci	r21, 0xFF	; 255
    49e8:	6f 2d       	mov	r22, r15
    49ea:	88 e4       	ldi	r24, 0x48	; 72
    49ec:	91 e0       	ldi	r25, 0x01	; 1
    49ee:	0e 94 f4 18 	call	0x31e8	; 0x31e8 <COM_EROM_ACCESS_FLOAT>
    49f2:	49 c4       	rjmp	.+2194   	; 0x5286 <EEPROM_ACCESS_UART+0xd0e>
    49f4:	8b e2       	ldi	r24, 0x2B	; 43
    49f6:	e8 12       	cpse	r14, r24
    49f8:	0a c0       	rjmp	.+20     	; 0x4a0e <EEPROM_ACCESS_UART+0x496>
    49fa:	98 01       	movw	r18, r16
    49fc:	ae 01       	movw	r20, r28
    49fe:	4f 5f       	subi	r20, 0xFF	; 255
    4a00:	5f 4f       	sbci	r21, 0xFF	; 255
    4a02:	6f 2d       	mov	r22, r15
    4a04:	84 e4       	ldi	r24, 0x44	; 68
    4a06:	91 e0       	ldi	r25, 0x01	; 1
    4a08:	0e 94 f4 18 	call	0x31e8	; 0x31e8 <COM_EROM_ACCESS_FLOAT>
    4a0c:	3c c4       	rjmp	.+2168   	; 0x5286 <EEPROM_ACCESS_UART+0xd0e>
    4a0e:	9d e2       	ldi	r25, 0x2D	; 45
    4a10:	e9 12       	cpse	r14, r25
    4a12:	0a c0       	rjmp	.+20     	; 0x4a28 <EEPROM_ACCESS_UART+0x4b0>
    4a14:	98 01       	movw	r18, r16
    4a16:	ae 01       	movw	r20, r28
    4a18:	4f 5f       	subi	r20, 0xFF	; 255
    4a1a:	5f 4f       	sbci	r21, 0xFF	; 255
    4a1c:	6f 2d       	mov	r22, r15
    4a1e:	80 e4       	ldi	r24, 0x40	; 64
    4a20:	91 e0       	ldi	r25, 0x01	; 1
    4a22:	0e 94 f4 18 	call	0x31e8	; 0x31e8 <COM_EROM_ACCESS_FLOAT>
    4a26:	2f c4       	rjmp	.+2142   	; 0x5286 <EEPROM_ACCESS_UART+0xd0e>
    4a28:	ee e2       	ldi	r30, 0x2E	; 46
    4a2a:	ee 12       	cpse	r14, r30
    4a2c:	0a c0       	rjmp	.+20     	; 0x4a42 <EEPROM_ACCESS_UART+0x4ca>
    4a2e:	98 01       	movw	r18, r16
    4a30:	ae 01       	movw	r20, r28
    4a32:	4f 5f       	subi	r20, 0xFF	; 255
    4a34:	5f 4f       	sbci	r21, 0xFF	; 255
    4a36:	6f 2d       	mov	r22, r15
    4a38:	8c e3       	ldi	r24, 0x3C	; 60
    4a3a:	91 e0       	ldi	r25, 0x01	; 1
    4a3c:	0e 94 f4 18 	call	0x31e8	; 0x31e8 <COM_EROM_ACCESS_FLOAT>
    4a40:	22 c4       	rjmp	.+2116   	; 0x5286 <EEPROM_ACCESS_UART+0xd0e>
    4a42:	ff e2       	ldi	r31, 0x2F	; 47
    4a44:	ef 12       	cpse	r14, r31
    4a46:	0a c0       	rjmp	.+20     	; 0x4a5c <EEPROM_ACCESS_UART+0x4e4>
    4a48:	98 01       	movw	r18, r16
    4a4a:	ae 01       	movw	r20, r28
    4a4c:	4f 5f       	subi	r20, 0xFF	; 255
    4a4e:	5f 4f       	sbci	r21, 0xFF	; 255
    4a50:	6f 2d       	mov	r22, r15
    4a52:	88 e3       	ldi	r24, 0x38	; 56
    4a54:	91 e0       	ldi	r25, 0x01	; 1
    4a56:	0e 94 f4 18 	call	0x31e8	; 0x31e8 <COM_EROM_ACCESS_FLOAT>
    4a5a:	15 c4       	rjmp	.+2090   	; 0x5286 <EEPROM_ACCESS_UART+0xd0e>
    4a5c:	80 e3       	ldi	r24, 0x30	; 48
    4a5e:	e8 12       	cpse	r14, r24
    4a60:	0a c0       	rjmp	.+20     	; 0x4a76 <EEPROM_ACCESS_UART+0x4fe>
    4a62:	98 01       	movw	r18, r16
    4a64:	ae 01       	movw	r20, r28
    4a66:	4f 5f       	subi	r20, 0xFF	; 255
    4a68:	5f 4f       	sbci	r21, 0xFF	; 255
    4a6a:	6f 2d       	mov	r22, r15
    4a6c:	84 e3       	ldi	r24, 0x34	; 52
    4a6e:	91 e0       	ldi	r25, 0x01	; 1
    4a70:	0e 94 f4 18 	call	0x31e8	; 0x31e8 <COM_EROM_ACCESS_FLOAT>
    4a74:	08 c4       	rjmp	.+2064   	; 0x5286 <EEPROM_ACCESS_UART+0xd0e>
    4a76:	97 e3       	ldi	r25, 0x37	; 55
    4a78:	e9 12       	cpse	r14, r25
    4a7a:	0a c0       	rjmp	.+20     	; 0x4a90 <EEPROM_ACCESS_UART+0x518>
    4a7c:	98 01       	movw	r18, r16
    4a7e:	ae 01       	movw	r20, r28
    4a80:	4f 5f       	subi	r20, 0xFF	; 255
    4a82:	5f 4f       	sbci	r21, 0xFF	; 255
    4a84:	6f 2d       	mov	r22, r15
    4a86:	80 e3       	ldi	r24, 0x30	; 48
    4a88:	91 e0       	ldi	r25, 0x01	; 1
    4a8a:	0e 94 f4 18 	call	0x31e8	; 0x31e8 <COM_EROM_ACCESS_FLOAT>
    4a8e:	fb c3       	rjmp	.+2038   	; 0x5286 <EEPROM_ACCESS_UART+0xd0e>
    4a90:	e8 e3       	ldi	r30, 0x38	; 56
    4a92:	ee 12       	cpse	r14, r30
    4a94:	0a c0       	rjmp	.+20     	; 0x4aaa <EEPROM_ACCESS_UART+0x532>
    4a96:	98 01       	movw	r18, r16
    4a98:	ae 01       	movw	r20, r28
    4a9a:	4f 5f       	subi	r20, 0xFF	; 255
    4a9c:	5f 4f       	sbci	r21, 0xFF	; 255
    4a9e:	6f 2d       	mov	r22, r15
    4aa0:	8c e2       	ldi	r24, 0x2C	; 44
    4aa2:	91 e0       	ldi	r25, 0x01	; 1
    4aa4:	0e 94 f4 18 	call	0x31e8	; 0x31e8 <COM_EROM_ACCESS_FLOAT>
    4aa8:	ee c3       	rjmp	.+2012   	; 0x5286 <EEPROM_ACCESS_UART+0xd0e>
    4aaa:	f9 e3       	ldi	r31, 0x39	; 57
    4aac:	ef 12       	cpse	r14, r31
    4aae:	0a c0       	rjmp	.+20     	; 0x4ac4 <EEPROM_ACCESS_UART+0x54c>
    4ab0:	98 01       	movw	r18, r16
    4ab2:	ae 01       	movw	r20, r28
    4ab4:	4f 5f       	subi	r20, 0xFF	; 255
    4ab6:	5f 4f       	sbci	r21, 0xFF	; 255
    4ab8:	6f 2d       	mov	r22, r15
    4aba:	88 e2       	ldi	r24, 0x28	; 40
    4abc:	91 e0       	ldi	r25, 0x01	; 1
    4abe:	0e 94 f4 18 	call	0x31e8	; 0x31e8 <COM_EROM_ACCESS_FLOAT>
    4ac2:	e1 c3       	rjmp	.+1986   	; 0x5286 <EEPROM_ACCESS_UART+0xd0e>
    4ac4:	8c e3       	ldi	r24, 0x3C	; 60
    4ac6:	e8 12       	cpse	r14, r24
    4ac8:	0a c0       	rjmp	.+20     	; 0x4ade <EEPROM_ACCESS_UART+0x566>
    4aca:	98 01       	movw	r18, r16
    4acc:	ae 01       	movw	r20, r28
    4ace:	4f 5f       	subi	r20, 0xFF	; 255
    4ad0:	5f 4f       	sbci	r21, 0xFF	; 255
    4ad2:	6f 2d       	mov	r22, r15
    4ad4:	84 e2       	ldi	r24, 0x24	; 36
    4ad6:	91 e0       	ldi	r25, 0x01	; 1
    4ad8:	0e 94 f4 18 	call	0x31e8	; 0x31e8 <COM_EROM_ACCESS_FLOAT>
    4adc:	d4 c3       	rjmp	.+1960   	; 0x5286 <EEPROM_ACCESS_UART+0xd0e>
    4ade:	9d e3       	ldi	r25, 0x3D	; 61
    4ae0:	e9 12       	cpse	r14, r25
    4ae2:	0a c0       	rjmp	.+20     	; 0x4af8 <EEPROM_ACCESS_UART+0x580>
    4ae4:	98 01       	movw	r18, r16
    4ae6:	ae 01       	movw	r20, r28
    4ae8:	4f 5f       	subi	r20, 0xFF	; 255
    4aea:	5f 4f       	sbci	r21, 0xFF	; 255
    4aec:	6f 2d       	mov	r22, r15
    4aee:	80 e2       	ldi	r24, 0x20	; 32
    4af0:	91 e0       	ldi	r25, 0x01	; 1
    4af2:	0e 94 f4 18 	call	0x31e8	; 0x31e8 <COM_EROM_ACCESS_FLOAT>
    4af6:	c7 c3       	rjmp	.+1934   	; 0x5286 <EEPROM_ACCESS_UART+0xd0e>
    4af8:	ee e3       	ldi	r30, 0x3E	; 62
    4afa:	ee 12       	cpse	r14, r30
    4afc:	0a c0       	rjmp	.+20     	; 0x4b12 <EEPROM_ACCESS_UART+0x59a>
    4afe:	98 01       	movw	r18, r16
    4b00:	ae 01       	movw	r20, r28
    4b02:	4f 5f       	subi	r20, 0xFF	; 255
    4b04:	5f 4f       	sbci	r21, 0xFF	; 255
    4b06:	6f 2d       	mov	r22, r15
    4b08:	8c e1       	ldi	r24, 0x1C	; 28
    4b0a:	91 e0       	ldi	r25, 0x01	; 1
    4b0c:	0e 94 f4 18 	call	0x31e8	; 0x31e8 <COM_EROM_ACCESS_FLOAT>
    4b10:	ba c3       	rjmp	.+1908   	; 0x5286 <EEPROM_ACCESS_UART+0xd0e>
    4b12:	f1 e4       	ldi	r31, 0x41	; 65
    4b14:	ef 12       	cpse	r14, r31
    4b16:	0a c0       	rjmp	.+20     	; 0x4b2c <EEPROM_ACCESS_UART+0x5b4>
    4b18:	98 01       	movw	r18, r16
    4b1a:	ae 01       	movw	r20, r28
    4b1c:	4f 5f       	subi	r20, 0xFF	; 255
    4b1e:	5f 4f       	sbci	r21, 0xFF	; 255
    4b20:	6f 2d       	mov	r22, r15
    4b22:	88 e1       	ldi	r24, 0x18	; 24
    4b24:	91 e0       	ldi	r25, 0x01	; 1
    4b26:	0e 94 f4 18 	call	0x31e8	; 0x31e8 <COM_EROM_ACCESS_FLOAT>
    4b2a:	ad c3       	rjmp	.+1882   	; 0x5286 <EEPROM_ACCESS_UART+0xd0e>
    4b2c:	82 e4       	ldi	r24, 0x42	; 66
    4b2e:	e8 12       	cpse	r14, r24
    4b30:	0a c0       	rjmp	.+20     	; 0x4b46 <EEPROM_ACCESS_UART+0x5ce>
    4b32:	98 01       	movw	r18, r16
    4b34:	ae 01       	movw	r20, r28
    4b36:	4f 5f       	subi	r20, 0xFF	; 255
    4b38:	5f 4f       	sbci	r21, 0xFF	; 255
    4b3a:	6f 2d       	mov	r22, r15
    4b3c:	84 e1       	ldi	r24, 0x14	; 20
    4b3e:	91 e0       	ldi	r25, 0x01	; 1
    4b40:	0e 94 f4 18 	call	0x31e8	; 0x31e8 <COM_EROM_ACCESS_FLOAT>
    4b44:	a0 c3       	rjmp	.+1856   	; 0x5286 <EEPROM_ACCESS_UART+0xd0e>
    4b46:	93 e4       	ldi	r25, 0x43	; 67
    4b48:	e9 12       	cpse	r14, r25
    4b4a:	0a c0       	rjmp	.+20     	; 0x4b60 <EEPROM_ACCESS_UART+0x5e8>
    4b4c:	98 01       	movw	r18, r16
    4b4e:	ae 01       	movw	r20, r28
    4b50:	4f 5f       	subi	r20, 0xFF	; 255
    4b52:	5f 4f       	sbci	r21, 0xFF	; 255
    4b54:	6f 2d       	mov	r22, r15
    4b56:	80 e1       	ldi	r24, 0x10	; 16
    4b58:	91 e0       	ldi	r25, 0x01	; 1
    4b5a:	0e 94 f4 18 	call	0x31e8	; 0x31e8 <COM_EROM_ACCESS_FLOAT>
    4b5e:	93 c3       	rjmp	.+1830   	; 0x5286 <EEPROM_ACCESS_UART+0xd0e>
    4b60:	e6 e4       	ldi	r30, 0x46	; 70
    4b62:	ee 12       	cpse	r14, r30
    4b64:	0a c0       	rjmp	.+20     	; 0x4b7a <EEPROM_ACCESS_UART+0x602>
    4b66:	98 01       	movw	r18, r16
    4b68:	ae 01       	movw	r20, r28
    4b6a:	4f 5f       	subi	r20, 0xFF	; 255
    4b6c:	5f 4f       	sbci	r21, 0xFF	; 255
    4b6e:	6f 2d       	mov	r22, r15
    4b70:	8c e0       	ldi	r24, 0x0C	; 12
    4b72:	91 e0       	ldi	r25, 0x01	; 1
    4b74:	0e 94 f4 18 	call	0x31e8	; 0x31e8 <COM_EROM_ACCESS_FLOAT>
    4b78:	86 c3       	rjmp	.+1804   	; 0x5286 <EEPROM_ACCESS_UART+0xd0e>
    4b7a:	f7 e4       	ldi	r31, 0x47	; 71
    4b7c:	ef 12       	cpse	r14, r31
    4b7e:	0a c0       	rjmp	.+20     	; 0x4b94 <EEPROM_ACCESS_UART+0x61c>
    4b80:	98 01       	movw	r18, r16
    4b82:	ae 01       	movw	r20, r28
    4b84:	4f 5f       	subi	r20, 0xFF	; 255
    4b86:	5f 4f       	sbci	r21, 0xFF	; 255
    4b88:	6f 2d       	mov	r22, r15
    4b8a:	88 e0       	ldi	r24, 0x08	; 8
    4b8c:	91 e0       	ldi	r25, 0x01	; 1
    4b8e:	0e 94 f4 18 	call	0x31e8	; 0x31e8 <COM_EROM_ACCESS_FLOAT>
    4b92:	79 c3       	rjmp	.+1778   	; 0x5286 <EEPROM_ACCESS_UART+0xd0e>
    4b94:	88 e4       	ldi	r24, 0x48	; 72
    4b96:	e8 12       	cpse	r14, r24
    4b98:	0a c0       	rjmp	.+20     	; 0x4bae <EEPROM_ACCESS_UART+0x636>
    4b9a:	98 01       	movw	r18, r16
    4b9c:	ae 01       	movw	r20, r28
    4b9e:	4f 5f       	subi	r20, 0xFF	; 255
    4ba0:	5f 4f       	sbci	r21, 0xFF	; 255
    4ba2:	6f 2d       	mov	r22, r15
    4ba4:	84 e0       	ldi	r24, 0x04	; 4
    4ba6:	91 e0       	ldi	r25, 0x01	; 1
    4ba8:	0e 94 f4 18 	call	0x31e8	; 0x31e8 <COM_EROM_ACCESS_FLOAT>
    4bac:	6c c3       	rjmp	.+1752   	; 0x5286 <EEPROM_ACCESS_UART+0xd0e>
    4bae:	9b e4       	ldi	r25, 0x4B	; 75
    4bb0:	e9 12       	cpse	r14, r25
    4bb2:	0a c0       	rjmp	.+20     	; 0x4bc8 <EEPROM_ACCESS_UART+0x650>
    4bb4:	98 01       	movw	r18, r16
    4bb6:	ae 01       	movw	r20, r28
    4bb8:	4f 5f       	subi	r20, 0xFF	; 255
    4bba:	5f 4f       	sbci	r21, 0xFF	; 255
    4bbc:	6f 2d       	mov	r22, r15
    4bbe:	80 e0       	ldi	r24, 0x00	; 0
    4bc0:	91 e0       	ldi	r25, 0x01	; 1
    4bc2:	0e 94 f4 18 	call	0x31e8	; 0x31e8 <COM_EROM_ACCESS_FLOAT>
    4bc6:	5f c3       	rjmp	.+1726   	; 0x5286 <EEPROM_ACCESS_UART+0xd0e>
    4bc8:	ec e4       	ldi	r30, 0x4C	; 76
    4bca:	ee 12       	cpse	r14, r30
    4bcc:	0a c0       	rjmp	.+20     	; 0x4be2 <EEPROM_ACCESS_UART+0x66a>
    4bce:	98 01       	movw	r18, r16
    4bd0:	ae 01       	movw	r20, r28
    4bd2:	4f 5f       	subi	r20, 0xFF	; 255
    4bd4:	5f 4f       	sbci	r21, 0xFF	; 255
    4bd6:	6f 2d       	mov	r22, r15
    4bd8:	8c ef       	ldi	r24, 0xFC	; 252
    4bda:	90 e0       	ldi	r25, 0x00	; 0
    4bdc:	0e 94 f4 18 	call	0x31e8	; 0x31e8 <COM_EROM_ACCESS_FLOAT>
    4be0:	52 c3       	rjmp	.+1700   	; 0x5286 <EEPROM_ACCESS_UART+0xd0e>
    4be2:	fd e4       	ldi	r31, 0x4D	; 77
    4be4:	ef 12       	cpse	r14, r31
    4be6:	0a c0       	rjmp	.+20     	; 0x4bfc <EEPROM_ACCESS_UART+0x684>
    4be8:	98 01       	movw	r18, r16
    4bea:	ae 01       	movw	r20, r28
    4bec:	4f 5f       	subi	r20, 0xFF	; 255
    4bee:	5f 4f       	sbci	r21, 0xFF	; 255
    4bf0:	6f 2d       	mov	r22, r15
    4bf2:	88 ef       	ldi	r24, 0xF8	; 248
    4bf4:	90 e0       	ldi	r25, 0x00	; 0
    4bf6:	0e 94 f4 18 	call	0x31e8	; 0x31e8 <COM_EROM_ACCESS_FLOAT>
    4bfa:	45 c3       	rjmp	.+1674   	; 0x5286 <EEPROM_ACCESS_UART+0xd0e>
    4bfc:	80 e5       	ldi	r24, 0x50	; 80
    4bfe:	e8 12       	cpse	r14, r24
    4c00:	0a c0       	rjmp	.+20     	; 0x4c16 <EEPROM_ACCESS_UART+0x69e>
    4c02:	98 01       	movw	r18, r16
    4c04:	ae 01       	movw	r20, r28
    4c06:	4f 5f       	subi	r20, 0xFF	; 255
    4c08:	5f 4f       	sbci	r21, 0xFF	; 255
    4c0a:	6f 2d       	mov	r22, r15
    4c0c:	84 ef       	ldi	r24, 0xF4	; 244
    4c0e:	90 e0       	ldi	r25, 0x00	; 0
    4c10:	0e 94 f4 18 	call	0x31e8	; 0x31e8 <COM_EROM_ACCESS_FLOAT>
    4c14:	38 c3       	rjmp	.+1648   	; 0x5286 <EEPROM_ACCESS_UART+0xd0e>
    4c16:	91 e5       	ldi	r25, 0x51	; 81
    4c18:	e9 12       	cpse	r14, r25
    4c1a:	0a c0       	rjmp	.+20     	; 0x4c30 <EEPROM_ACCESS_UART+0x6b8>
    4c1c:	98 01       	movw	r18, r16
    4c1e:	ae 01       	movw	r20, r28
    4c20:	4f 5f       	subi	r20, 0xFF	; 255
    4c22:	5f 4f       	sbci	r21, 0xFF	; 255
    4c24:	6f 2d       	mov	r22, r15
    4c26:	80 ef       	ldi	r24, 0xF0	; 240
    4c28:	90 e0       	ldi	r25, 0x00	; 0
    4c2a:	0e 94 f4 18 	call	0x31e8	; 0x31e8 <COM_EROM_ACCESS_FLOAT>
    4c2e:	2b c3       	rjmp	.+1622   	; 0x5286 <EEPROM_ACCESS_UART+0xd0e>
    4c30:	e2 e5       	ldi	r30, 0x52	; 82
    4c32:	ee 12       	cpse	r14, r30
    4c34:	0a c0       	rjmp	.+20     	; 0x4c4a <EEPROM_ACCESS_UART+0x6d2>
    4c36:	98 01       	movw	r18, r16
    4c38:	ae 01       	movw	r20, r28
    4c3a:	4f 5f       	subi	r20, 0xFF	; 255
    4c3c:	5f 4f       	sbci	r21, 0xFF	; 255
    4c3e:	6f 2d       	mov	r22, r15
    4c40:	8c ee       	ldi	r24, 0xEC	; 236
    4c42:	90 e0       	ldi	r25, 0x00	; 0
    4c44:	0e 94 f4 18 	call	0x31e8	; 0x31e8 <COM_EROM_ACCESS_FLOAT>
    4c48:	1e c3       	rjmp	.+1596   	; 0x5286 <EEPROM_ACCESS_UART+0xd0e>
    4c4a:	f3 e5       	ldi	r31, 0x53	; 83
    4c4c:	ef 12       	cpse	r14, r31
    4c4e:	0a c0       	rjmp	.+20     	; 0x4c64 <EEPROM_ACCESS_UART+0x6ec>
    4c50:	98 01       	movw	r18, r16
    4c52:	ae 01       	movw	r20, r28
    4c54:	4f 5f       	subi	r20, 0xFF	; 255
    4c56:	5f 4f       	sbci	r21, 0xFF	; 255
    4c58:	6f 2d       	mov	r22, r15
    4c5a:	8b e8       	ldi	r24, 0x8B	; 139
    4c5c:	91 e0       	ldi	r25, 0x01	; 1
    4c5e:	0e 94 31 19 	call	0x3262	; 0x3262 <COM_EROM_ACCESS_UINT8>
    4c62:	11 c3       	rjmp	.+1570   	; 0x5286 <EEPROM_ACCESS_UART+0xd0e>
    4c64:	84 e5       	ldi	r24, 0x54	; 84
    4c66:	e8 12       	cpse	r14, r24
    4c68:	0a c0       	rjmp	.+20     	; 0x4c7e <EEPROM_ACCESS_UART+0x706>
    4c6a:	98 01       	movw	r18, r16
    4c6c:	ae 01       	movw	r20, r28
    4c6e:	4f 5f       	subi	r20, 0xFF	; 255
    4c70:	5f 4f       	sbci	r21, 0xFF	; 255
    4c72:	6f 2d       	mov	r22, r15
    4c74:	8a e8       	ldi	r24, 0x8A	; 138
    4c76:	91 e0       	ldi	r25, 0x01	; 1
    4c78:	0e 94 31 19 	call	0x3262	; 0x3262 <COM_EROM_ACCESS_UINT8>
    4c7c:	04 c3       	rjmp	.+1544   	; 0x5286 <EEPROM_ACCESS_UART+0xd0e>
    4c7e:	9a e5       	ldi	r25, 0x5A	; 90
    4c80:	e9 12       	cpse	r14, r25
    4c82:	0a c0       	rjmp	.+20     	; 0x4c98 <EEPROM_ACCESS_UART+0x720>
    4c84:	98 01       	movw	r18, r16
    4c86:	ae 01       	movw	r20, r28
    4c88:	4f 5f       	subi	r20, 0xFF	; 255
    4c8a:	5f 4f       	sbci	r21, 0xFF	; 255
    4c8c:	6f 2d       	mov	r22, r15
    4c8e:	89 e4       	ldi	r24, 0x49	; 73
    4c90:	90 e0       	ldi	r25, 0x00	; 0
    4c92:	0e 94 f4 18 	call	0x31e8	; 0x31e8 <COM_EROM_ACCESS_FLOAT>
    4c96:	f7 c2       	rjmp	.+1518   	; 0x5286 <EEPROM_ACCESS_UART+0xd0e>
    4c98:	eb e5       	ldi	r30, 0x5B	; 91
    4c9a:	ee 12       	cpse	r14, r30
    4c9c:	0a c0       	rjmp	.+20     	; 0x4cb2 <EEPROM_ACCESS_UART+0x73a>
    4c9e:	98 01       	movw	r18, r16
    4ca0:	ae 01       	movw	r20, r28
    4ca2:	4f 5f       	subi	r20, 0xFF	; 255
    4ca4:	5f 4f       	sbci	r21, 0xFF	; 255
    4ca6:	6f 2d       	mov	r22, r15
    4ca8:	85 e4       	ldi	r24, 0x45	; 69
    4caa:	90 e0       	ldi	r25, 0x00	; 0
    4cac:	0e 94 f4 18 	call	0x31e8	; 0x31e8 <COM_EROM_ACCESS_FLOAT>
    4cb0:	ea c2       	rjmp	.+1492   	; 0x5286 <EEPROM_ACCESS_UART+0xd0e>
    4cb2:	ff e5       	ldi	r31, 0x5F	; 95
    4cb4:	ef 12       	cpse	r14, r31
    4cb6:	0a c0       	rjmp	.+20     	; 0x4ccc <EEPROM_ACCESS_UART+0x754>
    4cb8:	98 01       	movw	r18, r16
    4cba:	ae 01       	movw	r20, r28
    4cbc:	4f 5f       	subi	r20, 0xFF	; 255
    4cbe:	5f 4f       	sbci	r21, 0xFF	; 255
    4cc0:	6f 2d       	mov	r22, r15
    4cc2:	81 e4       	ldi	r24, 0x41	; 65
    4cc4:	90 e0       	ldi	r25, 0x00	; 0
    4cc6:	0e 94 f4 18 	call	0x31e8	; 0x31e8 <COM_EROM_ACCESS_FLOAT>
    4cca:	dd c2       	rjmp	.+1466   	; 0x5286 <EEPROM_ACCESS_UART+0xd0e>
    4ccc:	80 e6       	ldi	r24, 0x60	; 96
    4cce:	e8 12       	cpse	r14, r24
    4cd0:	0a c0       	rjmp	.+20     	; 0x4ce6 <EEPROM_ACCESS_UART+0x76e>
    4cd2:	98 01       	movw	r18, r16
    4cd4:	ae 01       	movw	r20, r28
    4cd6:	4f 5f       	subi	r20, 0xFF	; 255
    4cd8:	5f 4f       	sbci	r21, 0xFF	; 255
    4cda:	6f 2d       	mov	r22, r15
    4cdc:	8d e3       	ldi	r24, 0x3D	; 61
    4cde:	90 e0       	ldi	r25, 0x00	; 0
    4ce0:	0e 94 f4 18 	call	0x31e8	; 0x31e8 <COM_EROM_ACCESS_FLOAT>
    4ce4:	d0 c2       	rjmp	.+1440   	; 0x5286 <EEPROM_ACCESS_UART+0xd0e>
    4ce6:	91 e6       	ldi	r25, 0x61	; 97
    4ce8:	e9 12       	cpse	r14, r25
    4cea:	0a c0       	rjmp	.+20     	; 0x4d00 <EEPROM_ACCESS_UART+0x788>
    4cec:	98 01       	movw	r18, r16
    4cee:	ae 01       	movw	r20, r28
    4cf0:	4f 5f       	subi	r20, 0xFF	; 255
    4cf2:	5f 4f       	sbci	r21, 0xFF	; 255
    4cf4:	6f 2d       	mov	r22, r15
    4cf6:	89 e3       	ldi	r24, 0x39	; 57
    4cf8:	90 e0       	ldi	r25, 0x00	; 0
    4cfa:	0e 94 f4 18 	call	0x31e8	; 0x31e8 <COM_EROM_ACCESS_FLOAT>
    4cfe:	c3 c2       	rjmp	.+1414   	; 0x5286 <EEPROM_ACCESS_UART+0xd0e>
    4d00:	e4 e6       	ldi	r30, 0x64	; 100
    4d02:	ee 12       	cpse	r14, r30
    4d04:	0a c0       	rjmp	.+20     	; 0x4d1a <EEPROM_ACCESS_UART+0x7a2>
    4d06:	98 01       	movw	r18, r16
    4d08:	ae 01       	movw	r20, r28
    4d0a:	4f 5f       	subi	r20, 0xFF	; 255
    4d0c:	5f 4f       	sbci	r21, 0xFF	; 255
    4d0e:	6f 2d       	mov	r22, r15
    4d10:	85 e3       	ldi	r24, 0x35	; 53
    4d12:	90 e0       	ldi	r25, 0x00	; 0
    4d14:	0e 94 f4 18 	call	0x31e8	; 0x31e8 <COM_EROM_ACCESS_FLOAT>
    4d18:	b6 c2       	rjmp	.+1388   	; 0x5286 <EEPROM_ACCESS_UART+0xd0e>
    4d1a:	f5 e6       	ldi	r31, 0x65	; 101
    4d1c:	ef 12       	cpse	r14, r31
    4d1e:	0a c0       	rjmp	.+20     	; 0x4d34 <EEPROM_ACCESS_UART+0x7bc>
    4d20:	98 01       	movw	r18, r16
    4d22:	ae 01       	movw	r20, r28
    4d24:	4f 5f       	subi	r20, 0xFF	; 255
    4d26:	5f 4f       	sbci	r21, 0xFF	; 255
    4d28:	6f 2d       	mov	r22, r15
    4d2a:	81 e3       	ldi	r24, 0x31	; 49
    4d2c:	90 e0       	ldi	r25, 0x00	; 0
    4d2e:	0e 94 f4 18 	call	0x31e8	; 0x31e8 <COM_EROM_ACCESS_FLOAT>
    4d32:	a9 c2       	rjmp	.+1362   	; 0x5286 <EEPROM_ACCESS_UART+0xd0e>
    4d34:	86 e6       	ldi	r24, 0x66	; 102
    4d36:	e8 12       	cpse	r14, r24
    4d38:	0a c0       	rjmp	.+20     	; 0x4d4e <EEPROM_ACCESS_UART+0x7d6>
    4d3a:	98 01       	movw	r18, r16
    4d3c:	ae 01       	movw	r20, r28
    4d3e:	4f 5f       	subi	r20, 0xFF	; 255
    4d40:	5f 4f       	sbci	r21, 0xFF	; 255
    4d42:	6f 2d       	mov	r22, r15
    4d44:	8d e2       	ldi	r24, 0x2D	; 45
    4d46:	90 e0       	ldi	r25, 0x00	; 0
    4d48:	0e 94 f4 18 	call	0x31e8	; 0x31e8 <COM_EROM_ACCESS_FLOAT>
    4d4c:	9c c2       	rjmp	.+1336   	; 0x5286 <EEPROM_ACCESS_UART+0xd0e>
    4d4e:	97 e6       	ldi	r25, 0x67	; 103
    4d50:	e9 12       	cpse	r14, r25
    4d52:	0a c0       	rjmp	.+20     	; 0x4d68 <EEPROM_ACCESS_UART+0x7f0>
    4d54:	98 01       	movw	r18, r16
    4d56:	ae 01       	movw	r20, r28
    4d58:	4f 5f       	subi	r20, 0xFF	; 255
    4d5a:	5f 4f       	sbci	r21, 0xFF	; 255
    4d5c:	6f 2d       	mov	r22, r15
    4d5e:	89 e2       	ldi	r24, 0x29	; 41
    4d60:	90 e0       	ldi	r25, 0x00	; 0
    4d62:	0e 94 f4 18 	call	0x31e8	; 0x31e8 <COM_EROM_ACCESS_FLOAT>
    4d66:	8f c2       	rjmp	.+1310   	; 0x5286 <EEPROM_ACCESS_UART+0xd0e>
    4d68:	e9 e6       	ldi	r30, 0x69	; 105
    4d6a:	ee 12       	cpse	r14, r30
    4d6c:	0a c0       	rjmp	.+20     	; 0x4d82 <EEPROM_ACCESS_UART+0x80a>
    4d6e:	98 01       	movw	r18, r16
    4d70:	ae 01       	movw	r20, r28
    4d72:	4f 5f       	subi	r20, 0xFF	; 255
    4d74:	5f 4f       	sbci	r21, 0xFF	; 255
    4d76:	6f 2d       	mov	r22, r15
    4d78:	85 e2       	ldi	r24, 0x25	; 37
    4d7a:	90 e0       	ldi	r25, 0x00	; 0
    4d7c:	0e 94 f4 18 	call	0x31e8	; 0x31e8 <COM_EROM_ACCESS_FLOAT>
    4d80:	82 c2       	rjmp	.+1284   	; 0x5286 <EEPROM_ACCESS_UART+0xd0e>
    4d82:	fa e6       	ldi	r31, 0x6A	; 106
    4d84:	ef 12       	cpse	r14, r31
    4d86:	0a c0       	rjmp	.+20     	; 0x4d9c <EEPROM_ACCESS_UART+0x824>
    4d88:	98 01       	movw	r18, r16
    4d8a:	ae 01       	movw	r20, r28
    4d8c:	4f 5f       	subi	r20, 0xFF	; 255
    4d8e:	5f 4f       	sbci	r21, 0xFF	; 255
    4d90:	6f 2d       	mov	r22, r15
    4d92:	81 e2       	ldi	r24, 0x21	; 33
    4d94:	90 e0       	ldi	r25, 0x00	; 0
    4d96:	0e 94 f4 18 	call	0x31e8	; 0x31e8 <COM_EROM_ACCESS_FLOAT>
    4d9a:	75 c2       	rjmp	.+1258   	; 0x5286 <EEPROM_ACCESS_UART+0xd0e>
    4d9c:	8b e6       	ldi	r24, 0x6B	; 107
    4d9e:	e8 12       	cpse	r14, r24
    4da0:	0a c0       	rjmp	.+20     	; 0x4db6 <EEPROM_ACCESS_UART+0x83e>
    4da2:	98 01       	movw	r18, r16
    4da4:	ae 01       	movw	r20, r28
    4da6:	4f 5f       	subi	r20, 0xFF	; 255
    4da8:	5f 4f       	sbci	r21, 0xFF	; 255
    4daa:	6f 2d       	mov	r22, r15
    4dac:	8d e1       	ldi	r24, 0x1D	; 29
    4dae:	90 e0       	ldi	r25, 0x00	; 0
    4db0:	0e 94 f4 18 	call	0x31e8	; 0x31e8 <COM_EROM_ACCESS_FLOAT>
    4db4:	68 c2       	rjmp	.+1232   	; 0x5286 <EEPROM_ACCESS_UART+0xd0e>
    4db6:	9c e6       	ldi	r25, 0x6C	; 108
    4db8:	e9 12       	cpse	r14, r25
    4dba:	0a c0       	rjmp	.+20     	; 0x4dd0 <EEPROM_ACCESS_UART+0x858>
    4dbc:	98 01       	movw	r18, r16
    4dbe:	ae 01       	movw	r20, r28
    4dc0:	4f 5f       	subi	r20, 0xFF	; 255
    4dc2:	5f 4f       	sbci	r21, 0xFF	; 255
    4dc4:	6f 2d       	mov	r22, r15
    4dc6:	89 e1       	ldi	r24, 0x19	; 25
    4dc8:	90 e0       	ldi	r25, 0x00	; 0
    4dca:	0e 94 f4 18 	call	0x31e8	; 0x31e8 <COM_EROM_ACCESS_FLOAT>
    4dce:	5b c2       	rjmp	.+1206   	; 0x5286 <EEPROM_ACCESS_UART+0xd0e>
    4dd0:	ee e6       	ldi	r30, 0x6E	; 110
    4dd2:	ee 12       	cpse	r14, r30
    4dd4:	0a c0       	rjmp	.+20     	; 0x4dea <EEPROM_ACCESS_UART+0x872>
    4dd6:	98 01       	movw	r18, r16
    4dd8:	ae 01       	movw	r20, r28
    4dda:	4f 5f       	subi	r20, 0xFF	; 255
    4ddc:	5f 4f       	sbci	r21, 0xFF	; 255
    4dde:	6f 2d       	mov	r22, r15
    4de0:	85 e1       	ldi	r24, 0x15	; 21
    4de2:	90 e0       	ldi	r25, 0x00	; 0
    4de4:	0e 94 f4 18 	call	0x31e8	; 0x31e8 <COM_EROM_ACCESS_FLOAT>
    4de8:	4e c2       	rjmp	.+1180   	; 0x5286 <EEPROM_ACCESS_UART+0xd0e>
    4dea:	ff e6       	ldi	r31, 0x6F	; 111
    4dec:	ef 12       	cpse	r14, r31
    4dee:	0a c0       	rjmp	.+20     	; 0x4e04 <EEPROM_ACCESS_UART+0x88c>
    4df0:	98 01       	movw	r18, r16
    4df2:	ae 01       	movw	r20, r28
    4df4:	4f 5f       	subi	r20, 0xFF	; 255
    4df6:	5f 4f       	sbci	r21, 0xFF	; 255
    4df8:	6f 2d       	mov	r22, r15
    4dfa:	81 e1       	ldi	r24, 0x11	; 17
    4dfc:	90 e0       	ldi	r25, 0x00	; 0
    4dfe:	0e 94 f4 18 	call	0x31e8	; 0x31e8 <COM_EROM_ACCESS_FLOAT>
    4e02:	41 c2       	rjmp	.+1154   	; 0x5286 <EEPROM_ACCESS_UART+0xd0e>
    4e04:	83 e7       	ldi	r24, 0x73	; 115
    4e06:	e8 12       	cpse	r14, r24
    4e08:	0a c0       	rjmp	.+20     	; 0x4e1e <EEPROM_ACCESS_UART+0x8a6>
    4e0a:	98 01       	movw	r18, r16
    4e0c:	ae 01       	movw	r20, r28
    4e0e:	4f 5f       	subi	r20, 0xFF	; 255
    4e10:	5f 4f       	sbci	r21, 0xFF	; 255
    4e12:	6f 2d       	mov	r22, r15
    4e14:	8f e0       	ldi	r24, 0x0F	; 15
    4e16:	90 e0       	ldi	r25, 0x00	; 0
    4e18:	0e 94 31 19 	call	0x3262	; 0x3262 <COM_EROM_ACCESS_UINT8>
    4e1c:	34 c2       	rjmp	.+1128   	; 0x5286 <EEPROM_ACCESS_UART+0xd0e>
    4e1e:	94 e7       	ldi	r25, 0x74	; 116
    4e20:	e9 12       	cpse	r14, r25
    4e22:	0a c0       	rjmp	.+20     	; 0x4e38 <EEPROM_ACCESS_UART+0x8c0>
    4e24:	98 01       	movw	r18, r16
    4e26:	ae 01       	movw	r20, r28
    4e28:	4f 5f       	subi	r20, 0xFF	; 255
    4e2a:	5f 4f       	sbci	r21, 0xFF	; 255
    4e2c:	6f 2d       	mov	r22, r15
    4e2e:	8e e0       	ldi	r24, 0x0E	; 14
    4e30:	90 e0       	ldi	r25, 0x00	; 0
    4e32:	0e 94 31 19 	call	0x3262	; 0x3262 <COM_EROM_ACCESS_UINT8>
    4e36:	27 c2       	rjmp	.+1102   	; 0x5286 <EEPROM_ACCESS_UART+0xd0e>
    4e38:	ed e7       	ldi	r30, 0x7D	; 125
    4e3a:	ee 12       	cpse	r14, r30
    4e3c:	0a c0       	rjmp	.+20     	; 0x4e52 <EEPROM_ACCESS_UART+0x8da>
    4e3e:	98 01       	movw	r18, r16
    4e40:	ae 01       	movw	r20, r28
    4e42:	4f 5f       	subi	r20, 0xFF	; 255
    4e44:	5f 4f       	sbci	r21, 0xFF	; 255
    4e46:	6f 2d       	mov	r22, r15
    4e48:	8f ec       	ldi	r24, 0xCF	; 207
    4e4a:	90 e0       	ldi	r25, 0x00	; 0
    4e4c:	0e 94 f4 18 	call	0x31e8	; 0x31e8 <COM_EROM_ACCESS_FLOAT>
    4e50:	1a c2       	rjmp	.+1076   	; 0x5286 <EEPROM_ACCESS_UART+0xd0e>
    4e52:	fe e7       	ldi	r31, 0x7E	; 126
    4e54:	ef 12       	cpse	r14, r31
    4e56:	0a c0       	rjmp	.+20     	; 0x4e6c <EEPROM_ACCESS_UART+0x8f4>
    4e58:	98 01       	movw	r18, r16
    4e5a:	ae 01       	movw	r20, r28
    4e5c:	4f 5f       	subi	r20, 0xFF	; 255
    4e5e:	5f 4f       	sbci	r21, 0xFF	; 255
    4e60:	6f 2d       	mov	r22, r15
    4e62:	8b ec       	ldi	r24, 0xCB	; 203
    4e64:	90 e0       	ldi	r25, 0x00	; 0
    4e66:	0e 94 f4 18 	call	0x31e8	; 0x31e8 <COM_EROM_ACCESS_FLOAT>
    4e6a:	0d c2       	rjmp	.+1050   	; 0x5286 <EEPROM_ACCESS_UART+0xd0e>
    4e6c:	8f e7       	ldi	r24, 0x7F	; 127
    4e6e:	e8 12       	cpse	r14, r24
    4e70:	0a c0       	rjmp	.+20     	; 0x4e86 <EEPROM_ACCESS_UART+0x90e>
    4e72:	98 01       	movw	r18, r16
    4e74:	ae 01       	movw	r20, r28
    4e76:	4f 5f       	subi	r20, 0xFF	; 255
    4e78:	5f 4f       	sbci	r21, 0xFF	; 255
    4e7a:	6f 2d       	mov	r22, r15
    4e7c:	87 ec       	ldi	r24, 0xC7	; 199
    4e7e:	90 e0       	ldi	r25, 0x00	; 0
    4e80:	0e 94 f4 18 	call	0x31e8	; 0x31e8 <COM_EROM_ACCESS_FLOAT>
    4e84:	00 c2       	rjmp	.+1024   	; 0x5286 <EEPROM_ACCESS_UART+0xd0e>
    4e86:	90 e8       	ldi	r25, 0x80	; 128
    4e88:	e9 12       	cpse	r14, r25
    4e8a:	0a c0       	rjmp	.+20     	; 0x4ea0 <EEPROM_ACCESS_UART+0x928>
    4e8c:	98 01       	movw	r18, r16
    4e8e:	ae 01       	movw	r20, r28
    4e90:	4f 5f       	subi	r20, 0xFF	; 255
    4e92:	5f 4f       	sbci	r21, 0xFF	; 255
    4e94:	6f 2d       	mov	r22, r15
    4e96:	83 ec       	ldi	r24, 0xC3	; 195
    4e98:	90 e0       	ldi	r25, 0x00	; 0
    4e9a:	0e 94 f4 18 	call	0x31e8	; 0x31e8 <COM_EROM_ACCESS_FLOAT>
    4e9e:	f3 c1       	rjmp	.+998    	; 0x5286 <EEPROM_ACCESS_UART+0xd0e>
    4ea0:	e2 e8       	ldi	r30, 0x82	; 130
    4ea2:	ee 12       	cpse	r14, r30
    4ea4:	0a c0       	rjmp	.+20     	; 0x4eba <EEPROM_ACCESS_UART+0x942>
    4ea6:	98 01       	movw	r18, r16
    4ea8:	ae 01       	movw	r20, r28
    4eaa:	4f 5f       	subi	r20, 0xFF	; 255
    4eac:	5f 4f       	sbci	r21, 0xFF	; 255
    4eae:	6f 2d       	mov	r22, r15
    4eb0:	8f eb       	ldi	r24, 0xBF	; 191
    4eb2:	90 e0       	ldi	r25, 0x00	; 0
    4eb4:	0e 94 f4 18 	call	0x31e8	; 0x31e8 <COM_EROM_ACCESS_FLOAT>
    4eb8:	e6 c1       	rjmp	.+972    	; 0x5286 <EEPROM_ACCESS_UART+0xd0e>
    4eba:	f3 e8       	ldi	r31, 0x83	; 131
    4ebc:	ef 12       	cpse	r14, r31
    4ebe:	0a c0       	rjmp	.+20     	; 0x4ed4 <EEPROM_ACCESS_UART+0x95c>
    4ec0:	98 01       	movw	r18, r16
    4ec2:	ae 01       	movw	r20, r28
    4ec4:	4f 5f       	subi	r20, 0xFF	; 255
    4ec6:	5f 4f       	sbci	r21, 0xFF	; 255
    4ec8:	6f 2d       	mov	r22, r15
    4eca:	8b eb       	ldi	r24, 0xBB	; 187
    4ecc:	90 e0       	ldi	r25, 0x00	; 0
    4ece:	0e 94 f4 18 	call	0x31e8	; 0x31e8 <COM_EROM_ACCESS_FLOAT>
    4ed2:	d9 c1       	rjmp	.+946    	; 0x5286 <EEPROM_ACCESS_UART+0xd0e>
    4ed4:	84 e8       	ldi	r24, 0x84	; 132
    4ed6:	e8 12       	cpse	r14, r24
    4ed8:	0a c0       	rjmp	.+20     	; 0x4eee <EEPROM_ACCESS_UART+0x976>
    4eda:	98 01       	movw	r18, r16
    4edc:	ae 01       	movw	r20, r28
    4ede:	4f 5f       	subi	r20, 0xFF	; 255
    4ee0:	5f 4f       	sbci	r21, 0xFF	; 255
    4ee2:	6f 2d       	mov	r22, r15
    4ee4:	87 eb       	ldi	r24, 0xB7	; 183
    4ee6:	90 e0       	ldi	r25, 0x00	; 0
    4ee8:	0e 94 f4 18 	call	0x31e8	; 0x31e8 <COM_EROM_ACCESS_FLOAT>
    4eec:	cc c1       	rjmp	.+920    	; 0x5286 <EEPROM_ACCESS_UART+0xd0e>
    4eee:	95 e8       	ldi	r25, 0x85	; 133
    4ef0:	e9 12       	cpse	r14, r25
    4ef2:	0a c0       	rjmp	.+20     	; 0x4f08 <EEPROM_ACCESS_UART+0x990>
    4ef4:	98 01       	movw	r18, r16
    4ef6:	ae 01       	movw	r20, r28
    4ef8:	4f 5f       	subi	r20, 0xFF	; 255
    4efa:	5f 4f       	sbci	r21, 0xFF	; 255
    4efc:	6f 2d       	mov	r22, r15
    4efe:	83 eb       	ldi	r24, 0xB3	; 179
    4f00:	90 e0       	ldi	r25, 0x00	; 0
    4f02:	0e 94 f4 18 	call	0x31e8	; 0x31e8 <COM_EROM_ACCESS_FLOAT>
    4f06:	bf c1       	rjmp	.+894    	; 0x5286 <EEPROM_ACCESS_UART+0xd0e>
    4f08:	e7 e8       	ldi	r30, 0x87	; 135
    4f0a:	ee 12       	cpse	r14, r30
    4f0c:	0a c0       	rjmp	.+20     	; 0x4f22 <EEPROM_ACCESS_UART+0x9aa>
    4f0e:	98 01       	movw	r18, r16
    4f10:	ae 01       	movw	r20, r28
    4f12:	4f 5f       	subi	r20, 0xFF	; 255
    4f14:	5f 4f       	sbci	r21, 0xFF	; 255
    4f16:	6f 2d       	mov	r22, r15
    4f18:	8f ea       	ldi	r24, 0xAF	; 175
    4f1a:	90 e0       	ldi	r25, 0x00	; 0
    4f1c:	0e 94 f4 18 	call	0x31e8	; 0x31e8 <COM_EROM_ACCESS_FLOAT>
    4f20:	b2 c1       	rjmp	.+868    	; 0x5286 <EEPROM_ACCESS_UART+0xd0e>
    4f22:	f8 e8       	ldi	r31, 0x88	; 136
    4f24:	ef 12       	cpse	r14, r31
    4f26:	0a c0       	rjmp	.+20     	; 0x4f3c <EEPROM_ACCESS_UART+0x9c4>
    4f28:	98 01       	movw	r18, r16
    4f2a:	ae 01       	movw	r20, r28
    4f2c:	4f 5f       	subi	r20, 0xFF	; 255
    4f2e:	5f 4f       	sbci	r21, 0xFF	; 255
    4f30:	6f 2d       	mov	r22, r15
    4f32:	8b ea       	ldi	r24, 0xAB	; 171
    4f34:	90 e0       	ldi	r25, 0x00	; 0
    4f36:	0e 94 f4 18 	call	0x31e8	; 0x31e8 <COM_EROM_ACCESS_FLOAT>
    4f3a:	a5 c1       	rjmp	.+842    	; 0x5286 <EEPROM_ACCESS_UART+0xd0e>
    4f3c:	8c e8       	ldi	r24, 0x8C	; 140
    4f3e:	e8 12       	cpse	r14, r24
    4f40:	0a c0       	rjmp	.+20     	; 0x4f56 <EEPROM_ACCESS_UART+0x9de>
    4f42:	98 01       	movw	r18, r16
    4f44:	ae 01       	movw	r20, r28
    4f46:	4f 5f       	subi	r20, 0xFF	; 255
    4f48:	5f 4f       	sbci	r21, 0xFF	; 255
    4f4a:	6f 2d       	mov	r22, r15
    4f4c:	8d e0       	ldi	r24, 0x0D	; 13
    4f4e:	90 e0       	ldi	r25, 0x00	; 0
    4f50:	0e 94 31 19 	call	0x3262	; 0x3262 <COM_EROM_ACCESS_UINT8>
    4f54:	98 c1       	rjmp	.+816    	; 0x5286 <EEPROM_ACCESS_UART+0xd0e>
    4f56:	9d e8       	ldi	r25, 0x8D	; 141
    4f58:	e9 12       	cpse	r14, r25
    4f5a:	0a c0       	rjmp	.+20     	; 0x4f70 <EEPROM_ACCESS_UART+0x9f8>
    4f5c:	98 01       	movw	r18, r16
    4f5e:	ae 01       	movw	r20, r28
    4f60:	4f 5f       	subi	r20, 0xFF	; 255
    4f62:	5f 4f       	sbci	r21, 0xFF	; 255
    4f64:	6f 2d       	mov	r22, r15
    4f66:	8c e0       	ldi	r24, 0x0C	; 12
    4f68:	90 e0       	ldi	r25, 0x00	; 0
    4f6a:	0e 94 31 19 	call	0x3262	; 0x3262 <COM_EROM_ACCESS_UINT8>
    4f6e:	8b c1       	rjmp	.+790    	; 0x5286 <EEPROM_ACCESS_UART+0xd0e>
    4f70:	ee e8       	ldi	r30, 0x8E	; 142
    4f72:	ee 12       	cpse	r14, r30
    4f74:	0a c0       	rjmp	.+20     	; 0x4f8a <EEPROM_ACCESS_UART+0xa12>
    4f76:	98 01       	movw	r18, r16
    4f78:	ae 01       	movw	r20, r28
    4f7a:	4f 5f       	subi	r20, 0xFF	; 255
    4f7c:	5f 4f       	sbci	r21, 0xFF	; 255
    4f7e:	6f 2d       	mov	r22, r15
    4f80:	88 e0       	ldi	r24, 0x08	; 8
    4f82:	90 e0       	ldi	r25, 0x00	; 0
    4f84:	0e 94 f4 18 	call	0x31e8	; 0x31e8 <COM_EROM_ACCESS_FLOAT>
    4f88:	7e c1       	rjmp	.+764    	; 0x5286 <EEPROM_ACCESS_UART+0xd0e>
    4f8a:	ff e8       	ldi	r31, 0x8F	; 143
    4f8c:	ef 12       	cpse	r14, r31
    4f8e:	0a c0       	rjmp	.+20     	; 0x4fa4 <EEPROM_ACCESS_UART+0xa2c>
    4f90:	98 01       	movw	r18, r16
    4f92:	ae 01       	movw	r20, r28
    4f94:	4f 5f       	subi	r20, 0xFF	; 255
    4f96:	5f 4f       	sbci	r21, 0xFF	; 255
    4f98:	6f 2d       	mov	r22, r15
    4f9a:	84 e0       	ldi	r24, 0x04	; 4
    4f9c:	90 e0       	ldi	r25, 0x00	; 0
    4f9e:	0e 94 f4 18 	call	0x31e8	; 0x31e8 <COM_EROM_ACCESS_FLOAT>
    4fa2:	71 c1       	rjmp	.+738    	; 0x5286 <EEPROM_ACCESS_UART+0xd0e>
    4fa4:	80 e9       	ldi	r24, 0x90	; 144
    4fa6:	e8 12       	cpse	r14, r24
    4fa8:	0a c0       	rjmp	.+20     	; 0x4fbe <EEPROM_ACCESS_UART+0xa46>
    4faa:	98 01       	movw	r18, r16
    4fac:	ae 01       	movw	r20, r28
    4fae:	4f 5f       	subi	r20, 0xFF	; 255
    4fb0:	5f 4f       	sbci	r21, 0xFF	; 255
    4fb2:	6f 2d       	mov	r22, r15
    4fb4:	82 e0       	ldi	r24, 0x02	; 2
    4fb6:	90 e0       	ldi	r25, 0x00	; 0
    4fb8:	0e 94 5f 19 	call	0x32be	; 0x32be <COM_EROM_ACCESS_UINT16>
    4fbc:	64 c1       	rjmp	.+712    	; 0x5286 <EEPROM_ACCESS_UART+0xd0e>
    4fbe:	91 e9       	ldi	r25, 0x91	; 145
    4fc0:	e9 12       	cpse	r14, r25
    4fc2:	0a c0       	rjmp	.+20     	; 0x4fd8 <EEPROM_ACCESS_UART+0xa60>
    4fc4:	98 01       	movw	r18, r16
    4fc6:	ae 01       	movw	r20, r28
    4fc8:	4f 5f       	subi	r20, 0xFF	; 255
    4fca:	5f 4f       	sbci	r21, 0xFF	; 255
    4fcc:	6f 2d       	mov	r22, r15
    4fce:	81 e0       	ldi	r24, 0x01	; 1
    4fd0:	90 e0       	ldi	r25, 0x00	; 0
    4fd2:	0e 94 31 19 	call	0x3262	; 0x3262 <COM_EROM_ACCESS_UINT8>
    4fd6:	57 c1       	rjmp	.+686    	; 0x5286 <EEPROM_ACCESS_UART+0xd0e>
    4fd8:	e2 e9       	ldi	r30, 0x92	; 146
    4fda:	ee 12       	cpse	r14, r30
    4fdc:	0a c0       	rjmp	.+20     	; 0x4ff2 <EEPROM_ACCESS_UART+0xa7a>
    4fde:	98 01       	movw	r18, r16
    4fe0:	ae 01       	movw	r20, r28
    4fe2:	4f 5f       	subi	r20, 0xFF	; 255
    4fe4:	5f 4f       	sbci	r21, 0xFF	; 255
    4fe6:	6f 2d       	mov	r22, r15
    4fe8:	80 e0       	ldi	r24, 0x00	; 0
    4fea:	90 e0       	ldi	r25, 0x00	; 0
    4fec:	0e 94 31 19 	call	0x3262	; 0x3262 <COM_EROM_ACCESS_UINT8>
    4ff0:	4a c1       	rjmp	.+660    	; 0x5286 <EEPROM_ACCESS_UART+0xd0e>
    4ff2:	f6 e9       	ldi	r31, 0x96	; 150
    4ff4:	ef 12       	cpse	r14, r31
    4ff6:	0a c0       	rjmp	.+20     	; 0x500c <EEPROM_ACCESS_UART+0xa94>
    4ff8:	98 01       	movw	r18, r16
    4ffa:	ae 01       	movw	r20, r28
    4ffc:	4f 5f       	subi	r20, 0xFF	; 255
    4ffe:	5f 4f       	sbci	r21, 0xFF	; 255
    5000:	6f 2d       	mov	r22, r15
    5002:	87 ea       	ldi	r24, 0xA7	; 167
    5004:	90 e0       	ldi	r25, 0x00	; 0
    5006:	0e 94 f4 18 	call	0x31e8	; 0x31e8 <COM_EROM_ACCESS_FLOAT>
    500a:	3d c1       	rjmp	.+634    	; 0x5286 <EEPROM_ACCESS_UART+0xd0e>
    500c:	87 e9       	ldi	r24, 0x97	; 151
    500e:	e8 12       	cpse	r14, r24
    5010:	0a c0       	rjmp	.+20     	; 0x5026 <EEPROM_ACCESS_UART+0xaae>
    5012:	98 01       	movw	r18, r16
    5014:	ae 01       	movw	r20, r28
    5016:	4f 5f       	subi	r20, 0xFF	; 255
    5018:	5f 4f       	sbci	r21, 0xFF	; 255
    501a:	6f 2d       	mov	r22, r15
    501c:	83 ea       	ldi	r24, 0xA3	; 163
    501e:	90 e0       	ldi	r25, 0x00	; 0
    5020:	0e 94 f4 18 	call	0x31e8	; 0x31e8 <COM_EROM_ACCESS_FLOAT>
    5024:	30 c1       	rjmp	.+608    	; 0x5286 <EEPROM_ACCESS_UART+0xd0e>
    5026:	98 e9       	ldi	r25, 0x98	; 152
    5028:	e9 12       	cpse	r14, r25
    502a:	0a c0       	rjmp	.+20     	; 0x5040 <EEPROM_ACCESS_UART+0xac8>
    502c:	98 01       	movw	r18, r16
    502e:	ae 01       	movw	r20, r28
    5030:	4f 5f       	subi	r20, 0xFF	; 255
    5032:	5f 4f       	sbci	r21, 0xFF	; 255
    5034:	6f 2d       	mov	r22, r15
    5036:	8f e9       	ldi	r24, 0x9F	; 159
    5038:	90 e0       	ldi	r25, 0x00	; 0
    503a:	0e 94 f4 18 	call	0x31e8	; 0x31e8 <COM_EROM_ACCESS_FLOAT>
    503e:	23 c1       	rjmp	.+582    	; 0x5286 <EEPROM_ACCESS_UART+0xd0e>
    5040:	e9 e9       	ldi	r30, 0x99	; 153
    5042:	ee 12       	cpse	r14, r30
    5044:	0a c0       	rjmp	.+20     	; 0x505a <EEPROM_ACCESS_UART+0xae2>
    5046:	98 01       	movw	r18, r16
    5048:	ae 01       	movw	r20, r28
    504a:	4f 5f       	subi	r20, 0xFF	; 255
    504c:	5f 4f       	sbci	r21, 0xFF	; 255
    504e:	6f 2d       	mov	r22, r15
    5050:	8b e9       	ldi	r24, 0x9B	; 155
    5052:	90 e0       	ldi	r25, 0x00	; 0
    5054:	0e 94 f4 18 	call	0x31e8	; 0x31e8 <COM_EROM_ACCESS_FLOAT>
    5058:	16 c1       	rjmp	.+556    	; 0x5286 <EEPROM_ACCESS_UART+0xd0e>
    505a:	fa e9       	ldi	r31, 0x9A	; 154
    505c:	ef 12       	cpse	r14, r31
    505e:	0a c0       	rjmp	.+20     	; 0x5074 <EEPROM_ACCESS_UART+0xafc>
    5060:	98 01       	movw	r18, r16
    5062:	ae 01       	movw	r20, r28
    5064:	4f 5f       	subi	r20, 0xFF	; 255
    5066:	5f 4f       	sbci	r21, 0xFF	; 255
    5068:	6f 2d       	mov	r22, r15
    506a:	87 e9       	ldi	r24, 0x97	; 151
    506c:	90 e0       	ldi	r25, 0x00	; 0
    506e:	0e 94 f4 18 	call	0x31e8	; 0x31e8 <COM_EROM_ACCESS_FLOAT>
    5072:	09 c1       	rjmp	.+530    	; 0x5286 <EEPROM_ACCESS_UART+0xd0e>
    5074:	8b e9       	ldi	r24, 0x9B	; 155
    5076:	e8 12       	cpse	r14, r24
    5078:	0a c0       	rjmp	.+20     	; 0x508e <EEPROM_ACCESS_UART+0xb16>
    507a:	98 01       	movw	r18, r16
    507c:	ae 01       	movw	r20, r28
    507e:	4f 5f       	subi	r20, 0xFF	; 255
    5080:	5f 4f       	sbci	r21, 0xFF	; 255
    5082:	6f 2d       	mov	r22, r15
    5084:	85 e9       	ldi	r24, 0x95	; 149
    5086:	90 e0       	ldi	r25, 0x00	; 0
    5088:	0e 94 5f 19 	call	0x32be	; 0x32be <COM_EROM_ACCESS_UINT16>
    508c:	fc c0       	rjmp	.+504    	; 0x5286 <EEPROM_ACCESS_UART+0xd0e>
    508e:	90 ea       	ldi	r25, 0xA0	; 160
    5090:	e9 12       	cpse	r14, r25
    5092:	0a c0       	rjmp	.+20     	; 0x50a8 <EEPROM_ACCESS_UART+0xb30>
    5094:	98 01       	movw	r18, r16
    5096:	ae 01       	movw	r20, r28
    5098:	4f 5f       	subi	r20, 0xFF	; 255
    509a:	5f 4f       	sbci	r21, 0xFF	; 255
    509c:	6f 2d       	mov	r22, r15
    509e:	81 e9       	ldi	r24, 0x91	; 145
    50a0:	90 e0       	ldi	r25, 0x00	; 0
    50a2:	0e 94 f4 18 	call	0x31e8	; 0x31e8 <COM_EROM_ACCESS_FLOAT>
    50a6:	ef c0       	rjmp	.+478    	; 0x5286 <EEPROM_ACCESS_UART+0xd0e>
    50a8:	e1 ea       	ldi	r30, 0xA1	; 161
    50aa:	ee 12       	cpse	r14, r30
    50ac:	0a c0       	rjmp	.+20     	; 0x50c2 <EEPROM_ACCESS_UART+0xb4a>
    50ae:	98 01       	movw	r18, r16
    50b0:	ae 01       	movw	r20, r28
    50b2:	4f 5f       	subi	r20, 0xFF	; 255
    50b4:	5f 4f       	sbci	r21, 0xFF	; 255
    50b6:	6f 2d       	mov	r22, r15
    50b8:	8d e8       	ldi	r24, 0x8D	; 141
    50ba:	90 e0       	ldi	r25, 0x00	; 0
    50bc:	0e 94 f4 18 	call	0x31e8	; 0x31e8 <COM_EROM_ACCESS_FLOAT>
    50c0:	e2 c0       	rjmp	.+452    	; 0x5286 <EEPROM_ACCESS_UART+0xd0e>
    50c2:	f2 ea       	ldi	r31, 0xA2	; 162
    50c4:	ef 12       	cpse	r14, r31
    50c6:	0a c0       	rjmp	.+20     	; 0x50dc <EEPROM_ACCESS_UART+0xb64>
    50c8:	98 01       	movw	r18, r16
    50ca:	ae 01       	movw	r20, r28
    50cc:	4f 5f       	subi	r20, 0xFF	; 255
    50ce:	5f 4f       	sbci	r21, 0xFF	; 255
    50d0:	6f 2d       	mov	r22, r15
    50d2:	89 e8       	ldi	r24, 0x89	; 137
    50d4:	90 e0       	ldi	r25, 0x00	; 0
    50d6:	0e 94 f4 18 	call	0x31e8	; 0x31e8 <COM_EROM_ACCESS_FLOAT>
    50da:	d5 c0       	rjmp	.+426    	; 0x5286 <EEPROM_ACCESS_UART+0xd0e>
    50dc:	83 ea       	ldi	r24, 0xA3	; 163
    50de:	e8 12       	cpse	r14, r24
    50e0:	0a c0       	rjmp	.+20     	; 0x50f6 <EEPROM_ACCESS_UART+0xb7e>
    50e2:	98 01       	movw	r18, r16
    50e4:	ae 01       	movw	r20, r28
    50e6:	4f 5f       	subi	r20, 0xFF	; 255
    50e8:	5f 4f       	sbci	r21, 0xFF	; 255
    50ea:	6f 2d       	mov	r22, r15
    50ec:	85 e8       	ldi	r24, 0x85	; 133
    50ee:	90 e0       	ldi	r25, 0x00	; 0
    50f0:	0e 94 f4 18 	call	0x31e8	; 0x31e8 <COM_EROM_ACCESS_FLOAT>
    50f4:	c8 c0       	rjmp	.+400    	; 0x5286 <EEPROM_ACCESS_UART+0xd0e>
    50f6:	94 ea       	ldi	r25, 0xA4	; 164
    50f8:	e9 12       	cpse	r14, r25
    50fa:	0a c0       	rjmp	.+20     	; 0x5110 <EEPROM_ACCESS_UART+0xb98>
    50fc:	98 01       	movw	r18, r16
    50fe:	ae 01       	movw	r20, r28
    5100:	4f 5f       	subi	r20, 0xFF	; 255
    5102:	5f 4f       	sbci	r21, 0xFF	; 255
    5104:	6f 2d       	mov	r22, r15
    5106:	81 e8       	ldi	r24, 0x81	; 129
    5108:	90 e0       	ldi	r25, 0x00	; 0
    510a:	0e 94 f4 18 	call	0x31e8	; 0x31e8 <COM_EROM_ACCESS_FLOAT>
    510e:	bb c0       	rjmp	.+374    	; 0x5286 <EEPROM_ACCESS_UART+0xd0e>
    5110:	e5 ea       	ldi	r30, 0xA5	; 165
    5112:	ee 12       	cpse	r14, r30
    5114:	0a c0       	rjmp	.+20     	; 0x512a <EEPROM_ACCESS_UART+0xbb2>
    5116:	98 01       	movw	r18, r16
    5118:	ae 01       	movw	r20, r28
    511a:	4f 5f       	subi	r20, 0xFF	; 255
    511c:	5f 4f       	sbci	r21, 0xFF	; 255
    511e:	6f 2d       	mov	r22, r15
    5120:	87 e5       	ldi	r24, 0x57	; 87
    5122:	90 e0       	ldi	r25, 0x00	; 0
    5124:	0e 94 31 19 	call	0x3262	; 0x3262 <COM_EROM_ACCESS_UINT8>
    5128:	ae c0       	rjmp	.+348    	; 0x5286 <EEPROM_ACCESS_UART+0xd0e>
    512a:	f6 ea       	ldi	r31, 0xA6	; 166
    512c:	ef 12       	cpse	r14, r31
    512e:	0a c0       	rjmp	.+20     	; 0x5144 <EEPROM_ACCESS_UART+0xbcc>
    5130:	98 01       	movw	r18, r16
    5132:	ae 01       	movw	r20, r28
    5134:	4f 5f       	subi	r20, 0xFF	; 255
    5136:	5f 4f       	sbci	r21, 0xFF	; 255
    5138:	6f 2d       	mov	r22, r15
    513a:	80 e8       	ldi	r24, 0x80	; 128
    513c:	90 e0       	ldi	r25, 0x00	; 0
    513e:	0e 94 31 19 	call	0x3262	; 0x3262 <COM_EROM_ACCESS_UINT8>
    5142:	a1 c0       	rjmp	.+322    	; 0x5286 <EEPROM_ACCESS_UART+0xd0e>
    5144:	87 ea       	ldi	r24, 0xA7	; 167
    5146:	e8 12       	cpse	r14, r24
    5148:	0a c0       	rjmp	.+20     	; 0x515e <EEPROM_ACCESS_UART+0xbe6>
    514a:	98 01       	movw	r18, r16
    514c:	ae 01       	movw	r20, r28
    514e:	4f 5f       	subi	r20, 0xFF	; 255
    5150:	5f 4f       	sbci	r21, 0xFF	; 255
    5152:	6f 2d       	mov	r22, r15
    5154:	8c e7       	ldi	r24, 0x7C	; 124
    5156:	90 e0       	ldi	r25, 0x00	; 0
    5158:	0e 94 f4 18 	call	0x31e8	; 0x31e8 <COM_EROM_ACCESS_FLOAT>
    515c:	94 c0       	rjmp	.+296    	; 0x5286 <EEPROM_ACCESS_UART+0xd0e>
    515e:	98 ea       	ldi	r25, 0xA8	; 168
    5160:	e9 12       	cpse	r14, r25
    5162:	0a c0       	rjmp	.+20     	; 0x5178 <EEPROM_ACCESS_UART+0xc00>
    5164:	98 01       	movw	r18, r16
    5166:	ae 01       	movw	r20, r28
    5168:	4f 5f       	subi	r20, 0xFF	; 255
    516a:	5f 4f       	sbci	r21, 0xFF	; 255
    516c:	6f 2d       	mov	r22, r15
    516e:	88 e7       	ldi	r24, 0x78	; 120
    5170:	90 e0       	ldi	r25, 0x00	; 0
    5172:	0e 94 f4 18 	call	0x31e8	; 0x31e8 <COM_EROM_ACCESS_FLOAT>
    5176:	87 c0       	rjmp	.+270    	; 0x5286 <EEPROM_ACCESS_UART+0xd0e>
    5178:	ef ea       	ldi	r30, 0xAF	; 175
    517a:	ee 12       	cpse	r14, r30
    517c:	0a c0       	rjmp	.+20     	; 0x5192 <EEPROM_ACCESS_UART+0xc1a>
    517e:	98 01       	movw	r18, r16
    5180:	ae 01       	movw	r20, r28
    5182:	4f 5f       	subi	r20, 0xFF	; 255
    5184:	5f 4f       	sbci	r21, 0xFF	; 255
    5186:	6f 2d       	mov	r22, r15
    5188:	87 e7       	ldi	r24, 0x77	; 119
    518a:	90 e0       	ldi	r25, 0x00	; 0
    518c:	0e 94 31 19 	call	0x3262	; 0x3262 <COM_EROM_ACCESS_UINT8>
    5190:	7a c0       	rjmp	.+244    	; 0x5286 <EEPROM_ACCESS_UART+0xd0e>
    5192:	f0 eb       	ldi	r31, 0xB0	; 176
    5194:	ef 12       	cpse	r14, r31
    5196:	0a c0       	rjmp	.+20     	; 0x51ac <EEPROM_ACCESS_UART+0xc34>
    5198:	98 01       	movw	r18, r16
    519a:	ae 01       	movw	r20, r28
    519c:	4f 5f       	subi	r20, 0xFF	; 255
    519e:	5f 4f       	sbci	r21, 0xFF	; 255
    51a0:	6f 2d       	mov	r22, r15
    51a2:	83 e7       	ldi	r24, 0x73	; 115
    51a4:	90 e0       	ldi	r25, 0x00	; 0
    51a6:	0e 94 f4 18 	call	0x31e8	; 0x31e8 <COM_EROM_ACCESS_FLOAT>
    51aa:	6d c0       	rjmp	.+218    	; 0x5286 <EEPROM_ACCESS_UART+0xd0e>
    51ac:	81 eb       	ldi	r24, 0xB1	; 177
    51ae:	e8 12       	cpse	r14, r24
    51b0:	0a c0       	rjmp	.+20     	; 0x51c6 <EEPROM_ACCESS_UART+0xc4e>
    51b2:	98 01       	movw	r18, r16
    51b4:	ae 01       	movw	r20, r28
    51b6:	4f 5f       	subi	r20, 0xFF	; 255
    51b8:	5f 4f       	sbci	r21, 0xFF	; 255
    51ba:	6f 2d       	mov	r22, r15
    51bc:	8f e6       	ldi	r24, 0x6F	; 111
    51be:	90 e0       	ldi	r25, 0x00	; 0
    51c0:	0e 94 f4 18 	call	0x31e8	; 0x31e8 <COM_EROM_ACCESS_FLOAT>
    51c4:	60 c0       	rjmp	.+192    	; 0x5286 <EEPROM_ACCESS_UART+0xd0e>
    51c6:	92 eb       	ldi	r25, 0xB2	; 178
    51c8:	e9 12       	cpse	r14, r25
    51ca:	0a c0       	rjmp	.+20     	; 0x51e0 <EEPROM_ACCESS_UART+0xc68>
    51cc:	98 01       	movw	r18, r16
    51ce:	ae 01       	movw	r20, r28
    51d0:	4f 5f       	subi	r20, 0xFF	; 255
    51d2:	5f 4f       	sbci	r21, 0xFF	; 255
    51d4:	6f 2d       	mov	r22, r15
    51d6:	8b e6       	ldi	r24, 0x6B	; 107
    51d8:	90 e0       	ldi	r25, 0x00	; 0
    51da:	0e 94 f4 18 	call	0x31e8	; 0x31e8 <COM_EROM_ACCESS_FLOAT>
    51de:	53 c0       	rjmp	.+166    	; 0x5286 <EEPROM_ACCESS_UART+0xd0e>
    51e0:	e3 eb       	ldi	r30, 0xB3	; 179
    51e2:	ee 12       	cpse	r14, r30
    51e4:	0a c0       	rjmp	.+20     	; 0x51fa <EEPROM_ACCESS_UART+0xc82>
    51e6:	98 01       	movw	r18, r16
    51e8:	ae 01       	movw	r20, r28
    51ea:	4f 5f       	subi	r20, 0xFF	; 255
    51ec:	5f 4f       	sbci	r21, 0xFF	; 255
    51ee:	6f 2d       	mov	r22, r15
    51f0:	87 e6       	ldi	r24, 0x67	; 103
    51f2:	90 e0       	ldi	r25, 0x00	; 0
    51f4:	0e 94 f4 18 	call	0x31e8	; 0x31e8 <COM_EROM_ACCESS_FLOAT>
    51f8:	46 c0       	rjmp	.+140    	; 0x5286 <EEPROM_ACCESS_UART+0xd0e>
    51fa:	f4 eb       	ldi	r31, 0xB4	; 180
    51fc:	ef 12       	cpse	r14, r31
    51fe:	0a c0       	rjmp	.+20     	; 0x5214 <EEPROM_ACCESS_UART+0xc9c>
    5200:	98 01       	movw	r18, r16
    5202:	ae 01       	movw	r20, r28
    5204:	4f 5f       	subi	r20, 0xFF	; 255
    5206:	5f 4f       	sbci	r21, 0xFF	; 255
    5208:	6f 2d       	mov	r22, r15
    520a:	83 e6       	ldi	r24, 0x63	; 99
    520c:	90 e0       	ldi	r25, 0x00	; 0
    520e:	0e 94 f4 18 	call	0x31e8	; 0x31e8 <COM_EROM_ACCESS_FLOAT>
    5212:	39 c0       	rjmp	.+114    	; 0x5286 <EEPROM_ACCESS_UART+0xd0e>
    5214:	85 eb       	ldi	r24, 0xB5	; 181
    5216:	e8 12       	cpse	r14, r24
    5218:	0a c0       	rjmp	.+20     	; 0x522e <EEPROM_ACCESS_UART+0xcb6>
    521a:	98 01       	movw	r18, r16
    521c:	ae 01       	movw	r20, r28
    521e:	4f 5f       	subi	r20, 0xFF	; 255
    5220:	5f 4f       	sbci	r21, 0xFF	; 255
    5222:	6f 2d       	mov	r22, r15
    5224:	8f e5       	ldi	r24, 0x5F	; 95
    5226:	90 e0       	ldi	r25, 0x00	; 0
    5228:	0e 94 f4 18 	call	0x31e8	; 0x31e8 <COM_EROM_ACCESS_FLOAT>
    522c:	2c c0       	rjmp	.+88     	; 0x5286 <EEPROM_ACCESS_UART+0xd0e>
    522e:	96 eb       	ldi	r25, 0xB6	; 182
    5230:	e9 12       	cpse	r14, r25
    5232:	0a c0       	rjmp	.+20     	; 0x5248 <EEPROM_ACCESS_UART+0xcd0>
    5234:	98 01       	movw	r18, r16
    5236:	ae 01       	movw	r20, r28
    5238:	4f 5f       	subi	r20, 0xFF	; 255
    523a:	5f 4f       	sbci	r21, 0xFF	; 255
    523c:	6f 2d       	mov	r22, r15
    523e:	8d e5       	ldi	r24, 0x5D	; 93
    5240:	90 e0       	ldi	r25, 0x00	; 0
    5242:	0e 94 5f 19 	call	0x32be	; 0x32be <COM_EROM_ACCESS_UINT16>
    5246:	1f c0       	rjmp	.+62     	; 0x5286 <EEPROM_ACCESS_UART+0xd0e>
    5248:	e7 eb       	ldi	r30, 0xB7	; 183
    524a:	ee 12       	cpse	r14, r30
    524c:	0a c0       	rjmp	.+20     	; 0x5262 <EEPROM_ACCESS_UART+0xcea>
    524e:	98 01       	movw	r18, r16
    5250:	ae 01       	movw	r20, r28
    5252:	4f 5f       	subi	r20, 0xFF	; 255
    5254:	5f 4f       	sbci	r21, 0xFF	; 255
    5256:	6f 2d       	mov	r22, r15
    5258:	82 e5       	ldi	r24, 0x52	; 82
    525a:	90 e0       	ldi	r25, 0x00	; 0
    525c:	0e 94 f4 18 	call	0x31e8	; 0x31e8 <COM_EROM_ACCESS_FLOAT>
    5260:	12 c0       	rjmp	.+36     	; 0x5286 <EEPROM_ACCESS_UART+0xd0e>
    5262:	f8 eb       	ldi	r31, 0xB8	; 184
    5264:	ef 12       	cpse	r14, r31
    5266:	0a c0       	rjmp	.+20     	; 0x527c <EEPROM_ACCESS_UART+0xd04>
    5268:	98 01       	movw	r18, r16
    526a:	ae 01       	movw	r20, r28
    526c:	4f 5f       	subi	r20, 0xFF	; 255
    526e:	5f 4f       	sbci	r21, 0xFF	; 255
    5270:	6f 2d       	mov	r22, r15
    5272:	81 e5       	ldi	r24, 0x51	; 81
    5274:	90 e0       	ldi	r25, 0x00	; 0
    5276:	0e 94 31 19 	call	0x3262	; 0x3262 <COM_EROM_ACCESS_UINT8>
    527a:	05 c0       	rjmp	.+10     	; 0x5286 <EEPROM_ACCESS_UART+0xd0e>
    527c:	69 e1       	ldi	r22, 0x19	; 25
    527e:	71 e0       	ldi	r23, 0x01	; 1
    5280:	c8 01       	movw	r24, r16
    5282:	0e 94 1a 0c 	call	0x1834	; 0x1834 <AddEnd_String>
    5286:	cb 58       	subi	r28, 0x8B	; 139
    5288:	df 4f       	sbci	r29, 0xFF	; 255
    528a:	0f b6       	in	r0, 0x3f	; 63
    528c:	f8 94       	cli
    528e:	de bf       	out	0x3e, r29	; 62
    5290:	0f be       	out	0x3f, r0	; 63
    5292:	cd bf       	out	0x3d, r28	; 61
    5294:	df 91       	pop	r29
    5296:	cf 91       	pop	r28
    5298:	1f 91       	pop	r17
    529a:	0f 91       	pop	r16
    529c:	ff 90       	pop	r15
    529e:	ef 90       	pop	r14
    52a0:	df 90       	pop	r13
    52a2:	bf 90       	pop	r11
    52a4:	af 90       	pop	r10
    52a6:	9f 90       	pop	r9
    52a8:	8f 90       	pop	r8
    52aa:	08 95       	ret

000052ac <ADC_Convert_MAX11163>:
    52ac:	85 e0       	ldi	r24, 0x05	; 5
    52ae:	8a 95       	dec	r24
    52b0:	f1 f7       	brne	.-4      	; 0x52ae <ADC_Convert_MAX11163+0x2>
    52b2:	00 00       	nop
    52b4:	2a 9a       	sbi	0x05, 2	; 5
    52b6:	80 e1       	ldi	r24, 0x10	; 16
    52b8:	8a 95       	dec	r24
    52ba:	f1 f7       	brne	.-4      	; 0x52b8 <ADC_Convert_MAX11163+0xc>
    52bc:	2a 98       	cbi	0x05, 2	; 5
    52be:	1e bc       	out	0x2e, r1	; 46
    52c0:	0d b4       	in	r0, 0x2d	; 45
    52c2:	07 fe       	sbrs	r0, 7
    52c4:	fd cf       	rjmp	.-6      	; 0x52c0 <ADC_Convert_MAX11163+0x14>
    52c6:	9e b5       	in	r25, 0x2e	; 46
    52c8:	1e bc       	out	0x2e, r1	; 46
    52ca:	0d b4       	in	r0, 0x2d	; 45
    52cc:	07 fe       	sbrs	r0, 7
    52ce:	fd cf       	rjmp	.-6      	; 0x52ca <ADC_Convert_MAX11163+0x1e>
    52d0:	8e b5       	in	r24, 0x2e	; 46
    52d2:	08 95       	ret

000052d4 <ADC_Convert_Avr_MAX11163>:
    52d4:	cf 92       	push	r12
    52d6:	df 92       	push	r13
    52d8:	ef 92       	push	r14
    52da:	ff 92       	push	r15
    52dc:	9c 01       	movw	r18, r24
    52de:	c1 2c       	mov	r12, r1
    52e0:	d1 2c       	mov	r13, r1
    52e2:	76 01       	movw	r14, r12
    52e4:	60 e0       	ldi	r22, 0x00	; 0
    52e6:	70 e0       	ldi	r23, 0x00	; 0
    52e8:	cb 01       	movw	r24, r22
    52ea:	21 15       	cp	r18, r1
    52ec:	31 05       	cpc	r19, r1
    52ee:	e1 f0       	breq	.+56     	; 0x5328 <ADC_Convert_Avr_MAX11163+0x54>
    52f0:	21 50       	subi	r18, 0x01	; 1
    52f2:	31 09       	sbc	r19, r1
    52f4:	45 e0       	ldi	r20, 0x05	; 5
    52f6:	4a 95       	dec	r20
    52f8:	f1 f7       	brne	.-4      	; 0x52f6 <ADC_Convert_Avr_MAX11163+0x22>
    52fa:	00 00       	nop
    52fc:	2a 9a       	sbi	0x05, 2	; 5
    52fe:	40 e1       	ldi	r20, 0x10	; 16
    5300:	4a 95       	dec	r20
    5302:	f1 f7       	brne	.-4      	; 0x5300 <ADC_Convert_Avr_MAX11163+0x2c>
    5304:	2a 98       	cbi	0x05, 2	; 5
    5306:	1e bc       	out	0x2e, r1	; 46
    5308:	0d b4       	in	r0, 0x2d	; 45
    530a:	07 fe       	sbrs	r0, 7
    530c:	fd cf       	rjmp	.-6      	; 0x5308 <ADC_Convert_Avr_MAX11163+0x34>
    530e:	4e b5       	in	r20, 0x2e	; 46
    5310:	d4 2e       	mov	r13, r20
    5312:	1e bc       	out	0x2e, r1	; 46
    5314:	0d b4       	in	r0, 0x2d	; 45
    5316:	07 fe       	sbrs	r0, 7
    5318:	fd cf       	rjmp	.-6      	; 0x5314 <ADC_Convert_Avr_MAX11163+0x40>
    531a:	4e b5       	in	r20, 0x2e	; 46
    531c:	c4 2e       	mov	r12, r20
    531e:	6c 0d       	add	r22, r12
    5320:	7d 1d       	adc	r23, r13
    5322:	8e 1d       	adc	r24, r14
    5324:	9f 1d       	adc	r25, r15
    5326:	e1 cf       	rjmp	.-62     	; 0x52ea <ADC_Convert_Avr_MAX11163+0x16>
    5328:	ff 90       	pop	r15
    532a:	ef 90       	pop	r14
    532c:	df 90       	pop	r13
    532e:	cf 90       	pop	r12
    5330:	08 95       	ret

00005332 <ADC_Convert_Avr_OLUL_MAX11163>:
    5332:	cf 92       	push	r12
    5334:	df 92       	push	r13
    5336:	ef 92       	push	r14
    5338:	ff 92       	push	r15
    533a:	9c 01       	movw	r18, r24
    533c:	c1 2c       	mov	r12, r1
    533e:	d1 2c       	mov	r13, r1
    5340:	76 01       	movw	r14, r12
    5342:	10 92 8a 10 	sts	0x108A, r1	; 0x80108a <AI_Over_Load>
    5346:	10 92 fb 13 	sts	0x13FB, r1	; 0x8013fb <AI_Under_Load>
    534a:	60 e0       	ldi	r22, 0x00	; 0
    534c:	70 e0       	ldi	r23, 0x00	; 0
    534e:	cb 01       	movw	r24, r22
    5350:	f1 e0       	ldi	r31, 0x01	; 1
    5352:	21 15       	cp	r18, r1
    5354:	31 05       	cpc	r19, r1
    5356:	51 f1       	breq	.+84     	; 0x53ac <ADC_Convert_Avr_OLUL_MAX11163+0x7a>
    5358:	21 50       	subi	r18, 0x01	; 1
    535a:	31 09       	sbc	r19, r1
    535c:	45 e0       	ldi	r20, 0x05	; 5
    535e:	4a 95       	dec	r20
    5360:	f1 f7       	brne	.-4      	; 0x535e <ADC_Convert_Avr_OLUL_MAX11163+0x2c>
    5362:	00 00       	nop
    5364:	2a 9a       	sbi	0x05, 2	; 5
    5366:	40 e1       	ldi	r20, 0x10	; 16
    5368:	4a 95       	dec	r20
    536a:	f1 f7       	brne	.-4      	; 0x5368 <ADC_Convert_Avr_OLUL_MAX11163+0x36>
    536c:	2a 98       	cbi	0x05, 2	; 5
    536e:	1e bc       	out	0x2e, r1	; 46
    5370:	0d b4       	in	r0, 0x2d	; 45
    5372:	07 fe       	sbrs	r0, 7
    5374:	fd cf       	rjmp	.-6      	; 0x5370 <ADC_Convert_Avr_OLUL_MAX11163+0x3e>
    5376:	ee b5       	in	r30, 0x2e	; 46
    5378:	de 2e       	mov	r13, r30
    537a:	1e bc       	out	0x2e, r1	; 46
    537c:	0d b4       	in	r0, 0x2d	; 45
    537e:	07 fe       	sbrs	r0, 7
    5380:	fd cf       	rjmp	.-6      	; 0x537c <ADC_Convert_Avr_OLUL_MAX11163+0x4a>
    5382:	ee b5       	in	r30, 0x2e	; 46
    5384:	ce 2e       	mov	r12, r30
    5386:	ad 2d       	mov	r26, r13
    5388:	d1 10       	cpse	r13, r1
    538a:	05 c0       	rjmp	.+10     	; 0x5396 <ADC_Convert_Avr_OLUL_MAX11163+0x64>
    538c:	e1 11       	cpse	r30, r1
    538e:	09 c0       	rjmp	.+18     	; 0x53a2 <ADC_Convert_Avr_OLUL_MAX11163+0x70>
    5390:	f0 93 fb 13 	sts	0x13FB, r31	; 0x8013fb <AI_Under_Load>
    5394:	06 c0       	rjmp	.+12     	; 0x53a2 <ADC_Convert_Avr_OLUL_MAX11163+0x70>
    5396:	af 3f       	cpi	r26, 0xFF	; 255
    5398:	21 f4       	brne	.+8      	; 0x53a2 <ADC_Convert_Avr_OLUL_MAX11163+0x70>
    539a:	ef 3f       	cpi	r30, 0xFF	; 255
    539c:	11 f4       	brne	.+4      	; 0x53a2 <ADC_Convert_Avr_OLUL_MAX11163+0x70>
    539e:	f0 93 8a 10 	sts	0x108A, r31	; 0x80108a <AI_Over_Load>
    53a2:	6c 0d       	add	r22, r12
    53a4:	7d 1d       	adc	r23, r13
    53a6:	8e 1d       	adc	r24, r14
    53a8:	9f 1d       	adc	r25, r15
    53aa:	d3 cf       	rjmp	.-90     	; 0x5352 <ADC_Convert_Avr_OLUL_MAX11163+0x20>
    53ac:	ff 90       	pop	r15
    53ae:	ef 90       	pop	r14
    53b0:	df 90       	pop	r13
    53b2:	cf 90       	pop	r12
    53b4:	08 95       	ret

000053b6 <Meas_Analog_Inputs>:
    53b6:	4f 92       	push	r4
    53b8:	5f 92       	push	r5
    53ba:	6f 92       	push	r6
    53bc:	7f 92       	push	r7
    53be:	8f 92       	push	r8
    53c0:	9f 92       	push	r9
    53c2:	af 92       	push	r10
    53c4:	bf 92       	push	r11
    53c6:	cf 92       	push	r12
    53c8:	df 92       	push	r13
    53ca:	ef 92       	push	r14
    53cc:	ff 92       	push	r15
    53ce:	80 91 84 10 	lds	r24, 0x1084	; 0x801084 <ADC_Num_Avr_VoltCurr>
    53d2:	90 91 85 10 	lds	r25, 0x1085	; 0x801085 <ADC_Num_Avr_VoltCurr+0x1>
    53d6:	ad df       	rcall	.-166    	; 0x5332 <ADC_Convert_Avr_OLUL_MAX11163>
    53d8:	13 9a       	sbi	0x02, 3	; 2
    53da:	12 98       	cbi	0x02, 2	; 2
    53dc:	11 98       	cbi	0x02, 1	; 2
    53de:	30 91 45 12 	lds	r19, 0x1245	; 0x801245 <ADC_Cycl_Avr_Counter>
    53e2:	20 91 08 14 	lds	r18, 0x1408	; 0x801408 <ADC_Cycl_Avr_VoltCurr>
    53e6:	32 17       	cp	r19, r18
    53e8:	10 f0       	brcs	.+4      	; 0x53ee <Meas_Analog_Inputs+0x38>
    53ea:	10 92 45 12 	sts	0x1245, r1	; 0x801245 <ADC_Cycl_Avr_Counter>
    53ee:	20 91 dc 14 	lds	r18, 0x14DC	; 0x8014dc <Range_Status_B>
    53f2:	20 ff       	sbrs	r18, 0
    53f4:	15 c0       	rjmp	.+42     	; 0x5420 <Meas_Analog_Inputs+0x6a>
    53f6:	20 91 dc 14 	lds	r18, 0x14DC	; 0x8014dc <Range_Status_B>
    53fa:	2e 7f       	andi	r18, 0xFE	; 254
    53fc:	20 93 dc 14 	sts	0x14DC, r18	; 0x8014dc <Range_Status_B>
    5400:	20 91 08 14 	lds	r18, 0x1408	; 0x801408 <ADC_Cycl_Avr_VoltCurr>
    5404:	22 23       	and	r18, r18
    5406:	c1 f0       	breq	.+48     	; 0x5438 <Meas_Analog_Inputs+0x82>
    5408:	21 50       	subi	r18, 0x01	; 1
    540a:	34 e0       	ldi	r19, 0x04	; 4
    540c:	23 9f       	mul	r18, r19
    540e:	f0 01       	movw	r30, r0
    5410:	11 24       	eor	r1, r1
    5412:	ed 55       	subi	r30, 0x5D	; 93
    5414:	ff 4e       	sbci	r31, 0xEF	; 239
    5416:	60 83       	st	Z, r22
    5418:	71 83       	std	Z+1, r23	; 0x01
    541a:	82 83       	std	Z+2, r24	; 0x02
    541c:	93 83       	std	Z+3, r25	; 0x03
    541e:	f2 cf       	rjmp	.-28     	; 0x5404 <Meas_Analog_Inputs+0x4e>
    5420:	e0 91 45 12 	lds	r30, 0x1245	; 0x801245 <ADC_Cycl_Avr_Counter>
    5424:	24 e0       	ldi	r18, 0x04	; 4
    5426:	e2 9f       	mul	r30, r18
    5428:	f0 01       	movw	r30, r0
    542a:	11 24       	eor	r1, r1
    542c:	ed 55       	subi	r30, 0x5D	; 93
    542e:	ff 4e       	sbci	r31, 0xEF	; 239
    5430:	60 83       	st	Z, r22
    5432:	71 83       	std	Z+1, r23	; 0x01
    5434:	82 83       	std	Z+2, r24	; 0x02
    5436:	93 83       	std	Z+3, r25	; 0x03
    5438:	20 91 08 14 	lds	r18, 0x1408	; 0x801408 <ADC_Cycl_Avr_VoltCurr>
    543c:	60 e0       	ldi	r22, 0x00	; 0
    543e:	70 e0       	ldi	r23, 0x00	; 0
    5440:	cb 01       	movw	r24, r22
    5442:	22 23       	and	r18, r18
    5444:	81 f0       	breq	.+32     	; 0x5466 <Meas_Analog_Inputs+0xb0>
    5446:	21 50       	subi	r18, 0x01	; 1
    5448:	34 e0       	ldi	r19, 0x04	; 4
    544a:	23 9f       	mul	r18, r19
    544c:	f0 01       	movw	r30, r0
    544e:	11 24       	eor	r1, r1
    5450:	ed 55       	subi	r30, 0x5D	; 93
    5452:	ff 4e       	sbci	r31, 0xEF	; 239
    5454:	c0 80       	ld	r12, Z
    5456:	d1 80       	ldd	r13, Z+1	; 0x01
    5458:	e2 80       	ldd	r14, Z+2	; 0x02
    545a:	f3 80       	ldd	r15, Z+3	; 0x03
    545c:	6c 0d       	add	r22, r12
    545e:	7d 1d       	adc	r23, r13
    5460:	8e 1d       	adc	r24, r14
    5462:	9f 1d       	adc	r25, r15
    5464:	ee cf       	rjmp	.-36     	; 0x5442 <Meas_Analog_Inputs+0x8c>
    5466:	40 90 9b 10 	lds	r4, 0x109B	; 0x80109b <ADC_Avr_Mult_VoltCurr>
    546a:	50 90 9c 10 	lds	r5, 0x109C	; 0x80109c <ADC_Avr_Mult_VoltCurr+0x1>
    546e:	60 90 9d 10 	lds	r6, 0x109D	; 0x80109d <ADC_Avr_Mult_VoltCurr+0x2>
    5472:	70 90 9e 10 	lds	r7, 0x109E	; 0x80109e <ADC_Avr_Mult_VoltCurr+0x3>
    5476:	80 90 5c 15 	lds	r8, 0x155C	; 0x80155c <AI_Volt_Offset>
    547a:	90 90 5d 15 	lds	r9, 0x155D	; 0x80155d <AI_Volt_Offset+0x1>
    547e:	a0 90 5e 15 	lds	r10, 0x155E	; 0x80155e <AI_Volt_Offset+0x2>
    5482:	b0 90 5f 15 	lds	r11, 0x155F	; 0x80155f <AI_Volt_Offset+0x3>
    5486:	c0 90 0b 15 	lds	r12, 0x150B	; 0x80150b <AI_Volt_Scale>
    548a:	d0 90 0c 15 	lds	r13, 0x150C	; 0x80150c <AI_Volt_Scale+0x1>
    548e:	e0 90 0d 15 	lds	r14, 0x150D	; 0x80150d <AI_Volt_Scale+0x2>
    5492:	f0 90 0e 15 	lds	r15, 0x150E	; 0x80150e <AI_Volt_Scale+0x3>
    5496:	0e 94 0a 47 	call	0x8e14	; 0x8e14 <__floatunsisf>
    549a:	a3 01       	movw	r20, r6
    549c:	92 01       	movw	r18, r4
    549e:	0e 94 9a 48 	call	0x9134	; 0x9134 <__mulsf3>
    54a2:	a5 01       	movw	r20, r10
    54a4:	94 01       	movw	r18, r8
    54a6:	0e 94 d8 45 	call	0x8bb0	; 0x8bb0 <__addsf3>
    54aa:	a7 01       	movw	r20, r14
    54ac:	96 01       	movw	r18, r12
    54ae:	0e 94 9a 48 	call	0x9134	; 0x9134 <__mulsf3>
    54b2:	60 93 8f 10 	sts	0x108F, r22	; 0x80108f <AI_Volt>
    54b6:	70 93 90 10 	sts	0x1090, r23	; 0x801090 <AI_Volt+0x1>
    54ba:	80 93 91 10 	sts	0x1091, r24	; 0x801091 <AI_Volt+0x2>
    54be:	90 93 92 10 	sts	0x1092, r25	; 0x801092 <AI_Volt+0x3>
    54c2:	80 91 fb 13 	lds	r24, 0x13FB	; 0x8013fb <AI_Under_Load>
    54c6:	88 23       	and	r24, r24
    54c8:	49 f0       	breq	.+18     	; 0x54dc <Meas_Analog_Inputs+0x126>
    54ca:	80 91 1a 14 	lds	r24, 0x141A	; 0x80141a <SysStatus_A>
    54ce:	84 60       	ori	r24, 0x04	; 4
    54d0:	80 93 1a 14 	sts	0x141A, r24	; 0x80141a <SysStatus_A>
    54d4:	80 91 e4 14 	lds	r24, 0x14E4	; 0x8014e4 <Range_Status_A>
    54d8:	80 62       	ori	r24, 0x20	; 32
    54da:	1a c0       	rjmp	.+52     	; 0x5510 <Meas_Analog_Inputs+0x15a>
    54dc:	80 91 8a 10 	lds	r24, 0x108A	; 0x80108a <AI_Over_Load>
    54e0:	88 23       	and	r24, r24
    54e2:	71 f0       	breq	.+28     	; 0x5500 <Meas_Analog_Inputs+0x14a>
    54e4:	80 91 1a 14 	lds	r24, 0x141A	; 0x80141a <SysStatus_A>
    54e8:	84 60       	ori	r24, 0x04	; 4
    54ea:	80 93 1a 14 	sts	0x141A, r24	; 0x80141a <SysStatus_A>
    54ee:	80 91 e4 14 	lds	r24, 0x14E4	; 0x8014e4 <Range_Status_A>
    54f2:	80 61       	ori	r24, 0x10	; 16
    54f4:	80 93 e4 14 	sts	0x14E4, r24	; 0x8014e4 <Range_Status_A>
    54f8:	80 91 e4 14 	lds	r24, 0x14E4	; 0x8014e4 <Range_Status_A>
    54fc:	8f 7d       	andi	r24, 0xDF	; 223
    54fe:	0d c0       	rjmp	.+26     	; 0x551a <Meas_Analog_Inputs+0x164>
    5500:	80 91 1a 14 	lds	r24, 0x141A	; 0x80141a <SysStatus_A>
    5504:	8b 7f       	andi	r24, 0xFB	; 251
    5506:	80 93 1a 14 	sts	0x141A, r24	; 0x80141a <SysStatus_A>
    550a:	80 91 e4 14 	lds	r24, 0x14E4	; 0x8014e4 <Range_Status_A>
    550e:	8f 7d       	andi	r24, 0xDF	; 223
    5510:	80 93 e4 14 	sts	0x14E4, r24	; 0x8014e4 <Range_Status_A>
    5514:	80 91 e4 14 	lds	r24, 0x14E4	; 0x8014e4 <Range_Status_A>
    5518:	8f 7e       	andi	r24, 0xEF	; 239
    551a:	80 93 e4 14 	sts	0x14E4, r24	; 0x8014e4 <Range_Status_A>
    551e:	87 ef       	ldi	r24, 0xF7	; 247
    5520:	90 e0       	ldi	r25, 0x00	; 0
    5522:	01 97       	sbiw	r24, 0x01	; 1
    5524:	f1 f7       	brne	.-4      	; 0x5522 <Meas_Analog_Inputs+0x16c>
    5526:	00 c0       	rjmp	.+0      	; 0x5528 <Meas_Analog_Inputs+0x172>
    5528:	00 00       	nop
    552a:	80 91 84 10 	lds	r24, 0x1084	; 0x801084 <ADC_Num_Avr_VoltCurr>
    552e:	90 91 85 10 	lds	r25, 0x1085	; 0x801085 <ADC_Num_Avr_VoltCurr+0x1>
    5532:	ff de       	rcall	.-514    	; 0x5332 <ADC_Convert_Avr_OLUL_MAX11163>
    5534:	13 98       	cbi	0x02, 3	; 2
    5536:	12 9a       	sbi	0x02, 2	; 2
    5538:	11 98       	cbi	0x02, 1	; 2
    553a:	20 91 dc 14 	lds	r18, 0x14DC	; 0x8014dc <Range_Status_B>
    553e:	21 ff       	sbrs	r18, 1
    5540:	15 c0       	rjmp	.+42     	; 0x556c <Meas_Analog_Inputs+0x1b6>
    5542:	20 91 dc 14 	lds	r18, 0x14DC	; 0x8014dc <Range_Status_B>
    5546:	2d 7f       	andi	r18, 0xFD	; 253
    5548:	20 93 dc 14 	sts	0x14DC, r18	; 0x8014dc <Range_Status_B>
    554c:	20 91 08 14 	lds	r18, 0x1408	; 0x801408 <ADC_Cycl_Avr_VoltCurr>
    5550:	22 23       	and	r18, r18
    5552:	c1 f0       	breq	.+48     	; 0x5584 <Meas_Analog_Inputs+0x1ce>
    5554:	21 50       	subi	r18, 0x01	; 1
    5556:	34 e0       	ldi	r19, 0x04	; 4
    5558:	23 9f       	mul	r18, r19
    555a:	f0 01       	movw	r30, r0
    555c:	11 24       	eor	r1, r1
    555e:	e2 5a       	subi	r30, 0xA2	; 162
    5560:	fd 4e       	sbci	r31, 0xED	; 237
    5562:	60 83       	st	Z, r22
    5564:	71 83       	std	Z+1, r23	; 0x01
    5566:	82 83       	std	Z+2, r24	; 0x02
    5568:	93 83       	std	Z+3, r25	; 0x03
    556a:	f2 cf       	rjmp	.-28     	; 0x5550 <Meas_Analog_Inputs+0x19a>
    556c:	e0 91 45 12 	lds	r30, 0x1245	; 0x801245 <ADC_Cycl_Avr_Counter>
    5570:	24 e0       	ldi	r18, 0x04	; 4
    5572:	e2 9f       	mul	r30, r18
    5574:	f0 01       	movw	r30, r0
    5576:	11 24       	eor	r1, r1
    5578:	e2 5a       	subi	r30, 0xA2	; 162
    557a:	fd 4e       	sbci	r31, 0xED	; 237
    557c:	60 83       	st	Z, r22
    557e:	71 83       	std	Z+1, r23	; 0x01
    5580:	82 83       	std	Z+2, r24	; 0x02
    5582:	93 83       	std	Z+3, r25	; 0x03
    5584:	80 91 45 12 	lds	r24, 0x1245	; 0x801245 <ADC_Cycl_Avr_Counter>
    5588:	8f 5f       	subi	r24, 0xFF	; 255
    558a:	80 93 45 12 	sts	0x1245, r24	; 0x801245 <ADC_Cycl_Avr_Counter>
    558e:	20 91 08 14 	lds	r18, 0x1408	; 0x801408 <ADC_Cycl_Avr_VoltCurr>
    5592:	60 e0       	ldi	r22, 0x00	; 0
    5594:	70 e0       	ldi	r23, 0x00	; 0
    5596:	cb 01       	movw	r24, r22
    5598:	22 23       	and	r18, r18
    559a:	81 f0       	breq	.+32     	; 0x55bc <Meas_Analog_Inputs+0x206>
    559c:	21 50       	subi	r18, 0x01	; 1
    559e:	34 e0       	ldi	r19, 0x04	; 4
    55a0:	23 9f       	mul	r18, r19
    55a2:	f0 01       	movw	r30, r0
    55a4:	11 24       	eor	r1, r1
    55a6:	e2 5a       	subi	r30, 0xA2	; 162
    55a8:	fd 4e       	sbci	r31, 0xED	; 237
    55aa:	c0 80       	ld	r12, Z
    55ac:	d1 80       	ldd	r13, Z+1	; 0x01
    55ae:	e2 80       	ldd	r14, Z+2	; 0x02
    55b0:	f3 80       	ldd	r15, Z+3	; 0x03
    55b2:	6c 0d       	add	r22, r12
    55b4:	7d 1d       	adc	r23, r13
    55b6:	8e 1d       	adc	r24, r14
    55b8:	9f 1d       	adc	r25, r15
    55ba:	ee cf       	rjmp	.-36     	; 0x5598 <Meas_Analog_Inputs+0x1e2>
    55bc:	40 90 9b 10 	lds	r4, 0x109B	; 0x80109b <ADC_Avr_Mult_VoltCurr>
    55c0:	50 90 9c 10 	lds	r5, 0x109C	; 0x80109c <ADC_Avr_Mult_VoltCurr+0x1>
    55c4:	60 90 9d 10 	lds	r6, 0x109D	; 0x80109d <ADC_Avr_Mult_VoltCurr+0x2>
    55c8:	70 90 9e 10 	lds	r7, 0x109E	; 0x80109e <ADC_Avr_Mult_VoltCurr+0x3>
    55cc:	80 90 d8 14 	lds	r8, 0x14D8	; 0x8014d8 <AI_Curr_Offset>
    55d0:	90 90 d9 14 	lds	r9, 0x14D9	; 0x8014d9 <AI_Curr_Offset+0x1>
    55d4:	a0 90 da 14 	lds	r10, 0x14DA	; 0x8014da <AI_Curr_Offset+0x2>
    55d8:	b0 90 db 14 	lds	r11, 0x14DB	; 0x8014db <AI_Curr_Offset+0x3>
    55dc:	c0 90 d4 14 	lds	r12, 0x14D4	; 0x8014d4 <AI_Curr_Scale>
    55e0:	d0 90 d5 14 	lds	r13, 0x14D5	; 0x8014d5 <AI_Curr_Scale+0x1>
    55e4:	e0 90 d6 14 	lds	r14, 0x14D6	; 0x8014d6 <AI_Curr_Scale+0x2>
    55e8:	f0 90 d7 14 	lds	r15, 0x14D7	; 0x8014d7 <AI_Curr_Scale+0x3>
    55ec:	0e 94 0a 47 	call	0x8e14	; 0x8e14 <__floatunsisf>
    55f0:	a3 01       	movw	r20, r6
    55f2:	92 01       	movw	r18, r4
    55f4:	0e 94 9a 48 	call	0x9134	; 0x9134 <__mulsf3>
    55f8:	a5 01       	movw	r20, r10
    55fa:	94 01       	movw	r18, r8
    55fc:	0e 94 d8 45 	call	0x8bb0	; 0x8bb0 <__addsf3>
    5600:	a7 01       	movw	r20, r14
    5602:	96 01       	movw	r18, r12
    5604:	0e 94 9a 48 	call	0x9134	; 0x9134 <__mulsf3>
    5608:	60 93 46 12 	sts	0x1246, r22	; 0x801246 <AI_Curr>
    560c:	70 93 47 12 	sts	0x1247, r23	; 0x801247 <AI_Curr+0x1>
    5610:	80 93 48 12 	sts	0x1248, r24	; 0x801248 <AI_Curr+0x2>
    5614:	90 93 49 12 	sts	0x1249, r25	; 0x801249 <AI_Curr+0x3>
    5618:	60 91 8f 10 	lds	r22, 0x108F	; 0x80108f <AI_Volt>
    561c:	70 91 90 10 	lds	r23, 0x1090	; 0x801090 <AI_Volt+0x1>
    5620:	80 91 91 10 	lds	r24, 0x1091	; 0x801091 <AI_Volt+0x2>
    5624:	90 91 92 10 	lds	r25, 0x1092	; 0x801092 <AI_Volt+0x3>
    5628:	20 91 00 15 	lds	r18, 0x1500	; 0x801500 <AI_Volt_R_Leak>
    562c:	30 91 01 15 	lds	r19, 0x1501	; 0x801501 <AI_Volt_R_Leak+0x1>
    5630:	40 91 02 15 	lds	r20, 0x1502	; 0x801502 <AI_Volt_R_Leak+0x2>
    5634:	50 91 03 15 	lds	r21, 0x1503	; 0x801503 <AI_Volt_R_Leak+0x3>
    5638:	c0 90 46 12 	lds	r12, 0x1246	; 0x801246 <AI_Curr>
    563c:	d0 90 47 12 	lds	r13, 0x1247	; 0x801247 <AI_Curr+0x1>
    5640:	e0 90 48 12 	lds	r14, 0x1248	; 0x801248 <AI_Curr+0x2>
    5644:	f0 90 49 12 	lds	r15, 0x1249	; 0x801249 <AI_Curr+0x3>
    5648:	0e 94 9a 48 	call	0x9134	; 0x9134 <__mulsf3>
    564c:	a7 01       	movw	r20, r14
    564e:	96 01       	movw	r18, r12
    5650:	0e 94 d8 45 	call	0x8bb0	; 0x8bb0 <__addsf3>
    5654:	60 93 41 12 	sts	0x1241, r22	; 0x801241 <AI_Curr_Corr>
    5658:	70 93 42 12 	sts	0x1242, r23	; 0x801242 <AI_Curr_Corr+0x1>
    565c:	80 93 43 12 	sts	0x1243, r24	; 0x801243 <AI_Curr_Corr+0x2>
    5660:	90 93 44 12 	sts	0x1244, r25	; 0x801244 <AI_Curr_Corr+0x3>
    5664:	80 91 fb 13 	lds	r24, 0x13FB	; 0x8013fb <AI_Under_Load>
    5668:	88 23       	and	r24, r24
    566a:	49 f0       	breq	.+18     	; 0x567e <Meas_Analog_Inputs+0x2c8>
    566c:	80 91 1a 14 	lds	r24, 0x141A	; 0x80141a <SysStatus_A>
    5670:	88 60       	ori	r24, 0x08	; 8
    5672:	80 93 1a 14 	sts	0x141A, r24	; 0x80141a <SysStatus_A>
    5676:	80 91 e4 14 	lds	r24, 0x14E4	; 0x8014e4 <Range_Status_A>
    567a:	80 68       	ori	r24, 0x80	; 128
    567c:	1a c0       	rjmp	.+52     	; 0x56b2 <Meas_Analog_Inputs+0x2fc>
    567e:	80 91 8a 10 	lds	r24, 0x108A	; 0x80108a <AI_Over_Load>
    5682:	88 23       	and	r24, r24
    5684:	71 f0       	breq	.+28     	; 0x56a2 <Meas_Analog_Inputs+0x2ec>
    5686:	80 91 1a 14 	lds	r24, 0x141A	; 0x80141a <SysStatus_A>
    568a:	88 60       	ori	r24, 0x08	; 8
    568c:	80 93 1a 14 	sts	0x141A, r24	; 0x80141a <SysStatus_A>
    5690:	80 91 e4 14 	lds	r24, 0x14E4	; 0x8014e4 <Range_Status_A>
    5694:	80 64       	ori	r24, 0x40	; 64
    5696:	80 93 e4 14 	sts	0x14E4, r24	; 0x8014e4 <Range_Status_A>
    569a:	80 91 e4 14 	lds	r24, 0x14E4	; 0x8014e4 <Range_Status_A>
    569e:	8f 77       	andi	r24, 0x7F	; 127
    56a0:	0d c0       	rjmp	.+26     	; 0x56bc <Meas_Analog_Inputs+0x306>
    56a2:	80 91 1a 14 	lds	r24, 0x141A	; 0x80141a <SysStatus_A>
    56a6:	87 7f       	andi	r24, 0xF7	; 247
    56a8:	80 93 1a 14 	sts	0x141A, r24	; 0x80141a <SysStatus_A>
    56ac:	80 91 e4 14 	lds	r24, 0x14E4	; 0x8014e4 <Range_Status_A>
    56b0:	8f 77       	andi	r24, 0x7F	; 127
    56b2:	80 93 e4 14 	sts	0x14E4, r24	; 0x8014e4 <Range_Status_A>
    56b6:	80 91 e4 14 	lds	r24, 0x14E4	; 0x8014e4 <Range_Status_A>
    56ba:	8f 7b       	andi	r24, 0xBF	; 191
    56bc:	80 93 e4 14 	sts	0x14E4, r24	; 0x8014e4 <Range_Status_A>
    56c0:	85 ed       	ldi	r24, 0xD5	; 213
    56c2:	8a 95       	dec	r24
    56c4:	f1 f7       	brne	.-4      	; 0x56c2 <Meas_Analog_Inputs+0x30c>
    56c6:	00 00       	nop
    56c8:	80 91 40 12 	lds	r24, 0x1240	; 0x801240 <ADC_Num_Avr_Other>
    56cc:	90 e0       	ldi	r25, 0x00	; 0
    56ce:	02 de       	rcall	.-1020   	; 0x52d4 <ADC_Convert_Avr_MAX11163>
    56d0:	13 9a       	sbi	0x02, 3	; 2
    56d2:	12 9a       	sbi	0x02, 2	; 2
    56d4:	11 98       	cbi	0x02, 1	; 2
    56d6:	c0 90 52 12 	lds	r12, 0x1252	; 0x801252 <ADC_Avr_Mult_Other>
    56da:	d0 90 53 12 	lds	r13, 0x1253	; 0x801253 <ADC_Avr_Mult_Other+0x1>
    56de:	e0 90 54 12 	lds	r14, 0x1254	; 0x801254 <ADC_Avr_Mult_Other+0x2>
    56e2:	f0 90 55 12 	lds	r15, 0x1255	; 0x801255 <ADC_Avr_Mult_Other+0x3>
    56e6:	0e 94 0a 47 	call	0x8e14	; 0x8e14 <__floatunsisf>
    56ea:	a7 01       	movw	r20, r14
    56ec:	96 01       	movw	r18, r12
    56ee:	0e 94 9a 48 	call	0x9134	; 0x9134 <__mulsf3>
    56f2:	60 93 93 10 	sts	0x1093, r22	; 0x801093 <AI_Offset>
    56f6:	70 93 94 10 	sts	0x1094, r23	; 0x801094 <AI_Offset+0x1>
    56fa:	80 93 95 10 	sts	0x1095, r24	; 0x801095 <AI_Offset+0x2>
    56fe:	90 93 96 10 	sts	0x1096, r25	; 0x801096 <AI_Offset+0x3>
    5702:	8f e5       	ldi	r24, 0x5F	; 95
    5704:	91 e0       	ldi	r25, 0x01	; 1
    5706:	01 97       	sbiw	r24, 0x01	; 1
    5708:	f1 f7       	brne	.-4      	; 0x5706 <Meas_Analog_Inputs+0x350>
    570a:	00 c0       	rjmp	.+0      	; 0x570c <Meas_Analog_Inputs+0x356>
    570c:	00 00       	nop
    570e:	80 91 40 12 	lds	r24, 0x1240	; 0x801240 <ADC_Num_Avr_Other>
    5712:	90 e0       	ldi	r25, 0x00	; 0
    5714:	df dd       	rcall	.-1090   	; 0x52d4 <ADC_Convert_Avr_MAX11163>
    5716:	13 9a       	sbi	0x02, 3	; 2
    5718:	12 98       	cbi	0x02, 2	; 2
    571a:	11 9a       	sbi	0x02, 1	; 2
    571c:	40 90 52 12 	lds	r4, 0x1252	; 0x801252 <ADC_Avr_Mult_Other>
    5720:	50 90 53 12 	lds	r5, 0x1253	; 0x801253 <ADC_Avr_Mult_Other+0x1>
    5724:	60 90 54 12 	lds	r6, 0x1254	; 0x801254 <ADC_Avr_Mult_Other+0x2>
    5728:	70 90 55 12 	lds	r7, 0x1255	; 0x801255 <ADC_Avr_Mult_Other+0x3>
    572c:	80 90 3b 12 	lds	r8, 0x123B	; 0x80123b <CAL_Bias_A1>
    5730:	90 90 3c 12 	lds	r9, 0x123C	; 0x80123c <CAL_Bias_A1+0x1>
    5734:	a0 90 3d 12 	lds	r10, 0x123D	; 0x80123d <CAL_Bias_A1+0x2>
    5738:	b0 90 3e 12 	lds	r11, 0x123E	; 0x80123e <CAL_Bias_A1+0x3>
    573c:	c0 90 f3 13 	lds	r12, 0x13F3	; 0x8013f3 <CAL_Bias_A0>
    5740:	d0 90 f4 13 	lds	r13, 0x13F4	; 0x8013f4 <CAL_Bias_A0+0x1>
    5744:	e0 90 f5 13 	lds	r14, 0x13F5	; 0x8013f5 <CAL_Bias_A0+0x2>
    5748:	f0 90 f6 13 	lds	r15, 0x13F6	; 0x8013f6 <CAL_Bias_A0+0x3>
    574c:	0e 94 0a 47 	call	0x8e14	; 0x8e14 <__floatunsisf>
    5750:	a3 01       	movw	r20, r6
    5752:	92 01       	movw	r18, r4
    5754:	0e 94 9a 48 	call	0x9134	; 0x9134 <__mulsf3>
    5758:	a5 01       	movw	r20, r10
    575a:	94 01       	movw	r18, r8
    575c:	0e 94 9a 48 	call	0x9134	; 0x9134 <__mulsf3>
    5760:	a7 01       	movw	r20, r14
    5762:	96 01       	movw	r18, r12
    5764:	0e 94 d8 45 	call	0x8bb0	; 0x8bb0 <__addsf3>
    5768:	60 93 09 14 	sts	0x1409, r22	; 0x801409 <AI_Bias>
    576c:	70 93 0a 14 	sts	0x140A, r23	; 0x80140a <AI_Bias+0x1>
    5770:	80 93 0b 14 	sts	0x140B, r24	; 0x80140b <AI_Bias+0x2>
    5774:	90 93 0c 14 	sts	0x140C, r25	; 0x80140c <AI_Bias+0x3>
    5778:	83 e2       	ldi	r24, 0x23	; 35
    577a:	91 e0       	ldi	r25, 0x01	; 1
    577c:	01 97       	sbiw	r24, 0x01	; 1
    577e:	f1 f7       	brne	.-4      	; 0x577c <Meas_Analog_Inputs+0x3c6>
    5780:	00 c0       	rjmp	.+0      	; 0x5782 <Meas_Analog_Inputs+0x3cc>
    5782:	00 00       	nop
    5784:	80 91 40 12 	lds	r24, 0x1240	; 0x801240 <ADC_Num_Avr_Other>
    5788:	90 e0       	ldi	r25, 0x00	; 0
    578a:	a4 dd       	rcall	.-1208   	; 0x52d4 <ADC_Convert_Avr_MAX11163>
    578c:	13 98       	cbi	0x02, 3	; 2
    578e:	12 98       	cbi	0x02, 2	; 2
    5790:	11 9a       	sbi	0x02, 1	; 2
    5792:	c0 90 52 12 	lds	r12, 0x1252	; 0x801252 <ADC_Avr_Mult_Other>
    5796:	d0 90 53 12 	lds	r13, 0x1253	; 0x801253 <ADC_Avr_Mult_Other+0x1>
    579a:	e0 90 54 12 	lds	r14, 0x1254	; 0x801254 <ADC_Avr_Mult_Other+0x2>
    579e:	f0 90 55 12 	lds	r15, 0x1255	; 0x801255 <ADC_Avr_Mult_Other+0x3>
    57a2:	0e 94 0a 47 	call	0x8e14	; 0x8e14 <__floatunsisf>
    57a6:	a7 01       	movw	r20, r14
    57a8:	96 01       	movw	r18, r12
    57aa:	0e 94 9a 48 	call	0x9134	; 0x9134 <__mulsf3>
    57ae:	20 91 11 14 	lds	r18, 0x1411	; 0x801411 <CAL_NTC_1_InvGain>
    57b2:	30 91 12 14 	lds	r19, 0x1412	; 0x801412 <CAL_NTC_1_InvGain+0x1>
    57b6:	40 91 13 14 	lds	r20, 0x1413	; 0x801413 <CAL_NTC_1_InvGain+0x2>
    57ba:	50 91 14 14 	lds	r21, 0x1414	; 0x801414 <CAL_NTC_1_InvGain+0x3>
    57be:	0e 94 9a 48 	call	0x9134	; 0x9134 <__mulsf3>
    57c2:	6b 01       	movw	r12, r22
    57c4:	7c 01       	movw	r14, r24
    57c6:	9b 01       	movw	r18, r22
    57c8:	ac 01       	movw	r20, r24
    57ca:	60 e0       	ldi	r22, 0x00	; 0
    57cc:	70 e0       	ldi	r23, 0x00	; 0
    57ce:	80 e8       	ldi	r24, 0x80	; 128
    57d0:	97 e4       	ldi	r25, 0x47	; 71
    57d2:	0e 94 d7 45 	call	0x8bae	; 0x8bae <__subsf3>
    57d6:	9b 01       	movw	r18, r22
    57d8:	ac 01       	movw	r20, r24
    57da:	c7 01       	movw	r24, r14
    57dc:	b6 01       	movw	r22, r12
    57de:	0e 94 40 46 	call	0x8c80	; 0x8c80 <__divsf3>
    57e2:	20 91 04 14 	lds	r18, 0x1404	; 0x801404 <CAL_NTC_1_RSer>
    57e6:	30 91 05 14 	lds	r19, 0x1405	; 0x801405 <CAL_NTC_1_RSer+0x1>
    57ea:	40 91 06 14 	lds	r20, 0x1406	; 0x801406 <CAL_NTC_1_RSer+0x2>
    57ee:	50 91 07 14 	lds	r21, 0x1407	; 0x801407 <CAL_NTC_1_RSer+0x3>
    57f2:	c0 90 86 10 	lds	r12, 0x1086	; 0x801086 <CAL_NTC_1_InvR25>
    57f6:	d0 90 87 10 	lds	r13, 0x1087	; 0x801087 <CAL_NTC_1_InvR25+0x1>
    57fa:	e0 90 88 10 	lds	r14, 0x1088	; 0x801088 <CAL_NTC_1_InvR25+0x2>
    57fe:	f0 90 89 10 	lds	r15, 0x1089	; 0x801089 <CAL_NTC_1_InvR25+0x3>
    5802:	0e 94 9a 48 	call	0x9134	; 0x9134 <__mulsf3>
    5806:	a7 01       	movw	r20, r14
    5808:	96 01       	movw	r18, r12
    580a:	0e 94 9a 48 	call	0x9134	; 0x9134 <__mulsf3>
    580e:	0e 94 27 48 	call	0x904e	; 0x904e <log>
    5812:	20 91 fc 13 	lds	r18, 0x13FC	; 0x8013fc <CAL_NTC_1_InvBeta>
    5816:	30 91 fd 13 	lds	r19, 0x13FD	; 0x8013fd <CAL_NTC_1_InvBeta+0x1>
    581a:	40 91 fe 13 	lds	r20, 0x13FE	; 0x8013fe <CAL_NTC_1_InvBeta+0x2>
    581e:	50 91 ff 13 	lds	r21, 0x13FF	; 0x8013ff <CAL_NTC_1_InvBeta+0x3>
    5822:	0e 94 9a 48 	call	0x9134	; 0x9134 <__mulsf3>
    5826:	2e e1       	ldi	r18, 0x1E	; 30
    5828:	3f ec       	ldi	r19, 0xCF	; 207
    582a:	4b e5       	ldi	r20, 0x5B	; 91
    582c:	5b e3       	ldi	r21, 0x3B	; 59
    582e:	0e 94 d8 45 	call	0x8bb0	; 0x8bb0 <__addsf3>
    5832:	9b 01       	movw	r18, r22
    5834:	ac 01       	movw	r20, r24
    5836:	60 e0       	ldi	r22, 0x00	; 0
    5838:	70 e0       	ldi	r23, 0x00	; 0
    583a:	80 e8       	ldi	r24, 0x80	; 128
    583c:	9f e3       	ldi	r25, 0x3F	; 63
    583e:	0e 94 40 46 	call	0x8c80	; 0x8c80 <__divsf3>
    5842:	23 e3       	ldi	r18, 0x33	; 51
    5844:	33 e9       	ldi	r19, 0x93	; 147
    5846:	48 e8       	ldi	r20, 0x88	; 136
    5848:	53 e4       	ldi	r21, 0x43	; 67
    584a:	0e 94 d7 45 	call	0x8bae	; 0x8bae <__subsf3>
    584e:	60 93 9f 10 	sts	0x109F, r22	; 0x80109f <AI_NTC_Temp_1>
    5852:	70 93 a0 10 	sts	0x10A0, r23	; 0x8010a0 <AI_NTC_Temp_1+0x1>
    5856:	80 93 a1 10 	sts	0x10A1, r24	; 0x8010a1 <AI_NTC_Temp_1+0x2>
    585a:	90 93 a2 10 	sts	0x10A2, r25	; 0x8010a2 <AI_NTC_Temp_1+0x3>
    585e:	80 91 40 12 	lds	r24, 0x1240	; 0x801240 <ADC_Num_Avr_Other>
    5862:	90 e0       	ldi	r25, 0x00	; 0
    5864:	37 dd       	rcall	.-1426   	; 0x52d4 <ADC_Convert_Avr_MAX11163>
    5866:	13 98       	cbi	0x02, 3	; 2
    5868:	12 98       	cbi	0x02, 2	; 2
    586a:	11 98       	cbi	0x02, 1	; 2
    586c:	c0 90 52 12 	lds	r12, 0x1252	; 0x801252 <ADC_Avr_Mult_Other>
    5870:	d0 90 53 12 	lds	r13, 0x1253	; 0x801253 <ADC_Avr_Mult_Other+0x1>
    5874:	e0 90 54 12 	lds	r14, 0x1254	; 0x801254 <ADC_Avr_Mult_Other+0x2>
    5878:	f0 90 55 12 	lds	r15, 0x1255	; 0x801255 <ADC_Avr_Mult_Other+0x3>
    587c:	0e 94 0a 47 	call	0x8e14	; 0x8e14 <__floatunsisf>
    5880:	a7 01       	movw	r20, r14
    5882:	96 01       	movw	r18, r12
    5884:	0e 94 9a 48 	call	0x9134	; 0x9134 <__mulsf3>
    5888:	20 91 15 14 	lds	r18, 0x1415	; 0x801415 <CAL_NTC_2_InvGain>
    588c:	30 91 16 14 	lds	r19, 0x1416	; 0x801416 <CAL_NTC_2_InvGain+0x1>
    5890:	40 91 17 14 	lds	r20, 0x1417	; 0x801417 <CAL_NTC_2_InvGain+0x2>
    5894:	50 91 18 14 	lds	r21, 0x1418	; 0x801418 <CAL_NTC_2_InvGain+0x3>
    5898:	0e 94 9a 48 	call	0x9134	; 0x9134 <__mulsf3>
    589c:	6b 01       	movw	r12, r22
    589e:	7c 01       	movw	r14, r24
    58a0:	9b 01       	movw	r18, r22
    58a2:	ac 01       	movw	r20, r24
    58a4:	60 e0       	ldi	r22, 0x00	; 0
    58a6:	70 e0       	ldi	r23, 0x00	; 0
    58a8:	80 e8       	ldi	r24, 0x80	; 128
    58aa:	97 e4       	ldi	r25, 0x47	; 71
    58ac:	0e 94 d7 45 	call	0x8bae	; 0x8bae <__subsf3>
    58b0:	9b 01       	movw	r18, r22
    58b2:	ac 01       	movw	r20, r24
    58b4:	c7 01       	movw	r24, r14
    58b6:	b6 01       	movw	r22, r12
    58b8:	0e 94 40 46 	call	0x8c80	; 0x8c80 <__divsf3>
    58bc:	20 91 97 10 	lds	r18, 0x1097	; 0x801097 <CAL_NTC_2_RSer>
    58c0:	30 91 98 10 	lds	r19, 0x1098	; 0x801098 <CAL_NTC_2_RSer+0x1>
    58c4:	40 91 99 10 	lds	r20, 0x1099	; 0x801099 <CAL_NTC_2_RSer+0x2>
    58c8:	50 91 9a 10 	lds	r21, 0x109A	; 0x80109a <CAL_NTC_2_RSer+0x3>
    58cc:	c0 90 56 12 	lds	r12, 0x1256	; 0x801256 <CAL_NTC_2_InvR25>
    58d0:	d0 90 57 12 	lds	r13, 0x1257	; 0x801257 <CAL_NTC_2_InvR25+0x1>
    58d4:	e0 90 58 12 	lds	r14, 0x1258	; 0x801258 <CAL_NTC_2_InvR25+0x2>
    58d8:	f0 90 59 12 	lds	r15, 0x1259	; 0x801259 <CAL_NTC_2_InvR25+0x3>
    58dc:	0e 94 9a 48 	call	0x9134	; 0x9134 <__mulsf3>
    58e0:	a7 01       	movw	r20, r14
    58e2:	96 01       	movw	r18, r12
    58e4:	0e 94 9a 48 	call	0x9134	; 0x9134 <__mulsf3>
    58e8:	0e 94 27 48 	call	0x904e	; 0x904e <log>
    58ec:	20 91 4a 12 	lds	r18, 0x124A	; 0x80124a <CAL_NTC_2_InvBeta>
    58f0:	30 91 4b 12 	lds	r19, 0x124B	; 0x80124b <CAL_NTC_2_InvBeta+0x1>
    58f4:	40 91 4c 12 	lds	r20, 0x124C	; 0x80124c <CAL_NTC_2_InvBeta+0x2>
    58f8:	50 91 4d 12 	lds	r21, 0x124D	; 0x80124d <CAL_NTC_2_InvBeta+0x3>
    58fc:	0e 94 9a 48 	call	0x9134	; 0x9134 <__mulsf3>
    5900:	2e e1       	ldi	r18, 0x1E	; 30
    5902:	3f ec       	ldi	r19, 0xCF	; 207
    5904:	4b e5       	ldi	r20, 0x5B	; 91
    5906:	5b e3       	ldi	r21, 0x3B	; 59
    5908:	0e 94 d8 45 	call	0x8bb0	; 0x8bb0 <__addsf3>
    590c:	9b 01       	movw	r18, r22
    590e:	ac 01       	movw	r20, r24
    5910:	60 e0       	ldi	r22, 0x00	; 0
    5912:	70 e0       	ldi	r23, 0x00	; 0
    5914:	80 e8       	ldi	r24, 0x80	; 128
    5916:	9f e3       	ldi	r25, 0x3F	; 63
    5918:	0e 94 40 46 	call	0x8c80	; 0x8c80 <__divsf3>
    591c:	23 e3       	ldi	r18, 0x33	; 51
    591e:	33 e9       	ldi	r19, 0x93	; 147
    5920:	48 e8       	ldi	r20, 0x88	; 136
    5922:	53 e4       	ldi	r21, 0x43	; 67
    5924:	0e 94 d7 45 	call	0x8bae	; 0x8bae <__subsf3>
    5928:	60 93 0d 14 	sts	0x140D, r22	; 0x80140d <AI_NTC_Temp_2>
    592c:	70 93 0e 14 	sts	0x140E, r23	; 0x80140e <AI_NTC_Temp_2+0x1>
    5930:	80 93 0f 14 	sts	0x140F, r24	; 0x80140f <AI_NTC_Temp_2+0x2>
    5934:	90 93 10 14 	sts	0x1410, r25	; 0x801410 <AI_NTC_Temp_2+0x3>
    5938:	ff 90       	pop	r15
    593a:	ef 90       	pop	r14
    593c:	df 90       	pop	r13
    593e:	cf 90       	pop	r12
    5940:	bf 90       	pop	r11
    5942:	af 90       	pop	r10
    5944:	9f 90       	pop	r9
    5946:	8f 90       	pop	r8
    5948:	7f 90       	pop	r7
    594a:	6f 90       	pop	r6
    594c:	5f 90       	pop	r5
    594e:	4f 90       	pop	r4
    5950:	08 95       	ret

00005952 <Meas_AI_Volt_Only>:
    5952:	4f 92       	push	r4
    5954:	5f 92       	push	r5
    5956:	6f 92       	push	r6
    5958:	7f 92       	push	r7
    595a:	8f 92       	push	r8
    595c:	9f 92       	push	r9
    595e:	af 92       	push	r10
    5960:	bf 92       	push	r11
    5962:	cf 92       	push	r12
    5964:	df 92       	push	r13
    5966:	ef 92       	push	r14
    5968:	ff 92       	push	r15
    596a:	13 98       	cbi	0x02, 3	; 2
    596c:	12 98       	cbi	0x02, 2	; 2
    596e:	11 98       	cbi	0x02, 1	; 2
    5970:	8f e8       	ldi	r24, 0x8F	; 143
    5972:	91 e0       	ldi	r25, 0x01	; 1
    5974:	01 97       	sbiw	r24, 0x01	; 1
    5976:	f1 f7       	brne	.-4      	; 0x5974 <Meas_AI_Volt_Only+0x22>
    5978:	00 c0       	rjmp	.+0      	; 0x597a <Meas_AI_Volt_Only+0x28>
    597a:	00 00       	nop
    597c:	20 91 08 14 	lds	r18, 0x1408	; 0x801408 <ADC_Cycl_Avr_VoltCurr>
    5980:	80 91 84 10 	lds	r24, 0x1084	; 0x801084 <ADC_Num_Avr_VoltCurr>
    5984:	90 91 85 10 	lds	r25, 0x1085	; 0x801085 <ADC_Num_Avr_VoltCurr+0x1>
    5988:	ac 01       	movw	r20, r24
    598a:	24 9f       	mul	r18, r20
    598c:	c0 01       	movw	r24, r0
    598e:	25 9f       	mul	r18, r21
    5990:	90 0d       	add	r25, r0
    5992:	11 24       	eor	r1, r1
    5994:	ce dc       	rcall	.-1636   	; 0x5332 <ADC_Convert_Avr_OLUL_MAX11163>
    5996:	40 90 9b 10 	lds	r4, 0x109B	; 0x80109b <ADC_Avr_Mult_VoltCurr>
    599a:	50 90 9c 10 	lds	r5, 0x109C	; 0x80109c <ADC_Avr_Mult_VoltCurr+0x1>
    599e:	60 90 9d 10 	lds	r6, 0x109D	; 0x80109d <ADC_Avr_Mult_VoltCurr+0x2>
    59a2:	70 90 9e 10 	lds	r7, 0x109E	; 0x80109e <ADC_Avr_Mult_VoltCurr+0x3>
    59a6:	80 90 5c 15 	lds	r8, 0x155C	; 0x80155c <AI_Volt_Offset>
    59aa:	90 90 5d 15 	lds	r9, 0x155D	; 0x80155d <AI_Volt_Offset+0x1>
    59ae:	a0 90 5e 15 	lds	r10, 0x155E	; 0x80155e <AI_Volt_Offset+0x2>
    59b2:	b0 90 5f 15 	lds	r11, 0x155F	; 0x80155f <AI_Volt_Offset+0x3>
    59b6:	c0 90 0b 15 	lds	r12, 0x150B	; 0x80150b <AI_Volt_Scale>
    59ba:	d0 90 0c 15 	lds	r13, 0x150C	; 0x80150c <AI_Volt_Scale+0x1>
    59be:	e0 90 0d 15 	lds	r14, 0x150D	; 0x80150d <AI_Volt_Scale+0x2>
    59c2:	f0 90 0e 15 	lds	r15, 0x150E	; 0x80150e <AI_Volt_Scale+0x3>
    59c6:	0e 94 0a 47 	call	0x8e14	; 0x8e14 <__floatunsisf>
    59ca:	a3 01       	movw	r20, r6
    59cc:	92 01       	movw	r18, r4
    59ce:	0e 94 9a 48 	call	0x9134	; 0x9134 <__mulsf3>
    59d2:	a5 01       	movw	r20, r10
    59d4:	94 01       	movw	r18, r8
    59d6:	0e 94 d8 45 	call	0x8bb0	; 0x8bb0 <__addsf3>
    59da:	a7 01       	movw	r20, r14
    59dc:	96 01       	movw	r18, r12
    59de:	0e 94 9a 48 	call	0x9134	; 0x9134 <__mulsf3>
    59e2:	60 93 8f 10 	sts	0x108F, r22	; 0x80108f <AI_Volt>
    59e6:	70 93 90 10 	sts	0x1090, r23	; 0x801090 <AI_Volt+0x1>
    59ea:	80 93 91 10 	sts	0x1091, r24	; 0x801091 <AI_Volt+0x2>
    59ee:	90 93 92 10 	sts	0x1092, r25	; 0x801092 <AI_Volt+0x3>
    59f2:	80 91 fb 13 	lds	r24, 0x13FB	; 0x8013fb <AI_Under_Load>
    59f6:	88 23       	and	r24, r24
    59f8:	21 f0       	breq	.+8      	; 0x5a02 <Meas_AI_Volt_Only+0xb0>
    59fa:	80 91 e4 14 	lds	r24, 0x14E4	; 0x8014e4 <Range_Status_A>
    59fe:	80 62       	ori	r24, 0x20	; 32
    5a00:	10 c0       	rjmp	.+32     	; 0x5a22 <Meas_AI_Volt_Only+0xd0>
    5a02:	80 91 8a 10 	lds	r24, 0x108A	; 0x80108a <AI_Over_Load>
    5a06:	88 23       	and	r24, r24
    5a08:	49 f0       	breq	.+18     	; 0x5a1c <Meas_AI_Volt_Only+0xca>
    5a0a:	80 91 e4 14 	lds	r24, 0x14E4	; 0x8014e4 <Range_Status_A>
    5a0e:	80 61       	ori	r24, 0x10	; 16
    5a10:	80 93 e4 14 	sts	0x14E4, r24	; 0x8014e4 <Range_Status_A>
    5a14:	80 91 e4 14 	lds	r24, 0x14E4	; 0x8014e4 <Range_Status_A>
    5a18:	8f 7d       	andi	r24, 0xDF	; 223
    5a1a:	08 c0       	rjmp	.+16     	; 0x5a2c <Meas_AI_Volt_Only+0xda>
    5a1c:	80 91 e4 14 	lds	r24, 0x14E4	; 0x8014e4 <Range_Status_A>
    5a20:	8f 7d       	andi	r24, 0xDF	; 223
    5a22:	80 93 e4 14 	sts	0x14E4, r24	; 0x8014e4 <Range_Status_A>
    5a26:	80 91 e4 14 	lds	r24, 0x14E4	; 0x8014e4 <Range_Status_A>
    5a2a:	8f 7e       	andi	r24, 0xEF	; 239
    5a2c:	80 93 e4 14 	sts	0x14E4, r24	; 0x8014e4 <Range_Status_A>
    5a30:	13 9a       	sbi	0x02, 3	; 2
    5a32:	12 9a       	sbi	0x02, 2	; 2
    5a34:	11 9a       	sbi	0x02, 1	; 2
    5a36:	ff 90       	pop	r15
    5a38:	ef 90       	pop	r14
    5a3a:	df 90       	pop	r13
    5a3c:	cf 90       	pop	r12
    5a3e:	bf 90       	pop	r11
    5a40:	af 90       	pop	r10
    5a42:	9f 90       	pop	r9
    5a44:	8f 90       	pop	r8
    5a46:	7f 90       	pop	r7
    5a48:	6f 90       	pop	r6
    5a4a:	5f 90       	pop	r5
    5a4c:	4f 90       	pop	r4
    5a4e:	08 95       	ret

00005a50 <Meas_AI_Curr_Only>:
    5a50:	4f 92       	push	r4
    5a52:	5f 92       	push	r5
    5a54:	6f 92       	push	r6
    5a56:	7f 92       	push	r7
    5a58:	8f 92       	push	r8
    5a5a:	9f 92       	push	r9
    5a5c:	af 92       	push	r10
    5a5e:	bf 92       	push	r11
    5a60:	cf 92       	push	r12
    5a62:	df 92       	push	r13
    5a64:	ef 92       	push	r14
    5a66:	ff 92       	push	r15
    5a68:	13 9a       	sbi	0x02, 3	; 2
    5a6a:	12 98       	cbi	0x02, 2	; 2
    5a6c:	11 98       	cbi	0x02, 1	; 2
    5a6e:	8f e8       	ldi	r24, 0x8F	; 143
    5a70:	91 e0       	ldi	r25, 0x01	; 1
    5a72:	01 97       	sbiw	r24, 0x01	; 1
    5a74:	f1 f7       	brne	.-4      	; 0x5a72 <Meas_AI_Curr_Only+0x22>
    5a76:	00 c0       	rjmp	.+0      	; 0x5a78 <Meas_AI_Curr_Only+0x28>
    5a78:	00 00       	nop
    5a7a:	20 91 08 14 	lds	r18, 0x1408	; 0x801408 <ADC_Cycl_Avr_VoltCurr>
    5a7e:	80 91 84 10 	lds	r24, 0x1084	; 0x801084 <ADC_Num_Avr_VoltCurr>
    5a82:	90 91 85 10 	lds	r25, 0x1085	; 0x801085 <ADC_Num_Avr_VoltCurr+0x1>
    5a86:	ac 01       	movw	r20, r24
    5a88:	24 9f       	mul	r18, r20
    5a8a:	c0 01       	movw	r24, r0
    5a8c:	25 9f       	mul	r18, r21
    5a8e:	90 0d       	add	r25, r0
    5a90:	11 24       	eor	r1, r1
    5a92:	4f dc       	rcall	.-1890   	; 0x5332 <ADC_Convert_Avr_OLUL_MAX11163>
    5a94:	40 90 9b 10 	lds	r4, 0x109B	; 0x80109b <ADC_Avr_Mult_VoltCurr>
    5a98:	50 90 9c 10 	lds	r5, 0x109C	; 0x80109c <ADC_Avr_Mult_VoltCurr+0x1>
    5a9c:	60 90 9d 10 	lds	r6, 0x109D	; 0x80109d <ADC_Avr_Mult_VoltCurr+0x2>
    5aa0:	70 90 9e 10 	lds	r7, 0x109E	; 0x80109e <ADC_Avr_Mult_VoltCurr+0x3>
    5aa4:	80 90 d8 14 	lds	r8, 0x14D8	; 0x8014d8 <AI_Curr_Offset>
    5aa8:	90 90 d9 14 	lds	r9, 0x14D9	; 0x8014d9 <AI_Curr_Offset+0x1>
    5aac:	a0 90 da 14 	lds	r10, 0x14DA	; 0x8014da <AI_Curr_Offset+0x2>
    5ab0:	b0 90 db 14 	lds	r11, 0x14DB	; 0x8014db <AI_Curr_Offset+0x3>
    5ab4:	c0 90 d4 14 	lds	r12, 0x14D4	; 0x8014d4 <AI_Curr_Scale>
    5ab8:	d0 90 d5 14 	lds	r13, 0x14D5	; 0x8014d5 <AI_Curr_Scale+0x1>
    5abc:	e0 90 d6 14 	lds	r14, 0x14D6	; 0x8014d6 <AI_Curr_Scale+0x2>
    5ac0:	f0 90 d7 14 	lds	r15, 0x14D7	; 0x8014d7 <AI_Curr_Scale+0x3>
    5ac4:	0e 94 0a 47 	call	0x8e14	; 0x8e14 <__floatunsisf>
    5ac8:	a3 01       	movw	r20, r6
    5aca:	92 01       	movw	r18, r4
    5acc:	0e 94 9a 48 	call	0x9134	; 0x9134 <__mulsf3>
    5ad0:	a5 01       	movw	r20, r10
    5ad2:	94 01       	movw	r18, r8
    5ad4:	0e 94 d8 45 	call	0x8bb0	; 0x8bb0 <__addsf3>
    5ad8:	a7 01       	movw	r20, r14
    5ada:	96 01       	movw	r18, r12
    5adc:	0e 94 9a 48 	call	0x9134	; 0x9134 <__mulsf3>
    5ae0:	60 93 46 12 	sts	0x1246, r22	; 0x801246 <AI_Curr>
    5ae4:	70 93 47 12 	sts	0x1247, r23	; 0x801247 <AI_Curr+0x1>
    5ae8:	80 93 48 12 	sts	0x1248, r24	; 0x801248 <AI_Curr+0x2>
    5aec:	90 93 49 12 	sts	0x1249, r25	; 0x801249 <AI_Curr+0x3>
    5af0:	80 91 fb 13 	lds	r24, 0x13FB	; 0x8013fb <AI_Under_Load>
    5af4:	88 23       	and	r24, r24
    5af6:	21 f0       	breq	.+8      	; 0x5b00 <Meas_AI_Curr_Only+0xb0>
    5af8:	80 91 e4 14 	lds	r24, 0x14E4	; 0x8014e4 <Range_Status_A>
    5afc:	80 68       	ori	r24, 0x80	; 128
    5afe:	10 c0       	rjmp	.+32     	; 0x5b20 <Meas_AI_Curr_Only+0xd0>
    5b00:	80 91 8a 10 	lds	r24, 0x108A	; 0x80108a <AI_Over_Load>
    5b04:	88 23       	and	r24, r24
    5b06:	49 f0       	breq	.+18     	; 0x5b1a <Meas_AI_Curr_Only+0xca>
    5b08:	80 91 e4 14 	lds	r24, 0x14E4	; 0x8014e4 <Range_Status_A>
    5b0c:	80 64       	ori	r24, 0x40	; 64
    5b0e:	80 93 e4 14 	sts	0x14E4, r24	; 0x8014e4 <Range_Status_A>
    5b12:	80 91 e4 14 	lds	r24, 0x14E4	; 0x8014e4 <Range_Status_A>
    5b16:	8f 77       	andi	r24, 0x7F	; 127
    5b18:	08 c0       	rjmp	.+16     	; 0x5b2a <Meas_AI_Curr_Only+0xda>
    5b1a:	80 91 e4 14 	lds	r24, 0x14E4	; 0x8014e4 <Range_Status_A>
    5b1e:	8f 77       	andi	r24, 0x7F	; 127
    5b20:	80 93 e4 14 	sts	0x14E4, r24	; 0x8014e4 <Range_Status_A>
    5b24:	80 91 e4 14 	lds	r24, 0x14E4	; 0x8014e4 <Range_Status_A>
    5b28:	8f 7b       	andi	r24, 0xBF	; 191
    5b2a:	80 93 e4 14 	sts	0x14E4, r24	; 0x8014e4 <Range_Status_A>
    5b2e:	13 9a       	sbi	0x02, 3	; 2
    5b30:	12 9a       	sbi	0x02, 2	; 2
    5b32:	11 9a       	sbi	0x02, 1	; 2
    5b34:	ff 90       	pop	r15
    5b36:	ef 90       	pop	r14
    5b38:	df 90       	pop	r13
    5b3a:	cf 90       	pop	r12
    5b3c:	bf 90       	pop	r11
    5b3e:	af 90       	pop	r10
    5b40:	9f 90       	pop	r9
    5b42:	8f 90       	pop	r8
    5b44:	7f 90       	pop	r7
    5b46:	6f 90       	pop	r6
    5b48:	5f 90       	pop	r5
    5b4a:	4f 90       	pop	r4
    5b4c:	08 95       	ret

00005b4e <Set_DAC_Output_RAW>:
    5b4e:	2c b5       	in	r18, 0x2c	; 44
    5b50:	28 60       	ori	r18, 0x08	; 8
    5b52:	2c bd       	out	0x2c, r18	; 44
    5b54:	8f 5f       	subi	r24, 0xFF	; 255
    5b56:	9f 47       	sbci	r25, 0x7F	; 127
    5b58:	2c 98       	cbi	0x05, 4	; 5
    5b5a:	1e bc       	out	0x2e, r1	; 46
    5b5c:	0d b4       	in	r0, 0x2d	; 45
    5b5e:	07 fe       	sbrs	r0, 7
    5b60:	fd cf       	rjmp	.-6      	; 0x5b5c <Set_DAC_Output_RAW+0xe>
    5b62:	9e bd       	out	0x2e, r25	; 46
    5b64:	0d b4       	in	r0, 0x2d	; 45
    5b66:	07 fe       	sbrs	r0, 7
    5b68:	fd cf       	rjmp	.-6      	; 0x5b64 <Set_DAC_Output_RAW+0x16>
    5b6a:	8e bd       	out	0x2e, r24	; 46
    5b6c:	0d b4       	in	r0, 0x2d	; 45
    5b6e:	07 fe       	sbrs	r0, 7
    5b70:	fd cf       	rjmp	.-6      	; 0x5b6c <Set_DAC_Output_RAW+0x1e>
    5b72:	2c 9a       	sbi	0x05, 4	; 5
    5b74:	8c b5       	in	r24, 0x2c	; 44
    5b76:	87 7f       	andi	r24, 0xF7	; 247
    5b78:	8c bd       	out	0x2c, r24	; 44
    5b7a:	08 95       	ret

00005b7c <Set_DAC_Output_Volts>:
    5b7c:	4f 92       	push	r4
    5b7e:	5f 92       	push	r5
    5b80:	6f 92       	push	r6
    5b82:	7f 92       	push	r7
    5b84:	8f 92       	push	r8
    5b86:	9f 92       	push	r9
    5b88:	af 92       	push	r10
    5b8a:	bf 92       	push	r11
    5b8c:	cf 92       	push	r12
    5b8e:	df 92       	push	r13
    5b90:	ef 92       	push	r14
    5b92:	ff 92       	push	r15
    5b94:	4b 01       	movw	r8, r22
    5b96:	5c 01       	movw	r10, r24
    5b98:	20 91 0b 15 	lds	r18, 0x150B	; 0x80150b <AI_Volt_Scale>
    5b9c:	30 91 0c 15 	lds	r19, 0x150C	; 0x80150c <AI_Volt_Scale+0x1>
    5ba0:	40 91 0d 15 	lds	r20, 0x150D	; 0x80150d <AI_Volt_Scale+0x2>
    5ba4:	50 91 0e 15 	lds	r21, 0x150E	; 0x80150e <AI_Volt_Scale+0x3>
    5ba8:	40 90 8b 10 	lds	r4, 0x108B	; 0x80108b <CAL_DAC_A1>
    5bac:	50 90 8c 10 	lds	r5, 0x108C	; 0x80108c <CAL_DAC_A1+0x1>
    5bb0:	60 90 8d 10 	lds	r6, 0x108D	; 0x80108d <CAL_DAC_A1+0x2>
    5bb4:	70 90 8e 10 	lds	r7, 0x108E	; 0x80108e <CAL_DAC_A1+0x3>
    5bb8:	c0 90 00 14 	lds	r12, 0x1400	; 0x801400 <CAL_DAC_A0>
    5bbc:	d0 90 01 14 	lds	r13, 0x1401	; 0x801401 <CAL_DAC_A0+0x1>
    5bc0:	e0 90 02 14 	lds	r14, 0x1402	; 0x801402 <CAL_DAC_A0+0x2>
    5bc4:	f0 90 03 14 	lds	r15, 0x1403	; 0x801403 <CAL_DAC_A0+0x3>
    5bc8:	0e 94 40 46 	call	0x8c80	; 0x8c80 <__divsf3>
    5bcc:	a3 01       	movw	r20, r6
    5bce:	92 01       	movw	r18, r4
    5bd0:	0e 94 9a 48 	call	0x9134	; 0x9134 <__mulsf3>
    5bd4:	a7 01       	movw	r20, r14
    5bd6:	96 01       	movw	r18, r12
    5bd8:	0e 94 d8 45 	call	0x8bb0	; 0x8bb0 <__addsf3>
    5bdc:	6b 01       	movw	r12, r22
    5bde:	7c 01       	movw	r14, r24
    5be0:	20 e0       	ldi	r18, 0x00	; 0
    5be2:	3a ef       	ldi	r19, 0xFA	; 250
    5be4:	4f e7       	ldi	r20, 0x7F	; 127
    5be6:	57 e4       	ldi	r21, 0x47	; 71
    5be8:	0e 94 e1 47 	call	0x8fc2	; 0x8fc2 <__gesf2>
    5bec:	87 ff       	sbrs	r24, 7
    5bee:	17 c0       	rjmp	.+46     	; 0x5c1e <Set_DAC_Output_Volts+0xa2>
    5bf0:	20 91 00 14 	lds	r18, 0x1400	; 0x801400 <CAL_DAC_A0>
    5bf4:	30 91 01 14 	lds	r19, 0x1401	; 0x801401 <CAL_DAC_A0+0x1>
    5bf8:	40 91 02 14 	lds	r20, 0x1402	; 0x801402 <CAL_DAC_A0+0x2>
    5bfc:	50 91 03 14 	lds	r21, 0x1403	; 0x801403 <CAL_DAC_A0+0x3>
    5c00:	c7 01       	movw	r24, r14
    5c02:	b6 01       	movw	r22, r12
    5c04:	0e 94 3c 46 	call	0x8c78	; 0x8c78 <__cmpsf2>
    5c08:	87 ff       	sbrs	r24, 7
    5c0a:	10 c0       	rjmp	.+32     	; 0x5c2c <Set_DAC_Output_Volts+0xb0>
    5c0c:	c0 90 00 14 	lds	r12, 0x1400	; 0x801400 <CAL_DAC_A0>
    5c10:	d0 90 01 14 	lds	r13, 0x1401	; 0x801401 <CAL_DAC_A0+0x1>
    5c14:	e0 90 02 14 	lds	r14, 0x1402	; 0x801402 <CAL_DAC_A0+0x2>
    5c18:	f0 90 03 14 	lds	r15, 0x1403	; 0x801403 <CAL_DAC_A0+0x3>
    5c1c:	07 c0       	rjmp	.+14     	; 0x5c2c <Set_DAC_Output_Volts+0xb0>
    5c1e:	c1 2c       	mov	r12, r1
    5c20:	8a ef       	ldi	r24, 0xFA	; 250
    5c22:	d8 2e       	mov	r13, r24
    5c24:	8f e7       	ldi	r24, 0x7F	; 127
    5c26:	e8 2e       	mov	r14, r24
    5c28:	87 e4       	ldi	r24, 0x47	; 71
    5c2a:	f8 2e       	mov	r15, r24
    5c2c:	80 92 8f 14 	sts	0x148F, r8	; 0x80148f <PV_Volt_DAC_ACT>
    5c30:	90 92 90 14 	sts	0x1490, r9	; 0x801490 <PV_Volt_DAC_ACT+0x1>
    5c34:	a0 92 91 14 	sts	0x1491, r10	; 0x801491 <PV_Volt_DAC_ACT+0x2>
    5c38:	b0 92 92 14 	sts	0x1492, r11	; 0x801492 <PV_Volt_DAC_ACT+0x3>
    5c3c:	c7 01       	movw	r24, r14
    5c3e:	b6 01       	movw	r22, r12
    5c40:	0e 94 de 46 	call	0x8dbc	; 0x8dbc <__fixunssfsi>
    5c44:	cb 01       	movw	r24, r22
    5c46:	ff 90       	pop	r15
    5c48:	ef 90       	pop	r14
    5c4a:	df 90       	pop	r13
    5c4c:	cf 90       	pop	r12
    5c4e:	bf 90       	pop	r11
    5c50:	af 90       	pop	r10
    5c52:	9f 90       	pop	r9
    5c54:	8f 90       	pop	r8
    5c56:	7f 90       	pop	r7
    5c58:	6f 90       	pop	r6
    5c5a:	5f 90       	pop	r5
    5c5c:	4f 90       	pop	r4
    5c5e:	77 cf       	rjmp	.-274    	; 0x5b4e <Set_DAC_Output_RAW>

00005c60 <TEMP_MAX31865_Setup>:
    5c60:	8c b5       	in	r24, 0x2c	; 44
    5c62:	81 60       	ori	r24, 0x01	; 1
    5c64:	8c bd       	out	0x2c, r24	; 44
    5c66:	8c b5       	in	r24, 0x2c	; 44
    5c68:	82 60       	ori	r24, 0x02	; 2
    5c6a:	8c bd       	out	0x2c, r24	; 44
    5c6c:	8c b5       	in	r24, 0x2c	; 44
    5c6e:	84 60       	ori	r24, 0x04	; 4
    5c70:	8c bd       	out	0x2c, r24	; 44
    5c72:	14 98       	cbi	0x02, 4	; 2
    5c74:	80 e8       	ldi	r24, 0x80	; 128
    5c76:	8e bd       	out	0x2e, r24	; 46
    5c78:	0d b4       	in	r0, 0x2d	; 45
    5c7a:	07 fe       	sbrs	r0, 7
    5c7c:	fd cf       	rjmp	.-6      	; 0x5c78 <TEMP_MAX31865_Setup+0x18>
    5c7e:	81 ee       	ldi	r24, 0xE1	; 225
    5c80:	8e bd       	out	0x2e, r24	; 46
    5c82:	0d b4       	in	r0, 0x2d	; 45
    5c84:	07 fe       	sbrs	r0, 7
    5c86:	fd cf       	rjmp	.-6      	; 0x5c82 <TEMP_MAX31865_Setup+0x22>
    5c88:	14 9a       	sbi	0x02, 4	; 2
    5c8a:	8c b5       	in	r24, 0x2c	; 44
    5c8c:	8b 7f       	andi	r24, 0xFB	; 251
    5c8e:	8c bd       	out	0x2c, r24	; 44
    5c90:	8c b5       	in	r24, 0x2c	; 44
    5c92:	8e 7f       	andi	r24, 0xFE	; 254
    5c94:	8c bd       	out	0x2c, r24	; 44
    5c96:	08 95       	ret

00005c98 <TEMP_MAX31865_Measure>:
    5c98:	8c b5       	in	r24, 0x2c	; 44
    5c9a:	81 60       	ori	r24, 0x01	; 1
    5c9c:	8c bd       	out	0x2c, r24	; 44
    5c9e:	8c b5       	in	r24, 0x2c	; 44
    5ca0:	82 60       	ori	r24, 0x02	; 2
    5ca2:	8c bd       	out	0x2c, r24	; 44
    5ca4:	8c b5       	in	r24, 0x2c	; 44
    5ca6:	84 60       	ori	r24, 0x04	; 4
    5ca8:	8c bd       	out	0x2c, r24	; 44
    5caa:	14 98       	cbi	0x02, 4	; 2
    5cac:	81 e0       	ldi	r24, 0x01	; 1
    5cae:	8e bd       	out	0x2e, r24	; 46
    5cb0:	0d b4       	in	r0, 0x2d	; 45
    5cb2:	07 fe       	sbrs	r0, 7
    5cb4:	fd cf       	rjmp	.-6      	; 0x5cb0 <TEMP_MAX31865_Measure+0x18>
    5cb6:	8f ef       	ldi	r24, 0xFF	; 255
    5cb8:	8e bd       	out	0x2e, r24	; 46
    5cba:	0d b4       	in	r0, 0x2d	; 45
    5cbc:	07 fe       	sbrs	r0, 7
    5cbe:	fd cf       	rjmp	.-6      	; 0x5cba <TEMP_MAX31865_Measure+0x22>
    5cc0:	2e b5       	in	r18, 0x2e	; 46
    5cc2:	60 e0       	ldi	r22, 0x00	; 0
    5cc4:	70 e0       	ldi	r23, 0x00	; 0
    5cc6:	cb 01       	movw	r24, r22
    5cc8:	72 2f       	mov	r23, r18
    5cca:	2f ef       	ldi	r18, 0xFF	; 255
    5ccc:	2e bd       	out	0x2e, r18	; 46
    5cce:	0d b4       	in	r0, 0x2d	; 45
    5cd0:	07 fe       	sbrs	r0, 7
    5cd2:	fd cf       	rjmp	.-6      	; 0x5cce <TEMP_MAX31865_Measure+0x36>
    5cd4:	2e b5       	in	r18, 0x2e	; 46
    5cd6:	62 2f       	mov	r22, r18
    5cd8:	96 95       	lsr	r25
    5cda:	87 95       	ror	r24
    5cdc:	77 95       	ror	r23
    5cde:	67 95       	ror	r22
    5ce0:	14 9a       	sbi	0x02, 4	; 2
    5ce2:	2c b5       	in	r18, 0x2c	; 44
    5ce4:	2b 7f       	andi	r18, 0xFB	; 251
    5ce6:	2c bd       	out	0x2c, r18	; 44
    5ce8:	2c b5       	in	r18, 0x2c	; 44
    5cea:	2e 7f       	andi	r18, 0xFE	; 254
    5cec:	2c bd       	out	0x2c, r18	; 44
    5cee:	08 95       	ret

00005cf0 <TEMP_MAX31856_Setup>:
    5cf0:	8c b5       	in	r24, 0x2c	; 44
    5cf2:	81 60       	ori	r24, 0x01	; 1
    5cf4:	8c bd       	out	0x2c, r24	; 44
    5cf6:	8c b5       	in	r24, 0x2c	; 44
    5cf8:	82 60       	ori	r24, 0x02	; 2
    5cfa:	8c bd       	out	0x2c, r24	; 44
    5cfc:	8c b5       	in	r24, 0x2c	; 44
    5cfe:	84 60       	ori	r24, 0x04	; 4
    5d00:	8c bd       	out	0x2c, r24	; 44
    5d02:	14 98       	cbi	0x02, 4	; 2
    5d04:	80 e8       	ldi	r24, 0x80	; 128
    5d06:	8e bd       	out	0x2e, r24	; 46
    5d08:	0d b4       	in	r0, 0x2d	; 45
    5d0a:	07 fe       	sbrs	r0, 7
    5d0c:	fd cf       	rjmp	.-6      	; 0x5d08 <TEMP_MAX31856_Setup+0x18>
    5d0e:	83 e0       	ldi	r24, 0x03	; 3
    5d10:	8e bd       	out	0x2e, r24	; 46
    5d12:	0d b4       	in	r0, 0x2d	; 45
    5d14:	07 fe       	sbrs	r0, 7
    5d16:	fd cf       	rjmp	.-6      	; 0x5d12 <TEMP_MAX31856_Setup+0x22>
    5d18:	14 9a       	sbi	0x02, 4	; 2
    5d1a:	14 98       	cbi	0x02, 4	; 2
    5d1c:	81 e8       	ldi	r24, 0x81	; 129
    5d1e:	8e bd       	out	0x2e, r24	; 46
    5d20:	0d b4       	in	r0, 0x2d	; 45
    5d22:	07 fe       	sbrs	r0, 7
    5d24:	fd cf       	rjmp	.-6      	; 0x5d20 <TEMP_MAX31856_Setup+0x30>
    5d26:	87 e7       	ldi	r24, 0x77	; 119
    5d28:	8e bd       	out	0x2e, r24	; 46
    5d2a:	0d b4       	in	r0, 0x2d	; 45
    5d2c:	07 fe       	sbrs	r0, 7
    5d2e:	fd cf       	rjmp	.-6      	; 0x5d2a <TEMP_MAX31856_Setup+0x3a>
    5d30:	14 9a       	sbi	0x02, 4	; 2
    5d32:	14 98       	cbi	0x02, 4	; 2
    5d34:	80 e8       	ldi	r24, 0x80	; 128
    5d36:	8e bd       	out	0x2e, r24	; 46
    5d38:	0d b4       	in	r0, 0x2d	; 45
    5d3a:	07 fe       	sbrs	r0, 7
    5d3c:	fd cf       	rjmp	.-6      	; 0x5d38 <TEMP_MAX31856_Setup+0x48>
    5d3e:	81 e8       	ldi	r24, 0x81	; 129
    5d40:	8e bd       	out	0x2e, r24	; 46
    5d42:	0d b4       	in	r0, 0x2d	; 45
    5d44:	07 fe       	sbrs	r0, 7
    5d46:	fd cf       	rjmp	.-6      	; 0x5d42 <TEMP_MAX31856_Setup+0x52>
    5d48:	14 9a       	sbi	0x02, 4	; 2
    5d4a:	8c b5       	in	r24, 0x2c	; 44
    5d4c:	8b 7f       	andi	r24, 0xFB	; 251
    5d4e:	8c bd       	out	0x2c, r24	; 44
    5d50:	8c b5       	in	r24, 0x2c	; 44
    5d52:	8d 7f       	andi	r24, 0xFD	; 253
    5d54:	8c bd       	out	0x2c, r24	; 44
    5d56:	08 95       	ret

00005d58 <TEMP_MAX31856_Measure>:
    5d58:	8c b5       	in	r24, 0x2c	; 44
    5d5a:	81 60       	ori	r24, 0x01	; 1
    5d5c:	8c bd       	out	0x2c, r24	; 44
    5d5e:	8c b5       	in	r24, 0x2c	; 44
    5d60:	82 60       	ori	r24, 0x02	; 2
    5d62:	8c bd       	out	0x2c, r24	; 44
    5d64:	8c b5       	in	r24, 0x2c	; 44
    5d66:	84 60       	ori	r24, 0x04	; 4
    5d68:	8c bd       	out	0x2c, r24	; 44
    5d6a:	14 98       	cbi	0x02, 4	; 2
    5d6c:	8c e0       	ldi	r24, 0x0C	; 12
    5d6e:	8e bd       	out	0x2e, r24	; 46
    5d70:	0d b4       	in	r0, 0x2d	; 45
    5d72:	07 fe       	sbrs	r0, 7
    5d74:	fd cf       	rjmp	.-6      	; 0x5d70 <TEMP_MAX31856_Measure+0x18>
    5d76:	8f ef       	ldi	r24, 0xFF	; 255
    5d78:	8e bd       	out	0x2e, r24	; 46
    5d7a:	0d b4       	in	r0, 0x2d	; 45
    5d7c:	07 fe       	sbrs	r0, 7
    5d7e:	fd cf       	rjmp	.-6      	; 0x5d7a <TEMP_MAX31856_Measure+0x22>
    5d80:	3e b5       	in	r19, 0x2e	; 46
    5d82:	8f ef       	ldi	r24, 0xFF	; 255
    5d84:	8e bd       	out	0x2e, r24	; 46
    5d86:	0d b4       	in	r0, 0x2d	; 45
    5d88:	07 fe       	sbrs	r0, 7
    5d8a:	fd cf       	rjmp	.-6      	; 0x5d86 <TEMP_MAX31856_Measure+0x2e>
    5d8c:	6e b5       	in	r22, 0x2e	; 46
    5d8e:	8f ef       	ldi	r24, 0xFF	; 255
    5d90:	8e bd       	out	0x2e, r24	; 46
    5d92:	0d b4       	in	r0, 0x2d	; 45
    5d94:	07 fe       	sbrs	r0, 7
    5d96:	fd cf       	rjmp	.-6      	; 0x5d92 <TEMP_MAX31856_Measure+0x3a>
    5d98:	2e b5       	in	r18, 0x2e	; 46
    5d9a:	14 9a       	sbi	0x02, 4	; 2
    5d9c:	8c b5       	in	r24, 0x2c	; 44
    5d9e:	8b 7f       	andi	r24, 0xFB	; 251
    5da0:	8c bd       	out	0x2c, r24	; 44
    5da2:	8c b5       	in	r24, 0x2c	; 44
    5da4:	8d 7f       	andi	r24, 0xFD	; 253
    5da6:	8c bd       	out	0x2c, r24	; 44
    5da8:	86 2f       	mov	r24, r22
    5daa:	90 e0       	ldi	r25, 0x00	; 0
    5dac:	a0 e0       	ldi	r26, 0x00	; 0
    5dae:	b0 e0       	ldi	r27, 0x00	; 0
    5db0:	ba 2f       	mov	r27, r26
    5db2:	a9 2f       	mov	r26, r25
    5db4:	98 2f       	mov	r25, r24
    5db6:	88 27       	eor	r24, r24
    5db8:	a3 2b       	or	r26, r19
    5dba:	82 2b       	or	r24, r18
    5dbc:	bc 01       	movw	r22, r24
    5dbe:	cd 01       	movw	r24, r26
    5dc0:	55 e0       	ldi	r21, 0x05	; 5
    5dc2:	95 95       	asr	r25
    5dc4:	87 95       	ror	r24
    5dc6:	77 95       	ror	r23
    5dc8:	67 95       	ror	r22
    5dca:	5a 95       	dec	r21
    5dcc:	d1 f7       	brne	.-12     	; 0x5dc2 <TEMP_MAX31856_Measure+0x6a>
    5dce:	82 ff       	sbrs	r24, 2
    5dd0:	02 c0       	rjmp	.+4      	; 0x5dd6 <TEMP_MAX31856_Measure+0x7e>
    5dd2:	88 6f       	ori	r24, 0xF8	; 248
    5dd4:	9f 6f       	ori	r25, 0xFF	; 255
    5dd6:	0e 94 0c 47 	call	0x8e18	; 0x8e18 <__floatsisf>
    5dda:	20 e0       	ldi	r18, 0x00	; 0
    5ddc:	30 e0       	ldi	r19, 0x00	; 0
    5dde:	40 e0       	ldi	r20, 0x00	; 0
    5de0:	5c e3       	ldi	r21, 0x3C	; 60
    5de2:	0c 94 9a 48 	jmp	0x9134	; 0x9134 <__mulsf3>

00005de6 <TEMP_MCP9600_Setup>:
    5de6:	84 ea       	ldi	r24, 0xA4	; 164
    5de8:	80 93 bc 00 	sts	0x00BC, r24	; 0x8000bc <__TEXT_REGION_LENGTH__+0x7e00bc>
    5dec:	80 91 bc 00 	lds	r24, 0x00BC	; 0x8000bc <__TEXT_REGION_LENGTH__+0x7e00bc>
    5df0:	87 ff       	sbrs	r24, 7
    5df2:	fc cf       	rjmp	.-8      	; 0x5dec <TEMP_MCP9600_Setup+0x6>
    5df4:	80 91 b9 00 	lds	r24, 0x00B9	; 0x8000b9 <__TEXT_REGION_LENGTH__+0x7e00b9>
    5df8:	88 7f       	andi	r24, 0xF8	; 248
    5dfa:	88 30       	cpi	r24, 0x08	; 8
    5dfc:	09 f0       	breq	.+2      	; 0x5e00 <TEMP_MCP9600_Setup+0x1a>
    5dfe:	8e c0       	rjmp	.+284    	; 0x5f1c <TEMP_MCP9600_Setup+0x136>
    5e00:	85 e3       	ldi	r24, 0x35	; 53
    5e02:	8a 95       	dec	r24
    5e04:	f1 f7       	brne	.-4      	; 0x5e02 <TEMP_MCP9600_Setup+0x1c>
    5e06:	00 00       	nop
    5e08:	80 ec       	ldi	r24, 0xC0	; 192
    5e0a:	80 93 bb 00 	sts	0x00BB, r24	; 0x8000bb <__TEXT_REGION_LENGTH__+0x7e00bb>
    5e0e:	84 e8       	ldi	r24, 0x84	; 132
    5e10:	80 93 bc 00 	sts	0x00BC, r24	; 0x8000bc <__TEXT_REGION_LENGTH__+0x7e00bc>
    5e14:	80 91 bc 00 	lds	r24, 0x00BC	; 0x8000bc <__TEXT_REGION_LENGTH__+0x7e00bc>
    5e18:	87 ff       	sbrs	r24, 7
    5e1a:	fc cf       	rjmp	.-8      	; 0x5e14 <TEMP_MCP9600_Setup+0x2e>
    5e1c:	80 91 b9 00 	lds	r24, 0x00B9	; 0x8000b9 <__TEXT_REGION_LENGTH__+0x7e00b9>
    5e20:	88 7f       	andi	r24, 0xF8	; 248
    5e22:	88 31       	cpi	r24, 0x18	; 24
    5e24:	09 f0       	breq	.+2      	; 0x5e28 <TEMP_MCP9600_Setup+0x42>
    5e26:	7a c0       	rjmp	.+244    	; 0x5f1c <TEMP_MCP9600_Setup+0x136>
    5e28:	85 e3       	ldi	r24, 0x35	; 53
    5e2a:	8a 95       	dec	r24
    5e2c:	f1 f7       	brne	.-4      	; 0x5e2a <TEMP_MCP9600_Setup+0x44>
    5e2e:	00 00       	nop
    5e30:	85 e0       	ldi	r24, 0x05	; 5
    5e32:	80 93 bb 00 	sts	0x00BB, r24	; 0x8000bb <__TEXT_REGION_LENGTH__+0x7e00bb>
    5e36:	84 e8       	ldi	r24, 0x84	; 132
    5e38:	80 93 bc 00 	sts	0x00BC, r24	; 0x8000bc <__TEXT_REGION_LENGTH__+0x7e00bc>
    5e3c:	80 91 bc 00 	lds	r24, 0x00BC	; 0x8000bc <__TEXT_REGION_LENGTH__+0x7e00bc>
    5e40:	87 ff       	sbrs	r24, 7
    5e42:	fc cf       	rjmp	.-8      	; 0x5e3c <TEMP_MCP9600_Setup+0x56>
    5e44:	80 91 b9 00 	lds	r24, 0x00B9	; 0x8000b9 <__TEXT_REGION_LENGTH__+0x7e00b9>
    5e48:	88 7f       	andi	r24, 0xF8	; 248
    5e4a:	88 32       	cpi	r24, 0x28	; 40
    5e4c:	09 f0       	breq	.+2      	; 0x5e50 <TEMP_MCP9600_Setup+0x6a>
    5e4e:	66 c0       	rjmp	.+204    	; 0x5f1c <TEMP_MCP9600_Setup+0x136>
    5e50:	85 e3       	ldi	r24, 0x35	; 53
    5e52:	8a 95       	dec	r24
    5e54:	f1 f7       	brne	.-4      	; 0x5e52 <TEMP_MCP9600_Setup+0x6c>
    5e56:	00 00       	nop
    5e58:	10 92 bb 00 	sts	0x00BB, r1	; 0x8000bb <__TEXT_REGION_LENGTH__+0x7e00bb>
    5e5c:	84 e8       	ldi	r24, 0x84	; 132
    5e5e:	80 93 bc 00 	sts	0x00BC, r24	; 0x8000bc <__TEXT_REGION_LENGTH__+0x7e00bc>
    5e62:	80 91 bc 00 	lds	r24, 0x00BC	; 0x8000bc <__TEXT_REGION_LENGTH__+0x7e00bc>
    5e66:	87 ff       	sbrs	r24, 7
    5e68:	fc cf       	rjmp	.-8      	; 0x5e62 <TEMP_MCP9600_Setup+0x7c>
    5e6a:	80 91 b9 00 	lds	r24, 0x00B9	; 0x8000b9 <__TEXT_REGION_LENGTH__+0x7e00b9>
    5e6e:	88 7f       	andi	r24, 0xF8	; 248
    5e70:	88 32       	cpi	r24, 0x28	; 40
    5e72:	09 f0       	breq	.+2      	; 0x5e76 <TEMP_MCP9600_Setup+0x90>
    5e74:	53 c0       	rjmp	.+166    	; 0x5f1c <TEMP_MCP9600_Setup+0x136>
    5e76:	85 e3       	ldi	r24, 0x35	; 53
    5e78:	8a 95       	dec	r24
    5e7a:	f1 f7       	brne	.-4      	; 0x5e78 <TEMP_MCP9600_Setup+0x92>
    5e7c:	00 00       	nop
    5e7e:	84 e9       	ldi	r24, 0x94	; 148
    5e80:	80 93 bc 00 	sts	0x00BC, r24	; 0x8000bc <__TEXT_REGION_LENGTH__+0x7e00bc>
    5e84:	85 e3       	ldi	r24, 0x35	; 53
    5e86:	8a 95       	dec	r24
    5e88:	f1 f7       	brne	.-4      	; 0x5e86 <TEMP_MCP9600_Setup+0xa0>
    5e8a:	00 00       	nop
    5e8c:	84 ea       	ldi	r24, 0xA4	; 164
    5e8e:	80 93 bc 00 	sts	0x00BC, r24	; 0x8000bc <__TEXT_REGION_LENGTH__+0x7e00bc>
    5e92:	80 91 bc 00 	lds	r24, 0x00BC	; 0x8000bc <__TEXT_REGION_LENGTH__+0x7e00bc>
    5e96:	87 ff       	sbrs	r24, 7
    5e98:	fc cf       	rjmp	.-8      	; 0x5e92 <TEMP_MCP9600_Setup+0xac>
    5e9a:	80 91 b9 00 	lds	r24, 0x00B9	; 0x8000b9 <__TEXT_REGION_LENGTH__+0x7e00b9>
    5e9e:	88 7f       	andi	r24, 0xF8	; 248
    5ea0:	88 30       	cpi	r24, 0x08	; 8
    5ea2:	e1 f5       	brne	.+120    	; 0x5f1c <TEMP_MCP9600_Setup+0x136>
    5ea4:	85 e3       	ldi	r24, 0x35	; 53
    5ea6:	8a 95       	dec	r24
    5ea8:	f1 f7       	brne	.-4      	; 0x5ea6 <TEMP_MCP9600_Setup+0xc0>
    5eaa:	00 00       	nop
    5eac:	80 ec       	ldi	r24, 0xC0	; 192
    5eae:	80 93 bb 00 	sts	0x00BB, r24	; 0x8000bb <__TEXT_REGION_LENGTH__+0x7e00bb>
    5eb2:	84 e8       	ldi	r24, 0x84	; 132
    5eb4:	80 93 bc 00 	sts	0x00BC, r24	; 0x8000bc <__TEXT_REGION_LENGTH__+0x7e00bc>
    5eb8:	80 91 bc 00 	lds	r24, 0x00BC	; 0x8000bc <__TEXT_REGION_LENGTH__+0x7e00bc>
    5ebc:	87 ff       	sbrs	r24, 7
    5ebe:	fc cf       	rjmp	.-8      	; 0x5eb8 <TEMP_MCP9600_Setup+0xd2>
    5ec0:	80 91 b9 00 	lds	r24, 0x00B9	; 0x8000b9 <__TEXT_REGION_LENGTH__+0x7e00b9>
    5ec4:	88 7f       	andi	r24, 0xF8	; 248
    5ec6:	88 31       	cpi	r24, 0x18	; 24
    5ec8:	49 f5       	brne	.+82     	; 0x5f1c <TEMP_MCP9600_Setup+0x136>
    5eca:	85 e3       	ldi	r24, 0x35	; 53
    5ecc:	8a 95       	dec	r24
    5ece:	f1 f7       	brne	.-4      	; 0x5ecc <TEMP_MCP9600_Setup+0xe6>
    5ed0:	00 00       	nop
    5ed2:	86 e0       	ldi	r24, 0x06	; 6
    5ed4:	80 93 bb 00 	sts	0x00BB, r24	; 0x8000bb <__TEXT_REGION_LENGTH__+0x7e00bb>
    5ed8:	84 e8       	ldi	r24, 0x84	; 132
    5eda:	80 93 bc 00 	sts	0x00BC, r24	; 0x8000bc <__TEXT_REGION_LENGTH__+0x7e00bc>
    5ede:	80 91 bc 00 	lds	r24, 0x00BC	; 0x8000bc <__TEXT_REGION_LENGTH__+0x7e00bc>
    5ee2:	87 ff       	sbrs	r24, 7
    5ee4:	fc cf       	rjmp	.-8      	; 0x5ede <TEMP_MCP9600_Setup+0xf8>
    5ee6:	80 91 b9 00 	lds	r24, 0x00B9	; 0x8000b9 <__TEXT_REGION_LENGTH__+0x7e00b9>
    5eea:	88 7f       	andi	r24, 0xF8	; 248
    5eec:	88 32       	cpi	r24, 0x28	; 40
    5eee:	b1 f4       	brne	.+44     	; 0x5f1c <TEMP_MCP9600_Setup+0x136>
    5ef0:	85 e3       	ldi	r24, 0x35	; 53
    5ef2:	8a 95       	dec	r24
    5ef4:	f1 f7       	brne	.-4      	; 0x5ef2 <TEMP_MCP9600_Setup+0x10c>
    5ef6:	00 00       	nop
    5ef8:	10 92 bb 00 	sts	0x00BB, r1	; 0x8000bb <__TEXT_REGION_LENGTH__+0x7e00bb>
    5efc:	84 e8       	ldi	r24, 0x84	; 132
    5efe:	80 93 bc 00 	sts	0x00BC, r24	; 0x8000bc <__TEXT_REGION_LENGTH__+0x7e00bc>
    5f02:	80 91 bc 00 	lds	r24, 0x00BC	; 0x8000bc <__TEXT_REGION_LENGTH__+0x7e00bc>
    5f06:	87 ff       	sbrs	r24, 7
    5f08:	fc cf       	rjmp	.-8      	; 0x5f02 <TEMP_MCP9600_Setup+0x11c>
    5f0a:	80 91 b9 00 	lds	r24, 0x00B9	; 0x8000b9 <__TEXT_REGION_LENGTH__+0x7e00b9>
    5f0e:	88 7f       	andi	r24, 0xF8	; 248
    5f10:	88 32       	cpi	r24, 0x28	; 40
    5f12:	21 f4       	brne	.+8      	; 0x5f1c <TEMP_MCP9600_Setup+0x136>
    5f14:	85 e3       	ldi	r24, 0x35	; 53
    5f16:	8a 95       	dec	r24
    5f18:	f1 f7       	brne	.-4      	; 0x5f16 <TEMP_MCP9600_Setup+0x130>
    5f1a:	00 00       	nop
    5f1c:	84 e9       	ldi	r24, 0x94	; 148
    5f1e:	80 93 bc 00 	sts	0x00BC, r24	; 0x8000bc <__TEXT_REGION_LENGTH__+0x7e00bc>
    5f22:	85 e3       	ldi	r24, 0x35	; 53
    5f24:	8a 95       	dec	r24
    5f26:	f1 f7       	brne	.-4      	; 0x5f24 <TEMP_MCP9600_Setup+0x13e>
    5f28:	00 00       	nop
    5f2a:	08 95       	ret

00005f2c <TEMP_MCP9600_Measure>:
    5f2c:	48 ee       	ldi	r20, 0xE8	; 232
    5f2e:	5d ef       	ldi	r21, 0xFD	; 253
    5f30:	24 ea       	ldi	r18, 0xA4	; 164
    5f32:	20 93 bc 00 	sts	0x00BC, r18	; 0x8000bc <__TEXT_REGION_LENGTH__+0x7e00bc>
    5f36:	20 91 bc 00 	lds	r18, 0x00BC	; 0x8000bc <__TEXT_REGION_LENGTH__+0x7e00bc>
    5f3a:	27 ff       	sbrs	r18, 7
    5f3c:	fc cf       	rjmp	.-8      	; 0x5f36 <TEMP_MCP9600_Measure+0xa>
    5f3e:	20 91 b9 00 	lds	r18, 0x00B9	; 0x8000b9 <__TEXT_REGION_LENGTH__+0x7e00b9>
    5f42:	28 7f       	andi	r18, 0xF8	; 248
    5f44:	28 30       	cpi	r18, 0x08	; 8
    5f46:	09 f0       	breq	.+2      	; 0x5f4a <TEMP_MCP9600_Measure+0x1e>
    5f48:	6f c0       	rjmp	.+222    	; 0x6028 <TEMP_MCP9600_Measure+0xfc>
    5f4a:	85 e3       	ldi	r24, 0x35	; 53
    5f4c:	8a 95       	dec	r24
    5f4e:	f1 f7       	brne	.-4      	; 0x5f4c <TEMP_MCP9600_Measure+0x20>
    5f50:	00 00       	nop
    5f52:	20 ec       	ldi	r18, 0xC0	; 192
    5f54:	20 93 bb 00 	sts	0x00BB, r18	; 0x8000bb <__TEXT_REGION_LENGTH__+0x7e00bb>
    5f58:	24 e8       	ldi	r18, 0x84	; 132
    5f5a:	20 93 bc 00 	sts	0x00BC, r18	; 0x8000bc <__TEXT_REGION_LENGTH__+0x7e00bc>
    5f5e:	20 91 bc 00 	lds	r18, 0x00BC	; 0x8000bc <__TEXT_REGION_LENGTH__+0x7e00bc>
    5f62:	27 ff       	sbrs	r18, 7
    5f64:	fc cf       	rjmp	.-8      	; 0x5f5e <TEMP_MCP9600_Measure+0x32>
    5f66:	20 91 b9 00 	lds	r18, 0x00B9	; 0x8000b9 <__TEXT_REGION_LENGTH__+0x7e00b9>
    5f6a:	28 7f       	andi	r18, 0xF8	; 248
    5f6c:	28 31       	cpi	r18, 0x18	; 24
    5f6e:	09 f0       	breq	.+2      	; 0x5f72 <TEMP_MCP9600_Measure+0x46>
    5f70:	5b c0       	rjmp	.+182    	; 0x6028 <TEMP_MCP9600_Measure+0xfc>
    5f72:	85 e3       	ldi	r24, 0x35	; 53
    5f74:	8a 95       	dec	r24
    5f76:	f1 f7       	brne	.-4      	; 0x5f74 <TEMP_MCP9600_Measure+0x48>
    5f78:	00 00       	nop
    5f7a:	10 92 bb 00 	sts	0x00BB, r1	; 0x8000bb <__TEXT_REGION_LENGTH__+0x7e00bb>
    5f7e:	24 e8       	ldi	r18, 0x84	; 132
    5f80:	20 93 bc 00 	sts	0x00BC, r18	; 0x8000bc <__TEXT_REGION_LENGTH__+0x7e00bc>
    5f84:	20 91 bc 00 	lds	r18, 0x00BC	; 0x8000bc <__TEXT_REGION_LENGTH__+0x7e00bc>
    5f88:	27 ff       	sbrs	r18, 7
    5f8a:	fc cf       	rjmp	.-8      	; 0x5f84 <TEMP_MCP9600_Measure+0x58>
    5f8c:	20 91 b9 00 	lds	r18, 0x00B9	; 0x8000b9 <__TEXT_REGION_LENGTH__+0x7e00b9>
    5f90:	28 7f       	andi	r18, 0xF8	; 248
    5f92:	28 32       	cpi	r18, 0x28	; 40
    5f94:	09 f0       	breq	.+2      	; 0x5f98 <TEMP_MCP9600_Measure+0x6c>
    5f96:	48 c0       	rjmp	.+144    	; 0x6028 <TEMP_MCP9600_Measure+0xfc>
    5f98:	85 e3       	ldi	r24, 0x35	; 53
    5f9a:	8a 95       	dec	r24
    5f9c:	f1 f7       	brne	.-4      	; 0x5f9a <TEMP_MCP9600_Measure+0x6e>
    5f9e:	00 00       	nop
    5fa0:	24 e9       	ldi	r18, 0x94	; 148
    5fa2:	20 93 bc 00 	sts	0x00BC, r18	; 0x8000bc <__TEXT_REGION_LENGTH__+0x7e00bc>
    5fa6:	8a e6       	ldi	r24, 0x6A	; 106
    5fa8:	8a 95       	dec	r24
    5faa:	f1 f7       	brne	.-4      	; 0x5fa8 <TEMP_MCP9600_Measure+0x7c>
    5fac:	00 c0       	rjmp	.+0      	; 0x5fae <TEMP_MCP9600_Measure+0x82>
    5fae:	24 ea       	ldi	r18, 0xA4	; 164
    5fb0:	20 93 bc 00 	sts	0x00BC, r18	; 0x8000bc <__TEXT_REGION_LENGTH__+0x7e00bc>
    5fb4:	20 91 bc 00 	lds	r18, 0x00BC	; 0x8000bc <__TEXT_REGION_LENGTH__+0x7e00bc>
    5fb8:	27 ff       	sbrs	r18, 7
    5fba:	fc cf       	rjmp	.-8      	; 0x5fb4 <TEMP_MCP9600_Measure+0x88>
    5fbc:	20 91 b9 00 	lds	r18, 0x00B9	; 0x8000b9 <__TEXT_REGION_LENGTH__+0x7e00b9>
    5fc0:	28 7f       	andi	r18, 0xF8	; 248
    5fc2:	28 30       	cpi	r18, 0x08	; 8
    5fc4:	89 f5       	brne	.+98     	; 0x6028 <TEMP_MCP9600_Measure+0xfc>
    5fc6:	85 e3       	ldi	r24, 0x35	; 53
    5fc8:	8a 95       	dec	r24
    5fca:	f1 f7       	brne	.-4      	; 0x5fc8 <TEMP_MCP9600_Measure+0x9c>
    5fcc:	00 00       	nop
    5fce:	21 ec       	ldi	r18, 0xC1	; 193
    5fd0:	20 93 bb 00 	sts	0x00BB, r18	; 0x8000bb <__TEXT_REGION_LENGTH__+0x7e00bb>
    5fd4:	24 e8       	ldi	r18, 0x84	; 132
    5fd6:	20 93 bc 00 	sts	0x00BC, r18	; 0x8000bc <__TEXT_REGION_LENGTH__+0x7e00bc>
    5fda:	20 91 bc 00 	lds	r18, 0x00BC	; 0x8000bc <__TEXT_REGION_LENGTH__+0x7e00bc>
    5fde:	27 ff       	sbrs	r18, 7
    5fe0:	fc cf       	rjmp	.-8      	; 0x5fda <TEMP_MCP9600_Measure+0xae>
    5fe2:	20 91 b9 00 	lds	r18, 0x00B9	; 0x8000b9 <__TEXT_REGION_LENGTH__+0x7e00b9>
    5fe6:	28 7f       	andi	r18, 0xF8	; 248
    5fe8:	20 34       	cpi	r18, 0x40	; 64
    5fea:	f1 f4       	brne	.+60     	; 0x6028 <TEMP_MCP9600_Measure+0xfc>
    5fec:	24 ec       	ldi	r18, 0xC4	; 196
    5fee:	20 93 bc 00 	sts	0x00BC, r18	; 0x8000bc <__TEXT_REGION_LENGTH__+0x7e00bc>
    5ff2:	20 91 bc 00 	lds	r18, 0x00BC	; 0x8000bc <__TEXT_REGION_LENGTH__+0x7e00bc>
    5ff6:	27 ff       	sbrs	r18, 7
    5ff8:	fc cf       	rjmp	.-8      	; 0x5ff2 <TEMP_MCP9600_Measure+0xc6>
    5ffa:	20 91 b9 00 	lds	r18, 0x00B9	; 0x8000b9 <__TEXT_REGION_LENGTH__+0x7e00b9>
    5ffe:	28 7f       	andi	r18, 0xF8	; 248
    6000:	20 35       	cpi	r18, 0x50	; 80
    6002:	91 f4       	brne	.+36     	; 0x6028 <TEMP_MCP9600_Measure+0xfc>
    6004:	20 91 bb 00 	lds	r18, 0x00BB	; 0x8000bb <__TEXT_REGION_LENGTH__+0x7e00bb>
    6008:	52 2f       	mov	r21, r18
    600a:	24 e8       	ldi	r18, 0x84	; 132
    600c:	20 93 bc 00 	sts	0x00BC, r18	; 0x8000bc <__TEXT_REGION_LENGTH__+0x7e00bc>
    6010:	20 91 bc 00 	lds	r18, 0x00BC	; 0x8000bc <__TEXT_REGION_LENGTH__+0x7e00bc>
    6014:	27 ff       	sbrs	r18, 7
    6016:	fc cf       	rjmp	.-8      	; 0x6010 <TEMP_MCP9600_Measure+0xe4>
    6018:	20 91 b9 00 	lds	r18, 0x00B9	; 0x8000b9 <__TEXT_REGION_LENGTH__+0x7e00b9>
    601c:	28 7f       	andi	r18, 0xF8	; 248
    601e:	28 35       	cpi	r18, 0x58	; 88
    6020:	19 f4       	brne	.+6      	; 0x6028 <TEMP_MCP9600_Measure+0xfc>
    6022:	20 91 bb 00 	lds	r18, 0x00BB	; 0x8000bb <__TEXT_REGION_LENGTH__+0x7e00bb>
    6026:	42 2f       	mov	r20, r18
    6028:	24 e9       	ldi	r18, 0x94	; 148
    602a:	20 93 bc 00 	sts	0x00BC, r18	; 0x8000bc <__TEXT_REGION_LENGTH__+0x7e00bc>
    602e:	ba 01       	movw	r22, r20
    6030:	80 e0       	ldi	r24, 0x00	; 0
    6032:	90 e0       	ldi	r25, 0x00	; 0
    6034:	57 ff       	sbrs	r21, 7
    6036:	0e c0       	rjmp	.+28     	; 0x6054 <TEMP_MCP9600_Measure+0x128>
    6038:	0e 94 0a 47 	call	0x8e14	; 0x8e14 <__floatunsisf>
    603c:	20 e0       	ldi	r18, 0x00	; 0
    603e:	30 e0       	ldi	r19, 0x00	; 0
    6040:	40 e8       	ldi	r20, 0x80	; 128
    6042:	5d e3       	ldi	r21, 0x3D	; 61
    6044:	0e 94 9a 48 	call	0x9134	; 0x9134 <__mulsf3>
    6048:	20 e0       	ldi	r18, 0x00	; 0
    604a:	30 e0       	ldi	r19, 0x00	; 0
    604c:	40 e8       	ldi	r20, 0x80	; 128
    604e:	55 e4       	ldi	r21, 0x45	; 69
    6050:	0c 94 d7 45 	jmp	0x8bae	; 0x8bae <__subsf3>
    6054:	0e 94 0a 47 	call	0x8e14	; 0x8e14 <__floatunsisf>
    6058:	20 e0       	ldi	r18, 0x00	; 0
    605a:	30 e0       	ldi	r19, 0x00	; 0
    605c:	40 e8       	ldi	r20, 0x80	; 128
    605e:	5d e3       	ldi	r21, 0x3D	; 61
    6060:	0c 94 9a 48 	jmp	0x9134	; 0x9134 <__mulsf3>

00006064 <DIOExp_Write_Outputs>:
    6064:	94 ea       	ldi	r25, 0xA4	; 164
    6066:	90 93 bc 00 	sts	0x00BC, r25	; 0x8000bc <__TEXT_REGION_LENGTH__+0x7e00bc>
    606a:	90 91 bc 00 	lds	r25, 0x00BC	; 0x8000bc <__TEXT_REGION_LENGTH__+0x7e00bc>
    606e:	97 ff       	sbrs	r25, 7
    6070:	fc cf       	rjmp	.-8      	; 0x606a <DIOExp_Write_Outputs+0x6>
    6072:	90 91 b9 00 	lds	r25, 0x00B9	; 0x8000b9 <__TEXT_REGION_LENGTH__+0x7e00b9>
    6076:	98 7f       	andi	r25, 0xF8	; 248
    6078:	98 30       	cpi	r25, 0x08	; 8
    607a:	b1 f5       	brne	.+108    	; 0x60e8 <DIOExp_Write_Outputs+0x84>
    607c:	90 e4       	ldi	r25, 0x40	; 64
    607e:	90 93 bb 00 	sts	0x00BB, r25	; 0x8000bb <__TEXT_REGION_LENGTH__+0x7e00bb>
    6082:	94 e8       	ldi	r25, 0x84	; 132
    6084:	90 93 bc 00 	sts	0x00BC, r25	; 0x8000bc <__TEXT_REGION_LENGTH__+0x7e00bc>
    6088:	90 91 bc 00 	lds	r25, 0x00BC	; 0x8000bc <__TEXT_REGION_LENGTH__+0x7e00bc>
    608c:	97 ff       	sbrs	r25, 7
    608e:	fc cf       	rjmp	.-8      	; 0x6088 <DIOExp_Write_Outputs+0x24>
    6090:	90 91 b9 00 	lds	r25, 0x00B9	; 0x8000b9 <__TEXT_REGION_LENGTH__+0x7e00b9>
    6094:	98 7f       	andi	r25, 0xF8	; 248
    6096:	98 31       	cpi	r25, 0x18	; 24
    6098:	39 f5       	brne	.+78     	; 0x60e8 <DIOExp_Write_Outputs+0x84>
    609a:	80 93 bb 00 	sts	0x00BB, r24	; 0x8000bb <__TEXT_REGION_LENGTH__+0x7e00bb>
    609e:	84 e8       	ldi	r24, 0x84	; 132
    60a0:	80 93 bc 00 	sts	0x00BC, r24	; 0x8000bc <__TEXT_REGION_LENGTH__+0x7e00bc>
    60a4:	80 91 bc 00 	lds	r24, 0x00BC	; 0x8000bc <__TEXT_REGION_LENGTH__+0x7e00bc>
    60a8:	87 ff       	sbrs	r24, 7
    60aa:	fc cf       	rjmp	.-8      	; 0x60a4 <DIOExp_Write_Outputs+0x40>
    60ac:	80 91 b9 00 	lds	r24, 0x00B9	; 0x8000b9 <__TEXT_REGION_LENGTH__+0x7e00b9>
    60b0:	88 7f       	andi	r24, 0xF8	; 248
    60b2:	88 32       	cpi	r24, 0x28	; 40
    60b4:	c9 f4       	brne	.+50     	; 0x60e8 <DIOExp_Write_Outputs+0x84>
    60b6:	60 93 bb 00 	sts	0x00BB, r22	; 0x8000bb <__TEXT_REGION_LENGTH__+0x7e00bb>
    60ba:	84 e8       	ldi	r24, 0x84	; 132
    60bc:	80 93 bc 00 	sts	0x00BC, r24	; 0x8000bc <__TEXT_REGION_LENGTH__+0x7e00bc>
    60c0:	80 91 bc 00 	lds	r24, 0x00BC	; 0x8000bc <__TEXT_REGION_LENGTH__+0x7e00bc>
    60c4:	87 ff       	sbrs	r24, 7
    60c6:	fc cf       	rjmp	.-8      	; 0x60c0 <DIOExp_Write_Outputs+0x5c>
    60c8:	80 91 b9 00 	lds	r24, 0x00B9	; 0x8000b9 <__TEXT_REGION_LENGTH__+0x7e00b9>
    60cc:	88 7f       	andi	r24, 0xF8	; 248
    60ce:	88 32       	cpi	r24, 0x28	; 40
    60d0:	59 f4       	brne	.+22     	; 0x60e8 <DIOExp_Write_Outputs+0x84>
    60d2:	40 93 bb 00 	sts	0x00BB, r20	; 0x8000bb <__TEXT_REGION_LENGTH__+0x7e00bb>
    60d6:	84 e8       	ldi	r24, 0x84	; 132
    60d8:	80 93 bc 00 	sts	0x00BC, r24	; 0x8000bc <__TEXT_REGION_LENGTH__+0x7e00bc>
    60dc:	80 91 bc 00 	lds	r24, 0x00BC	; 0x8000bc <__TEXT_REGION_LENGTH__+0x7e00bc>
    60e0:	87 ff       	sbrs	r24, 7
    60e2:	fc cf       	rjmp	.-8      	; 0x60dc <DIOExp_Write_Outputs+0x78>
    60e4:	80 91 b9 00 	lds	r24, 0x00B9	; 0x8000b9 <__TEXT_REGION_LENGTH__+0x7e00b9>
    60e8:	84 e9       	ldi	r24, 0x94	; 148
    60ea:	80 93 bc 00 	sts	0x00BC, r24	; 0x8000bc <__TEXT_REGION_LENGTH__+0x7e00bc>
    60ee:	8a e6       	ldi	r24, 0x6A	; 106
    60f0:	8a 95       	dec	r24
    60f2:	f1 f7       	brne	.-4      	; 0x60f0 <DIOExp_Write_Outputs+0x8c>
    60f4:	00 c0       	rjmp	.+0      	; 0x60f6 <DIOExp_Write_Outputs+0x92>
    60f6:	08 95       	ret

000060f8 <DIOExp_config_init>:
    60f8:	80 e4       	ldi	r24, 0x40	; 64
    60fa:	80 93 b8 00 	sts	0x00B8, r24	; 0x8000b8 <__TEXT_REGION_LENGTH__+0x7e00b8>
    60fe:	e9 eb       	ldi	r30, 0xB9	; 185
    6100:	f0 e0       	ldi	r31, 0x00	; 0
    6102:	80 81       	ld	r24, Z
    6104:	8d 7f       	andi	r24, 0xFD	; 253
    6106:	80 83       	st	Z, r24
    6108:	80 81       	ld	r24, Z
    610a:	8e 7f       	andi	r24, 0xFE	; 254
    610c:	80 83       	st	Z, r24
    610e:	40 91 f2 13 	lds	r20, 0x13F2	; 0x8013f2 <DIOE_PORT_B_STATE>
    6112:	60 91 3f 12 	lds	r22, 0x123F	; 0x80123f <DIOE_PORT_A_STATE>
    6116:	82 e0       	ldi	r24, 0x02	; 2
    6118:	a5 df       	rcall	.-182    	; 0x6064 <DIOExp_Write_Outputs>
    611a:	40 e0       	ldi	r20, 0x00	; 0
    611c:	60 e0       	ldi	r22, 0x00	; 0
    611e:	86 e0       	ldi	r24, 0x06	; 6
    6120:	a1 cf       	rjmp	.-190    	; 0x6064 <DIOExp_Write_Outputs>

00006122 <Set_DDR_and_Default_State>:
    6122:	2c 9a       	sbi	0x05, 4	; 5
    6124:	24 9a       	sbi	0x04, 4	; 4
    6126:	2b 9a       	sbi	0x05, 3	; 5
    6128:	23 9a       	sbi	0x04, 3	; 4
    612a:	2a 98       	cbi	0x05, 2	; 5
    612c:	22 9a       	sbi	0x04, 2	; 4
    612e:	80 91 21 14 	lds	r24, 0x1421	; 0x801421 <SysConfig>
    6132:	80 ff       	sbrs	r24, 0
    6134:	14 c0       	rjmp	.+40     	; 0x615e <Set_DDR_and_Default_State+0x3c>
    6136:	80 91 19 14 	lds	r24, 0x1419	; 0x801419 <Temp_Sensor_Type>
    613a:	81 30       	cpi	r24, 0x01	; 1
    613c:	21 f0       	breq	.+8      	; 0x6146 <Set_DDR_and_Default_State+0x24>
    613e:	80 91 19 14 	lds	r24, 0x1419	; 0x801419 <Temp_Sensor_Type>
    6142:	83 30       	cpi	r24, 0x03	; 3
    6144:	21 f4       	brne	.+8      	; 0x614e <Set_DDR_and_Default_State+0x2c>
    6146:	14 9a       	sbi	0x02, 4	; 2
    6148:	0c 9a       	sbi	0x01, 4	; 1
    614a:	55 98       	cbi	0x0a, 5	; 10
    614c:	08 c0       	rjmp	.+16     	; 0x615e <Set_DDR_and_Default_State+0x3c>
    614e:	80 91 19 14 	lds	r24, 0x1419	; 0x801419 <Temp_Sensor_Type>
    6152:	82 30       	cpi	r24, 0x02	; 2
    6154:	21 f4       	brne	.+8      	; 0x615e <Set_DDR_and_Default_State+0x3c>
    6156:	0c 98       	cbi	0x01, 4	; 1
    6158:	0d 98       	cbi	0x01, 5	; 1
    615a:	55 98       	cbi	0x0a, 5	; 10
    615c:	56 98       	cbi	0x0a, 6	; 10
    615e:	0d 98       	cbi	0x01, 5	; 1
    6160:	15 98       	cbi	0x02, 5	; 2
    6162:	0e 9a       	sbi	0x01, 6	; 1
    6164:	0f 9a       	sbi	0x01, 7	; 1
    6166:	3e 98       	cbi	0x07, 6	; 7
    6168:	3d 98       	cbi	0x07, 5	; 7
    616a:	3b 98       	cbi	0x07, 3	; 7
    616c:	3c 98       	cbi	0x07, 4	; 7
    616e:	3a 98       	cbi	0x07, 2	; 7
    6170:	13 98       	cbi	0x02, 3	; 2
    6172:	0b 9a       	sbi	0x01, 3	; 1
    6174:	12 98       	cbi	0x02, 2	; 2
    6176:	0a 9a       	sbi	0x01, 2	; 1
    6178:	11 98       	cbi	0x02, 1	; 2
    617a:	09 9a       	sbi	0x01, 1	; 1
    617c:	5a 98       	cbi	0x0b, 2	; 11
    617e:	52 9a       	sbi	0x0a, 2	; 10
    6180:	08 98       	cbi	0x01, 0	; 1
    6182:	20 9a       	sbi	0x04, 0	; 4
    6184:	28 98       	cbi	0x05, 0	; 5
    6186:	29 98       	cbi	0x05, 1	; 5
    6188:	09 9a       	sbi	0x01, 1	; 1
    618a:	3f 9a       	sbi	0x07, 7	; 7
    618c:	47 98       	cbi	0x08, 7	; 8
    618e:	57 9a       	sbi	0x0a, 7	; 10
    6190:	5f 98       	cbi	0x0b, 7	; 11
    6192:	08 95       	ret

00006194 <RS485_get_com_address_external_pins>:
    6194:	80 e4       	ldi	r24, 0x40	; 64
    6196:	80 93 97 0e 	sts	0x0E97, r24	; 0x800e97 <Com_ID>
    619a:	36 99       	sbic	0x06, 6	; 6
    619c:	05 c0       	rjmp	.+10     	; 0x61a8 <RS485_get_com_address_external_pins+0x14>
    619e:	80 91 97 0e 	lds	r24, 0x0E97	; 0x800e97 <Com_ID>
    61a2:	8f 5f       	subi	r24, 0xFF	; 255
    61a4:	80 93 97 0e 	sts	0x0E97, r24	; 0x800e97 <Com_ID>
    61a8:	35 99       	sbic	0x06, 5	; 6
    61aa:	05 c0       	rjmp	.+10     	; 0x61b6 <RS485_get_com_address_external_pins+0x22>
    61ac:	80 91 97 0e 	lds	r24, 0x0E97	; 0x800e97 <Com_ID>
    61b0:	8e 5f       	subi	r24, 0xFE	; 254
    61b2:	80 93 97 0e 	sts	0x0E97, r24	; 0x800e97 <Com_ID>
    61b6:	33 99       	sbic	0x06, 3	; 6
    61b8:	05 c0       	rjmp	.+10     	; 0x61c4 <RS485_get_com_address_external_pins+0x30>
    61ba:	80 91 97 0e 	lds	r24, 0x0E97	; 0x800e97 <Com_ID>
    61be:	8c 5f       	subi	r24, 0xFC	; 252
    61c0:	80 93 97 0e 	sts	0x0E97, r24	; 0x800e97 <Com_ID>
    61c4:	34 99       	sbic	0x06, 4	; 6
    61c6:	05 c0       	rjmp	.+10     	; 0x61d2 <RS485_get_com_address_external_pins+0x3e>
    61c8:	80 91 97 0e 	lds	r24, 0x0E97	; 0x800e97 <Com_ID>
    61cc:	88 5f       	subi	r24, 0xF8	; 248
    61ce:	80 93 97 0e 	sts	0x0E97, r24	; 0x800e97 <Com_ID>
    61d2:	32 99       	sbic	0x06, 2	; 6
    61d4:	05 c0       	rjmp	.+10     	; 0x61e0 <RS485_get_com_address_external_pins+0x4c>
    61d6:	80 91 97 0e 	lds	r24, 0x0E97	; 0x800e97 <Com_ID>
    61da:	80 5f       	subi	r24, 0xF0	; 240
    61dc:	80 93 97 0e 	sts	0x0E97, r24	; 0x800e97 <Com_ID>
    61e0:	08 95       	ret

000061e2 <main>:
    61e2:	cf 93       	push	r28
    61e4:	df 93       	push	r29
    61e6:	00 d0       	rcall	.+0      	; 0x61e8 <main+0x6>
    61e8:	00 d0       	rcall	.+0      	; 0x61ea <main+0x8>
    61ea:	cd b7       	in	r28, 0x3d	; 61
    61ec:	de b7       	in	r29, 0x3e	; 62
    61ee:	f8 94       	cli
    61f0:	a8 95       	wdr
    61f2:	84 b7       	in	r24, 0x34	; 52
    61f4:	87 7f       	andi	r24, 0xF7	; 247
    61f6:	84 bf       	out	0x34, r24	; 52
    61f8:	0f b6       	in	r0, 0x3f	; 63
    61fa:	f8 94       	cli
    61fc:	a8 95       	wdr
    61fe:	80 91 60 00 	lds	r24, 0x0060	; 0x800060 <__TEXT_REGION_LENGTH__+0x7e0060>
    6202:	88 61       	ori	r24, 0x18	; 24
    6204:	80 93 60 00 	sts	0x0060, r24	; 0x800060 <__TEXT_REGION_LENGTH__+0x7e0060>
    6208:	10 92 60 00 	sts	0x0060, r1	; 0x800060 <__TEXT_REGION_LENGTH__+0x7e0060>
    620c:	0f be       	out	0x3f, r0	; 63
    620e:	10 92 23 14 	sts	0x1423, r1	; 0x801423 <TimerMeas_Count>
    6212:	10 92 2b 14 	sts	0x142B, r1	; 0x80142b <Timer_Control_Counter>
    6216:	10 92 1a 14 	sts	0x141A, r1	; 0x80141a <SysStatus_A>
    621a:	10 92 1f 14 	sts	0x141F, r1	; 0x80141f <SysControl>
    621e:	10 92 21 14 	sts	0x1421, r1	; 0x801421 <SysConfig>
    6222:	10 92 29 14 	sts	0x1429, r1	; 0x801429 <Timer_CTR>
    6226:	10 92 1d 14 	sts	0x141D, r1	; 0x80141d <UartStatus>
    622a:	10 92 20 14 	sts	0x1420, r1	; 0x801420 <PV_Status>
    622e:	10 92 a1 14 	sts	0x14A1, r1	; 0x8014a1 <PV_Mode_CTR>
    6232:	10 92 8a 14 	sts	0x148A, r1	; 0x80148a <PV_Mode_ACT>
    6236:	10 92 4e 14 	sts	0x144E, r1	; 0x80144e <PV_Volt_Setpoint>
    623a:	10 92 4f 14 	sts	0x144F, r1	; 0x80144f <PV_Volt_Setpoint+0x1>
    623e:	10 92 50 14 	sts	0x1450, r1	; 0x801450 <PV_Volt_Setpoint+0x2>
    6242:	10 92 51 14 	sts	0x1451, r1	; 0x801451 <PV_Volt_Setpoint+0x3>
    6246:	10 92 b5 14 	sts	0x14B5, r1	; 0x8014b5 <PV_Volt_DAQ_New>
    624a:	10 92 b6 14 	sts	0x14B6, r1	; 0x8014b6 <PV_Volt_DAQ_New+0x1>
    624e:	10 92 b7 14 	sts	0x14B7, r1	; 0x8014b7 <PV_Volt_DAQ_New+0x2>
    6252:	10 92 b8 14 	sts	0x14B8, r1	; 0x8014b8 <PV_Volt_DAQ_New+0x3>
    6256:	10 92 a9 14 	sts	0x14A9, r1	; 0x8014a9 <PV_Curr_Setpoint>
    625a:	10 92 aa 14 	sts	0x14AA, r1	; 0x8014aa <PV_Curr_Setpoint+0x1>
    625e:	10 92 ab 14 	sts	0x14AB, r1	; 0x8014ab <PV_Curr_Setpoint+0x2>
    6262:	10 92 ac 14 	sts	0x14AC, r1	; 0x8014ac <PV_Curr_Setpoint+0x3>
    6266:	10 92 3f 12 	sts	0x123F, r1	; 0x80123f <DIOE_PORT_A_STATE>
    626a:	10 92 f2 13 	sts	0x13F2, r1	; 0x8013f2 <DIOE_PORT_B_STATE>
    626e:	2f ef       	ldi	r18, 0xFF	; 255
    6270:	84 e3       	ldi	r24, 0x34	; 52
    6272:	9c e0       	ldi	r25, 0x0C	; 12
    6274:	21 50       	subi	r18, 0x01	; 1
    6276:	80 40       	sbci	r24, 0x00	; 0
    6278:	90 40       	sbci	r25, 0x00	; 0
    627a:	e1 f7       	brne	.-8      	; 0x6274 <main+0x92>
    627c:	00 c0       	rjmp	.+0      	; 0x627e <main+0x9c>
    627e:	00 00       	nop
    6280:	0e 94 d4 1c 	call	0x39a8	; 0x39a8 <EEPROM_LOAD_VAL_CONFIG>
    6284:	4e df       	rcall	.-356    	; 0x6122 <Set_DDR_and_Default_State>
    6286:	9f e0       	ldi	r25, 0x0F	; 15
    6288:	88 e1       	ldi	r24, 0x18	; 24
    628a:	0f b6       	in	r0, 0x3f	; 63
    628c:	f8 94       	cli
    628e:	a8 95       	wdr
    6290:	80 93 60 00 	sts	0x0060, r24	; 0x800060 <__TEXT_REGION_LENGTH__+0x7e0060>
    6294:	0f be       	out	0x3f, r0	; 63
    6296:	90 93 60 00 	sts	0x0060, r25	; 0x800060 <__TEXT_REGION_LENGTH__+0x7e0060>
    629a:	a8 95       	wdr
    629c:	2d df       	rcall	.-422    	; 0x60f8 <DIOExp_config_init>
    629e:	40 91 f2 13 	lds	r20, 0x13F2	; 0x8013f2 <DIOE_PORT_B_STATE>
    62a2:	60 91 3f 12 	lds	r22, 0x123F	; 0x80123f <DIOE_PORT_A_STATE>
    62a6:	82 e0       	ldi	r24, 0x02	; 2
    62a8:	dd de       	rcall	.-582    	; 0x6064 <DIOExp_Write_Outputs>
    62aa:	74 df       	rcall	.-280    	; 0x6194 <RS485_get_com_address_external_pins>
    62ac:	84 b1       	in	r24, 0x04	; 4
    62ae:	80 6b       	ori	r24, 0xB0	; 176
    62b0:	84 b9       	out	0x04, r24	; 4
    62b2:	8c b5       	in	r24, 0x2c	; 44
    62b4:	80 65       	ori	r24, 0x50	; 80
    62b6:	8c bd       	out	0x2c, r24	; 44
    62b8:	8c b5       	in	r24, 0x2c	; 44
    62ba:	8d 7f       	andi	r24, 0xFD	; 253
    62bc:	8c bd       	out	0x2c, r24	; 44
    62be:	8c b5       	in	r24, 0x2c	; 44
    62c0:	8e 7f       	andi	r24, 0xFE	; 254
    62c2:	8c bd       	out	0x2c, r24	; 44
    62c4:	8d b5       	in	r24, 0x2d	; 45
    62c6:	8e 7f       	andi	r24, 0xFE	; 254
    62c8:	8d bd       	out	0x2d, r24	; 45
    62ca:	2c 98       	cbi	0x05, 4	; 5
    62cc:	80 91 c1 00 	lds	r24, 0x00C1	; 0x8000c1 <__TEXT_REGION_LENGTH__+0x7e00c1>
    62d0:	88 61       	ori	r24, 0x18	; 24
    62d2:	80 93 c1 00 	sts	0x00C1, r24	; 0x8000c1 <__TEXT_REGION_LENGTH__+0x7e00c1>
    62d6:	80 91 c2 00 	lds	r24, 0x00C2	; 0x8000c2 <__TEXT_REGION_LENGTH__+0x7e00c2>
    62da:	86 60       	ori	r24, 0x06	; 6
    62dc:	80 93 c2 00 	sts	0x00C2, r24	; 0x8000c2 <__TEXT_REGION_LENGTH__+0x7e00c2>
    62e0:	10 92 c5 00 	sts	0x00C5, r1	; 0x8000c5 <__TEXT_REGION_LENGTH__+0x7e00c5>
    62e4:	84 e0       	ldi	r24, 0x04	; 4
    62e6:	80 93 c4 00 	sts	0x00C4, r24	; 0x8000c4 <__TEXT_REGION_LENGTH__+0x7e00c4>
    62ea:	80 91 c1 00 	lds	r24, 0x00C1	; 0x8000c1 <__TEXT_REGION_LENGTH__+0x7e00c1>
    62ee:	80 68       	ori	r24, 0x80	; 128
    62f0:	80 93 c1 00 	sts	0x00C1, r24	; 0x8000c1 <__TEXT_REGION_LENGTH__+0x7e00c1>
    62f4:	5a 98       	cbi	0x0b, 2	; 11
    62f6:	52 9a       	sbi	0x0a, 2	; 10
    62f8:	10 92 83 10 	sts	0x1083, r1	; 0x801083 <UART_In_Buff_L>
    62fc:	10 92 8c 0f 	sts	0x0F8C, r1	; 0x800f8c <UART_Comand_L>
    6300:	80 91 80 00 	lds	r24, 0x0080	; 0x800080 <__TEXT_REGION_LENGTH__+0x7e0080>
    6304:	80 93 80 00 	sts	0x0080, r24	; 0x800080 <__TEXT_REGION_LENGTH__+0x7e0080>
    6308:	80 91 81 00 	lds	r24, 0x0081	; 0x800081 <__TEXT_REGION_LENGTH__+0x7e0081>
    630c:	8b 60       	ori	r24, 0x0B	; 11
    630e:	80 93 81 00 	sts	0x0081, r24	; 0x800081 <__TEXT_REGION_LENGTH__+0x7e0081>
    6312:	10 92 8b 00 	sts	0x008B, r1	; 0x80008b <__TEXT_REGION_LENGTH__+0x7e008b>
    6316:	10 92 8a 00 	sts	0x008A, r1	; 0x80008a <__TEXT_REGION_LENGTH__+0x7e008a>
    631a:	0e 94 82 1c 	call	0x3904	; 0x3904 <EEROM_LOAD_TIMER_1_CM>
    631e:	90 93 89 00 	sts	0x0089, r25	; 0x800089 <__TEXT_REGION_LENGTH__+0x7e0089>
    6322:	80 93 88 00 	sts	0x0088, r24	; 0x800088 <__TEXT_REGION_LENGTH__+0x7e0088>
    6326:	80 91 6f 00 	lds	r24, 0x006F	; 0x80006f <__TEXT_REGION_LENGTH__+0x7e006f>
    632a:	82 60       	ori	r24, 0x02	; 2
    632c:	80 93 6f 00 	sts	0x006F, r24	; 0x80006f <__TEXT_REGION_LENGTH__+0x7e006f>
    6330:	0e 94 07 3d 	call	0x7a0e	; 0x7a0e <Reset_Over_Current_Clamp>
    6334:	85 e0       	ldi	r24, 0x05	; 5
    6336:	80 93 dd 14 	sts	0x14DD, r24	; 0x8014dd <Range_Volt_ID_Act>
    633a:	86 e0       	ldi	r24, 0x06	; 6
    633c:	80 93 54 15 	sts	0x1554, r24	; 0x801554 <Range_Curr_ID_Act>
    6340:	84 e0       	ldi	r24, 0x04	; 4
    6342:	0e 94 5d 3f 	call	0x7eba	; 0x7eba <SET_VOLTAGE_RANGE>
    6346:	85 e0       	ldi	r24, 0x05	; 5
    6348:	0e 94 5b 40 	call	0x80b6	; 0x80b6 <SET_CURRENT_RANGE>
    634c:	0e 94 2c 3d 	call	0x7a58	; 0x7a58 <Preare_Auto_Range_Selection>
    6350:	e9 d3       	rcall	.+2002   	; 0x6b24 <Reset_Fan_Control>
    6352:	0e 94 0a 0b 	call	0x1614	; 0x1614 <PI_CRT__Process_Controller_Settings>
    6356:	80 91 21 14 	lds	r24, 0x1421	; 0x801421 <SysConfig>
    635a:	80 ff       	sbrs	r24, 0
    635c:	11 c0       	rjmp	.+34     	; 0x6380 <main+0x19e>
    635e:	80 91 19 14 	lds	r24, 0x1419	; 0x801419 <Temp_Sensor_Type>
    6362:	81 30       	cpi	r24, 0x01	; 1
    6364:	11 f4       	brne	.+4      	; 0x636a <main+0x188>
    6366:	7c dc       	rcall	.-1800   	; 0x5c60 <TEMP_MAX31865_Setup>
    6368:	0b c0       	rjmp	.+22     	; 0x6380 <main+0x19e>
    636a:	80 91 19 14 	lds	r24, 0x1419	; 0x801419 <Temp_Sensor_Type>
    636e:	82 30       	cpi	r24, 0x02	; 2
    6370:	11 f4       	brne	.+4      	; 0x6376 <main+0x194>
    6372:	39 dd       	rcall	.-1422   	; 0x5de6 <TEMP_MCP9600_Setup>
    6374:	05 c0       	rjmp	.+10     	; 0x6380 <main+0x19e>
    6376:	80 91 19 14 	lds	r24, 0x1419	; 0x801419 <Temp_Sensor_Type>
    637a:	83 30       	cpi	r24, 0x03	; 3
    637c:	09 f4       	brne	.+2      	; 0x6380 <main+0x19e>
    637e:	b8 dc       	rcall	.-1680   	; 0x5cf0 <TEMP_MAX31856_Setup>
    6380:	0e 94 ae 45 	call	0x8b5c	; 0x8b5c <Temp_monitoring_Setup>
    6384:	8f ef       	ldi	r24, 0xFF	; 255
    6386:	9f ef       	ldi	r25, 0xFF	; 255
    6388:	e2 db       	rcall	.-2108   	; 0x5b4e <Set_DAC_Output_RAW>
    638a:	15 d8       	rcall	.-4054   	; 0x53b6 <Meas_Analog_Inputs>
    638c:	80 91 29 14 	lds	r24, 0x1429	; 0x801429 <Timer_CTR>
    6390:	8e 7f       	andi	r24, 0xFE	; 254
    6392:	80 93 29 14 	sts	0x1429, r24	; 0x801429 <Timer_CTR>
    6396:	78 94       	sei
    6398:	a8 95       	wdr
    639a:	80 91 29 14 	lds	r24, 0x1429	; 0x801429 <Timer_CTR>
    639e:	80 ff       	sbrs	r24, 0
    63a0:	ee c0       	rjmp	.+476    	; 0x657e <main+0x39c>
    63a2:	09 d8       	rcall	.-4078   	; 0x53b6 <Meas_Analog_Inputs>
    63a4:	0e 94 fc 41 	call	0x83f8	; 0x83f8 <Check_Input_Range_Selection>
    63a8:	0e 94 0a 0b 	call	0x1614	; 0x1614 <PI_CRT__Process_Controller_Settings>
    63ac:	80 91 29 14 	lds	r24, 0x1429	; 0x801429 <Timer_CTR>
    63b0:	81 ff       	sbrs	r24, 1
    63b2:	06 c0       	rjmp	.+12     	; 0x63c0 <main+0x1de>
    63b4:	0e 94 d9 3a 	call	0x75b2	; 0x75b2 <LOAD_CTR_MAIN>
    63b8:	80 91 29 14 	lds	r24, 0x1429	; 0x801429 <Timer_CTR>
    63bc:	8d 7f       	andi	r24, 0xFD	; 253
    63be:	d8 c0       	rjmp	.+432    	; 0x6570 <main+0x38e>
    63c0:	80 91 8c 0f 	lds	r24, 0x0F8C	; 0x800f8c <UART_Comand_L>
    63c4:	88 23       	and	r24, r24
    63c6:	89 f0       	breq	.+34     	; 0x63ea <main+0x208>
    63c8:	80 91 1d 14 	lds	r24, 0x141D	; 0x80141d <UartStatus>
    63cc:	86 fd       	sbrc	r24, 6
    63ce:	d2 c0       	rjmp	.+420    	; 0x6574 <main+0x392>
    63d0:	80 91 1f 14 	lds	r24, 0x141F	; 0x80141f <SysControl>
    63d4:	81 fd       	sbrc	r24, 1
    63d6:	ce c0       	rjmp	.+412    	; 0x6574 <main+0x392>
    63d8:	80 91 1f 14 	lds	r24, 0x141F	; 0x80141f <SysControl>
    63dc:	82 fd       	sbrc	r24, 2
    63de:	ca c0       	rjmp	.+404    	; 0x6574 <main+0x392>
    63e0:	0e 94 f2 16 	call	0x2de4	; 0x2de4 <UART_Process_Input>
    63e4:	10 92 8c 0f 	sts	0x0F8C, r1	; 0x800f8c <UART_Comand_L>
    63e8:	c5 c0       	rjmp	.+394    	; 0x6574 <main+0x392>
    63ea:	80 91 29 14 	lds	r24, 0x1429	; 0x801429 <Timer_CTR>
    63ee:	83 ff       	sbrs	r24, 3
    63f0:	c1 c0       	rjmp	.+386    	; 0x6574 <main+0x392>
    63f2:	80 91 21 14 	lds	r24, 0x1421	; 0x801421 <SysConfig>
    63f6:	80 ff       	sbrs	r24, 0
    63f8:	5a c0       	rjmp	.+180    	; 0x64ae <main+0x2cc>
    63fa:	80 91 19 14 	lds	r24, 0x1419	; 0x801419 <Temp_Sensor_Type>
    63fe:	81 30       	cpi	r24, 0x01	; 1
    6400:	09 f0       	breq	.+2      	; 0x6404 <main+0x222>
    6402:	42 c0       	rjmp	.+132    	; 0x6488 <main+0x2a6>
    6404:	4d 99       	sbic	0x09, 5	; 9
    6406:	53 c0       	rjmp	.+166    	; 0x64ae <main+0x2cc>
    6408:	47 dc       	rcall	.-1906   	; 0x5c98 <TEMP_MAX31865_Measure>
    640a:	0e 94 0a 47 	call	0x8e14	; 0x8e14 <__floatunsisf>
    640e:	6b 01       	movw	r12, r22
    6410:	7c 01       	movw	r14, r24
    6412:	80 90 f7 13 	lds	r8, 0x13F7	; 0x8013f7 <CAL_RTD_A2>
    6416:	90 90 f8 13 	lds	r9, 0x13F8	; 0x8013f8 <CAL_RTD_A2+0x1>
    641a:	a0 90 f9 13 	lds	r10, 0x13F9	; 0x8013f9 <CAL_RTD_A2+0x2>
    641e:	b0 90 fa 13 	lds	r11, 0x13FA	; 0x8013fa <CAL_RTD_A2+0x3>
    6422:	40 90 37 12 	lds	r4, 0x1237	; 0x801237 <CAL_RTD_A1>
    6426:	50 90 38 12 	lds	r5, 0x1238	; 0x801238 <CAL_RTD_A1+0x1>
    642a:	60 90 39 12 	lds	r6, 0x1239	; 0x801239 <CAL_RTD_A1+0x2>
    642e:	70 90 3a 12 	lds	r7, 0x123A	; 0x80123a <CAL_RTD_A1+0x3>
    6432:	80 91 5a 12 	lds	r24, 0x125A	; 0x80125a <CAL_RTD_A0>
    6436:	90 91 5b 12 	lds	r25, 0x125B	; 0x80125b <CAL_RTD_A0+0x1>
    643a:	a0 91 5c 12 	lds	r26, 0x125C	; 0x80125c <CAL_RTD_A0+0x2>
    643e:	b0 91 5d 12 	lds	r27, 0x125D	; 0x80125d <CAL_RTD_A0+0x3>
    6442:	89 83       	std	Y+1, r24	; 0x01
    6444:	9a 83       	std	Y+2, r25	; 0x02
    6446:	ab 83       	std	Y+3, r26	; 0x03
    6448:	bc 83       	std	Y+4, r27	; 0x04
    644a:	a7 01       	movw	r20, r14
    644c:	96 01       	movw	r18, r12
    644e:	c7 01       	movw	r24, r14
    6450:	b6 01       	movw	r22, r12
    6452:	0e 94 9a 48 	call	0x9134	; 0x9134 <__mulsf3>
    6456:	a5 01       	movw	r20, r10
    6458:	94 01       	movw	r18, r8
    645a:	0e 94 9a 48 	call	0x9134	; 0x9134 <__mulsf3>
    645e:	4b 01       	movw	r8, r22
    6460:	5c 01       	movw	r10, r24
    6462:	a3 01       	movw	r20, r6
    6464:	92 01       	movw	r18, r4
    6466:	c7 01       	movw	r24, r14
    6468:	b6 01       	movw	r22, r12
    646a:	0e 94 9a 48 	call	0x9134	; 0x9134 <__mulsf3>
    646e:	9b 01       	movw	r18, r22
    6470:	ac 01       	movw	r20, r24
    6472:	c5 01       	movw	r24, r10
    6474:	b4 01       	movw	r22, r8
    6476:	0e 94 d8 45 	call	0x8bb0	; 0x8bb0 <__addsf3>
    647a:	29 81       	ldd	r18, Y+1	; 0x01
    647c:	3a 81       	ldd	r19, Y+2	; 0x02
    647e:	4b 81       	ldd	r20, Y+3	; 0x03
    6480:	5c 81       	ldd	r21, Y+4	; 0x04
    6482:	0e 94 d8 45 	call	0x8bb0	; 0x8bb0 <__addsf3>
    6486:	0b c0       	rjmp	.+22     	; 0x649e <main+0x2bc>
    6488:	80 91 19 14 	lds	r24, 0x1419	; 0x801419 <Temp_Sensor_Type>
    648c:	82 30       	cpi	r24, 0x02	; 2
    648e:	11 f4       	brne	.+4      	; 0x6494 <main+0x2b2>
    6490:	4d dd       	rcall	.-1382   	; 0x5f2c <TEMP_MCP9600_Measure>
    6492:	05 c0       	rjmp	.+10     	; 0x649e <main+0x2bc>
    6494:	80 91 19 14 	lds	r24, 0x1419	; 0x801419 <Temp_Sensor_Type>
    6498:	83 30       	cpi	r24, 0x03	; 3
    649a:	49 f4       	brne	.+18     	; 0x64ae <main+0x2cc>
    649c:	5d dc       	rcall	.-1862   	; 0x5d58 <TEMP_MAX31856_Measure>
    649e:	60 93 4e 12 	sts	0x124E, r22	; 0x80124e <AI_RTD_Temp>
    64a2:	70 93 4f 12 	sts	0x124F, r23	; 0x80124f <AI_RTD_Temp+0x1>
    64a6:	80 93 50 12 	sts	0x1250, r24	; 0x801250 <AI_RTD_Temp+0x2>
    64aa:	90 93 51 12 	sts	0x1251, r25	; 0x801251 <AI_RTD_Temp+0x3>
    64ae:	0e 94 e9 43 	call	0x87d2	; 0x87d2 <Read_Temp_All_ADC121C021>
    64b2:	e1 2c       	mov	r14, r1
    64b4:	f1 2c       	mov	r15, r1
    64b6:	19 82       	std	Y+1, r1	; 0x01
    64b8:	80 91 60 15 	lds	r24, 0x1560	; 0x801560 <AI_HEAT_ADC_PRESENT_MASK>
    64bc:	90 e0       	ldi	r25, 0x00	; 0
    64be:	0e 2c       	mov	r0, r14
    64c0:	02 c0       	rjmp	.+4      	; 0x64c6 <main+0x2e4>
    64c2:	95 95       	asr	r25
    64c4:	87 95       	ror	r24
    64c6:	0a 94       	dec	r0
    64c8:	e2 f7       	brpl	.-8      	; 0x64c2 <main+0x2e0>
    64ca:	80 ff       	sbrs	r24, 0
    64cc:	19 c0       	rjmp	.+50     	; 0x6500 <main+0x31e>
    64ce:	f7 01       	movw	r30, r14
    64d0:	ee 0f       	add	r30, r30
    64d2:	ff 1f       	adc	r31, r31
    64d4:	ee 0f       	add	r30, r30
    64d6:	ff 1f       	adc	r31, r31
    64d8:	ef 59       	subi	r30, 0x9F	; 159
    64da:	fa 4e       	sbci	r31, 0xEA	; 234
    64dc:	60 81       	ld	r22, Z
    64de:	71 81       	ldd	r23, Z+1	; 0x01
    64e0:	82 81       	ldd	r24, Z+2	; 0x02
    64e2:	93 81       	ldd	r25, Z+3	; 0x03
    64e4:	20 91 24 14 	lds	r18, 0x1424	; 0x801424 <TEMP_MAX_Heat_dissipation>
    64e8:	30 91 25 14 	lds	r19, 0x1425	; 0x801425 <TEMP_MAX_Heat_dissipation+0x1>
    64ec:	40 91 26 14 	lds	r20, 0x1426	; 0x801426 <TEMP_MAX_Heat_dissipation+0x2>
    64f0:	50 91 27 14 	lds	r21, 0x1427	; 0x801427 <TEMP_MAX_Heat_dissipation+0x3>
    64f4:	0e 94 e1 47 	call	0x8fc2	; 0x8fc2 <__gesf2>
    64f8:	87 fd       	sbrc	r24, 7
    64fa:	02 c0       	rjmp	.+4      	; 0x6500 <main+0x31e>
    64fc:	91 e0       	ldi	r25, 0x01	; 1
    64fe:	99 83       	std	Y+1, r25	; 0x01
    6500:	af ef       	ldi	r26, 0xFF	; 255
    6502:	ea 1a       	sub	r14, r26
    6504:	fa 0a       	sbc	r15, r26
    6506:	b8 e0       	ldi	r27, 0x08	; 8
    6508:	eb 16       	cp	r14, r27
    650a:	f1 04       	cpc	r15, r1
    650c:	a9 f6       	brne	.-86     	; 0x64b8 <main+0x2d6>
    650e:	29 81       	ldd	r18, Y+1	; 0x01
    6510:	21 11       	cpse	r18, r1
    6512:	02 c0       	rjmp	.+4      	; 0x6518 <main+0x336>
    6514:	05 99       	sbic	0x00, 5	; 0
    6516:	04 c0       	rjmp	.+8      	; 0x6520 <main+0x33e>
    6518:	80 91 1e 14 	lds	r24, 0x141E	; 0x80141e <SysStatus_B>
    651c:	80 61       	ori	r24, 0x10	; 16
    651e:	03 c0       	rjmp	.+6      	; 0x6526 <main+0x344>
    6520:	80 91 1e 14 	lds	r24, 0x141E	; 0x80141e <SysStatus_B>
    6524:	8f 7e       	andi	r24, 0xEF	; 239
    6526:	80 93 1e 14 	sts	0x141E, r24	; 0x80141e <SysStatus_B>
    652a:	20 e0       	ldi	r18, 0x00	; 0
    652c:	30 e0       	ldi	r19, 0x00	; 0
    652e:	40 e0       	ldi	r20, 0x00	; 0
    6530:	80 91 60 15 	lds	r24, 0x1560	; 0x801560 <AI_HEAT_ADC_PRESENT_MASK>
    6534:	90 e0       	ldi	r25, 0x00	; 0
    6536:	02 2e       	mov	r0, r18
    6538:	02 c0       	rjmp	.+4      	; 0x653e <main+0x35c>
    653a:	95 95       	asr	r25
    653c:	87 95       	ror	r24
    653e:	0a 94       	dec	r0
    6540:	e2 f7       	brpl	.-8      	; 0x653a <main+0x358>
    6542:	80 fd       	sbrc	r24, 0
    6544:	4f 5f       	subi	r20, 0xFF	; 255
    6546:	2f 5f       	subi	r18, 0xFF	; 255
    6548:	3f 4f       	sbci	r19, 0xFF	; 255
    654a:	28 30       	cpi	r18, 0x08	; 8
    654c:	31 05       	cpc	r19, r1
    654e:	81 f7       	brne	.-32     	; 0x6530 <main+0x34e>
    6550:	80 91 2c 14 	lds	r24, 0x142C	; 0x80142c <TEMP_Heat_dissipation_devices>
    6554:	48 17       	cp	r20, r24
    6556:	20 f4       	brcc	.+8      	; 0x6560 <main+0x37e>
    6558:	80 91 1e 14 	lds	r24, 0x141E	; 0x80141e <SysStatus_B>
    655c:	80 62       	ori	r24, 0x20	; 32
    655e:	03 c0       	rjmp	.+6      	; 0x6566 <main+0x384>
    6560:	80 91 1e 14 	lds	r24, 0x141E	; 0x80141e <SysStatus_B>
    6564:	8f 7d       	andi	r24, 0xDF	; 223
    6566:	80 93 1e 14 	sts	0x141E, r24	; 0x80141e <SysStatus_B>
    656a:	80 91 29 14 	lds	r24, 0x1429	; 0x801429 <Timer_CTR>
    656e:	87 7f       	andi	r24, 0xF7	; 247
    6570:	80 93 29 14 	sts	0x1429, r24	; 0x801429 <Timer_CTR>
    6574:	80 91 29 14 	lds	r24, 0x1429	; 0x801429 <Timer_CTR>
    6578:	8e 7f       	andi	r24, 0xFE	; 254
    657a:	80 93 29 14 	sts	0x1429, r24	; 0x801429 <Timer_CTR>
    657e:	80 91 1d 14 	lds	r24, 0x141D	; 0x80141d <UartStatus>
    6582:	86 fd       	sbrc	r24, 6
    6584:	0e 94 47 0c 	call	0x188e	; 0x188e <UART_Transfer_IV>
    6588:	a8 95       	wdr
    658a:	06 cf       	rjmp	.-500    	; 0x6398 <main+0x1b6>

0000658c <__vector_20>:
    658c:	1f 92       	push	r1
    658e:	0f 92       	push	r0
    6590:	0f b6       	in	r0, 0x3f	; 63
    6592:	0f 92       	push	r0
    6594:	11 24       	eor	r1, r1
    6596:	0b b6       	in	r0, 0x3b	; 59
    6598:	0f 92       	push	r0
    659a:	2f 93       	push	r18
    659c:	3f 93       	push	r19
    659e:	4f 93       	push	r20
    65a0:	5f 93       	push	r21
    65a2:	8f 93       	push	r24
    65a4:	9f 93       	push	r25
    65a6:	af 93       	push	r26
    65a8:	bf 93       	push	r27
    65aa:	ef 93       	push	r30
    65ac:	ff 93       	push	r31
    65ae:	3f b7       	in	r19, 0x3f	; 63
    65b0:	80 91 c0 00 	lds	r24, 0x00C0	; 0x8000c0 <__TEXT_REGION_LENGTH__+0x7e00c0>
    65b4:	87 ff       	sbrs	r24, 7
    65b6:	fc cf       	rjmp	.-8      	; 0x65b0 <__vector_20+0x24>
    65b8:	80 91 c6 00 	lds	r24, 0x00C6	; 0x8000c6 <__TEXT_REGION_LENGTH__+0x7e00c6>
    65bc:	8a 30       	cpi	r24, 0x0A	; 10
    65be:	29 f5       	brne	.+74     	; 0x660a <__vector_20+0x7e>
    65c0:	80 91 13 0f 	lds	r24, 0x0F13	; 0x800f13 <UART_In_Buff+0x1>
    65c4:	83 32       	cpi	r24, 0x23	; 35
    65c6:	91 f5       	brne	.+100    	; 0x662c <__vector_20+0xa0>
    65c8:	90 91 12 0f 	lds	r25, 0x0F12	; 0x800f12 <UART_In_Buff>
    65cc:	80 91 97 0e 	lds	r24, 0x0E97	; 0x800e97 <Com_ID>
    65d0:	98 13       	cpse	r25, r24
    65d2:	2c c0       	rjmp	.+88     	; 0x662c <__vector_20+0xa0>
    65d4:	80 91 8c 0f 	lds	r24, 0x0F8C	; 0x800f8c <UART_Comand_L>
    65d8:	81 11       	cpse	r24, r1
    65da:	28 c0       	rjmp	.+80     	; 0x662c <__vector_20+0xa0>
    65dc:	20 e0       	ldi	r18, 0x00	; 0
    65de:	40 91 83 10 	lds	r20, 0x1083	; 0x801083 <UART_In_Buff_L>
    65e2:	82 2f       	mov	r24, r18
    65e4:	90 e0       	ldi	r25, 0x00	; 0
    65e6:	50 e0       	ldi	r21, 0x00	; 0
    65e8:	fc 01       	movw	r30, r24
    65ea:	e8 5f       	subi	r30, 0xF8	; 248
    65ec:	ff 4e       	sbci	r31, 0xEF	; 239
    65ee:	84 17       	cp	r24, r20
    65f0:	95 07       	cpc	r25, r21
    65f2:	3c f4       	brge	.+14     	; 0x6602 <__vector_20+0x76>
    65f4:	dc 01       	movw	r26, r24
    65f6:	ae 5e       	subi	r26, 0xEE	; 238
    65f8:	b0 4f       	sbci	r27, 0xF0	; 240
    65fa:	8c 91       	ld	r24, X
    65fc:	80 83       	st	Z, r24
    65fe:	2f 5f       	subi	r18, 0xFF	; 255
    6600:	ee cf       	rjmp	.-36     	; 0x65de <__vector_20+0x52>
    6602:	10 82       	st	Z, r1
    6604:	20 93 8c 0f 	sts	0x0F8C, r18	; 0x800f8c <UART_Comand_L>
    6608:	11 c0       	rjmp	.+34     	; 0x662c <__vector_20+0xa0>
    660a:	88 23       	and	r24, r24
    660c:	89 f0       	breq	.+34     	; 0x6630 <__vector_20+0xa4>
    660e:	e0 91 83 10 	lds	r30, 0x1083	; 0x801083 <UART_In_Buff_L>
    6612:	f0 e0       	ldi	r31, 0x00	; 0
    6614:	ee 5e       	subi	r30, 0xEE	; 238
    6616:	f0 4f       	sbci	r31, 0xF0	; 240
    6618:	80 83       	st	Z, r24
    661a:	80 91 83 10 	lds	r24, 0x1083	; 0x801083 <UART_In_Buff_L>
    661e:	8f 5f       	subi	r24, 0xFF	; 255
    6620:	80 93 83 10 	sts	0x1083, r24	; 0x801083 <UART_In_Buff_L>
    6624:	80 91 83 10 	lds	r24, 0x1083	; 0x801083 <UART_In_Buff_L>
    6628:	89 37       	cpi	r24, 0x79	; 121
    662a:	10 f0       	brcs	.+4      	; 0x6630 <__vector_20+0xa4>
    662c:	10 92 83 10 	sts	0x1083, r1	; 0x801083 <UART_In_Buff_L>
    6630:	3f bf       	out	0x3f, r19	; 63
    6632:	ff 91       	pop	r31
    6634:	ef 91       	pop	r30
    6636:	bf 91       	pop	r27
    6638:	af 91       	pop	r26
    663a:	9f 91       	pop	r25
    663c:	8f 91       	pop	r24
    663e:	5f 91       	pop	r21
    6640:	4f 91       	pop	r20
    6642:	3f 91       	pop	r19
    6644:	2f 91       	pop	r18
    6646:	0f 90       	pop	r0
    6648:	0b be       	out	0x3b, r0	; 59
    664a:	0f 90       	pop	r0
    664c:	0f be       	out	0x3f, r0	; 63
    664e:	0f 90       	pop	r0
    6650:	1f 90       	pop	r1
    6652:	18 95       	reti

00006654 <__vector_22>:
    6654:	1f 92       	push	r1
    6656:	0f 92       	push	r0
    6658:	0f b6       	in	r0, 0x3f	; 63
    665a:	0f 92       	push	r0
    665c:	11 24       	eor	r1, r1
    665e:	0b b6       	in	r0, 0x3b	; 59
    6660:	0f 92       	push	r0
    6662:	2f 93       	push	r18
    6664:	8f 93       	push	r24
    6666:	9f 93       	push	r25
    6668:	ef 93       	push	r30
    666a:	ff 93       	push	r31
    666c:	9f b7       	in	r25, 0x3f	; 63
    666e:	20 91 8d 0f 	lds	r18, 0x0F8D	; 0x800f8d <UART_Reply_P>
    6672:	80 91 96 0e 	lds	r24, 0x0E96	; 0x800e96 <UART_Reply_L>
    6676:	28 17       	cp	r18, r24
    6678:	58 f0       	brcs	.+22     	; 0x6690 <__vector_22+0x3c>
    667a:	80 91 c1 00 	lds	r24, 0x00C1	; 0x8000c1 <__TEXT_REGION_LENGTH__+0x7e00c1>
    667e:	8f 7b       	andi	r24, 0xBF	; 191
    6680:	80 93 c1 00 	sts	0x00C1, r24	; 0x8000c1 <__TEXT_REGION_LENGTH__+0x7e00c1>
    6684:	5a 98       	cbi	0x0b, 2	; 11
    6686:	10 92 96 0e 	sts	0x0E96, r1	; 0x800e96 <UART_Reply_L>
    668a:	10 92 8d 0f 	sts	0x0F8D, r1	; 0x800f8d <UART_Reply_P>
    668e:	0d c0       	rjmp	.+26     	; 0x66aa <__vector_22+0x56>
    6690:	e0 91 8d 0f 	lds	r30, 0x0F8D	; 0x800f8d <UART_Reply_P>
    6694:	f0 e0       	ldi	r31, 0x00	; 0
    6696:	e2 57       	subi	r30, 0x72	; 114
    6698:	f0 4f       	sbci	r31, 0xF0	; 240
    669a:	80 81       	ld	r24, Z
    669c:	80 93 c6 00 	sts	0x00C6, r24	; 0x8000c6 <__TEXT_REGION_LENGTH__+0x7e00c6>
    66a0:	80 91 8d 0f 	lds	r24, 0x0F8D	; 0x800f8d <UART_Reply_P>
    66a4:	8f 5f       	subi	r24, 0xFF	; 255
    66a6:	80 93 8d 0f 	sts	0x0F8D, r24	; 0x800f8d <UART_Reply_P>
    66aa:	9f bf       	out	0x3f, r25	; 63
    66ac:	ff 91       	pop	r31
    66ae:	ef 91       	pop	r30
    66b0:	9f 91       	pop	r25
    66b2:	8f 91       	pop	r24
    66b4:	2f 91       	pop	r18
    66b6:	0f 90       	pop	r0
    66b8:	0b be       	out	0x3b, r0	; 59
    66ba:	0f 90       	pop	r0
    66bc:	0f be       	out	0x3f, r0	; 63
    66be:	0f 90       	pop	r0
    66c0:	1f 90       	pop	r1
    66c2:	18 95       	reti

000066c4 <__vector_13>:
    66c4:	1f 92       	push	r1
    66c6:	0f 92       	push	r0
    66c8:	0f b6       	in	r0, 0x3f	; 63
    66ca:	0f 92       	push	r0
    66cc:	11 24       	eor	r1, r1
    66ce:	2f 93       	push	r18
    66d0:	4f 93       	push	r20
    66d2:	5f 93       	push	r21
    66d4:	8f 93       	push	r24
    66d6:	9f 93       	push	r25
    66d8:	2f b7       	in	r18, 0x3f	; 63
    66da:	80 91 29 14 	lds	r24, 0x1429	; 0x801429 <Timer_CTR>
    66de:	80 ff       	sbrs	r24, 0
    66e0:	05 c0       	rjmp	.+10     	; 0x66ec <__vector_13+0x28>
    66e2:	80 91 1e 14 	lds	r24, 0x141E	; 0x80141e <SysStatus_B>
    66e6:	81 60       	ori	r24, 0x01	; 1
    66e8:	80 93 1e 14 	sts	0x141E, r24	; 0x80141e <SysStatus_B>
    66ec:	80 91 29 14 	lds	r24, 0x1429	; 0x801429 <Timer_CTR>
    66f0:	81 60       	ori	r24, 0x01	; 1
    66f2:	80 93 29 14 	sts	0x1429, r24	; 0x801429 <Timer_CTR>
    66f6:	80 91 2b 14 	lds	r24, 0x142B	; 0x80142b <Timer_Control_Counter>
    66fa:	8f 5f       	subi	r24, 0xFF	; 255
    66fc:	80 93 2b 14 	sts	0x142B, r24	; 0x80142b <Timer_Control_Counter>
    6700:	90 91 2b 14 	lds	r25, 0x142B	; 0x80142b <Timer_Control_Counter>
    6704:	80 91 28 14 	lds	r24, 0x1428	; 0x801428 <Timer_Control_Match>
    6708:	98 13       	cpse	r25, r24
    670a:	07 c0       	rjmp	.+14     	; 0x671a <__vector_13+0x56>
    670c:	80 91 29 14 	lds	r24, 0x1429	; 0x801429 <Timer_CTR>
    6710:	82 60       	ori	r24, 0x02	; 2
    6712:	80 93 29 14 	sts	0x1429, r24	; 0x801429 <Timer_CTR>
    6716:	10 92 2b 14 	sts	0x142B, r1	; 0x80142b <Timer_Control_Counter>
    671a:	80 91 1b 14 	lds	r24, 0x141B	; 0x80141b <Timer_Temp_Meas_Counter>
    671e:	90 91 1c 14 	lds	r25, 0x141C	; 0x80141c <Timer_Temp_Meas_Counter+0x1>
    6722:	01 96       	adiw	r24, 0x01	; 1
    6724:	90 93 1c 14 	sts	0x141C, r25	; 0x80141c <Timer_Temp_Meas_Counter+0x1>
    6728:	80 93 1b 14 	sts	0x141B, r24	; 0x80141b <Timer_Temp_Meas_Counter>
    672c:	80 91 22 14 	lds	r24, 0x1422	; 0x801422 <Timer_Temp_Meas_Match>
    6730:	40 91 1b 14 	lds	r20, 0x141B	; 0x80141b <Timer_Temp_Meas_Counter>
    6734:	50 91 1c 14 	lds	r21, 0x141C	; 0x80141c <Timer_Temp_Meas_Counter+0x1>
    6738:	90 e0       	ldi	r25, 0x00	; 0
    673a:	84 17       	cp	r24, r20
    673c:	95 07       	cpc	r25, r21
    673e:	49 f4       	brne	.+18     	; 0x6752 <__vector_13+0x8e>
    6740:	80 91 29 14 	lds	r24, 0x1429	; 0x801429 <Timer_CTR>
    6744:	88 60       	ori	r24, 0x08	; 8
    6746:	80 93 29 14 	sts	0x1429, r24	; 0x801429 <Timer_CTR>
    674a:	10 92 1c 14 	sts	0x141C, r1	; 0x80141c <Timer_Temp_Meas_Counter+0x1>
    674e:	10 92 1b 14 	sts	0x141B, r1	; 0x80141b <Timer_Temp_Meas_Counter>
    6752:	2f bf       	out	0x3f, r18	; 63
    6754:	9f 91       	pop	r25
    6756:	8f 91       	pop	r24
    6758:	5f 91       	pop	r21
    675a:	4f 91       	pop	r20
    675c:	2f 91       	pop	r18
    675e:	0f 90       	pop	r0
    6760:	0f be       	out	0x3f, r0	; 63
    6762:	0f 90       	pop	r0
    6764:	1f 90       	pop	r1
    6766:	18 95       	reti

00006768 <Process_Operating_Temperature_State>:
    6768:	80 91 1a 14 	lds	r24, 0x141A	; 0x80141a <SysStatus_A>
    676c:	86 ff       	sbrs	r24, 6
    676e:	2d c0       	rjmp	.+90     	; 0x67ca <Process_Operating_Temperature_State+0x62>
    6770:	60 91 9f 10 	lds	r22, 0x109F	; 0x80109f <AI_NTC_Temp_1>
    6774:	70 91 a0 10 	lds	r23, 0x10A0	; 0x8010a0 <AI_NTC_Temp_1+0x1>
    6778:	80 91 a1 10 	lds	r24, 0x10A1	; 0x8010a1 <AI_NTC_Temp_1+0x2>
    677c:	90 91 a2 10 	lds	r25, 0x10A2	; 0x8010a2 <AI_NTC_Temp_1+0x3>
    6780:	20 91 62 14 	lds	r18, 0x1462	; 0x801462 <Temp_NTC1_MIN_ReCon>
    6784:	30 91 63 14 	lds	r19, 0x1463	; 0x801463 <Temp_NTC1_MIN_ReCon+0x1>
    6788:	40 91 64 14 	lds	r20, 0x1464	; 0x801464 <Temp_NTC1_MIN_ReCon+0x2>
    678c:	50 91 65 14 	lds	r21, 0x1465	; 0x801465 <Temp_NTC1_MIN_ReCon+0x3>
    6790:	0e 94 e1 47 	call	0x8fc2	; 0x8fc2 <__gesf2>
    6794:	18 16       	cp	r1, r24
    6796:	0c f0       	brlt	.+2      	; 0x679a <Process_Operating_Temperature_State+0x32>
    6798:	45 c0       	rjmp	.+138    	; 0x6824 <Process_Operating_Temperature_State+0xbc>
    679a:	60 91 9f 10 	lds	r22, 0x109F	; 0x80109f <AI_NTC_Temp_1>
    679e:	70 91 a0 10 	lds	r23, 0x10A0	; 0x8010a0 <AI_NTC_Temp_1+0x1>
    67a2:	80 91 a1 10 	lds	r24, 0x10A1	; 0x8010a1 <AI_NTC_Temp_1+0x2>
    67a6:	90 91 a2 10 	lds	r25, 0x10A2	; 0x8010a2 <AI_NTC_Temp_1+0x3>
    67aa:	20 91 6e 14 	lds	r18, 0x146E	; 0x80146e <Temp_NTC1_MAX_ReCon>
    67ae:	30 91 6f 14 	lds	r19, 0x146F	; 0x80146f <Temp_NTC1_MAX_ReCon+0x1>
    67b2:	40 91 70 14 	lds	r20, 0x1470	; 0x801470 <Temp_NTC1_MAX_ReCon+0x2>
    67b6:	50 91 71 14 	lds	r21, 0x1471	; 0x801471 <Temp_NTC1_MAX_ReCon+0x3>
    67ba:	0e 94 3c 46 	call	0x8c78	; 0x8c78 <__cmpsf2>
    67be:	87 ff       	sbrs	r24, 7
    67c0:	31 c0       	rjmp	.+98     	; 0x6824 <Process_Operating_Temperature_State+0xbc>
    67c2:	80 91 1a 14 	lds	r24, 0x141A	; 0x80141a <SysStatus_A>
    67c6:	8f 7b       	andi	r24, 0xBF	; 191
    67c8:	2b c0       	rjmp	.+86     	; 0x6820 <Process_Operating_Temperature_State+0xb8>
    67ca:	60 91 9f 10 	lds	r22, 0x109F	; 0x80109f <AI_NTC_Temp_1>
    67ce:	70 91 a0 10 	lds	r23, 0x10A0	; 0x8010a0 <AI_NTC_Temp_1+0x1>
    67d2:	80 91 a1 10 	lds	r24, 0x10A1	; 0x8010a1 <AI_NTC_Temp_1+0x2>
    67d6:	90 91 a2 10 	lds	r25, 0x10A2	; 0x8010a2 <AI_NTC_Temp_1+0x3>
    67da:	20 91 9b 14 	lds	r18, 0x149B	; 0x80149b <Temp_NTC1_MIN_DisCon>
    67de:	30 91 9c 14 	lds	r19, 0x149C	; 0x80149c <Temp_NTC1_MIN_DisCon+0x1>
    67e2:	40 91 9d 14 	lds	r20, 0x149D	; 0x80149d <Temp_NTC1_MIN_DisCon+0x2>
    67e6:	50 91 9e 14 	lds	r21, 0x149E	; 0x80149e <Temp_NTC1_MIN_DisCon+0x3>
    67ea:	0e 94 3c 46 	call	0x8c78	; 0x8c78 <__cmpsf2>
    67ee:	87 fd       	sbrc	r24, 7
    67f0:	14 c0       	rjmp	.+40     	; 0x681a <Process_Operating_Temperature_State+0xb2>
    67f2:	60 91 9f 10 	lds	r22, 0x109F	; 0x80109f <AI_NTC_Temp_1>
    67f6:	70 91 a0 10 	lds	r23, 0x10A0	; 0x8010a0 <AI_NTC_Temp_1+0x1>
    67fa:	80 91 a1 10 	lds	r24, 0x10A1	; 0x8010a1 <AI_NTC_Temp_1+0x2>
    67fe:	90 91 a2 10 	lds	r25, 0x10A2	; 0x8010a2 <AI_NTC_Temp_1+0x3>
    6802:	20 91 59 14 	lds	r18, 0x1459	; 0x801459 <Temp_NTC1_MAX_DisCon>
    6806:	30 91 5a 14 	lds	r19, 0x145A	; 0x80145a <Temp_NTC1_MAX_DisCon+0x1>
    680a:	40 91 5b 14 	lds	r20, 0x145B	; 0x80145b <Temp_NTC1_MAX_DisCon+0x2>
    680e:	50 91 5c 14 	lds	r21, 0x145C	; 0x80145c <Temp_NTC1_MAX_DisCon+0x3>
    6812:	0e 94 e1 47 	call	0x8fc2	; 0x8fc2 <__gesf2>
    6816:	18 16       	cp	r1, r24
    6818:	2c f4       	brge	.+10     	; 0x6824 <Process_Operating_Temperature_State+0xbc>
    681a:	80 91 1a 14 	lds	r24, 0x141A	; 0x80141a <SysStatus_A>
    681e:	80 64       	ori	r24, 0x40	; 64
    6820:	80 93 1a 14 	sts	0x141A, r24	; 0x80141a <SysStatus_A>
    6824:	80 91 1a 14 	lds	r24, 0x141A	; 0x80141a <SysStatus_A>
    6828:	87 ff       	sbrs	r24, 7
    682a:	2d c0       	rjmp	.+90     	; 0x6886 <Process_Operating_Temperature_State+0x11e>
    682c:	60 91 0d 14 	lds	r22, 0x140D	; 0x80140d <AI_NTC_Temp_2>
    6830:	70 91 0e 14 	lds	r23, 0x140E	; 0x80140e <AI_NTC_Temp_2+0x1>
    6834:	80 91 0f 14 	lds	r24, 0x140F	; 0x80140f <AI_NTC_Temp_2+0x2>
    6838:	90 91 10 14 	lds	r25, 0x1410	; 0x801410 <AI_NTC_Temp_2+0x3>
    683c:	20 91 c8 14 	lds	r18, 0x14C8	; 0x8014c8 <Temp_NTC2_MIN_ReCon>
    6840:	30 91 c9 14 	lds	r19, 0x14C9	; 0x8014c9 <Temp_NTC2_MIN_ReCon+0x1>
    6844:	40 91 ca 14 	lds	r20, 0x14CA	; 0x8014ca <Temp_NTC2_MIN_ReCon+0x2>
    6848:	50 91 cb 14 	lds	r21, 0x14CB	; 0x8014cb <Temp_NTC2_MIN_ReCon+0x3>
    684c:	0e 94 e1 47 	call	0x8fc2	; 0x8fc2 <__gesf2>
    6850:	18 16       	cp	r1, r24
    6852:	0c f0       	brlt	.+2      	; 0x6856 <Process_Operating_Temperature_State+0xee>
    6854:	45 c0       	rjmp	.+138    	; 0x68e0 <Process_Operating_Temperature_State+0x178>
    6856:	60 91 0d 14 	lds	r22, 0x140D	; 0x80140d <AI_NTC_Temp_2>
    685a:	70 91 0e 14 	lds	r23, 0x140E	; 0x80140e <AI_NTC_Temp_2+0x1>
    685e:	80 91 0f 14 	lds	r24, 0x140F	; 0x80140f <AI_NTC_Temp_2+0x2>
    6862:	90 91 10 14 	lds	r25, 0x1410	; 0x801410 <AI_NTC_Temp_2+0x3>
    6866:	20 91 97 14 	lds	r18, 0x1497	; 0x801497 <Temp_NTC2_MAX_ReCon>
    686a:	30 91 98 14 	lds	r19, 0x1498	; 0x801498 <Temp_NTC2_MAX_ReCon+0x1>
    686e:	40 91 99 14 	lds	r20, 0x1499	; 0x801499 <Temp_NTC2_MAX_ReCon+0x2>
    6872:	50 91 9a 14 	lds	r21, 0x149A	; 0x80149a <Temp_NTC2_MAX_ReCon+0x3>
    6876:	0e 94 3c 46 	call	0x8c78	; 0x8c78 <__cmpsf2>
    687a:	87 ff       	sbrs	r24, 7
    687c:	31 c0       	rjmp	.+98     	; 0x68e0 <Process_Operating_Temperature_State+0x178>
    687e:	80 91 1a 14 	lds	r24, 0x141A	; 0x80141a <SysStatus_A>
    6882:	8f 77       	andi	r24, 0x7F	; 127
    6884:	2b c0       	rjmp	.+86     	; 0x68dc <Process_Operating_Temperature_State+0x174>
    6886:	60 91 0d 14 	lds	r22, 0x140D	; 0x80140d <AI_NTC_Temp_2>
    688a:	70 91 0e 14 	lds	r23, 0x140E	; 0x80140e <AI_NTC_Temp_2+0x1>
    688e:	80 91 0f 14 	lds	r24, 0x140F	; 0x80140f <AI_NTC_Temp_2+0x2>
    6892:	90 91 10 14 	lds	r25, 0x1410	; 0x801410 <AI_NTC_Temp_2+0x3>
    6896:	20 91 8b 14 	lds	r18, 0x148B	; 0x80148b <Temp_NTC2_MIN_DisCon>
    689a:	30 91 8c 14 	lds	r19, 0x148C	; 0x80148c <Temp_NTC2_MIN_DisCon+0x1>
    689e:	40 91 8d 14 	lds	r20, 0x148D	; 0x80148d <Temp_NTC2_MIN_DisCon+0x2>
    68a2:	50 91 8e 14 	lds	r21, 0x148E	; 0x80148e <Temp_NTC2_MIN_DisCon+0x3>
    68a6:	0e 94 3c 46 	call	0x8c78	; 0x8c78 <__cmpsf2>
    68aa:	87 fd       	sbrc	r24, 7
    68ac:	14 c0       	rjmp	.+40     	; 0x68d6 <Process_Operating_Temperature_State+0x16e>
    68ae:	60 91 0d 14 	lds	r22, 0x140D	; 0x80140d <AI_NTC_Temp_2>
    68b2:	70 91 0e 14 	lds	r23, 0x140E	; 0x80140e <AI_NTC_Temp_2+0x1>
    68b6:	80 91 0f 14 	lds	r24, 0x140F	; 0x80140f <AI_NTC_Temp_2+0x2>
    68ba:	90 91 10 14 	lds	r25, 0x1410	; 0x801410 <AI_NTC_Temp_2+0x3>
    68be:	20 91 31 14 	lds	r18, 0x1431	; 0x801431 <Temp_NTC2_MAX_DisCon>
    68c2:	30 91 32 14 	lds	r19, 0x1432	; 0x801432 <Temp_NTC2_MAX_DisCon+0x1>
    68c6:	40 91 33 14 	lds	r20, 0x1433	; 0x801433 <Temp_NTC2_MAX_DisCon+0x2>
    68ca:	50 91 34 14 	lds	r21, 0x1434	; 0x801434 <Temp_NTC2_MAX_DisCon+0x3>
    68ce:	0e 94 e1 47 	call	0x8fc2	; 0x8fc2 <__gesf2>
    68d2:	18 16       	cp	r1, r24
    68d4:	2c f4       	brge	.+10     	; 0x68e0 <Process_Operating_Temperature_State+0x178>
    68d6:	80 91 1a 14 	lds	r24, 0x141A	; 0x80141a <SysStatus_A>
    68da:	80 68       	ori	r24, 0x80	; 128
    68dc:	80 93 1a 14 	sts	0x141A, r24	; 0x80141a <SysStatus_A>
    68e0:	08 95       	ret

000068e2 <Process_Bias_Voltage_State>:
    68e2:	60 91 09 14 	lds	r22, 0x1409	; 0x801409 <AI_Bias>
    68e6:	70 91 0a 14 	lds	r23, 0x140A	; 0x80140a <AI_Bias+0x1>
    68ea:	80 91 0b 14 	lds	r24, 0x140B	; 0x80140b <AI_Bias+0x2>
    68ee:	90 91 0c 14 	lds	r25, 0x140C	; 0x80140c <AI_Bias+0x3>
    68f2:	20 91 b2 02 	lds	r18, 0x02B2	; 0x8002b2 <BiasV_Range_Min>
    68f6:	30 91 b3 02 	lds	r19, 0x02B3	; 0x8002b3 <BiasV_Range_Min+0x1>
    68fa:	40 91 b4 02 	lds	r20, 0x02B4	; 0x8002b4 <BiasV_Range_Min+0x2>
    68fe:	50 91 b5 02 	lds	r21, 0x02B5	; 0x8002b5 <BiasV_Range_Min+0x3>
    6902:	0e 94 3c 46 	call	0x8c78	; 0x8c78 <__cmpsf2>
    6906:	87 fd       	sbrc	r24, 7
    6908:	14 c0       	rjmp	.+40     	; 0x6932 <Process_Bias_Voltage_State+0x50>
    690a:	60 91 09 14 	lds	r22, 0x1409	; 0x801409 <AI_Bias>
    690e:	70 91 0a 14 	lds	r23, 0x140A	; 0x80140a <AI_Bias+0x1>
    6912:	80 91 0b 14 	lds	r24, 0x140B	; 0x80140b <AI_Bias+0x2>
    6916:	90 91 0c 14 	lds	r25, 0x140C	; 0x80140c <AI_Bias+0x3>
    691a:	20 91 a2 02 	lds	r18, 0x02A2	; 0x8002a2 <__data_end>
    691e:	30 91 a3 02 	lds	r19, 0x02A3	; 0x8002a3 <__data_end+0x1>
    6922:	40 91 a4 02 	lds	r20, 0x02A4	; 0x8002a4 <__data_end+0x2>
    6926:	50 91 a5 02 	lds	r21, 0x02A5	; 0x8002a5 <__data_end+0x3>
    692a:	0e 94 e1 47 	call	0x8fc2	; 0x8fc2 <__gesf2>
    692e:	18 16       	cp	r1, r24
    6930:	8c f4       	brge	.+34     	; 0x6954 <Process_Bias_Voltage_State+0x72>
    6932:	80 91 52 14 	lds	r24, 0x1452	; 0x801452 <BiasV_Error_Delay_Counter>
    6936:	88 23       	and	r24, r24
    6938:	21 f0       	breq	.+8      	; 0x6942 <Process_Bias_Voltage_State+0x60>
    693a:	80 91 52 14 	lds	r24, 0x1452	; 0x801452 <BiasV_Error_Delay_Counter>
    693e:	81 50       	subi	r24, 0x01	; 1
    6940:	19 c0       	rjmp	.+50     	; 0x6974 <Process_Bias_Voltage_State+0x92>
    6942:	80 91 1a 14 	lds	r24, 0x141A	; 0x80141a <SysStatus_A>
    6946:	80 62       	ori	r24, 0x20	; 32
    6948:	80 93 1a 14 	sts	0x141A, r24	; 0x80141a <SysStatus_A>
    694c:	88 ec       	ldi	r24, 0xC8	; 200
    694e:	80 93 a8 14 	sts	0x14A8, r24	; 0x8014a8 <BiasV_Error_Timout_Counter>
    6952:	08 95       	ret
    6954:	80 91 a8 14 	lds	r24, 0x14A8	; 0x8014a8 <BiasV_Error_Timout_Counter>
    6958:	88 23       	and	r24, r24
    695a:	31 f0       	breq	.+12     	; 0x6968 <Process_Bias_Voltage_State+0x86>
    695c:	80 91 a8 14 	lds	r24, 0x14A8	; 0x8014a8 <BiasV_Error_Timout_Counter>
    6960:	81 50       	subi	r24, 0x01	; 1
    6962:	80 93 a8 14 	sts	0x14A8, r24	; 0x8014a8 <BiasV_Error_Timout_Counter>
    6966:	05 c0       	rjmp	.+10     	; 0x6972 <Process_Bias_Voltage_State+0x90>
    6968:	80 91 1a 14 	lds	r24, 0x141A	; 0x80141a <SysStatus_A>
    696c:	8f 7d       	andi	r24, 0xDF	; 223
    696e:	80 93 1a 14 	sts	0x141A, r24	; 0x80141a <SysStatus_A>
    6972:	84 e1       	ldi	r24, 0x14	; 20
    6974:	80 93 52 14 	sts	0x1452, r24	; 0x801452 <BiasV_Error_Delay_Counter>
    6978:	08 95       	ret

0000697a <Process_Fan_Control>:
    697a:	80 91 c3 14 	lds	r24, 0x14C3	; 0x8014c3 <FAN_CTR_State>
    697e:	87 fd       	sbrc	r24, 7
    6980:	a7 c0       	rjmp	.+334    	; 0x6ad0 <Process_Fan_Control+0x156>
    6982:	80 91 53 14 	lds	r24, 0x1453	; 0x801453 <FAN_Switch_Counter>
    6986:	90 91 54 14 	lds	r25, 0x1454	; 0x801454 <FAN_Switch_Counter+0x1>
    698a:	89 2b       	or	r24, r25
    698c:	49 f0       	breq	.+18     	; 0x69a0 <Process_Fan_Control+0x26>
    698e:	80 91 53 14 	lds	r24, 0x1453	; 0x801453 <FAN_Switch_Counter>
    6992:	90 91 54 14 	lds	r25, 0x1454	; 0x801454 <FAN_Switch_Counter+0x1>
    6996:	01 97       	sbiw	r24, 0x01	; 1
    6998:	90 93 54 14 	sts	0x1454, r25	; 0x801454 <FAN_Switch_Counter+0x1>
    699c:	80 93 53 14 	sts	0x1453, r24	; 0x801453 <FAN_Switch_Counter>
    69a0:	80 91 c3 14 	lds	r24, 0x14C3	; 0x8014c3 <FAN_CTR_State>
    69a4:	80 fd       	sbrc	r24, 0
    69a6:	49 c0       	rjmp	.+146    	; 0x6a3a <Process_Fan_Control+0xc0>
    69a8:	60 91 0d 14 	lds	r22, 0x140D	; 0x80140d <AI_NTC_Temp_2>
    69ac:	70 91 0e 14 	lds	r23, 0x140E	; 0x80140e <AI_NTC_Temp_2+0x1>
    69b0:	80 91 0f 14 	lds	r24, 0x140F	; 0x80140f <AI_NTC_Temp_2+0x2>
    69b4:	90 91 10 14 	lds	r25, 0x1410	; 0x801410 <AI_NTC_Temp_2+0x3>
    69b8:	20 91 6a 14 	lds	r18, 0x146A	; 0x80146a <FAN_NTC2_T_On>
    69bc:	30 91 6b 14 	lds	r19, 0x146B	; 0x80146b <FAN_NTC2_T_On+0x1>
    69c0:	40 91 6c 14 	lds	r20, 0x146C	; 0x80146c <FAN_NTC2_T_On+0x2>
    69c4:	50 91 6d 14 	lds	r21, 0x146D	; 0x80146d <FAN_NTC2_T_On+0x3>
    69c8:	0e 94 e1 47 	call	0x8fc2	; 0x8fc2 <__gesf2>
    69cc:	18 16       	cp	r1, r24
    69ce:	44 f1       	brlt	.+80     	; 0x6a20 <Process_Fan_Control+0xa6>
    69d0:	60 91 9f 10 	lds	r22, 0x109F	; 0x80109f <AI_NTC_Temp_1>
    69d4:	70 91 a0 10 	lds	r23, 0x10A0	; 0x8010a0 <AI_NTC_Temp_1+0x1>
    69d8:	80 91 a1 10 	lds	r24, 0x10A1	; 0x8010a1 <AI_NTC_Temp_1+0x2>
    69dc:	90 91 a2 10 	lds	r25, 0x10A2	; 0x8010a2 <AI_NTC_Temp_1+0x3>
    69e0:	20 91 4a 14 	lds	r18, 0x144A	; 0x80144a <FAN_NTC1_T_On>
    69e4:	30 91 4b 14 	lds	r19, 0x144B	; 0x80144b <FAN_NTC1_T_On+0x1>
    69e8:	40 91 4c 14 	lds	r20, 0x144C	; 0x80144c <FAN_NTC1_T_On+0x2>
    69ec:	50 91 4d 14 	lds	r21, 0x144D	; 0x80144d <FAN_NTC1_T_On+0x3>
    69f0:	0e 94 e1 47 	call	0x8fc2	; 0x8fc2 <__gesf2>
    69f4:	18 16       	cp	r1, r24
    69f6:	a4 f0       	brlt	.+40     	; 0x6a20 <Process_Fan_Control+0xa6>
    69f8:	60 91 cc 14 	lds	r22, 0x14CC	; 0x8014cc <PV_Active_Load_Power>
    69fc:	70 91 cd 14 	lds	r23, 0x14CD	; 0x8014cd <PV_Active_Load_Power+0x1>
    6a00:	80 91 ce 14 	lds	r24, 0x14CE	; 0x8014ce <PV_Active_Load_Power+0x2>
    6a04:	90 91 cf 14 	lds	r25, 0x14CF	; 0x8014cf <PV_Active_Load_Power+0x3>
    6a08:	20 91 82 14 	lds	r18, 0x1482	; 0x801482 <FAN_Power_On>
    6a0c:	30 91 83 14 	lds	r19, 0x1483	; 0x801483 <FAN_Power_On+0x1>
    6a10:	40 91 84 14 	lds	r20, 0x1484	; 0x801484 <FAN_Power_On+0x2>
    6a14:	50 91 85 14 	lds	r21, 0x1485	; 0x801485 <FAN_Power_On+0x3>
    6a18:	0e 94 e1 47 	call	0x8fc2	; 0x8fc2 <__gesf2>
    6a1c:	18 16       	cp	r1, r24
    6a1e:	6c f4       	brge	.+26     	; 0x6a3a <Process_Fan_Control+0xc0>
    6a20:	80 91 c3 14 	lds	r24, 0x14C3	; 0x8014c3 <FAN_CTR_State>
    6a24:	82 60       	ori	r24, 0x02	; 2
    6a26:	80 93 c3 14 	sts	0x14C3, r24	; 0x8014c3 <FAN_CTR_State>
    6a2a:	80 91 9f 14 	lds	r24, 0x149F	; 0x80149f <FAN_Switch_Timer_Max>
    6a2e:	90 91 a0 14 	lds	r25, 0x14A0	; 0x8014a0 <FAN_Switch_Timer_Max+0x1>
    6a32:	90 93 54 14 	sts	0x1454, r25	; 0x801454 <FAN_Switch_Counter+0x1>
    6a36:	80 93 53 14 	sts	0x1453, r24	; 0x801453 <FAN_Switch_Counter>
    6a3a:	80 91 c3 14 	lds	r24, 0x14C3	; 0x8014c3 <FAN_CTR_State>
    6a3e:	80 ff       	sbrs	r24, 0
    6a40:	47 c0       	rjmp	.+142    	; 0x6ad0 <Process_Fan_Control+0x156>
    6a42:	60 91 0d 14 	lds	r22, 0x140D	; 0x80140d <AI_NTC_Temp_2>
    6a46:	70 91 0e 14 	lds	r23, 0x140E	; 0x80140e <AI_NTC_Temp_2+0x1>
    6a4a:	80 91 0f 14 	lds	r24, 0x140F	; 0x80140f <AI_NTC_Temp_2+0x2>
    6a4e:	90 91 10 14 	lds	r25, 0x1410	; 0x801410 <AI_NTC_Temp_2+0x3>
    6a52:	20 91 c4 14 	lds	r18, 0x14C4	; 0x8014c4 <FAN_NTC2_T_Off>
    6a56:	30 91 c5 14 	lds	r19, 0x14C5	; 0x8014c5 <FAN_NTC2_T_Off+0x1>
    6a5a:	40 91 c6 14 	lds	r20, 0x14C6	; 0x8014c6 <FAN_NTC2_T_Off+0x2>
    6a5e:	50 91 c7 14 	lds	r21, 0x14C7	; 0x8014c7 <FAN_NTC2_T_Off+0x3>
    6a62:	0e 94 3c 46 	call	0x8c78	; 0x8c78 <__cmpsf2>
    6a66:	87 ff       	sbrs	r24, 7
    6a68:	33 c0       	rjmp	.+102    	; 0x6ad0 <Process_Fan_Control+0x156>
    6a6a:	60 91 9f 10 	lds	r22, 0x109F	; 0x80109f <AI_NTC_Temp_1>
    6a6e:	70 91 a0 10 	lds	r23, 0x10A0	; 0x8010a0 <AI_NTC_Temp_1+0x1>
    6a72:	80 91 a1 10 	lds	r24, 0x10A1	; 0x8010a1 <AI_NTC_Temp_1+0x2>
    6a76:	90 91 a2 10 	lds	r25, 0x10A2	; 0x8010a2 <AI_NTC_Temp_1+0x3>
    6a7a:	20 91 7a 14 	lds	r18, 0x147A	; 0x80147a <FAN_NTC1_T_Off>
    6a7e:	30 91 7b 14 	lds	r19, 0x147B	; 0x80147b <FAN_NTC1_T_Off+0x1>
    6a82:	40 91 7c 14 	lds	r20, 0x147C	; 0x80147c <FAN_NTC1_T_Off+0x2>
    6a86:	50 91 7d 14 	lds	r21, 0x147D	; 0x80147d <FAN_NTC1_T_Off+0x3>
    6a8a:	0e 94 3c 46 	call	0x8c78	; 0x8c78 <__cmpsf2>
    6a8e:	87 ff       	sbrs	r24, 7
    6a90:	1f c0       	rjmp	.+62     	; 0x6ad0 <Process_Fan_Control+0x156>
    6a92:	60 91 cc 14 	lds	r22, 0x14CC	; 0x8014cc <PV_Active_Load_Power>
    6a96:	70 91 cd 14 	lds	r23, 0x14CD	; 0x8014cd <PV_Active_Load_Power+0x1>
    6a9a:	80 91 ce 14 	lds	r24, 0x14CE	; 0x8014ce <PV_Active_Load_Power+0x2>
    6a9e:	90 91 cf 14 	lds	r25, 0x14CF	; 0x8014cf <PV_Active_Load_Power+0x3>
    6aa2:	20 91 72 14 	lds	r18, 0x1472	; 0x801472 <FAN_Power_Off>
    6aa6:	30 91 73 14 	lds	r19, 0x1473	; 0x801473 <FAN_Power_Off+0x1>
    6aaa:	40 91 74 14 	lds	r20, 0x1474	; 0x801474 <FAN_Power_Off+0x2>
    6aae:	50 91 75 14 	lds	r21, 0x1475	; 0x801475 <FAN_Power_Off+0x3>
    6ab2:	0e 94 3c 46 	call	0x8c78	; 0x8c78 <__cmpsf2>
    6ab6:	87 ff       	sbrs	r24, 7
    6ab8:	0b c0       	rjmp	.+22     	; 0x6ad0 <Process_Fan_Control+0x156>
    6aba:	80 91 53 14 	lds	r24, 0x1453	; 0x801453 <FAN_Switch_Counter>
    6abe:	90 91 54 14 	lds	r25, 0x1454	; 0x801454 <FAN_Switch_Counter+0x1>
    6ac2:	89 2b       	or	r24, r25
    6ac4:	29 f4       	brne	.+10     	; 0x6ad0 <Process_Fan_Control+0x156>
    6ac6:	80 91 c3 14 	lds	r24, 0x14C3	; 0x8014c3 <FAN_CTR_State>
    6aca:	8d 7f       	andi	r24, 0xFD	; 253
    6acc:	80 93 c3 14 	sts	0x14C3, r24	; 0x8014c3 <FAN_CTR_State>
    6ad0:	80 91 c3 14 	lds	r24, 0x14C3	; 0x8014c3 <FAN_CTR_State>
    6ad4:	81 ff       	sbrs	r24, 1
    6ad6:	04 c0       	rjmp	.+8      	; 0x6ae0 <Process_Fan_Control+0x166>
    6ad8:	80 91 c3 14 	lds	r24, 0x14C3	; 0x8014c3 <FAN_CTR_State>
    6adc:	80 ff       	sbrs	r24, 0
    6ade:	08 c0       	rjmp	.+16     	; 0x6af0 <Process_Fan_Control+0x176>
    6ae0:	80 91 c3 14 	lds	r24, 0x14C3	; 0x8014c3 <FAN_CTR_State>
    6ae4:	81 fd       	sbrc	r24, 1
    6ae6:	1d c0       	rjmp	.+58     	; 0x6b22 <Process_Fan_Control+0x1a8>
    6ae8:	80 91 c3 14 	lds	r24, 0x14C3	; 0x8014c3 <FAN_CTR_State>
    6aec:	80 ff       	sbrs	r24, 0
    6aee:	19 c0       	rjmp	.+50     	; 0x6b22 <Process_Fan_Control+0x1a8>
    6af0:	80 91 c3 14 	lds	r24, 0x14C3	; 0x8014c3 <FAN_CTR_State>
    6af4:	81 ff       	sbrs	r24, 1
    6af6:	06 c0       	rjmp	.+12     	; 0x6b04 <Process_Fan_Control+0x18a>
    6af8:	16 98       	cbi	0x02, 6	; 2
    6afa:	17 9a       	sbi	0x02, 7	; 2
    6afc:	80 91 c3 14 	lds	r24, 0x14C3	; 0x8014c3 <FAN_CTR_State>
    6b00:	81 60       	ori	r24, 0x01	; 1
    6b02:	05 c0       	rjmp	.+10     	; 0x6b0e <Process_Fan_Control+0x194>
    6b04:	16 9a       	sbi	0x02, 6	; 2
    6b06:	17 98       	cbi	0x02, 7	; 2
    6b08:	80 91 c3 14 	lds	r24, 0x14C3	; 0x8014c3 <FAN_CTR_State>
    6b0c:	8e 7f       	andi	r24, 0xFE	; 254
    6b0e:	80 93 c3 14 	sts	0x14C3, r24	; 0x8014c3 <FAN_CTR_State>
    6b12:	8f e1       	ldi	r24, 0x1F	; 31
    6b14:	9e e4       	ldi	r25, 0x4E	; 78
    6b16:	01 97       	sbiw	r24, 0x01	; 1
    6b18:	f1 f7       	brne	.-4      	; 0x6b16 <Process_Fan_Control+0x19c>
    6b1a:	00 c0       	rjmp	.+0      	; 0x6b1c <Process_Fan_Control+0x1a2>
    6b1c:	00 00       	nop
    6b1e:	16 9a       	sbi	0x02, 6	; 2
    6b20:	17 9a       	sbi	0x02, 7	; 2
    6b22:	08 95       	ret

00006b24 <Reset_Fan_Control>:
    6b24:	10 92 54 14 	sts	0x1454, r1	; 0x801454 <FAN_Switch_Counter+0x1>
    6b28:	10 92 53 14 	sts	0x1453, r1	; 0x801453 <FAN_Switch_Counter>
    6b2c:	16 9a       	sbi	0x02, 6	; 2
    6b2e:	17 98       	cbi	0x02, 7	; 2
    6b30:	80 91 c3 14 	lds	r24, 0x14C3	; 0x8014c3 <FAN_CTR_State>
    6b34:	8e 7f       	andi	r24, 0xFE	; 254
    6b36:	80 93 c3 14 	sts	0x14C3, r24	; 0x8014c3 <FAN_CTR_State>
    6b3a:	8f e1       	ldi	r24, 0x1F	; 31
    6b3c:	9e e4       	ldi	r25, 0x4E	; 78
    6b3e:	01 97       	sbiw	r24, 0x01	; 1
    6b40:	f1 f7       	brne	.-4      	; 0x6b3e <Reset_Fan_Control+0x1a>
    6b42:	00 c0       	rjmp	.+0      	; 0x6b44 <Reset_Fan_Control+0x20>
    6b44:	00 00       	nop
    6b46:	16 9a       	sbi	0x02, 6	; 2
    6b48:	17 9a       	sbi	0x02, 7	; 2
    6b4a:	08 95       	ret

00006b4c <Check_if_Active_Errors_Output_Disabled>:
    6b4c:	80 91 1a 14 	lds	r24, 0x141A	; 0x80141a <SysStatus_A>
    6b50:	86 fd       	sbrc	r24, 6
    6b52:	12 c0       	rjmp	.+36     	; 0x6b78 <Check_if_Active_Errors_Output_Disabled+0x2c>
    6b54:	80 91 1a 14 	lds	r24, 0x141A	; 0x80141a <SysStatus_A>
    6b58:	87 fd       	sbrc	r24, 7
    6b5a:	0e c0       	rjmp	.+28     	; 0x6b78 <Check_if_Active_Errors_Output_Disabled+0x2c>
    6b5c:	80 91 1a 14 	lds	r24, 0x141A	; 0x80141a <SysStatus_A>
    6b60:	85 fd       	sbrc	r24, 5
    6b62:	0a c0       	rjmp	.+20     	; 0x6b78 <Check_if_Active_Errors_Output_Disabled+0x2c>
    6b64:	80 91 1e 14 	lds	r24, 0x141E	; 0x80141e <SysStatus_B>
    6b68:	84 fd       	sbrc	r24, 4
    6b6a:	06 c0       	rjmp	.+12     	; 0x6b78 <Check_if_Active_Errors_Output_Disabled+0x2c>
    6b6c:	80 91 1e 14 	lds	r24, 0x141E	; 0x80141e <SysStatus_B>
    6b70:	85 fb       	bst	r24, 5
    6b72:	88 27       	eor	r24, r24
    6b74:	80 f9       	bld	r24, 0
    6b76:	08 95       	ret
    6b78:	81 e0       	ldi	r24, 0x01	; 1
    6b7a:	08 95       	ret

00006b7c <Process_Error_LED_State>:
    6b7c:	e7 df       	rcall	.-50     	; 0x6b4c <Check_if_Active_Errors_Output_Disabled>
    6b7e:	81 11       	cpse	r24, r1
    6b80:	0c c0       	rjmp	.+24     	; 0x6b9a <Process_Error_LED_State+0x1e>
    6b82:	80 91 1a 14 	lds	r24, 0x141A	; 0x80141a <SysStatus_A>
    6b86:	84 fd       	sbrc	r24, 4
    6b88:	08 c0       	rjmp	.+16     	; 0x6b9a <Process_Error_LED_State+0x1e>
    6b8a:	80 91 1a 14 	lds	r24, 0x141A	; 0x80141a <SysStatus_A>
    6b8e:	82 fd       	sbrc	r24, 2
    6b90:	04 c0       	rjmp	.+8      	; 0x6b9a <Process_Error_LED_State+0x1e>
    6b92:	80 91 1a 14 	lds	r24, 0x141A	; 0x80141a <SysStatus_A>
    6b96:	83 ff       	sbrs	r24, 3
    6b98:	02 c0       	rjmp	.+4      	; 0x6b9e <Process_Error_LED_State+0x22>
    6b9a:	5f 9a       	sbi	0x0b, 7	; 11
    6b9c:	08 95       	ret
    6b9e:	5f 98       	cbi	0x0b, 7	; 11
    6ba0:	08 95       	ret

00006ba2 <Check_Temp_Disconnect_State>:
    6ba2:	cf 93       	push	r28
    6ba4:	60 91 9f 10 	lds	r22, 0x109F	; 0x80109f <AI_NTC_Temp_1>
    6ba8:	70 91 a0 10 	lds	r23, 0x10A0	; 0x8010a0 <AI_NTC_Temp_1+0x1>
    6bac:	80 91 a1 10 	lds	r24, 0x10A1	; 0x8010a1 <AI_NTC_Temp_1+0x2>
    6bb0:	90 91 a2 10 	lds	r25, 0x10A2	; 0x8010a2 <AI_NTC_Temp_1+0x3>
    6bb4:	20 91 9b 14 	lds	r18, 0x149B	; 0x80149b <Temp_NTC1_MIN_DisCon>
    6bb8:	30 91 9c 14 	lds	r19, 0x149C	; 0x80149c <Temp_NTC1_MIN_DisCon+0x1>
    6bbc:	40 91 9d 14 	lds	r20, 0x149D	; 0x80149d <Temp_NTC1_MIN_DisCon+0x2>
    6bc0:	50 91 9e 14 	lds	r21, 0x149E	; 0x80149e <Temp_NTC1_MIN_DisCon+0x3>
    6bc4:	0e 94 3c 46 	call	0x8c78	; 0x8c78 <__cmpsf2>
    6bc8:	87 fd       	sbrc	r24, 7
    6bca:	17 c0       	rjmp	.+46     	; 0x6bfa <Check_Temp_Disconnect_State+0x58>
    6bcc:	60 91 9f 10 	lds	r22, 0x109F	; 0x80109f <AI_NTC_Temp_1>
    6bd0:	70 91 a0 10 	lds	r23, 0x10A0	; 0x8010a0 <AI_NTC_Temp_1+0x1>
    6bd4:	80 91 a1 10 	lds	r24, 0x10A1	; 0x8010a1 <AI_NTC_Temp_1+0x2>
    6bd8:	90 91 a2 10 	lds	r25, 0x10A2	; 0x8010a2 <AI_NTC_Temp_1+0x3>
    6bdc:	20 91 59 14 	lds	r18, 0x1459	; 0x801459 <Temp_NTC1_MAX_DisCon>
    6be0:	30 91 5a 14 	lds	r19, 0x145A	; 0x80145a <Temp_NTC1_MAX_DisCon+0x1>
    6be4:	40 91 5b 14 	lds	r20, 0x145B	; 0x80145b <Temp_NTC1_MAX_DisCon+0x2>
    6be8:	50 91 5c 14 	lds	r21, 0x145C	; 0x80145c <Temp_NTC1_MAX_DisCon+0x3>
    6bec:	c1 e0       	ldi	r28, 0x01	; 1
    6bee:	0e 94 e1 47 	call	0x8fc2	; 0x8fc2 <__gesf2>
    6bf2:	18 16       	cp	r1, r24
    6bf4:	1c f0       	brlt	.+6      	; 0x6bfc <Check_Temp_Disconnect_State+0x5a>
    6bf6:	c0 e0       	ldi	r28, 0x00	; 0
    6bf8:	01 c0       	rjmp	.+2      	; 0x6bfc <Check_Temp_Disconnect_State+0x5a>
    6bfa:	c1 e0       	ldi	r28, 0x01	; 1
    6bfc:	60 91 0d 14 	lds	r22, 0x140D	; 0x80140d <AI_NTC_Temp_2>
    6c00:	70 91 0e 14 	lds	r23, 0x140E	; 0x80140e <AI_NTC_Temp_2+0x1>
    6c04:	80 91 0f 14 	lds	r24, 0x140F	; 0x80140f <AI_NTC_Temp_2+0x2>
    6c08:	90 91 10 14 	lds	r25, 0x1410	; 0x801410 <AI_NTC_Temp_2+0x3>
    6c0c:	20 91 8b 14 	lds	r18, 0x148B	; 0x80148b <Temp_NTC2_MIN_DisCon>
    6c10:	30 91 8c 14 	lds	r19, 0x148C	; 0x80148c <Temp_NTC2_MIN_DisCon+0x1>
    6c14:	40 91 8d 14 	lds	r20, 0x148D	; 0x80148d <Temp_NTC2_MIN_DisCon+0x2>
    6c18:	50 91 8e 14 	lds	r21, 0x148E	; 0x80148e <Temp_NTC2_MIN_DisCon+0x3>
    6c1c:	0e 94 3c 46 	call	0x8c78	; 0x8c78 <__cmpsf2>
    6c20:	87 fd       	sbrc	r24, 7
    6c22:	14 c0       	rjmp	.+40     	; 0x6c4c <Check_Temp_Disconnect_State+0xaa>
    6c24:	60 91 0d 14 	lds	r22, 0x140D	; 0x80140d <AI_NTC_Temp_2>
    6c28:	70 91 0e 14 	lds	r23, 0x140E	; 0x80140e <AI_NTC_Temp_2+0x1>
    6c2c:	80 91 0f 14 	lds	r24, 0x140F	; 0x80140f <AI_NTC_Temp_2+0x2>
    6c30:	90 91 10 14 	lds	r25, 0x1410	; 0x801410 <AI_NTC_Temp_2+0x3>
    6c34:	20 91 31 14 	lds	r18, 0x1431	; 0x801431 <Temp_NTC2_MAX_DisCon>
    6c38:	30 91 32 14 	lds	r19, 0x1432	; 0x801432 <Temp_NTC2_MAX_DisCon+0x1>
    6c3c:	40 91 33 14 	lds	r20, 0x1433	; 0x801433 <Temp_NTC2_MAX_DisCon+0x2>
    6c40:	50 91 34 14 	lds	r21, 0x1434	; 0x801434 <Temp_NTC2_MAX_DisCon+0x3>
    6c44:	0e 94 e1 47 	call	0x8fc2	; 0x8fc2 <__gesf2>
    6c48:	18 16       	cp	r1, r24
    6c4a:	0c f4       	brge	.+2      	; 0x6c4e <Check_Temp_Disconnect_State+0xac>
    6c4c:	c1 e0       	ldi	r28, 0x01	; 1
    6c4e:	8c 2f       	mov	r24, r28
    6c50:	cf 91       	pop	r28
    6c52:	08 95       	ret

00006c54 <PV_Mode__Constant_Current_Init>:
    6c54:	10 92 61 14 	sts	0x1461, r1	; 0x801461 <Track_Status>
    6c58:	80 91 a1 14 	lds	r24, 0x14A1	; 0x8014a1 <PV_Mode_CTR>
    6c5c:	80 93 8a 14 	sts	0x148A, r24	; 0x80148a <PV_Mode_ACT>
    6c60:	10 92 b5 14 	sts	0x14B5, r1	; 0x8014b5 <PV_Volt_DAQ_New>
    6c64:	10 92 b6 14 	sts	0x14B6, r1	; 0x8014b6 <PV_Volt_DAQ_New+0x1>
    6c68:	10 92 b7 14 	sts	0x14B7, r1	; 0x8014b7 <PV_Volt_DAQ_New+0x2>
    6c6c:	10 92 b8 14 	sts	0x14B8, r1	; 0x8014b8 <PV_Volt_DAQ_New+0x3>
    6c70:	80 91 61 14 	lds	r24, 0x1461	; 0x801461 <Track_Status>
    6c74:	81 60       	ori	r24, 0x01	; 1
    6c76:	80 93 61 14 	sts	0x1461, r24	; 0x801461 <Track_Status>
    6c7a:	60 91 0b 15 	lds	r22, 0x150B	; 0x80150b <AI_Volt_Scale>
    6c7e:	70 91 0c 15 	lds	r23, 0x150C	; 0x80150c <AI_Volt_Scale+0x1>
    6c82:	80 91 0d 15 	lds	r24, 0x150D	; 0x80150d <AI_Volt_Scale+0x2>
    6c86:	90 91 0e 15 	lds	r25, 0x150E	; 0x80150e <AI_Volt_Scale+0x3>
    6c8a:	20 91 7e 14 	lds	r18, 0x147E	; 0x80147e <LOAD_CurrT_Max_Step_CND>
    6c8e:	30 91 7f 14 	lds	r19, 0x147F	; 0x80147f <LOAD_CurrT_Max_Step_CND+0x1>
    6c92:	40 91 80 14 	lds	r20, 0x1480	; 0x801480 <LOAD_CurrT_Max_Step_CND+0x2>
    6c96:	50 91 81 14 	lds	r21, 0x1481	; 0x801481 <LOAD_CurrT_Max_Step_CND+0x3>
    6c9a:	0e 94 9a 48 	call	0x9134	; 0x9134 <__mulsf3>
    6c9e:	60 93 bf 14 	sts	0x14BF, r22	; 0x8014bf <Track_Volt_Step_Size>
    6ca2:	70 93 c0 14 	sts	0x14C0, r23	; 0x8014c0 <Track_Volt_Step_Size+0x1>
    6ca6:	80 93 c1 14 	sts	0x14C1, r24	; 0x8014c1 <Track_Volt_Step_Size+0x2>
    6caa:	90 93 c2 14 	sts	0x14C2, r25	; 0x8014c2 <Track_Volt_Step_Size+0x3>
    6cae:	08 95       	ret

00006cb0 <PV_Mode__Constant_Current_Main>:
    6cb0:	8f 92       	push	r8
    6cb2:	9f 92       	push	r9
    6cb4:	af 92       	push	r10
    6cb6:	bf 92       	push	r11
    6cb8:	cf 92       	push	r12
    6cba:	df 92       	push	r13
    6cbc:	ef 92       	push	r14
    6cbe:	ff 92       	push	r15
    6cc0:	60 91 0b 15 	lds	r22, 0x150B	; 0x80150b <AI_Volt_Scale>
    6cc4:	70 91 0c 15 	lds	r23, 0x150C	; 0x80150c <AI_Volt_Scale+0x1>
    6cc8:	80 91 0d 15 	lds	r24, 0x150D	; 0x80150d <AI_Volt_Scale+0x2>
    6ccc:	90 91 0e 15 	lds	r25, 0x150E	; 0x80150e <AI_Volt_Scale+0x3>
    6cd0:	80 90 8f 10 	lds	r8, 0x108F	; 0x80108f <AI_Volt>
    6cd4:	90 90 90 10 	lds	r9, 0x1090	; 0x801090 <AI_Volt+0x1>
    6cd8:	a0 90 91 10 	lds	r10, 0x1091	; 0x801091 <AI_Volt+0x2>
    6cdc:	b0 90 92 10 	lds	r11, 0x1092	; 0x801092 <AI_Volt+0x3>
    6ce0:	c0 90 b5 14 	lds	r12, 0x14B5	; 0x8014b5 <PV_Volt_DAQ_New>
    6ce4:	d0 90 b6 14 	lds	r13, 0x14B6	; 0x8014b6 <PV_Volt_DAQ_New+0x1>
    6ce8:	e0 90 b7 14 	lds	r14, 0x14B7	; 0x8014b7 <PV_Volt_DAQ_New+0x2>
    6cec:	f0 90 b8 14 	lds	r15, 0x14B8	; 0x8014b8 <PV_Volt_DAQ_New+0x3>
    6cf0:	20 e0       	ldi	r18, 0x00	; 0
    6cf2:	30 e0       	ldi	r19, 0x00	; 0
    6cf4:	4a ef       	ldi	r20, 0xFA	; 250
    6cf6:	53 e4       	ldi	r21, 0x43	; 67
    6cf8:	0e 94 9a 48 	call	0x9134	; 0x9134 <__mulsf3>
    6cfc:	a5 01       	movw	r20, r10
    6cfe:	94 01       	movw	r18, r8
    6d00:	0e 94 d8 45 	call	0x8bb0	; 0x8bb0 <__addsf3>
    6d04:	a7 01       	movw	r20, r14
    6d06:	96 01       	movw	r18, r12
    6d08:	0e 94 3c 46 	call	0x8c78	; 0x8c78 <__cmpsf2>
    6d0c:	87 ff       	sbrs	r24, 7
    6d0e:	15 c0       	rjmp	.+42     	; 0x6d3a <PV_Mode__Constant_Current_Main+0x8a>
    6d10:	80 91 8f 10 	lds	r24, 0x108F	; 0x80108f <AI_Volt>
    6d14:	90 91 90 10 	lds	r25, 0x1090	; 0x801090 <AI_Volt+0x1>
    6d18:	a0 91 91 10 	lds	r26, 0x1091	; 0x801091 <AI_Volt+0x2>
    6d1c:	b0 91 92 10 	lds	r27, 0x1092	; 0x801092 <AI_Volt+0x3>
    6d20:	80 93 b5 14 	sts	0x14B5, r24	; 0x8014b5 <PV_Volt_DAQ_New>
    6d24:	90 93 b6 14 	sts	0x14B6, r25	; 0x8014b6 <PV_Volt_DAQ_New+0x1>
    6d28:	a0 93 b7 14 	sts	0x14B7, r26	; 0x8014b7 <PV_Volt_DAQ_New+0x2>
    6d2c:	b0 93 b8 14 	sts	0x14B8, r27	; 0x8014b8 <PV_Volt_DAQ_New+0x3>
    6d30:	80 91 61 14 	lds	r24, 0x1461	; 0x801461 <Track_Status>
    6d34:	8e 7f       	andi	r24, 0xFE	; 254
    6d36:	80 93 61 14 	sts	0x1461, r24	; 0x801461 <Track_Status>
    6d3a:	80 90 a9 14 	lds	r8, 0x14A9	; 0x8014a9 <PV_Curr_Setpoint>
    6d3e:	90 90 aa 14 	lds	r9, 0x14AA	; 0x8014aa <PV_Curr_Setpoint+0x1>
    6d42:	a0 90 ab 14 	lds	r10, 0x14AB	; 0x8014ab <PV_Curr_Setpoint+0x2>
    6d46:	b0 90 ac 14 	lds	r11, 0x14AC	; 0x8014ac <PV_Curr_Setpoint+0x3>
    6d4a:	60 91 d4 14 	lds	r22, 0x14D4	; 0x8014d4 <AI_Curr_Scale>
    6d4e:	70 91 d5 14 	lds	r23, 0x14D5	; 0x8014d5 <AI_Curr_Scale+0x1>
    6d52:	80 91 d6 14 	lds	r24, 0x14D6	; 0x8014d6 <AI_Curr_Scale+0x2>
    6d56:	90 91 d7 14 	lds	r25, 0x14D7	; 0x8014d7 <AI_Curr_Scale+0x3>
    6d5a:	20 91 66 14 	lds	r18, 0x1466	; 0x801466 <LOAD_CurrT_Tolerance_CND>
    6d5e:	30 91 67 14 	lds	r19, 0x1467	; 0x801467 <LOAD_CurrT_Tolerance_CND+0x1>
    6d62:	40 91 68 14 	lds	r20, 0x1468	; 0x801468 <LOAD_CurrT_Tolerance_CND+0x2>
    6d66:	50 91 69 14 	lds	r21, 0x1469	; 0x801469 <LOAD_CurrT_Tolerance_CND+0x3>
    6d6a:	c0 90 41 12 	lds	r12, 0x1241	; 0x801241 <AI_Curr_Corr>
    6d6e:	d0 90 42 12 	lds	r13, 0x1242	; 0x801242 <AI_Curr_Corr+0x1>
    6d72:	e0 90 43 12 	lds	r14, 0x1243	; 0x801243 <AI_Curr_Corr+0x2>
    6d76:	f0 90 44 12 	lds	r15, 0x1244	; 0x801244 <AI_Curr_Corr+0x3>
    6d7a:	0e 94 9a 48 	call	0x9134	; 0x9134 <__mulsf3>
    6d7e:	9b 01       	movw	r18, r22
    6d80:	ac 01       	movw	r20, r24
    6d82:	c5 01       	movw	r24, r10
    6d84:	b4 01       	movw	r22, r8
    6d86:	0e 94 d7 45 	call	0x8bae	; 0x8bae <__subsf3>
    6d8a:	a7 01       	movw	r20, r14
    6d8c:	96 01       	movw	r18, r12
    6d8e:	0e 94 e1 47 	call	0x8fc2	; 0x8fc2 <__gesf2>
    6d92:	18 16       	cp	r1, r24
    6d94:	14 f5       	brge	.+68     	; 0x6dda <PV_Mode__Constant_Current_Main+0x12a>
    6d96:	60 91 b5 14 	lds	r22, 0x14B5	; 0x8014b5 <PV_Volt_DAQ_New>
    6d9a:	70 91 b6 14 	lds	r23, 0x14B6	; 0x8014b6 <PV_Volt_DAQ_New+0x1>
    6d9e:	80 91 b7 14 	lds	r24, 0x14B7	; 0x8014b7 <PV_Volt_DAQ_New+0x2>
    6da2:	90 91 b8 14 	lds	r25, 0x14B8	; 0x8014b8 <PV_Volt_DAQ_New+0x3>
    6da6:	20 91 bf 14 	lds	r18, 0x14BF	; 0x8014bf <Track_Volt_Step_Size>
    6daa:	30 91 c0 14 	lds	r19, 0x14C0	; 0x8014c0 <Track_Volt_Step_Size+0x1>
    6dae:	40 91 c1 14 	lds	r20, 0x14C1	; 0x8014c1 <Track_Volt_Step_Size+0x2>
    6db2:	50 91 c2 14 	lds	r21, 0x14C2	; 0x8014c2 <Track_Volt_Step_Size+0x3>
    6db6:	0e 94 d7 45 	call	0x8bae	; 0x8bae <__subsf3>
    6dba:	60 93 b5 14 	sts	0x14B5, r22	; 0x8014b5 <PV_Volt_DAQ_New>
    6dbe:	70 93 b6 14 	sts	0x14B6, r23	; 0x8014b6 <PV_Volt_DAQ_New+0x1>
    6dc2:	80 93 b7 14 	sts	0x14B7, r24	; 0x8014b7 <PV_Volt_DAQ_New+0x2>
    6dc6:	90 93 b8 14 	sts	0x14B8, r25	; 0x8014b8 <PV_Volt_DAQ_New+0x3>
    6dca:	80 91 61 14 	lds	r24, 0x1461	; 0x801461 <Track_Status>
    6dce:	80 ff       	sbrs	r24, 0
    6dd0:	64 c0       	rjmp	.+200    	; 0x6e9a <PV_Mode__Constant_Current_Main+0x1ea>
    6dd2:	80 91 61 14 	lds	r24, 0x1461	; 0x801461 <Track_Status>
    6dd6:	8e 7f       	andi	r24, 0xFE	; 254
    6dd8:	4d c0       	rjmp	.+154    	; 0x6e74 <PV_Mode__Constant_Current_Main+0x1c4>
    6dda:	60 91 d4 14 	lds	r22, 0x14D4	; 0x8014d4 <AI_Curr_Scale>
    6dde:	70 91 d5 14 	lds	r23, 0x14D5	; 0x8014d5 <AI_Curr_Scale+0x1>
    6de2:	80 91 d6 14 	lds	r24, 0x14D6	; 0x8014d6 <AI_Curr_Scale+0x2>
    6de6:	90 91 d7 14 	lds	r25, 0x14D7	; 0x8014d7 <AI_Curr_Scale+0x3>
    6dea:	20 91 66 14 	lds	r18, 0x1466	; 0x801466 <LOAD_CurrT_Tolerance_CND>
    6dee:	30 91 67 14 	lds	r19, 0x1467	; 0x801467 <LOAD_CurrT_Tolerance_CND+0x1>
    6df2:	40 91 68 14 	lds	r20, 0x1468	; 0x801468 <LOAD_CurrT_Tolerance_CND+0x2>
    6df6:	50 91 69 14 	lds	r21, 0x1469	; 0x801469 <LOAD_CurrT_Tolerance_CND+0x3>
    6dfa:	80 90 a9 14 	lds	r8, 0x14A9	; 0x8014a9 <PV_Curr_Setpoint>
    6dfe:	90 90 aa 14 	lds	r9, 0x14AA	; 0x8014aa <PV_Curr_Setpoint+0x1>
    6e02:	a0 90 ab 14 	lds	r10, 0x14AB	; 0x8014ab <PV_Curr_Setpoint+0x2>
    6e06:	b0 90 ac 14 	lds	r11, 0x14AC	; 0x8014ac <PV_Curr_Setpoint+0x3>
    6e0a:	c0 90 41 12 	lds	r12, 0x1241	; 0x801241 <AI_Curr_Corr>
    6e0e:	d0 90 42 12 	lds	r13, 0x1242	; 0x801242 <AI_Curr_Corr+0x1>
    6e12:	e0 90 43 12 	lds	r14, 0x1243	; 0x801243 <AI_Curr_Corr+0x2>
    6e16:	f0 90 44 12 	lds	r15, 0x1244	; 0x801244 <AI_Curr_Corr+0x3>
    6e1a:	0e 94 9a 48 	call	0x9134	; 0x9134 <__mulsf3>
    6e1e:	a5 01       	movw	r20, r10
    6e20:	94 01       	movw	r18, r8
    6e22:	0e 94 d8 45 	call	0x8bb0	; 0x8bb0 <__addsf3>
    6e26:	a7 01       	movw	r20, r14
    6e28:	96 01       	movw	r18, r12
    6e2a:	0e 94 3c 46 	call	0x8c78	; 0x8c78 <__cmpsf2>
    6e2e:	87 ff       	sbrs	r24, 7
    6e30:	4e c0       	rjmp	.+156    	; 0x6ece <PV_Mode__Constant_Current_Main+0x21e>
    6e32:	60 91 b5 14 	lds	r22, 0x14B5	; 0x8014b5 <PV_Volt_DAQ_New>
    6e36:	70 91 b6 14 	lds	r23, 0x14B6	; 0x8014b6 <PV_Volt_DAQ_New+0x1>
    6e3a:	80 91 b7 14 	lds	r24, 0x14B7	; 0x8014b7 <PV_Volt_DAQ_New+0x2>
    6e3e:	90 91 b8 14 	lds	r25, 0x14B8	; 0x8014b8 <PV_Volt_DAQ_New+0x3>
    6e42:	20 91 bf 14 	lds	r18, 0x14BF	; 0x8014bf <Track_Volt_Step_Size>
    6e46:	30 91 c0 14 	lds	r19, 0x14C0	; 0x8014c0 <Track_Volt_Step_Size+0x1>
    6e4a:	40 91 c1 14 	lds	r20, 0x14C1	; 0x8014c1 <Track_Volt_Step_Size+0x2>
    6e4e:	50 91 c2 14 	lds	r21, 0x14C2	; 0x8014c2 <Track_Volt_Step_Size+0x3>
    6e52:	0e 94 d8 45 	call	0x8bb0	; 0x8bb0 <__addsf3>
    6e56:	60 93 b5 14 	sts	0x14B5, r22	; 0x8014b5 <PV_Volt_DAQ_New>
    6e5a:	70 93 b6 14 	sts	0x14B6, r23	; 0x8014b6 <PV_Volt_DAQ_New+0x1>
    6e5e:	80 93 b7 14 	sts	0x14B7, r24	; 0x8014b7 <PV_Volt_DAQ_New+0x2>
    6e62:	90 93 b8 14 	sts	0x14B8, r25	; 0x8014b8 <PV_Volt_DAQ_New+0x3>
    6e66:	80 91 61 14 	lds	r24, 0x1461	; 0x801461 <Track_Status>
    6e6a:	80 fd       	sbrc	r24, 0
    6e6c:	16 c0       	rjmp	.+44     	; 0x6e9a <PV_Mode__Constant_Current_Main+0x1ea>
    6e6e:	80 91 61 14 	lds	r24, 0x1461	; 0x801461 <Track_Status>
    6e72:	81 60       	ori	r24, 0x01	; 1
    6e74:	80 93 61 14 	sts	0x1461, r24	; 0x801461 <Track_Status>
    6e78:	60 91 bf 14 	lds	r22, 0x14BF	; 0x8014bf <Track_Volt_Step_Size>
    6e7c:	70 91 c0 14 	lds	r23, 0x14C0	; 0x8014c0 <Track_Volt_Step_Size+0x1>
    6e80:	80 91 c1 14 	lds	r24, 0x14C1	; 0x8014c1 <Track_Volt_Step_Size+0x2>
    6e84:	90 91 c2 14 	lds	r25, 0x14C2	; 0x8014c2 <Track_Volt_Step_Size+0x3>
    6e88:	20 91 ad 14 	lds	r18, 0x14AD	; 0x8014ad <LOAD_CurrT_Step_Reduction_Fact>
    6e8c:	30 91 ae 14 	lds	r19, 0x14AE	; 0x8014ae <LOAD_CurrT_Step_Reduction_Fact+0x1>
    6e90:	40 91 af 14 	lds	r20, 0x14AF	; 0x8014af <LOAD_CurrT_Step_Reduction_Fact+0x2>
    6e94:	50 91 b0 14 	lds	r21, 0x14B0	; 0x8014b0 <LOAD_CurrT_Step_Reduction_Fact+0x3>
    6e98:	10 c0       	rjmp	.+32     	; 0x6eba <PV_Mode__Constant_Current_Main+0x20a>
    6e9a:	60 91 bf 14 	lds	r22, 0x14BF	; 0x8014bf <Track_Volt_Step_Size>
    6e9e:	70 91 c0 14 	lds	r23, 0x14C0	; 0x8014c0 <Track_Volt_Step_Size+0x1>
    6ea2:	80 91 c1 14 	lds	r24, 0x14C1	; 0x8014c1 <Track_Volt_Step_Size+0x2>
    6ea6:	90 91 c2 14 	lds	r25, 0x14C2	; 0x8014c2 <Track_Volt_Step_Size+0x3>
    6eaa:	20 91 5d 14 	lds	r18, 0x145D	; 0x80145d <LOAD_CurrT_Step_Increase_Fact>
    6eae:	30 91 5e 14 	lds	r19, 0x145E	; 0x80145e <LOAD_CurrT_Step_Increase_Fact+0x1>
    6eb2:	40 91 5f 14 	lds	r20, 0x145F	; 0x80145f <LOAD_CurrT_Step_Increase_Fact+0x2>
    6eb6:	50 91 60 14 	lds	r21, 0x1460	; 0x801460 <LOAD_CurrT_Step_Increase_Fact+0x3>
    6eba:	0e 94 9a 48 	call	0x9134	; 0x9134 <__mulsf3>
    6ebe:	60 93 bf 14 	sts	0x14BF, r22	; 0x8014bf <Track_Volt_Step_Size>
    6ec2:	70 93 c0 14 	sts	0x14C0, r23	; 0x8014c0 <Track_Volt_Step_Size+0x1>
    6ec6:	80 93 c1 14 	sts	0x14C1, r24	; 0x8014c1 <Track_Volt_Step_Size+0x2>
    6eca:	90 93 c2 14 	sts	0x14C2, r25	; 0x8014c2 <Track_Volt_Step_Size+0x3>
    6ece:	60 91 0b 15 	lds	r22, 0x150B	; 0x80150b <AI_Volt_Scale>
    6ed2:	70 91 0c 15 	lds	r23, 0x150C	; 0x80150c <AI_Volt_Scale+0x1>
    6ed6:	80 91 0d 15 	lds	r24, 0x150D	; 0x80150d <AI_Volt_Scale+0x2>
    6eda:	90 91 0e 15 	lds	r25, 0x150E	; 0x80150e <AI_Volt_Scale+0x3>
    6ede:	20 91 7e 14 	lds	r18, 0x147E	; 0x80147e <LOAD_CurrT_Max_Step_CND>
    6ee2:	30 91 7f 14 	lds	r19, 0x147F	; 0x80147f <LOAD_CurrT_Max_Step_CND+0x1>
    6ee6:	40 91 80 14 	lds	r20, 0x1480	; 0x801480 <LOAD_CurrT_Max_Step_CND+0x2>
    6eea:	50 91 81 14 	lds	r21, 0x1481	; 0x801481 <LOAD_CurrT_Max_Step_CND+0x3>
    6eee:	c0 90 bf 14 	lds	r12, 0x14BF	; 0x8014bf <Track_Volt_Step_Size>
    6ef2:	d0 90 c0 14 	lds	r13, 0x14C0	; 0x8014c0 <Track_Volt_Step_Size+0x1>
    6ef6:	e0 90 c1 14 	lds	r14, 0x14C1	; 0x8014c1 <Track_Volt_Step_Size+0x2>
    6efa:	f0 90 c2 14 	lds	r15, 0x14C2	; 0x8014c2 <Track_Volt_Step_Size+0x3>
    6efe:	0e 94 9a 48 	call	0x9134	; 0x9134 <__mulsf3>
    6f02:	a7 01       	movw	r20, r14
    6f04:	96 01       	movw	r18, r12
    6f06:	0e 94 3c 46 	call	0x8c78	; 0x8c78 <__cmpsf2>
    6f0a:	87 ff       	sbrs	r24, 7
    6f0c:	11 c0       	rjmp	.+34     	; 0x6f30 <PV_Mode__Constant_Current_Main+0x280>
    6f0e:	60 91 0b 15 	lds	r22, 0x150B	; 0x80150b <AI_Volt_Scale>
    6f12:	70 91 0c 15 	lds	r23, 0x150C	; 0x80150c <AI_Volt_Scale+0x1>
    6f16:	80 91 0d 15 	lds	r24, 0x150D	; 0x80150d <AI_Volt_Scale+0x2>
    6f1a:	90 91 0e 15 	lds	r25, 0x150E	; 0x80150e <AI_Volt_Scale+0x3>
    6f1e:	20 91 7e 14 	lds	r18, 0x147E	; 0x80147e <LOAD_CurrT_Max_Step_CND>
    6f22:	30 91 7f 14 	lds	r19, 0x147F	; 0x80147f <LOAD_CurrT_Max_Step_CND+0x1>
    6f26:	40 91 80 14 	lds	r20, 0x1480	; 0x801480 <LOAD_CurrT_Max_Step_CND+0x2>
    6f2a:	50 91 81 14 	lds	r21, 0x1481	; 0x801481 <LOAD_CurrT_Max_Step_CND+0x3>
    6f2e:	30 c0       	rjmp	.+96     	; 0x6f90 <PV_Mode__Constant_Current_Main+0x2e0>
    6f30:	60 91 0b 15 	lds	r22, 0x150B	; 0x80150b <AI_Volt_Scale>
    6f34:	70 91 0c 15 	lds	r23, 0x150C	; 0x80150c <AI_Volt_Scale+0x1>
    6f38:	80 91 0d 15 	lds	r24, 0x150D	; 0x80150d <AI_Volt_Scale+0x2>
    6f3c:	90 91 0e 15 	lds	r25, 0x150E	; 0x80150e <AI_Volt_Scale+0x3>
    6f40:	20 91 2d 14 	lds	r18, 0x142D	; 0x80142d <LOAD_CurrT_Min_Step_CND>
    6f44:	30 91 2e 14 	lds	r19, 0x142E	; 0x80142e <LOAD_CurrT_Min_Step_CND+0x1>
    6f48:	40 91 2f 14 	lds	r20, 0x142F	; 0x80142f <LOAD_CurrT_Min_Step_CND+0x2>
    6f4c:	50 91 30 14 	lds	r21, 0x1430	; 0x801430 <LOAD_CurrT_Min_Step_CND+0x3>
    6f50:	c0 90 bf 14 	lds	r12, 0x14BF	; 0x8014bf <Track_Volt_Step_Size>
    6f54:	d0 90 c0 14 	lds	r13, 0x14C0	; 0x8014c0 <Track_Volt_Step_Size+0x1>
    6f58:	e0 90 c1 14 	lds	r14, 0x14C1	; 0x8014c1 <Track_Volt_Step_Size+0x2>
    6f5c:	f0 90 c2 14 	lds	r15, 0x14C2	; 0x8014c2 <Track_Volt_Step_Size+0x3>
    6f60:	0e 94 9a 48 	call	0x9134	; 0x9134 <__mulsf3>
    6f64:	a7 01       	movw	r20, r14
    6f66:	96 01       	movw	r18, r12
    6f68:	0e 94 e1 47 	call	0x8fc2	; 0x8fc2 <__gesf2>
    6f6c:	18 16       	cp	r1, r24
    6f6e:	d4 f4       	brge	.+52     	; 0x6fa4 <PV_Mode__Constant_Current_Main+0x2f4>
    6f70:	60 91 0b 15 	lds	r22, 0x150B	; 0x80150b <AI_Volt_Scale>
    6f74:	70 91 0c 15 	lds	r23, 0x150C	; 0x80150c <AI_Volt_Scale+0x1>
    6f78:	80 91 0d 15 	lds	r24, 0x150D	; 0x80150d <AI_Volt_Scale+0x2>
    6f7c:	90 91 0e 15 	lds	r25, 0x150E	; 0x80150e <AI_Volt_Scale+0x3>
    6f80:	20 91 2d 14 	lds	r18, 0x142D	; 0x80142d <LOAD_CurrT_Min_Step_CND>
    6f84:	30 91 2e 14 	lds	r19, 0x142E	; 0x80142e <LOAD_CurrT_Min_Step_CND+0x1>
    6f88:	40 91 2f 14 	lds	r20, 0x142F	; 0x80142f <LOAD_CurrT_Min_Step_CND+0x2>
    6f8c:	50 91 30 14 	lds	r21, 0x1430	; 0x801430 <LOAD_CurrT_Min_Step_CND+0x3>
    6f90:	0e 94 9a 48 	call	0x9134	; 0x9134 <__mulsf3>
    6f94:	60 93 bf 14 	sts	0x14BF, r22	; 0x8014bf <Track_Volt_Step_Size>
    6f98:	70 93 c0 14 	sts	0x14C0, r23	; 0x8014c0 <Track_Volt_Step_Size+0x1>
    6f9c:	80 93 c1 14 	sts	0x14C1, r24	; 0x8014c1 <Track_Volt_Step_Size+0x2>
    6fa0:	90 93 c2 14 	sts	0x14C2, r25	; 0x8014c2 <Track_Volt_Step_Size+0x3>
    6fa4:	60 91 b5 14 	lds	r22, 0x14B5	; 0x8014b5 <PV_Volt_DAQ_New>
    6fa8:	70 91 b6 14 	lds	r23, 0x14B6	; 0x8014b6 <PV_Volt_DAQ_New+0x1>
    6fac:	80 91 b7 14 	lds	r24, 0x14B7	; 0x8014b7 <PV_Volt_DAQ_New+0x2>
    6fb0:	90 91 b8 14 	lds	r25, 0x14B8	; 0x8014b8 <PV_Volt_DAQ_New+0x3>
    6fb4:	20 e0       	ldi	r18, 0x00	; 0
    6fb6:	30 e0       	ldi	r19, 0x00	; 0
    6fb8:	a9 01       	movw	r20, r18
    6fba:	0e 94 3c 46 	call	0x8c78	; 0x8c78 <__cmpsf2>
    6fbe:	87 ff       	sbrs	r24, 7
    6fc0:	0d c0       	rjmp	.+26     	; 0x6fdc <PV_Mode__Constant_Current_Main+0x32c>
    6fc2:	10 92 b5 14 	sts	0x14B5, r1	; 0x8014b5 <PV_Volt_DAQ_New>
    6fc6:	10 92 b6 14 	sts	0x14B6, r1	; 0x8014b6 <PV_Volt_DAQ_New+0x1>
    6fca:	10 92 b7 14 	sts	0x14B7, r1	; 0x8014b7 <PV_Volt_DAQ_New+0x2>
    6fce:	10 92 b8 14 	sts	0x14B8, r1	; 0x8014b8 <PV_Volt_DAQ_New+0x3>
    6fd2:	80 91 61 14 	lds	r24, 0x1461	; 0x801461 <Track_Status>
    6fd6:	81 60       	ori	r24, 0x01	; 1
    6fd8:	80 93 61 14 	sts	0x1461, r24	; 0x801461 <Track_Status>
    6fdc:	ff 90       	pop	r15
    6fde:	ef 90       	pop	r14
    6fe0:	df 90       	pop	r13
    6fe2:	cf 90       	pop	r12
    6fe4:	bf 90       	pop	r11
    6fe6:	af 90       	pop	r10
    6fe8:	9f 90       	pop	r9
    6fea:	8f 90       	pop	r8
    6fec:	08 95       	ret

00006fee <PV_Mode__MPPT_Simple_Init>:
    6fee:	10 92 61 14 	sts	0x1461, r1	; 0x801461 <Track_Status>
    6ff2:	80 e0       	ldi	r24, 0x00	; 0
    6ff4:	90 e0       	ldi	r25, 0x00	; 0
    6ff6:	aa e7       	ldi	r26, 0x7A	; 122
    6ff8:	b4 ec       	ldi	r27, 0xC4	; 196
    6ffa:	80 93 55 14 	sts	0x1455, r24	; 0x801455 <Track_Power_Old>
    6ffe:	90 93 56 14 	sts	0x1456, r25	; 0x801456 <Track_Power_Old+0x1>
    7002:	a0 93 57 14 	sts	0x1457, r26	; 0x801457 <Track_Power_Old+0x2>
    7006:	b0 93 58 14 	sts	0x1458, r27	; 0x801458 <Track_Power_Old+0x3>
    700a:	80 93 cc 14 	sts	0x14CC, r24	; 0x8014cc <PV_Active_Load_Power>
    700e:	90 93 cd 14 	sts	0x14CD, r25	; 0x8014cd <PV_Active_Load_Power+0x1>
    7012:	a0 93 ce 14 	sts	0x14CE, r26	; 0x8014ce <PV_Active_Load_Power+0x2>
    7016:	b0 93 cf 14 	sts	0x14CF, r27	; 0x8014cf <PV_Active_Load_Power+0x3>
    701a:	80 91 bd 14 	lds	r24, 0x14BD	; 0x8014bd <LOAD_MPPT_Timer_Update_Delay>
    701e:	90 91 be 14 	lds	r25, 0x14BE	; 0x8014be <LOAD_MPPT_Timer_Update_Delay+0x1>
    7022:	90 93 a3 14 	sts	0x14A3, r25	; 0x8014a3 <LOAD_MPPT_Update_Counter+0x1>
    7026:	80 93 a2 14 	sts	0x14A2, r24	; 0x8014a2 <LOAD_MPPT_Update_Counter>
    702a:	80 91 a1 14 	lds	r24, 0x14A1	; 0x8014a1 <PV_Mode_CTR>
    702e:	80 93 8a 14 	sts	0x148A, r24	; 0x80148a <PV_Mode_ACT>
    7032:	0e 94 59 01 	call	0x2b2	; 0x2b2 <IV_MEAS__Get_Voc_Set_Optimum_Range>
    7036:	26 e6       	ldi	r18, 0x66	; 102
    7038:	36 e6       	ldi	r19, 0x66	; 102
    703a:	46 e2       	ldi	r20, 0x26	; 38
    703c:	5f e3       	ldi	r21, 0x3F	; 63
    703e:	0e 94 9a 48 	call	0x9134	; 0x9134 <__mulsf3>
    7042:	60 93 b5 14 	sts	0x14B5, r22	; 0x8014b5 <PV_Volt_DAQ_New>
    7046:	70 93 b6 14 	sts	0x14B6, r23	; 0x8014b6 <PV_Volt_DAQ_New+0x1>
    704a:	80 93 b7 14 	sts	0x14B7, r24	; 0x8014b7 <PV_Volt_DAQ_New+0x2>
    704e:	90 93 b8 14 	sts	0x14B8, r25	; 0x8014b8 <PV_Volt_DAQ_New+0x3>
    7052:	80 91 61 14 	lds	r24, 0x1461	; 0x801461 <Track_Status>
    7056:	81 60       	ori	r24, 0x01	; 1
    7058:	80 93 61 14 	sts	0x1461, r24	; 0x801461 <Track_Status>
    705c:	60 91 0b 15 	lds	r22, 0x150B	; 0x80150b <AI_Volt_Scale>
    7060:	70 91 0c 15 	lds	r23, 0x150C	; 0x80150c <AI_Volt_Scale+0x1>
    7064:	80 91 0d 15 	lds	r24, 0x150D	; 0x80150d <AI_Volt_Scale+0x2>
    7068:	90 91 0e 15 	lds	r25, 0x150E	; 0x80150e <AI_Volt_Scale+0x3>
    706c:	20 91 86 14 	lds	r18, 0x1486	; 0x801486 <LOAD_MPPT_Max_Step_CND>
    7070:	30 91 87 14 	lds	r19, 0x1487	; 0x801487 <LOAD_MPPT_Max_Step_CND+0x1>
    7074:	40 91 88 14 	lds	r20, 0x1488	; 0x801488 <LOAD_MPPT_Max_Step_CND+0x2>
    7078:	50 91 89 14 	lds	r21, 0x1489	; 0x801489 <LOAD_MPPT_Max_Step_CND+0x3>
    707c:	0e 94 9a 48 	call	0x9134	; 0x9134 <__mulsf3>
    7080:	60 93 bf 14 	sts	0x14BF, r22	; 0x8014bf <Track_Volt_Step_Size>
    7084:	70 93 c0 14 	sts	0x14C0, r23	; 0x8014c0 <Track_Volt_Step_Size+0x1>
    7088:	80 93 c1 14 	sts	0x14C1, r24	; 0x8014c1 <Track_Volt_Step_Size+0x2>
    708c:	90 93 c2 14 	sts	0x14C2, r25	; 0x8014c2 <Track_Volt_Step_Size+0x3>
    7090:	08 95       	ret

00007092 <PV_Mode__MPPT_Simple_Main>:
    7092:	4f 92       	push	r4
    7094:	5f 92       	push	r5
    7096:	6f 92       	push	r6
    7098:	7f 92       	push	r7
    709a:	8f 92       	push	r8
    709c:	9f 92       	push	r9
    709e:	af 92       	push	r10
    70a0:	bf 92       	push	r11
    70a2:	cf 92       	push	r12
    70a4:	df 92       	push	r13
    70a6:	ef 92       	push	r14
    70a8:	ff 92       	push	r15
    70aa:	80 91 a2 14 	lds	r24, 0x14A2	; 0x8014a2 <LOAD_MPPT_Update_Counter>
    70ae:	90 91 a3 14 	lds	r25, 0x14A3	; 0x8014a3 <LOAD_MPPT_Update_Counter+0x1>
    70b2:	01 97       	sbiw	r24, 0x01	; 1
    70b4:	90 93 a3 14 	sts	0x14A3, r25	; 0x8014a3 <LOAD_MPPT_Update_Counter+0x1>
    70b8:	80 93 a2 14 	sts	0x14A2, r24	; 0x8014a2 <LOAD_MPPT_Update_Counter>
    70bc:	80 91 a2 14 	lds	r24, 0x14A2	; 0x8014a2 <LOAD_MPPT_Update_Counter>
    70c0:	90 91 a3 14 	lds	r25, 0x14A3	; 0x8014a3 <LOAD_MPPT_Update_Counter+0x1>
    70c4:	89 2b       	or	r24, r25
    70c6:	09 f0       	breq	.+2      	; 0x70ca <PV_Mode__MPPT_Simple_Main+0x38>
    70c8:	67 c2       	rjmp	.+1230   	; 0x7598 <PV_Mode__MPPT_Simple_Main+0x506>
    70ca:	80 91 bd 14 	lds	r24, 0x14BD	; 0x8014bd <LOAD_MPPT_Timer_Update_Delay>
    70ce:	90 91 be 14 	lds	r25, 0x14BE	; 0x8014be <LOAD_MPPT_Timer_Update_Delay+0x1>
    70d2:	90 93 a3 14 	sts	0x14A3, r25	; 0x8014a3 <LOAD_MPPT_Update_Counter+0x1>
    70d6:	80 93 a2 14 	sts	0x14A2, r24	; 0x8014a2 <LOAD_MPPT_Update_Counter>
    70da:	80 91 61 14 	lds	r24, 0x1461	; 0x801461 <Track_Status>
    70de:	87 ff       	sbrs	r24, 7
    70e0:	08 c0       	rjmp	.+16     	; 0x70f2 <PV_Mode__MPPT_Simple_Main+0x60>
    70e2:	80 91 61 14 	lds	r24, 0x1461	; 0x801461 <Track_Status>
    70e6:	8f 77       	andi	r24, 0x7F	; 127
    70e8:	80 93 61 14 	sts	0x1461, r24	; 0x801461 <Track_Status>
    70ec:	0e 94 4a 05 	call	0xa94	; 0xa94 <get_DAC_Volt_at_Pmax_from_IV>
    70f0:	92 c1       	rjmp	.+804    	; 0x7416 <PV_Mode__MPPT_Simple_Main+0x384>
    70f2:	60 91 0b 15 	lds	r22, 0x150B	; 0x80150b <AI_Volt_Scale>
    70f6:	70 91 0c 15 	lds	r23, 0x150C	; 0x80150c <AI_Volt_Scale+0x1>
    70fa:	80 91 0d 15 	lds	r24, 0x150D	; 0x80150d <AI_Volt_Scale+0x2>
    70fe:	90 91 0e 15 	lds	r25, 0x150E	; 0x80150e <AI_Volt_Scale+0x3>
    7102:	80 90 8f 10 	lds	r8, 0x108F	; 0x80108f <AI_Volt>
    7106:	90 90 90 10 	lds	r9, 0x1090	; 0x801090 <AI_Volt+0x1>
    710a:	a0 90 91 10 	lds	r10, 0x1091	; 0x801091 <AI_Volt+0x2>
    710e:	b0 90 92 10 	lds	r11, 0x1092	; 0x801092 <AI_Volt+0x3>
    7112:	c0 90 b5 14 	lds	r12, 0x14B5	; 0x8014b5 <PV_Volt_DAQ_New>
    7116:	d0 90 b6 14 	lds	r13, 0x14B6	; 0x8014b6 <PV_Volt_DAQ_New+0x1>
    711a:	e0 90 b7 14 	lds	r14, 0x14B7	; 0x8014b7 <PV_Volt_DAQ_New+0x2>
    711e:	f0 90 b8 14 	lds	r15, 0x14B8	; 0x8014b8 <PV_Volt_DAQ_New+0x3>
    7122:	20 e0       	ldi	r18, 0x00	; 0
    7124:	30 e0       	ldi	r19, 0x00	; 0
    7126:	4a ef       	ldi	r20, 0xFA	; 250
    7128:	53 e4       	ldi	r21, 0x43	; 67
    712a:	0e 94 9a 48 	call	0x9134	; 0x9134 <__mulsf3>
    712e:	a5 01       	movw	r20, r10
    7130:	94 01       	movw	r18, r8
    7132:	0e 94 d8 45 	call	0x8bb0	; 0x8bb0 <__addsf3>
    7136:	a7 01       	movw	r20, r14
    7138:	96 01       	movw	r18, r12
    713a:	0e 94 3c 46 	call	0x8c78	; 0x8c78 <__cmpsf2>
    713e:	87 ff       	sbrs	r24, 7
    7140:	1c c0       	rjmp	.+56     	; 0x717a <PV_Mode__MPPT_Simple_Main+0xe8>
    7142:	60 91 8f 10 	lds	r22, 0x108F	; 0x80108f <AI_Volt>
    7146:	70 91 90 10 	lds	r23, 0x1090	; 0x801090 <AI_Volt+0x1>
    714a:	80 91 91 10 	lds	r24, 0x1091	; 0x801091 <AI_Volt+0x2>
    714e:	90 91 92 10 	lds	r25, 0x1092	; 0x801092 <AI_Volt+0x3>
    7152:	26 e6       	ldi	r18, 0x66	; 102
    7154:	36 e6       	ldi	r19, 0x66	; 102
    7156:	46 e6       	ldi	r20, 0x66	; 102
    7158:	5f e3       	ldi	r21, 0x3F	; 63
    715a:	0e 94 9a 48 	call	0x9134	; 0x9134 <__mulsf3>
    715e:	60 93 b5 14 	sts	0x14B5, r22	; 0x8014b5 <PV_Volt_DAQ_New>
    7162:	70 93 b6 14 	sts	0x14B6, r23	; 0x8014b6 <PV_Volt_DAQ_New+0x1>
    7166:	80 93 b7 14 	sts	0x14B7, r24	; 0x8014b7 <PV_Volt_DAQ_New+0x2>
    716a:	90 93 b8 14 	sts	0x14B8, r25	; 0x8014b8 <PV_Volt_DAQ_New+0x3>
    716e:	80 91 61 14 	lds	r24, 0x1461	; 0x801461 <Track_Status>
    7172:	8e 7f       	andi	r24, 0xFE	; 254
    7174:	80 93 61 14 	sts	0x1461, r24	; 0x801461 <Track_Status>
    7178:	69 c0       	rjmp	.+210    	; 0x724c <PV_Mode__MPPT_Simple_Main+0x1ba>
    717a:	60 91 0b 15 	lds	r22, 0x150B	; 0x80150b <AI_Volt_Scale>
    717e:	70 91 0c 15 	lds	r23, 0x150C	; 0x80150c <AI_Volt_Scale+0x1>
    7182:	80 91 0d 15 	lds	r24, 0x150D	; 0x80150d <AI_Volt_Scale+0x2>
    7186:	90 91 0e 15 	lds	r25, 0x150E	; 0x80150e <AI_Volt_Scale+0x3>
    718a:	20 91 d4 14 	lds	r18, 0x14D4	; 0x8014d4 <AI_Curr_Scale>
    718e:	30 91 d5 14 	lds	r19, 0x14D5	; 0x8014d5 <AI_Curr_Scale+0x1>
    7192:	40 91 d6 14 	lds	r20, 0x14D6	; 0x8014d6 <AI_Curr_Scale+0x2>
    7196:	50 91 d7 14 	lds	r21, 0x14D7	; 0x8014d7 <AI_Curr_Scale+0x3>
    719a:	40 90 b1 14 	lds	r4, 0x14B1	; 0x8014b1 <LOAD_MPPT_Tolerance_CND>
    719e:	50 90 b2 14 	lds	r5, 0x14B2	; 0x8014b2 <LOAD_MPPT_Tolerance_CND+0x1>
    71a2:	60 90 b3 14 	lds	r6, 0x14B3	; 0x8014b3 <LOAD_MPPT_Tolerance_CND+0x2>
    71a6:	70 90 b4 14 	lds	r7, 0x14B4	; 0x8014b4 <LOAD_MPPT_Tolerance_CND+0x3>
    71aa:	80 90 55 14 	lds	r8, 0x1455	; 0x801455 <Track_Power_Old>
    71ae:	90 90 56 14 	lds	r9, 0x1456	; 0x801456 <Track_Power_Old+0x1>
    71b2:	a0 90 57 14 	lds	r10, 0x1457	; 0x801457 <Track_Power_Old+0x2>
    71b6:	b0 90 58 14 	lds	r11, 0x1458	; 0x801458 <Track_Power_Old+0x3>
    71ba:	c0 90 cc 14 	lds	r12, 0x14CC	; 0x8014cc <PV_Active_Load_Power>
    71be:	d0 90 cd 14 	lds	r13, 0x14CD	; 0x8014cd <PV_Active_Load_Power+0x1>
    71c2:	e0 90 ce 14 	lds	r14, 0x14CE	; 0x8014ce <PV_Active_Load_Power+0x2>
    71c6:	f0 90 cf 14 	lds	r15, 0x14CF	; 0x8014cf <PV_Active_Load_Power+0x3>
    71ca:	0e 94 9a 48 	call	0x9134	; 0x9134 <__mulsf3>
    71ce:	a3 01       	movw	r20, r6
    71d0:	92 01       	movw	r18, r4
    71d2:	0e 94 9a 48 	call	0x9134	; 0x9134 <__mulsf3>
    71d6:	a5 01       	movw	r20, r10
    71d8:	94 01       	movw	r18, r8
    71da:	0e 94 d8 45 	call	0x8bb0	; 0x8bb0 <__addsf3>
    71de:	a7 01       	movw	r20, r14
    71e0:	96 01       	movw	r18, r12
    71e2:	0e 94 3c 46 	call	0x8c78	; 0x8c78 <__cmpsf2>
    71e6:	87 ff       	sbrs	r24, 7
    71e8:	4c c0       	rjmp	.+152    	; 0x7282 <PV_Mode__MPPT_Simple_Main+0x1f0>
    71ea:	80 91 61 14 	lds	r24, 0x1461	; 0x801461 <Track_Status>
    71ee:	80 ff       	sbrs	r24, 0
    71f0:	13 c0       	rjmp	.+38     	; 0x7218 <PV_Mode__MPPT_Simple_Main+0x186>
    71f2:	60 91 b5 14 	lds	r22, 0x14B5	; 0x8014b5 <PV_Volt_DAQ_New>
    71f6:	70 91 b6 14 	lds	r23, 0x14B6	; 0x8014b6 <PV_Volt_DAQ_New+0x1>
    71fa:	80 91 b7 14 	lds	r24, 0x14B7	; 0x8014b7 <PV_Volt_DAQ_New+0x2>
    71fe:	90 91 b8 14 	lds	r25, 0x14B8	; 0x8014b8 <PV_Volt_DAQ_New+0x3>
    7202:	20 91 bf 14 	lds	r18, 0x14BF	; 0x8014bf <Track_Volt_Step_Size>
    7206:	30 91 c0 14 	lds	r19, 0x14C0	; 0x8014c0 <Track_Volt_Step_Size+0x1>
    720a:	40 91 c1 14 	lds	r20, 0x14C1	; 0x8014c1 <Track_Volt_Step_Size+0x2>
    720e:	50 91 c2 14 	lds	r21, 0x14C2	; 0x8014c2 <Track_Volt_Step_Size+0x3>
    7212:	0e 94 d8 45 	call	0x8bb0	; 0x8bb0 <__addsf3>
    7216:	12 c0       	rjmp	.+36     	; 0x723c <PV_Mode__MPPT_Simple_Main+0x1aa>
    7218:	60 91 b5 14 	lds	r22, 0x14B5	; 0x8014b5 <PV_Volt_DAQ_New>
    721c:	70 91 b6 14 	lds	r23, 0x14B6	; 0x8014b6 <PV_Volt_DAQ_New+0x1>
    7220:	80 91 b7 14 	lds	r24, 0x14B7	; 0x8014b7 <PV_Volt_DAQ_New+0x2>
    7224:	90 91 b8 14 	lds	r25, 0x14B8	; 0x8014b8 <PV_Volt_DAQ_New+0x3>
    7228:	20 91 bf 14 	lds	r18, 0x14BF	; 0x8014bf <Track_Volt_Step_Size>
    722c:	30 91 c0 14 	lds	r19, 0x14C0	; 0x8014c0 <Track_Volt_Step_Size+0x1>
    7230:	40 91 c1 14 	lds	r20, 0x14C1	; 0x8014c1 <Track_Volt_Step_Size+0x2>
    7234:	50 91 c2 14 	lds	r21, 0x14C2	; 0x8014c2 <Track_Volt_Step_Size+0x3>
    7238:	0e 94 d7 45 	call	0x8bae	; 0x8bae <__subsf3>
    723c:	60 93 b5 14 	sts	0x14B5, r22	; 0x8014b5 <PV_Volt_DAQ_New>
    7240:	70 93 b6 14 	sts	0x14B6, r23	; 0x8014b6 <PV_Volt_DAQ_New+0x1>
    7244:	80 93 b7 14 	sts	0x14B7, r24	; 0x8014b7 <PV_Volt_DAQ_New+0x2>
    7248:	90 93 b8 14 	sts	0x14B8, r25	; 0x8014b8 <PV_Volt_DAQ_New+0x3>
    724c:	60 91 bf 14 	lds	r22, 0x14BF	; 0x8014bf <Track_Volt_Step_Size>
    7250:	70 91 c0 14 	lds	r23, 0x14C0	; 0x8014c0 <Track_Volt_Step_Size+0x1>
    7254:	80 91 c1 14 	lds	r24, 0x14C1	; 0x8014c1 <Track_Volt_Step_Size+0x2>
    7258:	90 91 c2 14 	lds	r25, 0x14C2	; 0x8014c2 <Track_Volt_Step_Size+0x3>
    725c:	20 91 76 14 	lds	r18, 0x1476	; 0x801476 <LOAD_MPPT_Step_Increase_Fact>
    7260:	30 91 77 14 	lds	r19, 0x1477	; 0x801477 <LOAD_MPPT_Step_Increase_Fact+0x1>
    7264:	40 91 78 14 	lds	r20, 0x1478	; 0x801478 <LOAD_MPPT_Step_Increase_Fact+0x2>
    7268:	50 91 79 14 	lds	r21, 0x1479	; 0x801479 <LOAD_MPPT_Step_Increase_Fact+0x3>
    726c:	0e 94 9a 48 	call	0x9134	; 0x9134 <__mulsf3>
    7270:	60 93 bf 14 	sts	0x14BF, r22	; 0x8014bf <Track_Volt_Step_Size>
    7274:	70 93 c0 14 	sts	0x14C0, r23	; 0x8014c0 <Track_Volt_Step_Size+0x1>
    7278:	80 93 c1 14 	sts	0x14C1, r24	; 0x8014c1 <Track_Volt_Step_Size+0x2>
    727c:	90 93 c2 14 	sts	0x14C2, r25	; 0x8014c2 <Track_Volt_Step_Size+0x3>
    7280:	90 c0       	rjmp	.+288    	; 0x73a2 <PV_Mode__MPPT_Simple_Main+0x310>
    7282:	80 90 55 14 	lds	r8, 0x1455	; 0x801455 <Track_Power_Old>
    7286:	90 90 56 14 	lds	r9, 0x1456	; 0x801456 <Track_Power_Old+0x1>
    728a:	a0 90 57 14 	lds	r10, 0x1457	; 0x801457 <Track_Power_Old+0x2>
    728e:	b0 90 58 14 	lds	r11, 0x1458	; 0x801458 <Track_Power_Old+0x3>
    7292:	60 91 0b 15 	lds	r22, 0x150B	; 0x80150b <AI_Volt_Scale>
    7296:	70 91 0c 15 	lds	r23, 0x150C	; 0x80150c <AI_Volt_Scale+0x1>
    729a:	80 91 0d 15 	lds	r24, 0x150D	; 0x80150d <AI_Volt_Scale+0x2>
    729e:	90 91 0e 15 	lds	r25, 0x150E	; 0x80150e <AI_Volt_Scale+0x3>
    72a2:	20 91 d4 14 	lds	r18, 0x14D4	; 0x8014d4 <AI_Curr_Scale>
    72a6:	30 91 d5 14 	lds	r19, 0x14D5	; 0x8014d5 <AI_Curr_Scale+0x1>
    72aa:	40 91 d6 14 	lds	r20, 0x14D6	; 0x8014d6 <AI_Curr_Scale+0x2>
    72ae:	50 91 d7 14 	lds	r21, 0x14D7	; 0x8014d7 <AI_Curr_Scale+0x3>
    72b2:	40 90 b1 14 	lds	r4, 0x14B1	; 0x8014b1 <LOAD_MPPT_Tolerance_CND>
    72b6:	50 90 b2 14 	lds	r5, 0x14B2	; 0x8014b2 <LOAD_MPPT_Tolerance_CND+0x1>
    72ba:	60 90 b3 14 	lds	r6, 0x14B3	; 0x8014b3 <LOAD_MPPT_Tolerance_CND+0x2>
    72be:	70 90 b4 14 	lds	r7, 0x14B4	; 0x8014b4 <LOAD_MPPT_Tolerance_CND+0x3>
    72c2:	c0 90 cc 14 	lds	r12, 0x14CC	; 0x8014cc <PV_Active_Load_Power>
    72c6:	d0 90 cd 14 	lds	r13, 0x14CD	; 0x8014cd <PV_Active_Load_Power+0x1>
    72ca:	e0 90 ce 14 	lds	r14, 0x14CE	; 0x8014ce <PV_Active_Load_Power+0x2>
    72ce:	f0 90 cf 14 	lds	r15, 0x14CF	; 0x8014cf <PV_Active_Load_Power+0x3>
    72d2:	0e 94 9a 48 	call	0x9134	; 0x9134 <__mulsf3>
    72d6:	a3 01       	movw	r20, r6
    72d8:	92 01       	movw	r18, r4
    72da:	0e 94 9a 48 	call	0x9134	; 0x9134 <__mulsf3>
    72de:	9b 01       	movw	r18, r22
    72e0:	ac 01       	movw	r20, r24
    72e2:	c5 01       	movw	r24, r10
    72e4:	b4 01       	movw	r22, r8
    72e6:	0e 94 d7 45 	call	0x8bae	; 0x8bae <__subsf3>
    72ea:	a7 01       	movw	r20, r14
    72ec:	96 01       	movw	r18, r12
    72ee:	0e 94 e1 47 	call	0x8fc2	; 0x8fc2 <__gesf2>
    72f2:	18 16       	cp	r1, r24
    72f4:	0c f0       	brlt	.+2      	; 0x72f8 <PV_Mode__MPPT_Simple_Main+0x266>
    72f6:	66 c0       	rjmp	.+204    	; 0x73c4 <PV_Mode__MPPT_Simple_Main+0x332>
    72f8:	60 91 bf 14 	lds	r22, 0x14BF	; 0x8014bf <Track_Volt_Step_Size>
    72fc:	70 91 c0 14 	lds	r23, 0x14C0	; 0x8014c0 <Track_Volt_Step_Size+0x1>
    7300:	80 91 c1 14 	lds	r24, 0x14C1	; 0x8014c1 <Track_Volt_Step_Size+0x2>
    7304:	90 91 c2 14 	lds	r25, 0x14C2	; 0x8014c2 <Track_Volt_Step_Size+0x3>
    7308:	20 91 a4 14 	lds	r18, 0x14A4	; 0x8014a4 <LOAD_MPPT_Step_Reduction_Fact>
    730c:	30 91 a5 14 	lds	r19, 0x14A5	; 0x8014a5 <LOAD_MPPT_Step_Reduction_Fact+0x1>
    7310:	40 91 a6 14 	lds	r20, 0x14A6	; 0x8014a6 <LOAD_MPPT_Step_Reduction_Fact+0x2>
    7314:	50 91 a7 14 	lds	r21, 0x14A7	; 0x8014a7 <LOAD_MPPT_Step_Reduction_Fact+0x3>
    7318:	0e 94 9a 48 	call	0x9134	; 0x9134 <__mulsf3>
    731c:	60 93 bf 14 	sts	0x14BF, r22	; 0x8014bf <Track_Volt_Step_Size>
    7320:	70 93 c0 14 	sts	0x14C0, r23	; 0x8014c0 <Track_Volt_Step_Size+0x1>
    7324:	80 93 c1 14 	sts	0x14C1, r24	; 0x8014c1 <Track_Volt_Step_Size+0x2>
    7328:	90 93 c2 14 	sts	0x14C2, r25	; 0x8014c2 <Track_Volt_Step_Size+0x3>
    732c:	80 91 61 14 	lds	r24, 0x1461	; 0x801461 <Track_Status>
    7330:	80 ff       	sbrs	r24, 0
    7332:	18 c0       	rjmp	.+48     	; 0x7364 <PV_Mode__MPPT_Simple_Main+0x2d2>
    7334:	80 91 61 14 	lds	r24, 0x1461	; 0x801461 <Track_Status>
    7338:	8e 7f       	andi	r24, 0xFE	; 254
    733a:	80 93 61 14 	sts	0x1461, r24	; 0x801461 <Track_Status>
    733e:	60 91 b5 14 	lds	r22, 0x14B5	; 0x8014b5 <PV_Volt_DAQ_New>
    7342:	70 91 b6 14 	lds	r23, 0x14B6	; 0x8014b6 <PV_Volt_DAQ_New+0x1>
    7346:	80 91 b7 14 	lds	r24, 0x14B7	; 0x8014b7 <PV_Volt_DAQ_New+0x2>
    734a:	90 91 b8 14 	lds	r25, 0x14B8	; 0x8014b8 <PV_Volt_DAQ_New+0x3>
    734e:	20 91 bf 14 	lds	r18, 0x14BF	; 0x8014bf <Track_Volt_Step_Size>
    7352:	30 91 c0 14 	lds	r19, 0x14C0	; 0x8014c0 <Track_Volt_Step_Size+0x1>
    7356:	40 91 c1 14 	lds	r20, 0x14C1	; 0x8014c1 <Track_Volt_Step_Size+0x2>
    735a:	50 91 c2 14 	lds	r21, 0x14C2	; 0x8014c2 <Track_Volt_Step_Size+0x3>
    735e:	0e 94 d7 45 	call	0x8bae	; 0x8bae <__subsf3>
    7362:	17 c0       	rjmp	.+46     	; 0x7392 <PV_Mode__MPPT_Simple_Main+0x300>
    7364:	80 91 61 14 	lds	r24, 0x1461	; 0x801461 <Track_Status>
    7368:	81 60       	ori	r24, 0x01	; 1
    736a:	80 93 61 14 	sts	0x1461, r24	; 0x801461 <Track_Status>
    736e:	60 91 b5 14 	lds	r22, 0x14B5	; 0x8014b5 <PV_Volt_DAQ_New>
    7372:	70 91 b6 14 	lds	r23, 0x14B6	; 0x8014b6 <PV_Volt_DAQ_New+0x1>
    7376:	80 91 b7 14 	lds	r24, 0x14B7	; 0x8014b7 <PV_Volt_DAQ_New+0x2>
    737a:	90 91 b8 14 	lds	r25, 0x14B8	; 0x8014b8 <PV_Volt_DAQ_New+0x3>
    737e:	20 91 bf 14 	lds	r18, 0x14BF	; 0x8014bf <Track_Volt_Step_Size>
    7382:	30 91 c0 14 	lds	r19, 0x14C0	; 0x8014c0 <Track_Volt_Step_Size+0x1>
    7386:	40 91 c1 14 	lds	r20, 0x14C1	; 0x8014c1 <Track_Volt_Step_Size+0x2>
    738a:	50 91 c2 14 	lds	r21, 0x14C2	; 0x8014c2 <Track_Volt_Step_Size+0x3>
    738e:	0e 94 d8 45 	call	0x8bb0	; 0x8bb0 <__addsf3>
    7392:	60 93 b5 14 	sts	0x14B5, r22	; 0x8014b5 <PV_Volt_DAQ_New>
    7396:	70 93 b6 14 	sts	0x14B6, r23	; 0x8014b6 <PV_Volt_DAQ_New+0x1>
    739a:	80 93 b7 14 	sts	0x14B7, r24	; 0x8014b7 <PV_Volt_DAQ_New+0x2>
    739e:	90 93 b8 14 	sts	0x14B8, r25	; 0x8014b8 <PV_Volt_DAQ_New+0x3>
    73a2:	80 91 cc 14 	lds	r24, 0x14CC	; 0x8014cc <PV_Active_Load_Power>
    73a6:	90 91 cd 14 	lds	r25, 0x14CD	; 0x8014cd <PV_Active_Load_Power+0x1>
    73aa:	a0 91 ce 14 	lds	r26, 0x14CE	; 0x8014ce <PV_Active_Load_Power+0x2>
    73ae:	b0 91 cf 14 	lds	r27, 0x14CF	; 0x8014cf <PV_Active_Load_Power+0x3>
    73b2:	80 93 55 14 	sts	0x1455, r24	; 0x801455 <Track_Power_Old>
    73b6:	90 93 56 14 	sts	0x1456, r25	; 0x801456 <Track_Power_Old+0x1>
    73ba:	a0 93 57 14 	sts	0x1457, r26	; 0x801457 <Track_Power_Old+0x2>
    73be:	b0 93 58 14 	sts	0x1458, r27	; 0x801458 <Track_Power_Old+0x3>
    73c2:	31 c0       	rjmp	.+98     	; 0x7426 <PV_Mode__MPPT_Simple_Main+0x394>
    73c4:	80 91 61 14 	lds	r24, 0x1461	; 0x801461 <Track_Status>
    73c8:	80 ff       	sbrs	r24, 0
    73ca:	13 c0       	rjmp	.+38     	; 0x73f2 <PV_Mode__MPPT_Simple_Main+0x360>
    73cc:	60 91 b5 14 	lds	r22, 0x14B5	; 0x8014b5 <PV_Volt_DAQ_New>
    73d0:	70 91 b6 14 	lds	r23, 0x14B6	; 0x8014b6 <PV_Volt_DAQ_New+0x1>
    73d4:	80 91 b7 14 	lds	r24, 0x14B7	; 0x8014b7 <PV_Volt_DAQ_New+0x2>
    73d8:	90 91 b8 14 	lds	r25, 0x14B8	; 0x8014b8 <PV_Volt_DAQ_New+0x3>
    73dc:	20 91 bf 14 	lds	r18, 0x14BF	; 0x8014bf <Track_Volt_Step_Size>
    73e0:	30 91 c0 14 	lds	r19, 0x14C0	; 0x8014c0 <Track_Volt_Step_Size+0x1>
    73e4:	40 91 c1 14 	lds	r20, 0x14C1	; 0x8014c1 <Track_Volt_Step_Size+0x2>
    73e8:	50 91 c2 14 	lds	r21, 0x14C2	; 0x8014c2 <Track_Volt_Step_Size+0x3>
    73ec:	0e 94 d8 45 	call	0x8bb0	; 0x8bb0 <__addsf3>
    73f0:	12 c0       	rjmp	.+36     	; 0x7416 <PV_Mode__MPPT_Simple_Main+0x384>
    73f2:	60 91 b5 14 	lds	r22, 0x14B5	; 0x8014b5 <PV_Volt_DAQ_New>
    73f6:	70 91 b6 14 	lds	r23, 0x14B6	; 0x8014b6 <PV_Volt_DAQ_New+0x1>
    73fa:	80 91 b7 14 	lds	r24, 0x14B7	; 0x8014b7 <PV_Volt_DAQ_New+0x2>
    73fe:	90 91 b8 14 	lds	r25, 0x14B8	; 0x8014b8 <PV_Volt_DAQ_New+0x3>
    7402:	20 91 bf 14 	lds	r18, 0x14BF	; 0x8014bf <Track_Volt_Step_Size>
    7406:	30 91 c0 14 	lds	r19, 0x14C0	; 0x8014c0 <Track_Volt_Step_Size+0x1>
    740a:	40 91 c1 14 	lds	r20, 0x14C1	; 0x8014c1 <Track_Volt_Step_Size+0x2>
    740e:	50 91 c2 14 	lds	r21, 0x14C2	; 0x8014c2 <Track_Volt_Step_Size+0x3>
    7412:	0e 94 d7 45 	call	0x8bae	; 0x8bae <__subsf3>
    7416:	60 93 b5 14 	sts	0x14B5, r22	; 0x8014b5 <PV_Volt_DAQ_New>
    741a:	70 93 b6 14 	sts	0x14B6, r23	; 0x8014b6 <PV_Volt_DAQ_New+0x1>
    741e:	80 93 b7 14 	sts	0x14B7, r24	; 0x8014b7 <PV_Volt_DAQ_New+0x2>
    7422:	90 93 b8 14 	sts	0x14B8, r25	; 0x8014b8 <PV_Volt_DAQ_New+0x3>
    7426:	60 91 0b 15 	lds	r22, 0x150B	; 0x80150b <AI_Volt_Scale>
    742a:	70 91 0c 15 	lds	r23, 0x150C	; 0x80150c <AI_Volt_Scale+0x1>
    742e:	80 91 0d 15 	lds	r24, 0x150D	; 0x80150d <AI_Volt_Scale+0x2>
    7432:	90 91 0e 15 	lds	r25, 0x150E	; 0x80150e <AI_Volt_Scale+0x3>
    7436:	20 91 86 14 	lds	r18, 0x1486	; 0x801486 <LOAD_MPPT_Max_Step_CND>
    743a:	30 91 87 14 	lds	r19, 0x1487	; 0x801487 <LOAD_MPPT_Max_Step_CND+0x1>
    743e:	40 91 88 14 	lds	r20, 0x1488	; 0x801488 <LOAD_MPPT_Max_Step_CND+0x2>
    7442:	50 91 89 14 	lds	r21, 0x1489	; 0x801489 <LOAD_MPPT_Max_Step_CND+0x3>
    7446:	c0 90 bf 14 	lds	r12, 0x14BF	; 0x8014bf <Track_Volt_Step_Size>
    744a:	d0 90 c0 14 	lds	r13, 0x14C0	; 0x8014c0 <Track_Volt_Step_Size+0x1>
    744e:	e0 90 c1 14 	lds	r14, 0x14C1	; 0x8014c1 <Track_Volt_Step_Size+0x2>
    7452:	f0 90 c2 14 	lds	r15, 0x14C2	; 0x8014c2 <Track_Volt_Step_Size+0x3>
    7456:	0e 94 9a 48 	call	0x9134	; 0x9134 <__mulsf3>
    745a:	a7 01       	movw	r20, r14
    745c:	96 01       	movw	r18, r12
    745e:	0e 94 3c 46 	call	0x8c78	; 0x8c78 <__cmpsf2>
    7462:	87 ff       	sbrs	r24, 7
    7464:	11 c0       	rjmp	.+34     	; 0x7488 <PV_Mode__MPPT_Simple_Main+0x3f6>
    7466:	60 91 0b 15 	lds	r22, 0x150B	; 0x80150b <AI_Volt_Scale>
    746a:	70 91 0c 15 	lds	r23, 0x150C	; 0x80150c <AI_Volt_Scale+0x1>
    746e:	80 91 0d 15 	lds	r24, 0x150D	; 0x80150d <AI_Volt_Scale+0x2>
    7472:	90 91 0e 15 	lds	r25, 0x150E	; 0x80150e <AI_Volt_Scale+0x3>
    7476:	20 91 86 14 	lds	r18, 0x1486	; 0x801486 <LOAD_MPPT_Max_Step_CND>
    747a:	30 91 87 14 	lds	r19, 0x1487	; 0x801487 <LOAD_MPPT_Max_Step_CND+0x1>
    747e:	40 91 88 14 	lds	r20, 0x1488	; 0x801488 <LOAD_MPPT_Max_Step_CND+0x2>
    7482:	50 91 89 14 	lds	r21, 0x1489	; 0x801489 <LOAD_MPPT_Max_Step_CND+0x3>
    7486:	30 c0       	rjmp	.+96     	; 0x74e8 <PV_Mode__MPPT_Simple_Main+0x456>
    7488:	60 91 0b 15 	lds	r22, 0x150B	; 0x80150b <AI_Volt_Scale>
    748c:	70 91 0c 15 	lds	r23, 0x150C	; 0x80150c <AI_Volt_Scale+0x1>
    7490:	80 91 0d 15 	lds	r24, 0x150D	; 0x80150d <AI_Volt_Scale+0x2>
    7494:	90 91 0e 15 	lds	r25, 0x150E	; 0x80150e <AI_Volt_Scale+0x3>
    7498:	20 91 b9 14 	lds	r18, 0x14B9	; 0x8014b9 <LOAD_MPPT_Min_Step_CND>
    749c:	30 91 ba 14 	lds	r19, 0x14BA	; 0x8014ba <LOAD_MPPT_Min_Step_CND+0x1>
    74a0:	40 91 bb 14 	lds	r20, 0x14BB	; 0x8014bb <LOAD_MPPT_Min_Step_CND+0x2>
    74a4:	50 91 bc 14 	lds	r21, 0x14BC	; 0x8014bc <LOAD_MPPT_Min_Step_CND+0x3>
    74a8:	c0 90 bf 14 	lds	r12, 0x14BF	; 0x8014bf <Track_Volt_Step_Size>
    74ac:	d0 90 c0 14 	lds	r13, 0x14C0	; 0x8014c0 <Track_Volt_Step_Size+0x1>
    74b0:	e0 90 c1 14 	lds	r14, 0x14C1	; 0x8014c1 <Track_Volt_Step_Size+0x2>
    74b4:	f0 90 c2 14 	lds	r15, 0x14C2	; 0x8014c2 <Track_Volt_Step_Size+0x3>
    74b8:	0e 94 9a 48 	call	0x9134	; 0x9134 <__mulsf3>
    74bc:	a7 01       	movw	r20, r14
    74be:	96 01       	movw	r18, r12
    74c0:	0e 94 e1 47 	call	0x8fc2	; 0x8fc2 <__gesf2>
    74c4:	18 16       	cp	r1, r24
    74c6:	d4 f4       	brge	.+52     	; 0x74fc <PV_Mode__MPPT_Simple_Main+0x46a>
    74c8:	60 91 0b 15 	lds	r22, 0x150B	; 0x80150b <AI_Volt_Scale>
    74cc:	70 91 0c 15 	lds	r23, 0x150C	; 0x80150c <AI_Volt_Scale+0x1>
    74d0:	80 91 0d 15 	lds	r24, 0x150D	; 0x80150d <AI_Volt_Scale+0x2>
    74d4:	90 91 0e 15 	lds	r25, 0x150E	; 0x80150e <AI_Volt_Scale+0x3>
    74d8:	20 91 b9 14 	lds	r18, 0x14B9	; 0x8014b9 <LOAD_MPPT_Min_Step_CND>
    74dc:	30 91 ba 14 	lds	r19, 0x14BA	; 0x8014ba <LOAD_MPPT_Min_Step_CND+0x1>
    74e0:	40 91 bb 14 	lds	r20, 0x14BB	; 0x8014bb <LOAD_MPPT_Min_Step_CND+0x2>
    74e4:	50 91 bc 14 	lds	r21, 0x14BC	; 0x8014bc <LOAD_MPPT_Min_Step_CND+0x3>
    74e8:	0e 94 9a 48 	call	0x9134	; 0x9134 <__mulsf3>
    74ec:	60 93 bf 14 	sts	0x14BF, r22	; 0x8014bf <Track_Volt_Step_Size>
    74f0:	70 93 c0 14 	sts	0x14C0, r23	; 0x8014c0 <Track_Volt_Step_Size+0x1>
    74f4:	80 93 c1 14 	sts	0x14C1, r24	; 0x8014c1 <Track_Volt_Step_Size+0x2>
    74f8:	90 93 c2 14 	sts	0x14C2, r25	; 0x8014c2 <Track_Volt_Step_Size+0x3>
    74fc:	60 91 b5 14 	lds	r22, 0x14B5	; 0x8014b5 <PV_Volt_DAQ_New>
    7500:	70 91 b6 14 	lds	r23, 0x14B6	; 0x8014b6 <PV_Volt_DAQ_New+0x1>
    7504:	80 91 b7 14 	lds	r24, 0x14B7	; 0x8014b7 <PV_Volt_DAQ_New+0x2>
    7508:	90 91 b8 14 	lds	r25, 0x14B8	; 0x8014b8 <PV_Volt_DAQ_New+0x3>
    750c:	20 e0       	ldi	r18, 0x00	; 0
    750e:	30 e0       	ldi	r19, 0x00	; 0
    7510:	a9 01       	movw	r20, r18
    7512:	0e 94 3c 46 	call	0x8c78	; 0x8c78 <__cmpsf2>
    7516:	87 ff       	sbrs	r24, 7
    7518:	3f c0       	rjmp	.+126    	; 0x7598 <PV_Mode__MPPT_Simple_Main+0x506>
    751a:	80 91 61 14 	lds	r24, 0x1461	; 0x801461 <Track_Status>
    751e:	81 60       	ori	r24, 0x01	; 1
    7520:	80 93 61 14 	sts	0x1461, r24	; 0x801461 <Track_Status>
    7524:	60 91 0b 15 	lds	r22, 0x150B	; 0x80150b <AI_Volt_Scale>
    7528:	70 91 0c 15 	lds	r23, 0x150C	; 0x80150c <AI_Volt_Scale+0x1>
    752c:	80 91 0d 15 	lds	r24, 0x150D	; 0x80150d <AI_Volt_Scale+0x2>
    7530:	90 91 0e 15 	lds	r25, 0x150E	; 0x80150e <AI_Volt_Scale+0x3>
    7534:	20 91 86 14 	lds	r18, 0x1486	; 0x801486 <LOAD_MPPT_Max_Step_CND>
    7538:	30 91 87 14 	lds	r19, 0x1487	; 0x801487 <LOAD_MPPT_Max_Step_CND+0x1>
    753c:	40 91 88 14 	lds	r20, 0x1488	; 0x801488 <LOAD_MPPT_Max_Step_CND+0x2>
    7540:	50 91 89 14 	lds	r21, 0x1489	; 0x801489 <LOAD_MPPT_Max_Step_CND+0x3>
    7544:	0e 94 9a 48 	call	0x9134	; 0x9134 <__mulsf3>
    7548:	60 93 bf 14 	sts	0x14BF, r22	; 0x8014bf <Track_Volt_Step_Size>
    754c:	70 93 c0 14 	sts	0x14C0, r23	; 0x8014c0 <Track_Volt_Step_Size+0x1>
    7550:	80 93 c1 14 	sts	0x14C1, r24	; 0x8014c1 <Track_Volt_Step_Size+0x2>
    7554:	90 93 c2 14 	sts	0x14C2, r25	; 0x8014c2 <Track_Volt_Step_Size+0x3>
    7558:	80 91 bf 14 	lds	r24, 0x14BF	; 0x8014bf <Track_Volt_Step_Size>
    755c:	90 91 c0 14 	lds	r25, 0x14C0	; 0x8014c0 <Track_Volt_Step_Size+0x1>
    7560:	a0 91 c1 14 	lds	r26, 0x14C1	; 0x8014c1 <Track_Volt_Step_Size+0x2>
    7564:	b0 91 c2 14 	lds	r27, 0x14C2	; 0x8014c2 <Track_Volt_Step_Size+0x3>
    7568:	80 93 b5 14 	sts	0x14B5, r24	; 0x8014b5 <PV_Volt_DAQ_New>
    756c:	90 93 b6 14 	sts	0x14B6, r25	; 0x8014b6 <PV_Volt_DAQ_New+0x1>
    7570:	a0 93 b7 14 	sts	0x14B7, r26	; 0x8014b7 <PV_Volt_DAQ_New+0x2>
    7574:	b0 93 b8 14 	sts	0x14B8, r27	; 0x8014b8 <PV_Volt_DAQ_New+0x3>
    7578:	80 91 cc 14 	lds	r24, 0x14CC	; 0x8014cc <PV_Active_Load_Power>
    757c:	90 91 cd 14 	lds	r25, 0x14CD	; 0x8014cd <PV_Active_Load_Power+0x1>
    7580:	a0 91 ce 14 	lds	r26, 0x14CE	; 0x8014ce <PV_Active_Load_Power+0x2>
    7584:	b0 91 cf 14 	lds	r27, 0x14CF	; 0x8014cf <PV_Active_Load_Power+0x3>
    7588:	80 93 55 14 	sts	0x1455, r24	; 0x801455 <Track_Power_Old>
    758c:	90 93 56 14 	sts	0x1456, r25	; 0x801456 <Track_Power_Old+0x1>
    7590:	a0 93 57 14 	sts	0x1457, r26	; 0x801457 <Track_Power_Old+0x2>
    7594:	b0 93 58 14 	sts	0x1458, r27	; 0x801458 <Track_Power_Old+0x3>
    7598:	ff 90       	pop	r15
    759a:	ef 90       	pop	r14
    759c:	df 90       	pop	r13
    759e:	cf 90       	pop	r12
    75a0:	bf 90       	pop	r11
    75a2:	af 90       	pop	r10
    75a4:	9f 90       	pop	r9
    75a6:	8f 90       	pop	r8
    75a8:	7f 90       	pop	r7
    75aa:	6f 90       	pop	r6
    75ac:	5f 90       	pop	r5
    75ae:	4f 90       	pop	r4
    75b0:	08 95       	ret

000075b2 <LOAD_CTR_MAIN>:
    75b2:	60 91 8f 10 	lds	r22, 0x108F	; 0x80108f <AI_Volt>
    75b6:	70 91 90 10 	lds	r23, 0x1090	; 0x801090 <AI_Volt+0x1>
    75ba:	80 91 91 10 	lds	r24, 0x1091	; 0x801091 <AI_Volt+0x2>
    75be:	90 91 92 10 	lds	r25, 0x1092	; 0x801092 <AI_Volt+0x3>
    75c2:	20 91 41 12 	lds	r18, 0x1241	; 0x801241 <AI_Curr_Corr>
    75c6:	30 91 42 12 	lds	r19, 0x1242	; 0x801242 <AI_Curr_Corr+0x1>
    75ca:	40 91 43 12 	lds	r20, 0x1243	; 0x801243 <AI_Curr_Corr+0x2>
    75ce:	50 91 44 12 	lds	r21, 0x1244	; 0x801244 <AI_Curr_Corr+0x3>
    75d2:	0e 94 9a 48 	call	0x9134	; 0x9134 <__mulsf3>
    75d6:	60 93 cc 14 	sts	0x14CC, r22	; 0x8014cc <PV_Active_Load_Power>
    75da:	70 93 cd 14 	sts	0x14CD, r23	; 0x8014cd <PV_Active_Load_Power+0x1>
    75de:	80 93 ce 14 	sts	0x14CE, r24	; 0x8014ce <PV_Active_Load_Power+0x2>
    75e2:	90 93 cf 14 	sts	0x14CF, r25	; 0x8014cf <PV_Active_Load_Power+0x3>
    75e6:	80 91 1f 14 	lds	r24, 0x141F	; 0x80141f <SysControl>
    75ea:	87 ff       	sbrs	r24, 7
    75ec:	0b c0       	rjmp	.+22     	; 0x7604 <LOAD_CTR_MAIN+0x52>
    75ee:	80 91 1a 14 	lds	r24, 0x141A	; 0x80141a <SysStatus_A>
    75f2:	82 60       	ori	r24, 0x02	; 2
    75f4:	80 93 1a 14 	sts	0x141A, r24	; 0x80141a <SysStatus_A>
    75f8:	80 91 1f 14 	lds	r24, 0x141F	; 0x80141f <SysControl>
    75fc:	8e 7f       	andi	r24, 0xFE	; 254
    75fe:	80 93 1f 14 	sts	0x141F, r24	; 0x80141f <SysControl>
    7602:	05 c0       	rjmp	.+10     	; 0x760e <LOAD_CTR_MAIN+0x5c>
    7604:	80 91 1a 14 	lds	r24, 0x141A	; 0x80141a <SysStatus_A>
    7608:	8d 7f       	andi	r24, 0xFD	; 253
    760a:	80 93 1a 14 	sts	0x141A, r24	; 0x80141a <SysStatus_A>
    760e:	ac d8       	rcall	.-3752   	; 0x6768 <Process_Operating_Temperature_State>
    7610:	68 d9       	rcall	.-3376   	; 0x68e2 <Process_Bias_Voltage_State>
    7612:	b3 d9       	rcall	.-3226   	; 0x697a <Process_Fan_Control>
    7614:	b3 da       	rcall	.-2714   	; 0x6b7c <Process_Error_LED_State>
    7616:	80 91 1f 14 	lds	r24, 0x141F	; 0x80141f <SysControl>
    761a:	80 ff       	sbrs	r24, 0
    761c:	d4 c0       	rjmp	.+424    	; 0x77c6 <LOAD_CTR_MAIN+0x214>
    761e:	80 91 1f 14 	lds	r24, 0x141F	; 0x80141f <SysControl>
    7622:	81 ff       	sbrs	r24, 1
    7624:	1c c0       	rjmp	.+56     	; 0x765e <LOAD_CTR_MAIN+0xac>
    7626:	bd da       	rcall	.-2694   	; 0x6ba2 <Check_Temp_Disconnect_State>
    7628:	81 11       	cpse	r24, r1
    762a:	04 c0       	rjmp	.+8      	; 0x7634 <LOAD_CTR_MAIN+0x82>
    762c:	80 91 1a 14 	lds	r24, 0x141A	; 0x80141a <SysStatus_A>
    7630:	85 ff       	sbrs	r24, 5
    7632:	0b c0       	rjmp	.+22     	; 0x764a <LOAD_CTR_MAIN+0x98>
    7634:	80 91 1a 14 	lds	r24, 0x141A	; 0x80141a <SysStatus_A>
    7638:	8e 7f       	andi	r24, 0xFE	; 254
    763a:	80 93 1a 14 	sts	0x141A, r24	; 0x80141a <SysStatus_A>
    763e:	47 98       	cbi	0x08, 7	; 8
    7640:	28 98       	cbi	0x05, 0	; 5
    7642:	80 91 1f 14 	lds	r24, 0x141F	; 0x80141f <SysControl>
    7646:	8d 7f       	andi	r24, 0xFD	; 253
    7648:	bb c0       	rjmp	.+374    	; 0x77c0 <LOAD_CTR_MAIN+0x20e>
    764a:	80 91 1a 14 	lds	r24, 0x141A	; 0x80141a <SysStatus_A>
    764e:	81 60       	ori	r24, 0x01	; 1
    7650:	80 93 1a 14 	sts	0x141A, r24	; 0x80141a <SysStatus_A>
    7654:	47 9a       	sbi	0x08, 7	; 8
    7656:	28 9a       	sbi	0x05, 0	; 5
    7658:	0e 94 a8 07 	call	0xf50	; 0xf50 <PV_IV_MEAS>
    765c:	d3 c0       	rjmp	.+422    	; 0x7804 <LOAD_CTR_MAIN+0x252>
    765e:	80 91 1f 14 	lds	r24, 0x141F	; 0x80141f <SysControl>
    7662:	82 ff       	sbrs	r24, 2
    7664:	1c c0       	rjmp	.+56     	; 0x769e <LOAD_CTR_MAIN+0xec>
    7666:	9d da       	rcall	.-2758   	; 0x6ba2 <Check_Temp_Disconnect_State>
    7668:	81 11       	cpse	r24, r1
    766a:	04 c0       	rjmp	.+8      	; 0x7674 <LOAD_CTR_MAIN+0xc2>
    766c:	80 91 1a 14 	lds	r24, 0x141A	; 0x80141a <SysStatus_A>
    7670:	85 ff       	sbrs	r24, 5
    7672:	0b c0       	rjmp	.+22     	; 0x768a <LOAD_CTR_MAIN+0xd8>
    7674:	80 91 1a 14 	lds	r24, 0x141A	; 0x80141a <SysStatus_A>
    7678:	8e 7f       	andi	r24, 0xFE	; 254
    767a:	80 93 1a 14 	sts	0x141A, r24	; 0x80141a <SysStatus_A>
    767e:	47 98       	cbi	0x08, 7	; 8
    7680:	28 98       	cbi	0x05, 0	; 5
    7682:	80 91 1f 14 	lds	r24, 0x141F	; 0x80141f <SysControl>
    7686:	8b 7f       	andi	r24, 0xFB	; 251
    7688:	9b c0       	rjmp	.+310    	; 0x77c0 <LOAD_CTR_MAIN+0x20e>
    768a:	80 91 1a 14 	lds	r24, 0x141A	; 0x80141a <SysStatus_A>
    768e:	81 60       	ori	r24, 0x01	; 1
    7690:	80 93 1a 14 	sts	0x141A, r24	; 0x80141a <SysStatus_A>
    7694:	47 9a       	sbi	0x08, 7	; 8
    7696:	28 9a       	sbi	0x05, 0	; 5
    7698:	0e 94 2c 02 	call	0x458	; 0x458 <PV_TRANS_MEAS>
    769c:	b3 c0       	rjmp	.+358    	; 0x7804 <LOAD_CTR_MAIN+0x252>
    769e:	56 da       	rcall	.-2900   	; 0x6b4c <Check_if_Active_Errors_Output_Disabled>
    76a0:	88 23       	and	r24, r24
    76a2:	c1 f0       	breq	.+48     	; 0x76d4 <LOAD_CTR_MAIN+0x122>
    76a4:	80 91 1a 14 	lds	r24, 0x141A	; 0x80141a <SysStatus_A>
    76a8:	81 60       	ori	r24, 0x01	; 1
    76aa:	80 93 1a 14 	sts	0x141A, r24	; 0x80141a <SysStatus_A>
    76ae:	47 9a       	sbi	0x08, 7	; 8
    76b0:	28 98       	cbi	0x05, 0	; 5
    76b2:	80 91 56 15 	lds	r24, 0x1556	; 0x801556 <Range_Volt_Switch_Freq_Ctr_Max>
    76b6:	90 91 57 15 	lds	r25, 0x1557	; 0x801557 <Range_Volt_Switch_Freq_Ctr_Max+0x1>
    76ba:	90 93 28 15 	sts	0x1528, r25	; 0x801528 <Range_Volt_Switch_Freq_Counter+0x1>
    76be:	80 93 27 15 	sts	0x1527, r24	; 0x801527 <Range_Volt_Switch_Freq_Counter>
    76c2:	80 91 e5 14 	lds	r24, 0x14E5	; 0x8014e5 <Range_Curr_Switch_Freq_Ctr_Max>
    76c6:	90 91 e6 14 	lds	r25, 0x14E6	; 0x8014e6 <Range_Curr_Switch_Freq_Ctr_Max+0x1>
    76ca:	90 93 e3 14 	sts	0x14E3, r25	; 0x8014e3 <Range_Curr_Switch_Freq_Counter+0x1>
    76ce:	80 93 e2 14 	sts	0x14E2, r24	; 0x8014e2 <Range_Curr_Switch_Freq_Counter>
    76d2:	98 c0       	rjmp	.+304    	; 0x7804 <LOAD_CTR_MAIN+0x252>
    76d4:	80 91 a1 14 	lds	r24, 0x14A1	; 0x8014a1 <PV_Mode_CTR>
    76d8:	81 30       	cpi	r24, 0x01	; 1
    76da:	61 f4       	brne	.+24     	; 0x76f4 <LOAD_CTR_MAIN+0x142>
    76dc:	80 91 a1 14 	lds	r24, 0x14A1	; 0x8014a1 <PV_Mode_CTR>
    76e0:	80 93 8a 14 	sts	0x148A, r24	; 0x80148a <PV_Mode_ACT>
    76e4:	80 91 1a 14 	lds	r24, 0x141A	; 0x80141a <SysStatus_A>
    76e8:	81 60       	ori	r24, 0x01	; 1
    76ea:	80 93 1a 14 	sts	0x141A, r24	; 0x80141a <SysStatus_A>
    76ee:	47 9a       	sbi	0x08, 7	; 8
    76f0:	28 98       	cbi	0x05, 0	; 5
    76f2:	88 c0       	rjmp	.+272    	; 0x7804 <LOAD_CTR_MAIN+0x252>
    76f4:	80 91 a1 14 	lds	r24, 0x14A1	; 0x8014a1 <PV_Mode_CTR>
    76f8:	82 30       	cpi	r24, 0x02	; 2
    76fa:	a1 f4       	brne	.+40     	; 0x7724 <LOAD_CTR_MAIN+0x172>
    76fc:	80 91 a1 14 	lds	r24, 0x14A1	; 0x8014a1 <PV_Mode_CTR>
    7700:	80 93 8a 14 	sts	0x148A, r24	; 0x80148a <PV_Mode_ACT>
    7704:	80 91 1a 14 	lds	r24, 0x141A	; 0x80141a <SysStatus_A>
    7708:	81 60       	ori	r24, 0x01	; 1
    770a:	80 93 1a 14 	sts	0x141A, r24	; 0x80141a <SysStatus_A>
    770e:	47 9a       	sbi	0x08, 7	; 8
    7710:	28 9a       	sbi	0x05, 0	; 5
    7712:	10 92 b5 14 	sts	0x14B5, r1	; 0x8014b5 <PV_Volt_DAQ_New>
    7716:	10 92 b6 14 	sts	0x14B6, r1	; 0x8014b6 <PV_Volt_DAQ_New+0x1>
    771a:	10 92 b7 14 	sts	0x14B7, r1	; 0x8014b7 <PV_Volt_DAQ_New+0x2>
    771e:	10 92 b8 14 	sts	0x14B8, r1	; 0x8014b8 <PV_Volt_DAQ_New+0x3>
    7722:	70 c0       	rjmp	.+224    	; 0x7804 <LOAD_CTR_MAIN+0x252>
    7724:	80 91 a1 14 	lds	r24, 0x14A1	; 0x8014a1 <PV_Mode_CTR>
    7728:	83 30       	cpi	r24, 0x03	; 3
    772a:	a1 f4       	brne	.+40     	; 0x7754 <LOAD_CTR_MAIN+0x1a2>
    772c:	80 91 a1 14 	lds	r24, 0x14A1	; 0x8014a1 <PV_Mode_CTR>
    7730:	80 93 8a 14 	sts	0x148A, r24	; 0x80148a <PV_Mode_ACT>
    7734:	80 91 1a 14 	lds	r24, 0x141A	; 0x80141a <SysStatus_A>
    7738:	81 60       	ori	r24, 0x01	; 1
    773a:	80 93 1a 14 	sts	0x141A, r24	; 0x80141a <SysStatus_A>
    773e:	47 9a       	sbi	0x08, 7	; 8
    7740:	28 9a       	sbi	0x05, 0	; 5
    7742:	80 91 4e 14 	lds	r24, 0x144E	; 0x80144e <PV_Volt_Setpoint>
    7746:	90 91 4f 14 	lds	r25, 0x144F	; 0x80144f <PV_Volt_Setpoint+0x1>
    774a:	a0 91 50 14 	lds	r26, 0x1450	; 0x801450 <PV_Volt_Setpoint+0x2>
    774e:	b0 91 51 14 	lds	r27, 0x1451	; 0x801451 <PV_Volt_Setpoint+0x3>
    7752:	50 c0       	rjmp	.+160    	; 0x77f4 <LOAD_CTR_MAIN+0x242>
    7754:	80 91 a1 14 	lds	r24, 0x14A1	; 0x8014a1 <PV_Mode_CTR>
    7758:	84 30       	cpi	r24, 0x04	; 4
    775a:	89 f4       	brne	.+34     	; 0x777e <LOAD_CTR_MAIN+0x1cc>
    775c:	80 91 1a 14 	lds	r24, 0x141A	; 0x80141a <SysStatus_A>
    7760:	81 60       	ori	r24, 0x01	; 1
    7762:	80 93 1a 14 	sts	0x141A, r24	; 0x80141a <SysStatus_A>
    7766:	47 9a       	sbi	0x08, 7	; 8
    7768:	28 9a       	sbi	0x05, 0	; 5
    776a:	90 91 8a 14 	lds	r25, 0x148A	; 0x80148a <PV_Mode_ACT>
    776e:	80 91 a1 14 	lds	r24, 0x14A1	; 0x8014a1 <PV_Mode_CTR>
    7772:	98 13       	cpse	r25, r24
    7774:	02 c0       	rjmp	.+4      	; 0x777a <LOAD_CTR_MAIN+0x1c8>
    7776:	9c da       	rcall	.-2760   	; 0x6cb0 <PV_Mode__Constant_Current_Main>
    7778:	45 c0       	rjmp	.+138    	; 0x7804 <LOAD_CTR_MAIN+0x252>
    777a:	6c da       	rcall	.-2856   	; 0x6c54 <PV_Mode__Constant_Current_Init>
    777c:	43 c0       	rjmp	.+134    	; 0x7804 <LOAD_CTR_MAIN+0x252>
    777e:	80 91 a1 14 	lds	r24, 0x14A1	; 0x8014a1 <PV_Mode_CTR>
    7782:	85 30       	cpi	r24, 0x05	; 5
    7784:	89 f4       	brne	.+34     	; 0x77a8 <LOAD_CTR_MAIN+0x1f6>
    7786:	80 91 1a 14 	lds	r24, 0x141A	; 0x80141a <SysStatus_A>
    778a:	81 60       	ori	r24, 0x01	; 1
    778c:	80 93 1a 14 	sts	0x141A, r24	; 0x80141a <SysStatus_A>
    7790:	47 9a       	sbi	0x08, 7	; 8
    7792:	28 9a       	sbi	0x05, 0	; 5
    7794:	90 91 8a 14 	lds	r25, 0x148A	; 0x80148a <PV_Mode_ACT>
    7798:	80 91 a1 14 	lds	r24, 0x14A1	; 0x8014a1 <PV_Mode_CTR>
    779c:	98 13       	cpse	r25, r24
    779e:	02 c0       	rjmp	.+4      	; 0x77a4 <LOAD_CTR_MAIN+0x1f2>
    77a0:	78 dc       	rcall	.-1808   	; 0x7092 <PV_Mode__MPPT_Simple_Main>
    77a2:	30 c0       	rjmp	.+96     	; 0x7804 <LOAD_CTR_MAIN+0x252>
    77a4:	24 dc       	rcall	.-1976   	; 0x6fee <PV_Mode__MPPT_Simple_Init>
    77a6:	2e c0       	rjmp	.+92     	; 0x7804 <LOAD_CTR_MAIN+0x252>
    77a8:	10 92 a1 14 	sts	0x14A1, r1	; 0x8014a1 <PV_Mode_CTR>
    77ac:	80 91 1a 14 	lds	r24, 0x141A	; 0x80141a <SysStatus_A>
    77b0:	8e 7f       	andi	r24, 0xFE	; 254
    77b2:	80 93 1a 14 	sts	0x141A, r24	; 0x80141a <SysStatus_A>
    77b6:	47 98       	cbi	0x08, 7	; 8
    77b8:	28 98       	cbi	0x05, 0	; 5
    77ba:	80 91 1f 14 	lds	r24, 0x141F	; 0x80141f <SysControl>
    77be:	8e 7f       	andi	r24, 0xFE	; 254
    77c0:	80 93 1f 14 	sts	0x141F, r24	; 0x80141f <SysControl>
    77c4:	1f c0       	rjmp	.+62     	; 0x7804 <LOAD_CTR_MAIN+0x252>
    77c6:	80 91 1a 14 	lds	r24, 0x141A	; 0x80141a <SysStatus_A>
    77ca:	8e 7f       	andi	r24, 0xFE	; 254
    77cc:	80 93 1a 14 	sts	0x141A, r24	; 0x80141a <SysStatus_A>
    77d0:	47 98       	cbi	0x08, 7	; 8
    77d2:	28 98       	cbi	0x05, 0	; 5
    77d4:	80 91 1f 14 	lds	r24, 0x141F	; 0x80141f <SysControl>
    77d8:	8d 7f       	andi	r24, 0xFD	; 253
    77da:	80 93 1f 14 	sts	0x141F, r24	; 0x80141f <SysControl>
    77de:	80 91 1f 14 	lds	r24, 0x141F	; 0x80141f <SysControl>
    77e2:	8b 7f       	andi	r24, 0xFB	; 251
    77e4:	80 93 1f 14 	sts	0x141F, r24	; 0x80141f <SysControl>
    77e8:	10 92 8a 14 	sts	0x148A, r1	; 0x80148a <PV_Mode_ACT>
    77ec:	80 e0       	ldi	r24, 0x00	; 0
    77ee:	9a ef       	ldi	r25, 0xFA	; 250
    77f0:	af e7       	ldi	r26, 0x7F	; 127
    77f2:	b7 e4       	ldi	r27, 0x47	; 71
    77f4:	80 93 b5 14 	sts	0x14B5, r24	; 0x8014b5 <PV_Volt_DAQ_New>
    77f8:	90 93 b6 14 	sts	0x14B6, r25	; 0x8014b6 <PV_Volt_DAQ_New+0x1>
    77fc:	a0 93 b7 14 	sts	0x14B7, r26	; 0x8014b7 <PV_Volt_DAQ_New+0x2>
    7800:	b0 93 b8 14 	sts	0x14B8, r27	; 0x8014b8 <PV_Volt_DAQ_New+0x3>
    7804:	60 91 8f 14 	lds	r22, 0x148F	; 0x80148f <PV_Volt_DAC_ACT>
    7808:	70 91 90 14 	lds	r23, 0x1490	; 0x801490 <PV_Volt_DAC_ACT+0x1>
    780c:	80 91 91 14 	lds	r24, 0x1491	; 0x801491 <PV_Volt_DAC_ACT+0x2>
    7810:	90 91 92 14 	lds	r25, 0x1492	; 0x801492 <PV_Volt_DAC_ACT+0x3>
    7814:	20 91 b5 14 	lds	r18, 0x14B5	; 0x8014b5 <PV_Volt_DAQ_New>
    7818:	30 91 b6 14 	lds	r19, 0x14B6	; 0x8014b6 <PV_Volt_DAQ_New+0x1>
    781c:	40 91 b7 14 	lds	r20, 0x14B7	; 0x8014b7 <PV_Volt_DAQ_New+0x2>
    7820:	50 91 b8 14 	lds	r21, 0x14B8	; 0x8014b8 <PV_Volt_DAQ_New+0x3>
    7824:	0e 94 3c 46 	call	0x8c78	; 0x8c78 <__cmpsf2>
    7828:	88 23       	and	r24, r24
    782a:	51 f0       	breq	.+20     	; 0x7840 <LOAD_CTR_MAIN+0x28e>
    782c:	60 91 b5 14 	lds	r22, 0x14B5	; 0x8014b5 <PV_Volt_DAQ_New>
    7830:	70 91 b6 14 	lds	r23, 0x14B6	; 0x8014b6 <PV_Volt_DAQ_New+0x1>
    7834:	80 91 b7 14 	lds	r24, 0x14B7	; 0x8014b7 <PV_Volt_DAQ_New+0x2>
    7838:	90 91 b8 14 	lds	r25, 0x14B8	; 0x8014b8 <PV_Volt_DAQ_New+0x3>
    783c:	0c 94 be 2d 	jmp	0x5b7c	; 0x5b7c <Set_DAC_Output_Volts>
    7840:	08 95       	ret

00007842 <Get_Best_Voltage_Range_From_Value>:
    7842:	af 92       	push	r10
    7844:	bf 92       	push	r11
    7846:	cf 92       	push	r12
    7848:	df 92       	push	r13
    784a:	ef 92       	push	r14
    784c:	ff 92       	push	r15
    784e:	0f 93       	push	r16
    7850:	1f 93       	push	r17
    7852:	cf 93       	push	r28
    7854:	6b 01       	movw	r12, r22
    7856:	7c 01       	movw	r14, r24
    7858:	04 e0       	ldi	r16, 0x04	; 4
    785a:	10 e0       	ldi	r17, 0x00	; 0
    785c:	c0 2f       	mov	r28, r16
    785e:	58 01       	movw	r10, r16
    7860:	aa 0c       	add	r10, r10
    7862:	bb 1c       	adc	r11, r11
    7864:	aa 0c       	add	r10, r10
    7866:	bb 1c       	adc	r11, r11
    7868:	f5 01       	movw	r30, r10
    786a:	e6 5d       	subi	r30, 0xD6	; 214
    786c:	fa 4e       	sbci	r31, 0xEA	; 234
    786e:	60 81       	ld	r22, Z
    7870:	71 81       	ldd	r23, Z+1	; 0x01
    7872:	82 81       	ldd	r24, Z+2	; 0x02
    7874:	93 81       	ldd	r25, Z+3	; 0x03
    7876:	a7 01       	movw	r20, r14
    7878:	96 01       	movw	r18, r12
    787a:	0e 94 e1 47 	call	0x8fc2	; 0x8fc2 <__gesf2>
    787e:	18 16       	cp	r1, r24
    7880:	6c f4       	brge	.+26     	; 0x789c <Get_Best_Voltage_Range_From_Value+0x5a>
    7882:	f5 01       	movw	r30, r10
    7884:	e1 5c       	subi	r30, 0xC1	; 193
    7886:	fa 4e       	sbci	r31, 0xEA	; 234
    7888:	20 81       	ld	r18, Z
    788a:	31 81       	ldd	r19, Z+1	; 0x01
    788c:	42 81       	ldd	r20, Z+2	; 0x02
    788e:	53 81       	ldd	r21, Z+3	; 0x03
    7890:	c7 01       	movw	r24, r14
    7892:	b6 01       	movw	r22, r12
    7894:	0e 94 e1 47 	call	0x8fc2	; 0x8fc2 <__gesf2>
    7898:	18 16       	cp	r1, r24
    789a:	24 f0       	brlt	.+8      	; 0x78a4 <Get_Best_Voltage_Range_From_Value+0x62>
    789c:	01 50       	subi	r16, 0x01	; 1
    789e:	11 09       	sbc	r17, r1
    78a0:	e8 f6       	brcc	.-70     	; 0x785c <Get_Best_Voltage_Range_From_Value+0x1a>
    78a2:	c4 e0       	ldi	r28, 0x04	; 4
    78a4:	2c 2f       	mov	r18, r28
    78a6:	30 e0       	ldi	r19, 0x00	; 0
    78a8:	80 91 dd 14 	lds	r24, 0x14DD	; 0x8014dd <Range_Volt_ID_Act>
    78ac:	90 e0       	ldi	r25, 0x00	; 0
    78ae:	01 96       	adiw	r24, 0x01	; 1
    78b0:	28 17       	cp	r18, r24
    78b2:	39 07       	cpc	r19, r25
    78b4:	99 f4       	brne	.+38     	; 0x78dc <Get_Best_Voltage_Range_From_Value+0x9a>
    78b6:	e0 91 dd 14 	lds	r30, 0x14DD	; 0x8014dd <Range_Volt_ID_Act>
    78ba:	84 e0       	ldi	r24, 0x04	; 4
    78bc:	e8 9f       	mul	r30, r24
    78be:	f0 01       	movw	r30, r0
    78c0:	11 24       	eor	r1, r1
    78c2:	e6 5d       	subi	r30, 0xD6	; 214
    78c4:	fa 4e       	sbci	r31, 0xEA	; 234
    78c6:	20 81       	ld	r18, Z
    78c8:	31 81       	ldd	r19, Z+1	; 0x01
    78ca:	42 81       	ldd	r20, Z+2	; 0x02
    78cc:	53 81       	ldd	r21, Z+3	; 0x03
    78ce:	c7 01       	movw	r24, r14
    78d0:	b6 01       	movw	r22, r12
    78d2:	0e 94 3c 46 	call	0x8c78	; 0x8c78 <__cmpsf2>
    78d6:	87 ff       	sbrs	r24, 7
    78d8:	1c c0       	rjmp	.+56     	; 0x7912 <Get_Best_Voltage_Range_From_Value+0xd0>
    78da:	19 c0       	rjmp	.+50     	; 0x790e <Get_Best_Voltage_Range_From_Value+0xcc>
    78dc:	80 91 dd 14 	lds	r24, 0x14DD	; 0x8014dd <Range_Volt_ID_Act>
    78e0:	90 e0       	ldi	r25, 0x00	; 0
    78e2:	01 97       	sbiw	r24, 0x01	; 1
    78e4:	28 17       	cp	r18, r24
    78e6:	39 07       	cpc	r19, r25
    78e8:	a1 f4       	brne	.+40     	; 0x7912 <Get_Best_Voltage_Range_From_Value+0xd0>
    78ea:	e0 91 dd 14 	lds	r30, 0x14DD	; 0x8014dd <Range_Volt_ID_Act>
    78ee:	84 e0       	ldi	r24, 0x04	; 4
    78f0:	e8 9f       	mul	r30, r24
    78f2:	f0 01       	movw	r30, r0
    78f4:	11 24       	eor	r1, r1
    78f6:	e1 5c       	subi	r30, 0xC1	; 193
    78f8:	fa 4e       	sbci	r31, 0xEA	; 234
    78fa:	20 81       	ld	r18, Z
    78fc:	31 81       	ldd	r19, Z+1	; 0x01
    78fe:	42 81       	ldd	r20, Z+2	; 0x02
    7900:	53 81       	ldd	r21, Z+3	; 0x03
    7902:	c7 01       	movw	r24, r14
    7904:	b6 01       	movw	r22, r12
    7906:	0e 94 e1 47 	call	0x8fc2	; 0x8fc2 <__gesf2>
    790a:	18 16       	cp	r1, r24
    790c:	14 f4       	brge	.+4      	; 0x7912 <Get_Best_Voltage_Range_From_Value+0xd0>
    790e:	c0 91 dd 14 	lds	r28, 0x14DD	; 0x8014dd <Range_Volt_ID_Act>
    7912:	8c 2f       	mov	r24, r28
    7914:	cf 91       	pop	r28
    7916:	1f 91       	pop	r17
    7918:	0f 91       	pop	r16
    791a:	ff 90       	pop	r15
    791c:	ef 90       	pop	r14
    791e:	df 90       	pop	r13
    7920:	cf 90       	pop	r12
    7922:	bf 90       	pop	r11
    7924:	af 90       	pop	r10
    7926:	08 95       	ret

00007928 <Get_Best_Current_Range_From_Value>:
    7928:	af 92       	push	r10
    792a:	bf 92       	push	r11
    792c:	cf 92       	push	r12
    792e:	df 92       	push	r13
    7930:	ef 92       	push	r14
    7932:	ff 92       	push	r15
    7934:	0f 93       	push	r16
    7936:	1f 93       	push	r17
    7938:	cf 93       	push	r28
    793a:	6b 01       	movw	r12, r22
    793c:	7c 01       	movw	r14, r24
    793e:	05 e0       	ldi	r16, 0x05	; 5
    7940:	10 e0       	ldi	r17, 0x00	; 0
    7942:	c0 2f       	mov	r28, r16
    7944:	58 01       	movw	r10, r16
    7946:	aa 0c       	add	r10, r10
    7948:	bb 1c       	adc	r11, r11
    794a:	aa 0c       	add	r10, r10
    794c:	bb 1c       	adc	r11, r11
    794e:	f5 01       	movw	r30, r10
    7950:	e9 51       	subi	r30, 0x19	; 25
    7952:	fb 4e       	sbci	r31, 0xEB	; 235
    7954:	60 81       	ld	r22, Z
    7956:	71 81       	ldd	r23, Z+1	; 0x01
    7958:	82 81       	ldd	r24, Z+2	; 0x02
    795a:	93 81       	ldd	r25, Z+3	; 0x03
    795c:	a7 01       	movw	r20, r14
    795e:	96 01       	movw	r18, r12
    7960:	0e 94 e1 47 	call	0x8fc2	; 0x8fc2 <__gesf2>
    7964:	18 16       	cp	r1, r24
    7966:	6c f4       	brge	.+26     	; 0x7982 <Get_Best_Current_Range_From_Value+0x5a>
    7968:	f5 01       	movw	r30, r10
    796a:	e1 5f       	subi	r30, 0xF1	; 241
    796c:	fa 4e       	sbci	r31, 0xEA	; 234
    796e:	20 81       	ld	r18, Z
    7970:	31 81       	ldd	r19, Z+1	; 0x01
    7972:	42 81       	ldd	r20, Z+2	; 0x02
    7974:	53 81       	ldd	r21, Z+3	; 0x03
    7976:	c7 01       	movw	r24, r14
    7978:	b6 01       	movw	r22, r12
    797a:	0e 94 e1 47 	call	0x8fc2	; 0x8fc2 <__gesf2>
    797e:	18 16       	cp	r1, r24
    7980:	24 f0       	brlt	.+8      	; 0x798a <Get_Best_Current_Range_From_Value+0x62>
    7982:	01 50       	subi	r16, 0x01	; 1
    7984:	11 09       	sbc	r17, r1
    7986:	e8 f6       	brcc	.-70     	; 0x7942 <Get_Best_Current_Range_From_Value+0x1a>
    7988:	c5 e0       	ldi	r28, 0x05	; 5
    798a:	2c 2f       	mov	r18, r28
    798c:	30 e0       	ldi	r19, 0x00	; 0
    798e:	80 91 54 15 	lds	r24, 0x1554	; 0x801554 <Range_Curr_ID_Act>
    7992:	90 e0       	ldi	r25, 0x00	; 0
    7994:	01 96       	adiw	r24, 0x01	; 1
    7996:	28 17       	cp	r18, r24
    7998:	39 07       	cpc	r19, r25
    799a:	99 f4       	brne	.+38     	; 0x79c2 <Get_Best_Current_Range_From_Value+0x9a>
    799c:	e0 91 54 15 	lds	r30, 0x1554	; 0x801554 <Range_Curr_ID_Act>
    79a0:	84 e0       	ldi	r24, 0x04	; 4
    79a2:	e8 9f       	mul	r30, r24
    79a4:	f0 01       	movw	r30, r0
    79a6:	11 24       	eor	r1, r1
    79a8:	e9 51       	subi	r30, 0x19	; 25
    79aa:	fb 4e       	sbci	r31, 0xEB	; 235
    79ac:	20 81       	ld	r18, Z
    79ae:	31 81       	ldd	r19, Z+1	; 0x01
    79b0:	42 81       	ldd	r20, Z+2	; 0x02
    79b2:	53 81       	ldd	r21, Z+3	; 0x03
    79b4:	c7 01       	movw	r24, r14
    79b6:	b6 01       	movw	r22, r12
    79b8:	0e 94 3c 46 	call	0x8c78	; 0x8c78 <__cmpsf2>
    79bc:	87 ff       	sbrs	r24, 7
    79be:	1c c0       	rjmp	.+56     	; 0x79f8 <Get_Best_Current_Range_From_Value+0xd0>
    79c0:	19 c0       	rjmp	.+50     	; 0x79f4 <Get_Best_Current_Range_From_Value+0xcc>
    79c2:	80 91 54 15 	lds	r24, 0x1554	; 0x801554 <Range_Curr_ID_Act>
    79c6:	90 e0       	ldi	r25, 0x00	; 0
    79c8:	01 97       	sbiw	r24, 0x01	; 1
    79ca:	28 17       	cp	r18, r24
    79cc:	39 07       	cpc	r19, r25
    79ce:	a1 f4       	brne	.+40     	; 0x79f8 <Get_Best_Current_Range_From_Value+0xd0>
    79d0:	e0 91 54 15 	lds	r30, 0x1554	; 0x801554 <Range_Curr_ID_Act>
    79d4:	84 e0       	ldi	r24, 0x04	; 4
    79d6:	e8 9f       	mul	r30, r24
    79d8:	f0 01       	movw	r30, r0
    79da:	11 24       	eor	r1, r1
    79dc:	e1 5f       	subi	r30, 0xF1	; 241
    79de:	fa 4e       	sbci	r31, 0xEA	; 234
    79e0:	20 81       	ld	r18, Z
    79e2:	31 81       	ldd	r19, Z+1	; 0x01
    79e4:	42 81       	ldd	r20, Z+2	; 0x02
    79e6:	53 81       	ldd	r21, Z+3	; 0x03
    79e8:	c7 01       	movw	r24, r14
    79ea:	b6 01       	movw	r22, r12
    79ec:	0e 94 e1 47 	call	0x8fc2	; 0x8fc2 <__gesf2>
    79f0:	18 16       	cp	r1, r24
    79f2:	14 f4       	brge	.+4      	; 0x79f8 <Get_Best_Current_Range_From_Value+0xd0>
    79f4:	c0 91 54 15 	lds	r28, 0x1554	; 0x801554 <Range_Curr_ID_Act>
    79f8:	8c 2f       	mov	r24, r28
    79fa:	cf 91       	pop	r28
    79fc:	1f 91       	pop	r17
    79fe:	0f 91       	pop	r16
    7a00:	ff 90       	pop	r15
    7a02:	ef 90       	pop	r14
    7a04:	df 90       	pop	r13
    7a06:	cf 90       	pop	r12
    7a08:	bf 90       	pop	r11
    7a0a:	af 90       	pop	r10
    7a0c:	08 95       	ret

00007a0e <Reset_Over_Current_Clamp>:
    7a0e:	80 91 f2 13 	lds	r24, 0x13F2	; 0x8013f2 <DIOE_PORT_B_STATE>
    7a12:	81 60       	ori	r24, 0x01	; 1
    7a14:	80 93 f2 13 	sts	0x13F2, r24	; 0x8013f2 <DIOE_PORT_B_STATE>
    7a18:	40 91 f2 13 	lds	r20, 0x13F2	; 0x8013f2 <DIOE_PORT_B_STATE>
    7a1c:	60 91 3f 12 	lds	r22, 0x123F	; 0x80123f <DIOE_PORT_A_STATE>
    7a20:	82 e0       	ldi	r24, 0x02	; 2
    7a22:	0e 94 32 30 	call	0x6064	; 0x6064 <DIOExp_Write_Outputs>
    7a26:	8f e8       	ldi	r24, 0x8F	; 143
    7a28:	91 e0       	ldi	r25, 0x01	; 1
    7a2a:	01 97       	sbiw	r24, 0x01	; 1
    7a2c:	f1 f7       	brne	.-4      	; 0x7a2a <Reset_Over_Current_Clamp+0x1c>
    7a2e:	00 c0       	rjmp	.+0      	; 0x7a30 <Reset_Over_Current_Clamp+0x22>
    7a30:	00 00       	nop
    7a32:	80 91 f2 13 	lds	r24, 0x13F2	; 0x8013f2 <DIOE_PORT_B_STATE>
    7a36:	8e 7f       	andi	r24, 0xFE	; 254
    7a38:	80 93 f2 13 	sts	0x13F2, r24	; 0x8013f2 <DIOE_PORT_B_STATE>
    7a3c:	40 91 f2 13 	lds	r20, 0x13F2	; 0x8013f2 <DIOE_PORT_B_STATE>
    7a40:	60 91 3f 12 	lds	r22, 0x123F	; 0x80123f <DIOE_PORT_A_STATE>
    7a44:	82 e0       	ldi	r24, 0x02	; 2
    7a46:	0e 94 32 30 	call	0x6064	; 0x6064 <DIOExp_Write_Outputs>
    7a4a:	8f e8       	ldi	r24, 0x8F	; 143
    7a4c:	91 e0       	ldi	r25, 0x01	; 1
    7a4e:	01 97       	sbiw	r24, 0x01	; 1
    7a50:	f1 f7       	brne	.-4      	; 0x7a4e <Reset_Over_Current_Clamp+0x40>
    7a52:	00 c0       	rjmp	.+0      	; 0x7a54 <Reset_Over_Current_Clamp+0x46>
    7a54:	00 00       	nop
    7a56:	08 95       	ret

00007a58 <Preare_Auto_Range_Selection>:
    7a58:	4f 92       	push	r4
    7a5a:	5f 92       	push	r5
    7a5c:	6f 92       	push	r6
    7a5e:	7f 92       	push	r7
    7a60:	8f 92       	push	r8
    7a62:	9f 92       	push	r9
    7a64:	af 92       	push	r10
    7a66:	bf 92       	push	r11
    7a68:	cf 92       	push	r12
    7a6a:	df 92       	push	r13
    7a6c:	ef 92       	push	r14
    7a6e:	ff 92       	push	r15
    7a70:	cf 93       	push	r28
    7a72:	df 93       	push	r29
    7a74:	cd b7       	in	r28, 0x3d	; 61
    7a76:	de b7       	in	r29, 0x3e	; 62
    7a78:	a0 97       	sbiw	r28, 0x20	; 32
    7a7a:	0f b6       	in	r0, 0x3f	; 63
    7a7c:	f8 94       	cli
    7a7e:	de bf       	out	0x3e, r29	; 62
    7a80:	0f be       	out	0x3f, r0	; 63
    7a82:	cd bf       	out	0x3d, r28	; 61
    7a84:	10 92 28 15 	sts	0x1528, r1	; 0x801528 <Range_Volt_Switch_Freq_Counter+0x1>
    7a88:	10 92 27 15 	sts	0x1527, r1	; 0x801527 <Range_Volt_Switch_Freq_Counter>
    7a8c:	10 92 e3 14 	sts	0x14E3, r1	; 0x8014e3 <Range_Curr_Switch_Freq_Counter+0x1>
    7a90:	10 92 e2 14 	sts	0x14E2, r1	; 0x8014e2 <Range_Curr_Switch_Freq_Counter>
    7a94:	8c e7       	ldi	r24, 0x7C	; 124
    7a96:	91 e0       	ldi	r25, 0x01	; 1
    7a98:	0e 94 a9 19 	call	0x3352	; 0x3352 <EEPROM_READ_FLOAT>
    7a9c:	29 e1       	ldi	r18, 0x19	; 25
    7a9e:	36 e6       	ldi	r19, 0x66	; 102
    7aa0:	47 e6       	ldi	r20, 0x67	; 103
    7aa2:	56 e4       	ldi	r21, 0x46	; 70
    7aa4:	0e 94 9a 48 	call	0x9134	; 0x9134 <__mulsf3>
    7aa8:	6b 01       	movw	r12, r22
    7aaa:	7c 01       	movw	r14, r24
    7aac:	8c e6       	ldi	r24, 0x6C	; 108
    7aae:	91 e0       	ldi	r25, 0x01	; 1
    7ab0:	0e 94 a9 19 	call	0x3352	; 0x3352 <EEPROM_READ_FLOAT>
    7ab4:	20 e0       	ldi	r18, 0x00	; 0
    7ab6:	38 ef       	ldi	r19, 0xF8	; 248
    7ab8:	42 e7       	ldi	r20, 0x72	; 114
    7aba:	57 e4       	ldi	r21, 0x47	; 71
    7abc:	0e 94 9a 48 	call	0x9134	; 0x9134 <__mulsf3>
    7ac0:	69 83       	std	Y+1, r22	; 0x01
    7ac2:	7a 83       	std	Y+2, r23	; 0x02
    7ac4:	8b 83       	std	Y+3, r24	; 0x03
    7ac6:	9c 83       	std	Y+4, r25	; 0x04
    7ac8:	8c e5       	ldi	r24, 0x5C	; 92
    7aca:	91 e0       	ldi	r25, 0x01	; 1
    7acc:	0e 94 a9 19 	call	0x3352	; 0x3352 <EEPROM_READ_FLOAT>
    7ad0:	20 e0       	ldi	r18, 0x00	; 0
    7ad2:	38 ef       	ldi	r19, 0xF8	; 248
    7ad4:	42 e7       	ldi	r20, 0x72	; 114
    7ad6:	57 e4       	ldi	r21, 0x47	; 71
    7ad8:	0e 94 9a 48 	call	0x9134	; 0x9134 <__mulsf3>
    7adc:	6d 83       	std	Y+5, r22	; 0x05
    7ade:	7e 83       	std	Y+6, r23	; 0x06
    7ae0:	8f 83       	std	Y+7, r24	; 0x07
    7ae2:	98 87       	std	Y+8, r25	; 0x08
    7ae4:	8c e4       	ldi	r24, 0x4C	; 76
    7ae6:	91 e0       	ldi	r25, 0x01	; 1
    7ae8:	0e 94 a9 19 	call	0x3352	; 0x3352 <EEPROM_READ_FLOAT>
    7aec:	20 e0       	ldi	r18, 0x00	; 0
    7aee:	38 ef       	ldi	r19, 0xF8	; 248
    7af0:	42 e7       	ldi	r20, 0x72	; 114
    7af2:	57 e4       	ldi	r21, 0x47	; 71
    7af4:	0e 94 9a 48 	call	0x9134	; 0x9134 <__mulsf3>
    7af8:	69 87       	std	Y+9, r22	; 0x09
    7afa:	7a 87       	std	Y+10, r23	; 0x0a
    7afc:	8b 87       	std	Y+11, r24	; 0x0b
    7afe:	9c 87       	std	Y+12, r25	; 0x0c
    7b00:	8c e3       	ldi	r24, 0x3C	; 60
    7b02:	91 e0       	ldi	r25, 0x01	; 1
    7b04:	0e 94 a9 19 	call	0x3352	; 0x3352 <EEPROM_READ_FLOAT>
    7b08:	69 8f       	std	Y+25, r22	; 0x19
    7b0a:	7a 8f       	std	Y+26, r23	; 0x1a
    7b0c:	8b 8f       	std	Y+27, r24	; 0x1b
    7b0e:	9c 8f       	std	Y+28, r25	; 0x1c
    7b10:	8c e2       	ldi	r24, 0x2C	; 44
    7b12:	91 e0       	ldi	r25, 0x01	; 1
    7b14:	0e 94 a9 19 	call	0x3352	; 0x3352 <EEPROM_READ_FLOAT>
    7b18:	20 e0       	ldi	r18, 0x00	; 0
    7b1a:	38 ef       	ldi	r19, 0xF8	; 248
    7b1c:	42 e7       	ldi	r20, 0x72	; 114
    7b1e:	57 e4       	ldi	r21, 0x47	; 71
    7b20:	0e 94 9a 48 	call	0x9134	; 0x9134 <__mulsf3>
    7b24:	4b 01       	movw	r8, r22
    7b26:	5c 01       	movw	r10, r24
    7b28:	80 e2       	ldi	r24, 0x20	; 32
    7b2a:	91 e0       	ldi	r25, 0x01	; 1
    7b2c:	0e 94 a9 19 	call	0x3352	; 0x3352 <EEPROM_READ_FLOAT>
    7b30:	20 e0       	ldi	r18, 0x00	; 0
    7b32:	38 ef       	ldi	r19, 0xF8	; 248
    7b34:	42 e7       	ldi	r20, 0x72	; 114
    7b36:	57 e4       	ldi	r21, 0x47	; 71
    7b38:	0e 94 9a 48 	call	0x9134	; 0x9134 <__mulsf3>
    7b3c:	6d 87       	std	Y+13, r22	; 0x0d
    7b3e:	7e 87       	std	Y+14, r23	; 0x0e
    7b40:	8f 87       	std	Y+15, r24	; 0x0f
    7b42:	98 8b       	std	Y+16, r25	; 0x10
    7b44:	84 e1       	ldi	r24, 0x14	; 20
    7b46:	91 e0       	ldi	r25, 0x01	; 1
    7b48:	0e 94 a9 19 	call	0x3352	; 0x3352 <EEPROM_READ_FLOAT>
    7b4c:	20 e0       	ldi	r18, 0x00	; 0
    7b4e:	38 ef       	ldi	r19, 0xF8	; 248
    7b50:	42 e7       	ldi	r20, 0x72	; 114
    7b52:	57 e4       	ldi	r21, 0x47	; 71
    7b54:	0e 94 9a 48 	call	0x9134	; 0x9134 <__mulsf3>
    7b58:	69 8b       	std	Y+17, r22	; 0x11
    7b5a:	7a 8b       	std	Y+18, r23	; 0x12
    7b5c:	8b 8b       	std	Y+19, r24	; 0x13
    7b5e:	9c 8b       	std	Y+20, r25	; 0x14
    7b60:	88 e0       	ldi	r24, 0x08	; 8
    7b62:	91 e0       	ldi	r25, 0x01	; 1
    7b64:	0e 94 a9 19 	call	0x3352	; 0x3352 <EEPROM_READ_FLOAT>
    7b68:	20 e0       	ldi	r18, 0x00	; 0
    7b6a:	38 ef       	ldi	r19, 0xF8	; 248
    7b6c:	42 e7       	ldi	r20, 0x72	; 114
    7b6e:	57 e4       	ldi	r21, 0x47	; 71
    7b70:	0e 94 9a 48 	call	0x9134	; 0x9134 <__mulsf3>
    7b74:	2b 01       	movw	r4, r22
    7b76:	3c 01       	movw	r6, r24
    7b78:	8c ef       	ldi	r24, 0xFC	; 252
    7b7a:	90 e0       	ldi	r25, 0x00	; 0
    7b7c:	0e 94 a9 19 	call	0x3352	; 0x3352 <EEPROM_READ_FLOAT>
    7b80:	20 e0       	ldi	r18, 0x00	; 0
    7b82:	38 ef       	ldi	r19, 0xF8	; 248
    7b84:	42 e7       	ldi	r20, 0x72	; 114
    7b86:	57 e4       	ldi	r21, 0x47	; 71
    7b88:	0e 94 9a 48 	call	0x9134	; 0x9134 <__mulsf3>
    7b8c:	6d 8b       	std	Y+21, r22	; 0x15
    7b8e:	7e 8b       	std	Y+22, r23	; 0x16
    7b90:	8f 8b       	std	Y+23, r24	; 0x17
    7b92:	98 8f       	std	Y+24, r25	; 0x18
    7b94:	80 ef       	ldi	r24, 0xF0	; 240
    7b96:	90 e0       	ldi	r25, 0x00	; 0
    7b98:	0e 94 a9 19 	call	0x3352	; 0x3352 <EEPROM_READ_FLOAT>
    7b9c:	6d 8f       	std	Y+29, r22	; 0x1d
    7b9e:	7e 8f       	std	Y+30, r23	; 0x1e
    7ba0:	8f 8f       	std	Y+31, r24	; 0x1f
    7ba2:	98 a3       	std	Y+32, r25	; 0x20
    7ba4:	2a e0       	ldi	r18, 0x0A	; 10
    7ba6:	37 ed       	ldi	r19, 0xD7	; 215
    7ba8:	43 e8       	ldi	r20, 0x83	; 131
    7baa:	5f e3       	ldi	r21, 0x3F	; 63
    7bac:	c7 01       	movw	r24, r14
    7bae:	b6 01       	movw	r22, r12
    7bb0:	0e 94 9a 48 	call	0x9134	; 0x9134 <__mulsf3>
    7bb4:	ea e2       	ldi	r30, 0x2A	; 42
    7bb6:	f5 e1       	ldi	r31, 0x15	; 21
    7bb8:	60 83       	st	Z, r22
    7bba:	71 83       	std	Z+1, r23	; 0x01
    7bbc:	82 83       	std	Z+2, r24	; 0x02
    7bbe:	93 83       	std	Z+3, r25	; 0x03
    7bc0:	2a e0       	ldi	r18, 0x0A	; 10
    7bc2:	37 ed       	ldi	r19, 0xD7	; 215
    7bc4:	43 e8       	ldi	r20, 0x83	; 131
    7bc6:	5f e3       	ldi	r21, 0x3F	; 63
    7bc8:	69 81       	ldd	r22, Y+1	; 0x01
    7bca:	7a 81       	ldd	r23, Y+2	; 0x02
    7bcc:	8b 81       	ldd	r24, Y+3	; 0x03
    7bce:	9c 81       	ldd	r25, Y+4	; 0x04
    7bd0:	0e 94 9a 48 	call	0x9134	; 0x9134 <__mulsf3>
    7bd4:	60 93 2e 15 	sts	0x152E, r22	; 0x80152e <Threshold_Volt_Over_Range+0x4>
    7bd8:	70 93 2f 15 	sts	0x152F, r23	; 0x80152f <Threshold_Volt_Over_Range+0x5>
    7bdc:	80 93 30 15 	sts	0x1530, r24	; 0x801530 <Threshold_Volt_Over_Range+0x6>
    7be0:	90 93 31 15 	sts	0x1531, r25	; 0x801531 <Threshold_Volt_Over_Range+0x7>
    7be4:	2a e0       	ldi	r18, 0x0A	; 10
    7be6:	37 ed       	ldi	r19, 0xD7	; 215
    7be8:	43 e8       	ldi	r20, 0x83	; 131
    7bea:	5f e3       	ldi	r21, 0x3F	; 63
    7bec:	6d 81       	ldd	r22, Y+5	; 0x05
    7bee:	7e 81       	ldd	r23, Y+6	; 0x06
    7bf0:	8f 81       	ldd	r24, Y+7	; 0x07
    7bf2:	98 85       	ldd	r25, Y+8	; 0x08
    7bf4:	0e 94 9a 48 	call	0x9134	; 0x9134 <__mulsf3>
    7bf8:	60 93 32 15 	sts	0x1532, r22	; 0x801532 <Threshold_Volt_Over_Range+0x8>
    7bfc:	70 93 33 15 	sts	0x1533, r23	; 0x801533 <Threshold_Volt_Over_Range+0x9>
    7c00:	80 93 34 15 	sts	0x1534, r24	; 0x801534 <Threshold_Volt_Over_Range+0xa>
    7c04:	90 93 35 15 	sts	0x1535, r25	; 0x801535 <Threshold_Volt_Over_Range+0xb>
    7c08:	2a e0       	ldi	r18, 0x0A	; 10
    7c0a:	37 ed       	ldi	r19, 0xD7	; 215
    7c0c:	43 e8       	ldi	r20, 0x83	; 131
    7c0e:	5f e3       	ldi	r21, 0x3F	; 63
    7c10:	69 85       	ldd	r22, Y+9	; 0x09
    7c12:	7a 85       	ldd	r23, Y+10	; 0x0a
    7c14:	8b 85       	ldd	r24, Y+11	; 0x0b
    7c16:	9c 85       	ldd	r25, Y+12	; 0x0c
    7c18:	0e 94 9a 48 	call	0x9134	; 0x9134 <__mulsf3>
    7c1c:	60 93 36 15 	sts	0x1536, r22	; 0x801536 <Threshold_Volt_Over_Range+0xc>
    7c20:	70 93 37 15 	sts	0x1537, r23	; 0x801537 <Threshold_Volt_Over_Range+0xd>
    7c24:	80 93 38 15 	sts	0x1538, r24	; 0x801538 <Threshold_Volt_Over_Range+0xe>
    7c28:	90 93 39 15 	sts	0x1539, r25	; 0x801539 <Threshold_Volt_Over_Range+0xf>
    7c2c:	20 e0       	ldi	r18, 0x00	; 0
    7c2e:	38 ef       	ldi	r19, 0xF8	; 248
    7c30:	42 e7       	ldi	r20, 0x72	; 114
    7c32:	57 e4       	ldi	r21, 0x47	; 71
    7c34:	69 8d       	ldd	r22, Y+25	; 0x19
    7c36:	7a 8d       	ldd	r23, Y+26	; 0x1a
    7c38:	8b 8d       	ldd	r24, Y+27	; 0x1b
    7c3a:	9c 8d       	ldd	r25, Y+28	; 0x1c
    7c3c:	0e 94 9a 48 	call	0x9134	; 0x9134 <__mulsf3>
    7c40:	2a e0       	ldi	r18, 0x0A	; 10
    7c42:	37 ed       	ldi	r19, 0xD7	; 215
    7c44:	43 e8       	ldi	r20, 0x83	; 131
    7c46:	5f e3       	ldi	r21, 0x3F	; 63
    7c48:	0e 94 9a 48 	call	0x9134	; 0x9134 <__mulsf3>
    7c4c:	60 93 3a 15 	sts	0x153A, r22	; 0x80153a <Threshold_Volt_Over_Range+0x10>
    7c50:	70 93 3b 15 	sts	0x153B, r23	; 0x80153b <Threshold_Volt_Over_Range+0x11>
    7c54:	80 93 3c 15 	sts	0x153C, r24	; 0x80153c <Threshold_Volt_Over_Range+0x12>
    7c58:	90 93 3d 15 	sts	0x153D, r25	; 0x80153d <Threshold_Volt_Over_Range+0x13>
    7c5c:	d7 01       	movw	r26, r14
    7c5e:	c6 01       	movw	r24, r12
    7c60:	b0 58       	subi	r27, 0x80	; 128
    7c62:	ef e3       	ldi	r30, 0x3F	; 63
    7c64:	f5 e1       	ldi	r31, 0x15	; 21
    7c66:	80 83       	st	Z, r24
    7c68:	91 83       	std	Z+1, r25	; 0x01
    7c6a:	a2 83       	std	Z+2, r26	; 0x02
    7c6c:	b3 83       	std	Z+3, r27	; 0x03
    7c6e:	26 e6       	ldi	r18, 0x66	; 102
    7c70:	36 e6       	ldi	r19, 0x66	; 102
    7c72:	46 e6       	ldi	r20, 0x66	; 102
    7c74:	5f e3       	ldi	r21, 0x3F	; 63
    7c76:	c7 01       	movw	r24, r14
    7c78:	b6 01       	movw	r22, r12
    7c7a:	0e 94 9a 48 	call	0x9134	; 0x9134 <__mulsf3>
    7c7e:	60 93 43 15 	sts	0x1543, r22	; 0x801543 <Threshold_Volt_Under_Range+0x4>
    7c82:	70 93 44 15 	sts	0x1544, r23	; 0x801544 <Threshold_Volt_Under_Range+0x5>
    7c86:	80 93 45 15 	sts	0x1545, r24	; 0x801545 <Threshold_Volt_Under_Range+0x6>
    7c8a:	90 93 46 15 	sts	0x1546, r25	; 0x801546 <Threshold_Volt_Under_Range+0x7>
    7c8e:	26 e6       	ldi	r18, 0x66	; 102
    7c90:	36 e6       	ldi	r19, 0x66	; 102
    7c92:	46 e6       	ldi	r20, 0x66	; 102
    7c94:	5f e3       	ldi	r21, 0x3F	; 63
    7c96:	69 81       	ldd	r22, Y+1	; 0x01
    7c98:	7a 81       	ldd	r23, Y+2	; 0x02
    7c9a:	8b 81       	ldd	r24, Y+3	; 0x03
    7c9c:	9c 81       	ldd	r25, Y+4	; 0x04
    7c9e:	0e 94 9a 48 	call	0x9134	; 0x9134 <__mulsf3>
    7ca2:	60 93 47 15 	sts	0x1547, r22	; 0x801547 <Threshold_Volt_Under_Range+0x8>
    7ca6:	70 93 48 15 	sts	0x1548, r23	; 0x801548 <Threshold_Volt_Under_Range+0x9>
    7caa:	80 93 49 15 	sts	0x1549, r24	; 0x801549 <Threshold_Volt_Under_Range+0xa>
    7cae:	90 93 4a 15 	sts	0x154A, r25	; 0x80154a <Threshold_Volt_Under_Range+0xb>
    7cb2:	26 e6       	ldi	r18, 0x66	; 102
    7cb4:	36 e6       	ldi	r19, 0x66	; 102
    7cb6:	46 e6       	ldi	r20, 0x66	; 102
    7cb8:	5f e3       	ldi	r21, 0x3F	; 63
    7cba:	6d 81       	ldd	r22, Y+5	; 0x05
    7cbc:	7e 81       	ldd	r23, Y+6	; 0x06
    7cbe:	8f 81       	ldd	r24, Y+7	; 0x07
    7cc0:	98 85       	ldd	r25, Y+8	; 0x08
    7cc2:	0e 94 9a 48 	call	0x9134	; 0x9134 <__mulsf3>
    7cc6:	60 93 4b 15 	sts	0x154B, r22	; 0x80154b <Threshold_Volt_Under_Range+0xc>
    7cca:	70 93 4c 15 	sts	0x154C, r23	; 0x80154c <Threshold_Volt_Under_Range+0xd>
    7cce:	80 93 4d 15 	sts	0x154D, r24	; 0x80154d <Threshold_Volt_Under_Range+0xe>
    7cd2:	90 93 4e 15 	sts	0x154E, r25	; 0x80154e <Threshold_Volt_Under_Range+0xf>
    7cd6:	26 e6       	ldi	r18, 0x66	; 102
    7cd8:	36 e6       	ldi	r19, 0x66	; 102
    7cda:	46 e6       	ldi	r20, 0x66	; 102
    7cdc:	5f e3       	ldi	r21, 0x3F	; 63
    7cde:	69 85       	ldd	r22, Y+9	; 0x09
    7ce0:	7a 85       	ldd	r23, Y+10	; 0x0a
    7ce2:	8b 85       	ldd	r24, Y+11	; 0x0b
    7ce4:	9c 85       	ldd	r25, Y+12	; 0x0c
    7ce6:	0e 94 9a 48 	call	0x9134	; 0x9134 <__mulsf3>
    7cea:	60 93 4f 15 	sts	0x154F, r22	; 0x80154f <Threshold_Volt_Under_Range+0x10>
    7cee:	70 93 50 15 	sts	0x1550, r23	; 0x801550 <Threshold_Volt_Under_Range+0x11>
    7cf2:	80 93 51 15 	sts	0x1551, r24	; 0x801551 <Threshold_Volt_Under_Range+0x12>
    7cf6:	90 93 52 15 	sts	0x1552, r25	; 0x801552 <Threshold_Volt_Under_Range+0x13>
    7cfa:	2a e0       	ldi	r18, 0x0A	; 10
    7cfc:	37 ed       	ldi	r19, 0xD7	; 215
    7cfe:	43 e8       	ldi	r20, 0x83	; 131
    7d00:	5f e3       	ldi	r21, 0x3F	; 63
    7d02:	c5 01       	movw	r24, r10
    7d04:	b4 01       	movw	r22, r8
    7d06:	0e 94 9a 48 	call	0x9134	; 0x9134 <__mulsf3>
    7d0a:	e7 ee       	ldi	r30, 0xE7	; 231
    7d0c:	f4 e1       	ldi	r31, 0x14	; 20
    7d0e:	60 83       	st	Z, r22
    7d10:	71 83       	std	Z+1, r23	; 0x01
    7d12:	82 83       	std	Z+2, r24	; 0x02
    7d14:	93 83       	std	Z+3, r25	; 0x03
    7d16:	2a e0       	ldi	r18, 0x0A	; 10
    7d18:	37 ed       	ldi	r19, 0xD7	; 215
    7d1a:	43 e8       	ldi	r20, 0x83	; 131
    7d1c:	5f e3       	ldi	r21, 0x3F	; 63
    7d1e:	6d 85       	ldd	r22, Y+13	; 0x0d
    7d20:	7e 85       	ldd	r23, Y+14	; 0x0e
    7d22:	8f 85       	ldd	r24, Y+15	; 0x0f
    7d24:	98 89       	ldd	r25, Y+16	; 0x10
    7d26:	0e 94 9a 48 	call	0x9134	; 0x9134 <__mulsf3>
    7d2a:	60 93 eb 14 	sts	0x14EB, r22	; 0x8014eb <Threshold_Curr_Over_Range+0x4>
    7d2e:	70 93 ec 14 	sts	0x14EC, r23	; 0x8014ec <Threshold_Curr_Over_Range+0x5>
    7d32:	80 93 ed 14 	sts	0x14ED, r24	; 0x8014ed <Threshold_Curr_Over_Range+0x6>
    7d36:	90 93 ee 14 	sts	0x14EE, r25	; 0x8014ee <Threshold_Curr_Over_Range+0x7>
    7d3a:	2a e0       	ldi	r18, 0x0A	; 10
    7d3c:	37 ed       	ldi	r19, 0xD7	; 215
    7d3e:	43 e8       	ldi	r20, 0x83	; 131
    7d40:	5f e3       	ldi	r21, 0x3F	; 63
    7d42:	69 89       	ldd	r22, Y+17	; 0x11
    7d44:	7a 89       	ldd	r23, Y+18	; 0x12
    7d46:	8b 89       	ldd	r24, Y+19	; 0x13
    7d48:	9c 89       	ldd	r25, Y+20	; 0x14
    7d4a:	0e 94 9a 48 	call	0x9134	; 0x9134 <__mulsf3>
    7d4e:	60 93 ef 14 	sts	0x14EF, r22	; 0x8014ef <Threshold_Curr_Over_Range+0x8>
    7d52:	70 93 f0 14 	sts	0x14F0, r23	; 0x8014f0 <Threshold_Curr_Over_Range+0x9>
    7d56:	80 93 f1 14 	sts	0x14F1, r24	; 0x8014f1 <Threshold_Curr_Over_Range+0xa>
    7d5a:	90 93 f2 14 	sts	0x14F2, r25	; 0x8014f2 <Threshold_Curr_Over_Range+0xb>
    7d5e:	2a e0       	ldi	r18, 0x0A	; 10
    7d60:	37 ed       	ldi	r19, 0xD7	; 215
    7d62:	43 e8       	ldi	r20, 0x83	; 131
    7d64:	5f e3       	ldi	r21, 0x3F	; 63
    7d66:	c3 01       	movw	r24, r6
    7d68:	b2 01       	movw	r22, r4
    7d6a:	0e 94 9a 48 	call	0x9134	; 0x9134 <__mulsf3>
    7d6e:	60 93 f3 14 	sts	0x14F3, r22	; 0x8014f3 <Threshold_Curr_Over_Range+0xc>
    7d72:	70 93 f4 14 	sts	0x14F4, r23	; 0x8014f4 <Threshold_Curr_Over_Range+0xd>
    7d76:	80 93 f5 14 	sts	0x14F5, r24	; 0x8014f5 <Threshold_Curr_Over_Range+0xe>
    7d7a:	90 93 f6 14 	sts	0x14F6, r25	; 0x8014f6 <Threshold_Curr_Over_Range+0xf>
    7d7e:	2a e0       	ldi	r18, 0x0A	; 10
    7d80:	37 ed       	ldi	r19, 0xD7	; 215
    7d82:	43 e8       	ldi	r20, 0x83	; 131
    7d84:	5f e3       	ldi	r21, 0x3F	; 63
    7d86:	6d 89       	ldd	r22, Y+21	; 0x15
    7d88:	7e 89       	ldd	r23, Y+22	; 0x16
    7d8a:	8f 89       	ldd	r24, Y+23	; 0x17
    7d8c:	98 8d       	ldd	r25, Y+24	; 0x18
    7d8e:	0e 94 9a 48 	call	0x9134	; 0x9134 <__mulsf3>
    7d92:	60 93 f7 14 	sts	0x14F7, r22	; 0x8014f7 <Threshold_Curr_Over_Range+0x10>
    7d96:	70 93 f8 14 	sts	0x14F8, r23	; 0x8014f8 <Threshold_Curr_Over_Range+0x11>
    7d9a:	80 93 f9 14 	sts	0x14F9, r24	; 0x8014f9 <Threshold_Curr_Over_Range+0x12>
    7d9e:	90 93 fa 14 	sts	0x14FA, r25	; 0x8014fa <Threshold_Curr_Over_Range+0x13>
    7da2:	20 e0       	ldi	r18, 0x00	; 0
    7da4:	38 ef       	ldi	r19, 0xF8	; 248
    7da6:	42 e7       	ldi	r20, 0x72	; 114
    7da8:	57 e4       	ldi	r21, 0x47	; 71
    7daa:	6d 8d       	ldd	r22, Y+29	; 0x1d
    7dac:	7e 8d       	ldd	r23, Y+30	; 0x1e
    7dae:	8f 8d       	ldd	r24, Y+31	; 0x1f
    7db0:	98 a1       	ldd	r25, Y+32	; 0x20
    7db2:	0e 94 9a 48 	call	0x9134	; 0x9134 <__mulsf3>
    7db6:	2a e0       	ldi	r18, 0x0A	; 10
    7db8:	37 ed       	ldi	r19, 0xD7	; 215
    7dba:	43 e8       	ldi	r20, 0x83	; 131
    7dbc:	5f e3       	ldi	r21, 0x3F	; 63
    7dbe:	0e 94 9a 48 	call	0x9134	; 0x9134 <__mulsf3>
    7dc2:	60 93 fb 14 	sts	0x14FB, r22	; 0x8014fb <Threshold_Curr_Over_Range+0x14>
    7dc6:	70 93 fc 14 	sts	0x14FC, r23	; 0x8014fc <Threshold_Curr_Over_Range+0x15>
    7dca:	80 93 fd 14 	sts	0x14FD, r24	; 0x8014fd <Threshold_Curr_Over_Range+0x16>
    7dce:	90 93 fe 14 	sts	0x14FE, r25	; 0x8014fe <Threshold_Curr_Over_Range+0x17>
    7dd2:	d5 01       	movw	r26, r10
    7dd4:	c4 01       	movw	r24, r8
    7dd6:	b0 58       	subi	r27, 0x80	; 128
    7dd8:	ef e0       	ldi	r30, 0x0F	; 15
    7dda:	f5 e1       	ldi	r31, 0x15	; 21
    7ddc:	80 83       	st	Z, r24
    7dde:	91 83       	std	Z+1, r25	; 0x01
    7de0:	a2 83       	std	Z+2, r26	; 0x02
    7de2:	b3 83       	std	Z+3, r27	; 0x03
    7de4:	26 e6       	ldi	r18, 0x66	; 102
    7de6:	36 e6       	ldi	r19, 0x66	; 102
    7de8:	46 e6       	ldi	r20, 0x66	; 102
    7dea:	5f e3       	ldi	r21, 0x3F	; 63
    7dec:	c5 01       	movw	r24, r10
    7dee:	b4 01       	movw	r22, r8
    7df0:	0e 94 9a 48 	call	0x9134	; 0x9134 <__mulsf3>
    7df4:	60 93 13 15 	sts	0x1513, r22	; 0x801513 <Threshold_Curr_Under_Range+0x4>
    7df8:	70 93 14 15 	sts	0x1514, r23	; 0x801514 <Threshold_Curr_Under_Range+0x5>
    7dfc:	80 93 15 15 	sts	0x1515, r24	; 0x801515 <Threshold_Curr_Under_Range+0x6>
    7e00:	90 93 16 15 	sts	0x1516, r25	; 0x801516 <Threshold_Curr_Under_Range+0x7>
    7e04:	26 e6       	ldi	r18, 0x66	; 102
    7e06:	36 e6       	ldi	r19, 0x66	; 102
    7e08:	46 e6       	ldi	r20, 0x66	; 102
    7e0a:	5f e3       	ldi	r21, 0x3F	; 63
    7e0c:	6d 85       	ldd	r22, Y+13	; 0x0d
    7e0e:	7e 85       	ldd	r23, Y+14	; 0x0e
    7e10:	8f 85       	ldd	r24, Y+15	; 0x0f
    7e12:	98 89       	ldd	r25, Y+16	; 0x10
    7e14:	0e 94 9a 48 	call	0x9134	; 0x9134 <__mulsf3>
    7e18:	60 93 17 15 	sts	0x1517, r22	; 0x801517 <Threshold_Curr_Under_Range+0x8>
    7e1c:	70 93 18 15 	sts	0x1518, r23	; 0x801518 <Threshold_Curr_Under_Range+0x9>
    7e20:	80 93 19 15 	sts	0x1519, r24	; 0x801519 <Threshold_Curr_Under_Range+0xa>
    7e24:	90 93 1a 15 	sts	0x151A, r25	; 0x80151a <Threshold_Curr_Under_Range+0xb>
    7e28:	26 e6       	ldi	r18, 0x66	; 102
    7e2a:	36 e6       	ldi	r19, 0x66	; 102
    7e2c:	46 e6       	ldi	r20, 0x66	; 102
    7e2e:	5f e3       	ldi	r21, 0x3F	; 63
    7e30:	69 89       	ldd	r22, Y+17	; 0x11
    7e32:	7a 89       	ldd	r23, Y+18	; 0x12
    7e34:	8b 89       	ldd	r24, Y+19	; 0x13
    7e36:	9c 89       	ldd	r25, Y+20	; 0x14
    7e38:	0e 94 9a 48 	call	0x9134	; 0x9134 <__mulsf3>
    7e3c:	60 93 1b 15 	sts	0x151B, r22	; 0x80151b <Threshold_Curr_Under_Range+0xc>
    7e40:	70 93 1c 15 	sts	0x151C, r23	; 0x80151c <Threshold_Curr_Under_Range+0xd>
    7e44:	80 93 1d 15 	sts	0x151D, r24	; 0x80151d <Threshold_Curr_Under_Range+0xe>
    7e48:	90 93 1e 15 	sts	0x151E, r25	; 0x80151e <Threshold_Curr_Under_Range+0xf>
    7e4c:	26 e6       	ldi	r18, 0x66	; 102
    7e4e:	36 e6       	ldi	r19, 0x66	; 102
    7e50:	46 e6       	ldi	r20, 0x66	; 102
    7e52:	5f e3       	ldi	r21, 0x3F	; 63
    7e54:	c3 01       	movw	r24, r6
    7e56:	b2 01       	movw	r22, r4
    7e58:	0e 94 9a 48 	call	0x9134	; 0x9134 <__mulsf3>
    7e5c:	60 93 1f 15 	sts	0x151F, r22	; 0x80151f <Threshold_Curr_Under_Range+0x10>
    7e60:	70 93 20 15 	sts	0x1520, r23	; 0x801520 <Threshold_Curr_Under_Range+0x11>
    7e64:	80 93 21 15 	sts	0x1521, r24	; 0x801521 <Threshold_Curr_Under_Range+0x12>
    7e68:	90 93 22 15 	sts	0x1522, r25	; 0x801522 <Threshold_Curr_Under_Range+0x13>
    7e6c:	26 e6       	ldi	r18, 0x66	; 102
    7e6e:	36 e6       	ldi	r19, 0x66	; 102
    7e70:	46 e6       	ldi	r20, 0x66	; 102
    7e72:	5f e3       	ldi	r21, 0x3F	; 63
    7e74:	6d 89       	ldd	r22, Y+21	; 0x15
    7e76:	7e 89       	ldd	r23, Y+22	; 0x16
    7e78:	8f 89       	ldd	r24, Y+23	; 0x17
    7e7a:	98 8d       	ldd	r25, Y+24	; 0x18
    7e7c:	0e 94 9a 48 	call	0x9134	; 0x9134 <__mulsf3>
    7e80:	60 93 23 15 	sts	0x1523, r22	; 0x801523 <Threshold_Curr_Under_Range+0x14>
    7e84:	70 93 24 15 	sts	0x1524, r23	; 0x801524 <Threshold_Curr_Under_Range+0x15>
    7e88:	80 93 25 15 	sts	0x1525, r24	; 0x801525 <Threshold_Curr_Under_Range+0x16>
    7e8c:	90 93 26 15 	sts	0x1526, r25	; 0x801526 <Threshold_Curr_Under_Range+0x17>
    7e90:	a0 96       	adiw	r28, 0x20	; 32
    7e92:	0f b6       	in	r0, 0x3f	; 63
    7e94:	f8 94       	cli
    7e96:	de bf       	out	0x3e, r29	; 62
    7e98:	0f be       	out	0x3f, r0	; 63
    7e9a:	cd bf       	out	0x3d, r28	; 61
    7e9c:	df 91       	pop	r29
    7e9e:	cf 91       	pop	r28
    7ea0:	ff 90       	pop	r15
    7ea2:	ef 90       	pop	r14
    7ea4:	df 90       	pop	r13
    7ea6:	cf 90       	pop	r12
    7ea8:	bf 90       	pop	r11
    7eaa:	af 90       	pop	r10
    7eac:	9f 90       	pop	r9
    7eae:	8f 90       	pop	r8
    7eb0:	7f 90       	pop	r7
    7eb2:	6f 90       	pop	r6
    7eb4:	5f 90       	pop	r5
    7eb6:	4f 90       	pop	r4
    7eb8:	08 95       	ret

00007eba <SET_VOLTAGE_RANGE>:
    7eba:	cf 93       	push	r28
    7ebc:	c8 2f       	mov	r28, r24
    7ebe:	80 91 56 15 	lds	r24, 0x1556	; 0x801556 <Range_Volt_Switch_Freq_Ctr_Max>
    7ec2:	90 91 57 15 	lds	r25, 0x1557	; 0x801557 <Range_Volt_Switch_Freq_Ctr_Max+0x1>
    7ec6:	90 93 28 15 	sts	0x1528, r25	; 0x801528 <Range_Volt_Switch_Freq_Counter+0x1>
    7eca:	80 93 27 15 	sts	0x1527, r24	; 0x801527 <Range_Volt_Switch_Freq_Counter>
    7ece:	80 91 09 15 	lds	r24, 0x1509	; 0x801509 <Range_Volt_Switch_Delay_Ctr_Max>
    7ed2:	80 93 53 15 	sts	0x1553, r24	; 0x801553 <Range_Volt_Switch_Delay_Counter>
    7ed6:	8c 2f       	mov	r24, r28
    7ed8:	0e 94 c1 19 	call	0x3382	; 0x3382 <EEPROM_LOAD_VOLTAGE_RANGE>
    7edc:	80 91 dd 14 	lds	r24, 0x14DD	; 0x8014dd <Range_Volt_ID_Act>
    7ee0:	88 23       	and	r24, r24
    7ee2:	41 f0       	breq	.+16     	; 0x7ef4 <SET_VOLTAGE_RANGE+0x3a>
    7ee4:	80 91 dd 14 	lds	r24, 0x14DD	; 0x8014dd <Range_Volt_ID_Act>
    7ee8:	81 30       	cpi	r24, 0x01	; 1
    7eea:	21 f0       	breq	.+8      	; 0x7ef4 <SET_VOLTAGE_RANGE+0x3a>
    7eec:	80 91 dd 14 	lds	r24, 0x14DD	; 0x8014dd <Range_Volt_ID_Act>
    7ef0:	82 30       	cpi	r24, 0x02	; 2
    7ef2:	21 f4       	brne	.+8      	; 0x7efc <SET_VOLTAGE_RANGE+0x42>
    7ef4:	81 e0       	ldi	r24, 0x01	; 1
    7ef6:	c3 30       	cpi	r28, 0x03	; 3
    7ef8:	88 f4       	brcc	.+34     	; 0x7f1c <SET_VOLTAGE_RANGE+0x62>
    7efa:	0d c0       	rjmp	.+26     	; 0x7f16 <SET_VOLTAGE_RANGE+0x5c>
    7efc:	80 91 dd 14 	lds	r24, 0x14DD	; 0x8014dd <Range_Volt_ID_Act>
    7f00:	83 30       	cpi	r24, 0x03	; 3
    7f02:	21 f0       	breq	.+8      	; 0x7f0c <SET_VOLTAGE_RANGE+0x52>
    7f04:	80 91 dd 14 	lds	r24, 0x14DD	; 0x8014dd <Range_Volt_ID_Act>
    7f08:	84 30       	cpi	r24, 0x04	; 4
    7f0a:	39 f4       	brne	.+14     	; 0x7f1a <SET_VOLTAGE_RANGE+0x60>
    7f0c:	81 e0       	ldi	r24, 0x01	; 1
    7f0e:	9d ef       	ldi	r25, 0xFD	; 253
    7f10:	9c 0f       	add	r25, r28
    7f12:	92 30       	cpi	r25, 0x02	; 2
    7f14:	18 f4       	brcc	.+6      	; 0x7f1c <SET_VOLTAGE_RANGE+0x62>
    7f16:	80 e0       	ldi	r24, 0x00	; 0
    7f18:	01 c0       	rjmp	.+2      	; 0x7f1c <SET_VOLTAGE_RANGE+0x62>
    7f1a:	81 e0       	ldi	r24, 0x01	; 1
    7f1c:	90 91 dd 14 	lds	r25, 0x14DD	; 0x8014dd <Range_Volt_ID_Act>
    7f20:	99 23       	and	r25, r25
    7f22:	41 f0       	breq	.+16     	; 0x7f34 <SET_VOLTAGE_RANGE+0x7a>
    7f24:	90 91 dd 14 	lds	r25, 0x14DD	; 0x8014dd <Range_Volt_ID_Act>
    7f28:	91 30       	cpi	r25, 0x01	; 1
    7f2a:	21 f0       	breq	.+8      	; 0x7f34 <SET_VOLTAGE_RANGE+0x7a>
    7f2c:	90 91 dd 14 	lds	r25, 0x14DD	; 0x8014dd <Range_Volt_ID_Act>
    7f30:	94 30       	cpi	r25, 0x04	; 4
    7f32:	39 f4       	brne	.+14     	; 0x7f42 <SET_VOLTAGE_RANGE+0x88>
    7f34:	c2 30       	cpi	r28, 0x02	; 2
    7f36:	08 f4       	brcc	.+2      	; 0x7f3a <SET_VOLTAGE_RANGE+0x80>
    7f38:	ab c0       	rjmp	.+342    	; 0x8090 <SET_VOLTAGE_RANGE+0x1d6>
    7f3a:	91 e0       	ldi	r25, 0x01	; 1
    7f3c:	c4 30       	cpi	r28, 0x04	; 4
    7f3e:	79 f4       	brne	.+30     	; 0x7f5e <SET_VOLTAGE_RANGE+0xa4>
    7f40:	0d c0       	rjmp	.+26     	; 0x7f5c <SET_VOLTAGE_RANGE+0xa2>
    7f42:	90 91 dd 14 	lds	r25, 0x14DD	; 0x8014dd <Range_Volt_ID_Act>
    7f46:	92 30       	cpi	r25, 0x02	; 2
    7f48:	21 f0       	breq	.+8      	; 0x7f52 <SET_VOLTAGE_RANGE+0x98>
    7f4a:	90 91 dd 14 	lds	r25, 0x14DD	; 0x8014dd <Range_Volt_ID_Act>
    7f4e:	93 30       	cpi	r25, 0x03	; 3
    7f50:	49 f4       	brne	.+18     	; 0x7f64 <SET_VOLTAGE_RANGE+0xaa>
    7f52:	91 e0       	ldi	r25, 0x01	; 1
    7f54:	2e ef       	ldi	r18, 0xFE	; 254
    7f56:	2c 0f       	add	r18, r28
    7f58:	22 30       	cpi	r18, 0x02	; 2
    7f5a:	08 f4       	brcc	.+2      	; 0x7f5e <SET_VOLTAGE_RANGE+0xa4>
    7f5c:	90 e0       	ldi	r25, 0x00	; 0
    7f5e:	81 30       	cpi	r24, 0x01	; 1
    7f60:	71 f4       	brne	.+28     	; 0x7f7e <SET_VOLTAGE_RANGE+0xc4>
    7f62:	03 c0       	rjmp	.+6      	; 0x7f6a <SET_VOLTAGE_RANGE+0xb0>
    7f64:	81 30       	cpi	r24, 0x01	; 1
    7f66:	71 f4       	brne	.+28     	; 0x7f84 <SET_VOLTAGE_RANGE+0xca>
    7f68:	91 e0       	ldi	r25, 0x01	; 1
    7f6a:	20 91 3f 12 	lds	r18, 0x123F	; 0x80123f <DIOE_PORT_A_STATE>
    7f6e:	2e 7f       	andi	r18, 0xFE	; 254
    7f70:	20 93 3f 12 	sts	0x123F, r18	; 0x80123f <DIOE_PORT_A_STATE>
    7f74:	20 91 3f 12 	lds	r18, 0x123F	; 0x80123f <DIOE_PORT_A_STATE>
    7f78:	2d 7f       	andi	r18, 0xFD	; 253
    7f7a:	20 93 3f 12 	sts	0x123F, r18	; 0x80123f <DIOE_PORT_A_STATE>
    7f7e:	91 30       	cpi	r25, 0x01	; 1
    7f80:	09 f0       	breq	.+2      	; 0x7f84 <SET_VOLTAGE_RANGE+0xca>
    7f82:	82 c0       	rjmp	.+260    	; 0x8088 <SET_VOLTAGE_RANGE+0x1ce>
    7f84:	90 91 3f 12 	lds	r25, 0x123F	; 0x80123f <DIOE_PORT_A_STATE>
    7f88:	9b 7f       	andi	r25, 0xFB	; 251
    7f8a:	90 93 3f 12 	sts	0x123F, r25	; 0x80123f <DIOE_PORT_A_STATE>
    7f8e:	90 91 3f 12 	lds	r25, 0x123F	; 0x80123f <DIOE_PORT_A_STATE>
    7f92:	97 7f       	andi	r25, 0xF7	; 247
    7f94:	90 93 3f 12 	sts	0x123F, r25	; 0x80123f <DIOE_PORT_A_STATE>
    7f98:	c1 11       	cpse	r28, r1
    7f9a:	04 c0       	rjmp	.+8      	; 0x7fa4 <SET_VOLTAGE_RANGE+0xea>
    7f9c:	90 91 3f 12 	lds	r25, 0x123F	; 0x80123f <DIOE_PORT_A_STATE>
    7fa0:	98 60       	ori	r25, 0x08	; 8
    7fa2:	07 c0       	rjmp	.+14     	; 0x7fb2 <SET_VOLTAGE_RANGE+0xf8>
    7fa4:	c1 30       	cpi	r28, 0x01	; 1
    7fa6:	d1 f3       	breq	.-12     	; 0x7f9c <SET_VOLTAGE_RANGE+0xe2>
    7fa8:	c2 30       	cpi	r28, 0x02	; 2
    7faa:	59 f4       	brne	.+22     	; 0x7fc2 <SET_VOLTAGE_RANGE+0x108>
    7fac:	90 91 3f 12 	lds	r25, 0x123F	; 0x80123f <DIOE_PORT_A_STATE>
    7fb0:	94 60       	ori	r25, 0x04	; 4
    7fb2:	90 93 3f 12 	sts	0x123F, r25	; 0x80123f <DIOE_PORT_A_STATE>
    7fb6:	81 30       	cpi	r24, 0x01	; 1
    7fb8:	b1 f4       	brne	.+44     	; 0x7fe6 <SET_VOLTAGE_RANGE+0x12c>
    7fba:	80 91 3f 12 	lds	r24, 0x123F	; 0x80123f <DIOE_PORT_A_STATE>
    7fbe:	81 60       	ori	r24, 0x01	; 1
    7fc0:	10 c0       	rjmp	.+32     	; 0x7fe2 <SET_VOLTAGE_RANGE+0x128>
    7fc2:	91 e0       	ldi	r25, 0x01	; 1
    7fc4:	c3 30       	cpi	r28, 0x03	; 3
    7fc6:	09 f0       	breq	.+2      	; 0x7fca <SET_VOLTAGE_RANGE+0x110>
    7fc8:	6a c0       	rjmp	.+212    	; 0x809e <SET_VOLTAGE_RANGE+0x1e4>
    7fca:	91 30       	cpi	r25, 0x01	; 1
    7fcc:	29 f4       	brne	.+10     	; 0x7fd8 <SET_VOLTAGE_RANGE+0x11e>
    7fce:	90 91 3f 12 	lds	r25, 0x123F	; 0x80123f <DIOE_PORT_A_STATE>
    7fd2:	94 60       	ori	r25, 0x04	; 4
    7fd4:	90 93 3f 12 	sts	0x123F, r25	; 0x80123f <DIOE_PORT_A_STATE>
    7fd8:	81 30       	cpi	r24, 0x01	; 1
    7fda:	29 f4       	brne	.+10     	; 0x7fe6 <SET_VOLTAGE_RANGE+0x12c>
    7fdc:	80 91 3f 12 	lds	r24, 0x123F	; 0x80123f <DIOE_PORT_A_STATE>
    7fe0:	82 60       	ori	r24, 0x02	; 2
    7fe2:	80 93 3f 12 	sts	0x123F, r24	; 0x80123f <DIOE_PORT_A_STATE>
    7fe6:	40 91 f2 13 	lds	r20, 0x13F2	; 0x8013f2 <DIOE_PORT_B_STATE>
    7fea:	60 91 3f 12 	lds	r22, 0x123F	; 0x80123f <DIOE_PORT_A_STATE>
    7fee:	82 e0       	ldi	r24, 0x02	; 2
    7ff0:	0e 94 32 30 	call	0x6064	; 0x6064 <DIOExp_Write_Outputs>
    7ff4:	8f ed       	ldi	r24, 0xDF	; 223
    7ff6:	9e e2       	ldi	r25, 0x2E	; 46
    7ff8:	01 97       	sbiw	r24, 0x01	; 1
    7ffa:	f1 f7       	brne	.-4      	; 0x7ff8 <SET_VOLTAGE_RANGE+0x13e>
    7ffc:	00 c0       	rjmp	.+0      	; 0x7ffe <SET_VOLTAGE_RANGE+0x144>
    7ffe:	00 00       	nop
    8000:	60 91 8f 14 	lds	r22, 0x148F	; 0x80148f <PV_Volt_DAC_ACT>
    8004:	70 91 90 14 	lds	r23, 0x1490	; 0x801490 <PV_Volt_DAC_ACT+0x1>
    8008:	80 91 91 14 	lds	r24, 0x1491	; 0x801491 <PV_Volt_DAC_ACT+0x2>
    800c:	90 91 92 14 	lds	r25, 0x1492	; 0x801492 <PV_Volt_DAC_ACT+0x3>
    8010:	0e 94 be 2d 	call	0x5b7c	; 0x5b7c <Set_DAC_Output_Volts>
    8014:	8f e5       	ldi	r24, 0x5F	; 95
    8016:	9d e6       	ldi	r25, 0x6D	; 109
    8018:	01 97       	sbiw	r24, 0x01	; 1
    801a:	f1 f7       	brne	.-4      	; 0x8018 <SET_VOLTAGE_RANGE+0x15e>
    801c:	00 c0       	rjmp	.+0      	; 0x801e <SET_VOLTAGE_RANGE+0x164>
    801e:	00 00       	nop
    8020:	80 91 3f 12 	lds	r24, 0x123F	; 0x80123f <DIOE_PORT_A_STATE>
    8024:	81 60       	ori	r24, 0x01	; 1
    8026:	80 93 3f 12 	sts	0x123F, r24	; 0x80123f <DIOE_PORT_A_STATE>
    802a:	80 91 3f 12 	lds	r24, 0x123F	; 0x80123f <DIOE_PORT_A_STATE>
    802e:	82 60       	ori	r24, 0x02	; 2
    8030:	80 93 3f 12 	sts	0x123F, r24	; 0x80123f <DIOE_PORT_A_STATE>
    8034:	80 91 3f 12 	lds	r24, 0x123F	; 0x80123f <DIOE_PORT_A_STATE>
    8038:	84 60       	ori	r24, 0x04	; 4
    803a:	80 93 3f 12 	sts	0x123F, r24	; 0x80123f <DIOE_PORT_A_STATE>
    803e:	80 91 3f 12 	lds	r24, 0x123F	; 0x80123f <DIOE_PORT_A_STATE>
    8042:	88 60       	ori	r24, 0x08	; 8
    8044:	80 93 3f 12 	sts	0x123F, r24	; 0x80123f <DIOE_PORT_A_STATE>
    8048:	40 91 f2 13 	lds	r20, 0x13F2	; 0x8013f2 <DIOE_PORT_B_STATE>
    804c:	60 91 3f 12 	lds	r22, 0x123F	; 0x80123f <DIOE_PORT_A_STATE>
    8050:	82 e0       	ldi	r24, 0x02	; 2
    8052:	0e 94 32 30 	call	0x6064	; 0x6064 <DIOExp_Write_Outputs>
    8056:	8f e3       	ldi	r24, 0x3F	; 63
    8058:	9c e9       	ldi	r25, 0x9C	; 156
    805a:	01 97       	sbiw	r24, 0x01	; 1
    805c:	f1 f7       	brne	.-4      	; 0x805a <SET_VOLTAGE_RANGE+0x1a0>
    805e:	00 c0       	rjmp	.+0      	; 0x8060 <SET_VOLTAGE_RANGE+0x1a6>
    8060:	00 00       	nop
    8062:	c0 93 dd 14 	sts	0x14DD, r28	; 0x8014dd <Range_Volt_ID_Act>
    8066:	80 91 dc 14 	lds	r24, 0x14DC	; 0x8014dc <Range_Status_B>
    806a:	81 60       	ori	r24, 0x01	; 1
    806c:	80 93 dc 14 	sts	0x14DC, r24	; 0x8014dc <Range_Status_B>
    8070:	80 91 1e 14 	lds	r24, 0x141E	; 0x80141e <SysStatus_B>
    8074:	8e 7f       	andi	r24, 0xFE	; 254
    8076:	80 93 1e 14 	sts	0x141E, r24	; 0x80141e <SysStatus_B>
    807a:	80 91 29 14 	lds	r24, 0x1429	; 0x801429 <Timer_CTR>
    807e:	8e 7f       	andi	r24, 0xFE	; 254
    8080:	80 93 29 14 	sts	0x1429, r24	; 0x801429 <Timer_CTR>
    8084:	cf 91       	pop	r28
    8086:	08 95       	ret
    8088:	cc 23       	and	r28, r28
    808a:	09 f4       	brne	.+2      	; 0x808e <SET_VOLTAGE_RANGE+0x1d4>
    808c:	94 cf       	rjmp	.-216    	; 0x7fb6 <SET_VOLTAGE_RANGE+0xfc>
    808e:	04 c0       	rjmp	.+8      	; 0x8098 <SET_VOLTAGE_RANGE+0x1de>
    8090:	81 30       	cpi	r24, 0x01	; 1
    8092:	d1 f7       	brne	.-12     	; 0x8088 <SET_VOLTAGE_RANGE+0x1ce>
    8094:	90 e0       	ldi	r25, 0x00	; 0
    8096:	69 cf       	rjmp	.-302    	; 0x7f6a <SET_VOLTAGE_RANGE+0xb0>
    8098:	c1 30       	cpi	r28, 0x01	; 1
    809a:	41 f4       	brne	.+16     	; 0x80ac <SET_VOLTAGE_RANGE+0x1f2>
    809c:	8c cf       	rjmp	.-232    	; 0x7fb6 <SET_VOLTAGE_RANGE+0xfc>
    809e:	91 30       	cpi	r25, 0x01	; 1
    80a0:	09 f0       	breq	.+2      	; 0x80a4 <SET_VOLTAGE_RANGE+0x1ea>
    80a2:	9a cf       	rjmp	.-204    	; 0x7fd8 <SET_VOLTAGE_RANGE+0x11e>
    80a4:	90 91 3f 12 	lds	r25, 0x123F	; 0x80123f <DIOE_PORT_A_STATE>
    80a8:	98 60       	ori	r25, 0x08	; 8
    80aa:	94 cf       	rjmp	.-216    	; 0x7fd4 <SET_VOLTAGE_RANGE+0x11a>
    80ac:	c2 30       	cpi	r28, 0x02	; 2
    80ae:	09 f4       	brne	.+2      	; 0x80b2 <SET_VOLTAGE_RANGE+0x1f8>
    80b0:	82 cf       	rjmp	.-252    	; 0x7fb6 <SET_VOLTAGE_RANGE+0xfc>
    80b2:	90 e0       	ldi	r25, 0x00	; 0
    80b4:	87 cf       	rjmp	.-242    	; 0x7fc4 <SET_VOLTAGE_RANGE+0x10a>

000080b6 <SET_CURRENT_RANGE>:
    80b6:	cf 93       	push	r28
    80b8:	c8 2f       	mov	r28, r24
    80ba:	80 91 54 15 	lds	r24, 0x1554	; 0x801554 <Range_Curr_ID_Act>
    80be:	81 30       	cpi	r24, 0x01	; 1
    80c0:	41 f0       	breq	.+16     	; 0x80d2 <SET_CURRENT_RANGE+0x1c>
    80c2:	80 91 54 15 	lds	r24, 0x1554	; 0x801554 <Range_Curr_ID_Act>
    80c6:	83 30       	cpi	r24, 0x03	; 3
    80c8:	21 f0       	breq	.+8      	; 0x80d2 <SET_CURRENT_RANGE+0x1c>
    80ca:	80 91 54 15 	lds	r24, 0x1554	; 0x801554 <Range_Curr_ID_Act>
    80ce:	85 30       	cpi	r24, 0x05	; 5
    80d0:	41 f4       	brne	.+16     	; 0x80e2 <SET_CURRENT_RANGE+0x2c>
    80d2:	8c 2f       	mov	r24, r28
    80d4:	8d 7f       	andi	r24, 0xFD	; 253
    80d6:	81 30       	cpi	r24, 0x01	; 1
    80d8:	c9 f0       	breq	.+50     	; 0x810c <SET_CURRENT_RANGE+0x56>
    80da:	81 e0       	ldi	r24, 0x01	; 1
    80dc:	c5 30       	cpi	r28, 0x05	; 5
    80de:	b9 f4       	brne	.+46     	; 0x810e <SET_CURRENT_RANGE+0x58>
    80e0:	15 c0       	rjmp	.+42     	; 0x810c <SET_CURRENT_RANGE+0x56>
    80e2:	80 91 54 15 	lds	r24, 0x1554	; 0x801554 <Range_Curr_ID_Act>
    80e6:	88 23       	and	r24, r24
    80e8:	41 f0       	breq	.+16     	; 0x80fa <SET_CURRENT_RANGE+0x44>
    80ea:	80 91 54 15 	lds	r24, 0x1554	; 0x801554 <Range_Curr_ID_Act>
    80ee:	82 30       	cpi	r24, 0x02	; 2
    80f0:	21 f0       	breq	.+8      	; 0x80fa <SET_CURRENT_RANGE+0x44>
    80f2:	80 91 54 15 	lds	r24, 0x1554	; 0x801554 <Range_Curr_ID_Act>
    80f6:	84 30       	cpi	r24, 0x04	; 4
    80f8:	39 f4       	brne	.+14     	; 0x8108 <SET_CURRENT_RANGE+0x52>
    80fa:	8c 2f       	mov	r24, r28
    80fc:	8d 7f       	andi	r24, 0xFD	; 253
    80fe:	31 f0       	breq	.+12     	; 0x810c <SET_CURRENT_RANGE+0x56>
    8100:	81 e0       	ldi	r24, 0x01	; 1
    8102:	c4 30       	cpi	r28, 0x04	; 4
    8104:	21 f4       	brne	.+8      	; 0x810e <SET_CURRENT_RANGE+0x58>
    8106:	02 c0       	rjmp	.+4      	; 0x810c <SET_CURRENT_RANGE+0x56>
    8108:	81 e0       	ldi	r24, 0x01	; 1
    810a:	01 c0       	rjmp	.+2      	; 0x810e <SET_CURRENT_RANGE+0x58>
    810c:	80 e0       	ldi	r24, 0x00	; 0
    810e:	20 91 e5 14 	lds	r18, 0x14E5	; 0x8014e5 <Range_Curr_Switch_Freq_Ctr_Max>
    8112:	30 91 e6 14 	lds	r19, 0x14E6	; 0x8014e6 <Range_Curr_Switch_Freq_Ctr_Max+0x1>
    8116:	30 93 e3 14 	sts	0x14E3, r19	; 0x8014e3 <Range_Curr_Switch_Freq_Counter+0x1>
    811a:	20 93 e2 14 	sts	0x14E2, r18	; 0x8014e2 <Range_Curr_Switch_Freq_Counter>
    811e:	90 91 29 15 	lds	r25, 0x1529	; 0x801529 <Range_Curr_Switch_Delay_Ctr_Max>
    8122:	90 93 55 15 	sts	0x1555, r25	; 0x801555 <Range_Curr_Switch_Delay_Counter>
    8126:	90 91 f2 13 	lds	r25, 0x13F2	; 0x8013f2 <DIOE_PORT_B_STATE>
    812a:	9e 7f       	andi	r25, 0xFE	; 254
    812c:	90 93 f2 13 	sts	0x13F2, r25	; 0x8013f2 <DIOE_PORT_B_STATE>
    8130:	90 91 3f 12 	lds	r25, 0x123F	; 0x80123f <DIOE_PORT_A_STATE>
    8134:	9f 7d       	andi	r25, 0xDF	; 223
    8136:	90 93 3f 12 	sts	0x123F, r25	; 0x80123f <DIOE_PORT_A_STATE>
    813a:	90 91 3f 12 	lds	r25, 0x123F	; 0x80123f <DIOE_PORT_A_STATE>
    813e:	9f 7e       	andi	r25, 0xEF	; 239
    8140:	90 93 3f 12 	sts	0x123F, r25	; 0x80123f <DIOE_PORT_A_STATE>
    8144:	90 91 3f 12 	lds	r25, 0x123F	; 0x80123f <DIOE_PORT_A_STATE>
    8148:	9f 77       	andi	r25, 0x7F	; 127
    814a:	90 93 3f 12 	sts	0x123F, r25	; 0x80123f <DIOE_PORT_A_STATE>
    814e:	90 91 3f 12 	lds	r25, 0x123F	; 0x80123f <DIOE_PORT_A_STATE>
    8152:	9f 7b       	andi	r25, 0xBF	; 191
    8154:	90 93 3f 12 	sts	0x123F, r25	; 0x80123f <DIOE_PORT_A_STATE>
    8158:	90 91 f2 13 	lds	r25, 0x13F2	; 0x8013f2 <DIOE_PORT_B_STATE>
    815c:	c1 11       	cpse	r28, r1
    815e:	09 c0       	rjmp	.+18     	; 0x8172 <SET_CURRENT_RANGE+0xbc>
    8160:	98 60       	ori	r25, 0x08	; 8
    8162:	90 93 f2 13 	sts	0x13F2, r25	; 0x8013f2 <DIOE_PORT_B_STATE>
    8166:	81 30       	cpi	r24, 0x01	; 1
    8168:	81 f4       	brne	.+32     	; 0x818a <SET_CURRENT_RANGE+0xd4>
    816a:	80 91 3f 12 	lds	r24, 0x123F	; 0x80123f <DIOE_PORT_A_STATE>
    816e:	80 64       	ori	r24, 0x40	; 64
    8170:	0a c0       	rjmp	.+20     	; 0x8186 <SET_CURRENT_RANGE+0xd0>
    8172:	c1 30       	cpi	r28, 0x01	; 1
    8174:	71 f4       	brne	.+28     	; 0x8192 <SET_CURRENT_RANGE+0xdc>
    8176:	98 60       	ori	r25, 0x08	; 8
    8178:	90 93 f2 13 	sts	0x13F2, r25	; 0x8013f2 <DIOE_PORT_B_STATE>
    817c:	81 30       	cpi	r24, 0x01	; 1
    817e:	29 f4       	brne	.+10     	; 0x818a <SET_CURRENT_RANGE+0xd4>
    8180:	80 91 3f 12 	lds	r24, 0x123F	; 0x80123f <DIOE_PORT_A_STATE>
    8184:	80 68       	ori	r24, 0x80	; 128
    8186:	80 93 3f 12 	sts	0x123F, r24	; 0x80123f <DIOE_PORT_A_STATE>
    818a:	80 91 3f 12 	lds	r24, 0x123F	; 0x80123f <DIOE_PORT_A_STATE>
    818e:	80 61       	ori	r24, 0x10	; 16
    8190:	2b c0       	rjmp	.+86     	; 0x81e8 <SET_CURRENT_RANGE+0x132>
    8192:	c2 30       	cpi	r28, 0x02	; 2
    8194:	49 f4       	brne	.+18     	; 0x81a8 <SET_CURRENT_RANGE+0xf2>
    8196:	94 60       	ori	r25, 0x04	; 4
    8198:	90 93 f2 13 	sts	0x13F2, r25	; 0x8013f2 <DIOE_PORT_B_STATE>
    819c:	81 30       	cpi	r24, 0x01	; 1
    819e:	81 f4       	brne	.+32     	; 0x81c0 <SET_CURRENT_RANGE+0x10a>
    81a0:	80 91 3f 12 	lds	r24, 0x123F	; 0x80123f <DIOE_PORT_A_STATE>
    81a4:	80 64       	ori	r24, 0x40	; 64
    81a6:	0a c0       	rjmp	.+20     	; 0x81bc <SET_CURRENT_RANGE+0x106>
    81a8:	c3 30       	cpi	r28, 0x03	; 3
    81aa:	71 f4       	brne	.+28     	; 0x81c8 <SET_CURRENT_RANGE+0x112>
    81ac:	94 60       	ori	r25, 0x04	; 4
    81ae:	90 93 f2 13 	sts	0x13F2, r25	; 0x8013f2 <DIOE_PORT_B_STATE>
    81b2:	81 30       	cpi	r24, 0x01	; 1
    81b4:	29 f4       	brne	.+10     	; 0x81c0 <SET_CURRENT_RANGE+0x10a>
    81b6:	80 91 3f 12 	lds	r24, 0x123F	; 0x80123f <DIOE_PORT_A_STATE>
    81ba:	80 68       	ori	r24, 0x80	; 128
    81bc:	80 93 3f 12 	sts	0x123F, r24	; 0x80123f <DIOE_PORT_A_STATE>
    81c0:	80 91 3f 12 	lds	r24, 0x123F	; 0x80123f <DIOE_PORT_A_STATE>
    81c4:	80 62       	ori	r24, 0x20	; 32
    81c6:	10 c0       	rjmp	.+32     	; 0x81e8 <SET_CURRENT_RANGE+0x132>
    81c8:	92 60       	ori	r25, 0x02	; 2
    81ca:	90 93 f2 13 	sts	0x13F2, r25	; 0x8013f2 <DIOE_PORT_B_STATE>
    81ce:	c4 30       	cpi	r28, 0x04	; 4
    81d0:	31 f4       	brne	.+12     	; 0x81de <SET_CURRENT_RANGE+0x128>
    81d2:	81 30       	cpi	r24, 0x01	; 1
    81d4:	59 f4       	brne	.+22     	; 0x81ec <SET_CURRENT_RANGE+0x136>
    81d6:	80 91 3f 12 	lds	r24, 0x123F	; 0x80123f <DIOE_PORT_A_STATE>
    81da:	80 64       	ori	r24, 0x40	; 64
    81dc:	05 c0       	rjmp	.+10     	; 0x81e8 <SET_CURRENT_RANGE+0x132>
    81de:	81 30       	cpi	r24, 0x01	; 1
    81e0:	29 f4       	brne	.+10     	; 0x81ec <SET_CURRENT_RANGE+0x136>
    81e2:	80 91 3f 12 	lds	r24, 0x123F	; 0x80123f <DIOE_PORT_A_STATE>
    81e6:	80 68       	ori	r24, 0x80	; 128
    81e8:	80 93 3f 12 	sts	0x123F, r24	; 0x80123f <DIOE_PORT_A_STATE>
    81ec:	40 91 f2 13 	lds	r20, 0x13F2	; 0x8013f2 <DIOE_PORT_B_STATE>
    81f0:	60 91 3f 12 	lds	r22, 0x123F	; 0x80123f <DIOE_PORT_A_STATE>
    81f4:	82 e0       	ldi	r24, 0x02	; 2
    81f6:	0e 94 32 30 	call	0x6064	; 0x6064 <DIOExp_Write_Outputs>
    81fa:	8f e3       	ldi	r24, 0x3F	; 63
    81fc:	9c e9       	ldi	r25, 0x9C	; 156
    81fe:	01 97       	sbiw	r24, 0x01	; 1
    8200:	f1 f7       	brne	.-4      	; 0x81fe <SET_CURRENT_RANGE+0x148>
    8202:	00 c0       	rjmp	.+0      	; 0x8204 <SET_CURRENT_RANGE+0x14e>
    8204:	00 00       	nop
    8206:	80 91 3f 12 	lds	r24, 0x123F	; 0x80123f <DIOE_PORT_A_STATE>
    820a:	80 68       	ori	r24, 0x80	; 128
    820c:	80 93 3f 12 	sts	0x123F, r24	; 0x80123f <DIOE_PORT_A_STATE>
    8210:	80 91 3f 12 	lds	r24, 0x123F	; 0x80123f <DIOE_PORT_A_STATE>
    8214:	80 64       	ori	r24, 0x40	; 64
    8216:	80 93 3f 12 	sts	0x123F, r24	; 0x80123f <DIOE_PORT_A_STATE>
    821a:	cc 23       	and	r28, r28
    821c:	11 f0       	breq	.+4      	; 0x8222 <SET_CURRENT_RANGE+0x16c>
    821e:	c1 30       	cpi	r28, 0x01	; 1
    8220:	49 f4       	brne	.+18     	; 0x8234 <SET_CURRENT_RANGE+0x17e>
    8222:	80 91 f2 13 	lds	r24, 0x13F2	; 0x8013f2 <DIOE_PORT_B_STATE>
    8226:	8d 7f       	andi	r24, 0xFD	; 253
    8228:	80 93 f2 13 	sts	0x13F2, r24	; 0x8013f2 <DIOE_PORT_B_STATE>
    822c:	80 91 f2 13 	lds	r24, 0x13F2	; 0x8013f2 <DIOE_PORT_B_STATE>
    8230:	8b 7f       	andi	r24, 0xFB	; 251
    8232:	10 c0       	rjmp	.+32     	; 0x8254 <SET_CURRENT_RANGE+0x19e>
    8234:	c2 30       	cpi	r28, 0x02	; 2
    8236:	21 f4       	brne	.+8      	; 0x8240 <SET_CURRENT_RANGE+0x18a>
    8238:	80 91 f2 13 	lds	r24, 0x13F2	; 0x8013f2 <DIOE_PORT_B_STATE>
    823c:	8d 7f       	andi	r24, 0xFD	; 253
    823e:	05 c0       	rjmp	.+10     	; 0x824a <SET_CURRENT_RANGE+0x194>
    8240:	c3 30       	cpi	r28, 0x03	; 3
    8242:	d1 f3       	breq	.-12     	; 0x8238 <SET_CURRENT_RANGE+0x182>
    8244:	80 91 f2 13 	lds	r24, 0x13F2	; 0x8013f2 <DIOE_PORT_B_STATE>
    8248:	8b 7f       	andi	r24, 0xFB	; 251
    824a:	80 93 f2 13 	sts	0x13F2, r24	; 0x8013f2 <DIOE_PORT_B_STATE>
    824e:	80 91 f2 13 	lds	r24, 0x13F2	; 0x8013f2 <DIOE_PORT_B_STATE>
    8252:	87 7f       	andi	r24, 0xF7	; 247
    8254:	80 93 f2 13 	sts	0x13F2, r24	; 0x8013f2 <DIOE_PORT_B_STATE>
    8258:	40 91 f2 13 	lds	r20, 0x13F2	; 0x8013f2 <DIOE_PORT_B_STATE>
    825c:	60 91 3f 12 	lds	r22, 0x123F	; 0x80123f <DIOE_PORT_A_STATE>
    8260:	82 e0       	ldi	r24, 0x02	; 2
    8262:	0e 94 32 30 	call	0x6064	; 0x6064 <DIOExp_Write_Outputs>
    8266:	8c 2f       	mov	r24, r28
    8268:	0e 94 cc 1a 	call	0x3598	; 0x3598 <EEPROM_LOAD_CURRENT_RANGE>
    826c:	8f e3       	ldi	r24, 0x3F	; 63
    826e:	9c e9       	ldi	r25, 0x9C	; 156
    8270:	01 97       	sbiw	r24, 0x01	; 1
    8272:	f1 f7       	brne	.-4      	; 0x8270 <SET_CURRENT_RANGE+0x1ba>
    8274:	00 c0       	rjmp	.+0      	; 0x8276 <SET_CURRENT_RANGE+0x1c0>
    8276:	00 00       	nop
    8278:	c0 93 54 15 	sts	0x1554, r28	; 0x801554 <Range_Curr_ID_Act>
    827c:	80 91 dc 14 	lds	r24, 0x14DC	; 0x8014dc <Range_Status_B>
    8280:	82 60       	ori	r24, 0x02	; 2
    8282:	80 93 dc 14 	sts	0x14DC, r24	; 0x8014dc <Range_Status_B>
    8286:	80 91 1e 14 	lds	r24, 0x141E	; 0x80141e <SysStatus_B>
    828a:	8e 7f       	andi	r24, 0xFE	; 254
    828c:	80 93 1e 14 	sts	0x141E, r24	; 0x80141e <SysStatus_B>
    8290:	80 91 29 14 	lds	r24, 0x1429	; 0x801429 <Timer_CTR>
    8294:	8e 7f       	andi	r24, 0xFE	; 254
    8296:	80 93 29 14 	sts	0x1429, r24	; 0x801429 <Timer_CTR>
    829a:	cf 91       	pop	r28
    829c:	08 95       	ret

0000829e <Check_Voltage_Range_Enabled_Correct>:
    829e:	28 2f       	mov	r18, r24
    82a0:	31 e0       	ldi	r19, 0x01	; 1
    82a2:	c9 01       	movw	r24, r18
    82a4:	99 23       	and	r25, r25
    82a6:	99 f0       	breq	.+38     	; 0x82ce <Check_Voltage_Range_Enabled_Correct+0x30>
    82a8:	20 91 3e 15 	lds	r18, 0x153E	; 0x80153e <Range_Volt_Enable>
    82ac:	30 e0       	ldi	r19, 0x00	; 0
    82ae:	08 2e       	mov	r0, r24
    82b0:	02 c0       	rjmp	.+4      	; 0x82b6 <Check_Voltage_Range_Enabled_Correct+0x18>
    82b2:	35 95       	asr	r19
    82b4:	27 95       	ror	r18
    82b6:	0a 94       	dec	r0
    82b8:	e2 f7       	brpl	.-8      	; 0x82b2 <Check_Voltage_Range_Enabled_Correct+0x14>
    82ba:	20 fd       	sbrc	r18, 0
    82bc:	02 c0       	rjmp	.+4      	; 0x82c2 <Check_Voltage_Range_Enabled_Correct+0x24>
    82be:	8f 5f       	subi	r24, 0xFF	; 255
    82c0:	01 c0       	rjmp	.+2      	; 0x82c4 <Check_Voltage_Range_Enabled_Correct+0x26>
    82c2:	90 e0       	ldi	r25, 0x00	; 0
    82c4:	24 e0       	ldi	r18, 0x04	; 4
    82c6:	30 e0       	ldi	r19, 0x00	; 0
    82c8:	85 30       	cpi	r24, 0x05	; 5
    82ca:	60 f3       	brcs	.-40     	; 0x82a4 <Check_Voltage_Range_Enabled_Correct+0x6>
    82cc:	ea cf       	rjmp	.-44     	; 0x82a2 <Check_Voltage_Range_Enabled_Correct+0x4>
    82ce:	08 95       	ret

000082d0 <Process_Voltage_Auto_Range>:
    82d0:	80 91 dd 14 	lds	r24, 0x14DD	; 0x8014dd <Range_Volt_ID_Act>
    82d4:	90 91 e4 14 	lds	r25, 0x14E4	; 0x8014e4 <Range_Status_A>
    82d8:	94 ff       	sbrs	r25, 4
    82da:	02 c0       	rjmp	.+4      	; 0x82e0 <Process_Voltage_Auto_Range+0x10>
    82dc:	8f 5f       	subi	r24, 0xFF	; 255
    82de:	09 c0       	rjmp	.+18     	; 0x82f2 <Process_Voltage_Auto_Range+0x22>
    82e0:	60 91 8f 10 	lds	r22, 0x108F	; 0x80108f <AI_Volt>
    82e4:	70 91 90 10 	lds	r23, 0x1090	; 0x801090 <AI_Volt+0x1>
    82e8:	80 91 91 10 	lds	r24, 0x1091	; 0x801091 <AI_Volt+0x2>
    82ec:	90 91 92 10 	lds	r25, 0x1092	; 0x801092 <AI_Volt+0x3>
    82f0:	a8 da       	rcall	.-2736   	; 0x7842 <Get_Best_Voltage_Range_From_Value>
    82f2:	d5 df       	rcall	.-86     	; 0x829e <Check_Voltage_Range_Enabled_Correct>
    82f4:	85 30       	cpi	r24, 0x05	; 5
    82f6:	08 f0       	brcs	.+2      	; 0x82fa <Process_Voltage_Auto_Range+0x2a>
    82f8:	84 e0       	ldi	r24, 0x04	; 4
    82fa:	90 91 dd 14 	lds	r25, 0x14DD	; 0x8014dd <Range_Volt_ID_Act>
    82fe:	98 17       	cp	r25, r24
    8300:	40 f0       	brcs	.+16     	; 0x8312 <Process_Voltage_Auto_Range+0x42>
    8302:	90 91 dd 14 	lds	r25, 0x14DD	; 0x8014dd <Range_Volt_ID_Act>
    8306:	89 17       	cp	r24, r25
    8308:	78 f4       	brcc	.+30     	; 0x8328 <Process_Voltage_Auto_Range+0x58>
    830a:	90 91 1e 14 	lds	r25, 0x141E	; 0x80141e <SysStatus_B>
    830e:	92 fd       	sbrc	r25, 2
    8310:	0b c0       	rjmp	.+22     	; 0x8328 <Process_Voltage_Auto_Range+0x58>
    8312:	90 91 53 15 	lds	r25, 0x1553	; 0x801553 <Range_Volt_Switch_Delay_Counter>
    8316:	99 23       	and	r25, r25
    8318:	31 f0       	breq	.+12     	; 0x8326 <Process_Voltage_Auto_Range+0x56>
    831a:	80 91 53 15 	lds	r24, 0x1553	; 0x801553 <Range_Volt_Switch_Delay_Counter>
    831e:	81 50       	subi	r24, 0x01	; 1
    8320:	80 93 53 15 	sts	0x1553, r24	; 0x801553 <Range_Volt_Switch_Delay_Counter>
    8324:	08 95       	ret
    8326:	c9 cd       	rjmp	.-1134   	; 0x7eba <SET_VOLTAGE_RANGE>
    8328:	08 95       	ret

0000832a <Check_Current_Range_Enabled_Correct>:
    832a:	28 2f       	mov	r18, r24
    832c:	31 e0       	ldi	r19, 0x01	; 1
    832e:	c9 01       	movw	r24, r18
    8330:	99 23       	and	r25, r25
    8332:	99 f0       	breq	.+38     	; 0x835a <Check_Current_Range_Enabled_Correct+0x30>
    8334:	20 91 ff 14 	lds	r18, 0x14FF	; 0x8014ff <Range_Curr_Enable>
    8338:	30 e0       	ldi	r19, 0x00	; 0
    833a:	08 2e       	mov	r0, r24
    833c:	02 c0       	rjmp	.+4      	; 0x8342 <Check_Current_Range_Enabled_Correct+0x18>
    833e:	35 95       	asr	r19
    8340:	27 95       	ror	r18
    8342:	0a 94       	dec	r0
    8344:	e2 f7       	brpl	.-8      	; 0x833e <Check_Current_Range_Enabled_Correct+0x14>
    8346:	20 fd       	sbrc	r18, 0
    8348:	02 c0       	rjmp	.+4      	; 0x834e <Check_Current_Range_Enabled_Correct+0x24>
    834a:	8f 5f       	subi	r24, 0xFF	; 255
    834c:	01 c0       	rjmp	.+2      	; 0x8350 <Check_Current_Range_Enabled_Correct+0x26>
    834e:	90 e0       	ldi	r25, 0x00	; 0
    8350:	25 e0       	ldi	r18, 0x05	; 5
    8352:	30 e0       	ldi	r19, 0x00	; 0
    8354:	86 30       	cpi	r24, 0x06	; 6
    8356:	60 f3       	brcs	.-40     	; 0x8330 <Check_Current_Range_Enabled_Correct+0x6>
    8358:	ea cf       	rjmp	.-44     	; 0x832e <Check_Current_Range_Enabled_Correct+0x4>
    835a:	08 95       	ret

0000835c <Process_Current_Auto_Range>:
    835c:	cf 93       	push	r28
    835e:	c0 91 54 15 	lds	r28, 0x1554	; 0x801554 <Range_Curr_ID_Act>
    8362:	00 99       	sbic	0x00, 0	; 0
    8364:	04 c0       	rjmp	.+8      	; 0x836e <Process_Current_Auto_Range+0x12>
    8366:	80 91 1a 14 	lds	r24, 0x141A	; 0x80141a <SysStatus_A>
    836a:	80 61       	ori	r24, 0x10	; 16
    836c:	03 c0       	rjmp	.+6      	; 0x8374 <Process_Current_Auto_Range+0x18>
    836e:	80 91 1a 14 	lds	r24, 0x141A	; 0x80141a <SysStatus_A>
    8372:	8f 7e       	andi	r24, 0xEF	; 239
    8374:	80 93 1a 14 	sts	0x141A, r24	; 0x80141a <SysStatus_A>
    8378:	80 91 e4 14 	lds	r24, 0x14E4	; 0x8014e4 <Range_Status_A>
    837c:	86 fd       	sbrc	r24, 6
    837e:	04 c0       	rjmp	.+8      	; 0x8388 <Process_Current_Auto_Range+0x2c>
    8380:	80 91 1a 14 	lds	r24, 0x141A	; 0x80141a <SysStatus_A>
    8384:	84 ff       	sbrs	r24, 4
    8386:	0d c0       	rjmp	.+26     	; 0x83a2 <Process_Current_Auto_Range+0x46>
    8388:	8c 2f       	mov	r24, r28
    838a:	90 e0       	ldi	r25, 0x00	; 0
    838c:	04 97       	sbiw	r24, 0x04	; 4
    838e:	14 f4       	brge	.+4      	; 0x8394 <Process_Current_Auto_Range+0x38>
    8390:	ce 5f       	subi	r28, 0xFE	; 254
    8392:	01 c0       	rjmp	.+2      	; 0x8396 <Process_Current_Auto_Range+0x3a>
    8394:	cf 5f       	subi	r28, 0xFF	; 255
    8396:	80 91 1a 14 	lds	r24, 0x141A	; 0x80141a <SysStatus_A>
    839a:	84 ff       	sbrs	r24, 4
    839c:	0c c0       	rjmp	.+24     	; 0x83b6 <Process_Current_Auto_Range+0x5a>
    839e:	37 db       	rcall	.-2450   	; 0x7a0e <Reset_Over_Current_Clamp>
    83a0:	0a c0       	rjmp	.+20     	; 0x83b6 <Process_Current_Auto_Range+0x5a>
    83a2:	60 91 46 12 	lds	r22, 0x1246	; 0x801246 <AI_Curr>
    83a6:	70 91 47 12 	lds	r23, 0x1247	; 0x801247 <AI_Curr+0x1>
    83aa:	80 91 48 12 	lds	r24, 0x1248	; 0x801248 <AI_Curr+0x2>
    83ae:	90 91 49 12 	lds	r25, 0x1249	; 0x801249 <AI_Curr+0x3>
    83b2:	ba da       	rcall	.-2700   	; 0x7928 <Get_Best_Current_Range_From_Value>
    83b4:	c8 2f       	mov	r28, r24
    83b6:	8c 2f       	mov	r24, r28
    83b8:	b8 df       	rcall	.-144    	; 0x832a <Check_Current_Range_Enabled_Correct>
    83ba:	86 30       	cpi	r24, 0x06	; 6
    83bc:	08 f0       	brcs	.+2      	; 0x83c0 <Process_Current_Auto_Range+0x64>
    83be:	85 e0       	ldi	r24, 0x05	; 5
    83c0:	90 91 54 15 	lds	r25, 0x1554	; 0x801554 <Range_Curr_ID_Act>
    83c4:	98 17       	cp	r25, r24
    83c6:	40 f0       	brcs	.+16     	; 0x83d8 <Process_Current_Auto_Range+0x7c>
    83c8:	90 91 54 15 	lds	r25, 0x1554	; 0x801554 <Range_Curr_ID_Act>
    83cc:	89 17       	cp	r24, r25
    83ce:	70 f4       	brcc	.+28     	; 0x83ec <Process_Current_Auto_Range+0x90>
    83d0:	90 91 1e 14 	lds	r25, 0x141E	; 0x80141e <SysStatus_B>
    83d4:	93 fd       	sbrc	r25, 3
    83d6:	0e c0       	rjmp	.+28     	; 0x83f4 <Process_Current_Auto_Range+0x98>
    83d8:	90 91 55 15 	lds	r25, 0x1555	; 0x801555 <Range_Curr_Switch_Delay_Counter>
    83dc:	99 23       	and	r25, r25
    83de:	21 f0       	breq	.+8      	; 0x83e8 <Process_Current_Auto_Range+0x8c>
    83e0:	80 91 55 15 	lds	r24, 0x1555	; 0x801555 <Range_Curr_Switch_Delay_Counter>
    83e4:	81 50       	subi	r24, 0x01	; 1
    83e6:	04 c0       	rjmp	.+8      	; 0x83f0 <Process_Current_Auto_Range+0x94>
    83e8:	cf 91       	pop	r28
    83ea:	65 ce       	rjmp	.-822    	; 0x80b6 <SET_CURRENT_RANGE>
    83ec:	80 91 29 15 	lds	r24, 0x1529	; 0x801529 <Range_Curr_Switch_Delay_Ctr_Max>
    83f0:	80 93 55 15 	sts	0x1555, r24	; 0x801555 <Range_Curr_Switch_Delay_Counter>
    83f4:	cf 91       	pop	r28
    83f6:	08 95       	ret

000083f8 <Check_Input_Range_Selection>:
    83f8:	80 91 27 15 	lds	r24, 0x1527	; 0x801527 <Range_Volt_Switch_Freq_Counter>
    83fc:	90 91 28 15 	lds	r25, 0x1528	; 0x801528 <Range_Volt_Switch_Freq_Counter+0x1>
    8400:	89 2b       	or	r24, r25
    8402:	69 f0       	breq	.+26     	; 0x841e <Check_Input_Range_Selection+0x26>
    8404:	80 91 27 15 	lds	r24, 0x1527	; 0x801527 <Range_Volt_Switch_Freq_Counter>
    8408:	90 91 28 15 	lds	r25, 0x1528	; 0x801528 <Range_Volt_Switch_Freq_Counter+0x1>
    840c:	01 97       	sbiw	r24, 0x01	; 1
    840e:	90 93 28 15 	sts	0x1528, r25	; 0x801528 <Range_Volt_Switch_Freq_Counter+0x1>
    8412:	80 93 27 15 	sts	0x1527, r24	; 0x801527 <Range_Volt_Switch_Freq_Counter>
    8416:	80 91 1e 14 	lds	r24, 0x141E	; 0x80141e <SysStatus_B>
    841a:	84 60       	ori	r24, 0x04	; 4
    841c:	03 c0       	rjmp	.+6      	; 0x8424 <Check_Input_Range_Selection+0x2c>
    841e:	80 91 1e 14 	lds	r24, 0x141E	; 0x80141e <SysStatus_B>
    8422:	8b 7f       	andi	r24, 0xFB	; 251
    8424:	80 93 1e 14 	sts	0x141E, r24	; 0x80141e <SysStatus_B>
    8428:	80 91 e2 14 	lds	r24, 0x14E2	; 0x8014e2 <Range_Curr_Switch_Freq_Counter>
    842c:	90 91 e3 14 	lds	r25, 0x14E3	; 0x8014e3 <Range_Curr_Switch_Freq_Counter+0x1>
    8430:	89 2b       	or	r24, r25
    8432:	69 f0       	breq	.+26     	; 0x844e <Check_Input_Range_Selection+0x56>
    8434:	80 91 e2 14 	lds	r24, 0x14E2	; 0x8014e2 <Range_Curr_Switch_Freq_Counter>
    8438:	90 91 e3 14 	lds	r25, 0x14E3	; 0x8014e3 <Range_Curr_Switch_Freq_Counter+0x1>
    843c:	01 97       	sbiw	r24, 0x01	; 1
    843e:	90 93 e3 14 	sts	0x14E3, r25	; 0x8014e3 <Range_Curr_Switch_Freq_Counter+0x1>
    8442:	80 93 e2 14 	sts	0x14E2, r24	; 0x8014e2 <Range_Curr_Switch_Freq_Counter>
    8446:	80 91 1e 14 	lds	r24, 0x141E	; 0x80141e <SysStatus_B>
    844a:	88 60       	ori	r24, 0x08	; 8
    844c:	03 c0       	rjmp	.+6      	; 0x8454 <Check_Input_Range_Selection+0x5c>
    844e:	80 91 1e 14 	lds	r24, 0x141E	; 0x80141e <SysStatus_B>
    8452:	87 7f       	andi	r24, 0xF7	; 247
    8454:	80 93 1e 14 	sts	0x141E, r24	; 0x80141e <SysStatus_B>
    8458:	80 91 1f 14 	lds	r24, 0x141F	; 0x80141f <SysControl>
    845c:	87 ff       	sbrs	r24, 7
    845e:	09 c0       	rjmp	.+18     	; 0x8472 <Check_Input_Range_Selection+0x7a>
    8460:	80 91 e4 14 	lds	r24, 0x14E4	; 0x8014e4 <Range_Status_A>
    8464:	82 ff       	sbrs	r24, 2
    8466:	05 c0       	rjmp	.+10     	; 0x8472 <Check_Input_Range_Selection+0x7a>
    8468:	80 91 e4 14 	lds	r24, 0x14E4	; 0x8014e4 <Range_Status_A>
    846c:	81 60       	ori	r24, 0x01	; 1
    846e:	80 93 e4 14 	sts	0x14E4, r24	; 0x8014e4 <Range_Status_A>
    8472:	80 91 e4 14 	lds	r24, 0x14E4	; 0x8014e4 <Range_Status_A>
    8476:	80 ff       	sbrs	r24, 0
    8478:	09 c0       	rjmp	.+18     	; 0x848c <Check_Input_Range_Selection+0x94>
    847a:	90 91 dd 14 	lds	r25, 0x14DD	; 0x8014dd <Range_Volt_ID_Act>
    847e:	80 91 08 15 	lds	r24, 0x1508	; 0x801508 <Range_Volt_ID_Man>
    8482:	98 17       	cp	r25, r24
    8484:	b9 f0       	breq	.+46     	; 0x84b4 <Check_Input_Range_Selection+0xbc>
    8486:	80 91 08 15 	lds	r24, 0x1508	; 0x801508 <Range_Volt_ID_Man>
    848a:	13 c0       	rjmp	.+38     	; 0x84b2 <Check_Input_Range_Selection+0xba>
    848c:	80 91 1a 14 	lds	r24, 0x141A	; 0x80141a <SysStatus_A>
    8490:	80 ff       	sbrs	r24, 0
    8492:	02 c0       	rjmp	.+4      	; 0x8498 <Check_Input_Range_Selection+0xa0>
    8494:	1d df       	rcall	.-454    	; 0x82d0 <Process_Voltage_Auto_Range>
    8496:	0e c0       	rjmp	.+28     	; 0x84b4 <Check_Input_Range_Selection+0xbc>
    8498:	80 91 56 15 	lds	r24, 0x1556	; 0x801556 <Range_Volt_Switch_Freq_Ctr_Max>
    849c:	90 91 57 15 	lds	r25, 0x1557	; 0x801557 <Range_Volt_Switch_Freq_Ctr_Max+0x1>
    84a0:	90 93 28 15 	sts	0x1528, r25	; 0x801528 <Range_Volt_Switch_Freq_Counter+0x1>
    84a4:	80 93 27 15 	sts	0x1527, r24	; 0x801527 <Range_Volt_Switch_Freq_Counter>
    84a8:	80 91 dd 14 	lds	r24, 0x14DD	; 0x8014dd <Range_Volt_ID_Act>
    84ac:	84 30       	cpi	r24, 0x04	; 4
    84ae:	11 f0       	breq	.+4      	; 0x84b4 <Check_Input_Range_Selection+0xbc>
    84b0:	84 e0       	ldi	r24, 0x04	; 4
    84b2:	03 dd       	rcall	.-1530   	; 0x7eba <SET_VOLTAGE_RANGE>
    84b4:	00 99       	sbic	0x00, 0	; 0
    84b6:	04 c0       	rjmp	.+8      	; 0x84c0 <Check_Input_Range_Selection+0xc8>
    84b8:	80 91 1a 14 	lds	r24, 0x141A	; 0x80141a <SysStatus_A>
    84bc:	80 61       	ori	r24, 0x10	; 16
    84be:	03 c0       	rjmp	.+6      	; 0x84c6 <Check_Input_Range_Selection+0xce>
    84c0:	80 91 1a 14 	lds	r24, 0x141A	; 0x80141a <SysStatus_A>
    84c4:	8f 7e       	andi	r24, 0xEF	; 239
    84c6:	80 93 1a 14 	sts	0x141A, r24	; 0x80141a <SysStatus_A>
    84ca:	80 91 1f 14 	lds	r24, 0x141F	; 0x80141f <SysControl>
    84ce:	87 ff       	sbrs	r24, 7
    84d0:	09 c0       	rjmp	.+18     	; 0x84e4 <Check_Input_Range_Selection+0xec>
    84d2:	80 91 e4 14 	lds	r24, 0x14E4	; 0x8014e4 <Range_Status_A>
    84d6:	83 ff       	sbrs	r24, 3
    84d8:	05 c0       	rjmp	.+10     	; 0x84e4 <Check_Input_Range_Selection+0xec>
    84da:	80 91 e4 14 	lds	r24, 0x14E4	; 0x8014e4 <Range_Status_A>
    84de:	82 60       	ori	r24, 0x02	; 2
    84e0:	80 93 e4 14 	sts	0x14E4, r24	; 0x8014e4 <Range_Status_A>
    84e4:	80 91 e4 14 	lds	r24, 0x14E4	; 0x8014e4 <Range_Status_A>
    84e8:	81 ff       	sbrs	r24, 1
    84ea:	09 c0       	rjmp	.+18     	; 0x84fe <Check_Input_Range_Selection+0x106>
    84ec:	90 91 54 15 	lds	r25, 0x1554	; 0x801554 <Range_Curr_ID_Act>
    84f0:	80 91 0a 15 	lds	r24, 0x150A	; 0x80150a <Range_Curr_ID_Man>
    84f4:	98 17       	cp	r25, r24
    84f6:	d1 f0       	breq	.+52     	; 0x852c <Check_Input_Range_Selection+0x134>
    84f8:	80 91 0a 15 	lds	r24, 0x150A	; 0x80150a <Range_Curr_ID_Man>
    84fc:	16 c0       	rjmp	.+44     	; 0x852a <Check_Input_Range_Selection+0x132>
    84fe:	80 91 1a 14 	lds	r24, 0x141A	; 0x80141a <SysStatus_A>
    8502:	80 fd       	sbrc	r24, 0
    8504:	2b cf       	rjmp	.-426    	; 0x835c <Process_Current_Auto_Range>
    8506:	80 91 e5 14 	lds	r24, 0x14E5	; 0x8014e5 <Range_Curr_Switch_Freq_Ctr_Max>
    850a:	90 91 e6 14 	lds	r25, 0x14E6	; 0x8014e6 <Range_Curr_Switch_Freq_Ctr_Max+0x1>
    850e:	90 93 e3 14 	sts	0x14E3, r25	; 0x8014e3 <Range_Curr_Switch_Freq_Counter+0x1>
    8512:	80 93 e2 14 	sts	0x14E2, r24	; 0x8014e2 <Range_Curr_Switch_Freq_Counter>
    8516:	80 91 1e 14 	lds	r24, 0x141E	; 0x80141e <SysStatus_B>
    851a:	88 60       	ori	r24, 0x08	; 8
    851c:	80 93 1e 14 	sts	0x141E, r24	; 0x80141e <SysStatus_B>
    8520:	80 91 54 15 	lds	r24, 0x1554	; 0x801554 <Range_Curr_ID_Act>
    8524:	85 30       	cpi	r24, 0x05	; 5
    8526:	11 f0       	breq	.+4      	; 0x852c <Check_Input_Range_Selection+0x134>
    8528:	85 e0       	ldi	r24, 0x05	; 5
    852a:	c5 cd       	rjmp	.-1142   	; 0x80b6 <SET_CURRENT_RANGE>
    852c:	08 95       	ret

0000852e <NTC_RawToTemp>:
    852e:	8f 92       	push	r8
    8530:	9f 92       	push	r9
    8532:	af 92       	push	r10
    8534:	bf 92       	push	r11
    8536:	cf 92       	push	r12
    8538:	df 92       	push	r13
    853a:	ef 92       	push	r14
    853c:	ff 92       	push	r15
    853e:	9c 01       	movw	r18, r24
    8540:	21 50       	subi	r18, 0x01	; 1
    8542:	31 09       	sbc	r19, r1
    8544:	2e 3f       	cpi	r18, 0xFE	; 254
    8546:	3f 40       	sbci	r19, 0x0F	; 15
    8548:	08 f0       	brcs	.+2      	; 0x854c <NTC_RawToTemp+0x1e>
    854a:	3b c0       	rjmp	.+118    	; 0x85c2 <NTC_RawToTemp+0x94>
    854c:	bc 01       	movw	r22, r24
    854e:	80 e0       	ldi	r24, 0x00	; 0
    8550:	90 e0       	ldi	r25, 0x00	; 0
    8552:	60 d4       	rcall	.+2240   	; 0x8e14 <__floatunsisf>
    8554:	20 e0       	ldi	r18, 0x00	; 0
    8556:	30 ef       	ldi	r19, 0xF0	; 240
    8558:	4f e7       	ldi	r20, 0x7F	; 127
    855a:	55 e4       	ldi	r21, 0x45	; 69
    855c:	91 d3       	rcall	.+1826   	; 0x8c80 <__divsf3>
    855e:	6b 01       	movw	r12, r22
    8560:	7c 01       	movw	r14, r24
    8562:	20 e0       	ldi	r18, 0x00	; 0
    8564:	30 e4       	ldi	r19, 0x40	; 64
    8566:	4c e1       	ldi	r20, 0x1C	; 28
    8568:	56 e4       	ldi	r21, 0x46	; 70
    856a:	e4 d5       	rcall	.+3016   	; 0x9134 <__mulsf3>
    856c:	4b 01       	movw	r8, r22
    856e:	5c 01       	movw	r10, r24
    8570:	a7 01       	movw	r20, r14
    8572:	96 01       	movw	r18, r12
    8574:	60 e0       	ldi	r22, 0x00	; 0
    8576:	70 e0       	ldi	r23, 0x00	; 0
    8578:	80 e8       	ldi	r24, 0x80	; 128
    857a:	9f e3       	ldi	r25, 0x3F	; 63
    857c:	18 d3       	rcall	.+1584   	; 0x8bae <__subsf3>
    857e:	9b 01       	movw	r18, r22
    8580:	ac 01       	movw	r20, r24
    8582:	c5 01       	movw	r24, r10
    8584:	b4 01       	movw	r22, r8
    8586:	7c d3       	rcall	.+1784   	; 0x8c80 <__divsf3>
    8588:	20 e0       	ldi	r18, 0x00	; 0
    858a:	30 e4       	ldi	r19, 0x40	; 64
    858c:	4c e1       	ldi	r20, 0x1C	; 28
    858e:	56 e4       	ldi	r21, 0x46	; 70
    8590:	77 d3       	rcall	.+1774   	; 0x8c80 <__divsf3>
    8592:	5d d5       	rcall	.+2746   	; 0x904e <log>
    8594:	20 e0       	ldi	r18, 0x00	; 0
    8596:	30 e0       	ldi	r19, 0x00	; 0
    8598:	49 e7       	ldi	r20, 0x79	; 121
    859a:	55 e4       	ldi	r21, 0x45	; 69
    859c:	71 d3       	rcall	.+1762   	; 0x8c80 <__divsf3>
    859e:	2f e0       	ldi	r18, 0x0F	; 15
    85a0:	3f ec       	ldi	r19, 0xCF	; 207
    85a2:	4b e5       	ldi	r20, 0x5B	; 91
    85a4:	5b e3       	ldi	r21, 0x3B	; 59
    85a6:	04 d3       	rcall	.+1544   	; 0x8bb0 <__addsf3>
    85a8:	9b 01       	movw	r18, r22
    85aa:	ac 01       	movw	r20, r24
    85ac:	60 e0       	ldi	r22, 0x00	; 0
    85ae:	70 e0       	ldi	r23, 0x00	; 0
    85b0:	80 e8       	ldi	r24, 0x80	; 128
    85b2:	9f e3       	ldi	r25, 0x3F	; 63
    85b4:	65 d3       	rcall	.+1738   	; 0x8c80 <__divsf3>
    85b6:	23 e3       	ldi	r18, 0x33	; 51
    85b8:	33 e9       	ldi	r19, 0x93	; 147
    85ba:	48 e8       	ldi	r20, 0x88	; 136
    85bc:	53 e4       	ldi	r21, 0x43	; 67
    85be:	f7 d2       	rcall	.+1518   	; 0x8bae <__subsf3>
    85c0:	03 c0       	rjmp	.+6      	; 0x85c8 <NTC_RawToTemp+0x9a>
    85c2:	60 e0       	ldi	r22, 0x00	; 0
    85c4:	70 e0       	ldi	r23, 0x00	; 0
    85c6:	cb 01       	movw	r24, r22
    85c8:	ff 90       	pop	r15
    85ca:	ef 90       	pop	r14
    85cc:	df 90       	pop	r13
    85ce:	cf 90       	pop	r12
    85d0:	bf 90       	pop	r11
    85d2:	af 90       	pop	r10
    85d4:	9f 90       	pop	r9
    85d6:	8f 90       	pop	r8
    85d8:	08 95       	ret

000085da <NTC_TempToRaw>:
    85da:	cf 92       	push	r12
    85dc:	df 92       	push	r13
    85de:	ef 92       	push	r14
    85e0:	ff 92       	push	r15
    85e2:	23 e3       	ldi	r18, 0x33	; 51
    85e4:	33 e9       	ldi	r19, 0x93	; 147
    85e6:	48 e8       	ldi	r20, 0x88	; 136
    85e8:	53 e4       	ldi	r21, 0x43	; 67
    85ea:	e2 d2       	rcall	.+1476   	; 0x8bb0 <__addsf3>
    85ec:	9b 01       	movw	r18, r22
    85ee:	ac 01       	movw	r20, r24
    85f0:	60 e0       	ldi	r22, 0x00	; 0
    85f2:	70 e0       	ldi	r23, 0x00	; 0
    85f4:	80 e8       	ldi	r24, 0x80	; 128
    85f6:	9f e3       	ldi	r25, 0x3F	; 63
    85f8:	43 d3       	rcall	.+1670   	; 0x8c80 <__divsf3>
    85fa:	2f e0       	ldi	r18, 0x0F	; 15
    85fc:	3f ec       	ldi	r19, 0xCF	; 207
    85fe:	4b e5       	ldi	r20, 0x5B	; 91
    8600:	5b e3       	ldi	r21, 0x3B	; 59
    8602:	d5 d2       	rcall	.+1450   	; 0x8bae <__subsf3>
    8604:	20 e0       	ldi	r18, 0x00	; 0
    8606:	30 e0       	ldi	r19, 0x00	; 0
    8608:	49 e7       	ldi	r20, 0x79	; 121
    860a:	55 e4       	ldi	r21, 0x45	; 69
    860c:	93 d5       	rcall	.+2854   	; 0x9134 <__mulsf3>
    860e:	a5 d3       	rcall	.+1866   	; 0x8d5a <exp>
    8610:	20 e0       	ldi	r18, 0x00	; 0
    8612:	30 e4       	ldi	r19, 0x40	; 64
    8614:	4c e1       	ldi	r20, 0x1C	; 28
    8616:	56 e4       	ldi	r21, 0x46	; 70
    8618:	8d d5       	rcall	.+2842   	; 0x9134 <__mulsf3>
    861a:	6b 01       	movw	r12, r22
    861c:	7c 01       	movw	r14, r24
    861e:	20 e0       	ldi	r18, 0x00	; 0
    8620:	30 e4       	ldi	r19, 0x40	; 64
    8622:	4c e1       	ldi	r20, 0x1C	; 28
    8624:	56 e4       	ldi	r21, 0x46	; 70
    8626:	c4 d2       	rcall	.+1416   	; 0x8bb0 <__addsf3>
    8628:	9b 01       	movw	r18, r22
    862a:	ac 01       	movw	r20, r24
    862c:	c7 01       	movw	r24, r14
    862e:	b6 01       	movw	r22, r12
    8630:	27 d3       	rcall	.+1614   	; 0x8c80 <__divsf3>
    8632:	20 e0       	ldi	r18, 0x00	; 0
    8634:	30 ef       	ldi	r19, 0xF0	; 240
    8636:	4f e7       	ldi	r20, 0x7F	; 127
    8638:	55 e4       	ldi	r21, 0x45	; 69
    863a:	7c d5       	rcall	.+2808   	; 0x9134 <__mulsf3>
    863c:	6b 01       	movw	r12, r22
    863e:	7c 01       	movw	r14, r24
    8640:	20 e0       	ldi	r18, 0x00	; 0
    8642:	30 e0       	ldi	r19, 0x00	; 0
    8644:	a9 01       	movw	r20, r18
    8646:	18 d3       	rcall	.+1584   	; 0x8c78 <__cmpsf2>
    8648:	87 fd       	sbrc	r24, 7
    864a:	11 c0       	rjmp	.+34     	; 0x866e <NTC_TempToRaw+0x94>
    864c:	20 e0       	ldi	r18, 0x00	; 0
    864e:	30 ef       	ldi	r19, 0xF0	; 240
    8650:	4f e7       	ldi	r20, 0x7F	; 127
    8652:	55 e4       	ldi	r21, 0x45	; 69
    8654:	c7 01       	movw	r24, r14
    8656:	b6 01       	movw	r22, r12
    8658:	b4 d4       	rcall	.+2408   	; 0x8fc2 <__gesf2>
    865a:	18 16       	cp	r1, r24
    865c:	5c f4       	brge	.+22     	; 0x8674 <NTC_TempToRaw+0x9a>
    865e:	c1 2c       	mov	r12, r1
    8660:	80 ef       	ldi	r24, 0xF0	; 240
    8662:	d8 2e       	mov	r13, r24
    8664:	8f e7       	ldi	r24, 0x7F	; 127
    8666:	e8 2e       	mov	r14, r24
    8668:	85 e4       	ldi	r24, 0x45	; 69
    866a:	f8 2e       	mov	r15, r24
    866c:	03 c0       	rjmp	.+6      	; 0x8674 <NTC_TempToRaw+0x9a>
    866e:	c1 2c       	mov	r12, r1
    8670:	d1 2c       	mov	r13, r1
    8672:	76 01       	movw	r14, r12
    8674:	c7 01       	movw	r24, r14
    8676:	b6 01       	movw	r22, r12
    8678:	a1 d3       	rcall	.+1858   	; 0x8dbc <__fixunssfsi>
    867a:	cb 01       	movw	r24, r22
    867c:	ff 90       	pop	r15
    867e:	ef 90       	pop	r14
    8680:	df 90       	pop	r13
    8682:	cf 90       	pop	r12
    8684:	08 95       	ret

00008686 <I2C_Wait_TWINT>:
    8686:	88 ee       	ldi	r24, 0xE8	; 232
    8688:	93 e0       	ldi	r25, 0x03	; 3
    868a:	20 91 bc 00 	lds	r18, 0x00BC	; 0x8000bc <__TEXT_REGION_LENGTH__+0x7e00bc>
    868e:	27 fd       	sbrc	r18, 7
    8690:	04 c0       	rjmp	.+8      	; 0x869a <I2C_Wait_TWINT+0x14>
    8692:	01 97       	sbiw	r24, 0x01	; 1
    8694:	d1 f7       	brne	.-12     	; 0x868a <I2C_Wait_TWINT+0x4>
    8696:	80 e0       	ldi	r24, 0x00	; 0
    8698:	08 95       	ret
    869a:	81 e0       	ldi	r24, 0x01	; 1
    869c:	08 95       	ret

0000869e <ADC121C021_ReadRaw>:
    869e:	ff 92       	push	r15
    86a0:	0f 93       	push	r16
    86a2:	1f 93       	push	r17
    86a4:	cf 93       	push	r28
    86a6:	df 93       	push	r29
    86a8:	c8 2f       	mov	r28, r24
    86aa:	8b 01       	movw	r16, r22
    86ac:	84 ea       	ldi	r24, 0xA4	; 164
    86ae:	f8 2e       	mov	r15, r24
    86b0:	f0 92 bc 00 	sts	0x00BC, r15	; 0x8000bc <__TEXT_REGION_LENGTH__+0x7e00bc>
    86b4:	e8 df       	rcall	.-48     	; 0x8686 <I2C_Wait_TWINT>
    86b6:	88 23       	and	r24, r24
    86b8:	09 f4       	brne	.+2      	; 0x86bc <ADC121C021_ReadRaw+0x1e>
    86ba:	7d c0       	rjmp	.+250    	; 0x87b6 <ADC121C021_ReadRaw+0x118>
    86bc:	80 91 b9 00 	lds	r24, 0x00B9	; 0x8000b9 <__TEXT_REGION_LENGTH__+0x7e00b9>
    86c0:	88 7f       	andi	r24, 0xF8	; 248
    86c2:	88 30       	cpi	r24, 0x08	; 8
    86c4:	09 f0       	breq	.+2      	; 0x86c8 <ADC121C021_ReadRaw+0x2a>
    86c6:	77 c0       	rjmp	.+238    	; 0x87b6 <ADC121C021_ReadRaw+0x118>
    86c8:	c0 5b       	subi	r28, 0xB0	; 176
    86ca:	85 e3       	ldi	r24, 0x35	; 53
    86cc:	8a 95       	dec	r24
    86ce:	f1 f7       	brne	.-4      	; 0x86cc <ADC121C021_ReadRaw+0x2e>
    86d0:	00 00       	nop
    86d2:	8c 2f       	mov	r24, r28
    86d4:	88 0f       	add	r24, r24
    86d6:	80 93 bb 00 	sts	0x00BB, r24	; 0x8000bb <__TEXT_REGION_LENGTH__+0x7e00bb>
    86da:	d4 e8       	ldi	r29, 0x84	; 132
    86dc:	d0 93 bc 00 	sts	0x00BC, r29	; 0x8000bc <__TEXT_REGION_LENGTH__+0x7e00bc>
    86e0:	d2 df       	rcall	.-92     	; 0x8686 <I2C_Wait_TWINT>
    86e2:	88 23       	and	r24, r24
    86e4:	09 f4       	brne	.+2      	; 0x86e8 <ADC121C021_ReadRaw+0x4a>
    86e6:	67 c0       	rjmp	.+206    	; 0x87b6 <ADC121C021_ReadRaw+0x118>
    86e8:	80 91 b9 00 	lds	r24, 0x00B9	; 0x8000b9 <__TEXT_REGION_LENGTH__+0x7e00b9>
    86ec:	88 7f       	andi	r24, 0xF8	; 248
    86ee:	88 31       	cpi	r24, 0x18	; 24
    86f0:	09 f0       	breq	.+2      	; 0x86f4 <ADC121C021_ReadRaw+0x56>
    86f2:	61 c0       	rjmp	.+194    	; 0x87b6 <ADC121C021_ReadRaw+0x118>
    86f4:	95 e3       	ldi	r25, 0x35	; 53
    86f6:	9a 95       	dec	r25
    86f8:	f1 f7       	brne	.-4      	; 0x86f6 <ADC121C021_ReadRaw+0x58>
    86fa:	00 00       	nop
    86fc:	10 92 bb 00 	sts	0x00BB, r1	; 0x8000bb <__TEXT_REGION_LENGTH__+0x7e00bb>
    8700:	d0 93 bc 00 	sts	0x00BC, r29	; 0x8000bc <__TEXT_REGION_LENGTH__+0x7e00bc>
    8704:	c0 df       	rcall	.-128    	; 0x8686 <I2C_Wait_TWINT>
    8706:	88 23       	and	r24, r24
    8708:	09 f4       	brne	.+2      	; 0x870c <ADC121C021_ReadRaw+0x6e>
    870a:	55 c0       	rjmp	.+170    	; 0x87b6 <ADC121C021_ReadRaw+0x118>
    870c:	80 91 b9 00 	lds	r24, 0x00B9	; 0x8000b9 <__TEXT_REGION_LENGTH__+0x7e00b9>
    8710:	88 7f       	andi	r24, 0xF8	; 248
    8712:	88 32       	cpi	r24, 0x28	; 40
    8714:	09 f0       	breq	.+2      	; 0x8718 <ADC121C021_ReadRaw+0x7a>
    8716:	4f c0       	rjmp	.+158    	; 0x87b6 <ADC121C021_ReadRaw+0x118>
    8718:	e5 e3       	ldi	r30, 0x35	; 53
    871a:	ea 95       	dec	r30
    871c:	f1 f7       	brne	.-4      	; 0x871a <ADC121C021_ReadRaw+0x7c>
    871e:	00 00       	nop
    8720:	f0 92 bc 00 	sts	0x00BC, r15	; 0x8000bc <__TEXT_REGION_LENGTH__+0x7e00bc>
    8724:	b0 df       	rcall	.-160    	; 0x8686 <I2C_Wait_TWINT>
    8726:	88 23       	and	r24, r24
    8728:	09 f4       	brne	.+2      	; 0x872c <ADC121C021_ReadRaw+0x8e>
    872a:	45 c0       	rjmp	.+138    	; 0x87b6 <ADC121C021_ReadRaw+0x118>
    872c:	80 91 b9 00 	lds	r24, 0x00B9	; 0x8000b9 <__TEXT_REGION_LENGTH__+0x7e00b9>
    8730:	88 7f       	andi	r24, 0xF8	; 248
    8732:	80 31       	cpi	r24, 0x10	; 16
    8734:	09 f0       	breq	.+2      	; 0x8738 <ADC121C021_ReadRaw+0x9a>
    8736:	3f c0       	rjmp	.+126    	; 0x87b6 <ADC121C021_ReadRaw+0x118>
    8738:	f5 e3       	ldi	r31, 0x35	; 53
    873a:	fa 95       	dec	r31
    873c:	f1 f7       	brne	.-4      	; 0x873a <ADC121C021_ReadRaw+0x9c>
    873e:	00 00       	nop
    8740:	cc 0f       	add	r28, r28
    8742:	c1 60       	ori	r28, 0x01	; 1
    8744:	c0 93 bb 00 	sts	0x00BB, r28	; 0x8000bb <__TEXT_REGION_LENGTH__+0x7e00bb>
    8748:	d0 93 bc 00 	sts	0x00BC, r29	; 0x8000bc <__TEXT_REGION_LENGTH__+0x7e00bc>
    874c:	9c df       	rcall	.-200    	; 0x8686 <I2C_Wait_TWINT>
    874e:	88 23       	and	r24, r24
    8750:	91 f1       	breq	.+100    	; 0x87b6 <ADC121C021_ReadRaw+0x118>
    8752:	80 91 b9 00 	lds	r24, 0x00B9	; 0x8000b9 <__TEXT_REGION_LENGTH__+0x7e00b9>
    8756:	88 7f       	andi	r24, 0xF8	; 248
    8758:	80 34       	cpi	r24, 0x40	; 64
    875a:	69 f5       	brne	.+90     	; 0x87b6 <ADC121C021_ReadRaw+0x118>
    875c:	85 e3       	ldi	r24, 0x35	; 53
    875e:	8a 95       	dec	r24
    8760:	f1 f7       	brne	.-4      	; 0x875e <ADC121C021_ReadRaw+0xc0>
    8762:	00 00       	nop
    8764:	84 ec       	ldi	r24, 0xC4	; 196
    8766:	80 93 bc 00 	sts	0x00BC, r24	; 0x8000bc <__TEXT_REGION_LENGTH__+0x7e00bc>
    876a:	8d df       	rcall	.-230    	; 0x8686 <I2C_Wait_TWINT>
    876c:	88 23       	and	r24, r24
    876e:	19 f1       	breq	.+70     	; 0x87b6 <ADC121C021_ReadRaw+0x118>
    8770:	80 91 b9 00 	lds	r24, 0x00B9	; 0x8000b9 <__TEXT_REGION_LENGTH__+0x7e00b9>
    8774:	88 7f       	andi	r24, 0xF8	; 248
    8776:	80 35       	cpi	r24, 0x50	; 80
    8778:	f1 f4       	brne	.+60     	; 0x87b6 <ADC121C021_ReadRaw+0x118>
    877a:	c0 91 bb 00 	lds	r28, 0x00BB	; 0x8000bb <__TEXT_REGION_LENGTH__+0x7e00bb>
    877e:	84 e8       	ldi	r24, 0x84	; 132
    8780:	80 93 bc 00 	sts	0x00BC, r24	; 0x8000bc <__TEXT_REGION_LENGTH__+0x7e00bc>
    8784:	80 df       	rcall	.-256    	; 0x8686 <I2C_Wait_TWINT>
    8786:	88 23       	and	r24, r24
    8788:	b1 f0       	breq	.+44     	; 0x87b6 <ADC121C021_ReadRaw+0x118>
    878a:	80 91 b9 00 	lds	r24, 0x00B9	; 0x8000b9 <__TEXT_REGION_LENGTH__+0x7e00b9>
    878e:	88 7f       	andi	r24, 0xF8	; 248
    8790:	88 35       	cpi	r24, 0x58	; 88
    8792:	89 f4       	brne	.+34     	; 0x87b6 <ADC121C021_ReadRaw+0x118>
    8794:	80 91 bb 00 	lds	r24, 0x00BB	; 0x8000bb <__TEXT_REGION_LENGTH__+0x7e00bb>
    8798:	94 e9       	ldi	r25, 0x94	; 148
    879a:	90 93 bc 00 	sts	0x00BC, r25	; 0x8000bc <__TEXT_REGION_LENGTH__+0x7e00bc>
    879e:	95 e3       	ldi	r25, 0x35	; 53
    87a0:	9a 95       	dec	r25
    87a2:	f1 f7       	brne	.-4      	; 0x87a0 <ADC121C021_ReadRaw+0x102>
    87a4:	00 00       	nop
    87a6:	90 e0       	ldi	r25, 0x00	; 0
    87a8:	9c 2b       	or	r25, r28
    87aa:	9f 70       	andi	r25, 0x0F	; 15
    87ac:	f8 01       	movw	r30, r16
    87ae:	91 83       	std	Z+1, r25	; 0x01
    87b0:	80 83       	st	Z, r24
    87b2:	81 e0       	ldi	r24, 0x01	; 1
    87b4:	08 c0       	rjmp	.+16     	; 0x87c6 <ADC121C021_ReadRaw+0x128>
    87b6:	84 e9       	ldi	r24, 0x94	; 148
    87b8:	80 93 bc 00 	sts	0x00BC, r24	; 0x8000bc <__TEXT_REGION_LENGTH__+0x7e00bc>
    87bc:	f5 e3       	ldi	r31, 0x35	; 53
    87be:	fa 95       	dec	r31
    87c0:	f1 f7       	brne	.-4      	; 0x87be <ADC121C021_ReadRaw+0x120>
    87c2:	00 00       	nop
    87c4:	80 e0       	ldi	r24, 0x00	; 0
    87c6:	df 91       	pop	r29
    87c8:	cf 91       	pop	r28
    87ca:	1f 91       	pop	r17
    87cc:	0f 91       	pop	r16
    87ce:	ff 90       	pop	r15
    87d0:	08 95       	ret

000087d2 <Read_Temp_All_ADC121C021>:
    87d2:	ef 92       	push	r14
    87d4:	ff 92       	push	r15
    87d6:	0f 93       	push	r16
    87d8:	1f 93       	push	r17
    87da:	cf 93       	push	r28
    87dc:	df 93       	push	r29
    87de:	00 d0       	rcall	.+0      	; 0x87e0 <Read_Temp_All_ADC121C021+0xe>
    87e0:	cd b7       	in	r28, 0x3d	; 61
    87e2:	de b7       	in	r29, 0x3e	; 62
    87e4:	00 e0       	ldi	r16, 0x00	; 0
    87e6:	10 e0       	ldi	r17, 0x00	; 0
    87e8:	ee 24       	eor	r14, r14
    87ea:	e3 94       	inc	r14
    87ec:	f1 2c       	mov	r15, r1
    87ee:	80 91 60 15 	lds	r24, 0x1560	; 0x801560 <AI_HEAT_ADC_PRESENT_MASK>
    87f2:	90 e0       	ldi	r25, 0x00	; 0
    87f4:	00 2e       	mov	r0, r16
    87f6:	02 c0       	rjmp	.+4      	; 0x87fc <Read_Temp_All_ADC121C021+0x2a>
    87f8:	95 95       	asr	r25
    87fa:	87 95       	ror	r24
    87fc:	0a 94       	dec	r0
    87fe:	e2 f7       	brpl	.-8      	; 0x87f8 <Read_Temp_All_ADC121C021+0x26>
    8800:	80 ff       	sbrs	r24, 0
    8802:	23 c0       	rjmp	.+70     	; 0x884a <Read_Temp_All_ADC121C021+0x78>
    8804:	be 01       	movw	r22, r28
    8806:	6f 5f       	subi	r22, 0xFF	; 255
    8808:	7f 4f       	sbci	r23, 0xFF	; 255
    880a:	80 2f       	mov	r24, r16
    880c:	48 df       	rcall	.-368    	; 0x869e <ADC121C021_ReadRaw>
    880e:	88 23       	and	r24, r24
    8810:	79 f0       	breq	.+30     	; 0x8830 <Read_Temp_All_ADC121C021+0x5e>
    8812:	89 81       	ldd	r24, Y+1	; 0x01
    8814:	9a 81       	ldd	r25, Y+2	; 0x02
    8816:	8b de       	rcall	.-746    	; 0x852e <NTC_RawToTemp>
    8818:	f8 01       	movw	r30, r16
    881a:	ee 0f       	add	r30, r30
    881c:	ff 1f       	adc	r31, r31
    881e:	ee 0f       	add	r30, r30
    8820:	ff 1f       	adc	r31, r31
    8822:	ef 59       	subi	r30, 0x9F	; 159
    8824:	fa 4e       	sbci	r31, 0xEA	; 234
    8826:	60 83       	st	Z, r22
    8828:	71 83       	std	Z+1, r23	; 0x01
    882a:	82 83       	std	Z+2, r24	; 0x02
    882c:	93 83       	std	Z+3, r25	; 0x03
    882e:	0d c0       	rjmp	.+26     	; 0x884a <Read_Temp_All_ADC121C021+0x78>
    8830:	90 91 60 15 	lds	r25, 0x1560	; 0x801560 <AI_HEAT_ADC_PRESENT_MASK>
    8834:	97 01       	movw	r18, r14
    8836:	00 2e       	mov	r0, r16
    8838:	01 c0       	rjmp	.+2      	; 0x883c <Read_Temp_All_ADC121C021+0x6a>
    883a:	22 0f       	add	r18, r18
    883c:	0a 94       	dec	r0
    883e:	ea f7       	brpl	.-6      	; 0x883a <Read_Temp_All_ADC121C021+0x68>
    8840:	82 2f       	mov	r24, r18
    8842:	80 95       	com	r24
    8844:	89 23       	and	r24, r25
    8846:	80 93 60 15 	sts	0x1560, r24	; 0x801560 <AI_HEAT_ADC_PRESENT_MASK>
    884a:	0f 5f       	subi	r16, 0xFF	; 255
    884c:	1f 4f       	sbci	r17, 0xFF	; 255
    884e:	08 30       	cpi	r16, 0x08	; 8
    8850:	11 05       	cpc	r17, r1
    8852:	69 f6       	brne	.-102    	; 0x87ee <Read_Temp_All_ADC121C021+0x1c>
    8854:	0f 90       	pop	r0
    8856:	0f 90       	pop	r0
    8858:	df 91       	pop	r29
    885a:	cf 91       	pop	r28
    885c:	1f 91       	pop	r17
    885e:	0f 91       	pop	r16
    8860:	ff 90       	pop	r15
    8862:	ef 90       	pop	r14
    8864:	08 95       	ret

00008866 <ADC121C021_SetConfig>:
    8866:	cf 93       	push	r28
    8868:	c8 2f       	mov	r28, r24
    886a:	84 ea       	ldi	r24, 0xA4	; 164
    886c:	80 93 bc 00 	sts	0x00BC, r24	; 0x8000bc <__TEXT_REGION_LENGTH__+0x7e00bc>
    8870:	0a df       	rcall	.-492    	; 0x8686 <I2C_Wait_TWINT>
    8872:	88 23       	and	r24, r24
    8874:	09 f4       	brne	.+2      	; 0x8878 <ADC121C021_SetConfig+0x12>
    8876:	3d c0       	rjmp	.+122    	; 0x88f2 <ADC121C021_SetConfig+0x8c>
    8878:	80 91 b9 00 	lds	r24, 0x00B9	; 0x8000b9 <__TEXT_REGION_LENGTH__+0x7e00b9>
    887c:	88 7f       	andi	r24, 0xF8	; 248
    887e:	88 30       	cpi	r24, 0x08	; 8
    8880:	c1 f5       	brne	.+112    	; 0x88f2 <ADC121C021_SetConfig+0x8c>
    8882:	85 e3       	ldi	r24, 0x35	; 53
    8884:	8a 95       	dec	r24
    8886:	f1 f7       	brne	.-4      	; 0x8884 <ADC121C021_SetConfig+0x1e>
    8888:	00 00       	nop
    888a:	cc 0f       	add	r28, r28
    888c:	c0 93 bb 00 	sts	0x00BB, r28	; 0x8000bb <__TEXT_REGION_LENGTH__+0x7e00bb>
    8890:	c4 e8       	ldi	r28, 0x84	; 132
    8892:	c0 93 bc 00 	sts	0x00BC, r28	; 0x8000bc <__TEXT_REGION_LENGTH__+0x7e00bc>
    8896:	f7 de       	rcall	.-530    	; 0x8686 <I2C_Wait_TWINT>
    8898:	88 23       	and	r24, r24
    889a:	59 f1       	breq	.+86     	; 0x88f2 <ADC121C021_SetConfig+0x8c>
    889c:	80 91 b9 00 	lds	r24, 0x00B9	; 0x8000b9 <__TEXT_REGION_LENGTH__+0x7e00b9>
    88a0:	88 7f       	andi	r24, 0xF8	; 248
    88a2:	88 31       	cpi	r24, 0x18	; 24
    88a4:	31 f5       	brne	.+76     	; 0x88f2 <ADC121C021_SetConfig+0x8c>
    88a6:	85 e3       	ldi	r24, 0x35	; 53
    88a8:	8a 95       	dec	r24
    88aa:	f1 f7       	brne	.-4      	; 0x88a8 <ADC121C021_SetConfig+0x42>
    88ac:	00 00       	nop
    88ae:	82 e0       	ldi	r24, 0x02	; 2
    88b0:	80 93 bb 00 	sts	0x00BB, r24	; 0x8000bb <__TEXT_REGION_LENGTH__+0x7e00bb>
    88b4:	c0 93 bc 00 	sts	0x00BC, r28	; 0x8000bc <__TEXT_REGION_LENGTH__+0x7e00bc>
    88b8:	e6 de       	rcall	.-564    	; 0x8686 <I2C_Wait_TWINT>
    88ba:	88 23       	and	r24, r24
    88bc:	d1 f0       	breq	.+52     	; 0x88f2 <ADC121C021_SetConfig+0x8c>
    88be:	80 91 b9 00 	lds	r24, 0x00B9	; 0x8000b9 <__TEXT_REGION_LENGTH__+0x7e00b9>
    88c2:	88 7f       	andi	r24, 0xF8	; 248
    88c4:	88 32       	cpi	r24, 0x28	; 40
    88c6:	a9 f4       	brne	.+42     	; 0x88f2 <ADC121C021_SetConfig+0x8c>
    88c8:	85 e3       	ldi	r24, 0x35	; 53
    88ca:	8a 95       	dec	r24
    88cc:	f1 f7       	brne	.-4      	; 0x88ca <ADC121C021_SetConfig+0x64>
    88ce:	00 00       	nop
    88d0:	82 ee       	ldi	r24, 0xE2	; 226
    88d2:	80 93 bb 00 	sts	0x00BB, r24	; 0x8000bb <__TEXT_REGION_LENGTH__+0x7e00bb>
    88d6:	c0 93 bc 00 	sts	0x00BC, r28	; 0x8000bc <__TEXT_REGION_LENGTH__+0x7e00bc>
    88da:	d5 de       	rcall	.-598    	; 0x8686 <I2C_Wait_TWINT>
    88dc:	88 23       	and	r24, r24
    88de:	49 f0       	breq	.+18     	; 0x88f2 <ADC121C021_SetConfig+0x8c>
    88e0:	80 91 b9 00 	lds	r24, 0x00B9	; 0x8000b9 <__TEXT_REGION_LENGTH__+0x7e00b9>
    88e4:	88 7f       	andi	r24, 0xF8	; 248
    88e6:	88 32       	cpi	r24, 0x28	; 40
    88e8:	21 f4       	brne	.+8      	; 0x88f2 <ADC121C021_SetConfig+0x8c>
    88ea:	85 e3       	ldi	r24, 0x35	; 53
    88ec:	8a 95       	dec	r24
    88ee:	f1 f7       	brne	.-4      	; 0x88ec <ADC121C021_SetConfig+0x86>
    88f0:	00 00       	nop
    88f2:	84 e9       	ldi	r24, 0x94	; 148
    88f4:	80 93 bc 00 	sts	0x00BC, r24	; 0x8000bc <__TEXT_REGION_LENGTH__+0x7e00bc>
    88f8:	85 e3       	ldi	r24, 0x35	; 53
    88fa:	8a 95       	dec	r24
    88fc:	f1 f7       	brne	.-4      	; 0x88fa <ADC121C021_SetConfig+0x94>
    88fe:	00 00       	nop
    8900:	cf 91       	pop	r28
    8902:	08 95       	ret

00008904 <ADC121C021_Set_Vlow>:
    8904:	0f 93       	push	r16
    8906:	1f 93       	push	r17
    8908:	cf 93       	push	r28
    890a:	c8 2f       	mov	r28, r24
    890c:	60 91 24 14 	lds	r22, 0x1424	; 0x801424 <TEMP_MAX_Heat_dissipation>
    8910:	70 91 25 14 	lds	r23, 0x1425	; 0x801425 <TEMP_MAX_Heat_dissipation+0x1>
    8914:	80 91 26 14 	lds	r24, 0x1426	; 0x801426 <TEMP_MAX_Heat_dissipation+0x2>
    8918:	90 91 27 14 	lds	r25, 0x1427	; 0x801427 <TEMP_MAX_Heat_dissipation+0x3>
    891c:	5e de       	rcall	.-836    	; 0x85da <NTC_TempToRaw>
    891e:	8c 01       	movw	r16, r24
    8920:	84 ea       	ldi	r24, 0xA4	; 164
    8922:	80 93 bc 00 	sts	0x00BC, r24	; 0x8000bc <__TEXT_REGION_LENGTH__+0x7e00bc>
    8926:	af de       	rcall	.-674    	; 0x8686 <I2C_Wait_TWINT>
    8928:	88 23       	and	r24, r24
    892a:	09 f4       	brne	.+2      	; 0x892e <ADC121C021_Set_Vlow+0x2a>
    892c:	4e c0       	rjmp	.+156    	; 0x89ca <ADC121C021_Set_Vlow+0xc6>
    892e:	80 91 b9 00 	lds	r24, 0x00B9	; 0x8000b9 <__TEXT_REGION_LENGTH__+0x7e00b9>
    8932:	88 7f       	andi	r24, 0xF8	; 248
    8934:	88 30       	cpi	r24, 0x08	; 8
    8936:	09 f0       	breq	.+2      	; 0x893a <ADC121C021_Set_Vlow+0x36>
    8938:	48 c0       	rjmp	.+144    	; 0x89ca <ADC121C021_Set_Vlow+0xc6>
    893a:	85 e3       	ldi	r24, 0x35	; 53
    893c:	8a 95       	dec	r24
    893e:	f1 f7       	brne	.-4      	; 0x893c <ADC121C021_Set_Vlow+0x38>
    8940:	00 00       	nop
    8942:	cc 0f       	add	r28, r28
    8944:	c0 93 bb 00 	sts	0x00BB, r28	; 0x8000bb <__TEXT_REGION_LENGTH__+0x7e00bb>
    8948:	c4 e8       	ldi	r28, 0x84	; 132
    894a:	c0 93 bc 00 	sts	0x00BC, r28	; 0x8000bc <__TEXT_REGION_LENGTH__+0x7e00bc>
    894e:	9b de       	rcall	.-714    	; 0x8686 <I2C_Wait_TWINT>
    8950:	88 23       	and	r24, r24
    8952:	d9 f1       	breq	.+118    	; 0x89ca <ADC121C021_Set_Vlow+0xc6>
    8954:	80 91 b9 00 	lds	r24, 0x00B9	; 0x8000b9 <__TEXT_REGION_LENGTH__+0x7e00b9>
    8958:	88 7f       	andi	r24, 0xF8	; 248
    895a:	88 31       	cpi	r24, 0x18	; 24
    895c:	b1 f5       	brne	.+108    	; 0x89ca <ADC121C021_Set_Vlow+0xc6>
    895e:	85 e3       	ldi	r24, 0x35	; 53
    8960:	8a 95       	dec	r24
    8962:	f1 f7       	brne	.-4      	; 0x8960 <ADC121C021_Set_Vlow+0x5c>
    8964:	00 00       	nop
    8966:	83 e0       	ldi	r24, 0x03	; 3
    8968:	80 93 bb 00 	sts	0x00BB, r24	; 0x8000bb <__TEXT_REGION_LENGTH__+0x7e00bb>
    896c:	c0 93 bc 00 	sts	0x00BC, r28	; 0x8000bc <__TEXT_REGION_LENGTH__+0x7e00bc>
    8970:	8a de       	rcall	.-748    	; 0x8686 <I2C_Wait_TWINT>
    8972:	88 23       	and	r24, r24
    8974:	51 f1       	breq	.+84     	; 0x89ca <ADC121C021_Set_Vlow+0xc6>
    8976:	80 91 b9 00 	lds	r24, 0x00B9	; 0x8000b9 <__TEXT_REGION_LENGTH__+0x7e00b9>
    897a:	88 7f       	andi	r24, 0xF8	; 248
    897c:	88 32       	cpi	r24, 0x28	; 40
    897e:	29 f5       	brne	.+74     	; 0x89ca <ADC121C021_Set_Vlow+0xc6>
    8980:	1f 70       	andi	r17, 0x0F	; 15
    8982:	85 e3       	ldi	r24, 0x35	; 53
    8984:	8a 95       	dec	r24
    8986:	f1 f7       	brne	.-4      	; 0x8984 <ADC121C021_Set_Vlow+0x80>
    8988:	00 00       	nop
    898a:	10 93 bb 00 	sts	0x00BB, r17	; 0x8000bb <__TEXT_REGION_LENGTH__+0x7e00bb>
    898e:	c0 93 bc 00 	sts	0x00BC, r28	; 0x8000bc <__TEXT_REGION_LENGTH__+0x7e00bc>
    8992:	79 de       	rcall	.-782    	; 0x8686 <I2C_Wait_TWINT>
    8994:	88 23       	and	r24, r24
    8996:	c9 f0       	breq	.+50     	; 0x89ca <ADC121C021_Set_Vlow+0xc6>
    8998:	80 91 b9 00 	lds	r24, 0x00B9	; 0x8000b9 <__TEXT_REGION_LENGTH__+0x7e00b9>
    899c:	88 7f       	andi	r24, 0xF8	; 248
    899e:	88 32       	cpi	r24, 0x28	; 40
    89a0:	a1 f4       	brne	.+40     	; 0x89ca <ADC121C021_Set_Vlow+0xc6>
    89a2:	85 e3       	ldi	r24, 0x35	; 53
    89a4:	8a 95       	dec	r24
    89a6:	f1 f7       	brne	.-4      	; 0x89a4 <ADC121C021_Set_Vlow+0xa0>
    89a8:	00 00       	nop
    89aa:	00 93 bb 00 	sts	0x00BB, r16	; 0x8000bb <__TEXT_REGION_LENGTH__+0x7e00bb>
    89ae:	c0 93 bc 00 	sts	0x00BC, r28	; 0x8000bc <__TEXT_REGION_LENGTH__+0x7e00bc>
    89b2:	69 de       	rcall	.-814    	; 0x8686 <I2C_Wait_TWINT>
    89b4:	88 23       	and	r24, r24
    89b6:	49 f0       	breq	.+18     	; 0x89ca <ADC121C021_Set_Vlow+0xc6>
    89b8:	80 91 b9 00 	lds	r24, 0x00B9	; 0x8000b9 <__TEXT_REGION_LENGTH__+0x7e00b9>
    89bc:	88 7f       	andi	r24, 0xF8	; 248
    89be:	88 32       	cpi	r24, 0x28	; 40
    89c0:	21 f4       	brne	.+8      	; 0x89ca <ADC121C021_Set_Vlow+0xc6>
    89c2:	85 e3       	ldi	r24, 0x35	; 53
    89c4:	8a 95       	dec	r24
    89c6:	f1 f7       	brne	.-4      	; 0x89c4 <ADC121C021_Set_Vlow+0xc0>
    89c8:	00 00       	nop
    89ca:	84 e9       	ldi	r24, 0x94	; 148
    89cc:	80 93 bc 00 	sts	0x00BC, r24	; 0x8000bc <__TEXT_REGION_LENGTH__+0x7e00bc>
    89d0:	85 e3       	ldi	r24, 0x35	; 53
    89d2:	8a 95       	dec	r24
    89d4:	f1 f7       	brne	.-4      	; 0x89d2 <ADC121C021_Set_Vlow+0xce>
    89d6:	00 00       	nop
    89d8:	cf 91       	pop	r28
    89da:	1f 91       	pop	r17
    89dc:	0f 91       	pop	r16
    89de:	08 95       	ret

000089e0 <ADC121C021_Set_Vhyst>:
    89e0:	cf 92       	push	r12
    89e2:	df 92       	push	r13
    89e4:	ef 92       	push	r14
    89e6:	ff 92       	push	r15
    89e8:	0f 93       	push	r16
    89ea:	1f 93       	push	r17
    89ec:	cf 93       	push	r28
    89ee:	c8 2f       	mov	r28, r24
    89f0:	c0 90 24 14 	lds	r12, 0x1424	; 0x801424 <TEMP_MAX_Heat_dissipation>
    89f4:	d0 90 25 14 	lds	r13, 0x1425	; 0x801425 <TEMP_MAX_Heat_dissipation+0x1>
    89f8:	e0 90 26 14 	lds	r14, 0x1426	; 0x801426 <TEMP_MAX_Heat_dissipation+0x2>
    89fc:	f0 90 27 14 	lds	r15, 0x1427	; 0x801427 <TEMP_MAX_Heat_dissipation+0x3>
    8a00:	60 91 24 14 	lds	r22, 0x1424	; 0x801424 <TEMP_MAX_Heat_dissipation>
    8a04:	70 91 25 14 	lds	r23, 0x1425	; 0x801425 <TEMP_MAX_Heat_dissipation+0x1>
    8a08:	80 91 26 14 	lds	r24, 0x1426	; 0x801426 <TEMP_MAX_Heat_dissipation+0x2>
    8a0c:	90 91 27 14 	lds	r25, 0x1427	; 0x801427 <TEMP_MAX_Heat_dissipation+0x3>
    8a10:	2d ec       	ldi	r18, 0xCD	; 205
    8a12:	3c ec       	ldi	r19, 0xCC	; 204
    8a14:	4c e4       	ldi	r20, 0x4C	; 76
    8a16:	5d e3       	ldi	r21, 0x3D	; 61
    8a18:	8d d3       	rcall	.+1818   	; 0x9134 <__mulsf3>
    8a1a:	9b 01       	movw	r18, r22
    8a1c:	ac 01       	movw	r20, r24
    8a1e:	c7 01       	movw	r24, r14
    8a20:	b6 01       	movw	r22, r12
    8a22:	c5 d0       	rcall	.+394    	; 0x8bae <__subsf3>
    8a24:	da dd       	rcall	.-1100   	; 0x85da <NTC_TempToRaw>
    8a26:	8c 01       	movw	r16, r24
    8a28:	84 ea       	ldi	r24, 0xA4	; 164
    8a2a:	80 93 bc 00 	sts	0x00BC, r24	; 0x8000bc <__TEXT_REGION_LENGTH__+0x7e00bc>
    8a2e:	2b de       	rcall	.-938    	; 0x8686 <I2C_Wait_TWINT>
    8a30:	88 23       	and	r24, r24
    8a32:	09 f4       	brne	.+2      	; 0x8a36 <ADC121C021_Set_Vhyst+0x56>
    8a34:	4e c0       	rjmp	.+156    	; 0x8ad2 <ADC121C021_Set_Vhyst+0xf2>
    8a36:	80 91 b9 00 	lds	r24, 0x00B9	; 0x8000b9 <__TEXT_REGION_LENGTH__+0x7e00b9>
    8a3a:	88 7f       	andi	r24, 0xF8	; 248
    8a3c:	88 30       	cpi	r24, 0x08	; 8
    8a3e:	09 f0       	breq	.+2      	; 0x8a42 <ADC121C021_Set_Vhyst+0x62>
    8a40:	48 c0       	rjmp	.+144    	; 0x8ad2 <ADC121C021_Set_Vhyst+0xf2>
    8a42:	85 e3       	ldi	r24, 0x35	; 53
    8a44:	8a 95       	dec	r24
    8a46:	f1 f7       	brne	.-4      	; 0x8a44 <ADC121C021_Set_Vhyst+0x64>
    8a48:	00 00       	nop
    8a4a:	cc 0f       	add	r28, r28
    8a4c:	c0 93 bb 00 	sts	0x00BB, r28	; 0x8000bb <__TEXT_REGION_LENGTH__+0x7e00bb>
    8a50:	c4 e8       	ldi	r28, 0x84	; 132
    8a52:	c0 93 bc 00 	sts	0x00BC, r28	; 0x8000bc <__TEXT_REGION_LENGTH__+0x7e00bc>
    8a56:	17 de       	rcall	.-978    	; 0x8686 <I2C_Wait_TWINT>
    8a58:	88 23       	and	r24, r24
    8a5a:	d9 f1       	breq	.+118    	; 0x8ad2 <ADC121C021_Set_Vhyst+0xf2>
    8a5c:	80 91 b9 00 	lds	r24, 0x00B9	; 0x8000b9 <__TEXT_REGION_LENGTH__+0x7e00b9>
    8a60:	88 7f       	andi	r24, 0xF8	; 248
    8a62:	88 31       	cpi	r24, 0x18	; 24
    8a64:	b1 f5       	brne	.+108    	; 0x8ad2 <ADC121C021_Set_Vhyst+0xf2>
    8a66:	85 e3       	ldi	r24, 0x35	; 53
    8a68:	8a 95       	dec	r24
    8a6a:	f1 f7       	brne	.-4      	; 0x8a68 <ADC121C021_Set_Vhyst+0x88>
    8a6c:	00 00       	nop
    8a6e:	85 e0       	ldi	r24, 0x05	; 5
    8a70:	80 93 bb 00 	sts	0x00BB, r24	; 0x8000bb <__TEXT_REGION_LENGTH__+0x7e00bb>
    8a74:	c0 93 bc 00 	sts	0x00BC, r28	; 0x8000bc <__TEXT_REGION_LENGTH__+0x7e00bc>
    8a78:	06 de       	rcall	.-1012   	; 0x8686 <I2C_Wait_TWINT>
    8a7a:	88 23       	and	r24, r24
    8a7c:	51 f1       	breq	.+84     	; 0x8ad2 <ADC121C021_Set_Vhyst+0xf2>
    8a7e:	80 91 b9 00 	lds	r24, 0x00B9	; 0x8000b9 <__TEXT_REGION_LENGTH__+0x7e00b9>
    8a82:	88 7f       	andi	r24, 0xF8	; 248
    8a84:	88 32       	cpi	r24, 0x28	; 40
    8a86:	29 f5       	brne	.+74     	; 0x8ad2 <ADC121C021_Set_Vhyst+0xf2>
    8a88:	1f 70       	andi	r17, 0x0F	; 15
    8a8a:	85 e3       	ldi	r24, 0x35	; 53
    8a8c:	8a 95       	dec	r24
    8a8e:	f1 f7       	brne	.-4      	; 0x8a8c <ADC121C021_Set_Vhyst+0xac>
    8a90:	00 00       	nop
    8a92:	10 93 bb 00 	sts	0x00BB, r17	; 0x8000bb <__TEXT_REGION_LENGTH__+0x7e00bb>
    8a96:	c0 93 bc 00 	sts	0x00BC, r28	; 0x8000bc <__TEXT_REGION_LENGTH__+0x7e00bc>
    8a9a:	f5 dd       	rcall	.-1046   	; 0x8686 <I2C_Wait_TWINT>
    8a9c:	88 23       	and	r24, r24
    8a9e:	c9 f0       	breq	.+50     	; 0x8ad2 <ADC121C021_Set_Vhyst+0xf2>
    8aa0:	80 91 b9 00 	lds	r24, 0x00B9	; 0x8000b9 <__TEXT_REGION_LENGTH__+0x7e00b9>
    8aa4:	88 7f       	andi	r24, 0xF8	; 248
    8aa6:	88 32       	cpi	r24, 0x28	; 40
    8aa8:	a1 f4       	brne	.+40     	; 0x8ad2 <ADC121C021_Set_Vhyst+0xf2>
    8aaa:	85 e3       	ldi	r24, 0x35	; 53
    8aac:	8a 95       	dec	r24
    8aae:	f1 f7       	brne	.-4      	; 0x8aac <ADC121C021_Set_Vhyst+0xcc>
    8ab0:	00 00       	nop
    8ab2:	00 93 bb 00 	sts	0x00BB, r16	; 0x8000bb <__TEXT_REGION_LENGTH__+0x7e00bb>
    8ab6:	c0 93 bc 00 	sts	0x00BC, r28	; 0x8000bc <__TEXT_REGION_LENGTH__+0x7e00bc>
    8aba:	e5 dd       	rcall	.-1078   	; 0x8686 <I2C_Wait_TWINT>
    8abc:	88 23       	and	r24, r24
    8abe:	49 f0       	breq	.+18     	; 0x8ad2 <ADC121C021_Set_Vhyst+0xf2>
    8ac0:	80 91 b9 00 	lds	r24, 0x00B9	; 0x8000b9 <__TEXT_REGION_LENGTH__+0x7e00b9>
    8ac4:	88 7f       	andi	r24, 0xF8	; 248
    8ac6:	88 32       	cpi	r24, 0x28	; 40
    8ac8:	21 f4       	brne	.+8      	; 0x8ad2 <ADC121C021_Set_Vhyst+0xf2>
    8aca:	85 e3       	ldi	r24, 0x35	; 53
    8acc:	8a 95       	dec	r24
    8ace:	f1 f7       	brne	.-4      	; 0x8acc <ADC121C021_Set_Vhyst+0xec>
    8ad0:	00 00       	nop
    8ad2:	84 e9       	ldi	r24, 0x94	; 148
    8ad4:	80 93 bc 00 	sts	0x00BC, r24	; 0x8000bc <__TEXT_REGION_LENGTH__+0x7e00bc>
    8ad8:	85 e3       	ldi	r24, 0x35	; 53
    8ada:	8a 95       	dec	r24
    8adc:	f1 f7       	brne	.-4      	; 0x8ada <ADC121C021_Set_Vhyst+0xfa>
    8ade:	00 00       	nop
    8ae0:	cf 91       	pop	r28
    8ae2:	1f 91       	pop	r17
    8ae4:	0f 91       	pop	r16
    8ae6:	ff 90       	pop	r15
    8ae8:	ef 90       	pop	r14
    8aea:	df 90       	pop	r13
    8aec:	cf 90       	pop	r12
    8aee:	08 95       	ret

00008af0 <ADC121C021_Setup>:
    8af0:	cf 93       	push	r28
    8af2:	c8 2f       	mov	r28, r24
    8af4:	b8 de       	rcall	.-656    	; 0x8866 <ADC121C021_SetConfig>
    8af6:	8c 2f       	mov	r24, r28
    8af8:	05 df       	rcall	.-502    	; 0x8904 <ADC121C021_Set_Vlow>
    8afa:	8c 2f       	mov	r24, r28
    8afc:	cf 91       	pop	r28
    8afe:	70 cf       	rjmp	.-288    	; 0x89e0 <ADC121C021_Set_Vhyst>

00008b00 <ADC121C021_IsPresent>:
    8b00:	cf 93       	push	r28
    8b02:	c8 2f       	mov	r28, r24
    8b04:	84 ea       	ldi	r24, 0xA4	; 164
    8b06:	80 93 bc 00 	sts	0x00BC, r24	; 0x8000bc <__TEXT_REGION_LENGTH__+0x7e00bc>
    8b0a:	bd dd       	rcall	.-1158   	; 0x8686 <I2C_Wait_TWINT>
    8b0c:	88 23       	and	r24, r24
    8b0e:	e1 f0       	breq	.+56     	; 0x8b48 <ADC121C021_IsPresent+0x48>
    8b10:	80 91 b9 00 	lds	r24, 0x00B9	; 0x8000b9 <__TEXT_REGION_LENGTH__+0x7e00b9>
    8b14:	88 7f       	andi	r24, 0xF8	; 248
    8b16:	88 30       	cpi	r24, 0x08	; 8
    8b18:	b9 f4       	brne	.+46     	; 0x8b48 <ADC121C021_IsPresent+0x48>
    8b1a:	cc 0f       	add	r28, r28
    8b1c:	c0 93 bb 00 	sts	0x00BB, r28	; 0x8000bb <__TEXT_REGION_LENGTH__+0x7e00bb>
    8b20:	84 e8       	ldi	r24, 0x84	; 132
    8b22:	80 93 bc 00 	sts	0x00BC, r24	; 0x8000bc <__TEXT_REGION_LENGTH__+0x7e00bc>
    8b26:	af dd       	rcall	.-1186   	; 0x8686 <I2C_Wait_TWINT>
    8b28:	88 23       	and	r24, r24
    8b2a:	71 f0       	breq	.+28     	; 0x8b48 <ADC121C021_IsPresent+0x48>
    8b2c:	80 91 b9 00 	lds	r24, 0x00B9	; 0x8000b9 <__TEXT_REGION_LENGTH__+0x7e00b9>
    8b30:	88 7f       	andi	r24, 0xF8	; 248
    8b32:	88 31       	cpi	r24, 0x18	; 24
    8b34:	49 f4       	brne	.+18     	; 0x8b48 <ADC121C021_IsPresent+0x48>
    8b36:	84 e9       	ldi	r24, 0x94	; 148
    8b38:	80 93 bc 00 	sts	0x00BC, r24	; 0x8000bc <__TEXT_REGION_LENGTH__+0x7e00bc>
    8b3c:	85 e3       	ldi	r24, 0x35	; 53
    8b3e:	8a 95       	dec	r24
    8b40:	f1 f7       	brne	.-4      	; 0x8b3e <ADC121C021_IsPresent+0x3e>
    8b42:	00 00       	nop
    8b44:	81 e0       	ldi	r24, 0x01	; 1
    8b46:	08 c0       	rjmp	.+16     	; 0x8b58 <ADC121C021_IsPresent+0x58>
    8b48:	84 e9       	ldi	r24, 0x94	; 148
    8b4a:	80 93 bc 00 	sts	0x00BC, r24	; 0x8000bc <__TEXT_REGION_LENGTH__+0x7e00bc>
    8b4e:	85 e3       	ldi	r24, 0x35	; 53
    8b50:	8a 95       	dec	r24
    8b52:	f1 f7       	brne	.-4      	; 0x8b50 <ADC121C021_IsPresent+0x50>
    8b54:	00 00       	nop
    8b56:	80 e0       	ldi	r24, 0x00	; 0
    8b58:	cf 91       	pop	r28
    8b5a:	08 95       	ret

00008b5c <Temp_monitoring_Setup>:
    8b5c:	ef 92       	push	r14
    8b5e:	ff 92       	push	r15
    8b60:	1f 93       	push	r17
    8b62:	cf 93       	push	r28
    8b64:	df 93       	push	r29
    8b66:	10 92 60 15 	sts	0x1560, r1	; 0x801560 <AI_HEAT_ADC_PRESENT_MASK>
    8b6a:	c0 e0       	ldi	r28, 0x00	; 0
    8b6c:	d0 e0       	ldi	r29, 0x00	; 0
    8b6e:	ee 24       	eor	r14, r14
    8b70:	e3 94       	inc	r14
    8b72:	f1 2c       	mov	r15, r1
    8b74:	1c 2f       	mov	r17, r28
    8b76:	10 5b       	subi	r17, 0xB0	; 176
    8b78:	81 2f       	mov	r24, r17
    8b7a:	c2 df       	rcall	.-124    	; 0x8b00 <ADC121C021_IsPresent>
    8b7c:	88 23       	and	r24, r24
    8b7e:	69 f0       	breq	.+26     	; 0x8b9a <Temp_monitoring_Setup+0x3e>
    8b80:	20 91 60 15 	lds	r18, 0x1560	; 0x801560 <AI_HEAT_ADC_PRESENT_MASK>
    8b84:	c7 01       	movw	r24, r14
    8b86:	0c 2e       	mov	r0, r28
    8b88:	01 c0       	rjmp	.+2      	; 0x8b8c <Temp_monitoring_Setup+0x30>
    8b8a:	88 0f       	add	r24, r24
    8b8c:	0a 94       	dec	r0
    8b8e:	ea f7       	brpl	.-6      	; 0x8b8a <Temp_monitoring_Setup+0x2e>
    8b90:	82 2b       	or	r24, r18
    8b92:	80 93 60 15 	sts	0x1560, r24	; 0x801560 <AI_HEAT_ADC_PRESENT_MASK>
    8b96:	81 2f       	mov	r24, r17
    8b98:	ab df       	rcall	.-170    	; 0x8af0 <ADC121C021_Setup>
    8b9a:	21 96       	adiw	r28, 0x01	; 1
    8b9c:	c8 30       	cpi	r28, 0x08	; 8
    8b9e:	d1 05       	cpc	r29, r1
    8ba0:	49 f7       	brne	.-46     	; 0x8b74 <Temp_monitoring_Setup+0x18>
    8ba2:	df 91       	pop	r29
    8ba4:	cf 91       	pop	r28
    8ba6:	1f 91       	pop	r17
    8ba8:	ff 90       	pop	r15
    8baa:	ef 90       	pop	r14
    8bac:	08 95       	ret

00008bae <__subsf3>:
    8bae:	50 58       	subi	r21, 0x80	; 128

00008bb0 <__addsf3>:
    8bb0:	bb 27       	eor	r27, r27
    8bb2:	aa 27       	eor	r26, r26
    8bb4:	0e d0       	rcall	.+28     	; 0x8bd2 <__addsf3x>
    8bb6:	cb c1       	rjmp	.+918    	; 0x8f4e <__fp_round>
    8bb8:	bc d1       	rcall	.+888    	; 0x8f32 <__fp_pscA>
    8bba:	30 f0       	brcs	.+12     	; 0x8bc8 <__addsf3+0x18>
    8bbc:	c1 d1       	rcall	.+898    	; 0x8f40 <__fp_pscB>
    8bbe:	20 f0       	brcs	.+8      	; 0x8bc8 <__addsf3+0x18>
    8bc0:	31 f4       	brne	.+12     	; 0x8bce <__addsf3+0x1e>
    8bc2:	9f 3f       	cpi	r25, 0xFF	; 255
    8bc4:	11 f4       	brne	.+4      	; 0x8bca <__addsf3+0x1a>
    8bc6:	1e f4       	brtc	.+6      	; 0x8bce <__addsf3+0x1e>
    8bc8:	8c c1       	rjmp	.+792    	; 0x8ee2 <__fp_nan>
    8bca:	0e f4       	brtc	.+2      	; 0x8bce <__addsf3+0x1e>
    8bcc:	e0 95       	com	r30
    8bce:	e7 fb       	bst	r30, 7
    8bd0:	82 c1       	rjmp	.+772    	; 0x8ed6 <__fp_inf>

00008bd2 <__addsf3x>:
    8bd2:	e9 2f       	mov	r30, r25
    8bd4:	cd d1       	rcall	.+922    	; 0x8f70 <__fp_split3>
    8bd6:	80 f3       	brcs	.-32     	; 0x8bb8 <__addsf3+0x8>
    8bd8:	ba 17       	cp	r27, r26
    8bda:	62 07       	cpc	r22, r18
    8bdc:	73 07       	cpc	r23, r19
    8bde:	84 07       	cpc	r24, r20
    8be0:	95 07       	cpc	r25, r21
    8be2:	18 f0       	brcs	.+6      	; 0x8bea <__addsf3x+0x18>
    8be4:	71 f4       	brne	.+28     	; 0x8c02 <__addsf3x+0x30>
    8be6:	9e f5       	brtc	.+102    	; 0x8c4e <__addsf3x+0x7c>
    8be8:	e5 c1       	rjmp	.+970    	; 0x8fb4 <__fp_zero>
    8bea:	0e f4       	brtc	.+2      	; 0x8bee <__addsf3x+0x1c>
    8bec:	e0 95       	com	r30
    8bee:	0b 2e       	mov	r0, r27
    8bf0:	ba 2f       	mov	r27, r26
    8bf2:	a0 2d       	mov	r26, r0
    8bf4:	0b 01       	movw	r0, r22
    8bf6:	b9 01       	movw	r22, r18
    8bf8:	90 01       	movw	r18, r0
    8bfa:	0c 01       	movw	r0, r24
    8bfc:	ca 01       	movw	r24, r20
    8bfe:	a0 01       	movw	r20, r0
    8c00:	11 24       	eor	r1, r1
    8c02:	ff 27       	eor	r31, r31
    8c04:	59 1b       	sub	r21, r25
    8c06:	99 f0       	breq	.+38     	; 0x8c2e <__addsf3x+0x5c>
    8c08:	59 3f       	cpi	r21, 0xF9	; 249
    8c0a:	50 f4       	brcc	.+20     	; 0x8c20 <__addsf3x+0x4e>
    8c0c:	50 3e       	cpi	r21, 0xE0	; 224
    8c0e:	68 f1       	brcs	.+90     	; 0x8c6a <__addsf3x+0x98>
    8c10:	1a 16       	cp	r1, r26
    8c12:	f0 40       	sbci	r31, 0x00	; 0
    8c14:	a2 2f       	mov	r26, r18
    8c16:	23 2f       	mov	r18, r19
    8c18:	34 2f       	mov	r19, r20
    8c1a:	44 27       	eor	r20, r20
    8c1c:	58 5f       	subi	r21, 0xF8	; 248
    8c1e:	f3 cf       	rjmp	.-26     	; 0x8c06 <__addsf3x+0x34>
    8c20:	46 95       	lsr	r20
    8c22:	37 95       	ror	r19
    8c24:	27 95       	ror	r18
    8c26:	a7 95       	ror	r26
    8c28:	f0 40       	sbci	r31, 0x00	; 0
    8c2a:	53 95       	inc	r21
    8c2c:	c9 f7       	brne	.-14     	; 0x8c20 <__addsf3x+0x4e>
    8c2e:	7e f4       	brtc	.+30     	; 0x8c4e <__addsf3x+0x7c>
    8c30:	1f 16       	cp	r1, r31
    8c32:	ba 0b       	sbc	r27, r26
    8c34:	62 0b       	sbc	r22, r18
    8c36:	73 0b       	sbc	r23, r19
    8c38:	84 0b       	sbc	r24, r20
    8c3a:	ba f0       	brmi	.+46     	; 0x8c6a <__addsf3x+0x98>
    8c3c:	91 50       	subi	r25, 0x01	; 1
    8c3e:	a1 f0       	breq	.+40     	; 0x8c68 <__addsf3x+0x96>
    8c40:	ff 0f       	add	r31, r31
    8c42:	bb 1f       	adc	r27, r27
    8c44:	66 1f       	adc	r22, r22
    8c46:	77 1f       	adc	r23, r23
    8c48:	88 1f       	adc	r24, r24
    8c4a:	c2 f7       	brpl	.-16     	; 0x8c3c <__addsf3x+0x6a>
    8c4c:	0e c0       	rjmp	.+28     	; 0x8c6a <__addsf3x+0x98>
    8c4e:	ba 0f       	add	r27, r26
    8c50:	62 1f       	adc	r22, r18
    8c52:	73 1f       	adc	r23, r19
    8c54:	84 1f       	adc	r24, r20
    8c56:	48 f4       	brcc	.+18     	; 0x8c6a <__addsf3x+0x98>
    8c58:	87 95       	ror	r24
    8c5a:	77 95       	ror	r23
    8c5c:	67 95       	ror	r22
    8c5e:	b7 95       	ror	r27
    8c60:	f7 95       	ror	r31
    8c62:	9e 3f       	cpi	r25, 0xFE	; 254
    8c64:	08 f0       	brcs	.+2      	; 0x8c68 <__addsf3x+0x96>
    8c66:	b3 cf       	rjmp	.-154    	; 0x8bce <__addsf3+0x1e>
    8c68:	93 95       	inc	r25
    8c6a:	88 0f       	add	r24, r24
    8c6c:	08 f0       	brcs	.+2      	; 0x8c70 <__addsf3x+0x9e>
    8c6e:	99 27       	eor	r25, r25
    8c70:	ee 0f       	add	r30, r30
    8c72:	97 95       	ror	r25
    8c74:	87 95       	ror	r24
    8c76:	08 95       	ret

00008c78 <__cmpsf2>:
    8c78:	0a d1       	rcall	.+532    	; 0x8e8e <__fp_cmp>
    8c7a:	08 f4       	brcc	.+2      	; 0x8c7e <__cmpsf2+0x6>
    8c7c:	81 e0       	ldi	r24, 0x01	; 1
    8c7e:	08 95       	ret

00008c80 <__divsf3>:
    8c80:	0c d0       	rcall	.+24     	; 0x8c9a <__divsf3x>
    8c82:	65 c1       	rjmp	.+714    	; 0x8f4e <__fp_round>
    8c84:	5d d1       	rcall	.+698    	; 0x8f40 <__fp_pscB>
    8c86:	40 f0       	brcs	.+16     	; 0x8c98 <__divsf3+0x18>
    8c88:	54 d1       	rcall	.+680    	; 0x8f32 <__fp_pscA>
    8c8a:	30 f0       	brcs	.+12     	; 0x8c98 <__divsf3+0x18>
    8c8c:	21 f4       	brne	.+8      	; 0x8c96 <__divsf3+0x16>
    8c8e:	5f 3f       	cpi	r21, 0xFF	; 255
    8c90:	19 f0       	breq	.+6      	; 0x8c98 <__divsf3+0x18>
    8c92:	21 c1       	rjmp	.+578    	; 0x8ed6 <__fp_inf>
    8c94:	51 11       	cpse	r21, r1
    8c96:	8f c1       	rjmp	.+798    	; 0x8fb6 <__fp_szero>
    8c98:	24 c1       	rjmp	.+584    	; 0x8ee2 <__fp_nan>

00008c9a <__divsf3x>:
    8c9a:	6a d1       	rcall	.+724    	; 0x8f70 <__fp_split3>
    8c9c:	98 f3       	brcs	.-26     	; 0x8c84 <__divsf3+0x4>

00008c9e <__divsf3_pse>:
    8c9e:	99 23       	and	r25, r25
    8ca0:	c9 f3       	breq	.-14     	; 0x8c94 <__divsf3+0x14>
    8ca2:	55 23       	and	r21, r21
    8ca4:	b1 f3       	breq	.-20     	; 0x8c92 <__divsf3+0x12>
    8ca6:	95 1b       	sub	r25, r21
    8ca8:	55 0b       	sbc	r21, r21
    8caa:	bb 27       	eor	r27, r27
    8cac:	aa 27       	eor	r26, r26
    8cae:	62 17       	cp	r22, r18
    8cb0:	73 07       	cpc	r23, r19
    8cb2:	84 07       	cpc	r24, r20
    8cb4:	38 f0       	brcs	.+14     	; 0x8cc4 <__divsf3_pse+0x26>
    8cb6:	9f 5f       	subi	r25, 0xFF	; 255
    8cb8:	5f 4f       	sbci	r21, 0xFF	; 255
    8cba:	22 0f       	add	r18, r18
    8cbc:	33 1f       	adc	r19, r19
    8cbe:	44 1f       	adc	r20, r20
    8cc0:	aa 1f       	adc	r26, r26
    8cc2:	a9 f3       	breq	.-22     	; 0x8cae <__divsf3_pse+0x10>
    8cc4:	33 d0       	rcall	.+102    	; 0x8d2c <__divsf3_pse+0x8e>
    8cc6:	0e 2e       	mov	r0, r30
    8cc8:	3a f0       	brmi	.+14     	; 0x8cd8 <__divsf3_pse+0x3a>
    8cca:	e0 e8       	ldi	r30, 0x80	; 128
    8ccc:	30 d0       	rcall	.+96     	; 0x8d2e <__divsf3_pse+0x90>
    8cce:	91 50       	subi	r25, 0x01	; 1
    8cd0:	50 40       	sbci	r21, 0x00	; 0
    8cd2:	e6 95       	lsr	r30
    8cd4:	00 1c       	adc	r0, r0
    8cd6:	ca f7       	brpl	.-14     	; 0x8cca <__divsf3_pse+0x2c>
    8cd8:	29 d0       	rcall	.+82     	; 0x8d2c <__divsf3_pse+0x8e>
    8cda:	fe 2f       	mov	r31, r30
    8cdc:	27 d0       	rcall	.+78     	; 0x8d2c <__divsf3_pse+0x8e>
    8cde:	66 0f       	add	r22, r22
    8ce0:	77 1f       	adc	r23, r23
    8ce2:	88 1f       	adc	r24, r24
    8ce4:	bb 1f       	adc	r27, r27
    8ce6:	26 17       	cp	r18, r22
    8ce8:	37 07       	cpc	r19, r23
    8cea:	48 07       	cpc	r20, r24
    8cec:	ab 07       	cpc	r26, r27
    8cee:	b0 e8       	ldi	r27, 0x80	; 128
    8cf0:	09 f0       	breq	.+2      	; 0x8cf4 <__divsf3_pse+0x56>
    8cf2:	bb 0b       	sbc	r27, r27
    8cf4:	80 2d       	mov	r24, r0
    8cf6:	bf 01       	movw	r22, r30
    8cf8:	ff 27       	eor	r31, r31
    8cfa:	93 58       	subi	r25, 0x83	; 131
    8cfc:	5f 4f       	sbci	r21, 0xFF	; 255
    8cfe:	2a f0       	brmi	.+10     	; 0x8d0a <__divsf3_pse+0x6c>
    8d00:	9e 3f       	cpi	r25, 0xFE	; 254
    8d02:	51 05       	cpc	r21, r1
    8d04:	68 f0       	brcs	.+26     	; 0x8d20 <__divsf3_pse+0x82>
    8d06:	e7 c0       	rjmp	.+462    	; 0x8ed6 <__fp_inf>
    8d08:	56 c1       	rjmp	.+684    	; 0x8fb6 <__fp_szero>
    8d0a:	5f 3f       	cpi	r21, 0xFF	; 255
    8d0c:	ec f3       	brlt	.-6      	; 0x8d08 <__divsf3_pse+0x6a>
    8d0e:	98 3e       	cpi	r25, 0xE8	; 232
    8d10:	dc f3       	brlt	.-10     	; 0x8d08 <__divsf3_pse+0x6a>
    8d12:	86 95       	lsr	r24
    8d14:	77 95       	ror	r23
    8d16:	67 95       	ror	r22
    8d18:	b7 95       	ror	r27
    8d1a:	f7 95       	ror	r31
    8d1c:	9f 5f       	subi	r25, 0xFF	; 255
    8d1e:	c9 f7       	brne	.-14     	; 0x8d12 <__divsf3_pse+0x74>
    8d20:	88 0f       	add	r24, r24
    8d22:	91 1d       	adc	r25, r1
    8d24:	96 95       	lsr	r25
    8d26:	87 95       	ror	r24
    8d28:	97 f9       	bld	r25, 7
    8d2a:	08 95       	ret
    8d2c:	e1 e0       	ldi	r30, 0x01	; 1
    8d2e:	66 0f       	add	r22, r22
    8d30:	77 1f       	adc	r23, r23
    8d32:	88 1f       	adc	r24, r24
    8d34:	bb 1f       	adc	r27, r27
    8d36:	62 17       	cp	r22, r18
    8d38:	73 07       	cpc	r23, r19
    8d3a:	84 07       	cpc	r24, r20
    8d3c:	ba 07       	cpc	r27, r26
    8d3e:	20 f0       	brcs	.+8      	; 0x8d48 <__divsf3_pse+0xaa>
    8d40:	62 1b       	sub	r22, r18
    8d42:	73 0b       	sbc	r23, r19
    8d44:	84 0b       	sbc	r24, r20
    8d46:	ba 0b       	sbc	r27, r26
    8d48:	ee 1f       	adc	r30, r30
    8d4a:	88 f7       	brcc	.-30     	; 0x8d2e <__divsf3_pse+0x90>
    8d4c:	e0 95       	com	r30
    8d4e:	08 95       	ret
    8d50:	19 f4       	brne	.+6      	; 0x8d58 <__divsf3_pse+0xba>
    8d52:	0e f0       	brts	.+2      	; 0x8d56 <__divsf3_pse+0xb8>
    8d54:	c0 c0       	rjmp	.+384    	; 0x8ed6 <__fp_inf>
    8d56:	2e c1       	rjmp	.+604    	; 0x8fb4 <__fp_zero>
    8d58:	c4 c0       	rjmp	.+392    	; 0x8ee2 <__fp_nan>

00008d5a <exp>:
    8d5a:	12 d1       	rcall	.+548    	; 0x8f80 <__fp_splitA>
    8d5c:	c8 f3       	brcs	.-14     	; 0x8d50 <__divsf3_pse+0xb2>
    8d5e:	96 38       	cpi	r25, 0x86	; 134
    8d60:	c0 f7       	brcc	.-16     	; 0x8d52 <__divsf3_pse+0xb4>
    8d62:	07 f8       	bld	r0, 7
    8d64:	0f 92       	push	r0
    8d66:	e8 94       	clt
    8d68:	2b e3       	ldi	r18, 0x3B	; 59
    8d6a:	3a ea       	ldi	r19, 0xAA	; 170
    8d6c:	48 eb       	ldi	r20, 0xB8	; 184
    8d6e:	5f e7       	ldi	r21, 0x7F	; 127
    8d70:	ef d1       	rcall	.+990    	; 0x9150 <__mulsf3_pse>
    8d72:	0f 92       	push	r0
    8d74:	0f 92       	push	r0
    8d76:	0f 92       	push	r0
    8d78:	4d b7       	in	r20, 0x3d	; 61
    8d7a:	5e b7       	in	r21, 0x3e	; 62
    8d7c:	0f 92       	push	r0
    8d7e:	a7 d1       	rcall	.+846    	; 0x90ce <modf>
    8d80:	ec e8       	ldi	r30, 0x8C	; 140
    8d82:	f0 e0       	ldi	r31, 0x00	; 0
    8d84:	b1 d0       	rcall	.+354    	; 0x8ee8 <__fp_powser>
    8d86:	4f 91       	pop	r20
    8d88:	5f 91       	pop	r21
    8d8a:	ef 91       	pop	r30
    8d8c:	ff 91       	pop	r31
    8d8e:	e5 95       	asr	r30
    8d90:	ee 1f       	adc	r30, r30
    8d92:	ff 1f       	adc	r31, r31
    8d94:	49 f0       	breq	.+18     	; 0x8da8 <exp+0x4e>
    8d96:	fe 57       	subi	r31, 0x7E	; 126
    8d98:	e0 68       	ori	r30, 0x80	; 128
    8d9a:	44 27       	eor	r20, r20
    8d9c:	ee 0f       	add	r30, r30
    8d9e:	44 1f       	adc	r20, r20
    8da0:	fa 95       	dec	r31
    8da2:	e1 f7       	brne	.-8      	; 0x8d9c <exp+0x42>
    8da4:	41 95       	neg	r20
    8da6:	55 0b       	sbc	r21, r21
    8da8:	19 d1       	rcall	.+562    	; 0x8fdc <ldexp>
    8daa:	0f 90       	pop	r0
    8dac:	07 fe       	sbrs	r0, 7
    8dae:	0d c1       	rjmp	.+538    	; 0x8fca <inverse>
    8db0:	08 95       	ret

00008db2 <__fixsfsi>:
    8db2:	04 d0       	rcall	.+8      	; 0x8dbc <__fixunssfsi>
    8db4:	68 94       	set
    8db6:	b1 11       	cpse	r27, r1
    8db8:	fe c0       	rjmp	.+508    	; 0x8fb6 <__fp_szero>
    8dba:	08 95       	ret

00008dbc <__fixunssfsi>:
    8dbc:	e1 d0       	rcall	.+450    	; 0x8f80 <__fp_splitA>
    8dbe:	88 f0       	brcs	.+34     	; 0x8de2 <__fixunssfsi+0x26>
    8dc0:	9f 57       	subi	r25, 0x7F	; 127
    8dc2:	90 f0       	brcs	.+36     	; 0x8de8 <__fixunssfsi+0x2c>
    8dc4:	b9 2f       	mov	r27, r25
    8dc6:	99 27       	eor	r25, r25
    8dc8:	b7 51       	subi	r27, 0x17	; 23
    8dca:	a0 f0       	brcs	.+40     	; 0x8df4 <__fixunssfsi+0x38>
    8dcc:	d1 f0       	breq	.+52     	; 0x8e02 <__fixunssfsi+0x46>
    8dce:	66 0f       	add	r22, r22
    8dd0:	77 1f       	adc	r23, r23
    8dd2:	88 1f       	adc	r24, r24
    8dd4:	99 1f       	adc	r25, r25
    8dd6:	1a f0       	brmi	.+6      	; 0x8dde <__fixunssfsi+0x22>
    8dd8:	ba 95       	dec	r27
    8dda:	c9 f7       	brne	.-14     	; 0x8dce <__fixunssfsi+0x12>
    8ddc:	12 c0       	rjmp	.+36     	; 0x8e02 <__fixunssfsi+0x46>
    8dde:	b1 30       	cpi	r27, 0x01	; 1
    8de0:	81 f0       	breq	.+32     	; 0x8e02 <__fixunssfsi+0x46>
    8de2:	e8 d0       	rcall	.+464    	; 0x8fb4 <__fp_zero>
    8de4:	b1 e0       	ldi	r27, 0x01	; 1
    8de6:	08 95       	ret
    8de8:	e5 c0       	rjmp	.+458    	; 0x8fb4 <__fp_zero>
    8dea:	67 2f       	mov	r22, r23
    8dec:	78 2f       	mov	r23, r24
    8dee:	88 27       	eor	r24, r24
    8df0:	b8 5f       	subi	r27, 0xF8	; 248
    8df2:	39 f0       	breq	.+14     	; 0x8e02 <__fixunssfsi+0x46>
    8df4:	b9 3f       	cpi	r27, 0xF9	; 249
    8df6:	cc f3       	brlt	.-14     	; 0x8dea <__fixunssfsi+0x2e>
    8df8:	86 95       	lsr	r24
    8dfa:	77 95       	ror	r23
    8dfc:	67 95       	ror	r22
    8dfe:	b3 95       	inc	r27
    8e00:	d9 f7       	brne	.-10     	; 0x8df8 <__fixunssfsi+0x3c>
    8e02:	3e f4       	brtc	.+14     	; 0x8e12 <__fixunssfsi+0x56>
    8e04:	90 95       	com	r25
    8e06:	80 95       	com	r24
    8e08:	70 95       	com	r23
    8e0a:	61 95       	neg	r22
    8e0c:	7f 4f       	sbci	r23, 0xFF	; 255
    8e0e:	8f 4f       	sbci	r24, 0xFF	; 255
    8e10:	9f 4f       	sbci	r25, 0xFF	; 255
    8e12:	08 95       	ret

00008e14 <__floatunsisf>:
    8e14:	e8 94       	clt
    8e16:	09 c0       	rjmp	.+18     	; 0x8e2a <__floatsisf+0x12>

00008e18 <__floatsisf>:
    8e18:	97 fb       	bst	r25, 7
    8e1a:	3e f4       	brtc	.+14     	; 0x8e2a <__floatsisf+0x12>
    8e1c:	90 95       	com	r25
    8e1e:	80 95       	com	r24
    8e20:	70 95       	com	r23
    8e22:	61 95       	neg	r22
    8e24:	7f 4f       	sbci	r23, 0xFF	; 255
    8e26:	8f 4f       	sbci	r24, 0xFF	; 255
    8e28:	9f 4f       	sbci	r25, 0xFF	; 255
    8e2a:	99 23       	and	r25, r25
    8e2c:	a9 f0       	breq	.+42     	; 0x8e58 <__floatsisf+0x40>
    8e2e:	f9 2f       	mov	r31, r25
    8e30:	96 e9       	ldi	r25, 0x96	; 150
    8e32:	bb 27       	eor	r27, r27
    8e34:	93 95       	inc	r25
    8e36:	f6 95       	lsr	r31
    8e38:	87 95       	ror	r24
    8e3a:	77 95       	ror	r23
    8e3c:	67 95       	ror	r22
    8e3e:	b7 95       	ror	r27
    8e40:	f1 11       	cpse	r31, r1
    8e42:	f8 cf       	rjmp	.-16     	; 0x8e34 <__floatsisf+0x1c>
    8e44:	fa f4       	brpl	.+62     	; 0x8e84 <__floatsisf+0x6c>
    8e46:	bb 0f       	add	r27, r27
    8e48:	11 f4       	brne	.+4      	; 0x8e4e <__floatsisf+0x36>
    8e4a:	60 ff       	sbrs	r22, 0
    8e4c:	1b c0       	rjmp	.+54     	; 0x8e84 <__floatsisf+0x6c>
    8e4e:	6f 5f       	subi	r22, 0xFF	; 255
    8e50:	7f 4f       	sbci	r23, 0xFF	; 255
    8e52:	8f 4f       	sbci	r24, 0xFF	; 255
    8e54:	9f 4f       	sbci	r25, 0xFF	; 255
    8e56:	16 c0       	rjmp	.+44     	; 0x8e84 <__floatsisf+0x6c>
    8e58:	88 23       	and	r24, r24
    8e5a:	11 f0       	breq	.+4      	; 0x8e60 <__floatsisf+0x48>
    8e5c:	96 e9       	ldi	r25, 0x96	; 150
    8e5e:	11 c0       	rjmp	.+34     	; 0x8e82 <__floatsisf+0x6a>
    8e60:	77 23       	and	r23, r23
    8e62:	21 f0       	breq	.+8      	; 0x8e6c <__floatsisf+0x54>
    8e64:	9e e8       	ldi	r25, 0x8E	; 142
    8e66:	87 2f       	mov	r24, r23
    8e68:	76 2f       	mov	r23, r22
    8e6a:	05 c0       	rjmp	.+10     	; 0x8e76 <__floatsisf+0x5e>
    8e6c:	66 23       	and	r22, r22
    8e6e:	71 f0       	breq	.+28     	; 0x8e8c <__floatsisf+0x74>
    8e70:	96 e8       	ldi	r25, 0x86	; 134
    8e72:	86 2f       	mov	r24, r22
    8e74:	70 e0       	ldi	r23, 0x00	; 0
    8e76:	60 e0       	ldi	r22, 0x00	; 0
    8e78:	2a f0       	brmi	.+10     	; 0x8e84 <__floatsisf+0x6c>
    8e7a:	9a 95       	dec	r25
    8e7c:	66 0f       	add	r22, r22
    8e7e:	77 1f       	adc	r23, r23
    8e80:	88 1f       	adc	r24, r24
    8e82:	da f7       	brpl	.-10     	; 0x8e7a <__floatsisf+0x62>
    8e84:	88 0f       	add	r24, r24
    8e86:	96 95       	lsr	r25
    8e88:	87 95       	ror	r24
    8e8a:	97 f9       	bld	r25, 7
    8e8c:	08 95       	ret

00008e8e <__fp_cmp>:
    8e8e:	99 0f       	add	r25, r25
    8e90:	00 08       	sbc	r0, r0
    8e92:	55 0f       	add	r21, r21
    8e94:	aa 0b       	sbc	r26, r26
    8e96:	e0 e8       	ldi	r30, 0x80	; 128
    8e98:	fe ef       	ldi	r31, 0xFE	; 254
    8e9a:	16 16       	cp	r1, r22
    8e9c:	17 06       	cpc	r1, r23
    8e9e:	e8 07       	cpc	r30, r24
    8ea0:	f9 07       	cpc	r31, r25
    8ea2:	c0 f0       	brcs	.+48     	; 0x8ed4 <__fp_cmp+0x46>
    8ea4:	12 16       	cp	r1, r18
    8ea6:	13 06       	cpc	r1, r19
    8ea8:	e4 07       	cpc	r30, r20
    8eaa:	f5 07       	cpc	r31, r21
    8eac:	98 f0       	brcs	.+38     	; 0x8ed4 <__fp_cmp+0x46>
    8eae:	62 1b       	sub	r22, r18
    8eb0:	73 0b       	sbc	r23, r19
    8eb2:	84 0b       	sbc	r24, r20
    8eb4:	95 0b       	sbc	r25, r21
    8eb6:	39 f4       	brne	.+14     	; 0x8ec6 <__fp_cmp+0x38>
    8eb8:	0a 26       	eor	r0, r26
    8eba:	61 f0       	breq	.+24     	; 0x8ed4 <__fp_cmp+0x46>
    8ebc:	23 2b       	or	r18, r19
    8ebe:	24 2b       	or	r18, r20
    8ec0:	25 2b       	or	r18, r21
    8ec2:	21 f4       	brne	.+8      	; 0x8ecc <__fp_cmp+0x3e>
    8ec4:	08 95       	ret
    8ec6:	0a 26       	eor	r0, r26
    8ec8:	09 f4       	brne	.+2      	; 0x8ecc <__fp_cmp+0x3e>
    8eca:	a1 40       	sbci	r26, 0x01	; 1
    8ecc:	a6 95       	lsr	r26
    8ece:	8f ef       	ldi	r24, 0xFF	; 255
    8ed0:	81 1d       	adc	r24, r1
    8ed2:	81 1d       	adc	r24, r1
    8ed4:	08 95       	ret

00008ed6 <__fp_inf>:
    8ed6:	97 f9       	bld	r25, 7
    8ed8:	9f 67       	ori	r25, 0x7F	; 127
    8eda:	80 e8       	ldi	r24, 0x80	; 128
    8edc:	70 e0       	ldi	r23, 0x00	; 0
    8ede:	60 e0       	ldi	r22, 0x00	; 0
    8ee0:	08 95       	ret

00008ee2 <__fp_nan>:
    8ee2:	9f ef       	ldi	r25, 0xFF	; 255
    8ee4:	80 ec       	ldi	r24, 0xC0	; 192
    8ee6:	08 95       	ret

00008ee8 <__fp_powser>:
    8ee8:	df 93       	push	r29
    8eea:	cf 93       	push	r28
    8eec:	1f 93       	push	r17
    8eee:	0f 93       	push	r16
    8ef0:	ff 92       	push	r15
    8ef2:	ef 92       	push	r14
    8ef4:	df 92       	push	r13
    8ef6:	7b 01       	movw	r14, r22
    8ef8:	8c 01       	movw	r16, r24
    8efa:	68 94       	set
    8efc:	05 c0       	rjmp	.+10     	; 0x8f08 <__fp_powser+0x20>
    8efe:	da 2e       	mov	r13, r26
    8f00:	ef 01       	movw	r28, r30
    8f02:	24 d1       	rcall	.+584    	; 0x914c <__mulsf3x>
    8f04:	fe 01       	movw	r30, r28
    8f06:	e8 94       	clt
    8f08:	a5 91       	lpm	r26, Z+
    8f0a:	25 91       	lpm	r18, Z+
    8f0c:	35 91       	lpm	r19, Z+
    8f0e:	45 91       	lpm	r20, Z+
    8f10:	55 91       	lpm	r21, Z+
    8f12:	ae f3       	brts	.-22     	; 0x8efe <__fp_powser+0x16>
    8f14:	ef 01       	movw	r28, r30
    8f16:	5d de       	rcall	.-838    	; 0x8bd2 <__addsf3x>
    8f18:	fe 01       	movw	r30, r28
    8f1a:	97 01       	movw	r18, r14
    8f1c:	a8 01       	movw	r20, r16
    8f1e:	da 94       	dec	r13
    8f20:	79 f7       	brne	.-34     	; 0x8f00 <__fp_powser+0x18>
    8f22:	df 90       	pop	r13
    8f24:	ef 90       	pop	r14
    8f26:	ff 90       	pop	r15
    8f28:	0f 91       	pop	r16
    8f2a:	1f 91       	pop	r17
    8f2c:	cf 91       	pop	r28
    8f2e:	df 91       	pop	r29
    8f30:	08 95       	ret

00008f32 <__fp_pscA>:
    8f32:	00 24       	eor	r0, r0
    8f34:	0a 94       	dec	r0
    8f36:	16 16       	cp	r1, r22
    8f38:	17 06       	cpc	r1, r23
    8f3a:	18 06       	cpc	r1, r24
    8f3c:	09 06       	cpc	r0, r25
    8f3e:	08 95       	ret

00008f40 <__fp_pscB>:
    8f40:	00 24       	eor	r0, r0
    8f42:	0a 94       	dec	r0
    8f44:	12 16       	cp	r1, r18
    8f46:	13 06       	cpc	r1, r19
    8f48:	14 06       	cpc	r1, r20
    8f4a:	05 06       	cpc	r0, r21
    8f4c:	08 95       	ret

00008f4e <__fp_round>:
    8f4e:	09 2e       	mov	r0, r25
    8f50:	03 94       	inc	r0
    8f52:	00 0c       	add	r0, r0
    8f54:	11 f4       	brne	.+4      	; 0x8f5a <__fp_round+0xc>
    8f56:	88 23       	and	r24, r24
    8f58:	52 f0       	brmi	.+20     	; 0x8f6e <__fp_round+0x20>
    8f5a:	bb 0f       	add	r27, r27
    8f5c:	40 f4       	brcc	.+16     	; 0x8f6e <__fp_round+0x20>
    8f5e:	bf 2b       	or	r27, r31
    8f60:	11 f4       	brne	.+4      	; 0x8f66 <__fp_round+0x18>
    8f62:	60 ff       	sbrs	r22, 0
    8f64:	04 c0       	rjmp	.+8      	; 0x8f6e <__fp_round+0x20>
    8f66:	6f 5f       	subi	r22, 0xFF	; 255
    8f68:	7f 4f       	sbci	r23, 0xFF	; 255
    8f6a:	8f 4f       	sbci	r24, 0xFF	; 255
    8f6c:	9f 4f       	sbci	r25, 0xFF	; 255
    8f6e:	08 95       	ret

00008f70 <__fp_split3>:
    8f70:	57 fd       	sbrc	r21, 7
    8f72:	90 58       	subi	r25, 0x80	; 128
    8f74:	44 0f       	add	r20, r20
    8f76:	55 1f       	adc	r21, r21
    8f78:	59 f0       	breq	.+22     	; 0x8f90 <__fp_splitA+0x10>
    8f7a:	5f 3f       	cpi	r21, 0xFF	; 255
    8f7c:	71 f0       	breq	.+28     	; 0x8f9a <__fp_splitA+0x1a>
    8f7e:	47 95       	ror	r20

00008f80 <__fp_splitA>:
    8f80:	88 0f       	add	r24, r24
    8f82:	97 fb       	bst	r25, 7
    8f84:	99 1f       	adc	r25, r25
    8f86:	61 f0       	breq	.+24     	; 0x8fa0 <__fp_splitA+0x20>
    8f88:	9f 3f       	cpi	r25, 0xFF	; 255
    8f8a:	79 f0       	breq	.+30     	; 0x8faa <__fp_splitA+0x2a>
    8f8c:	87 95       	ror	r24
    8f8e:	08 95       	ret
    8f90:	12 16       	cp	r1, r18
    8f92:	13 06       	cpc	r1, r19
    8f94:	14 06       	cpc	r1, r20
    8f96:	55 1f       	adc	r21, r21
    8f98:	f2 cf       	rjmp	.-28     	; 0x8f7e <__fp_split3+0xe>
    8f9a:	46 95       	lsr	r20
    8f9c:	f1 df       	rcall	.-30     	; 0x8f80 <__fp_splitA>
    8f9e:	08 c0       	rjmp	.+16     	; 0x8fb0 <__fp_splitA+0x30>
    8fa0:	16 16       	cp	r1, r22
    8fa2:	17 06       	cpc	r1, r23
    8fa4:	18 06       	cpc	r1, r24
    8fa6:	99 1f       	adc	r25, r25
    8fa8:	f1 cf       	rjmp	.-30     	; 0x8f8c <__fp_splitA+0xc>
    8faa:	86 95       	lsr	r24
    8fac:	71 05       	cpc	r23, r1
    8fae:	61 05       	cpc	r22, r1
    8fb0:	08 94       	sec
    8fb2:	08 95       	ret

00008fb4 <__fp_zero>:
    8fb4:	e8 94       	clt

00008fb6 <__fp_szero>:
    8fb6:	bb 27       	eor	r27, r27
    8fb8:	66 27       	eor	r22, r22
    8fba:	77 27       	eor	r23, r23
    8fbc:	cb 01       	movw	r24, r22
    8fbe:	97 f9       	bld	r25, 7
    8fc0:	08 95       	ret

00008fc2 <__gesf2>:
    8fc2:	65 df       	rcall	.-310    	; 0x8e8e <__fp_cmp>
    8fc4:	08 f4       	brcc	.+2      	; 0x8fc8 <__gesf2+0x6>
    8fc6:	8f ef       	ldi	r24, 0xFF	; 255
    8fc8:	08 95       	ret

00008fca <inverse>:
    8fca:	9b 01       	movw	r18, r22
    8fcc:	ac 01       	movw	r20, r24
    8fce:	60 e0       	ldi	r22, 0x00	; 0
    8fd0:	70 e0       	ldi	r23, 0x00	; 0
    8fd2:	80 e8       	ldi	r24, 0x80	; 128
    8fd4:	9f e3       	ldi	r25, 0x3F	; 63
    8fd6:	54 ce       	rjmp	.-856    	; 0x8c80 <__divsf3>
    8fd8:	7e cf       	rjmp	.-260    	; 0x8ed6 <__fp_inf>
    8fda:	50 c1       	rjmp	.+672    	; 0x927c <__fp_mpack>

00008fdc <ldexp>:
    8fdc:	d1 df       	rcall	.-94     	; 0x8f80 <__fp_splitA>
    8fde:	e8 f3       	brcs	.-6      	; 0x8fda <inverse+0x10>
    8fe0:	99 23       	and	r25, r25
    8fe2:	d9 f3       	breq	.-10     	; 0x8fda <inverse+0x10>
    8fe4:	94 0f       	add	r25, r20
    8fe6:	51 1d       	adc	r21, r1
    8fe8:	bb f3       	brvs	.-18     	; 0x8fd8 <inverse+0xe>
    8fea:	91 50       	subi	r25, 0x01	; 1
    8fec:	50 40       	sbci	r21, 0x00	; 0
    8fee:	94 f0       	brlt	.+36     	; 0x9014 <ldexp+0x38>
    8ff0:	59 f0       	breq	.+22     	; 0x9008 <ldexp+0x2c>
    8ff2:	88 23       	and	r24, r24
    8ff4:	32 f0       	brmi	.+12     	; 0x9002 <ldexp+0x26>
    8ff6:	66 0f       	add	r22, r22
    8ff8:	77 1f       	adc	r23, r23
    8ffa:	88 1f       	adc	r24, r24
    8ffc:	91 50       	subi	r25, 0x01	; 1
    8ffe:	50 40       	sbci	r21, 0x00	; 0
    9000:	c1 f7       	brne	.-16     	; 0x8ff2 <ldexp+0x16>
    9002:	9e 3f       	cpi	r25, 0xFE	; 254
    9004:	51 05       	cpc	r21, r1
    9006:	44 f7       	brge	.-48     	; 0x8fd8 <inverse+0xe>
    9008:	88 0f       	add	r24, r24
    900a:	91 1d       	adc	r25, r1
    900c:	96 95       	lsr	r25
    900e:	87 95       	ror	r24
    9010:	97 f9       	bld	r25, 7
    9012:	08 95       	ret
    9014:	5f 3f       	cpi	r21, 0xFF	; 255
    9016:	ac f0       	brlt	.+42     	; 0x9042 <ldexp+0x66>
    9018:	98 3e       	cpi	r25, 0xE8	; 232
    901a:	9c f0       	brlt	.+38     	; 0x9042 <ldexp+0x66>
    901c:	bb 27       	eor	r27, r27
    901e:	86 95       	lsr	r24
    9020:	77 95       	ror	r23
    9022:	67 95       	ror	r22
    9024:	b7 95       	ror	r27
    9026:	08 f4       	brcc	.+2      	; 0x902a <ldexp+0x4e>
    9028:	b1 60       	ori	r27, 0x01	; 1
    902a:	93 95       	inc	r25
    902c:	c1 f7       	brne	.-16     	; 0x901e <ldexp+0x42>
    902e:	bb 0f       	add	r27, r27
    9030:	58 f7       	brcc	.-42     	; 0x9008 <ldexp+0x2c>
    9032:	11 f4       	brne	.+4      	; 0x9038 <ldexp+0x5c>
    9034:	60 ff       	sbrs	r22, 0
    9036:	e8 cf       	rjmp	.-48     	; 0x9008 <ldexp+0x2c>
    9038:	6f 5f       	subi	r22, 0xFF	; 255
    903a:	7f 4f       	sbci	r23, 0xFF	; 255
    903c:	8f 4f       	sbci	r24, 0xFF	; 255
    903e:	9f 4f       	sbci	r25, 0xFF	; 255
    9040:	e3 cf       	rjmp	.-58     	; 0x9008 <ldexp+0x2c>
    9042:	b9 cf       	rjmp	.-142    	; 0x8fb6 <__fp_szero>
    9044:	0e f0       	brts	.+2      	; 0x9048 <ldexp+0x6c>
    9046:	1a c1       	rjmp	.+564    	; 0x927c <__fp_mpack>
    9048:	4c cf       	rjmp	.-360    	; 0x8ee2 <__fp_nan>
    904a:	68 94       	set
    904c:	44 cf       	rjmp	.-376    	; 0x8ed6 <__fp_inf>

0000904e <log>:
    904e:	98 df       	rcall	.-208    	; 0x8f80 <__fp_splitA>
    9050:	c8 f3       	brcs	.-14     	; 0x9044 <ldexp+0x68>
    9052:	99 23       	and	r25, r25
    9054:	d1 f3       	breq	.-12     	; 0x904a <ldexp+0x6e>
    9056:	c6 f3       	brts	.-16     	; 0x9048 <ldexp+0x6c>
    9058:	df 93       	push	r29
    905a:	cf 93       	push	r28
    905c:	1f 93       	push	r17
    905e:	0f 93       	push	r16
    9060:	ff 92       	push	r15
    9062:	c9 2f       	mov	r28, r25
    9064:	dd 27       	eor	r29, r29
    9066:	88 23       	and	r24, r24
    9068:	2a f0       	brmi	.+10     	; 0x9074 <log+0x26>
    906a:	21 97       	sbiw	r28, 0x01	; 1
    906c:	66 0f       	add	r22, r22
    906e:	77 1f       	adc	r23, r23
    9070:	88 1f       	adc	r24, r24
    9072:	da f7       	brpl	.-10     	; 0x906a <log+0x1c>
    9074:	20 e0       	ldi	r18, 0x00	; 0
    9076:	30 e0       	ldi	r19, 0x00	; 0
    9078:	40 e8       	ldi	r20, 0x80	; 128
    907a:	5f eb       	ldi	r21, 0xBF	; 191
    907c:	9f e3       	ldi	r25, 0x3F	; 63
    907e:	88 39       	cpi	r24, 0x98	; 152
    9080:	20 f0       	brcs	.+8      	; 0x908a <log+0x3c>
    9082:	80 3e       	cpi	r24, 0xE0	; 224
    9084:	30 f0       	brcs	.+12     	; 0x9092 <log+0x44>
    9086:	21 96       	adiw	r28, 0x01	; 1
    9088:	8f 77       	andi	r24, 0x7F	; 127
    908a:	92 dd       	rcall	.-1244   	; 0x8bb0 <__addsf3>
    908c:	e4 eb       	ldi	r30, 0xB4	; 180
    908e:	f0 e0       	ldi	r31, 0x00	; 0
    9090:	03 c0       	rjmp	.+6      	; 0x9098 <log+0x4a>
    9092:	8e dd       	rcall	.-1252   	; 0x8bb0 <__addsf3>
    9094:	e1 ee       	ldi	r30, 0xE1	; 225
    9096:	f0 e0       	ldi	r31, 0x00	; 0
    9098:	27 df       	rcall	.-434    	; 0x8ee8 <__fp_powser>
    909a:	8b 01       	movw	r16, r22
    909c:	be 01       	movw	r22, r28
    909e:	ec 01       	movw	r28, r24
    90a0:	fb 2e       	mov	r15, r27
    90a2:	6f 57       	subi	r22, 0x7F	; 127
    90a4:	71 09       	sbc	r23, r1
    90a6:	75 95       	asr	r23
    90a8:	77 1f       	adc	r23, r23
    90aa:	88 0b       	sbc	r24, r24
    90ac:	99 0b       	sbc	r25, r25
    90ae:	b4 de       	rcall	.-664    	; 0x8e18 <__floatsisf>
    90b0:	28 e1       	ldi	r18, 0x18	; 24
    90b2:	32 e7       	ldi	r19, 0x72	; 114
    90b4:	41 e3       	ldi	r20, 0x31	; 49
    90b6:	5f e3       	ldi	r21, 0x3F	; 63
    90b8:	49 d0       	rcall	.+146    	; 0x914c <__mulsf3x>
    90ba:	af 2d       	mov	r26, r15
    90bc:	98 01       	movw	r18, r16
    90be:	ae 01       	movw	r20, r28
    90c0:	ff 90       	pop	r15
    90c2:	0f 91       	pop	r16
    90c4:	1f 91       	pop	r17
    90c6:	cf 91       	pop	r28
    90c8:	df 91       	pop	r29
    90ca:	83 dd       	rcall	.-1274   	; 0x8bd2 <__addsf3x>
    90cc:	40 cf       	rjmp	.-384    	; 0x8f4e <__fp_round>

000090ce <modf>:
    90ce:	fa 01       	movw	r30, r20
    90d0:	dc 01       	movw	r26, r24
    90d2:	aa 0f       	add	r26, r26
    90d4:	bb 1f       	adc	r27, r27
    90d6:	9b 01       	movw	r18, r22
    90d8:	ac 01       	movw	r20, r24
    90da:	bf 57       	subi	r27, 0x7F	; 127
    90dc:	28 f4       	brcc	.+10     	; 0x90e8 <modf+0x1a>
    90de:	22 27       	eor	r18, r18
    90e0:	33 27       	eor	r19, r19
    90e2:	44 27       	eor	r20, r20
    90e4:	50 78       	andi	r21, 0x80	; 128
    90e6:	1f c0       	rjmp	.+62     	; 0x9126 <modf+0x58>
    90e8:	b7 51       	subi	r27, 0x17	; 23
    90ea:	88 f4       	brcc	.+34     	; 0x910e <modf+0x40>
    90ec:	ab 2f       	mov	r26, r27
    90ee:	00 24       	eor	r0, r0
    90f0:	46 95       	lsr	r20
    90f2:	37 95       	ror	r19
    90f4:	27 95       	ror	r18
    90f6:	01 1c       	adc	r0, r1
    90f8:	a3 95       	inc	r26
    90fa:	d2 f3       	brmi	.-12     	; 0x90f0 <modf+0x22>
    90fc:	00 20       	and	r0, r0
    90fe:	69 f0       	breq	.+26     	; 0x911a <modf+0x4c>
    9100:	22 0f       	add	r18, r18
    9102:	33 1f       	adc	r19, r19
    9104:	44 1f       	adc	r20, r20
    9106:	b3 95       	inc	r27
    9108:	da f3       	brmi	.-10     	; 0x9100 <modf+0x32>
    910a:	0d d0       	rcall	.+26     	; 0x9126 <modf+0x58>
    910c:	50 cd       	rjmp	.-1376   	; 0x8bae <__subsf3>
    910e:	61 30       	cpi	r22, 0x01	; 1
    9110:	71 05       	cpc	r23, r1
    9112:	a0 e8       	ldi	r26, 0x80	; 128
    9114:	8a 07       	cpc	r24, r26
    9116:	b9 46       	sbci	r27, 0x69	; 105
    9118:	30 f4       	brcc	.+12     	; 0x9126 <modf+0x58>
    911a:	9b 01       	movw	r18, r22
    911c:	ac 01       	movw	r20, r24
    911e:	66 27       	eor	r22, r22
    9120:	77 27       	eor	r23, r23
    9122:	88 27       	eor	r24, r24
    9124:	90 78       	andi	r25, 0x80	; 128
    9126:	30 96       	adiw	r30, 0x00	; 0
    9128:	21 f0       	breq	.+8      	; 0x9132 <modf+0x64>
    912a:	20 83       	st	Z, r18
    912c:	31 83       	std	Z+1, r19	; 0x01
    912e:	42 83       	std	Z+2, r20	; 0x02
    9130:	53 83       	std	Z+3, r21	; 0x03
    9132:	08 95       	ret

00009134 <__mulsf3>:
    9134:	0b d0       	rcall	.+22     	; 0x914c <__mulsf3x>
    9136:	0b cf       	rjmp	.-490    	; 0x8f4e <__fp_round>
    9138:	fc de       	rcall	.-520    	; 0x8f32 <__fp_pscA>
    913a:	28 f0       	brcs	.+10     	; 0x9146 <__mulsf3+0x12>
    913c:	01 df       	rcall	.-510    	; 0x8f40 <__fp_pscB>
    913e:	18 f0       	brcs	.+6      	; 0x9146 <__mulsf3+0x12>
    9140:	95 23       	and	r25, r21
    9142:	09 f0       	breq	.+2      	; 0x9146 <__mulsf3+0x12>
    9144:	c8 ce       	rjmp	.-624    	; 0x8ed6 <__fp_inf>
    9146:	cd ce       	rjmp	.-614    	; 0x8ee2 <__fp_nan>
    9148:	11 24       	eor	r1, r1
    914a:	35 cf       	rjmp	.-406    	; 0x8fb6 <__fp_szero>

0000914c <__mulsf3x>:
    914c:	11 df       	rcall	.-478    	; 0x8f70 <__fp_split3>
    914e:	a0 f3       	brcs	.-24     	; 0x9138 <__mulsf3+0x4>

00009150 <__mulsf3_pse>:
    9150:	95 9f       	mul	r25, r21
    9152:	d1 f3       	breq	.-12     	; 0x9148 <__mulsf3+0x14>
    9154:	95 0f       	add	r25, r21
    9156:	50 e0       	ldi	r21, 0x00	; 0
    9158:	55 1f       	adc	r21, r21
    915a:	62 9f       	mul	r22, r18
    915c:	f0 01       	movw	r30, r0
    915e:	72 9f       	mul	r23, r18
    9160:	bb 27       	eor	r27, r27
    9162:	f0 0d       	add	r31, r0
    9164:	b1 1d       	adc	r27, r1
    9166:	63 9f       	mul	r22, r19
    9168:	aa 27       	eor	r26, r26
    916a:	f0 0d       	add	r31, r0
    916c:	b1 1d       	adc	r27, r1
    916e:	aa 1f       	adc	r26, r26
    9170:	64 9f       	mul	r22, r20
    9172:	66 27       	eor	r22, r22
    9174:	b0 0d       	add	r27, r0
    9176:	a1 1d       	adc	r26, r1
    9178:	66 1f       	adc	r22, r22
    917a:	82 9f       	mul	r24, r18
    917c:	22 27       	eor	r18, r18
    917e:	b0 0d       	add	r27, r0
    9180:	a1 1d       	adc	r26, r1
    9182:	62 1f       	adc	r22, r18
    9184:	73 9f       	mul	r23, r19
    9186:	b0 0d       	add	r27, r0
    9188:	a1 1d       	adc	r26, r1
    918a:	62 1f       	adc	r22, r18
    918c:	83 9f       	mul	r24, r19
    918e:	a0 0d       	add	r26, r0
    9190:	61 1d       	adc	r22, r1
    9192:	22 1f       	adc	r18, r18
    9194:	74 9f       	mul	r23, r20
    9196:	33 27       	eor	r19, r19
    9198:	a0 0d       	add	r26, r0
    919a:	61 1d       	adc	r22, r1
    919c:	23 1f       	adc	r18, r19
    919e:	84 9f       	mul	r24, r20
    91a0:	60 0d       	add	r22, r0
    91a2:	21 1d       	adc	r18, r1
    91a4:	82 2f       	mov	r24, r18
    91a6:	76 2f       	mov	r23, r22
    91a8:	6a 2f       	mov	r22, r26
    91aa:	11 24       	eor	r1, r1
    91ac:	9f 57       	subi	r25, 0x7F	; 127
    91ae:	50 40       	sbci	r21, 0x00	; 0
    91b0:	8a f0       	brmi	.+34     	; 0x91d4 <__mulsf3_pse+0x84>
    91b2:	e1 f0       	breq	.+56     	; 0x91ec <__mulsf3_pse+0x9c>
    91b4:	88 23       	and	r24, r24
    91b6:	4a f0       	brmi	.+18     	; 0x91ca <__mulsf3_pse+0x7a>
    91b8:	ee 0f       	add	r30, r30
    91ba:	ff 1f       	adc	r31, r31
    91bc:	bb 1f       	adc	r27, r27
    91be:	66 1f       	adc	r22, r22
    91c0:	77 1f       	adc	r23, r23
    91c2:	88 1f       	adc	r24, r24
    91c4:	91 50       	subi	r25, 0x01	; 1
    91c6:	50 40       	sbci	r21, 0x00	; 0
    91c8:	a9 f7       	brne	.-22     	; 0x91b4 <__mulsf3_pse+0x64>
    91ca:	9e 3f       	cpi	r25, 0xFE	; 254
    91cc:	51 05       	cpc	r21, r1
    91ce:	70 f0       	brcs	.+28     	; 0x91ec <__mulsf3_pse+0x9c>
    91d0:	82 ce       	rjmp	.-764    	; 0x8ed6 <__fp_inf>
    91d2:	f1 ce       	rjmp	.-542    	; 0x8fb6 <__fp_szero>
    91d4:	5f 3f       	cpi	r21, 0xFF	; 255
    91d6:	ec f3       	brlt	.-6      	; 0x91d2 <__mulsf3_pse+0x82>
    91d8:	98 3e       	cpi	r25, 0xE8	; 232
    91da:	dc f3       	brlt	.-10     	; 0x91d2 <__mulsf3_pse+0x82>
    91dc:	86 95       	lsr	r24
    91de:	77 95       	ror	r23
    91e0:	67 95       	ror	r22
    91e2:	b7 95       	ror	r27
    91e4:	f7 95       	ror	r31
    91e6:	e7 95       	ror	r30
    91e8:	9f 5f       	subi	r25, 0xFF	; 255
    91ea:	c1 f7       	brne	.-16     	; 0x91dc <__mulsf3_pse+0x8c>
    91ec:	fe 2b       	or	r31, r30
    91ee:	88 0f       	add	r24, r24
    91f0:	91 1d       	adc	r25, r1
    91f2:	96 95       	lsr	r25
    91f4:	87 95       	ror	r24
    91f6:	97 f9       	bld	r25, 7
    91f8:	08 95       	ret

000091fa <round>:
    91fa:	c2 de       	rcall	.-636    	; 0x8f80 <__fp_splitA>
    91fc:	e0 f0       	brcs	.+56     	; 0x9236 <round+0x3c>
    91fe:	9e 37       	cpi	r25, 0x7E	; 126
    9200:	d8 f0       	brcs	.+54     	; 0x9238 <round+0x3e>
    9202:	96 39       	cpi	r25, 0x96	; 150
    9204:	b8 f4       	brcc	.+46     	; 0x9234 <round+0x3a>
    9206:	9e 38       	cpi	r25, 0x8E	; 142
    9208:	48 f4       	brcc	.+18     	; 0x921c <round+0x22>
    920a:	67 2f       	mov	r22, r23
    920c:	78 2f       	mov	r23, r24
    920e:	88 27       	eor	r24, r24
    9210:	98 5f       	subi	r25, 0xF8	; 248
    9212:	f9 cf       	rjmp	.-14     	; 0x9206 <round+0xc>
    9214:	86 95       	lsr	r24
    9216:	77 95       	ror	r23
    9218:	67 95       	ror	r22
    921a:	93 95       	inc	r25
    921c:	95 39       	cpi	r25, 0x95	; 149
    921e:	d0 f3       	brcs	.-12     	; 0x9214 <round+0x1a>
    9220:	b6 2f       	mov	r27, r22
    9222:	b1 70       	andi	r27, 0x01	; 1
    9224:	6b 0f       	add	r22, r27
    9226:	71 1d       	adc	r23, r1
    9228:	81 1d       	adc	r24, r1
    922a:	20 f4       	brcc	.+8      	; 0x9234 <round+0x3a>
    922c:	87 95       	ror	r24
    922e:	77 95       	ror	r23
    9230:	67 95       	ror	r22
    9232:	93 95       	inc	r25
    9234:	08 c0       	rjmp	.+16     	; 0x9246 <__fp_mintl>
    9236:	22 c0       	rjmp	.+68     	; 0x927c <__fp_mpack>
    9238:	be ce       	rjmp	.-644    	; 0x8fb6 <__fp_szero>

0000923a <sin>:
    923a:	9f 93       	push	r25
    923c:	2e d0       	rcall	.+92     	; 0x929a <__fp_rempio2>
    923e:	0f 90       	pop	r0
    9240:	07 fc       	sbrc	r0, 7
    9242:	ee 5f       	subi	r30, 0xFE	; 254
    9244:	51 c0       	rjmp	.+162    	; 0x92e8 <__fp_sinus>

00009246 <__fp_mintl>:
    9246:	88 23       	and	r24, r24
    9248:	71 f4       	brne	.+28     	; 0x9266 <__fp_mintl+0x20>
    924a:	77 23       	and	r23, r23
    924c:	21 f0       	breq	.+8      	; 0x9256 <__fp_mintl+0x10>
    924e:	98 50       	subi	r25, 0x08	; 8
    9250:	87 2b       	or	r24, r23
    9252:	76 2f       	mov	r23, r22
    9254:	07 c0       	rjmp	.+14     	; 0x9264 <__fp_mintl+0x1e>
    9256:	66 23       	and	r22, r22
    9258:	11 f4       	brne	.+4      	; 0x925e <__fp_mintl+0x18>
    925a:	99 27       	eor	r25, r25
    925c:	0d c0       	rjmp	.+26     	; 0x9278 <__fp_mintl+0x32>
    925e:	90 51       	subi	r25, 0x10	; 16
    9260:	86 2b       	or	r24, r22
    9262:	70 e0       	ldi	r23, 0x00	; 0
    9264:	60 e0       	ldi	r22, 0x00	; 0
    9266:	2a f0       	brmi	.+10     	; 0x9272 <__fp_mintl+0x2c>
    9268:	9a 95       	dec	r25
    926a:	66 0f       	add	r22, r22
    926c:	77 1f       	adc	r23, r23
    926e:	88 1f       	adc	r24, r24
    9270:	da f7       	brpl	.-10     	; 0x9268 <__fp_mintl+0x22>
    9272:	88 0f       	add	r24, r24
    9274:	96 95       	lsr	r25
    9276:	87 95       	ror	r24
    9278:	97 f9       	bld	r25, 7
    927a:	08 95       	ret

0000927c <__fp_mpack>:
    927c:	9f 3f       	cpi	r25, 0xFF	; 255
    927e:	31 f0       	breq	.+12     	; 0x928c <__fp_mpack_finite+0xc>

00009280 <__fp_mpack_finite>:
    9280:	91 50       	subi	r25, 0x01	; 1
    9282:	20 f4       	brcc	.+8      	; 0x928c <__fp_mpack_finite+0xc>
    9284:	87 95       	ror	r24
    9286:	77 95       	ror	r23
    9288:	67 95       	ror	r22
    928a:	b7 95       	ror	r27
    928c:	88 0f       	add	r24, r24
    928e:	91 1d       	adc	r25, r1
    9290:	96 95       	lsr	r25
    9292:	87 95       	ror	r24
    9294:	97 f9       	bld	r25, 7
    9296:	08 95       	ret
    9298:	24 ce       	rjmp	.-952    	; 0x8ee2 <__fp_nan>

0000929a <__fp_rempio2>:
    929a:	72 de       	rcall	.-796    	; 0x8f80 <__fp_splitA>
    929c:	e8 f3       	brcs	.-6      	; 0x9298 <__fp_mpack_finite+0x18>
    929e:	e8 94       	clt
    92a0:	e0 e0       	ldi	r30, 0x00	; 0
    92a2:	bb 27       	eor	r27, r27
    92a4:	9f 57       	subi	r25, 0x7F	; 127
    92a6:	f0 f0       	brcs	.+60     	; 0x92e4 <__fp_rempio2+0x4a>
    92a8:	2a ed       	ldi	r18, 0xDA	; 218
    92aa:	3f e0       	ldi	r19, 0x0F	; 15
    92ac:	49 ec       	ldi	r20, 0xC9	; 201
    92ae:	06 c0       	rjmp	.+12     	; 0x92bc <__fp_rempio2+0x22>
    92b0:	ee 0f       	add	r30, r30
    92b2:	bb 0f       	add	r27, r27
    92b4:	66 1f       	adc	r22, r22
    92b6:	77 1f       	adc	r23, r23
    92b8:	88 1f       	adc	r24, r24
    92ba:	28 f0       	brcs	.+10     	; 0x92c6 <__fp_rempio2+0x2c>
    92bc:	b2 3a       	cpi	r27, 0xA2	; 162
    92be:	62 07       	cpc	r22, r18
    92c0:	73 07       	cpc	r23, r19
    92c2:	84 07       	cpc	r24, r20
    92c4:	28 f0       	brcs	.+10     	; 0x92d0 <__fp_rempio2+0x36>
    92c6:	b2 5a       	subi	r27, 0xA2	; 162
    92c8:	62 0b       	sbc	r22, r18
    92ca:	73 0b       	sbc	r23, r19
    92cc:	84 0b       	sbc	r24, r20
    92ce:	e3 95       	inc	r30
    92d0:	9a 95       	dec	r25
    92d2:	72 f7       	brpl	.-36     	; 0x92b0 <__fp_rempio2+0x16>
    92d4:	80 38       	cpi	r24, 0x80	; 128
    92d6:	30 f4       	brcc	.+12     	; 0x92e4 <__fp_rempio2+0x4a>
    92d8:	9a 95       	dec	r25
    92da:	bb 0f       	add	r27, r27
    92dc:	66 1f       	adc	r22, r22
    92de:	77 1f       	adc	r23, r23
    92e0:	88 1f       	adc	r24, r24
    92e2:	d2 f7       	brpl	.-12     	; 0x92d8 <__fp_rempio2+0x3e>
    92e4:	90 48       	sbci	r25, 0x80	; 128
    92e6:	cc cf       	rjmp	.-104    	; 0x9280 <__fp_mpack_finite>

000092e8 <__fp_sinus>:
    92e8:	ef 93       	push	r30
    92ea:	e0 ff       	sbrs	r30, 0
    92ec:	06 c0       	rjmp	.+12     	; 0x92fa <__fp_sinus+0x12>
    92ee:	a2 ea       	ldi	r26, 0xA2	; 162
    92f0:	2a ed       	ldi	r18, 0xDA	; 218
    92f2:	3f e0       	ldi	r19, 0x0F	; 15
    92f4:	49 ec       	ldi	r20, 0xC9	; 201
    92f6:	5f eb       	ldi	r21, 0xBF	; 191
    92f8:	6c dc       	rcall	.-1832   	; 0x8bd2 <__addsf3x>
    92fa:	29 de       	rcall	.-942    	; 0x8f4e <__fp_round>
    92fc:	0f 90       	pop	r0
    92fe:	03 94       	inc	r0
    9300:	01 fc       	sbrc	r0, 1
    9302:	90 58       	subi	r25, 0x80	; 128
    9304:	ee e0       	ldi	r30, 0x0E	; 14
    9306:	f1 e0       	ldi	r31, 0x01	; 1
    9308:	00 c0       	rjmp	.+0      	; 0x930a <__fp_powsodd>

0000930a <__fp_powsodd>:
    930a:	9f 93       	push	r25
    930c:	8f 93       	push	r24
    930e:	7f 93       	push	r23
    9310:	6f 93       	push	r22
    9312:	ff 93       	push	r31
    9314:	ef 93       	push	r30
    9316:	9b 01       	movw	r18, r22
    9318:	ac 01       	movw	r20, r24
    931a:	0c df       	rcall	.-488    	; 0x9134 <__mulsf3>
    931c:	ef 91       	pop	r30
    931e:	ff 91       	pop	r31
    9320:	e3 dd       	rcall	.-1082   	; 0x8ee8 <__fp_powser>
    9322:	2f 91       	pop	r18
    9324:	3f 91       	pop	r19
    9326:	4f 91       	pop	r20
    9328:	5f 91       	pop	r21
    932a:	04 cf       	rjmp	.-504    	; 0x9134 <__mulsf3>

0000932c <dtostre>:
    932c:	cf 92       	push	r12
    932e:	df 92       	push	r13
    9330:	ff 92       	push	r15
    9332:	0f 93       	push	r16
    9334:	1f 93       	push	r17
    9336:	cf 93       	push	r28
    9338:	df 93       	push	r29
    933a:	ea 01       	movw	r28, r20
    933c:	f0 2e       	mov	r15, r16
    933e:	12 2f       	mov	r17, r18
    9340:	28 30       	cpi	r18, 0x08	; 8
    9342:	08 f0       	brcs	.+2      	; 0x9346 <dtostre+0x1a>
    9344:	17 e0       	ldi	r17, 0x07	; 7
    9346:	00 e0       	ldi	r16, 0x00	; 0
    9348:	21 2f       	mov	r18, r17
    934a:	ae 01       	movw	r20, r28
    934c:	ba d0       	rcall	.+372    	; 0x94c2 <__ftoa_engine>
    934e:	98 81       	ld	r25, Y
    9350:	29 2f       	mov	r18, r25
    9352:	28 70       	andi	r18, 0x08	; 8
    9354:	de 01       	movw	r26, r28
    9356:	90 ff       	sbrs	r25, 0
    9358:	06 c0       	rjmp	.+12     	; 0x9366 <dtostre+0x3a>
    935a:	21 11       	cpse	r18, r1
    935c:	04 c0       	rjmp	.+8      	; 0x9366 <dtostre+0x3a>
    935e:	11 96       	adiw	r26, 0x01	; 1
    9360:	2d e2       	ldi	r18, 0x2D	; 45
    9362:	28 83       	st	Y, r18
    9364:	0c c0       	rjmp	.+24     	; 0x937e <dtostre+0x52>
    9366:	f1 fe       	sbrs	r15, 1
    9368:	03 c0       	rjmp	.+6      	; 0x9370 <dtostre+0x44>
    936a:	11 96       	adiw	r26, 0x01	; 1
    936c:	3b e2       	ldi	r19, 0x2B	; 43
    936e:	04 c0       	rjmp	.+8      	; 0x9378 <dtostre+0x4c>
    9370:	f0 fe       	sbrs	r15, 0
    9372:	03 c0       	rjmp	.+6      	; 0x937a <dtostre+0x4e>
    9374:	11 96       	adiw	r26, 0x01	; 1
    9376:	30 e2       	ldi	r19, 0x20	; 32
    9378:	38 83       	st	Y, r19
    937a:	21 11       	cpse	r18, r1
    937c:	05 c0       	rjmp	.+10     	; 0x9388 <dtostre+0x5c>
    937e:	92 ff       	sbrs	r25, 2
    9380:	0c c0       	rjmp	.+24     	; 0x939a <dtostre+0x6e>
    9382:	6c e2       	ldi	r22, 0x2C	; 44
    9384:	71 e0       	ldi	r23, 0x01	; 1
    9386:	02 c0       	rjmp	.+4      	; 0x938c <dtostre+0x60>
    9388:	64 e3       	ldi	r22, 0x34	; 52
    938a:	71 e0       	ldi	r23, 0x01	; 1
    938c:	f2 fe       	sbrs	r15, 2
    938e:	02 c0       	rjmp	.+4      	; 0x9394 <dtostre+0x68>
    9390:	6c 5f       	subi	r22, 0xFC	; 252
    9392:	7f 4f       	sbci	r23, 0xFF	; 255
    9394:	cd 01       	movw	r24, r26
    9396:	6d d1       	rcall	.+730    	; 0x9672 <strcpy_P>
    9398:	45 c0       	rjmp	.+138    	; 0x9424 <dtostre+0xf8>
    939a:	fd 01       	movw	r30, r26
    939c:	31 96       	adiw	r30, 0x01	; 1
    939e:	29 81       	ldd	r18, Y+1	; 0x01
    93a0:	2c 93       	st	X, r18
    93a2:	21 33       	cpi	r18, 0x31	; 49
    93a4:	09 f0       	breq	.+2      	; 0x93a8 <dtostre+0x7c>
    93a6:	9f 7e       	andi	r25, 0xEF	; 239
    93a8:	11 23       	and	r17, r17
    93aa:	b9 f0       	breq	.+46     	; 0x93da <dtostre+0xae>
    93ac:	ae 01       	movw	r20, r28
    93ae:	4e 5f       	subi	r20, 0xFE	; 254
    93b0:	5f 4f       	sbci	r21, 0xFF	; 255
    93b2:	6f 01       	movw	r12, r30
    93b4:	31 2f       	mov	r19, r17
    93b6:	2e e2       	ldi	r18, 0x2E	; 46
    93b8:	da 01       	movw	r26, r20
    93ba:	6d 91       	ld	r22, X+
    93bc:	ad 01       	movw	r20, r26
    93be:	d6 01       	movw	r26, r12
    93c0:	2d 93       	st	X+, r18
    93c2:	6d 01       	movw	r12, r26
    93c4:	31 50       	subi	r19, 0x01	; 1
    93c6:	26 2f       	mov	r18, r22
    93c8:	b9 f7       	brne	.-18     	; 0x93b8 <dtostre+0x8c>
    93ca:	11 50       	subi	r17, 0x01	; 1
    93cc:	df 01       	movw	r26, r30
    93ce:	a1 0f       	add	r26, r17
    93d0:	b1 1d       	adc	r27, r1
    93d2:	fd 01       	movw	r30, r26
    93d4:	32 96       	adiw	r30, 0x02	; 2
    93d6:	11 96       	adiw	r26, 0x01	; 1
    93d8:	6c 93       	st	X, r22
    93da:	f2 fc       	sbrc	r15, 2
    93dc:	02 c0       	rjmp	.+4      	; 0x93e2 <dtostre+0xb6>
    93de:	25 e6       	ldi	r18, 0x65	; 101
    93e0:	01 c0       	rjmp	.+2      	; 0x93e4 <dtostre+0xb8>
    93e2:	25 e4       	ldi	r18, 0x45	; 69
    93e4:	20 83       	st	Z, r18
    93e6:	df 01       	movw	r26, r30
    93e8:	12 96       	adiw	r26, 0x02	; 2
    93ea:	87 ff       	sbrs	r24, 7
    93ec:	04 c0       	rjmp	.+8      	; 0x93f6 <dtostre+0xca>
    93ee:	9d e2       	ldi	r25, 0x2D	; 45
    93f0:	91 83       	std	Z+1, r25	; 0x01
    93f2:	81 95       	neg	r24
    93f4:	0a c0       	rjmp	.+20     	; 0x940a <dtostre+0xde>
    93f6:	81 11       	cpse	r24, r1
    93f8:	06 c0       	rjmp	.+12     	; 0x9406 <dtostre+0xda>
    93fa:	94 ff       	sbrs	r25, 4
    93fc:	04 c0       	rjmp	.+8      	; 0x9406 <dtostre+0xda>
    93fe:	9d e2       	ldi	r25, 0x2D	; 45
    9400:	91 83       	std	Z+1, r25	; 0x01
    9402:	90 e3       	ldi	r25, 0x30	; 48
    9404:	08 c0       	rjmp	.+16     	; 0x9416 <dtostre+0xea>
    9406:	9b e2       	ldi	r25, 0x2B	; 43
    9408:	91 83       	std	Z+1, r25	; 0x01
    940a:	90 e3       	ldi	r25, 0x30	; 48
    940c:	8a 30       	cpi	r24, 0x0A	; 10
    940e:	1c f0       	brlt	.+6      	; 0x9416 <dtostre+0xea>
    9410:	9f 5f       	subi	r25, 0xFF	; 255
    9412:	8a 50       	subi	r24, 0x0A	; 10
    9414:	fb cf       	rjmp	.-10     	; 0x940c <dtostre+0xe0>
    9416:	9c 93       	st	X, r25
    9418:	80 5d       	subi	r24, 0xD0	; 208
    941a:	11 96       	adiw	r26, 0x01	; 1
    941c:	8c 93       	st	X, r24
    941e:	11 97       	sbiw	r26, 0x01	; 1
    9420:	12 96       	adiw	r26, 0x02	; 2
    9422:	1c 92       	st	X, r1
    9424:	ce 01       	movw	r24, r28
    9426:	df 91       	pop	r29
    9428:	cf 91       	pop	r28
    942a:	1f 91       	pop	r17
    942c:	0f 91       	pop	r16
    942e:	ff 90       	pop	r15
    9430:	df 90       	pop	r13
    9432:	cf 90       	pop	r12
    9434:	08 95       	ret

00009436 <atof>:
    9436:	66 27       	eor	r22, r22
    9438:	77 27       	eor	r23, r23
    943a:	91 c1       	rjmp	.+802    	; 0x975e <strtod>

0000943c <atoi>:
    943c:	fc 01       	movw	r30, r24
    943e:	88 27       	eor	r24, r24
    9440:	99 27       	eor	r25, r25
    9442:	e8 94       	clt
    9444:	21 91       	ld	r18, Z+
    9446:	20 32       	cpi	r18, 0x20	; 32
    9448:	e9 f3       	breq	.-6      	; 0x9444 <atoi+0x8>
    944a:	29 30       	cpi	r18, 0x09	; 9
    944c:	10 f0       	brcs	.+4      	; 0x9452 <atoi+0x16>
    944e:	2e 30       	cpi	r18, 0x0E	; 14
    9450:	c8 f3       	brcs	.-14     	; 0x9444 <atoi+0x8>
    9452:	2b 32       	cpi	r18, 0x2B	; 43
    9454:	39 f0       	breq	.+14     	; 0x9464 <atoi+0x28>
    9456:	2d 32       	cpi	r18, 0x2D	; 45
    9458:	31 f4       	brne	.+12     	; 0x9466 <atoi+0x2a>
    945a:	68 94       	set
    945c:	03 c0       	rjmp	.+6      	; 0x9464 <atoi+0x28>
    945e:	3d d1       	rcall	.+634    	; 0x96da <__mulhi_const_10>
    9460:	82 0f       	add	r24, r18
    9462:	91 1d       	adc	r25, r1
    9464:	21 91       	ld	r18, Z+
    9466:	20 53       	subi	r18, 0x30	; 48
    9468:	2a 30       	cpi	r18, 0x0A	; 10
    946a:	c8 f3       	brcs	.-14     	; 0x945e <atoi+0x22>
    946c:	1e f4       	brtc	.+6      	; 0x9474 <atoi+0x38>
    946e:	90 95       	com	r25
    9470:	81 95       	neg	r24
    9472:	9f 4f       	sbci	r25, 0xFF	; 255
    9474:	08 95       	ret

00009476 <atol>:
    9476:	1f 93       	push	r17
    9478:	fc 01       	movw	r30, r24
    947a:	99 27       	eor	r25, r25
    947c:	88 27       	eor	r24, r24
    947e:	bc 01       	movw	r22, r24
    9480:	e8 94       	clt
    9482:	11 91       	ld	r17, Z+
    9484:	10 32       	cpi	r17, 0x20	; 32
    9486:	e9 f3       	breq	.-6      	; 0x9482 <atol+0xc>
    9488:	19 30       	cpi	r17, 0x09	; 9
    948a:	10 f0       	brcs	.+4      	; 0x9490 <atol+0x1a>
    948c:	1e 30       	cpi	r17, 0x0E	; 14
    948e:	c8 f3       	brcs	.-14     	; 0x9482 <atol+0xc>
    9490:	1b 32       	cpi	r17, 0x2B	; 43
    9492:	49 f0       	breq	.+18     	; 0x94a6 <atol+0x30>
    9494:	1d 32       	cpi	r17, 0x2D	; 45
    9496:	41 f4       	brne	.+16     	; 0x94a8 <atol+0x32>
    9498:	68 94       	set
    949a:	05 c0       	rjmp	.+10     	; 0x94a6 <atol+0x30>
    949c:	09 d1       	rcall	.+530    	; 0x96b0 <__mulsi_const_10>
    949e:	61 0f       	add	r22, r17
    94a0:	71 1d       	adc	r23, r1
    94a2:	81 1d       	adc	r24, r1
    94a4:	91 1d       	adc	r25, r1
    94a6:	11 91       	ld	r17, Z+
    94a8:	10 53       	subi	r17, 0x30	; 48
    94aa:	1a 30       	cpi	r17, 0x0A	; 10
    94ac:	b8 f3       	brcs	.-18     	; 0x949c <atol+0x26>
    94ae:	3e f4       	brtc	.+14     	; 0x94be <atol+0x48>
    94b0:	90 95       	com	r25
    94b2:	80 95       	com	r24
    94b4:	70 95       	com	r23
    94b6:	61 95       	neg	r22
    94b8:	7f 4f       	sbci	r23, 0xFF	; 255
    94ba:	8f 4f       	sbci	r24, 0xFF	; 255
    94bc:	9f 4f       	sbci	r25, 0xFF	; 255
    94be:	1f 91       	pop	r17
    94c0:	08 95       	ret

000094c2 <__ftoa_engine>:
    94c2:	28 30       	cpi	r18, 0x08	; 8
    94c4:	08 f0       	brcs	.+2      	; 0x94c8 <__ftoa_engine+0x6>
    94c6:	27 e0       	ldi	r18, 0x07	; 7
    94c8:	33 27       	eor	r19, r19
    94ca:	da 01       	movw	r26, r20
    94cc:	99 0f       	add	r25, r25
    94ce:	31 1d       	adc	r19, r1
    94d0:	87 fd       	sbrc	r24, 7
    94d2:	91 60       	ori	r25, 0x01	; 1
    94d4:	00 96       	adiw	r24, 0x00	; 0
    94d6:	61 05       	cpc	r22, r1
    94d8:	71 05       	cpc	r23, r1
    94da:	39 f4       	brne	.+14     	; 0x94ea <__ftoa_engine+0x28>
    94dc:	32 60       	ori	r19, 0x02	; 2
    94de:	2e 5f       	subi	r18, 0xFE	; 254
    94e0:	3d 93       	st	X+, r19
    94e2:	30 e3       	ldi	r19, 0x30	; 48
    94e4:	2a 95       	dec	r18
    94e6:	e1 f7       	brne	.-8      	; 0x94e0 <__ftoa_engine+0x1e>
    94e8:	08 95       	ret
    94ea:	9f 3f       	cpi	r25, 0xFF	; 255
    94ec:	30 f0       	brcs	.+12     	; 0x94fa <__ftoa_engine+0x38>
    94ee:	80 38       	cpi	r24, 0x80	; 128
    94f0:	71 05       	cpc	r23, r1
    94f2:	61 05       	cpc	r22, r1
    94f4:	09 f0       	breq	.+2      	; 0x94f8 <__ftoa_engine+0x36>
    94f6:	3c 5f       	subi	r19, 0xFC	; 252
    94f8:	3c 5f       	subi	r19, 0xFC	; 252
    94fa:	3d 93       	st	X+, r19
    94fc:	91 30       	cpi	r25, 0x01	; 1
    94fe:	08 f0       	brcs	.+2      	; 0x9502 <__ftoa_engine+0x40>
    9500:	80 68       	ori	r24, 0x80	; 128
    9502:	91 1d       	adc	r25, r1
    9504:	df 93       	push	r29
    9506:	cf 93       	push	r28
    9508:	1f 93       	push	r17
    950a:	0f 93       	push	r16
    950c:	ff 92       	push	r15
    950e:	ef 92       	push	r14
    9510:	19 2f       	mov	r17, r25
    9512:	98 7f       	andi	r25, 0xF8	; 248
    9514:	96 95       	lsr	r25
    9516:	e9 2f       	mov	r30, r25
    9518:	96 95       	lsr	r25
    951a:	96 95       	lsr	r25
    951c:	e9 0f       	add	r30, r25
    951e:	ff 27       	eor	r31, r31
    9520:	ea 56       	subi	r30, 0x6A	; 106
    9522:	fe 4f       	sbci	r31, 0xFE	; 254
    9524:	99 27       	eor	r25, r25
    9526:	33 27       	eor	r19, r19
    9528:	ee 24       	eor	r14, r14
    952a:	ff 24       	eor	r15, r15
    952c:	a7 01       	movw	r20, r14
    952e:	e7 01       	movw	r28, r14
    9530:	05 90       	lpm	r0, Z+
    9532:	08 94       	sec
    9534:	07 94       	ror	r0
    9536:	28 f4       	brcc	.+10     	; 0x9542 <__ftoa_engine+0x80>
    9538:	36 0f       	add	r19, r22
    953a:	e7 1e       	adc	r14, r23
    953c:	f8 1e       	adc	r15, r24
    953e:	49 1f       	adc	r20, r25
    9540:	51 1d       	adc	r21, r1
    9542:	66 0f       	add	r22, r22
    9544:	77 1f       	adc	r23, r23
    9546:	88 1f       	adc	r24, r24
    9548:	99 1f       	adc	r25, r25
    954a:	06 94       	lsr	r0
    954c:	a1 f7       	brne	.-24     	; 0x9536 <__ftoa_engine+0x74>
    954e:	05 90       	lpm	r0, Z+
    9550:	07 94       	ror	r0
    9552:	28 f4       	brcc	.+10     	; 0x955e <__ftoa_engine+0x9c>
    9554:	e7 0e       	add	r14, r23
    9556:	f8 1e       	adc	r15, r24
    9558:	49 1f       	adc	r20, r25
    955a:	56 1f       	adc	r21, r22
    955c:	c1 1d       	adc	r28, r1
    955e:	77 0f       	add	r23, r23
    9560:	88 1f       	adc	r24, r24
    9562:	99 1f       	adc	r25, r25
    9564:	66 1f       	adc	r22, r22
    9566:	06 94       	lsr	r0
    9568:	a1 f7       	brne	.-24     	; 0x9552 <__ftoa_engine+0x90>
    956a:	05 90       	lpm	r0, Z+
    956c:	07 94       	ror	r0
    956e:	28 f4       	brcc	.+10     	; 0x957a <__ftoa_engine+0xb8>
    9570:	f8 0e       	add	r15, r24
    9572:	49 1f       	adc	r20, r25
    9574:	56 1f       	adc	r21, r22
    9576:	c7 1f       	adc	r28, r23
    9578:	d1 1d       	adc	r29, r1
    957a:	88 0f       	add	r24, r24
    957c:	99 1f       	adc	r25, r25
    957e:	66 1f       	adc	r22, r22
    9580:	77 1f       	adc	r23, r23
    9582:	06 94       	lsr	r0
    9584:	a1 f7       	brne	.-24     	; 0x956e <__ftoa_engine+0xac>
    9586:	05 90       	lpm	r0, Z+
    9588:	07 94       	ror	r0
    958a:	20 f4       	brcc	.+8      	; 0x9594 <__ftoa_engine+0xd2>
    958c:	49 0f       	add	r20, r25
    958e:	56 1f       	adc	r21, r22
    9590:	c7 1f       	adc	r28, r23
    9592:	d8 1f       	adc	r29, r24
    9594:	99 0f       	add	r25, r25
    9596:	66 1f       	adc	r22, r22
    9598:	77 1f       	adc	r23, r23
    959a:	88 1f       	adc	r24, r24
    959c:	06 94       	lsr	r0
    959e:	a9 f7       	brne	.-22     	; 0x958a <__ftoa_engine+0xc8>
    95a0:	84 91       	lpm	r24, Z
    95a2:	10 95       	com	r17
    95a4:	17 70       	andi	r17, 0x07	; 7
    95a6:	41 f0       	breq	.+16     	; 0x95b8 <__ftoa_engine+0xf6>
    95a8:	d6 95       	lsr	r29
    95aa:	c7 95       	ror	r28
    95ac:	57 95       	ror	r21
    95ae:	47 95       	ror	r20
    95b0:	f7 94       	ror	r15
    95b2:	e7 94       	ror	r14
    95b4:	1a 95       	dec	r17
    95b6:	c1 f7       	brne	.-16     	; 0x95a8 <__ftoa_engine+0xe6>
    95b8:	ec e3       	ldi	r30, 0x3C	; 60
    95ba:	f1 e0       	ldi	r31, 0x01	; 1
    95bc:	68 94       	set
    95be:	15 90       	lpm	r1, Z+
    95c0:	15 91       	lpm	r17, Z+
    95c2:	35 91       	lpm	r19, Z+
    95c4:	65 91       	lpm	r22, Z+
    95c6:	95 91       	lpm	r25, Z+
    95c8:	05 90       	lpm	r0, Z+
    95ca:	7f e2       	ldi	r23, 0x2F	; 47
    95cc:	73 95       	inc	r23
    95ce:	e1 18       	sub	r14, r1
    95d0:	f1 0a       	sbc	r15, r17
    95d2:	43 0b       	sbc	r20, r19
    95d4:	56 0b       	sbc	r21, r22
    95d6:	c9 0b       	sbc	r28, r25
    95d8:	d0 09       	sbc	r29, r0
    95da:	c0 f7       	brcc	.-16     	; 0x95cc <__ftoa_engine+0x10a>
    95dc:	e1 0c       	add	r14, r1
    95de:	f1 1e       	adc	r15, r17
    95e0:	43 1f       	adc	r20, r19
    95e2:	56 1f       	adc	r21, r22
    95e4:	c9 1f       	adc	r28, r25
    95e6:	d0 1d       	adc	r29, r0
    95e8:	7e f4       	brtc	.+30     	; 0x9608 <__ftoa_engine+0x146>
    95ea:	70 33       	cpi	r23, 0x30	; 48
    95ec:	11 f4       	brne	.+4      	; 0x95f2 <__ftoa_engine+0x130>
    95ee:	8a 95       	dec	r24
    95f0:	e6 cf       	rjmp	.-52     	; 0x95be <__ftoa_engine+0xfc>
    95f2:	e8 94       	clt
    95f4:	01 50       	subi	r16, 0x01	; 1
    95f6:	30 f0       	brcs	.+12     	; 0x9604 <__ftoa_engine+0x142>
    95f8:	08 0f       	add	r16, r24
    95fa:	0a f4       	brpl	.+2      	; 0x95fe <__ftoa_engine+0x13c>
    95fc:	00 27       	eor	r16, r16
    95fe:	02 17       	cp	r16, r18
    9600:	08 f4       	brcc	.+2      	; 0x9604 <__ftoa_engine+0x142>
    9602:	20 2f       	mov	r18, r16
    9604:	23 95       	inc	r18
    9606:	02 2f       	mov	r16, r18
    9608:	7a 33       	cpi	r23, 0x3A	; 58
    960a:	28 f0       	brcs	.+10     	; 0x9616 <__ftoa_engine+0x154>
    960c:	79 e3       	ldi	r23, 0x39	; 57
    960e:	7d 93       	st	X+, r23
    9610:	2a 95       	dec	r18
    9612:	e9 f7       	brne	.-6      	; 0x960e <__ftoa_engine+0x14c>
    9614:	10 c0       	rjmp	.+32     	; 0x9636 <__ftoa_engine+0x174>
    9616:	7d 93       	st	X+, r23
    9618:	2a 95       	dec	r18
    961a:	89 f6       	brne	.-94     	; 0x95be <__ftoa_engine+0xfc>
    961c:	06 94       	lsr	r0
    961e:	97 95       	ror	r25
    9620:	67 95       	ror	r22
    9622:	37 95       	ror	r19
    9624:	17 95       	ror	r17
    9626:	17 94       	ror	r1
    9628:	e1 18       	sub	r14, r1
    962a:	f1 0a       	sbc	r15, r17
    962c:	43 0b       	sbc	r20, r19
    962e:	56 0b       	sbc	r21, r22
    9630:	c9 0b       	sbc	r28, r25
    9632:	d0 09       	sbc	r29, r0
    9634:	98 f0       	brcs	.+38     	; 0x965c <__ftoa_engine+0x19a>
    9636:	23 95       	inc	r18
    9638:	7e 91       	ld	r23, -X
    963a:	73 95       	inc	r23
    963c:	7a 33       	cpi	r23, 0x3A	; 58
    963e:	08 f0       	brcs	.+2      	; 0x9642 <__ftoa_engine+0x180>
    9640:	70 e3       	ldi	r23, 0x30	; 48
    9642:	7c 93       	st	X, r23
    9644:	20 13       	cpse	r18, r16
    9646:	b8 f7       	brcc	.-18     	; 0x9636 <__ftoa_engine+0x174>
    9648:	7e 91       	ld	r23, -X
    964a:	70 61       	ori	r23, 0x10	; 16
    964c:	7d 93       	st	X+, r23
    964e:	30 f0       	brcs	.+12     	; 0x965c <__ftoa_engine+0x19a>
    9650:	83 95       	inc	r24
    9652:	71 e3       	ldi	r23, 0x31	; 49
    9654:	7d 93       	st	X+, r23
    9656:	70 e3       	ldi	r23, 0x30	; 48
    9658:	2a 95       	dec	r18
    965a:	e1 f7       	brne	.-8      	; 0x9654 <__ftoa_engine+0x192>
    965c:	11 24       	eor	r1, r1
    965e:	ef 90       	pop	r14
    9660:	ff 90       	pop	r15
    9662:	0f 91       	pop	r16
    9664:	1f 91       	pop	r17
    9666:	cf 91       	pop	r28
    9668:	df 91       	pop	r29
    966a:	99 27       	eor	r25, r25
    966c:	87 fd       	sbrc	r24, 7
    966e:	90 95       	com	r25
    9670:	08 95       	ret

00009672 <strcpy_P>:
    9672:	fb 01       	movw	r30, r22
    9674:	dc 01       	movw	r26, r24
    9676:	05 90       	lpm	r0, Z+
    9678:	0d 92       	st	X+, r0
    967a:	00 20       	and	r0, r0
    967c:	e1 f7       	brne	.-8      	; 0x9676 <strcpy_P+0x4>
    967e:	08 95       	ret

00009680 <__itoa_ncheck>:
    9680:	bb 27       	eor	r27, r27
    9682:	4a 30       	cpi	r20, 0x0A	; 10
    9684:	31 f4       	brne	.+12     	; 0x9692 <__itoa_ncheck+0x12>
    9686:	99 23       	and	r25, r25
    9688:	22 f4       	brpl	.+8      	; 0x9692 <__itoa_ncheck+0x12>
    968a:	bd e2       	ldi	r27, 0x2D	; 45
    968c:	90 95       	com	r25
    968e:	81 95       	neg	r24
    9690:	9f 4f       	sbci	r25, 0xFF	; 255
    9692:	4d c0       	rjmp	.+154    	; 0x972e <__utoa_common>

00009694 <__ltoa_ncheck>:
    9694:	bb 27       	eor	r27, r27
    9696:	2a 30       	cpi	r18, 0x0A	; 10
    9698:	51 f4       	brne	.+20     	; 0x96ae <__ltoa_ncheck+0x1a>
    969a:	99 23       	and	r25, r25
    969c:	42 f4       	brpl	.+16     	; 0x96ae <__ltoa_ncheck+0x1a>
    969e:	bd e2       	ldi	r27, 0x2D	; 45
    96a0:	90 95       	com	r25
    96a2:	80 95       	com	r24
    96a4:	70 95       	com	r23
    96a6:	61 95       	neg	r22
    96a8:	7f 4f       	sbci	r23, 0xFF	; 255
    96aa:	8f 4f       	sbci	r24, 0xFF	; 255
    96ac:	9f 4f       	sbci	r25, 0xFF	; 255
    96ae:	1e c0       	rjmp	.+60     	; 0x96ec <__ultoa_common>

000096b0 <__mulsi_const_10>:
    96b0:	59 2f       	mov	r21, r25
    96b2:	48 2f       	mov	r20, r24
    96b4:	37 2f       	mov	r19, r23
    96b6:	26 2f       	mov	r18, r22
    96b8:	66 0f       	add	r22, r22
    96ba:	77 1f       	adc	r23, r23
    96bc:	88 1f       	adc	r24, r24
    96be:	99 1f       	adc	r25, r25
    96c0:	66 0f       	add	r22, r22
    96c2:	77 1f       	adc	r23, r23
    96c4:	88 1f       	adc	r24, r24
    96c6:	99 1f       	adc	r25, r25
    96c8:	62 0f       	add	r22, r18
    96ca:	73 1f       	adc	r23, r19
    96cc:	84 1f       	adc	r24, r20
    96ce:	95 1f       	adc	r25, r21
    96d0:	66 0f       	add	r22, r22
    96d2:	77 1f       	adc	r23, r23
    96d4:	88 1f       	adc	r24, r24
    96d6:	99 1f       	adc	r25, r25
    96d8:	08 95       	ret

000096da <__mulhi_const_10>:
    96da:	7a e0       	ldi	r23, 0x0A	; 10
    96dc:	97 9f       	mul	r25, r23
    96de:	90 2d       	mov	r25, r0
    96e0:	87 9f       	mul	r24, r23
    96e2:	80 2d       	mov	r24, r0
    96e4:	91 0d       	add	r25, r1
    96e6:	11 24       	eor	r1, r1
    96e8:	08 95       	ret

000096ea <__ultoa_ncheck>:
    96ea:	bb 27       	eor	r27, r27

000096ec <__ultoa_common>:
    96ec:	fa 01       	movw	r30, r20
    96ee:	a6 2f       	mov	r26, r22
    96f0:	62 17       	cp	r22, r18
    96f2:	71 05       	cpc	r23, r1
    96f4:	81 05       	cpc	r24, r1
    96f6:	91 05       	cpc	r25, r1
    96f8:	33 0b       	sbc	r19, r19
    96fa:	30 fb       	bst	r19, 0
    96fc:	66 f0       	brts	.+24     	; 0x9716 <__ultoa_common+0x2a>
    96fe:	aa 27       	eor	r26, r26
    9700:	66 0f       	add	r22, r22
    9702:	77 1f       	adc	r23, r23
    9704:	88 1f       	adc	r24, r24
    9706:	99 1f       	adc	r25, r25
    9708:	aa 1f       	adc	r26, r26
    970a:	a2 17       	cp	r26, r18
    970c:	10 f0       	brcs	.+4      	; 0x9712 <__ultoa_common+0x26>
    970e:	a2 1b       	sub	r26, r18
    9710:	63 95       	inc	r22
    9712:	38 50       	subi	r19, 0x08	; 8
    9714:	a9 f7       	brne	.-22     	; 0x9700 <__ultoa_common+0x14>
    9716:	a0 5d       	subi	r26, 0xD0	; 208
    9718:	aa 33       	cpi	r26, 0x3A	; 58
    971a:	08 f0       	brcs	.+2      	; 0x971e <__ultoa_common+0x32>
    971c:	a9 5d       	subi	r26, 0xD9	; 217
    971e:	a1 93       	st	Z+, r26
    9720:	36 f7       	brtc	.-52     	; 0x96ee <__ultoa_common+0x2>
    9722:	b1 11       	cpse	r27, r1
    9724:	b1 93       	st	Z+, r27
    9726:	10 82       	st	Z, r1
    9728:	ca 01       	movw	r24, r20
    972a:	8c c1       	rjmp	.+792    	; 0x9a44 <strrev>

0000972c <__utoa_ncheck>:
    972c:	bb 27       	eor	r27, r27

0000972e <__utoa_common>:
    972e:	fb 01       	movw	r30, r22
    9730:	55 27       	eor	r21, r21
    9732:	aa 27       	eor	r26, r26
    9734:	88 0f       	add	r24, r24
    9736:	99 1f       	adc	r25, r25
    9738:	aa 1f       	adc	r26, r26
    973a:	a4 17       	cp	r26, r20
    973c:	10 f0       	brcs	.+4      	; 0x9742 <__utoa_common+0x14>
    973e:	a4 1b       	sub	r26, r20
    9740:	83 95       	inc	r24
    9742:	50 51       	subi	r21, 0x10	; 16
    9744:	b9 f7       	brne	.-18     	; 0x9734 <__utoa_common+0x6>
    9746:	a0 5d       	subi	r26, 0xD0	; 208
    9748:	aa 33       	cpi	r26, 0x3A	; 58
    974a:	08 f0       	brcs	.+2      	; 0x974e <__utoa_common+0x20>
    974c:	a9 5d       	subi	r26, 0xD9	; 217
    974e:	a1 93       	st	Z+, r26
    9750:	00 97       	sbiw	r24, 0x00	; 0
    9752:	79 f7       	brne	.-34     	; 0x9732 <__utoa_common+0x4>
    9754:	b1 11       	cpse	r27, r1
    9756:	b1 93       	st	Z+, r27
    9758:	11 92       	st	Z+, r1
    975a:	cb 01       	movw	r24, r22
    975c:	73 c1       	rjmp	.+742    	; 0x9a44 <strrev>

0000975e <strtod>:
    975e:	8f 92       	push	r8
    9760:	9f 92       	push	r9
    9762:	af 92       	push	r10
    9764:	bf 92       	push	r11
    9766:	cf 92       	push	r12
    9768:	df 92       	push	r13
    976a:	ef 92       	push	r14
    976c:	ff 92       	push	r15
    976e:	0f 93       	push	r16
    9770:	1f 93       	push	r17
    9772:	cf 93       	push	r28
    9774:	df 93       	push	r29
    9776:	ec 01       	movw	r28, r24
    9778:	6b 01       	movw	r12, r22
    977a:	61 15       	cp	r22, r1
    977c:	71 05       	cpc	r23, r1
    977e:	19 f0       	breq	.+6      	; 0x9786 <strtod+0x28>
    9780:	fb 01       	movw	r30, r22
    9782:	91 83       	std	Z+1, r25	; 0x01
    9784:	80 83       	st	Z, r24
    9786:	7e 01       	movw	r14, r28
    9788:	ff ef       	ldi	r31, 0xFF	; 255
    978a:	ef 1a       	sub	r14, r31
    978c:	ff 0a       	sbc	r15, r31
    978e:	08 81       	ld	r16, Y
    9790:	80 2f       	mov	r24, r16
    9792:	90 e0       	ldi	r25, 0x00	; 0
    9794:	37 d1       	rcall	.+622    	; 0x9a04 <isspace>
    9796:	89 2b       	or	r24, r25
    9798:	11 f0       	breq	.+4      	; 0x979e <strtod+0x40>
    979a:	e7 01       	movw	r28, r14
    979c:	f4 cf       	rjmp	.-24     	; 0x9786 <strtod+0x28>
    979e:	0d 32       	cpi	r16, 0x2D	; 45
    97a0:	39 f4       	brne	.+14     	; 0x97b0 <strtod+0x52>
    97a2:	7e 01       	movw	r14, r28
    97a4:	82 e0       	ldi	r24, 0x02	; 2
    97a6:	e8 0e       	add	r14, r24
    97a8:	f1 1c       	adc	r15, r1
    97aa:	09 81       	ldd	r16, Y+1	; 0x01
    97ac:	11 e0       	ldi	r17, 0x01	; 1
    97ae:	08 c0       	rjmp	.+16     	; 0x97c0 <strtod+0x62>
    97b0:	0b 32       	cpi	r16, 0x2B	; 43
    97b2:	29 f4       	brne	.+10     	; 0x97be <strtod+0x60>
    97b4:	7e 01       	movw	r14, r28
    97b6:	92 e0       	ldi	r25, 0x02	; 2
    97b8:	e9 0e       	add	r14, r25
    97ba:	f1 1c       	adc	r15, r1
    97bc:	09 81       	ldd	r16, Y+1	; 0x01
    97be:	10 e0       	ldi	r17, 0x00	; 0
    97c0:	e7 01       	movw	r28, r14
    97c2:	21 97       	sbiw	r28, 0x01	; 1
    97c4:	43 e0       	ldi	r20, 0x03	; 3
    97c6:	50 e0       	ldi	r21, 0x00	; 0
    97c8:	6e e3       	ldi	r22, 0x3E	; 62
    97ca:	72 e0       	ldi	r23, 0x02	; 2
    97cc:	ce 01       	movw	r24, r28
    97ce:	22 d1       	rcall	.+580    	; 0x9a14 <strncasecmp_P>
    97d0:	89 2b       	or	r24, r25
    97d2:	b9 f4       	brne	.+46     	; 0x9802 <strtod+0xa4>
    97d4:	23 96       	adiw	r28, 0x03	; 3
    97d6:	45 e0       	ldi	r20, 0x05	; 5
    97d8:	50 e0       	ldi	r21, 0x00	; 0
    97da:	69 e3       	ldi	r22, 0x39	; 57
    97dc:	72 e0       	ldi	r23, 0x02	; 2
    97de:	ce 01       	movw	r24, r28
    97e0:	19 d1       	rcall	.+562    	; 0x9a14 <strncasecmp_P>
    97e2:	89 2b       	or	r24, r25
    97e4:	09 f4       	brne	.+2      	; 0x97e8 <strtod+0x8a>
    97e6:	25 96       	adiw	r28, 0x05	; 5
    97e8:	c1 14       	cp	r12, r1
    97ea:	d1 04       	cpc	r13, r1
    97ec:	19 f0       	breq	.+6      	; 0x97f4 <strtod+0x96>
    97ee:	f6 01       	movw	r30, r12
    97f0:	d1 83       	std	Z+1, r29	; 0x01
    97f2:	c0 83       	st	Z, r28
    97f4:	11 11       	cpse	r17, r1
    97f6:	f0 c0       	rjmp	.+480    	; 0x99d8 <strtod+0x27a>
    97f8:	60 e0       	ldi	r22, 0x00	; 0
    97fa:	70 e0       	ldi	r23, 0x00	; 0
    97fc:	80 e8       	ldi	r24, 0x80	; 128
    97fe:	9f e7       	ldi	r25, 0x7F	; 127
    9800:	f4 c0       	rjmp	.+488    	; 0x99ea <strtod+0x28c>
    9802:	43 e0       	ldi	r20, 0x03	; 3
    9804:	50 e0       	ldi	r21, 0x00	; 0
    9806:	66 e3       	ldi	r22, 0x36	; 54
    9808:	72 e0       	ldi	r23, 0x02	; 2
    980a:	ce 01       	movw	r24, r28
    980c:	03 d1       	rcall	.+518    	; 0x9a14 <strncasecmp_P>
    980e:	89 2b       	or	r24, r25
    9810:	59 f4       	brne	.+22     	; 0x9828 <strtod+0xca>
    9812:	c1 14       	cp	r12, r1
    9814:	d1 04       	cpc	r13, r1
    9816:	09 f4       	brne	.+2      	; 0x981a <strtod+0xbc>
    9818:	e4 c0       	rjmp	.+456    	; 0x99e2 <strtod+0x284>
    981a:	f2 e0       	ldi	r31, 0x02	; 2
    981c:	ef 0e       	add	r14, r31
    981e:	f1 1c       	adc	r15, r1
    9820:	f6 01       	movw	r30, r12
    9822:	f1 82       	std	Z+1, r15	; 0x01
    9824:	e0 82       	st	Z, r14
    9826:	dd c0       	rjmp	.+442    	; 0x99e2 <strtod+0x284>
    9828:	20 e0       	ldi	r18, 0x00	; 0
    982a:	30 e0       	ldi	r19, 0x00	; 0
    982c:	a9 01       	movw	r20, r18
    982e:	c0 e0       	ldi	r28, 0x00	; 0
    9830:	d0 e0       	ldi	r29, 0x00	; 0
    9832:	f7 01       	movw	r30, r14
    9834:	60 ed       	ldi	r22, 0xD0	; 208
    9836:	a6 2e       	mov	r10, r22
    9838:	a0 0e       	add	r10, r16
    983a:	89 e0       	ldi	r24, 0x09	; 9
    983c:	8a 15       	cp	r24, r10
    983e:	28 f1       	brcs	.+74     	; 0x988a <strtod+0x12c>
    9840:	91 2f       	mov	r25, r17
    9842:	92 60       	ori	r25, 0x02	; 2
    9844:	b9 2e       	mov	r11, r25
    9846:	81 2f       	mov	r24, r17
    9848:	88 70       	andi	r24, 0x08	; 8
    984a:	12 ff       	sbrs	r17, 2
    984c:	04 c0       	rjmp	.+8      	; 0x9856 <strtod+0xf8>
    984e:	81 11       	cpse	r24, r1
    9850:	23 c0       	rjmp	.+70     	; 0x9898 <strtod+0x13a>
    9852:	21 96       	adiw	r28, 0x01	; 1
    9854:	21 c0       	rjmp	.+66     	; 0x9898 <strtod+0x13a>
    9856:	81 11       	cpse	r24, r1
    9858:	21 97       	sbiw	r28, 0x01	; 1
    985a:	a5 e0       	ldi	r26, 0x05	; 5
    985c:	b0 e0       	ldi	r27, 0x00	; 0
    985e:	34 d1       	rcall	.+616    	; 0x9ac8 <__muluhisi3>
    9860:	dc 01       	movw	r26, r24
    9862:	cb 01       	movw	r24, r22
    9864:	88 0f       	add	r24, r24
    9866:	99 1f       	adc	r25, r25
    9868:	aa 1f       	adc	r26, r26
    986a:	bb 1f       	adc	r27, r27
    986c:	9c 01       	movw	r18, r24
    986e:	ad 01       	movw	r20, r26
    9870:	2a 0d       	add	r18, r10
    9872:	31 1d       	adc	r19, r1
    9874:	41 1d       	adc	r20, r1
    9876:	51 1d       	adc	r21, r1
    9878:	28 39       	cpi	r18, 0x98	; 152
    987a:	89 e9       	ldi	r24, 0x99	; 153
    987c:	38 07       	cpc	r19, r24
    987e:	48 07       	cpc	r20, r24
    9880:	89 e1       	ldi	r24, 0x19	; 25
    9882:	58 07       	cpc	r21, r24
    9884:	48 f0       	brcs	.+18     	; 0x9898 <strtod+0x13a>
    9886:	16 60       	ori	r17, 0x06	; 6
    9888:	06 c0       	rjmp	.+12     	; 0x9896 <strtod+0x138>
    988a:	9e ef       	ldi	r25, 0xFE	; 254
    988c:	a9 12       	cpse	r10, r25
    988e:	0a c0       	rjmp	.+20     	; 0x98a4 <strtod+0x146>
    9890:	13 fd       	sbrc	r17, 3
    9892:	40 c0       	rjmp	.+128    	; 0x9914 <strtod+0x1b6>
    9894:	18 60       	ori	r17, 0x08	; 8
    9896:	b1 2e       	mov	r11, r17
    9898:	8f ef       	ldi	r24, 0xFF	; 255
    989a:	e8 1a       	sub	r14, r24
    989c:	f8 0a       	sbc	r15, r24
    989e:	00 81       	ld	r16, Z
    98a0:	1b 2d       	mov	r17, r11
    98a2:	c7 cf       	rjmp	.-114    	; 0x9832 <strtod+0xd4>
    98a4:	80 2f       	mov	r24, r16
    98a6:	8f 7d       	andi	r24, 0xDF	; 223
    98a8:	85 34       	cpi	r24, 0x45	; 69
    98aa:	a1 f5       	brne	.+104    	; 0x9914 <strtod+0x1b6>
    98ac:	80 81       	ld	r24, Z
    98ae:	8d 32       	cpi	r24, 0x2D	; 45
    98b0:	11 f4       	brne	.+4      	; 0x98b6 <strtod+0x158>
    98b2:	10 61       	ori	r17, 0x10	; 16
    98b4:	06 c0       	rjmp	.+12     	; 0x98c2 <strtod+0x164>
    98b6:	8b 32       	cpi	r24, 0x2B	; 43
    98b8:	21 f0       	breq	.+8      	; 0x98c2 <strtod+0x164>
    98ba:	31 96       	adiw	r30, 0x01	; 1
    98bc:	61 e0       	ldi	r22, 0x01	; 1
    98be:	70 e0       	ldi	r23, 0x00	; 0
    98c0:	04 c0       	rjmp	.+8      	; 0x98ca <strtod+0x16c>
    98c2:	81 81       	ldd	r24, Z+1	; 0x01
    98c4:	32 96       	adiw	r30, 0x02	; 2
    98c6:	62 e0       	ldi	r22, 0x02	; 2
    98c8:	70 e0       	ldi	r23, 0x00	; 0
    98ca:	80 53       	subi	r24, 0x30	; 48
    98cc:	8a 30       	cpi	r24, 0x0A	; 10
    98ce:	18 f0       	brcs	.+6      	; 0x98d6 <strtod+0x178>
    98d0:	e6 1b       	sub	r30, r22
    98d2:	f7 0b       	sbc	r31, r23
    98d4:	1f c0       	rjmp	.+62     	; 0x9914 <strtod+0x1b6>
    98d6:	60 e0       	ldi	r22, 0x00	; 0
    98d8:	70 e0       	ldi	r23, 0x00	; 0
    98da:	60 38       	cpi	r22, 0x80	; 128
    98dc:	9c e0       	ldi	r25, 0x0C	; 12
    98de:	79 07       	cpc	r23, r25
    98e0:	5c f4       	brge	.+22     	; 0x98f8 <strtod+0x19a>
    98e2:	db 01       	movw	r26, r22
    98e4:	aa 0f       	add	r26, r26
    98e6:	bb 1f       	adc	r27, r27
    98e8:	aa 0f       	add	r26, r26
    98ea:	bb 1f       	adc	r27, r27
    98ec:	6a 0f       	add	r22, r26
    98ee:	7b 1f       	adc	r23, r27
    98f0:	66 0f       	add	r22, r22
    98f2:	77 1f       	adc	r23, r23
    98f4:	68 0f       	add	r22, r24
    98f6:	71 1d       	adc	r23, r1
    98f8:	31 96       	adiw	r30, 0x01	; 1
    98fa:	df 01       	movw	r26, r30
    98fc:	11 97       	sbiw	r26, 0x01	; 1
    98fe:	8c 91       	ld	r24, X
    9900:	80 53       	subi	r24, 0x30	; 48
    9902:	8a 30       	cpi	r24, 0x0A	; 10
    9904:	50 f3       	brcs	.-44     	; 0x98da <strtod+0x17c>
    9906:	14 ff       	sbrs	r17, 4
    9908:	03 c0       	rjmp	.+6      	; 0x9910 <strtod+0x1b2>
    990a:	71 95       	neg	r23
    990c:	61 95       	neg	r22
    990e:	71 09       	sbc	r23, r1
    9910:	c6 0f       	add	r28, r22
    9912:	d7 1f       	adc	r29, r23
    9914:	11 ff       	sbrs	r17, 1
    9916:	08 c0       	rjmp	.+16     	; 0x9928 <strtod+0x1ca>
    9918:	c1 14       	cp	r12, r1
    991a:	d1 04       	cpc	r13, r1
    991c:	29 f0       	breq	.+10     	; 0x9928 <strtod+0x1ca>
    991e:	cf 01       	movw	r24, r30
    9920:	01 97       	sbiw	r24, 0x01	; 1
    9922:	f6 01       	movw	r30, r12
    9924:	91 83       	std	Z+1, r25	; 0x01
    9926:	80 83       	st	Z, r24
    9928:	ca 01       	movw	r24, r20
    992a:	b9 01       	movw	r22, r18
    992c:	73 da       	rcall	.-2842   	; 0x8e14 <__floatunsisf>
    992e:	21 2f       	mov	r18, r17
    9930:	23 70       	andi	r18, 0x03	; 3
    9932:	23 30       	cpi	r18, 0x03	; 3
    9934:	19 f0       	breq	.+6      	; 0x993c <strtod+0x1de>
    9936:	4b 01       	movw	r8, r22
    9938:	5c 01       	movw	r10, r24
    993a:	06 c0       	rjmp	.+12     	; 0x9948 <strtod+0x1ea>
    993c:	4b 01       	movw	r8, r22
    993e:	5c 01       	movw	r10, r24
    9940:	b7 fa       	bst	r11, 7
    9942:	b0 94       	com	r11
    9944:	b7 f8       	bld	r11, 7
    9946:	b0 94       	com	r11
    9948:	20 e0       	ldi	r18, 0x00	; 0
    994a:	30 e0       	ldi	r19, 0x00	; 0
    994c:	a9 01       	movw	r20, r18
    994e:	c5 01       	movw	r24, r10
    9950:	b4 01       	movw	r22, r8
    9952:	92 d9       	rcall	.-3292   	; 0x8c78 <__cmpsf2>
    9954:	88 23       	and	r24, r24
    9956:	09 f4       	brne	.+2      	; 0x995a <strtod+0x1fc>
    9958:	3c c0       	rjmp	.+120    	; 0x99d2 <strtod+0x274>
    995a:	d7 ff       	sbrs	r29, 7
    995c:	06 c0       	rjmp	.+12     	; 0x996a <strtod+0x20c>
    995e:	d1 95       	neg	r29
    9960:	c1 95       	neg	r28
    9962:	d1 09       	sbc	r29, r1
    9964:	05 e5       	ldi	r16, 0x55	; 85
    9966:	12 e0       	ldi	r17, 0x02	; 2
    9968:	02 c0       	rjmp	.+4      	; 0x996e <strtod+0x210>
    996a:	0d e6       	ldi	r16, 0x6D	; 109
    996c:	12 e0       	ldi	r17, 0x02	; 2
    996e:	68 01       	movw	r12, r16
    9970:	f8 e1       	ldi	r31, 0x18	; 24
    9972:	cf 1a       	sub	r12, r31
    9974:	d1 08       	sbc	r13, r1
    9976:	90 e2       	ldi	r25, 0x20	; 32
    9978:	e9 2e       	mov	r14, r25
    997a:	f1 2c       	mov	r15, r1
    997c:	ce 15       	cp	r28, r14
    997e:	df 05       	cpc	r29, r15
    9980:	6c f0       	brlt	.+26     	; 0x999c <strtod+0x23e>
    9982:	f8 01       	movw	r30, r16
    9984:	25 91       	lpm	r18, Z+
    9986:	35 91       	lpm	r19, Z+
    9988:	45 91       	lpm	r20, Z+
    998a:	54 91       	lpm	r21, Z
    998c:	c5 01       	movw	r24, r10
    998e:	b4 01       	movw	r22, r8
    9990:	d1 db       	rcall	.-2142   	; 0x9134 <__mulsf3>
    9992:	4b 01       	movw	r8, r22
    9994:	5c 01       	movw	r10, r24
    9996:	ce 19       	sub	r28, r14
    9998:	df 09       	sbc	r29, r15
    999a:	f0 cf       	rjmp	.-32     	; 0x997c <strtod+0x21e>
    999c:	04 50       	subi	r16, 0x04	; 4
    999e:	11 09       	sbc	r17, r1
    99a0:	f5 94       	asr	r15
    99a2:	e7 94       	ror	r14
    99a4:	0c 15       	cp	r16, r12
    99a6:	1d 05       	cpc	r17, r13
    99a8:	49 f7       	brne	.-46     	; 0x997c <strtod+0x21e>
    99aa:	8a 2d       	mov	r24, r10
    99ac:	88 0f       	add	r24, r24
    99ae:	8b 2d       	mov	r24, r11
    99b0:	88 1f       	adc	r24, r24
    99b2:	8f 3f       	cpi	r24, 0xFF	; 255
    99b4:	41 f0       	breq	.+16     	; 0x99c6 <strtod+0x268>
    99b6:	20 e0       	ldi	r18, 0x00	; 0
    99b8:	30 e0       	ldi	r19, 0x00	; 0
    99ba:	a9 01       	movw	r20, r18
    99bc:	c5 01       	movw	r24, r10
    99be:	b4 01       	movw	r22, r8
    99c0:	5b d9       	rcall	.-3402   	; 0x8c78 <__cmpsf2>
    99c2:	81 11       	cpse	r24, r1
    99c4:	06 c0       	rjmp	.+12     	; 0x99d2 <strtod+0x274>
    99c6:	82 e2       	ldi	r24, 0x22	; 34
    99c8:	90 e0       	ldi	r25, 0x00	; 0
    99ca:	90 93 82 15 	sts	0x1582, r25	; 0x801582 <errno+0x1>
    99ce:	80 93 81 15 	sts	0x1581, r24	; 0x801581 <errno>
    99d2:	c5 01       	movw	r24, r10
    99d4:	b4 01       	movw	r22, r8
    99d6:	09 c0       	rjmp	.+18     	; 0x99ea <strtod+0x28c>
    99d8:	60 e0       	ldi	r22, 0x00	; 0
    99da:	70 e0       	ldi	r23, 0x00	; 0
    99dc:	80 e8       	ldi	r24, 0x80	; 128
    99de:	9f ef       	ldi	r25, 0xFF	; 255
    99e0:	04 c0       	rjmp	.+8      	; 0x99ea <strtod+0x28c>
    99e2:	60 e0       	ldi	r22, 0x00	; 0
    99e4:	70 e0       	ldi	r23, 0x00	; 0
    99e6:	80 ec       	ldi	r24, 0xC0	; 192
    99e8:	9f e7       	ldi	r25, 0x7F	; 127
    99ea:	df 91       	pop	r29
    99ec:	cf 91       	pop	r28
    99ee:	1f 91       	pop	r17
    99f0:	0f 91       	pop	r16
    99f2:	ff 90       	pop	r15
    99f4:	ef 90       	pop	r14
    99f6:	df 90       	pop	r13
    99f8:	cf 90       	pop	r12
    99fa:	bf 90       	pop	r11
    99fc:	af 90       	pop	r10
    99fe:	9f 90       	pop	r9
    9a00:	8f 90       	pop	r8
    9a02:	08 95       	ret

00009a04 <isspace>:
    9a04:	91 11       	cpse	r25, r1
    9a06:	2e c0       	rjmp	.+92     	; 0x9a64 <__ctype_isfalse>
    9a08:	80 32       	cpi	r24, 0x20	; 32
    9a0a:	19 f0       	breq	.+6      	; 0x9a12 <isspace+0xe>
    9a0c:	89 50       	subi	r24, 0x09	; 9
    9a0e:	85 50       	subi	r24, 0x05	; 5
    9a10:	d0 f7       	brcc	.-12     	; 0x9a06 <isspace+0x2>
    9a12:	08 95       	ret

00009a14 <strncasecmp_P>:
    9a14:	fb 01       	movw	r30, r22
    9a16:	dc 01       	movw	r26, r24
    9a18:	41 50       	subi	r20, 0x01	; 1
    9a1a:	50 40       	sbci	r21, 0x00	; 0
    9a1c:	88 f0       	brcs	.+34     	; 0x9a40 <strncasecmp_P+0x2c>
    9a1e:	8d 91       	ld	r24, X+
    9a20:	81 34       	cpi	r24, 0x41	; 65
    9a22:	1c f0       	brlt	.+6      	; 0x9a2a <strncasecmp_P+0x16>
    9a24:	8b 35       	cpi	r24, 0x5B	; 91
    9a26:	0c f4       	brge	.+2      	; 0x9a2a <strncasecmp_P+0x16>
    9a28:	80 5e       	subi	r24, 0xE0	; 224
    9a2a:	65 91       	lpm	r22, Z+
    9a2c:	61 34       	cpi	r22, 0x41	; 65
    9a2e:	1c f0       	brlt	.+6      	; 0x9a36 <strncasecmp_P+0x22>
    9a30:	6b 35       	cpi	r22, 0x5B	; 91
    9a32:	0c f4       	brge	.+2      	; 0x9a36 <strncasecmp_P+0x22>
    9a34:	60 5e       	subi	r22, 0xE0	; 224
    9a36:	86 1b       	sub	r24, r22
    9a38:	61 11       	cpse	r22, r1
    9a3a:	71 f3       	breq	.-36     	; 0x9a18 <strncasecmp_P+0x4>
    9a3c:	99 0b       	sbc	r25, r25
    9a3e:	08 95       	ret
    9a40:	88 1b       	sub	r24, r24
    9a42:	fc cf       	rjmp	.-8      	; 0x9a3c <strncasecmp_P+0x28>

00009a44 <strrev>:
    9a44:	dc 01       	movw	r26, r24
    9a46:	fc 01       	movw	r30, r24
    9a48:	67 2f       	mov	r22, r23
    9a4a:	71 91       	ld	r23, Z+
    9a4c:	77 23       	and	r23, r23
    9a4e:	e1 f7       	brne	.-8      	; 0x9a48 <strrev+0x4>
    9a50:	32 97       	sbiw	r30, 0x02	; 2
    9a52:	04 c0       	rjmp	.+8      	; 0x9a5c <strrev+0x18>
    9a54:	7c 91       	ld	r23, X
    9a56:	6d 93       	st	X+, r22
    9a58:	70 83       	st	Z, r23
    9a5a:	62 91       	ld	r22, -Z
    9a5c:	ae 17       	cp	r26, r30
    9a5e:	bf 07       	cpc	r27, r31
    9a60:	c8 f3       	brcs	.-14     	; 0x9a54 <strrev+0x10>
    9a62:	08 95       	ret

00009a64 <__ctype_isfalse>:
    9a64:	99 27       	eor	r25, r25
    9a66:	88 27       	eor	r24, r24

00009a68 <__ctype_istrue>:
    9a68:	08 95       	ret

00009a6a <eeprom_read_block>:
    9a6a:	dc 01       	movw	r26, r24
    9a6c:	cb 01       	movw	r24, r22

00009a6e <eeprom_read_blraw>:
    9a6e:	fc 01       	movw	r30, r24
    9a70:	f9 99       	sbic	0x1f, 1	; 31
    9a72:	fe cf       	rjmp	.-4      	; 0x9a70 <eeprom_read_blraw+0x2>
    9a74:	06 c0       	rjmp	.+12     	; 0x9a82 <eeprom_read_blraw+0x14>
    9a76:	f2 bd       	out	0x22, r31	; 34
    9a78:	e1 bd       	out	0x21, r30	; 33
    9a7a:	f8 9a       	sbi	0x1f, 0	; 31
    9a7c:	31 96       	adiw	r30, 0x01	; 1
    9a7e:	00 b4       	in	r0, 0x20	; 32
    9a80:	0d 92       	st	X+, r0
    9a82:	41 50       	subi	r20, 0x01	; 1
    9a84:	50 40       	sbci	r21, 0x00	; 0
    9a86:	b8 f7       	brcc	.-18     	; 0x9a76 <eeprom_read_blraw+0x8>
    9a88:	08 95       	ret

00009a8a <eeprom_read_byte>:
    9a8a:	f9 99       	sbic	0x1f, 1	; 31
    9a8c:	fe cf       	rjmp	.-4      	; 0x9a8a <eeprom_read_byte>
    9a8e:	92 bd       	out	0x22, r25	; 34
    9a90:	81 bd       	out	0x21, r24	; 33
    9a92:	f8 9a       	sbi	0x1f, 0	; 31
    9a94:	99 27       	eor	r25, r25
    9a96:	80 b5       	in	r24, 0x20	; 32
    9a98:	08 95       	ret

00009a9a <eeprom_write_block>:
    9a9a:	dc 01       	movw	r26, r24
    9a9c:	cb 01       	movw	r24, r22
    9a9e:	02 c0       	rjmp	.+4      	; 0x9aa4 <eeprom_write_block+0xa>
    9aa0:	2d 91       	ld	r18, X+
    9aa2:	05 d0       	rcall	.+10     	; 0x9aae <eeprom_write_r18>
    9aa4:	41 50       	subi	r20, 0x01	; 1
    9aa6:	50 40       	sbci	r21, 0x00	; 0
    9aa8:	d8 f7       	brcc	.-10     	; 0x9aa0 <eeprom_write_block+0x6>
    9aaa:	08 95       	ret

00009aac <eeprom_write_byte>:
    9aac:	26 2f       	mov	r18, r22

00009aae <eeprom_write_r18>:
    9aae:	f9 99       	sbic	0x1f, 1	; 31
    9ab0:	fe cf       	rjmp	.-4      	; 0x9aae <eeprom_write_r18>
    9ab2:	1f ba       	out	0x1f, r1	; 31
    9ab4:	92 bd       	out	0x22, r25	; 34
    9ab6:	81 bd       	out	0x21, r24	; 33
    9ab8:	20 bd       	out	0x20, r18	; 32
    9aba:	0f b6       	in	r0, 0x3f	; 63
    9abc:	f8 94       	cli
    9abe:	fa 9a       	sbi	0x1f, 2	; 31
    9ac0:	f9 9a       	sbi	0x1f, 1	; 31
    9ac2:	0f be       	out	0x3f, r0	; 63
    9ac4:	01 96       	adiw	r24, 0x01	; 1
    9ac6:	08 95       	ret

00009ac8 <__muluhisi3>:
    9ac8:	09 d0       	rcall	.+18     	; 0x9adc <__umulhisi3>
    9aca:	a5 9f       	mul	r26, r21
    9acc:	90 0d       	add	r25, r0
    9ace:	b4 9f       	mul	r27, r20
    9ad0:	90 0d       	add	r25, r0
    9ad2:	a4 9f       	mul	r26, r20
    9ad4:	80 0d       	add	r24, r0
    9ad6:	91 1d       	adc	r25, r1
    9ad8:	11 24       	eor	r1, r1
    9ada:	08 95       	ret

00009adc <__umulhisi3>:
    9adc:	a2 9f       	mul	r26, r18
    9ade:	b0 01       	movw	r22, r0
    9ae0:	b3 9f       	mul	r27, r19
    9ae2:	c0 01       	movw	r24, r0
    9ae4:	a3 9f       	mul	r26, r19
    9ae6:	70 0d       	add	r23, r0
    9ae8:	81 1d       	adc	r24, r1
    9aea:	11 24       	eor	r1, r1
    9aec:	91 1d       	adc	r25, r1
    9aee:	b2 9f       	mul	r27, r18
    9af0:	70 0d       	add	r23, r0
    9af2:	81 1d       	adc	r24, r1
    9af4:	11 24       	eor	r1, r1
    9af6:	91 1d       	adc	r25, r1
    9af8:	08 95       	ret

00009afa <_exit>:
    9afa:	f8 94       	cli

00009afc <__stop_program>:
    9afc:	ff cf       	rjmp	.-2      	; 0x9afc <__stop_program>
