:1000000038C1000055C1000053C1000051C10000BB
:100010004FC100004DC100004BC1000049C10000AC
:1000200047C1000045C1000043C1000041C10000BC
:100030003FC100000C949B333BC1000039C100005C
:1000400037C1000035C1000033C1000031C10000DC
:100050000C94FF322DC100000C94633329C10000C1
:1000600027C1000025C1000023C1000021C10000FC
:100070001FC100001DC100001BC1000019C100000C
:1000800017C1000015C1000013C10000076342360C
:10009000B79BD8A71A39685618AEBAAB558C1D3C19
:1000A000B7CC5763BD6DEDFD753EF6177231BF00DD
:1000B0000000803F08000000BE922449123EABAA17
:1000C000AA2ABECDCCCC4C3E00000080BEABAAAA72
:1000D000AA3E00000000BF000000803F00000000BA
:1000E00000084178D3BB4387D1133D190E3CC3BDF3
:1000F0004282AD2B3E68EC8276BED98FE1A93E4CA0
:1001000080EFFFBE01C4FF7F3F000000000005A894
:100110004CCDB2D44EB93836A9020C50B99186886C
:10012000083CA6AAAA2ABE000000803F696E6600AD
:10013000494E46006E616E004E414E0000407A10FE
:10014000F35A00A0724E18090010A5D4E80000E888
:100150007648170000E40B54020000CA9A3B0000E6
:1001600000E1F505000080969800000040420F0075
:100170000000A08601000000102700000000E80336
:10018000000000006400000000000A000000000001
:100190000100000000002C76D888DC674F0823DFC0
:1001A000C1DFAE59E1B1B796E5E3E453C63AE65193
:1001B000997696E8E6C28426EB898C9B62ED407CBA
:1001C0006FFCEFBC9C9F40F2BAA56FA5F490055A56
:1001D0002AF75C936B6CF9676DC11BFCE0E40D477B
:1001E000FEF520E6B500D0ED902E0300943577059E
:1001F0000080841E080000204E0A000000C80C3356
:100200003333330F986E12831141EF8D2114893BE4
:10021000E65516CFFEE6DB18D1844B381BF77C1D64
:10022000901DA4BBE424203284725E228100C9F1B7
:1002300024ECA1E53D274E414E494E495459494EC3
:1002400046CDCCCC3D0AD7233C17B7D13877CC2B41
:10025000329595E6241FB14F0A000020410000C8E6
:100260004200401C4620BCBE4CCA1B0E5AAEC59D67
:10027000740011241FBECFEFD0E4DEBFCDBF12E06B
:10028000A0E0B1E0E0EBFBE900E00BBF02C00790AB
:100290000D92AA3AB107D9F725E1AAEAB2E001C066
:1002A0001D92AD38B207E1F70E94FB300C94D64D99
:1002B000A7CECF93DF938091ED1480FD0AC090917B
:1002C000BE028091E614891720F48091BE020E943C
:1002D000963F8091431590914415A0914515B0919A
:1002E00046158093BE149093BF14A093C014B0938E
:1002F000C1146091BE147091BF148091C01490918C
:10030000C1140E94C82D8091BF029091C002A8958F
:10031000009749F0EFE9FFE03197F1F700C00000E6
:10032000A8950197F5CFC6E0C15019F10E94B32CF2
:100330008091ED1480FD1DC0D091E614109231150E
:100340001092301510925C150E94A1418091E61424
:10035000D81305C08091E6148093BE020AC0FFEF57
:1003600020E782E0F15020408040E1F700C000002B
:10037000DBCF6091971070919810809199109091B7
:100380009A10DF91CF910895CF93DF938091ED1470
:1003900081FD0AC09091A80A80915D15891720F40B
:1003A0008091A80A0E9494401092BE141092BF142B
:1003B0001092C0141092C1146091BE147091BF14B9
:1003C0008091C0149091C1140E94C82D8091BF02E9
:1003D0009091C002A895009749F0EFE9FFE03197AE
:1003E000F1F700C00000A8950197F5CF00990BC068
:1003F0000E94403DFFEF20E782E0F1502040804026
:10040000E1F700C00000C7E0C15019F10E94322D91
:100410008091ED1481FD1DC0D0915D151092EC14FA
:100420001092EB1410925E150E94E74180915D15C9
:10043000D81305C080915D158093A80A0AC09FEF6C
:10044000E0E7F2E09150E040F040E1F700C000004A
:10045000DBCFDF91CF9108952F923F924F925F9221
:100460006F927F928F929F92AF92BF92CF92DF92C4
:10047000EF92FF920F931F93CF93DF9300D01F92C1
:10048000CDB7DEB72DB73EB73B832A838091B70641
:10049000EDB7FEB722E0829FE019F10911240FB6F3
:1004A000F894FEBF0FBEEDBF8DB79EB701967C01DD
:1004B000D090E614C0905D15409098145090991417
:1004C00060909A1470909B148091B8029091B90238
:1004D00080329E4418F080E69AEE0AC08091B802FD
:1004E0009091B9029C01220F331F820F931FC29675
:1004F0009093C0028093BF026091C2027091C302C8
:100500008091C4029091C5022091C7023091C80227
:100510004091C9025091CA020E949546181684F073
:100520008091C7029091C802A091C902B091CA02FD
:100530008093C2029093C302A093C402B093C502F9
:100540006091C2027091C3028091C4029091C50271
:100550002091C7023091C8024091C9025091CA024D
:100560008090B4029090B502A090B602B090B7020D
:100570000E943046A50194010E9499460E94564966
:100580000E9437476983372E8091ED1480FD2DC07E
:1005900010923115109230156091571470915814C3
:1005A0008091591490915A142091B8063091B9064F
:1005B0004091BA065091BB060E943A4818164CF476
:1005C00060915714709158148091591490915A1455
:1005D00008C06091B8067091B9068091BA069091F2
:1005E000BB060E945A3C0E94963F8091ED1481FF09
:1005F000CBDE6091571470915814809159149091EA
:100600005A140E94C82D1398129811988091BF0215
:100610009091C002A895009749F0EFE9FFE031976B
:10062000F1F700C00000A8950197F5CF2090B7061C
:100630006091B8067091B9068091BA069091BB0698
:100640000E94C82D57018701222071F00E94602965
:10065000F801819391938F012A948981932D0097BA
:1006600099F301970000FBCF2090B7062220D1F02C
:100670002A94022D10E0F801EE0FFF1FEE0DFF1D72
:100680006081718180E090E00E946347000F111F3C
:10069000000F111FF801E355F54F608371838283CA
:1006A0009383E4CF6091571470915814809159143A
:1006B00090915A140E94C82D139A12981198809103
:1006C000BF029091C002A895009749F0EFE9FFE0C2
:1006D0003197F1F700C00000A8950197F5CF109170
:1006E000B7066091B8067091B9068091BA069091EC
:1006F000BB060E94C82D112371F00E946029F501EC
:10070000819391935F0111508981932D009799F303
:1007100001970000FBCFB090B706BB20D1F0BA9490
:100720000B2D10E0F801EE0FFF1FEE0DFF1D608195
:10073000718180E090E00E946347000F111F000F5D
:10074000111FF801E454F94F60837183828393830E
:10075000E4CF80912C148B7F80932C1480912B14E8
:10076000826080932B1460919814709199148091F9
:100770009A1490919B140E94C82D80915D15C81603
:1007800039F01092EC141092EB148C2D0E949440CE
:100790008091E614D81639F0109231151092301568
:1007A0008D2D0E94963FC301B2010E94C82D13985F
:1007B000129811988091BF029091C002A89500975D
:1007C00049F0EFE9FFE03197F1F700C00000A8958C
:1007D0000197F5CF80912B148E7F80932B148091FD
:1007E00032148E7F809332142A813B810FB6F894A5
:1007F0003EBF0FBE2DBF0F900F900F90DF91CF9196
:100800001F910F91FF90EF90DF90CF90BF90AF902E
:100810009F908F907F906F905F904F903F902F9020
:1008200008954F925F926F927F928F929F92AF92B4
:10083000BF92CF92DF92EF92FF92CF93DF93CDB72B
:10084000DEB72C970FB6F894DEBF0FBECDBF698719
:100850007A878B879C8729013A018091C10289831D
:10086000812C912C5401C12CD12C7601A981AA2371
:1008700009F44AC0139812981198AFE8B1E01197A3
:10088000F1F700C000008091B20290E00E94A3291D
:10089000C60ED71EE81EF91E80910314882321F08E
:1008A0008091B302806207C080919210882329F062
:1008B0008091B30280618093B302139A12981198C9
:1008C0008FE891E00197F1F700C000008091B2023B
:1008D00090E00E94A329860E971EA81EB91E809143
:1008E0000314882321F08091B302806807C08091AF
:1008F0009210882329F08091B30280648093B30220
:10090000998191509983B2CF8091C60281FF23C013
:100910001398129811988FE891E00197F1F700C0B1
:1009200000008091B20290E00E94A329C60ED71E5B
:10093000E81EF91E80910314882321F08091ED14A4
:10094000806207C080919210882329F08091ED1475
:1009500080618093ED148091651590916615A0914A
:100960006715B091681589839A83AB83BC838091A6
:10097000141590911515A0911615B09117158D832A
:100980009E83AF83B887C701B6010E94634729855C
:100990003A854B855C850E94F34829813A814B81D9
:1009A0005C810E9431462D813E814F8158850E9495
:1009B000F3486093971070939810809399109093D8
:1009C0009A10C090E114D090E214E090E314F090FB
:1009D000E4148091DD149091DE14A091DF14B091A5
:1009E000E01489839A83AB83BC83C501B4010E9460
:1009F0006347A30192010E94F348A70196010E9458
:100A0000314629813A814B815C810E94F348609391
:100A10004E1270934F128093501290935112609126
:100A20009710709198108091991090919A10209140
:100A3000091530910A1540910B1550910C15C09075
:100A40004E12D0904F12E0905012F09051120E942E
:100A5000F348A70196010E943146609349127093B2
:100A60004A1280934B1290934C122C960FB6F89426
:100A7000DEBF0FBECDBFDF91CF91FF90EF90DF9033
:100A8000CF90BF90AF909F908F907F906F905F902E
:100A90004F9008955F926F927F928F929F92AF9244
:100AA000BF92CF92DF92EF92FF920F931F93CF935B
:100AB000DF93C091B706D0E010E000E0912CC12C8C
:100AC000D12C7601CC2381F1C15084E0C89F9001E4
:100AD0001124F901E355F54F5F0160817181828135
:100AE0009381F901E454F94F20813181428153818E
:100AF0000E94F348562E672E782E892E262F372FE8
:100B0000482F592F6D2F712F802F992D0E949546B8
:100B100087FFD8CFF501C080D180E280F380D52D4A
:100B2000162D072D982CCECFC701B601DF91CF919E
:100B30001F910F91FF90EF90DF90CF90BF90AF90FB
:100B40009F908F907F906F905F900895CF92DF92EB
:100B5000EF92FF92139A1298119A8FE891E0019701
:100B6000F1F700C0000084E190E00E947429139A1C
:100B7000129A119A0E9463472DEC3CEC4CE45DE321
:100B80000E94F3482091191430911A1440911B14BB
:100B900050911C140E94F3486B017C019B01AC0135
:100BA00060E070E080E897E40E9430469B01AC0171
:100BB000C701B6010E94994620910C1430910D1482
:100BC00040910E1450910F14C0908E10D0908F1041
:100BD000E0909010F09091100E94F348A7019601C8
:100BE0000E94F3480E94804820910414309105141B
:100BF00040910614509107140E94F3482EE13FECF7
:100C00004BE55BE30E9431469B01AC0160E070E084
:100C100080E89FE30E94994623E333E948E853E4E0
:100C20000E9430466093A7107093A8108093A9107B
:100C30009093AA108091CC1487FD48C08091CC1469
:100C400080FD44C0609115147091161480911714A2
:100C5000909118142091731430917414409175146C
:100C6000509176140E943A481816A4F06091A7108B
:100C70007091A8108091A9109091AA1020915314FE
:100C80003091541440915514509156140E943A4892
:100C90001816E4F41698179A8091CC14816080930A
:100CA000CC148091CC1482608093CC148091A814D1
:100CB0009091A91490935D1480935C148FE19EE44D
:100CC0000197F1F700C00000169A179AFF90EF9075
:100CD000DF90CF900C940A36CF92DF92EF92FF9282
:100CE00013981298119A8FE891E00197F1F700C0DC
:100CF000000084E190E00E947429139A129A119ADC
:100D00000E9463472DEC3CEC4CE45DE30E94F34809
:100D100020911D1430911E1440911F1450912014E5
:100D20000E94F3486B017C019B01AC0160E070E024
:100D300080E897E40E9430469B01AC01C701B601F0
:100D40000E94994620919F103091A0104091A110CF
:100D50005091A210C0905E12D0905F12E09060128D
:100D6000F09061120E94F348A70196010E94F34897
:100D70000E94804820915212309153124091541297
:100D8000509155120E94F3482EE13FEC4BE55BE396
:100D90000E9431469B01AC0160E070E080E89FE377
:100DA0000E94994623E333E948E853E40E94304621
:100DB000609315147093161480931714909318145D
:100DC0008091CC1487FD48C08091CC1480FD44C034
:100DD0006091151470911614809117149091181445
:100DE00020917314309174144091751450917614BD
:100DF0000E943A481816A4F06091A7107091A810AC
:100E00008091A9109091AA102091531430915414FC
:100E100040915514509156140E943A481816E4F423
:100E20001698179A8091CC1481608093CC1480918D
:100E3000CC1482608093CC148091A8149091A91452
:100E400090935D1480935C148FE19EE40197F1F719
:100E500000C00000169A179AFF90EF90DF90CF9095
:100E60000C940A368F929F92AF92BF92CF92DF92EC
:100E7000EF92FF92139A129A11988FE891E00197DE
:100E8000F1F700C0000084E190E00E947429139AF9
:100E9000129A119A8090431290904412A090451299
:100EA000B0904612C090FB13D090FC13E090FD135D
:100EB000F090FE130E9463472DEC3CEC4CE45DE3A4
:100EC0000E94F348A50194010E94F348A7019601EE
:100ED0000E9431466093111470931214809313147E
:100EE0009093141460911114709112148091131442
:100EF000909114142091BA023091BB024091BC022F
:100F00005091BD020E94954687FD14C06091111456
:100F10007091121480911314909114142091AA02CC
:100F20003091AB024091AC025091AD020E943A4820
:100F300018162CF48091B30284608093B302FF9062
:100F4000EF90DF90CF90BF90AF909F908F900895DB
:100F50002F923F924F925F926F927F928F929F92C9
:100F6000AF92BF92CF92DF92EF92FF920F931F93B7
:100F7000CF93DF93CDB7DEB72D970FB6F894DEBFD2
:100F80000FBECDBF1092B30220915D152A83309120
:100F9000E6143B838091981490919914A0919A142F
:100FA000B0919B1488879987AA87BB878091C602D6
:100FB00081FF4FC09091B20299836091C10270E0AD
:100FC00080E090E00E94634720E030E040E85FE38B
:100FD0000E9431466B017C01A9816A2F70E080E09C
:100FE00090E00E9463479B01AC01C701B6010E94DB
:100FF000F3489B01AC0160E070E080E89FE30E9451
:101000009946062F372E8983192F6091B202B0902E
:10101000C10270E080E090E00E9463476B017C01B8
:101020006B2D70E080E090E00E9463479B01AC0173
:10103000C701B6010E94F3489B01AC0160E070E07B
:1010400080E89FE30E9499466C837D838E839F8313
:1010500029C06091B202B091C102B98370E080E012
:1010600090E00E9463476B017C01E9816E2F70E084
:1010700080E090E00E9463479B01AC01C701B6018C
:101080000E94F3489B01AC0160E070E080E89FE3C0
:101090000E949946062F372E8983192F6C837D83F2
:1010A0008E839F838091B8029091B90280329E44D2
:1010B00018F080E69AEE0AC08091B8029091B902C9
:1010C0009C01220F331F820F931FC2969093C00280
:1010D0008093BF02EED86B017C0156D98091C60285
:1010E00080FFB6C08090AE029090AF02A090B00298
:1010F000B090B1026091B70670E061507109072E9F
:10110000000C880B990B0E9465479B01AC01C5013F
:10111000B4010E9499462B013C012091A90A30910B
:10112000AA0A4091AB0A5091AC0AC701B6010E94CD
:10113000F3486B017C016091B70670E06150710962
:10114000072E000C880B990B0E946547A3019201A2
:101150000E94F3480E9476494B015C016091AE0207
:101160007091AF028091B0029091B10226EA3FE007
:1011700049EC5FE30E949546A5019401181644F4DA
:1011800060E070E080E090E40E9430469B01AC019A
:10119000C701B6010E9499466B017C01212C809108
:1011A000B706281608F043C0222D30E03D872C8773
:1011B000B901330F880B990B0E946547A301920177
:1011C0000E94F3484B015C0126EA3FE049EC5FE3F3
:1011D0000E949546AC85BD85AA0FBB1FAA0FBB1FF9
:1011E000BD87AC8718164CF0C501B4010E94764942
:1011F0009B01AC01C701B6010EC0C501B4010E943C
:1012000076499B01AC0160E070E080E090E40E94D0
:101210003046A70196010E94F348EC85FD85E55311
:10122000FD4F60837183828393832394B8CF809131
:10123000C60282FF4DC0E091B706B4E0EB9FF0011B
:101240001124E953FD4F608171818281938148C0EF
:101250002091A90A3091AA0A4091AB0A5091AC0A98
:10126000B090B706C701B6010E94F3486B017C013C
:101270006B2D70E061507109072E000C880B990BE3
:101280000E9465479B01AC01C701B6010E949946C7
:101290004B015C01D12C8091B706D81640F6ED2C9D
:1012A000F12C6D2D70E080E090E00E946347A50175
:1012B00094010E94F348F701EE0FFF1FEE0FFF1F8E
:1012C000E553FD4F6083718382839383D394E3CF8F
:1012D0006091CB027091CC028091CD029091CE02B0
:1012E0000E94C82D8091BF029091C002A8950097DE
:1012F00049F0EFE9FFE03197F1F700C00000A89551
:101300000197F5CFA12C8091B706A81608F076C0FA
:101310008091C602CA2CD12C82FF0CC0E091B70686
:10132000F0E0EC19FD09EE0FFF1FEE0FFF1FE95370
:10133000FD4F07C0F601EE0FFF1FEE0FFF1FE55335
:10134000FD4F60817181828193810E94C82DA89593
:10135000E090B802F090B902F1E0EF1AF1081C86B3
:10136000FFEFEF16FF0609F4C7C0A8952C852130C2
:1013700081F4ECDB882339F08091B30282608093A2
:10138000B30281E001C080E0ABE4B6E01197F1F771
:1013900012C0BC85B230A9F49FDC882339F080915B
:1013A000B30282608093B30281E001C080E0EBE48D
:1013B000F6E03197F1F700C00000882309F4CAC0B5
:1013C0001DC0FC85F33051F44DDD8BE39AE00197AD
:1013D000F1F700C0000094E09C870CC0ABE9BFE0CF
:1013E0001197F1F700C00000BC85BF5FBC87BA3021
:1013F00008F01C86E1E0EE1AF108B2CF009904C0B3
:101400008091B302816003C08091B3028E7F80938C
:10141000B30280916A14806880936A1480912B14BF
:10142000826080932B1480912C148D7F80932C14D8
:1014300088859985AA85BB858093BE149093BF1437
:10144000A093C014B093C11480915D159A81981730
:1014500039F01092EC141092EB14892F0E949440F2
:101460008091E614AB81A81739F0109231151092D3
:1014700030158A2F0E94963F6091BE147091BF1460
:101480008091C0149091C1140E94C82D1398129895
:1014900011988091BF029091C002A895009749F0E1
:1014A000EFE9FFE03197F1F700C00000A895019740
:1014B000F5CF80912B148E7F80932B148091321462
:1014C0008E7F809332142D960FB6F894DEBF0FBE38
:1014D000CDBFDF91CF911F910F91FF90EF90DF90E3
:1014E000CF90BF90AF909F908F907F906F905F90C4
:1014F0004F903F902F9008952C813D814E815F81C8
:10150000602F732D8981912F8CD940919710509124
:1015100098106091991070919A10C601880F991FC8
:10152000880F991FFC01E355F54F40835183628377
:1015300073834091491250914A1260914B127091FD
:101540004C12FC01E454F94F40835183628373834E
:10155000A394D9CEFC85FF5FFC874CCFCF93C82FD7
:101560008091FA13C11102C08F7B03C0C13039F4DE
:1015700080648093FA138091FA138F770AC0C23087
:1015800011F48F7B01C080648093FA138091FA1369
:1015900080688093FA134091FA136091471282E0B9
:1015A0000E943C308FE891E00197F1F700C0000005
:1015B000C093990ECF910895CF93C82F8091FA13BD
:1015C000C11102C08F7E03C0C13039F480618093A5
:1015D000FA138091FA138F7D0AC0C23011F48F7E06
:1015E00001C080618093FA138091FA138062809326
:1015F000FA134091FA136091471282E00E943C3046
:101600008FE891E00197F1F700C00000C0939C0EB5
:10161000CF9108959091990E80919A0E981719F094
:1016200080919A0E9BDF90919C0E80919B0E981753
:1016300019F080919B0EC0CF0895BC0180919E0E41
:101640008111FCCF90E0292F30E0FB01E20FF31F66
:101650004081442339F08081F901EA56F04F8083BC
:101660009F5FF1CF80912A1486FD06C0F901EA56EA
:10167000F04F8AE080839F5FE92FF0E0EA56F04F59
:10168000108290939E0E81E08093950F8091C00010
:1016900085FFFCCF5A9A85E08A95F1F7000080918A
:1016A000C10080648093C1008091960F8093C60032
:1016B0000895AC0190918A10992379F09150292FC7
:1016C00030E0F901E056F14F8081FA01E20FF31F9B
:1016D0002081281789F380E0089581E00895AC0106
:1016E00090918A10691778F49150292F30E0F90110
:1016F000E056F14F8081FA01E20FF31F2081281795
:1017000089F380E0089581E008959C0110928A1089
:1017100080918A10F901E80FF11D8081E0918A1013
:10172000F0E0882379F080918A10D901A80FB11DCB
:101730008C91E056F14F808390918A109F5F909337
:101740008A10E6CFE056F14F10820895AC01E09187
:101750008A10F0E0E056F14F89E0808390918A1082
:101760009F5F90938A1090E0DA01A90FB11D8C91D0
:10177000E0918A10F0E0882359F08C91E056F14F07
:1017800080839F5F20918A102F5F20938A10ECCF77
:10179000E056F14F10820895AC0160938A1090E0FA
:1017A000FA01E90FF11D2081E0918A10F0E0E05686
:1017B000F14F222341F0208320918A102F5F209344
:1017C0008A109F5FEDCF10820895E0918A10F0E0BB
:1017D000E056F14F8FE3808380918A108F5F809372
:1017E0008A10E0918A10F0E0E056F14F10820895DF
:1017F000FB012E2F261B421741F0DC013D91CD014C
:101800002081321304C03196F4CF81E0089580E046
:101810000895AC0190E0E92FF0E0DB01AE0FBF1FAF
:101820002C91E40FF51F222319F020839F5FF3CF43
:1018300010820895CF93DF93DC0190E0FD01E90F62
:10184000F11D8081882311F09F5FF8CF492F842FED
:10185000891BEB01C80FD11D8881242F30E0FD01C9
:10186000E20FF31F882321F0888180834F5FEFCF41
:101870001082DF91CF9108950F93FC01CB01BA0143
:1018800003E025E0AF010E94EF490F910895CF9347
:10189000DF93CDB7DEB7C656D1090FB6F894DEBFD9
:1018A0000FBECDBF80912A1487FF17C080919E0E76
:1018B000811113C08091A00E811107C080912A145C
:1018C0008F7B80932A1410929D0E80EA9EE0B5DEF5
:1018D00080912A148F7780932A1480912A1487FD8F
:1018E0003BC090919D0E8091B706981760F5E091EE
:1018F0009D0E84E0E89FF0011124E355F54F4081EF
:10190000518162817381CE010196B6DF10928A10F7
:10191000CE0101961BDFE0919D0E84E0E89FF0016F
:101920001124E454F94F4081518162817381CE01C9
:101930000196A2DFCE01019609DF80919D0E8F5F97
:1019400080939D0E04C010929D0E1092A00E809167
:101950002A14806880932A14CA59DF4F0FB6F8946E
:10196000DEBF0FBECDBFDF91CF9108954F925F9242
:101970006F927F928F929F92AF92BF92EF92FF925F
:101980000F931F93CF93DF93EC018B0180E091E0E5
:10199000BCDECE018EDE882309F464C0809127145A
:1019A00090912B144AE0B8010E94994BC801CEDEF9
:1019B00040919710509198106091991070919A10E1
:1019C000C8015ADFC801C2DE4091491250914A1243
:1019D00060914B1270914C12C8014EDFC801B6DE07
:1019E00040919B1050919C1060919D1070919E10A1
:1019F000C80142DFC801AADE4091111450911214AF
:101A00006091131470911414C80136DFC8019EDE72
:101A10004091A7105091A8106091A9107091AA1040
:101A2000C8012ADFC80192DE4091151450911614A6
:101A30006091171470911814C8011EDFC80186DE6A
:101A400080912E1480FD02C00C94D2164091561243
:101A5000509157126091581270915912C8010CDFC1
:101A60000C94CF1686E091E050DECE0122DE882372
:101A700049F180918A10FE01E80FF11D80818111EA
:101A800012C0F8018081813321F480912C1481608F
:101A900007C0803311F00C94EA1680912C148E7FCD
:101AA00080932C140AC080918A10C80FD11D8881A0
:101AB0008F3311F00C94EA1688DE80912C1480FF8D
:101AC00039C00EC58FE091E020DEF0908A10CE0183
:101AD000F0DD811132C08CE391E017DEF0908A10C6
:101AE000CE01E7DD811170C083E292E00EDEF0905E
:101AF0008A10CE01DEDD882309F459C36F2D82E6FA
:101B000091E04ADE6F2DCE01EADD882309F4AAC1F7
:101B100080918A10C80FD11D888181110C94EA161A
:101B20000E940A36882309F41FC180912C148D7FEE
:101B300080932C148DE091E072C06F2D81E191E0D3
:101B40002BDE6F2DCE01CBDD882341F08091271451
:101B500090912B144AE0B8010C94CD166F2D86E1BC
:101B600091E01ADE6F2DCE01BADD882321F08BE0E3
:101B700091E0CBDD55C06F2D8BE191E00DDE6F2D37
:101B8000CE01ADDD882349F080E291E0DFDD8BE21C
:101B900091E0DCDD8EE394E142C06F2D88EC91E0B2
:101BA000FBDD6F2DCE019BDD882309F494CF8BE004
:101BB00091E0CCDD80EA9EE040DD80919E0E8111B7
:101BC000FCCFF8940C9400006F2D82E491E0E4DDEA
:101BD0006F2DCE0184DD882339F180918A10FE01BA
:101BE000E80FF11D8081811108C0C8010E94944A4C
:101BF0006093AA148091AA140CC080918A10C80F17
:101C0000D11D88818F3311F00C94EA16DEDD8091AE
:101C100093144AE0B80190E00E94994BC80196DD08
:101C200080EA9EE00C94EC166F2D87E491E0B4DD21
:101C30006F2DCE0154DD882339F180918A10FE0189
:101C4000E80FF11D808181110CC0C8010E94744A07
:101C500060935714709358148093591490935A14A6
:101C60000AC080918A10C80FD11D88818F3311F06E
:101C70000C94EA16AADD40915714509158146091C3
:101C8000591470915A142FC06F2D8FE491E084DDA8
:101C90006F2DCE0124DD882349F180918A10FE0149
:101CA000E80FF11D808181110CC0C8010E94744AA7
:101CB0006093B2147093B3148093B4149093B514DA
:101CC0000AC080918A10C80FD11D88818F3311F00E
:101CD0000C94EA167ADD4091B2145091B3146091DD
:101CE000B4147091B514C801C7DD98CF6F2D87E586
:101CF00091E052DD6F2DCE01F2DC882309F4F4CEA1
:101D000080918A10FE01E80FF11D808181111DC0B4
:101D1000C8010E94944A6136FAEE7F078105910559
:101D20001CF080E69AEE07C016161706180619066C
:101D30003CF081E090E09093C7148093C6140FC0EC
:101D40007093C7146093C6140AC080918A10C80F9C
:101D5000D11D88818F3311F00C94EA1636DD609125
:101D6000C6147091C7142AC18091271485FDDDCE59
:101D70008091271480FFD9CE80912C1482608093AB
:101D80002C148091B8029091B90280329E4418F0D0
:101D900080E69AEE0AC08091B8029091B9029C0147
:101DA000220F331F820F931FC2969093C00280931D
:101DB000BF027090B706E090B802F090B90260914F
:101DC000B7065090C1026090B202C091BF02D0919C
:101DD000C00270E080E090E00E9463474B015C012C
:101DE000652D70E080E090E00E9463479B01AC01AC
:101DF000C501B4010E94F3484B015C01662D70E0FF
:101E000080E090E00E94634728E539E344EB5CE31F
:101E10000E94F3482EEA37E441E65EE30E94314631
:101E20009B01AC01C501B4010E94F3484B015C0168
:101E3000672D70E080E090E00E9463472B013C0139
:101E4000B70180E090E00E9463479B01AC01C301B1
:101E5000B2010E94F3489B01AC01C501B4010E948C
:101E60003146FEC16F2D87E691E096DC6F2DCE01E5
:101E700036DC8823A9F180918A10C80FD11D888192
:101E80008F3309F0A7C780912A14806480932A14A5
:101E900010929D0E9ADC8091B3024AE0B80190E066
:101EA0000E94994BC80152DC80912E1480FF0CC017
:101EB00040915612509157126091581270915912D8
:101EC000C801DADCC80142DC80EA9EE0B6DB809122
:101ED0002A148F7780932A1480912B148D7F69C7E1
:101EE0006F2D8CE691E058DC6F2DCE01F8DB882356
:101EF00051F180918A10FE01E80FF11D808181115E
:101F000016C0C8010E94944A6B3F71058105910576
:101F100014F08AEF06C0643071058105910524F440
:101F200083E08093B7060CC06093B70609C0809128
:101F30008A10C80FD11D88818F3309F04BC745DC4B
:101F40008091B70666CE6F2D8CE591E025DC6F2D74
:101F5000CE01C5DB8823C9F180918A10FE01E80F0C
:101F6000F11D808181111DC0C8010E94944A613613
:101F7000EAEE7E07810591051CF080E69AEE07C027
:101F800016161706180619063CF081E090E09093AB
:101F9000B9028093B8020EC07093B9026093B80280
:101FA00009C080918A10C80FD11D88818F3309F034
:101FB00011C70BDC6091B8027091B90280E090E02B
:101FC0002AE0A8010E94A34B29CE6F2D83E791E060
:101FD000E3DB6F2DCE0183DB882359F180918A10DA
:101FE000FE01E80FF11D8081811117C0C8010E9418
:101FF000944A6F3F71058105910519F014F08FEF38
:1020000006C0161617061806190624F081E08093FC
:10201000B2020CC06093B20209C080918A10C80F4E
:10202000D11D88818F3309F0D5C6CFDB8091B202F4
:10203000F0CD6F2D8AE791E0AFDB6F2DCE014FDB46
:10204000882359F180918A10FE01E80FF11D8081EB
:10205000811117C0C8010E94944A6F3F7105810524
:10206000910519F014F08FEF06C016161706180622
:10207000190624F081E08093C1020CC06093C10274
:1020800009C080918A10C80FD11D88818F3309F053
:10209000A1C69BDB8091C102BCCD6F2D82E491E093
:1020A0007BDB6F2DCE011BDB882319F180918A1019
:1020B000FE01E80FF11D808181110FC0C8010E944F
:1020C000944A6F3F71058105910520F089E191E007
:1020D0003DDB0CC06093C60209C080918A10C80F16
:1020E000D11D88818F3309F075C66FDB8091C602E0
:1020F00090CD6F2D83E891E04FDB6F2DCE01EFDAAD
:10210000882331F180918A10FE01E80FF11D808152
:1021100081110CC0C8010E94744A6093AE02709392
:10212000AF028093B0029093B10209C080918A10EF
:10213000C80FD11D88818F3309F04CC646DB409112
:10214000AE025091AF026091B0027091B102CBCD5E
:102150006F2D8DE891E020DB6F2DCE01C0DA882352
:1021600031F180918A10FE01E80FF11D808181110B
:102170000CC0C8010E94744A6093A90A7093AA0A0D
:102180008093AB0A9093AC0A09C080918A10C80F63
:10219000D11D88818F3309F01DC617DB4091A90A34
:1021A0005091AA0A6091AB0A7091AC0A9CCD86E965
:1021B00091E0ABDAF0908A10CE017BDA882309F443
:1021C000C9C06F2D82E691E0E7DA6F2DCE0187DA84
:1021D000882309F461C080918A10C80FD11D8881BD
:1021E0008111F8C50E940A36811108C08091271418
:1021F00085FD04C08091271480FD04C080912C14BB
:102200008B7F96CC80912C14846080932C148091C9
:10221000B8029091B90280329E4418F080E69AEE9E
:102220000AC08091B8029091B9029C01220F331F1D
:10223000820F931FC2969093C0028093BF02609159
:10224000B706C091BF02D091C00270E080E090E07C
:102250000E94634720E030E040E251E40E94F348EE
:1022600020E030E048E453E40E9431464B015C0139
:10227000BE0180E090E00E94634720E030E040E84B
:1022800050E40E94F3489B01AC01C501B4010E94D7
:1022900031460E94324794CE6F2D8DE991E07CDA71
:1022A0006F2DCE011CDA882331F180918A10FE0156
:1022B000E80FF11D808181110CC0C8010E94744A91
:1022C0006093B8067093B9068093BA069093BB06E4
:1022D00009C080918A10C80FD11D88818F3309F001
:1022E00079C573DA4091B8065091B9066091BA0683
:1022F0007091BB06F8CC6F2D8CE591E04DDA6F2D17
:10230000CE01EDD9882331F180918A10FE01E80FCA
:10231000F11D808181110CC0C8010E94744A609334
:10232000C2027093C3028093C4029093C50209C095
:1023300080918A10C80FD11D88818F3309F04AC55A
:1023400044DA4091C2025091C3026091C40270917C
:10235000C502C9CC85EA91E0D8D9F0908A10CE01A7
:10236000A8D9882309F42DC26F2D8CEA91E014DAE4
:102370006F2DCE01B4D98823E9F080918A10C80F5F
:10238000D11D88818F3309F025C540916115509189
:1023900062156091631570916415C8016DDAC8010A
:1023A000D5D94091D9145091DA146091DB14709111
:1023B000DC1499CC6F2D83EB91E0EED96F2DCE011B
:1023C0008ED98823C1F180918A10FE01E80FF11D9A
:1023D0008081811120C0F801808190E0C0970A9728
:1023E00008F0F8C4C8010E94944A6530710581055F
:1023F000910548F08091ED148E7F8093ED148FEF5E
:102400008093111540C02091ED1421602093ED14AC
:10241000609311150DC080918A10C80FD11D88815D
:102420008F3309F0D7C4D1D9809111158F3F59F15D
:1024300080911115EECB6F2D8FEB91E0ADD96F2D03
:10244000CE014DD98823D1F180918A10FE01E80F89
:10245000F11D8081811122C0F801808190E0C09738
:102460000A9708F0B7C4C8010E94944A6630710503
:102470008105910558F08091ED148D7F8093ED14C6
:102480008FEF809313158AEB91E0C9CB2091ED1467
:1024900022602093ED14609313150DC080918A1073
:1024A000C80FD11D88818F3309F094C48ED98091D3
:1024B00013158F3F41F380911315ABCB6F2D86EC35
:1024C00091E06AD96F2DCE010AD9882361F08091FD
:1024D0008A10C80FD11D888181117CC40E94403DA3
:1024E0008BE091E09CCB6F2D8CEC91E055D96F2D5A
:1024F000CE01F5D8882359F180918A10FE01E80FAA
:10250000F11D8081811117C0F801808190E0C09792
:102510000A9708F05FC4C8010E94944A6F3F710592
:102520008105910529F020F08FEF809347150CC0AD
:102530006093471509C080918A10C80FD11D88810A
:102540008F3309F047C441D98091471562CB6F2D75
:1025500083ED91E021D96F2DCE01C1D8882359F1A7
:1025600080918A10FE01E80FF11D8081811117C052
:10257000F801808190E0C0970A9708F02BC4C80149
:102580000E94944A6F3F71058105910529F020F062
:102590008FEF809308150CC06093081509C08091D7
:1025A0008A10C80FD11D88818F3309F013C40DD94B
:1025B000809108152ECB6F2D8AED91E0EDD86F2D0F
:1025C000CE018DD8882309F4FCC0F0908A106F2DBD
:1025D00082E491E0E1D86F2DCE0181D8882309F4FF
:1025E00071C080918A10FE01E80FF11D8081811178
:1025F0004EC080912C14806880932C1444E065EBCD
:1026000071E0C801F5D8813071F48091ED148460D7
:102610008093ED148091ED14877F8093ED148FEFFC
:102620008093E6143DC044E061EC71E0C801E0D85D
:10263000813071F48091ED1488608093ED14809165
:10264000ED148B7F8093ED148FEF80935D1528C080
:1026500080912C148F7780932C148091ED1482FF3D
:1026600004C08FEF8093E61407C08091ED1483FFC0
:1026700003C08FEF80935D158091ED148B7F809365
:10268000ED148091ED14877F8093ED1409C0809143
:102690008A10C80FD11D88818F3309F09BC395D84C
:1026A00080912C1487FF46CA8091ED1482FF03C0ED
:1026B00085EB91E0B4CA8091ED1483FF27C081ECD3
:1026C00091E0ADCA6F2D82EE91E066D86F2DCE01FC
:1026D00006D88823B9F180918A10FE01E80FF11D18
:1026E0008081811120C0C8010E94744A20912C145D
:1026F00027FD0FC080912C1487FF41C08091ED14FD
:1027000082FD1BC08091ED1483FD17C08FED91E019
:1027100086CA2091ED1422FD04C02091ED1423FF00
:10272000E9CFDCD3E7CF80918A10C80FD11D888113
:102730008F3309F04FC349D8DDCF0E94BD1BAB01D9
:10274000BC01D1CA6F2D80EF91E026D86F2DCE014C
:102750000E946F0B8823A9F180918A10FE01E80F77
:10276000F11D8081811118C0C8010E94744A209116
:102770002C1427FD07C080912C1487FD17C088EE0C
:1027800091E04DCA2091ED1422FD04C02091ED147A
:1027900023FFF1CF6BD4EFCF80918A10C80FD11DEA
:1027A00088818F3309F016C310D8E5CF8091ED14DE
:1027B00082FD04C08091ED1483FFA8CF0E941B1CF2
:1027C000BECF87EF91E00E94850BF0908A10CE017A
:1027D0000E94590B882309F46DC06F2D82E491E0AB
:1027E0000E94CC0B6F2DCE010E946F0B882309F441
:1027F00061C080918A10FE01E80FF11D8081811176
:102800002BC0C8010E94944A61157105810591058C
:1028100059F48091CC1480688093CC148091CC14AE
:102820008D7F8093CC1435C0613071058105910591
:1028300059F48091CC1480688093CC148091CC148E
:1028400082608093CC141AC08091CC148F778093CF
:10285000CC148BE092E0E3C980918A10C80FD11D9F
:1028600088818F3309F0B6C20E94E50B8091CC14A9
:1028700080FF07C08091CC1487FF03C084E092E002
:10288000CEC98091CC1480FD07C08091CC1487FF05
:1028900003C08CEF91E0C3C98091CC1480FF07C0C6
:1028A0008091CC1487FD03C080E192E0B8C988E133
:1028B00092E0B5C981E292E00E94850BF0908A1007
:1028C000CE010E94590B882309F484C06F2D87E242
:1028D00092E00E94CC0B6F2DCE010E946F0B8823DB
:1028E00049F0409198145091991460919A14709104
:1028F0009B14F9C96F2D8DE292E00E94CC0B6F2DD5
:10290000CE010E946F0B882369F180918A10FE012D
:10291000E80FF11D8081811118C0F801808190E0DD
:10292000C0970A9708F056C2C8010E94944A6430C2
:1029300071058105910520F083E080939A0E02C015
:1029400060939A0E80919A0E64C980918A10C80F84
:10295000D11D88818F3309F03DC20E94E50B809123
:10296000990E57C96F2D84E392E00E94CC0B6F2D16
:10297000CE010E946F0B882369F180918A10FE01BD
:10298000E80FF11D8081811118C0F801808190E06D
:10299000C0970A9708F01EC2C8010E94944A64308A
:1029A00071058105910520F083E080939B0E02C0A4
:1029B00060939B0E80919B0E2CC980918A10C80F4A
:1029C000D11D88818F3309F005C20E94E50B8091EB
:1029D0009C0E1FC98AE392E00E94850BF0908A103A
:1029E000CE010E94590B882309F442C16F2D83E761
:1029F00091E00E94CC0B6F2DCE010E946F0B8823BB
:102A000009F46FC080918A10FE01E80FF11D8081EA
:102A1000811156C0F801808190E0C0970A9708F0B4
:102A2000D9C1C8010E94944A6F3F71058105910583
:102A300021F01CF08FEF90E007C01616170618065D
:102A400019063CF081E090E090938D1080938C10FB
:102A500004C070938D1060938C1060918C107091F5
:102A60008D10C091101480E090E00E9463474B01EC
:102A70005C016C2F70E080E090E00E9463479B0156
:102A8000AC01C501B4010E94F3489B01AC0160E0B8
:102A900070E080E89FE30E9499466093A3107093D2
:102AA000A4108093A5109093A6108091E5148160E6
:102AB0008093E5148091E51482608093E5140AC048
:102AC00080918A10C80FD11D88818F3309F082C18F
:102AD0000E94E50B80918C1090918D104AE0B80116
:102AE0009BC86F2D8FE392E00E94CC0B6F2DCE011F
:102AF0000E946F0B882309F44AC080918A10FE015E
:102B0000E80FF11D8081811135C0F801808190E0CE
:102B1000C0970A9708F05EC1C8010E94944A6F3FAF
:102B200071058105910519F014F08FEF06C0161696
:102B300017061806190624F081E08093481202C097
:102B4000609348126091481270E080E090E00E942B
:102B500063479B01AC0160E070E080E89FE30E9466
:102B6000994660935A1270935B1280935C12909313
:102B70005D120AC080918A10C80FD11D88818F33E1
:102B800009F028C10E94E50B8091481242C86F2DC0
:102B900089E492E00E94CC0B6F2DCE010E946F0B56
:102BA000882309F465C080918A10FE01E80FF11DA9
:102BB000808181114FC0F801808190E0C0970A9711
:102BC00008F008C1C8010E94944A65367105810564
:102BD000910514F084E606C01616170618061906A5
:102BE00024F081E08093101402C06093101460916F
:102BF0008C1070918D10C091101480E090E00E94B4
:102C000063474B015C016C2F70E080E090E00E9414
:102C100063479B01AC01C501B4010E94F3489B01CD
:102C2000AC0160E070E080E89FE30E949946609309
:102C3000A3107093A4108093A5109093A610809178
:102C4000E51481608093E5148091E514826080939F
:102C5000E5140AC080918A10C80FD11D88818F3376
:102C600009F0B8C00E94E50B809110140C94090E75
:102C700083E592E00E94850BF0908A10CE010E94BD
:102C8000590B882361F16F2D8AE592E00E94CC0BED
:102C90006F2DCE010E946F0B882349F080918A101E
:102CA000C80FD11D8881811195C061E013C06F2DBF
:102CB00080E091E00E94CC0B6F2DCE010E946F0B43
:102CC000882369F080918A10C80FD11D88818111F5
:102CD00081C060E0C8010E94C6220C940E0E80E6FE
:102CE00092E00E94850BCE010E94590B882309F4C3
:102CF00071C04091A7105091A8106091A9107091D7
:102D0000AA10C8010E943C0CC8010E94A60B409169
:102D10001514509116146091171470911814C8016D
:102D20000E943C0CC8010E94A60B80912E1480FFCB
:102D30000EC04091561250915712609158127091E6
:102D40005912C8010E943C0CC8010E94A60BC0E0A9
:102D5000D0E0FE01EE0FFF1FEE0FFF1FE559FA4E08
:102D60004081518162817381C8010E943C0CC8017D
:102D70000E94A60B2196C830D10559F780916A159B
:102D80004AE0B80190E00E94994BC8010E94A60B4E
:102D9000809169154AE0B80190E00E94994BC80102
:102DA0000E94A60B80EA9EE00E941D0B80912B14CE
:102DB0008E7F80932B14DF91CF911F910F91FF9005
:102DC000EF90BF90AF909F908F907F906F905F90AB
:102DD0004F90089589E191E0DF91CF911F910F917C
:102DE000FF90EF90BF90AF909F908F907F906F90EB
:102DF0005F904F900C941D0BCF93DF93CDB7DEB750
:102E0000CC57D1090FB6F894DEBF0FBECDBF80916D
:102E10001110833209F056C09091101080919F0ECE
:102E2000981350C0DE01A959BF4F22E030E0AD0138
:102E3000922F8EEF820FF901E05FFF4E60816930C3
:102E4000B1F06081611105C0FA01E80FF11D108237
:102E500032C08091940F9817A8F580818D932F5FD1
:102E60003F4F2731310521F786E692E01CC0FA0179
:102E7000E80FF11D10822091940F2817E0F09F5F5A
:102E8000DE01119620E0BD01E92FF0E0E05FFF4E8A
:102E90008081882359F080818D939F5F2F5F253635
:102EA00099F78FE692E00E941D0B0CC0FB01E20F28
:102EB000F11D108201C01982BE016F5F7F4FCA01F0
:102EC0000E94B60CC458DF4F0FB6F894DEBF0FBE99
:102ED000CDBFDF91CF9108950C94744ACF93DF93C7
:102EE000CDB7DEB7AC970FB6F894DEBF0FBECDBF3F
:102EF0002091271421FFB1C0DC01CB012091ED14FA
:102F000022FF4CC02091E61421110BC089A79AA77B
:102F1000ABA7BCA744E050E06CE771E0CE01899616
:102F20009AC02091E614213059F48DA39EA3AFA33B
:102F3000B8A744E050E06CE671E0CE0185968BC006
:102F40002091E614223059F489A39AA3ABA3BCA321
:102F500044E050E06CE571E0CE0181967CC02091A8
:102F6000E614233059F48D8F9E8FAF8FB8A344E0C1
:102F700050E06CE471E0CE014D966DC02091E614F6
:102F8000243009F06AC0898F9A8FAB8FBC8F44E0E0
:102F900050E06CE371E0CE0149965DC02091ED14E4
:102FA00023FF5BC020915D1521110BC08D8B9E8B83
:102FB000AF8BB88F44E050E06CE271E0CE014596F3
:102FC0004AC020915D15213059F4898B9A8BAB8BC7
:102FD000BC8B44E050E060E271E0CE0141963BC022
:102FE00020915D15223059F48D879E87AF87B88B6D
:102FF00044E050E064E171E0CE010D962CC02091D8
:103000005D15233059F489879A87AB87BC8744E0E4
:1030100050E068E071E0CE0109961DC020915D1579
:10302000243059F48D839E83AF83B88744E050E009
:103030006CEF70E0CE0105960EC020915D15253035
:1030400061F489839A83AB83BC8344E050E060EFF2
:1030500070E0CE0101960E94A64DAC960FB6F89492
:10306000DEBF0FBECDBFDF91CF910895CF93DF9329
:10307000CDB7DEB7AC970FB6F894DEBF0FBECDBFAD
:103080002091271421FFB1C0DC01CB012091ED1468
:1030900022FF4CC02091E61421110BC089A79AA7EA
:1030A000ABA7BCA744E050E060E871E0CE01899690
:1030B0009AC02091E614213059F48DA39EA3AFA3AA
:1030C000B8A744E050E060E771E0CE0185968BC080
:1030D0002091E614223059F489A39AA3ABA3BCA390
:1030E00044E050E060E671E0CE0181967CC0209122
:1030F000E614233059F48D8F9E8FAF8FB8A344E030
:1031000050E060E571E0CE014D966DC02091E6146F
:10311000243009F06AC0898F9A8FAB8FBC8F44E04E
:1031200050E060E471E0CE0149965DC02091ED145D
:1031300023FF5BC020915D1521110BC08D8B9E8BF1
:10314000AF8BB88F44E050E060E371E0CE0145966C
:103150004AC020915D15213059F4898B9A8BAB8B35
:10316000BC8B44E050E064E271E0CE0141963BC08C
:1031700020915D15223059F48D879E87AF87B88BDB
:1031800044E050E068E171E0CE010D962CC0209142
:103190005D15233059F489879A87AB87BC8744E053
:1031A00050E06CE071E0CE0109961DC020915D15E4
:1031B000243059F48D839E83AF83B88744E050E078
:1031C00060E071E0CE0105960EC020915D152530BE
:1031D00061F489839A83AB83BC8344E050E064EF5D
:1031E00070E0CE0101960E94A64DAC960FB6F89401
:1031F000DEBF0FBECDBFDF91CF910895CF92DF929A
:10320000EF92FF920F931F93CF93DF9300D000D0E4
:10321000CDB7DEB77C018A016901613069F4CA016A
:103220005BDE69837A838B839C8344E050E0B70143
:10323000CE0101960E94A64D44E050E0B701CE01B8
:1032400001960E948E4D49815A816B817C81C80113
:103250000E943C0CB801C6010E941A0C0F900F90FE
:103260000F900F90DF91CF911F910F91FF90EF90F2
:10327000DF90CF900895EF92FF920F931F93CF931B
:10328000DF938C01EA017901613089F4CA010E945F
:10329000944A6F3F71058105910509F024F497FF69
:1032A00003C060E001C06FEFC8010E94AF4DC801CC
:1032B0000E949E4D4AE0BE0190E00E94994BBE01E3
:1032C000C701DF91CF911F910F91FF90EF900C9468
:1032D0001A0CCF92DF92EF92FF920F931F93CF932E
:1032E000DF9300D0CDB7DEB76C018A017901613080
:1032F000E1F4CA010E94944A6115710521E0820738
:1033000091052CF08FEF9FEF9A83898307C097FF79
:1033100003C01A82198202C07A83698342E050E0B6
:10332000B601CE0101960E94A64D42E050E0B601E2
:10333000CE0101960E948E4D69817A8180E090E0F5
:103340002AE0A8010E94A34BB801C7010E941A0CF1
:103350000F900F90DF91CF911F910F91FF90EF9001
:10336000DF90CF900895CF93DF9300D000D0CDB7FA
:10337000DEB744E050E0BC01CE0101960E948E4DC4
:1033800069817A818B819C810F900F900F900F90B3
:10339000DF91CF91089590913314953A09F0C5C00B
:1033A000811124C080E891E0DEDF609365157093A1
:1033B000661580936715909368158CE791E0D3DFCD
:1033C0006093141570931515809316159093171527
:1033D00084E791E0C8DF6093091570930A15809324
:1033E0000B1590930C1588E791E025C0813069F5A5
:1033F00080E791E0B8DF6093651570936615809360
:103400006715909368158CE691E0ADDF6093141515
:1034100070931515809316159093171584E691E017
:10342000A2DF6093091570930A1580930B15909392
:103430000C1588E691E097DF609361157093621533
:10344000809363159093641594C0823021F580E6D3
:1034500091E089DF60936515709366158093671519
:10346000909368158CE591E07EDF6093141570935E
:103470001515809316159093171584E591E073DF69
:103480006093091570930A1580930B1590930C1592
:1034900088E591E0D0CF833021F580E591E063DFCE
:1034A0006093651570936615809367159093681502
:1034B0008CE491E058DF6093141570931515809398
:1034C00016159093171584E491E04DDF609309156C
:1034D00070930A1580930B1590930C1588E491E076
:1034E000AACF80E491E03FDF609365157093661585
:1034F00080936715909368158CE391E034DF6093B7
:10350000141570931515809316159093171584E371
:1035100091E029DF6093091570930A1580930B15CC
:1035200090930C1588E391E086CF10926515109268
:103530006615109267151092681580E090E0A0E87B
:10354000BFE38093141590931515A0931615B093AF
:1035500017151092091510920A1510920B1510925A
:103560000C1510926115109262151092631510924D
:10357000641580912C1487FF18C08091ED1482FF90
:1035800014C010926515109266151092671510926E
:10359000681580E090E0A0E8BFE380931415909355
:1035A0001515A0931615B09317150895909133141F
:1035B000953A09F0A9C0811119C080E391E0D3DEEA
:1035C0006093E1147093E2148093E3149093E414F5
:1035D0008CE291E0C8DE6093DD147093DE1480937A
:1035E000DF149093E01488E291E01AC0813011F565
:1035F00084E291E0B8DE6093E1147093E21480936A
:10360000E3149093E41480E291E0ADDE6093DD1466
:103610007093DE148093DF149093E0148CE191E0BA
:10362000A2DE6093D9147093DA148093DB14909324
:10363000DC1486C08230C9F488E191E094DE6093A6
:10364000E1147093E2148093E3149093E41484E102
:1036500091E089DE6093DD147093DE148093DF14B3
:103660009093E01480E191E0DBCF8330C9F48CE0EB
:1036700091E079DE6093E1147093E2148093E31497
:103680009093E41488E091E06EDE6093DD14709313
:10369000DE148093DF149093E01484E091E0C0CFB7
:1036A0008430C9F480E091E05EDE6093E1147093B1
:1036B000E2148093E3149093E4148CEF90E053DED3
:1036C0006093DD147093DE148093DF149093E01404
:1036D00088EF90E0A5CF84EF90E045DE6093E114A1
:1036E0007093E2148093E3149093E41480EF90E0DD
:1036F0003ADE6093DD147093DE148093DF149093B0
:10370000E0148CEE90E08CCF1092E1141092E21451
:103710001092E3141092E41480E090E0A0E8BFE37C
:103720008093DD149093DE14A093DF14B093E01423
:103730001092D9141092DA141092DB141092DC1447
:1037400080912C1487FF18C08091ED1483FF14C062
:103750001092E1141092E2141092E3141092E41407
:1037600080E090E0A0E8BFE38093DD149093DE1446
:10377000A093DF14B093E01408958091271481FF83
:1037800055C08091ED1482FF23C08091E614811111
:1037900003C08CE791E049C08091E614813019F4B0
:1037A0008CE691E042C08091E614823019F48CE5F9
:1037B00091E03BC08091E614833019F48CE491E0F1
:1037C00034C08091E614843089F58CE391E02DC0FB
:1037D0008091ED1483FF2AC080915D15811103C093
:1037E0008CE291E022C080915D15813019F480E275
:1037F00091E01BC080915D15823019F484E191E065
:1038000014C080915D15833019F488E091E00DC0FB
:1038100080915D15843019F48CEF90E006C08091A2
:103820005D15853019F480EF90E09DCD60E070E08B
:1038300080E89FEB08958091271481FF55C0809107
:10384000ED1482FF23C08091E614811103C080E84B
:1038500091E049C08091E614813019F480E791E04D
:1038600042C08091E614823019F480E691E03BC0BA
:103870008091E614833019F480E591E034C08091A2
:10388000E614843089F580E491E02DC08091ED1438
:1038900083FF2AC080915D15811103C080E391E010
:1038A00022C080915D15813019F484E291E01BC043
:1038B00080915D15823019F488E191E014C0809107
:1038C0005D15833019F48CE091E00DC080915D1599
:1038D000843019F480E091E006C080915D15853058
:1038E00019F484EF90E03FCD60E070E080E89FEB5A
:1038F0000895CF93DF9300D0CDB7DEB742E050E01C
:10390000BC01CE0101960E948E4D89819A810F9053
:103910000F90DF91CF91089580913314853A19F477
:103920008BE590E0E6CF81EE94E00895CF93DF93AE
:1039300000D000D0CDB7DEB744E050E0BC01CE01EE
:1039400001960E948E4D69817A818B819C810F90B6
:103950000F900F900F90DF91CF910895CF92DF924B
:10396000EF92FF920F931F93CF93DF93CDB7DEB704
:103970006C01EDB6FEB650E08DB79EB7841B950B7B
:103980000FB6F8949EBF0FBE8DBF0DB71EB70F5F69
:103990001F4FC8010E948E4DB801C6010E94090C3C
:1039A0000FB6F894FEBE0FBEEDBEDF91CF911F9112
:1039B0000F91FF90EF90DF90CF9008954F925F921C
:1039C0006F927F928F929F92AF92BF92CF92DF922F
:1039D000EF92FF920F931F93CF93DF9380E190E0DC
:1039E0000E949E4D8093331480913314853A09F0E0
:1039F000DAC245E163ED70E08EE394E1AFDF88E584
:103A000090E00E949E4D80932E1486E590E00E94E7
:103A10009E4D8093211488EE90E088DF60939C1483
:103A200070939D1480939E1490939F148AE590E068
:103A30000E949E4D8093311489E590E00E949E4D36
:103A400080932F148DE090E00E949E4D8093B706E6
:103A50008FE490E04EDF90938D1080938C108EE475
:103A600090E00E949E4D809310148DE490E00E949F
:103A70009E4D809348128EE891E00E949E4D809367
:103A8000ED148DE891E00E949E4D809311158CE815
:103A900091E00E949E4D809313158BE891E00E9467
:103AA0009E4D809347158AE891E00E949E4D809339
:103AB000081586E891E01DDF9093601580935F15EF
:103AC00088E891E016DF9093EF148093EE1484E879
:103AD00091E00E949E4D8093121585E891E00E942E
:103AE0009E4D809332158CE090E00E949E4D809315
:103AF000C60288E090E037DC6093AE027093AF02BC
:103B00008093B0029093B10284E090E02CDC60934B
:103B1000A90A7093AA0A8093AB0A9093AC0A81E039
:103B200090E00E949E4D8093C10280E090E00E9450
:103B30009E4D8093B20282E090E0DBDE9093B9026A
:103B40008093B8028FE090E00E949E4D80939A0E81
:103B50008EE090E00E949E4D80939B0E89E490E061
:103B600002DC6093FB137093FC138093FD1390931E
:103B7000FE1385E490E0F7DB6093431270934412E8
:103B8000809345129093461281E490E0ECDB6093C1
:103B900062127093631280936412909365128DE3A6
:103BA00090E0E1DB60933F127093401280934112EA
:103BB0009093421289E390E0D6DB6093FF137093F9
:103BC0000014809301149093021485E390E0CBDB02
:103BD0006093191470931A1480931B1490931C14FF
:103BE00081E390E0C0DB60930C1470930D1480931C
:103BF0000E1490930F148DE290E0B5DB60938E105D
:103C000070938F10809390109093911089E290E0C0
:103C1000AADB6093041470930514809306149093A8
:103C2000071485E290E09FDB60931D1470931E14CF
:103C300080931F149093201481E290E094DB6093B2
:103C40009F107093A0108093A1109093A2108DE10B
:103C500090E089DB60935E1270935F128093601234
:103C60009093611289E190E07EDB60935212709331
:103C70005312809354129093551285E190E073DBB8
:103C8000609308147093091480930A1490930B1492
:103C900081E190E068DB60939310709394108093BF
:103CA0009510909396108FEC90E05DDB6093A414D8
:103CB0007093A5148093A6149093A7148BEC90E0B6
:103CC00052DB609362147093631480936414909336
:103CD000651487EC90E047DB60936B1470936C1471
:103CE00080936D1490936E1483EC90E03CDB6093B2
:103CF0007714709378148093791490937A148FEBDF
:103D000090E031DB60939414709395148093961433
:103D1000909397148BEB90E026DB60933A147093AA
:103D20003B1480933C1490933D1487EB90E01BDB95
:103D30006093D1147093D2148093D3149093D414BD
:103D400083EB90E010DB6093A0147093A114809338
:103D5000A2149093A3148FEA90E005DB6093BA025B
:103D60007093BB028093BC029093BD028BEA90E0FB
:103D7000FADA6093AA027093AB028093AC0290933C
:103D8000AD0287EA90E0EFDA60938F14709390149D
:103D9000809391149093921483EA90E0E4DA609314
:103DA000C2147093C3148093C4149093C5148FE904
:103DB00090E0D9DA60937F1470938014809381141B
:103DC000909382148BE990E0CEDA6093AD147093F7
:103DD000AE148093AF149093B01487E990E0C3DAE7
:103DE0006093BA147093BB148093BC149093BD1469
:103DF0006091BA147091BB148091BC149091BD1461
:103E00002091BA143091BB144091BC145091BD1450
:103E10000E94F3486093BA147093BB148093BC144F
:103E20009093BD1485E990E064DD9093C71480936E
:103E3000C61481E990E097DA609387147093881430
:103E40008093891490938A148DE890E08CDA6093C3
:103E5000361470933714809338149093391489E88A
:103E600090E081DA6093661470936714809368140D
:103E70009093691485E890E076DA6093B6147093B5
:103E8000B7148093B8149093B91481E890E06BDA7A
:103E900060936F14709370148093711490937214E4
:103EA00087E590E00E949E4D80932C1480E890E07E
:103EB0000E949E4D8093AA148CE790E054DA6093A0
:103EC0005714709358148093591490935A1488E798
:103ED00090E049DA6093B2147093B3148093B414F1
:103EE0009093B51487E790E00E949E4D8093CC1488
:103EF00083E790E038DA60935314709354148093FE
:103F00005514909356148FE690E02DDA6093831445
:103F10007093841480938514909386148BE690E0BC
:103F200022DA6093731470937414809375149093D1
:103F3000761487E690E017DA6093CD147093CE1470
:103F40008093CF149093D01483E690E00CDA6093C2
:103F50008B1470938C1480938D1490938E148FE532
:103F600090E001DA60937B1470937C1480937D144D
:103F700090937E148DE590E0BCDC9093A91480931F
:103F8000A81482E590E0EFD9609322147093231473
:103F9000809324149093251481E590E00E949E4D17
:103FA0008093351457C268E772E08EE394E10E9473
:103FB000090C10922E1483E08093211480E094E287
:103FC000A4EFB0E080939C1490939D14A0939E1452
:103FD000B0939F1485E08093311494E690932F144E
:103FE0009AE09093B706C1E0D0E0D0938D10C093D3
:103FF0008C10E1E0E0931014E09348121092ED145D
:1040000094E090931115809313158FEF80934715CB
:10401000809308158AEF90E09093601580935F1568
:104020009093EF148093EE1484E690E090936015E3
:1040300080935F159093EF148093EE141092C60254
:1040400086EA9FE0A9ECBFE38093AE029093AF02B3
:10405000A093B002B093B1028EEA97E4A1E8BFE367
:104060008093A90A9093AA0AA093AB0AB093AC0AD2
:10407000E093C102E093B20285E090E09093B90230
:104080008093B80210929A0E10929B0E1092FB131E
:104090001092FC131092FD131092FE1380E090E03A
:1040A000A0E8BFE38093431290934412A09345127B
:1040B000B093461210926212109263121092641220
:1040C0001092651280933F1290934012A093411278
:1040D000B09342121092FF13109200141092011428
:1040E000109202142FEAC22E23E2D22E2EEEE22EDE
:1040F0002EE3F22EC0921914D0921A14E0921B14DF
:10410000F0921C1400E010E523E437E400930C1453
:1041100010930D1420930E1430930F1447E157EBB6
:1041200061ED78E340938E1050938F106093901060
:1041300070939110F9E98F2EF1EA9F2EF8E9AF2ED6
:10414000F9E3BF2E8092041490920514A0920614F5
:10415000B0920714C0921D14D0921E14E0921F1446
:10416000F092201400939F101093A0102093A110A0
:104170003093A21040935E1250935F1260936012CE
:10418000709361124DE557E763E879E3409352126B
:1041900050935312609354127093551240E050E0C4
:1041A00062E274E4409308145093091460930A1473
:1041B00070930B148093931090939410A093951088
:1041C000B09396101092A4141092A5141092A614F5
:1041D0001092A71440E050E060E272E44093621451
:1041E00050936314609364147093651440E050E03E
:1041F00060EA70E440936B1450936C1460936D14F8
:1042000070936E1400E010E02CE032E40093771419
:10421000109378142093791430937A141092941494
:1042200010929514109296141092971400E010E0DA
:1042300020EA32E400933A1410933B1420933C1488
:1042400030933D144093D1145093D2146093D314FF
:104250007093D41400E010E020E732E40093A0143F
:104260001093A1142093A2143093A31400E010E63D
:104270002AE636E40093BA021093BB022093BC02F4
:104280003093BD0200E018EC2FE237E40093AA025D
:104290001093AB022093AC023093AD02412C512C11
:1042A0001AE7612E14E4712E40928F1450929014EC
:1042B000609291147092921400E010E020E231E4D8
:1042C0000093C2141093C3142093C4143093C514E4
:1042D000FAE98F2EF9E99F2EA92CFFE3BF2E8092D9
:1042E0007F1490928014A0928114B0928214FAE903
:1042F000CF2EF9E9DF2EF9E1EF2EFFE3FF2EC0927A
:10430000AD14D092AE14E092AF14F092B014C12C60
:10431000F4E2DF2EF4E7EF2EF9E4FF2EC092BA1498
:10432000D092BB14E092BC14F092BD14D093C71489
:10433000C093C614409287145092881460928914D6
:1043400070928A148093361490933714A093381483
:10435000B09339148092661490926714A0926814F6
:10436000B09269148AE999E9A9E1BFE38093B61490
:104370009093B714A093B814B093B91400936F142A
:1043800010937014209371143093721410922C14A3
:104390001092AA1410925714109258141092591493
:1043A00010925A141092B2141092B3141092B414C2
:1043B0001092B5141092CC14C12CD12CA0EFEA2E7F
:1043C000A1E4FA2EC0925314D0925414E0925514E2
:1043D000F092561480E090E0A8ECB1E4809383144E
:1043E00090938414A0938514B0938614C092731490
:1043F000D0927414E0927514F09276148093CD14D8
:104400009093CE14A093CF14B093D01400938B1438
:1044100010938C1420938D1430938E1440937B143E
:1044200050937C1460937D1470937E1480E699E021
:104430009093A9148093A81480E090E0ACE8B2E4D3
:104440008093221490932314A0932414B0932514E2
:10445000E093351460918C1070918D1010911014B0
:1044600080E090E00E9463476B017C01612F70E067
:1044700080E090E00E9463479B01AC01C701B60158
:104480000E94F3489B01AC0160E070E080E89FE38C
:104490000E9499466093A3107093A4108093A51076
:1044A0009093A6106091481270E080E090E00E9426
:1044B00063479B01AC0160E070E080E89FE30E94ED
:1044C000994660935A1270935B1280935C1290939A
:1044D0005D1260919C1470919D1480919E14909136
:1044E0009F140E94654720E034E244E759E40E94AB
:1044F00099469B01AC0160E070E080E89FE30E9478
:10450000994620E030E04DE353E40E94F348609385
:10451000C7027093C8028093C9029093CA02609147
:104520009C1470919D1480919E1490919F140E94F0
:10453000654720E034E244E759E40E9499469B0134
:10454000AC0160E070E080E89FE30E94994620E0C3
:1045500030E040E051E40E94F3486093B40270936D
:10456000B5028093B6029093B702DF91CF911F916D
:104570000F91FF90EF90DF90CF90BF90AF909F9002
:104580008F907F906F905F904F9008958F929F9241
:10459000AF92BF92DF92EF92FF920F931F93CF9350
:1045A000DF93CDB7DEB7C557D1090FB6F894DEBF9C
:1045B0000FBECDBF8C01F62E81E068133DC0F8011F
:1045C000CE0101964C01DC01D12C5C018191893036
:1045D00069F0811105C080E892E00E941D0B5DC664
:1045E0008D93D39496E0D912F1CFF5CFF401ED0D70
:1045F000F11D1082C4010E94774AE82ED39490E006
:10460000F801ED0DF11D2081222361F0F4012193C9
:104610004F01D3949F5F913699F780E992E00E9411
:104620001D0B3BC6F501E90FF11D10824AE0B801F0
:1046300090E00E94994B04C0C8010E94774AE82E7E
:1046400060EA72E0C8010E941A0CE1100AC09801E9
:10465000AE014F5F5F4F6F2D80E190E00E943B19EC
:104660001CC6F1E0EF1221C0FF1211C0BE016F5F46
:104670007F4FCE018F599F4F0E94090C44E150E0BB
:1046800063ED70E0CE018F599F4F0E94A64D44E12B
:1046900063ED70E0CE018F599F4F60D9BE016F5915
:1046A0007F4FC8010E941A0CF8C582E0E8120AC0C8
:1046B0009801AE014F5F5F4F6F2D88E590E00E943B
:1046C0003B19EBC593E0E9120AC09801AE014F5FB8
:1046D0005F4F6F2D86E590E00E943B19DEC5E5E057
:1046E000EE1226C0F1E0FF1213C0CE0101960E9427
:1046F000944AA5966CAF7DAF8EAF9FAFA59744E06F
:1047000050E068EE70E0CE018F599F4F0E94A64D99
:1047100088EE90E00BD92AE0AE014F5F5F4F0E9418
:10472000A34BBE016F5F7F4FC8010E941A0CB5C535
:1047300086E0E8120AC09801AE014F5F5F4F6F2D0F
:104740008BE590E00E946919A8C597E0E9120AC0BC
:104750009801AE014F5F5F4F6F2D8AE590E00E9498
:104760003B199BC5E8E0EE120AC09801AE014F5F0D
:104770005F4F6F2D89E590E00E943B198EC5FAE0EE
:10478000EF120AC09801AE014F5F5F4F6F2D8FE4AB
:1047900090E00E94691981C58BE0E8120AC0980177
:1047A000AE014F5F5F4F6F2D8DE490E00E943B198B
:1047B00074C59CE0E9120AC09801AE014F5F5F4FDB
:1047C0006F2D8EE490E00E943B1967C5E4E1EE1284
:1047D0000AC09801AE014F5F5F4F6F2D8EE891E0E8
:1047E0000E943B195AC5F5E1EF120AC09801AE01CB
:1047F0004F5F5F4F6F2D8DE891E00E943B194DC5D3
:1048000086E1E8120AC09801AE014F5F5F4F6F2D3D
:104810008CE891E00E943B1940C597E1E9120AC07B
:104820009801AE014F5F5F4F6F2D86E891E00E94C7
:10483000691933C5E8E1EE120AC09801AE014F5F75
:104840005F4F6F2D88E891E00E94691926C5F5E554
:10485000EF120AC09801AE014F5F5F4F6F2D84E8E1
:1048600091E00E943B1919C586E5E8120AC098013B
:10487000AE014F5F5F4F6F2D85E891E00E943B19BD
:104880000CC599E1E9120AC09801AE014F5F5F4F74
:104890006F2D80E891E00E94FE18FFC4EAE1EE125D
:1048A0000AC09801AE014F5F5F4F6F2D8CE791E01A
:1048B0000E94FE18F2C4FBE1EF120AC09801AE019B
:1048C0004F5F5F4F6F2D88E791E00E94FE18E5C4AF
:1048D0008CE1E8120AC09801AE014F5F5F4F6F2D67
:1048E00084E791E00E94FE18D8C49EE1E9120AC054
:1048F0009801AE014F5F5F4F6F2D80E791E00E94FE
:10490000FE18CBC4EFE1EE120AC09801AE014F5F72
:104910005F4F6F2D8CE691E00E94FE18BEC4F0E25E
:10492000EF120AC09801AE014F5F5F4F6F2D88E60E
:1049300091E00E94FE18B1C481E2E8120AC0980119
:10494000AE014F5F5F4F6F2D84E691E00E94FE182D
:10495000A4C493E2E9120AC09801AE014F5F5F4F11
:104960006F2D80E691E00E94FE1897C4E4E2EE12FB
:104970000AC09801AE014F5F5F4F6F2D8CE591E04B
:104980000E94FE188AC4F5E2EF120AC09801AE0137
:104990004F5F5F4F6F2D88E591E00E94FE187DC448
:1049A00086E2E8120AC09801AE014F5F5F4F6F2D9B
:1049B00084E591E00E94FE1870C498E2E9120AC0F2
:1049C0009801AE014F5F5F4F6F2D80E591E00E942F
:1049D000FE1863C4E9E2EE120AC09801AE014F5F0F
:1049E0005F4F6F2D8CE491E00E94FE1856C4FAE2EE
:1049F000EF120AC09801AE014F5F5F4F6F2D88E440
:104A000091E00E94FE1849C48BE2E8120AC09801A6
:104A1000AE014F5F5F4F6F2D84E491E00E94FE185E
:104A20003CC49DE2E9120AC09801AE014F5F5F4F9E
:104A30006F2D80E491E00E94FE182FC4EEE2EE128A
:104A40000AC09801AE014F5F5F4F6F2D8CE391E07C
:104A50000E94FE1822C4FFE2EF120AC09801AE01C4
:104A60004F5F5F4F6F2D88E391E00E94FE1815C4E1
:104A700080E3E8120AC09801AE014F5F5F4F6F2DCF
:104A800084E391E00E94FE1808C497E3E9120AC08B
:104A90009801AE014F5F5F4F6F2D80E391E00E9460
:104AA000FE18FBC3E8E3EE120AC09801AE014F5FA7
:104AB0005F4F6F2D8CE291E00E94FE18EEC3F9E388
:104AC000EF120AC09801AE014F5F5F4F6F2D88E271
:104AD00091E00E94FE18E1C38CE3E8120AC098013D
:104AE000AE014F5F5F4F6F2D84E291E00E94FE1890
:104AF000D4C39DE3E9120AC09801AE014F5F5F4F36
:104B00006F2D80E291E00E94FE18C7C3EEE3EE1223
:104B10000AC09801AE014F5F5F4F6F2D8CE191E0AD
:104B20000E94FE18BAC3F1E4EF120AC09801AE0168
:104B30004F5F5F4F6F2D88E191E00E94FE18ADC37B
:104B400082E4E8120AC09801AE014F5F5F4F6F2DFB
:104B500084E191E00E94FE18A0C393E4E9120AC028
:104B60009801AE014F5F5F4F6F2D80E191E00E9491
:104B7000FE1893C3E6E4EE120AC09801AE014F5F3F
:104B80005F4F6F2D8CE091E00E94FE1886C3F7E422
:104B9000EF120AC09801AE014F5F5F4F6F2D88E0A2
:104BA00091E00E94FE1879C388E4E8120AC09801D7
:104BB000AE014F5F5F4F6F2D84E091E00E94FE18C1
:104BC0006CC39BE4E9120AC09801AE014F5F5F4FCE
:104BD0006F2D80E091E00E94FE185FC3ECE4EE12BE
:104BE0000AC09801AE014F5F5F4F6F2D8CEF90E0D0
:104BF0000E94FE1852C3FDE4EF120AC09801AE01F4
:104C00004F5F5F4F6F2D88EF90E00E94FE1845C305
:104C100080E5E8120AC09801AE014F5F5F4F6F2D2B
:104C200084EF90E00E94FE1838C391E5E9120AC0B3
:104C30009801AE014F5F5F4F6F2D80EF90E00E94B3
:104C4000FE182BC3E2E5EE120AC09801AE014F5FD9
:104C50005F4F6F2D8CEE90E00E94FE181EC3F3E5AF
:104C6000EF120AC09801AE014F5F5F4F6F2D8BE8C6
:104C700091E00E943B1911C384E5E8120AC0980133
:104C8000AE014F5F5F4F6F2D8AE891E00E943B19A4
:104C900004C39AE5E9120AC09801AE014F5F5F4F65
:104CA0006F2D89E490E00E94FE18F7C2EBE5EE124A
:104CB0000AC09801AE014F5F5F4F6F2D85E490E011
:104CC0000E94FE18EAC2FFE5EF120AC09801AE0189
:104CD0004F5F5F4F6F2D81E490E00E94FE18DDC2B0
:104CE00080E6E8120AC09801AE014F5F5F4F6F2D5A
:104CF0008DE390E00E94FE18D0C291E6E9120AC04E
:104D00009801AE014F5F5F4F6F2D89E390E00E94E5
:104D1000FE18C3C2E4E6EE120AC09801AE014F5F6E
:104D20005F4F6F2D85E390E00E94FE18B6C2F5E656
:104D3000EF120AC09801AE014F5F5F4F6F2D81E304
:104D400090E00E94FE18A9C286E6E8120AC0980107
:104D5000AE014F5F5F4F6F2D8DE290E00E94FE1815
:104D60009CC297E6E9120AC09801AE014F5F5F4FFF
:104D70006F2D89E290E00E94FE188FC2E9E6EE12E4
:104D80000AC09801AE014F5F5F4F6F2D85E290E042
:104D90000E94FE1882C2FAE6EF120AC09801AE0124
:104DA0004F5F5F4F6F2D81E290E00E94FE1875C249
:104DB0008BE6E8120AC09801AE014F5F5F4F6F2D7E
:104DC0008DE190E00E94FE1868C29CE6E9120AC0DC
:104DD0009801AE014F5F5F4F6F2D89E190E00E9417
:104DE000FE185BC2EEE6EE120AC09801AE014F5FFC
:104DF0005F4F6F2D85E190E00E94FE184EC2FFE6E6
:104E0000EF120AC09801AE014F5F5F4F6F2D81E135
:104E100090E00E94FE1841C283E7E8120AC09801A0
:104E2000AE014F5F5F4F6F2D8FE090E00E943B1906
:104E300034C294E7E9120AC09801AE014F5F5F4F98
:104E40006F2D8EE090E00E943B1927C2EDE7EE1235
:104E50000AC09801AE014F5F5F4F6F2D8FEC90E05D
:104E60000E94FE181AC2FEE7EF120AC09801AE01B6
:104E70004F5F5F4F6F2D8BEC90E00E94FE180DC2CC
:104E80008FE7E8120AC09801AE014F5F5F4F6F2DA8
:104E900087EC90E00E94FE1800C290E8E9120AC078
:104EA0009801AE014F5F5F4F6F2D83EC90E00E9441
:104EB000FE18F3C1E2E8EE120AC09801AE014F5F9E
:104EC0005F4F6F2D8FEB90E00E94FE18E6C1F3E874
:104ED000EF120AC09801AE014F5F5F4F6F2D8BEB51
:104EE00090E00E94FE18D9C184E8E8120AC0980137
:104EF000AE014F5F5F4F6F2D87EB90E00E94FE1871
:104F0000CCC195E8E9120AC09801AE014F5F5F4F2E
:104F10006F2D83EB90E00E94FE18BFC1E7E8EE1210
:104F20000AC09801AE014F5F5F4F6F2D8FEA90E08E
:104F30000E94FE18B2C1F8E8EF120AC09801AE0153
:104F40004F5F5F4F6F2D8BEA90E00E94FE18A5C166
:104F50008CE8E8120AC09801AE014F5F5F4F6F2DD9
:104F60008DE090E00E943B1998C19DE8E9120AC0CB
:104F70009801AE014F5F5F4F6F2D8CE090E00E9473
:104F80003B198BC1EEE8EE120AC09801AE014F5FEB
:104F90005F4F6F2D88E090E00E94FE187EC1FFE811
:104FA000EF120AC09801AE014F5F5F4F6F2D84E092
:104FB00090E00E94FE1871C180E9E8120AC09801D1
:104FC000AE014F5F5F4F6F2D82E090E00E94691944
:104FD00064C191E9E9120AC09801AE014F5F5F4FC9
:104FE0006F2D81E090E00E943B1957C1E2E9EE127B
:104FF0000AC09801AE014F5F5F4F6F2D80E090E0D7
:105000000E943B194AC1F6E9EF120AC09801AE01AD
:105010004F5F5F4F6F2D87EA90E00E94FE183DC101
:1050200087E9E8120AC09801AE014F5F5F4F6F2D0C
:1050300083EA90E00E94FE1830C198E9E9120AC0A4
:105040009801AE014F5F5F4F6F2D8FE990E00E9496
:10505000FE1823C1E9E9EE120AC09801AE014F5FC4
:105060005F4F6F2D8BE990E00E94FE1816C1FAE9A0
:10507000EF120AC09801AE014F5F5F4F6F2D87E9B5
:1050800090E00E94FE1809C18BE9E8120AC098015D
:10509000AE014F5F5F4F6F2D85E990E00E94691967
:1050A000FCC090EAE9120AC09801AE014F5F5F4F61
:1050B0006F2D81E990E00E94FE18EFC0E1EAEE1248
:1050C0000AC09801AE014F5F5F4F6F2D8DE890E0F1
:1050D0000E94FE18E2C0F2EAEF120AC09801AE0187
:1050E0004F5F5F4F6F2D89E890E00E94FE18D5C09A
:1050F00083EAE8120AC09801AE014F5F5F4F6F2D3F
:1051000085E890E00E94FE18C8C094EAE9120AC03F
:105110009801AE014F5F5F4F6F2D81E890E00E94D4
:10512000FE18BBC0E5EAEE120AC09801AE014F5F5F
:105130005F4F6F2D87E590E00E943B19AEC0F6EA05
:10514000EF120AC09801AE014F5F5F4F6F2D80E8EC
:1051500090E00E943B19A1C087EAE8120AC09801BA
:10516000AE014F5F5F4F6F2D8CE790E00E94FE18FD
:1051700094C098EAE9120AC09801AE014F5F5F4FF0
:105180006F2D88E790E00E94FE1887C0EFEAEE12CC
:105190000AC09801AE014F5F5F4F6F2D87E790E027
:1051A0000E943B197AC0F0EBEF120AC09801AE01E1
:1051B0004F5F5F4F6F2D83E790E00E94FE186DC038
:1051C00081EBE8120AC09801AE014F5F5F4F6F2D6F
:1051D0008FE690E00E94FE1860C092EBE9120AC0D0
:1051E0009801AE014F5F5F4F6F2D8BE690E00E94FC
:1051F000FE1853C0E3EBEE120AC09801AE014F5FF8
:105200005F4F6F2D87E690E00E94FE1846C0F4EBDA
:10521000EF120AC09801AE014F5F5F4F6F2D83E61A
:1052200090E00E94FE1839C085EBE8120AC0980190
:10523000AE014F5F5F4F6F2D8FE590E00E94FE182B
:105240002CC096EBE9120AC09801AE014F5F5F4F88
:105250006F2D8DE590E00E9469191FC0E7EBEE12FB
:105260000AC09801AE014F5F5F4F6F2D82E590E05D
:105270000E94FE1812C0F8EBEF120AC09801AE01AE
:105280004F5F5F4F6F2D81E590E00E943B1905C095
:1052900069E171E0C8010E941A0CCB58DF4F0FB6CC
:1052A000F894DEBF0FBECDBFDF91CF911F910F915C
:1052B000FF90EF90DF90BF90AF909F908F900895F8
:1052C00085E08A95F1F700002A9A80E18A95F1F746
:1052D0002A981EBC0DB407FEFDCF9EB51EBC0DB4B2
:1052E00007FEFDCF8EB50895CF92DF92EF92FF9229
:1052F0009C01C12CD12C760160E070E0CB0121151E
:105300003105E1F02150310945E04A95F1F70000FF
:105310002A9A40E14A95F1F72A981EBC0DB407FE7F
:10532000FDCF4EB5D42E1EBC0DB407FEFDCF4EB53D
:10533000C42E6C0D7D1D8E1D9F1DE1CFFF90EF9043
:10534000DF90CF900895CF92DF92EF92FF929C0171
:10535000C12CD12C7601109292101092031460E0AF
:1053600070E0CB01F1E02115310551F121503109F7
:1053700045E04A95F1F700002A9A40E14A95F1F795
:105380002A981EBC0DB407FEFDCFEEB5DE2E1EBC66
:105390000DB407FEFDCFEEB5CE2EAD2DD11005C05C
:1053A000E11109C0F093031406C0AF3F21F4EF3FB1
:1053B00011F4F09392106C0D7D1D8E1D9F1DD3CFA7
:1053C000FF90EF90DF90CF9008954F925F926F9291
:1053D0007F928F929F92AF92BF92CF92DF92EF9285
:1053E000FF9280918C1090918D10ADDF139A1298DE
:1053F000119830914D1220911014321710F0109224
:105400004D122091E51420FF15C02091E5142E7F48
:105410002093E514209110142223C1F0215034E090
:10542000239FF0011124E555FF4E60837183828331
:105430009383F2CFE0914D1224E0E29FF00111241A
:10544000E555FF4E6083718382839383209110140E
:1054500060E070E0CB01222381F0215034E0239FF3
:10546000F0011124E555FF4EC080D180E280F38029
:105470006C0D7D1D8E1D9F1DEECF4090A310509092
:10548000A4106090A5107090A61080906515909063
:105490006615A0906715B0906815C0901415D0904F
:1054A0001515E0901615F09017150E946347A3019B
:1054B00092010E94F348A50194010E943146A70180
:1054C00096010E94F3486093971070939810809310
:1054D000991090939A1080910314882349F0809139
:1054E00027148460809327148091ED1480621AC081
:1054F00080919210882371F08091271484608093AA
:1055000027148091ED1480618093ED148091ED1447
:105510008F7D0DC0809127148B7F809327148091FD
:10552000ED148F7D8093ED148091ED148F7E809328
:10553000ED1487EF90E00197F1F700C00000809133
:105540008C1090918D10FFDE1398129A1198209173
:10555000E51421FF15C02091E5142D7F2093E5145B
:10556000209110142223C1F0215034E0239FF00138
:105570001124EA59FD4E6083718382839383F2CFB5
:10558000E0914D1224E0E29FF0011124EA59FD4E12
:10559000608371838283938380914D128F5F8093A8
:1055A0004D122091101460E070E0CB01222381F0B5
:1055B000215034E0239FF0011124EA59FD4EC080B0
:1055C000D180E280F3806C0D7D1D8E1D9F1DEECF7E
:1055D0004090A3105090A4106090A5107090A61059
:1055E0008090E1149090E214A090E314B090E41441
:1055F000C090DD14D090DE14E090DF14F090E01441
:105600000E946347A30192010E94F348A5019401FF
:105610000E943146A70196010E94F34860934E1202
:1056200070934F1280935012909351126091971083
:10563000709198108091991090919A10209109156D
:1056400030910A1540910B1550910C15C0904E12D7
:10565000D0904F12E0905012F09051120E94F348F7
:10566000A70196010E9431466093491270934A1235
:1056700080934B1290934C1280910314882349F02D
:10568000809127148860809327148091ED1480689E
:105690001AC080919210882371F08091271488603D
:1056A000809327148091ED1480648093ED14809191
:1056B000ED148F770DC080912714877F8093271476
:1056C0008091ED148F778093ED148091ED148F7B92
:1056D0008093ED1485ED8A95F1F7000080914812D2
:1056E00090E002DE139A129A1198C0905A12D0904C
:1056F0005B12E0905C12F0905D120E946347A7017C
:1057000096010E94F34860939B1070939C108093C5
:105710009D1090939E108FE591E00197F1F700C0E6
:1057200000008091481290E0DFDD139A1298119AE0
:1057300040905A1250905B1260905C1270905D1213
:105740008090431290904412A0904512B09046125F
:10575000C090FB13D090FC13E090FD13F090FE136B
:105760000E946347A30192010E94F348A50194019E
:105770000E94F348A70196010E94314660931114DC
:1057800070931214809313149093141483E291E095
:105790000197F1F700C000008091481290E0A4DD6D
:1057A00013981298119AC0905A12D0905B12E09000
:1057B0005C12F0905D120E946347A70196010E945F
:1057C000F3482091191430911A1440911B145091F0
:1057D0001C140E94F3486B017C019B01AC0160E04A
:1057E00070E080E897E40E9430469B01AC01C7015D
:1057F000B6010E94994620910C1430910D144091ED
:105800000E1450910F14C0908E10D0908F10E09015
:105810009010F09091100E94F348A70196010E9409
:10582000F3480E948048209104143091051440915F
:105830000614509107140E94F3482EE13FEC4BE50B
:105840005BE30E9431469B01AC0160E070E080E8C0
:105850009FE30E94994623E333E948E853E40E941A
:1058600030466093A7107093A8108093A91090936E
:10587000AA108091481290E037DD13981298119881
:10588000C0905A12D0905B12E0905C12F0905D12C2
:105890000E946347A70196010E94F34820911D14BE
:1058A00030911E1440911F14509120140E94F3480F
:1058B0006B017C019B01AC0160E070E080E897E443
:1058C0000E9430469B01AC01C701B6010E94994677
:1058D00020919F103091A0104091A1105091A210E2
:1058E000C0905E12D0905F12E0906012F090611252
:1058F0000E94F348A70196010E94F3480E94804845
:1059000020915212309153124091541250915512DD
:105910000E94F3482EE13FEC4BE55BE30E943146E9
:105920009B01AC0160E070E080E89FE30E94994633
:1059300023E333E948E853E40E94304660931514AA
:10594000709316148093171490931814FF90EF908F
:10595000DF90CF90BF90AF909F908F907F906F908F
:105960005F904F9008954F925F926F927F928F92C7
:105970009F92AF92BF92CF92DF92EF92FF921398D5
:10598000129811988FE891E00197F1F700C000009C
:105990002091101480918C1090918D10AC01249F57
:1059A000C001259F900D1124CEDC4090A310509093
:1059B000A4106090A5107090A6108090651590902E
:1059C0006615A0906715B0906815C0901415D0901A
:1059D0001515E0901615F09017150E946347A30166
:1059E00092010E94F348A50194010E943146A7014B
:1059F00096010E94F34860939710709398108093DB
:105A0000991090939A1080910314882321F080912B
:105A1000ED14806210C080919210882349F080912B
:105A2000ED1480618093ED148091ED148F7D08C09A
:105A30008091ED148F7D8093ED148091ED148F7E15
:105A40008093ED14139A129A119AFF90EF90DF90C1
:105A5000CF90BF90AF909F908F907F906F905F900E
:105A60004F9008954F925F926F927F928F929F9284
:105A7000AF92BF92CF92DF92EF92FF92139A129859
:105A800011988FE891E00197F1F700C00000209194
:105A9000101480918C1090918D10AC01249FC00146
:105AA000259F900D11244FDC4090A3105090A4101E
:105AB0006090A5107090A6108090E1149090E21470
:105AC000A090E314B090E414C090DD14D090DE14E4
:105AD000E090DF14F090E0140E946347A30192016C
:105AE0000E94F348A50194010E943146A701960146
:105AF0000E94F34860934E1270934F12809350129D
:105B00009093511280910314882321F08091ED1419
:105B1000806810C080919210882349F08091ED1424
:105B200080648093ED148091ED148F7708C080918C
:105B3000ED148F778093ED148091ED148F7B80931B
:105B4000ED14139A129A119AFF90EF90DF90CF9074
:105B5000BF90AF909F908F907F906F905F904F908D
:105B600008952CB528602CBD8F5F9F472C981EBCD4
:105B70000DB407FEFDCF9EBD0DB407FEFDCF8EBD5B
:105B80000DB407FEFDCF2C9A8CB5877F8CBD089590
:105B90004F925F926F927F928F929F92AF92BF923D
:105BA000CF92DF92EF92FF924B015C01209114158E
:105BB000309115154091161550911715409093107E
:105BC000509094106090951070909610C0900814AA
:105BD000D0900914E0900A14F0900B140E9499469A
:105BE000A30192010E94F348A70196010E94314649
:105BF0006B017C0120E03AEF4FE757E40E943A48FE
:105C000087FF17C0209108143091091440910A149D
:105C100050910B14C701B6010E94954687FF10C032
:105C2000C0900814D0900914E0900A14F0900B145E
:105C300007C0C12C8AEFD82E8FE7E82E87E4F82E14
:105C40008092981490929914A0929A14B0929B14F6
:105C5000C701B6010E943747CB01FF90EF90DF905C
:105C6000CF90BF90AF909F908F907F906F905F90FC
:105C70004F9077CF8CB581608CBD8CB582608CBD28
:105C80008CB584608CBD149880E88EBD0DB407FE81
:105C9000FDCF81EE8EBD0DB407FEFDCF149A8CB5FD
:105CA0008B7F8CBD8CB58E7F8CBD08958CB581604B
:105CB0008CBD8CB582608CBD8CB584608CBD149815
:105CC00081E08EBD0DB407FEFDCF8FEF8EBD0DB40C
:105CD00007FEFDCF2EB560E070E0CB01722F2FEFF5
:105CE0002EBD0DB407FEFDCF2EB5622F969587957C
:105CF00077956795149A2CB52B7F2CBD2CB52E7FEC
:105D00002CBD08958CB581608CBD8CB582608CBD36
:105D10008CB584608CBD149880E88EBD0DB407FEF0
:105D2000FDCF83E08EBD0DB407FEFDCF149A14980D
:105D300081E88EBD0DB407FEFDCF87E78EBD0DB4A3
:105D400007FEFDCF149A149880E88EBD0DB407FEAF
:105D5000FDCF81E88EBD0DB407FEFDCF149A8CB542
:105D60008B7F8CBD8CB58D7F8CBD08958CB581608B
:105D70008CBD8CB582608CBD8CB584608CBD149854
:105D80008CE08EBD0DB407FEFDCF8FEF8EBD0DB440
:105D900007FEFDCF3EB58FEF8EBD0DB407FEFDCFE4
:105DA0006EB58FEF8EBD0DB407FEFDCF2EB5149AE4
:105DB0008CB58B7F8CBD8CB58D7F8CBD862F90E094
:105DC000A0E0B0E0BA2FA92F982F8827A32B822B11
:105DD000BC01CD0155E095958795779567955A95C6
:105DE000D1F782FF02C0886F9F6F0E94654720E055
:105DF00030E040E05CE30C94F34884EA8093BC001C
:105E00008091BC0087FFFCCF8091B900887F8830EB
:105E100009F08EC085E38A95F1F7000080EC80934D
:105E2000BB0084E88093BC008091BC0087FFFCCF5E
:105E30008091B900887F883109F07AC085E38A951E
:105E4000F1F7000085E08093BB0084E88093BC00FC
:105E50008091BC0087FFFCCF8091B900887F883299
:105E600009F066C085E38A95F1F700001092BB0047
:105E700084E88093BC008091BC0087FFFCCF8091B8
:105E8000B900887F883209F053C085E38A95F1F71D
:105E9000000084E98093BC0085E38A95F1F7000057
:105EA00084EA8093BC008091BC0087FFFCCF809186
:105EB000B900887F8830E1F585E38A95F1F7000025
:105EC00080EC8093BB0084E88093BC008091BC0090
:105ED00087FFFCCF8091B900887F883149F585E341
:105EE0008A95F1F7000086E08093BB0084E88093F8
:105EF000BC008091BC0087FFFCCF8091B900887FF7
:105F00008832B1F485E38A95F1F700001092BB0066
:105F100084E88093BC008091BC0087FFFCCF809117
:105F2000B900887F883221F485E38A95F1F7000073
:105F300084E98093BC0085E38A95F1F70000089519
:105F400048EE5DEF24EA2093BC002091BC0027FFBF
:105F5000FCCF2091B900287F283009F06FC085E37D
:105F60008A95F1F7000020EC2093BB0024E82093F1
:105F7000BC002091BC0027FFFCCF2091B900287FF6
:105F8000283109F05BC085E38A95F1F70000109293
:105F9000BB0024E82093BC002091BC0027FFFCCF6D
:105FA0002091B900287F283209F048C085E38A95FE
:105FB000F1F7000024E92093BC008AE68A95F1F706
:105FC00000C024EA2093BC002091BC0027FFFCCF36
:105FD0002091B900287F283089F585E38A95F1F76B
:105FE000000021EC2093BB0024E82093BC0020910A
:105FF000BC0027FFFCCF2091B900287F2034F1F4AA
:1060000024EC2093BC002091BC0027FFFCCF209102
:10601000B900287F203591F42091BB00522F24E84D
:106020002093BC002091BC0027FFFCCF2091B90039
:10603000287F283519F42091BB00422F24E92093B2
:10604000BC00BA0180E090E057FF0EC00E94634799
:1060500020E030E040E85DE30E94F34820E030E0DB
:1060600040E855E40C9430460E94634720E030E05D
:1060700040E85DE30C94F34894EA9093BC0090915F
:10608000BC0097FFFCCF9091B900987F9830B1F594
:1060900090E49093BB0094E89093BC009091BC0076
:1060A00097FFFCCF9091B900987F983139F5809394
:1060B000BB0084E88093BC008091BC0087FFFCCFCC
:1060C0008091B900887F8832C9F46093BB0084E86E
:1060D0008093BC008091BC0087FFFCCF8091B90009
:1060E000887F883259F44093BB0084E88093BC00D9
:1060F0008091BC0087FFFCCF8091B90084E9809338
:10610000BC008AE68A95F1F700C0089580E4809388
:10611000B800E9EBF0E080818D7F808380818E7F05
:1061200080834091FA136091471282E0A5DF40E03E
:1061300060E086E0A1CF2C9A249A2B9A239A2A9881
:10614000229A80912E1480FF14C0809121148130F6
:1061500021F080912114833021F4149A0C9A5598DF
:1061600008C080912114823021F40C980D98559824
:1061700056980D9815980E9A0F9A3E983D983B9810
:106180003C983A9813980B9A12980A9A1198099A7F
:106190005A98529A0898209A28982998099A3F9ACA
:1061A0004798579A5F98089580E480939F0E369998
:1061B00005C080919F0E8F5F80939F0E359905C01B
:1061C00080919F0E8E5F80939F0E339905C08091C2
:1061D0009F0E8C5F80939F0E349905C080919F0E17
:1061E000885F80939F0E329905C080919F0E805FDB
:1061F00080939F0E0895CF93DF9300D000D0CDB74A
:10620000DEB7F894A89584B7877F84BF0FB6F8945B
:10621000A895809160008861809360001092600072
:106220000FBE109230141092341410922714109252
:106230002C1410922E141092321410922A141092D0
:106240002D141092AA1410929314109257141092B5
:1062500058141092591410925A141092BE1410929D
:10626000BF141092C0141092C1141092B214109264
:10627000B3141092B4141092B514109247121092E5
:10628000FA132FEF84E39CE0215080409040E1F727
:1062900000C000000E94DE1C4EDF9FE088E10FB6C8
:1062A000F894A895809360000FBE90936000A89525
:1062B0002DDF4091FA136091471282E0DDDE74DF3A
:1062C00084B1806B84B98CB580658CBD8CB58D7FB5
:1062D0008CBD8CB58E7F8CBD8DB58E7F8DBD2C9881
:1062E0008091C10088618093C1008091C200866066
:1062F0008093C2001092C50084E08093C400809116
:10630000C10080688093C1005A98529A10928B10F5
:106310001092940F80918000809380008091810082
:106320008B608093810010928B0010928A000E94F3
:106330008C1C909389008093880080916F0082600C
:1063400080936F000E94403D85E08093E61486E0D4
:1063500080935D1584E00E94963F85E00E94944002
:106360000E94653D18D40E940A0B80912E1480FF74
:1063700011C080912114813011F47CDC0BC080911C
:106380002114823011F439DD05C08091211483304D
:1063900009F4B8DC0E94E445109226148FEF9FEFB9
:1063A000E0DB13D8809132148E7F8093321478947E
:1063B000A8958091321480FF1BC107D80E943542F6
:1063C0000E940A0B8091321481FF06C00E94123B8A
:1063D000809132148D7F05C18091940F882389F0BC
:1063E00080912A1486FDFFC080912C1481FDFBC092
:1063F00080912C1482FDF7C00E94FC161092940F1D
:10640000F2C08091321483FFEEC080912E1480FF81
:106410005AC080912114813009F042C04D9953C077
:1064200045DC0E9463476B017C018090FF139090D4
:106430000014A0900114B090021440903F125090AC
:1064400040126090411270904212809162129091BD
:106450006312A0916412B091651289839A83AB8311
:10646000BC83A7019601C701B6010E94F348A501AC
:1064700094010E94F3484B015C01A3019201C70102
:10648000B6010E94F3489B01AC01C501B4010E9412
:10649000314629813A814B815C810E9431460BC093
:1064A00080912114823011F44BDD05C080912114BC
:1064B000833049F45BDC60935612709357128093DB
:1064C000581290935912809126140E942644E12C70
:1064D000F12CD12C80916A1590E00E2C02C095957C
:1064E00087950A94E2F780FF35C08701000F111FDE
:1064F000000F111FF801E559FA4E60817181828108
:1065000093812091221430912314409124145091AE
:1065100025140E943A4887FD02C0DD24D394F80177
:10652000E559FA4E608171818281938120E030E0EB
:1065300040E251EC0E949546181664F020916915CE
:1065400081E090E00E2C01C0880F0A94EAF7822BBC
:10655000809369159FEFE91AF90AA8E0EA16F10499
:1065600009F0B8CFD11002C0059904C080912B1456
:10657000806103C080912B148F7E80932B1420E0C8
:1065800030E040E080916A1590E0022E02C09595BF
:1065900087950A94E2F780FD4F5F2F5F3F4F2830C9
:1065A000310581F780913514481720F080916915E5
:1065B000882321F080912B14806203C080912B14DA
:1065C0008F7D80932B14809126148F5F80932614E7
:1065D00080912614883010F0109226148091321485
:1065E000877F80933214809132148E7F809332148F
:1065F00080912A1486FD0E94470CA895D9CE1F923F
:106600000F920FB60F9211240BB60F922F933F9358
:106610004F935F938F939F93AF93BF93EF93FF93AA
:106620003FB78091C00087FFFCCF8091C6008A30C1
:1066300029F580911B0F833291F590911A0F80916B
:106640009F0E98132CC08091940F811128C020E0D8
:1066500040918B10822F90E050E0FC01E05FFF4EF4
:10666000841795073CF4DC01A65EB04F8C918083C3
:106670002F5FEECF10822093940F11C0882389F0F2
:10668000E0918B10F0E0E65EF04F808380918B10FC
:106690008F5F80938B1080918B10893710F0109250
:1066A0008B103FBFFF91EF91BF91AF919F918F9161
:1066B0005F914F913F912F910F900BBE0F900FBEA6
:1066C0000F901F9018951F920F920FB60F921124E2
:1066D0000BB60F922F938F939F93EF93FF939FB7D8
:1066E0002091950F80919E0E281758F08091C1003F
:1066F0008F7B8093C1005A9810929E0E1092950F36
:106700000DC0E091950FF0E0EA56F04F8081809344
:10671000C6008091950F8F5F8093950F9FBFFF916B
:10672000EF919F918F912F910F900BBE0F900FBE05
:106730000F901F9018951F920F920FB60F92112471
:106740002F934F935F938F939F932FB78091321422
:1067500080FF05C080912B14816080932B14809161
:106760003214816080933214809134148F5F80934F
:1067700034149091341480913114981307C080918F
:106780003214826080933214109234148091281451
:106790009091291401969093291480932814809144
:1067A0002F14409128145091291490E084179507D4
:1067B00049F4809132148860809332141092291425
:1067C000109228142FBF9F918F915F914F912F911D
:1067D0000F900FBE0F901F9018958091271486FF81
:1067E0002DC06091A7107091A8108091A910909170
:1067F000AA1020916B1430916C1440916D1450913B
:106800006E140E943A4818160CF045C06091A7100B
:106810007091A8108091A9109091AA1020917714DE
:10682000309178144091791450917A140E949546D1
:1068300087FF31C0809127148F7B2BC06091A710F8
:106840007091A8108091A9109091AA102091A41481
:106850003091A5144091A6145091A7140E9495461A
:1068600087FD14C06091A7107091A8108091A910A5
:106870009091AA1020916214309163144091641495
:10688000509165140E943A4818162CF480912714F0
:106890008064809327148091271487FF2DC0609116
:1068A000151470911614809117149091181420915A
:1068B000D1143091D2144091D3145091D4140E9429
:1068C0003A4818160CF045C06091151470911614D2
:1068D00080911714909118142091A0143091A11454
:1068E0004091A2145091A3140E94954687FF31C095
:1068F000809127148F772BC0609115147091161416
:10690000809117149091181420919414309195143B
:1069100040919614509197140E94954687FD14C09B
:106920006091151470911614809117149091181499
:1069300020913A1430913B1440913C1450913D14F5
:106940000E943A4818162CF480912714806880938E
:1069500027140895609111147091121480911314EA
:10696000909114142091BA023091BB024091BC0264
:106970005091BD020E94954687FD14C0609111148C
:106980007091121480911314909114142091AA0202
:106990003091AB024091AC025091AD020E943A4856
:1069A00018168CF480915B14882321F080915B147D
:1069B000815019C08091271480628093271488EC3D
:1069C0008093B11408958091B114882331F080919F
:1069D000B11481508093B11405C0809127148F7D2C
:1069E0008093271484E180935B1408958091CC14E4
:1069F00087FDA7C080915C1490915D14892B49F0AC
:106A000080915C1490915D14019790935D14809334
:106A10005C148091CC1480FD49C060911514709174
:106A200016148091171490911814209173143091BA
:106A3000741440917514509176140E943A481816B7
:106A400044F16091A7107091A8108091A9109091C5
:106A5000AA10209153143091541440915514509120
:106A600056140E943A481816A4F06091D5147091FB
:106A7000D6148091D7149091D81420918B14309112
:106A80008C1440918D1450918E140E943A4818161F
:106A90006CF48091CC1482608093CC148091A81403
:106AA0009091A91490935D1480935C148091CC1400
:106AB00080FF47C0609115147091161480911714CF
:106AC000909118142091CD143091CE144091CF1490
:106AD0005091D0140E94954687FF33C06091A71053
:106AE0007091A8108091A9109091AA102091831400
:106AF0003091841440918514509186140E949546DB
:106B000087FF1FC06091D5147091D6148091D7145F
:106B10009091D81420917B1430917C1440917D1475
:106B200050917E140E94954687FF0BC080915C14A3
:106B300090915D14892B29F48091CC148D7F8093E2
:106B4000CC148091CC1481FF04C08091CC1480FFC0
:106B500008C08091CC1481FD1DC08091CC1480FFB1
:106B600019C08091CC1481FF06C01698179A8091A5
:106B7000CC14816005C0169A17988091CC148E7F32
:106B80008093CC148FE19EE40197F1F700C00000E0
:106B9000169A179A089510925D1410925C14169A22
:106BA00017988091CC148E7F8093CC148FE19EE453
:106BB0000197F1F700C00000169A179A0895809186
:106BC000271486FD12C08091271487FD0EC0809186
:106BD000271485FD0AC080912B1484FD06C0809186
:106BE0002B1485FB882780F9089581E00895E7DF5D
:106BF00081110CC08091271484FD08C08091271456
:106C000082FD04C08091271483FF02C05F9A08951B
:106C10005F980895CF936091A7107091A81080910C
:106C2000A9109091AA102091A4143091A51440911C
:106C3000A6145091A7140E94954687FD17C0609135
:106C4000A7107091A8108091A9109091AA1020917E
:106C50006214309163144091641450916514C1E042
:106C60000E943A4818161CF0C0E001C0C1E06091D3
:106C70001514709116148091171490911814209186
:106C800094143091951440919614509197140E9449
:106C9000954687FD14C0609115147091161480916B
:106CA00017149091181420913A1430913B1440918C
:106CB0003C1450913D140E943A4818160CF4C1E05F
:106CC0008C2FCF91089510926A148091AA1480930A
:106CD00093141092BE141092BF141092C01410920C
:106CE000C11480916A14816080936A1460911415B4
:106CF0007091151580911615909117152091871494
:106D0000309188144091891450918A140E94F3485C
:106D10006093C8147093C9148093CA149093CB14D1
:106D200008958F929F92AF92BF92CF92DF92EF928F
:106D3000FF92609114157091151580911615909120
:106D400017158090971090909810A0909910B0907F
:106D50009A10C090BE14D090BF14E090C014F09070
:106D6000C11420E030E04AEF53E40E94F348A5014B
:106D700094010E943146A70196010E94954687FF23
:106D800015C08091971090919810A0919910B09192
:106D90009A108093BE149093BF14A093C014B09324
:106DA000C11480916A148E7F80936A148090B2140B
:106DB0009090B314A090B414B090B5146091DD1409
:106DC0007091DE148091DF149091E01420916F1483
:106DD000309170144091711450917214C090491206
:106DE000D0904A12E0904B12F0904C120E94F3485F
:106DF0009B01AC01C501B4010E943046A701960178
:106E00000E943A48181614F56091BE147091BF1490
:106E10008091C0149091C1142091C8143091C9146C
:106E20004091CA145091CB140E9430466093BE1416
:106E30007093BF148093C0149093C11480916A140E
:106E400080FF64C080916A148E7F4DC06091DD1414
:106E50007091DE148091DF149091E01420916F14F2
:106E60003091701440917114509172148090B2144A
:106E70009090B314A090B414B090B514C09049127F
:106E8000D0904A12E0904B12F0904C120E94F348BE
:106E9000A50194010E943146A70196010E949546E2
:106EA00087FF4EC06091BE147091BF148091C014D2
:106EB0009091C1142091C8143091C9144091CA1402
:106EC0005091CB140E9431466093BE147093BF144E
:106ED0008093C0149093C11480916A1480FD16C0F1
:106EE00080916A14816080936A146091C8147091D3
:106EF000C9148091CA149091CB142091B61430918A
:106F0000B7144091B8145091B91410C06091C814CE
:106F10007091C9148091CA149091CB142091661479
:106F20003091671440916814509169140E94F3489D
:106F30006093C8147093C9148093CA149093CB14AF
:106F40006091141570911515809116159091171573
:106F500020918714309188144091891450918A149B
:106F6000C090C814D090C914E090CA14F090CB140B
:106F70000E94F348A70196010E94954687FF11C021
:106F80006091141570911515809116159091171533
:106F900020918714309188144091891450918A145B
:106FA00030C060911415709115158091161590914F
:106FB00017152091361430913714409138145091A0
:106FC0003914C090C814D090C914E090CA14F0903D
:106FD000CB140E94F348A70196010E943A48181664
:106FE000D4F4609114157091151580911615909137
:106FF0001715209136143091371440913814509160
:1070000039140E94F3486093C8147093C914809394
:10701000CA149093CB146091BE147091BF148091E8
:10702000C0149091C11420E030E0A9010E9495465F
:1070300087FF0DC01092BE141092BF141092C0149E
:107040001092C11480916A14816080936A14FF9039
:10705000EF90DF90CF90BF90AF909F908F9008956A
:1070600010926A1480E090E0AAE7B4EC80935E147A
:1070700090935F14A0936014B09361148093D5141F
:107080009093D614A093D714B093D8148091C614BB
:107090009091C7149093AC148093AB148091AA1470
:1070A000809393140E94590126E636E646E25FE398
:1070B0000E94F3486093BE147093BF148093C01471
:1070C0009093C11480916A14816080936A146091D6
:1070D0001415709115158091161590911715209122
:1070E0008F143091901440919114509192140E94F9
:1070F000F3486093C8147093C9148093CA14909392
:10710000CB1408954F925F926F927F928F929F92CD
:10711000AF92BF92CF92DF92EF92FF928091AB1429
:107120009091AC1401979093AC148093AB14809120
:10713000AB149091AC14892B09F067C28091C614EE
:107140009091C7149093AC148093AB1480916A14FF
:1071500087FF08C080916A148F7780936A140E9419
:107160004A0592C1609114157091151580911615FC
:10717000909117158090971090909810A09099106A
:10718000B0909A10C090BE14D090BF14E090C0147C
:10719000F090C11420E030E04AEF53E40E94F3483D
:1071A000A50194010E943146A70196010E949546CF
:1071B00087FF1CC060919710709198108091991072
:1071C00090919A1026E636E646E65FE30E94F34881
:1071D0006093BE147093BF148093C0149093C11435
:1071E00080916A148E7F80936A1469C0609114152F
:1071F0007091151580911615909117152091DD1439
:107200003091DE144091DF145091E0144090BA1494
:107210005090BB146090BC147090BD1480905E14AC
:1072200090905F14A0906014B0906114C090D51439
:10723000D090D614E090D714F090D8140E94F34860
:10724000A30192010E94F348A50194010E943146D6
:10725000A70196010E94954687FF4CC080916A1451
:1072600080FF13C06091BE147091BF148091C01450
:107270009091C1142091C8143091C9144091CA143E
:107280005091CB140E94314612C06091BE1470918F
:10729000BF148091C0149091C1142091C8143091F2
:1072A000C9144091CA145091CB140E943046609387
:1072B000BE147093BF148093C0149093C114609156
:1072C000C8147091C9148091CA149091CB14209164
:1072D0007F143091801440918114509182140E9447
:1072E000F3486093C8147093C9148093CA149093A0
:1072F000CB1490C080905E1490905F14A0906014A6
:10730000B090611460911415709115158091161547
:10731000909117152091DD143091DE144091DF1407
:107320005091E0144090BA145090BB146090BC147B
:107330007090BD14C090D514D090D614E090D7149E
:10734000F090D8140E94F348A30192010E94F348E0
:107350009B01AC01C501B4010E943046A701960112
:107360000E943A4818160CF066C06091C8147091DB
:10737000C9148091CA149091CB142091AD1430910E
:10738000AE144091AF145091B0140E94F348609332
:10739000C8147093C9148093CA149093CB1480912D
:1073A0006A1480FF18C080916A148E7F80936A14DB
:1073B0006091BE147091BF148091C0149091C1145B
:1073C0002091C8143091C9144091CA145091CB1423
:1073D0000E94304617C080916A14816080936A14BD
:1073E0006091BE147091BF148091C0149091C1142B
:1073F0002091C8143091C9144091CA145091CB14F3
:107400000E9431466093BE147093BF148093C014E1
:107410009093C1148091D5149091D614A091D71453
:10742000B091D81480935E1490935F14A09360146D
:10743000B093611431C080916A1480FF13C06091D1
:10744000BE147091BF148091C0149091C11420910A
:10745000C8143091C9144091CA145091CB140E94A1
:10746000314612C06091BE147091BF148091C01457
:107470009091C1142091C8143091C9144091CA143C
:107480005091CB140E9430466093BE147093BF1489
:107490008093C0149093C1146091141570911515C8
:1074A000809116159091171520918F14309190149A
:1074B0004091911450919214C090C814D090C91466
:1074C000E090CA14F090CB140E94F348A7019601F3
:1074D0000E94954687FF11C0609114157091151593
:1074E000809116159091171520918F14309190145A
:1074F000409191145091921430C060911415709184
:10750000151580911615909117152091C214309180
:10751000C3144091C4145091C514C090C814D090A5
:10752000C914E090CA14F090CB140E94F348A7014C
:1075300096010E943A481816D4F46091141570917F
:10754000151580911615909117152091C214309140
:10755000C3144091C4145091C5140E94F348609321
:10756000C8147093C9148093CA149093CB1460917B
:10757000BE147091BF148091C0149091C11420E08A
:1075800030E0A9010E94954687FF3FC080916A14B0
:10759000816080936A146091141570911515809123
:1075A00016159091171520918F14309190144091D9
:1075B0009114509192140E94F3486093C8147093F0
:1075C000C9148093CA149093CB148091C8149091DD
:1075D000C914A091CA14B091CB148093BE14909397
:1075E000BF14A093C014B093C1148091D51490918E
:1075F000D614A091D714B091D81480935E149093B0
:107600005F14A0936014B0936114FF90EF90DF902B
:10761000CF90BF90AF909F908F907F906F905F9032
:107620004F900895609197107091981080919910E3
:1076300090919A102091491230914A1240914B1228
:1076400050914C120E94F3486093D5147093D61455
:107650008093D7149093D81480912C1487FF0BC07B
:107660008091271482608093271480912C148E7F40
:1076700080932C1405C0809127148D7F809327144C
:10768000ACD868D9B3D9B3DA80912C1480FFD4C0B8
:1076900080912C1481FF1CC0BDDA811104C080913F
:1076A000271485FF0BC0809127148E7F80932714A9
:1076B0004798289880912C148D7FBBC08091271407
:1076C000816080932714479A289A0E94A807D3C004
:1076D00080912C1482FF1CC09DDA811104C080911E
:1076E000271485FF0BC0809127148E7F8093271469
:1076F0004798289880912C148B7F9BC080912714E9
:10770000816080932714479A289A0E942C02B3C064
:1077100056DA8823C1F08091271481608093271462
:10772000479A289880915F15909160159093311534
:10773000809330158091EE149091EF149093EC1497
:107740008093EB1498C08091AA14813061F48091E9
:10775000AA14809393148091271481608093271436
:10776000479A289888C08091AA148230A1F4809109
:10777000AA14809393148091271481608093271416
:10778000479A289A1092BE141092BF141092C014F7
:107790001092C11470C08091AA148330A1F480911A
:1077A000AA148093931480912714816080932714E6
:1077B000479A289A8091571490915814A09159147F
:1077C000B0915A1450C08091AA14843089F48091E9
:1077D0002714816080932714479A289A90919314D4
:1077E0008091AA14981302C09CDA45C06CDA43C099
:1077F0008091AA14853089F4809127148160809348
:107800002714479A289A909193148091AA14981358
:1078100002C078DC30C024DC2EC01092AA14809103
:1078200027148E7F809327144798289880912C14D2
:107830008E7F80932C141FC0809127148E7F80939D
:1078400027144798289880912C148D7F80932C14AE
:1078500080912C148B7F80932C141092931480E0D1
:107860009AEFAFE7B7E48093BE149093BF14A09350
:10787000C014B093C11460919814709199148091C0
:107880009A1490919B142091BE143091BF14409192
:10789000C0145091C1140E949546882351F0609104
:1078A000BE147091BF148091C0149091C1140C94B7
:1078B000C82D0895AF92BF92CF92DF92EF92FF92C0
:1078C0000F931F93CF936B017C0104E010E0C02F56
:1078D0005801AA0CBB1CAA0CBB1CF501ED5CFA4EAE
:1078E0006081718182819381A70196010E943A484B
:1078F00018166CF4F501E85BFA4E20813181428163
:107900005381C701B6010E943A48181624F001506D
:107910001109E8F6C4E02C2F30E08091E61490E0E5
:1079200001962817390799F4E091E61484E0E89F5E
:10793000F0011124ED5CFA4E2081318142815381A6
:10794000C701B6010E94954687FF1CC019C08091EF
:10795000E61490E0019728173907A1F4E091E614A6
:1079600084E0E89FF0011124E85BFA4E2081318128
:1079700042815381C701B6010E943A48181614F497
:10798000C091E6148C2FCF911F910F91FF90EF9033
:10799000DF90CF90BF90AF900895AF92BF92CF92FB
:1079A000DF92EF92FF920F931F93CF936B017C01B5
:1079B00005E010E0C02F5801AA0CBB1CAA0CBB1C90
:1079C000F501E051FB4E6081718182819381A701B5
:1079D00096010E943A4818166CF4F501E85EFA4EDA
:1079E0002081318142815381C701B6010E943A480A
:1079F000181624F001501109E8F6C5E02C2F30E0EC
:107A000080915D1590E001962817390799F4E0916F
:107A10005D1584E0E89FF0011124E051FB4E2081C8
:107A2000318142815381C701B6010E94954687FF8B
:107A30001CC019C080915D1590E001972817390787
:107A4000A1F4E0915D1584E0E89FF0011124E85E67
:107A5000FA4E2081318142815381C701B6010E94D3
:107A60003A48181614F4C0915D158C2FCF911F91D0
:107A70000F91FF90EF90DF90CF90BF90AF9008955F
:107A80008091FA1381608093FA134091FA13609108
:107A9000471282E00E943C308FE891E00197F1F7B5
:107AA00000C000008091FA138E7F8093FA134091FA
:107AB000FA136091471282E00E943C308FE891E017
:107AC0000197F1F700C0000008954F925F926F9206
:107AD0007F928F929F92AF92BF92CF92DF92EF925E
:107AE000FF92CF93DF93CDB7DEB7A0970FB6F89490
:107AF000DEBF0FBECDBF109231151092301510921F
:107B0000EC141092EB148CE791E00E94B31929E178
:107B100036E647E656E40E94F3486B017C018CE6AA
:107B200091E00E94B31920E038EF42E757E40E9449
:107B3000F34869837A838B839C838CE591E00E9470
:107B4000B31920E038EF42E757E40E94F3486D8311
:107B50007E838F8398878CE491E00E94B31920E0A4
:107B600038EF42E757E40E94F34869877A878B87AA
:107B70009C878CE391E00E94B319698F7A8F8B8F79
:107B80009C8F8CE291E00E94B31920E038EF42E72D
:107B900057E40E94F3484B015C0180E291E00E94AF
:107BA000B31920E038EF42E757E40E94F3486D87AD
:107BB0007E878F87988B84E191E00E94B31920E043
:107BC00038EF42E757E40E94F348698B7A8B8B8B3E
:107BD0009C8B88E091E00E94B31920E038EF42E7E7
:107BE00057E40E94F3482B013C018CEF90E00E9487
:107BF000B31920E038EF42E757E40E94F3486D8B59
:107C00007E8B8F8B988F80EF90E00E94B3196D8FE1
:107C10007E8F8F8F98A32AE037ED43E85FE3C7019B
:107C2000B6010E94F348E3E3F5E160837183828348
:107C300093832AE037ED43E85FE369817A818B81A2
:107C40009C810E94F3486093371570933815809398
:107C5000391590933A152AE037ED43E85FE36D81DB
:107C60007E818F8198850E94F34860933B157093C5
:107C70003C1580933D1590933E152AE037ED43E87F
:107C80005FE369857A858B859C850E94F3486093C4
:107C90003F1570934015809341159093421520E055
:107CA00038EF42E757E4698D7A8D8B8D9C8D0E9469
:107CB000F3482AE037ED43E85FE30E94F34860931E
:107CC0004315709344158093451590934615D7013D
:107CD000C601B058E8E4F5E180839183A283B383C1
:107CE00026E636E646E65FE3C701B6010E94F348A2
:107CF00060934C1570934D1580934E1590934F15CE
:107D000026E636E646E65FE369817A818B819C81CF
:107D10000E94F3486093501570935115809352154B
:107D20009093531526E636E646E65FE36D817E8145
:107D30008F8198850E94F348609354157093551570
:107D4000809356159093571526E636E646E65FE390
:107D500069857A858B859C850E94F34860935815C8
:107D60007093591580935A1590935B152AE037ED5F
:107D700043E85FE3C501B4010E94F348E0EFF4E19A
:107D800060837183828393832AE037ED43E85FE366
:107D90006D857E858F8598890E94F3486093F414E1
:107DA0007093F5148093F6149093F7142AE037ED4E
:107DB00043E85FE369897A898B899C890E94F3484B
:107DC0006093F8147093F9148093FA149093FB1451
:107DD0002AE037ED43E85FE3C301B2010E94F348B4
:107DE0006093FC147093FD148093FE149093FF1421
:107DF0002AE037ED43E85FE36D897E898F89988DAE
:107E00000E94F3486093001570930115809302154A
:107E10009093031520E038EF42E757E46D8D7E8D97
:107E20008F8D98A10E94F3482AE037ED43E85FE385
:107E30000E94F3486093041570930515809306150E
:107E400090930715D501C401B058E8E1F5E18083AE
:107E50009183A283B38326E636E646E65FE3C50157
:107E6000B4010E94F34860931C1570931D15809314
:107E70001E1590931F1526E636E646E65FE36D85F0
:107E80007E858F8598890E94F348609320157093B2
:107E90002115809322159093231526E636E646E6B3
:107EA0005FE369897A898B899C890E94F348609392
:107EB000241570932515809326159093271526E693
:107EC00036E646E65FE3C301B2010E94F3486093E1
:107ED00028157093291580932A1590932B1526E663
:107EE00036E646E65FE36D897E898F89988D0E942C
:107EF000F34860932C1570932D1580932E15909355
:107F00002F15A0960FB6F894DEBF0FBECDBFDF9140
:107F1000CF91FF90EF90DF90CF90BF90AF909F9068
:107F20008F907F906F905F904F900895CF93C82F60
:107F300080915F1590916015909331158093301565
:107F40008091121580935C158C2F0E94CB19809123
:107F5000E614882341F08091E614813021F080916D
:107F6000E614823021F481E0C33088F40DC08091A2
:107F7000E614833021F08091E614843039F481E0F6
:107F80009DEF9C0F923018F480E001C081E0909149
:107F9000E614992341F09091E614913021F09091EC
:107FA000E614943039F4C23008F4ABC091E0C43028
:107FB00079F40DC09091E614923021F09091E6147E
:107FC000933049F491E02EEF2C0F223008F490E02A
:107FD000813071F403C0813071F491E02091471237
:107FE0002E7F20934712209147122D7F2093471216
:107FF000913009F082C0909147129B7F9093471275
:1080000090914712977F90934712C11104C09091AD
:108010004712986007C0C130D1F3C23059F4909133
:1080200047129460909347128130B1F480914712C7
:10803000816010C091E0C33009F06AC0913029F42A
:1080400090914712946090934712813029F4809167
:1080500047128260809347124091FA136091471251
:1080600082E00E943C308FED9EE20197F1F700C064
:108070000000609198147091991480919A149091D5
:108080009B140E94C82D8FE59DE60197F1F700C073
:1080900000008091471281608093471280914712BF
:1080A00082608093471280914712846080934712C8
:1080B000809147128860809347124091FA13609133
:1080C000471282E00E943C308FE39CE90197F1F770
:1080D00000C00000C093E6148091E5148160809395
:1080E000E51480912B148E7F80932B148091321491
:1080F0008E7F80933214CF910895CC2309F494CFCE
:1081000004C08130D1F790E069CFC13041F48CCF09
:10811000913009F09ACF90914712986094CFC23075
:1081200009F482CF90E087CFCF93C82F80915D155F
:10813000813041F080915D15833021F080915D1593
:10814000853041F48C2F8D7F8130C9F081E0C530BE
:10815000B9F415C080915D15882341F080915D15BB
:10816000823021F080915D15843039F48C2F8D7F21
:1081700031F081E0C43021F402C081E001C080E030
:108180002091EE143091EF143093EC142093EB1403
:108190009091321590935E159091FA139E7F909373
:1081A000FA13909147129F7D909347129091471236
:1081B0009F7E90934712909147129F77909347121A
:1081C000909147129F7B909347129091FA13C1119F
:1081D00009C098609093FA13813081F4809147121E
:1081E00080640AC0C13071F498609093FA138130B2
:1081F00029F480914712806880934712809147123A
:1082000080612BC0C23049F494609093FA1381309E
:1082100081F48091471280640AC0C33071F4946085
:108220009093FA13813029F48091471280688093EB
:10823000471280914712806210C092609093FA13A7
:10824000C43031F4813059F480914712806405C004
:10825000813029F4809147128068809347124091C1
:10826000FA136091471282E00E943C308FE39CE950
:108270000197F1F700C00000809147128068809359
:10828000471280914712806480934712CC2311F0EB
:10829000C13049F48091FA138D7F8093FA13809155
:1082A000FA138B7F10C0C23021F48091FA138D7FB6
:1082B00005C0C330D1F38091FA138B7F8093FA13FA
:1082C0008091FA13877F8093FA134091FA1360919B
:1082D000471282E00E943C308C2F0E94D61A8FE316
:1082E0009CE90197F1F700C00000C0935D158091F3
:1082F000E51482608093E51480912B148E7F809327
:108300002B14809132148E7F80933214CF91089574
:10831000282F31E0C901992399F02091471530E0C9
:10832000082E02C0359527950A94E2F720FD02C079
:108330008F5F01C090E024E030E0853060F3EACF49
:1083400008958091E6149091ED1494FF02C08F5F20
:1083500009C0609197107091981080919910909138
:108360009A10A8DAD5DF853008F084E09091E61401
:10837000981740F09091E614891778F490912B1497
:1083800092FD0BC090915C15992331F080915C15A2
:10839000815080935C150895C9CD0895282F31E050
:1083A000C901992399F02091081530E0082E02C0E8
:1083B000359527950A94E2F720FD02C08F5F01C032
:1083C00090E025E030E0863060F3EACF0895CF9367
:1083D000C0915D15009904C080912714806103C08D
:1083E000809127148F7E809327148091ED1486FD51
:1083F00004C08091271484FF0DC08C2F90E0049757
:1084000014F4CE5F01C0CF5F8091271484FF0CC0AD
:1084100037DB0AC060914E1270914F12809150125A
:1084200090915112BADAC82F8C2FB8DF863008F03D
:1084300085E090915D15981740F090915D15891732
:1084400070F490912B1493FD0EC090915E159923BA
:1084500021F080915E15815004C0CF9165CE80914E
:10846000321580935E15CF910895809130159091CB
:108470003115892B69F08091301590913115019754
:10848000909331158093301580912B14846003C034
:1084900080912B148B7F80932B148091EB149091FF
:1084A000EC14892B69F08091EB149091EC140197F6
:1084B0009093EC148093EB1480912B14886003C08C
:1084C00080912B14877F80932B1480912C1487FF2D
:1084D00009C08091ED1482FF05C08091ED14816088
:1084E0008093ED148091ED1480FF09C09091E61403
:1084F000809111159817B9F08091111513C08091D2
:10850000271480FF02C01DDF0EC080915F1590917F
:10851000601590933115809330158091E614843066
:1085200011F084E003DD009904C08091271480617C
:1085300003C0809127148F7E8093271480912C1480
:1085400087FF09C08091ED1483FF05C08091ED1471
:1085500082608093ED148091ED1481FF09C09091A9
:108560005D15809113159817D1F08091131516C0E1
:108570008091271480FD2BCF8091EE149091EF1401
:108580009093EC148093EB1480912B14886080936B
:108590002B1480915D15853011F085E0C5CD0895CF
:1085A0008F929F92AF92BF92CF92DF92EF92FF9203
:1085B0009C01215031092E3F3F4008F03BC0BC01D7
:1085C00080E090E080D420E030EF4FE755E4B1D375
:1085D0006B017C0120E030E44CE156E404D64B0111
:1085E0005C01A701960160E070E080E89FE338D36A
:1085F0009B01AC01C501B4019CD320E030E44CE107
:1086000056E497D37DD520E030E049E755E491D397
:108610002FE03FEC4BE55BE324D39B01AC0160E032
:1086200070E080E89FE385D323E333E948E853E42F
:1086300017D304C06DEC7CEC87EC92E4FF90EF90D4
:10864000DF90CF90BF90AF909F908F900895CF9282
:10865000DF92EF92FF9223E333E948E853E401D33A
:108660009B01AC0160E070E080E89FE362D32FE003
:108670003FEC4BE55BE3F4D220E030E049E755E422
:10868000B2D5C4D320E030E44CE156E4ACD56B0164
:108690007C0120E030E44CE156E4E3D29B01AC01E4
:1086A000C701B60146D320E030EF4FE755E49BD534
:1086B0006B017C0120E030E0A90137D387FD11C0B8
:1086C00020E030EF4FE755E4C701B601D3D41816C8
:1086D0005CF4C12C80EFD82E8FE7E82E85E4F82ECD
:1086E00003C0C12CD12C7601C701B601C0D3CB0188
:1086F000FF90EF90DF90CF90089580E197E2209176
:10870000BC0027FD04C00197D1F780E0089581E007
:108710000895FF920F931F93CF93DF938B01E82F60
:10872000F0E0EE55FD4FC08184EAF82EF092BC00D7
:10873000E4DF882309F47CC08091B900887F883009
:1087400009F076C085E38A95F1F700008C2F880F39
:108750008093BB00D4E8D093BC00CFDF882309F41A
:1087600067C08091B900887F883109F061C095E3C6
:108770009A95F1F700001092BB00D093BC00BDDFCA
:10878000882309F455C08091B900887F883209F0A8
:108790004FC0E5E3EA95F1F70000F092BC00ADDFD1
:1087A000882309F445C08091B900887F803109F0A1
:1087B0003FC0F5E3FA95F1F70000CC0FC160C0931C
:1087C000BB00D093BC0099DF882391F18091B90060
:1087D000887F803469F585E38A95F1F7000084ECA1
:1087E0008093BC008ADF882319F18091B900887FCB
:1087F0008035F1F4C091BB0084E88093BC007DDF3C
:108800008823B1F08091B900887F883589F4809100
:10881000BB0094E99093BC0095E39A95F1F70000B2
:1088200090E09C2B9F70F8019183808381E008C0C9
:1088300084E98093BC00F5E3FA95F1F7000080E04D
:10884000DF91CF911F910F91FF900895EF92FF92CA
:108850001F93CF93DF9300D0CDB7DEB720916A1579
:10886000E82EF12C30E0082E02C0359527950A94A9
:10887000E2F720FF2AC0BE016F5F7F4F4ADF8823E7
:10888000C9F089819A818CDEF701EE0FFF1FEE0F90
:10889000FF1FE559FA4E6083718382839383209191
:1088A000691581E090E001C0880FEA94EAF78095AD
:1088B000822309C02091691581E090E001C0880FF2
:1088C000EA94EAF7822B809369150F900F90DF915D
:1088D000CF911F91FF90EF900895CF93C82F84EA16
:1088E0008093BC000ADF882309F43DC08091B90061
:1088F000887F8830C1F585E38A95F1F70000CC0FB9
:10890000C093BB00C4E8C093BC00F7DE882359F1D4
:108910008091B900887F883131F585E38A95F1F738
:10892000000082E08093BB00C093BC00E6DE882399
:10893000D1F08091B900887F8832A9F485E38A95C7
:10894000F1F7000082EE8093BB00C093BC00D5DE3F
:10895000882349F08091B900887F883221F485E32B
:108960008A95F1F7000084E98093BC0085E38A953D
:10897000F1F70000CF9108950F931F93CF93C82F65
:1089800060912214709123148091241490912514E5
:108990005EDE8C0184EA8093BC00AFDE882309F49C
:1089A0004EC08091B900887F883009F048C085E3C7
:1089B0008A95F1F70000CC0FC093BB00C4E8C093C8
:1089C000BC009BDE8823D9F18091B900887F883173
:1089D000B1F585E38A95F1F7000083E08093BB0051
:1089E000C093BC008ADE882351F18091B900887F52
:1089F000883229F51F7085E38A95F1F700001093FE
:108A0000BB00C093BC0079DE8823C9F08091B90017
:108A1000887F8832A1F485E38A95F1F700000093FE
:108A2000BB00C093BC0069DE882349F08091B90087
:108A3000887F883221F485E38A95F1F7000084E984
:108A40008093BC0085E38A95F1F70000CF911F91D8
:108A50000F910895EF92FF921F93CF93DF93182FFA
:108A60006091221470912314809124149091251404
:108A700020E030E040EA50E4F3D0E9DDEC01609121
:108A80002214709123148091241490912514DFDD19
:108A90007C0184EA8093BC0030DE882309F451C055
:108AA0008091B900887F883009F04BC085E38A95B2
:108AB000F1F70000110F1093BB0014E81093BC00F5
:108AC0001CDE882309F43DC08091B900887F88317D
:108AD000C1F585E38A95F1F7000085E08093BB003E
:108AE0001093BC000ADE882361F18091B900887F71
:108AF000883239F5CE19DF09DF7085E38A95F1F701
:108B00000000D093BB001093BC00F7DD8823C9F0B0
:108B10008091B900887F8832A1F485E38A95F1F7C6
:108B20000000C093BB001093BC00E7DD882349F030
:108B30008091B900887F883221F485E38A95F1F726
:108B4000000084E98093BC0085E38A95F1F700007A
:108B5000DF91CF911F91FF90EF900895CF93C82F91
:108B6000BCDE8C2F09DF8C2FCF9174CFCF93C82F11
:108B700084EA8093BC00C1DD8823E1F08091B900D4
:108B8000887F8830B9F4CC0FC093BB0084E8809311
:108B9000BC00B3DD882371F08091B900887F8831F3
:108BA00049F484E98093BC0085E38A95F1F70000DD
:108BB00081E008C084E98093BC0085E38A95F1F7E1
:108BC000000080E0CF9108958F929F92AF92BF9264
:108BD000DF92EF92FF920F931F93CF93DF93109248
:108BE0006A151092691502EA12E0C0E0D0E0EE24A6
:108BF000E394F12C26E6822E982C2EE1A22E21EC75
:108C0000B22EF801D1908F018D2DB0DF882369F04D
:108C100020916A15C7010C2E01C0880F0A94EAF74B
:108C2000822B80936A158D2D99DFFE01EE0FFF1FB9
:108C3000EE0FFF1FE559FA4E80829182A282B38225
:108C40002196C830D105E9F6DF91CF911F910F91A0
:108C5000FF90EF90DF90BF90AF909F908F9008951E
:108C60005058BB27AA270ED0CBC1BCD130F0C1D100
:108C700020F031F49F3F11F41EF48CC10EF4E09506
:108C8000E7FB82C1E92FCDD180F3BA1762077307E2
:108C90008407950718F071F49EF5E5C10EF4E09590
:108CA0000B2EBA2FA02D0B01B90190010C01CA01A6
:108CB000A0011124FF27591B99F0593F50F4503E51
:108CC00068F11A16F040A22F232F342F4427585F43
:108CD000F3CF469537952795A795F0405395C9F75B
:108CE0007EF41F16BA0B620B730B840BBAF0915013
:108CF000A1F0FF0FBB1F661F771F881FC2F70EC0B2
:108D0000BA0F621F731F841F48F487957795679584
:108D1000B795F7959E3F08F0B3CF9395880F08F06D
:108D20009927EE0F9795879508950AD108F481E069
:108D300008950CD065C15DD140F054D130F021F4DC
:108D40005F3F19F021C151118FC124C16AD198F33D
:108D50009923C9F35523B1F3951B550BBB27AA27BC
:108D600062177307840738F09F5F5F4F220F331F2E
:108D7000441FAA1FA9F333D00E2E3AF0E0E830D0FA
:108D800091505040E695001CCAF729D0FE2F27D0FD
:108D9000660F771F881FBB1F261737074807AB07CB
:108DA000B0E809F0BB0B802DBF01FF2793585F4F40
:108DB0002AF09E3F510568F0E7C056C15F3FECF3D3
:108DC000983EDCF3869577956795B795F7959F5F05
:108DD000C9F7880F911D9695879597F90895E1E059
:108DE000660F771F881FBB1F621773078407BA07B8
:108DF00020F0621B730B840BBA0BEE1F88F7E09513
:108E0000089519F40EF0C0C02EC1C4C012D1C8F329
:108E10009638C0F707F80F92E8942BE33AEA48EB4C
:108E20005FE7EFD10F920F920F924DB75EB70F929F
:108E3000A7D1ECE8F0E0B1D04F915F91EF91FF91B5
:108E4000E595EE1FFF1F49F0FE57E0684427EE0F3F
:108E5000441FFA95E1F74195550B19D10F9007FE84
:108E60000DC1089504D06894B111FEC00895E1D0F9
:108E700088F09F5790F0B92F9927B751A0F0D1F003
:108E8000660F771F881F991F1AF0BA95C9F712C08D
:108E9000B13081F0E8D0B1E00895E5C0672F782FB8
:108EA0008827B85F39F0B93FCCF3869577956795F9
:108EB000B395D9F73EF490958095709561957F4F65
:108EC0008F4F9F4F0895E89409C097FB3EF490950B
:108ED0008095709561957F4F8F4F9F4F9923A9F093
:108EE000F92F96E9BB279395F69587957795679522
:108EF000B795F111F8CFFAF4BB0F11F460FF1BC066
:108F00006F5F7F4F8F4F9F4F16C0882311F096E9F8
:108F100011C0772321F09EE8872F762F05C06623A6
:108F200071F096E8862F70E060E02AF09A95660F5F
:108F3000771F881FDAF7880F9695879597F9089518
:108F4000990F0008550FAA0BE0E8FEEF161617065A
:108F5000E807F907C0F012161306E407F50798F0C2
:108F6000621B730B840B950B39F40A2661F0232BDB
:108F7000242B252B21F408950A2609F4A140A69557
:108F80008FEF811D811D089597F99F6780E870E03C
:108F900060E008959FEF80EC0895DF93CF931F93D7
:108FA0000F93FF92EF92DF927B018C01689405C0D2
:108FB000DA2EEF0124D1FE01E894A5912591359197
:108FC00045915591AEF3EF015DDEFE019701A801D9
:108FD000DA9479F7DF90EF90FF900F911F91CF9186
:108FE000DF91089500240A9416161706180609063C
:108FF000089500240A94121613061406050608950F
:10900000092E0394000C11F4882352F0BB0F40F496
:10901000BF2B11F460FF04C06F5F7F4F8F4F9F4FD6
:10902000089557FD9058440F551F59F05F3F71F058
:109030004795880F97FB991F61F09F3F79F08795BF
:109040000895121613061406551FF2CF4695F1DF48
:1090500008C0161617061806991FF1CF86957105D8
:10906000610508940895E894BB2766277727CB010C
:1090700097F9089565DF08F48FEF08959B01AC011F
:1090800060E070E080E89FE354CE7ECF50C1D1DF36
:10909000E8F39923D9F3940F511DBBF3915050403D
:1090A00094F059F0882332F0660F771F881F915093
:1090B0005040C1F79E3F510544F7880F911D96958A
:1090C000879597F908955F3FACF0983E9CF0BB27D9
:1090D000869577956795B79508F4B1609395C1F734
:1090E000BB0F58F711F460FFE8CF6F5F7F4F8F4FD2
:1090F0009F4FE3CFB9CF0EF01AC14CCF689444CF45
:1091000098DFC8F39923D1F3C6F3DF93CF931F936E
:109110000F93FF92C92FDD2788232AF02197660F2E
:10912000771F881FDAF720E030E040E85FEB9FE32D
:10913000883920F0803E30F021968F7792DDE4EB85
:10914000F0E003C08EDDE1EEF0E027DF8B01BE0131
:10915000EC01FB2E6F5771097595771F880B990BE2
:10916000B4DE28E132E741E35FE349D0AF2D980157
:10917000AE01FF900F911F91CF91DF9183DD40CF22
:10918000FA01DC01AA0FBB1F9B01AC01BF5728F4F9
:1091900022273327442750781FC0B75188F4AB2FBC
:1091A0000024469537952795011CA395D2F30020FE
:1091B00069F0220F331F441FB395DAF30DD050CD61
:1091C00061307105A0E88A07B94630F49B01AC0113
:1091D0006627772788279078309621F0208331837F
:1091E0004283538308950BD00BCFFCDE28F001DFC0
:1091F00018F0952309F0C8CECDCE112435CF11DF5C
:10920000A0F3959FD1F3950F50E0551F629FF00199
:10921000729FBB27F00DB11D639FAA27F00DB11DF2
:10922000AA1F649F6627B00DA11D661F829F22277B
:10923000B00DA11D621F739FB00DA11D621F839F02
:10924000A00D611D221F749F3327A00D611D231FD8
:10925000849F600D211D822F762F6A2F11249F5726
:1092600050408AF0E1F088234AF0EE0FFF1FBB1F49
:10927000661F771F881F91505040A9F79E3F5105E8
:1092800070F082CEF1CE5F3FECF3983EDCF3869532
:1092900077956795B795F795E7959F5FC1F7FE2B93
:1092A000880F911D9695879597F90895C2DEE0F095
:1092B0009E37D8F09639B8F49E3848F4672F782F47
:1092C0008827985FF9CF8695779567959395953917
:1092D000D0F3B62FB1706B0F711D811D20F48795EF
:1092E00077956795939508C022C0BECE9F932ED0E8
:1092F0000F9007FCEE5F51C0882371F4772321F0B3
:109300009850872B762F07C0662311F499270DC03C
:109310009051862B70E060E02AF09A95660F771FD7
:10932000881FDAF7880F9695879597F908959F3FDC
:1093300031F0915020F4879577956795B795880F10
:10934000911D9695879597F9089524CE72DEE8F3DE
:10935000E894E0E0BB279F57F0F02AED3FE049ECAE
:1093600006C0EE0FBB0F661F771F881F28F0B23AAA
:1093700062077307840728F0B25A620B730B840BE1
:10938000E3959A9572F7803830F49A95BB0F661F73
:10939000771F881FD2F79048CCCFEF93E0FF06C02D
:1093A000A2EA2AED3FE049EC5FEB6CDC29DE0F908E
:1093B000039401FC9058EEE0F1E000C09F938F937E
:1093C0007F936F93FF93EF939B01AC010CDFEF91C1
:1093D000FF91E3DD2F913F914F915F9104CFCF92A9
:1093E000DF92FF920F931F93CF93DF93EA01F02E4A
:1093F000122F283008F017E000E0212FAE01BAD07C
:109400009881292F2870DE0190FF06C0211104C029
:1094100011962DE228830CC0F1FE03C011963BE2A9
:1094200004C0F0FE03C0119630E23883211105C05C
:1094300092FF0CC06CE271E002C064E371E0F2FEE6
:1094400002C06C5F7F4FCD016DD145C0FD013196EB
:1094500029812C93213309F09F7E1123B9F0AE01AD
:109460004E5F5F4F6F01312F2EE2DA016D91AD013A
:10947000D6012D936D013150262FB9F71150DF0120
:10948000A10FB11DFD01329611966C93F2FC02C042
:1094900025E601C025E42083DF01129687FF04C082
:1094A0009DE2918381950AC0811106C094FF04C09A
:1094B0009DE2918390E308C09BE2918390E38A3020
:1094C0001CF09F5F8A50FBCF9C93805D11968C931C
:1094D000119712961C92CE01DF91CF911F910F919F
:1094E000FF90DF90CF9008956627772791C1FC0108
:1094F00088279927E89421912032E9F3293010F048
:109500002E30C8F32B3239F02D3231F4689403C079
:109510003DD1820F911D219120532A30C8F31EF4B2
:10952000909581959F4F08951F93FC019927882757
:10953000BC01E89411911032E9F3193010F01E309B
:10954000C8F31B3249F01D3241F4689405C009D1BB
:10955000610F711D811D911D119110531A30B8F3C7
:109560003EF490958095709561957F4F8F4F9F4FFA
:109570001F910895283008F027E03327DA01990F6A
:10958000311D87FD916000966105710539F43260E7
:109590002E5F3D9330E32A95E1F708959F3F30F029
:1095A00080387105610509F03C5F3C5F3D93913067
:1095B00008F08068911DDF93CF931F930F93FF9264
:1095C000EF92192F987F9695E92F96959695E90F2A
:1095D000FF27EA56FE4F99273327EE24FF24A701E1
:1095E000E70105900894079428F4360FE71EF81E4B
:1095F000491F511D660F771F881F991F0694A1F7F9
:109600000590079428F4E70EF81E491F561FC11D48
:10961000770F881F991F661F0694A1F7059007947E
:1096200028F4F80E491F561FC71FD11D880F991F18
:10963000661F771F0694A1F70590079420F4490F41
:10964000561FC71FD81F990F661F771F881F0694C4
:10965000A9F784911095177041F0D695C795579545
:109660004795F794E7941A95C1F7ECE3F1E0689415
:109670001590159135916591959105907FE27395BF
:10968000E118F10A430B560BC90BD009C0F7E10CE6
:10969000F11E431F561FC91FD01D7EF4703311F4F5
:1096A0008A95E6CFE894015030F0080F0AF40027BD
:1096B000021708F4202F2395022F7A3328F079E33C
:1096C0007D932A95E9F710C07D932A9589F6069433
:1096D00097956795379517951794E118F10A430BFD
:1096E000560BC90BD00998F023957E9173957A3368
:1096F00008F070E37C932013B8F77E9170617D933E
:1097000030F0839571E37D9370E32A95E1F711249E
:10971000EF90FF900F911F91CF91DF91992787FDD7
:1097200090950895FB01DC0105900D920020E1F772
:109730000895BB274A3031F4992322F4BDE2909575
:1097400081959F4F4DC0BB272A3051F4992342F495
:10975000BDE290958095709561957F4F8F4F9F4F9B
:109760001EC0592F482F372F262F660F771F881FAF
:10977000991F660F771F881F991F620F731F841F21
:10978000951F660F771F881F991F08957AE0979F8E
:10979000902D879F802D910D11240895BB27FA01EC
:1097A000A62F6217710581059105330B30FB66F01A
:1097B000AA27660F771F881F991FAA1FA21710F0EC
:1097C000A21B63953850A9F7A05DAA3308F0A95DE4
:1097D000A19336F7B111B1931082CA018CC1BB2796
:1097E000FB015527AA27880F991FAA1FA41710F05D
:1097F000A41B83955051B9F7A05DAA3308F0A95D69
:10980000A193009779F7B111B1931192CB0173C174
:109810008F929F92AF92BF92CF92DF92EF92FF9280
:109820000F931F93CF93DF93EC016B0161157105CB
:1098300019F0FB01918380837E01FFEFEF1AFF0A8D
:109840000881802F90E037D1892B11F0E701F4CF08
:109850000D3239F47E0182E0E80EF11C098111E03D
:1098600008C00B3229F47E0192E0E90EF11C098157
:1098700010E0E701219743E050E06EE372E0CE0193
:1098800022D1892BB9F4239645E050E069E372E0D8
:10989000CE0119D1892B09F42596C114D10419F0F0
:1098A000F601D183C0831111F0C060E070E080E860
:1098B0009FE7F4C043E050E066E372E0CE0103D1DD
:1098C000892B59F4C114D10409F4E4C0F2E0EF0E7D
:1098D000F11CF601F182E082DDC020E030E0A90158
:1098E000C0E0D0E0F70160EDA62EA00E89E08A1559
:1098F00028F1912F9260B92E812F887012FF04C039
:10990000811123C0219621C081112197A5E0B0E0EB
:1099100034D1DC01CB01880F991FAA1FBB1F9C010A
:10992000AD012A0D311D411D511D283989E9380726
:10993000480789E1580748F0166006C09EEFA91253
:109940000AC013FD40C01860B12E8FEFE81AF80A64
:1099500000811B2DC7CF802F8F7D8534A1F580819D
:109960008D3211F4106106C08B3221F0319661E026
:1099700070E004C08181329662E070E080538A30EA
:1099800018F0E61BF70B1FC060E070E060389CE049
:1099900079075CF4DB01AA0FBB1FAA0FBB1F6A0F7C
:1099A0007B1F660F771F680F711D3196DF011197BE
:1099B0008C9180538A3050F314FF03C071956195E8
:1099C0007109C60FD71F11FF08C0C114D10429F0B7
:1099D000CF010197F60191838083CA01B90173DA3F
:1099E000212F2370233019F04B015C0106C04B017D
:1099F0005C01B7FAB094B7F8B09420E030E0A90168
:109A0000C501B40192D9882309F43CC0D7FF06C030
:109A1000D195C195D10905E512E002C00DE612E02D
:109A20006801F8E1CF1AD10890E2E92EF12CCE15A9
:109A3000DF056CF0F8012591359145915491C501F0
:109A4000B401D1DB4B015C01CE19DF09F0CF04502A
:109A50001109F594E7940C151D0549F78A2D880F17
:109A60008B2D881F8F3F41F020E030E0A901C50118
:109A7000B4015BD9811106C082E290E090938C150D
:109A800080938B15C501B40109C060E070E080E8E7
:109A90009FEF04C060E070E080EC9FE7DF91CF9122
:109AA0001F910F91FF90EF90DF90CF90BF90AF90FC
:109AB0009F908F90089591112EC0803219F0895097
:109AC0008550D0F70895FB01DC014150504088F0EB
:109AD0008D9181341CF08B350CF4805E659161347E
:109AE0001CF06B350CF4605E861B611171F3990BF1
:109AF0000895881BFCCFDC01FC01672F719177234F
:109B0000E1F7329704C07C916D9370836291AE1738
:109B1000BF07C8F30895992788270895DC01CB0172
:109B2000FC01F999FECF06C0F2BDE1BDF89A31966D
:109B300000B40D9241505040B8F70895F999FECF06
:109B400092BD81BDF89A992780B50895DC01CB01BB
:109B500002C02D9105D041505040D8F70895262FCE
:109B6000F999FECF1FBA92BD81BD20BD0FB6F89402
:109B7000FA9AF99A0FBE0196089509D0A59F900D03
:109B8000B49F900DA49F800D911D11240895A29F54
:109B9000B001B39FC001A39F700D811D1124911DC1
:109BA000B29F700D811D1124911D0895F894FFCF6F
:109BB000524541443F004F55545000310030002A77
:109BC000005342523F004F50433F0049444E3F0034
:109BD0004F5045545F52312E34430056312E3136AA
:109BE000412D4430384D3033593733004C4F4144C8
:109BF0003A004D4F444500534554564F4C54005382
:109C0000455443555252004D5050543A44454C41EE
:109C100059004D454153004441544100504F494E75
:109C20005453004156523A5643004156523A534516
:109C3000545300434F533A504841534500564F4305
:109C40003A4D554C54005452414E533A00454E44FF
:109C5000564F4C540052414E47453A0041435456EA
:109C6000414C004944564F4C54006175746F004993
:109C70004443555252004F43525354004F4E564F97
:109C80004C54004F4E435552520043414C3A00450C
:109C90003F005343414C45004E6F2043616C21000F
:109CA0004F46465345540046414E3A004D414E20E2
:109CB0004F4646004D414E204F4E004155544F00F7
:109CC0004155544F204F4E004155544F204F46466A
:109CD00000445249563A00565345543F00494447C0
:109CE00041494E004944494E54004144433A0041E1
:109CF00056523A4F54484552004359434C45533A03
:109D00005643004545524F4D3A005752495445007D
:109D100054454D503F004552525F41445221004549
:109D200052525F56414C21004E6F45726F6D2100BB
:109D30004552525F454550524F4D5F4144522100BC
:109D40004552525F454550524F4D5F56414C2100A0
:0A9D5000090050515254555658595D
:00000001FF
