S01400004D5050545F5043425F4D43552E7372656357
S113000038C1000055C1000053C1000051C10000B7
S11300104FC100004DC100004BC1000049C10000A8
S113002047C1000045C1000043C1000041C10000B8
S11300303FC100000C9462333BC1000039C1000091
S113004037C1000035C1000033C1000031C10000D8
S11300500C94C6322DC100000C942A3329C100002F
S113006027C1000025C1000023C1000021C10000F8
S11300701FC100001DC100001BC1000019C1000008
S113008017C1000015C1000013C100000763423608
S1130090B79BD8A71A39685618AEBAAB558C1D3C15
S11300A0B7CC5763BD6DEDFD753EF6177231BF00D9
S11300B00000803F08000000BE922449123EABAA13
S11300C0AA2ABECDCCCC4C3E00000080BEABAAAA6E
S11300D0AA3E00000000BF000000803F00000000B6
S11300E000084178D3BB4387D1133D190E3CC3BDEF
S11300F04282AD2B3E68EC8276BED98FE1A93E4C9C
S113010080EFFFBE01C4FF7F3F000000000005A890
S11301104CCDB2D44EB93836A9020C50B991868868
S1130120083CA6AAAA2ABE000000803F696E6600A9
S1130130494E46006E616E004E414E0000407A10FA
S1130140F35A00A0724E18090010A5D4E80000E884
S11301507648170000E40B54020000CA9A3B0000E2
S113016000E1F505000080969800000040420F0071
S11301700000A08601000000102700000000E80332
S1130180000000006400000000000A0000000000FD
S11301900100000000002C76D888DC674F0823DFBC
S11301A0C1DFAE59E1B1B796E5E3E453C63AE6518F
S11301B0997696E8E6C28426EB898C9B62ED407CB6
S11301C06FFCEFBC9C9F40F2BAA56FA5F490055A52
S11301D02AF75C936B6CF9676DC11BFCE0E40D4777
S11301E0FEF520E6B500D0ED902E0300943577059A
S11301F00080841E080000204E0A000000C80C3352
S11302003333330F986E12831141EF8D2114893BE0
S1130210E65516CFFEE6DB18D1844B381BF77C1D60
S1130220901DA4BBE424203284725E228100C9F1B3
S113023024ECA1E53D274E414E494E495459494EBF
S113024046CDCCCC3D0AD7233C17B7D13877CC2B3D
S1130250329595E6241FB14F0A000020410000C8E2
S11302604200401C4620BCBE4CCA1B0E5AAEC59D63
S1130270740011241FBECFEFD0E4DEBFCDBF12E067
S1130280A0E0B1E0EEEFFAE900E00BBF02C0079096
S11302900D92A23AB107D9F725E1A2EAB2E001C072
S11302A01D92A338B207E1F70E94F1300C947D4D02
S11302B0A7CECF93DF938091E41480FD0AC0909180
S11302C0B6028091DD14891720F48091B6020E9451
S11302D05D3F80913A1590913B15A0913C15B091EA
S11302E03D158093B5149093B614A093B714B093AE
S11302F0B8146091B5147091B6148091B7149091AC
S1130300B8140E94BE2D8091B7029091B802A895AE
S1130310009749F0EFE9FFE03197F1F700C00000E2
S1130320A8950197F5CFC6E0C15019F10E94A92CF8
S11303308091E41480FD1DC0D091DD141092281525
S113034010922715109253150E9468418091DD1474
S1130350D81305C08091DD148093B6020AC0FFEF64
S113036020E782E0F15020408040E1F700C0000027
S1130370DBCF60918F1070919010809191109091CB
S11303809210DF91CF910895CF93DF938091E4147D
S113039081FD0AC09091A00A80915415891720F418
S11303A08091A00A0E945B401092B5141092B6147A
S11303B01092B7141092B8146091B5147091B614D9
S11303C08091B7149091B8140E94BE2D8091B70209
S11303D09091B802A895009749F0EFE9FFE03197B2
S11303E0F1F700C00000A8950197F5CF00990BC064
S11303F00E94073DFFEF20E782E0F150204080405B
S1130400E1F700C00000C7E0C15019F10E94282D97
S11304108091E41481FD1DC0D09154151092E31411
S11304201092E214109255150E94AE418091541519
S1130430D81305C0809154158093A00A0AC09FEF79
S1130440E0E7F2E09150E040F040E1F700C0000046
S1130450DBCFDF91CF9108952F923F924F925F921D
S11304606F927F928F929F92AF92BF92CF92DF92C0
S1130470EF92FF920F931F93CF93DF9300D01F92BD
S1130480CDB7DEB72DB73EB73B832A838091AF0645
S1130490EDB7FEB722E0829FE019F10911240FB6EF
S11304A0F894FEBF0FBEEDBF8DB79EB701967C01D9
S11304B0D090DD14C090541540908F145090901437
S11304C060909114709092148091B0029091B10256
S11304D080329E4418F080E69AEE0AC08091B00201
S11304E09091B1029C01220F331F820F931FC29679
S11304F09093B8028093B7026091BA027091BB02E4
S11305008091BC029091BD022091BF023091C00243
S11305104091C1025091C2020E943C46181684F0D8
S11305208091BF029091C002A091C102B091C20219
S11305308093BA029093BB02A093BC02B093BD0215
S11305406091BA027091BB028091BC029091BD028D
S11305502091BF023091C0024091C1025091C20269
S11305608090AC029090AD02A090AE02B090AF0229
S11305700E94D745A50194010E9440460E94FD486F
S11305800E94DE466983372E8091E41480FD2DC0DD
S1130590109228151092271560914E1470914F14E3
S11305A080915014909151142091B0063091B1066D
S11305B04091B2065091B3060E94E14718164CF4DC
S11305C060914E1470914F14809150149091511475
S11305D008C06091B0067091B1068091B206909106
S11305E0B3060E94213C0E945D3F8091E41481FF88
S11305F0CBDE60914E1470914F1480915014909101
S113060051140E94BE2D1398129811988091B7022C
S11306109091B802A895009749F0EFE9FFE031976F
S1130620F1F700C00000A8950197F5CF2090AF0620
S11306306091B0067091B1068091B2069091B306B4
S11306400E94BE2D57018701222071F00E94562975
S1130650F801819391938F012A948981932D0097B6
S113066099F301970000FBCF2090AF062220D1F030
S11306702A94022D10E0F801EE0FFF1FEE0DFF1D6E
S11306806081718180E090E00E940A47000F111F91
S1130690000F111FF801EB55F54F608371838283BE
S11306A09383E4CF60914E1470914F148091501451
S11306B0909151140E94BE2D139A12981198809112
S11306C0B7029091B802A895009749F0EFE9FFE0CE
S11306D03197F1F700C00000A8950197F5CF10916C
S11306E0AF066091B0067091B1068091B206909108
S11306F0B3060E94BE2D112371F00E945629F50104
S1130700819391935F0111508981932D009799F3FF
S113071001970000FBCFB090AF06BB20D1F0BA9494
S11307200B2D10E0F801EE0FFF1FEE0DFF1D608191
S1130730718180E090E00E940A47000F111F000FB2
S1130740111FF801EC54F94F608371838283938302
S1130750E4CF80911F148B7F80931F1480911E140B
S1130760826080931E1460918F1470919014809114
S11307709114909192140E94BE2D80915415C81624
S113078039F01092E3141092E2148C2D0E945B4015
S11307908091DD14D81639F010922815109227157F
S11307A08D2D0E945D3FC301B2010E94BE2D13989E
S11307B0129811988091B7029091B802A895009769
S11307C049F0EFE9FFE03197F1F700C00000A89588
S11307D00197F5CF80911E148E7F80931E14809113
S11307E029148E7F809329142A813B810FB6F894B3
S11307F03EBF0FBE2DBF0F900F900F90DF91CF9192
S11308001F910F91FF90EF90DF90CF90BF90AF902A
S11308109F908F907F906F905F904F903F902F901C
S113082008954F925F926F927F928F929F92AF92B0
S1130830BF92CF92DF92EF92FF92CF93DF93CDB727
S1130840DEB72C970FB6F894DEBF0FBECDBF698715
S11308507A878B879C8729013A018091B902898321
S1130860812C912C5401C12CD12C7601A981AA236D
S113087009F44AC0139812981198AFE8B1E011979F
S1130880F1F700C000008091AA0290E00E9499292B
S1130890C60ED71EE81EF91E8091FB13882321F093
S11308A08091AB02806207C080918A10882329F06E
S11308B08091AB0280618093AB02139A12981198D5
S11308C08FE891E00197F1F700C000008091AA023F
S11308D090E00E949929860E971EA81EB91E809149
S11308E0FB13882321F08091AB02806807C08091BC
S11308F08A10882329F08091AB0280648093AB0234
S1130900998191509983B2CF8091BE0281FF23C017
S11309101398129811988FE891E00197F1F700C0AD
S113092000008091AA0290E00E949929C60ED71E69
S1130930E81EF91E8091FB13882321F08091E414B2
S1130940806207C080918A10882329F08091E41482
S113095080618093E41480915C1590915D15A09161
S11309605E15B0915F1589839A83AB83BC838091B4
S11309700B1590910C15A0910D15B0910E158D834A
S11309809E83AF83B887C701B6010E940A472985B1
S11309903A854B855C850E949A4829813A814B812E
S11309A05C810E94D8452D813E814F8158850E94EB
S11309B09A4860938F107093901080939110909345
S11309C09210C090D814D090D914E090DA14F0901A
S11309D0DB148091D4149091D514A091D614B091C5
S11309E0D71489839A83AB83BC83C501B4010E9465
S11309F00A47A30192010E949A48A70196010E9406
S1130A00D84529813A814B815C810E949A48609340
S1130A104612709347128093481290934912609142
S1130A208F1070919010809191109091921020915C
S1130A300015309101154091021550910315C09095
S1130A404612D0904712E0904812F09049120E944A
S1130A509A48A70196010E94D84560934112709369
S1130A60421280934312909344122C960FB6F8943A
S1130A70DEBF0FBECDBFDF91CF91FF90EF90DF902F
S1130A80CF90BF90AF909F908F907F906F905F902A
S1130A904F9008955F926F927F928F929F92AF9240
S1130AA0BF92CF92DF92EF92FF920F931F93CF9357
S1130AB0DF93C091AF06D0E010E000E0912CC12C90
S1130AC0D12C7601CC2381F1C15084E0C89F9001E0
S1130AD01124F901EB55F54F5F0160817181828129
S1130AE09381F901EC54F94F208131814281538182
S1130AF00E949A48562E672E782E892E262F372F3D
S1130B00482F592F6D2F712F802F992D0E943C460D
S1130B1087FFD8CFF501C080D180E280F380D52D46
S1130B20162D072D982CCECFC701B601DF91CF919A
S1130B301F910F91FF90EF90DF90CF90BF90AF90F7
S1130B409F908F907F906F905F900895CF92DF92E7
S1130B50EF92FF92139A1298119A8FE891E00197FD
S1130B60F1F700C0000084E190E00E946A29139A22
S1130B70129A119A0E940A472DEC3CEC4CE45DE376
S1130B800E949A4820911114309112144091131428
S1130B90509114140E949A486B017C019B01AC0192
S1130BA060E070E080E897E40E94D7459B01AC01C7
S1130BB0C701B6010E9440462091041430910514E7
S1130BC04091061450910714C0908610D09087105D
S1130BD0E0908810F09089100E949A48A70196012D
S1130BE00E949A480E9427482091FC133091FD13DB
S1130BF04091FE135091FF130E949A482EE13FEC5E
S1130C004BE55BE30E94D8459B01AC0160E070E0DA
S1130C1080E89FE30E94404623E333E948E853E435
S1130C200E94D74560939F107093A0108093A110E9
S1130C309093A2108091C31487FD48C08091C3147F
S1130C4080FD44C060910D1470910E1480910F14B6
S1130C509091101420916A1430916B1440916C148B
S1130C6050916D140E94E1471816A4F060919F10F2
S1130C707091A0108091A1109091A21020914A141B
S1130C8030914B1440914C1450914D140E94E14703
S1130C901816E4F41698179A8091C314816080930F
S1130CA0C3148091C31482608093C31480919F14F1
S1130CB09091A01490935414809353148FE19EE464
S1130CC00197F1F700C00000169A179AFF90EF9071
S1130CD0DF90CF900C94D135CF92DF92EF92FF92B8
S1130CE013981298119A8FE891E00197F1F700C0D8
S1130CF0000084E190E00E946A29139A129A119AE2
S1130D000E940A472DEC3CEC4CE45DE30E949A48B7
S1130D102091151430911614409117145091181401
S1130D200E949A486B017C019B01AC0160E070E079
S1130D3080E897E40E94D7459B01AC01C701B60146
S1130D400E9440462091971030919810409199103C
S1130D5050919A10C0905612D0905712E0905812A9
S1130D60F09059120E949A48A70196010E949A484D
S1130D700E94274820914A1230914B1240914C1204
S1130D8050914D120E949A482EE13FEC4BE55BE3F3
S1130D900E94D8459B01AC0160E070E080E89FE3CD
S1130DA00E94404623E333E948E853E40E94D745D0
S1130DB060930D1470930E1480930F149093101479
S1130DC08091C31487FD48C08091C31480FD44C042
S1130DD060910D1470910E1480910F149091101461
S1130DE020916A1430916B1440916C1450916D14DD
S1130DF00E94E1471816A4F060919F107091A01012
S1130E008091A1109091A21020914A1430914B141A
S1130E1040914C1450914D140E94E1471816E4F48B
S1130E201698179A8091C31481608093C31480919B
S1130E30C31482608093C31480919F149091A01472
S1130E4090935414809353148FE19EE40197F1F727
S1130E5000C00000169A179AFF90EF90DF90CF9091
S1130E600C94D1358F929F92AF92BF92CF92DF9222
S1130E70EF92FF92139A129A11988FE891E00197DA
S1130E80F1F700C0000084E190E00E946A29139AFF
S1130E90129A119A80903B1290903C12A0903D12AD
S1130EA0B0903E12C090F313D090F413E090F51379
S1130EB0F090F6130E940A472DEC3CEC4CE45DE301
S1130EC00E949A48A50194010E949A48A70196019C
S1130ED00E94D8456093091470930A1480930B14EC
S1130EE090930C146091091470910A1480910B145E
S1130EF090910C142091B2023091B3024091B4024B
S1130F005091B5020E943C4687FD14C060910914BB
S1130F1070910A1480910B1490910C142091A202E8
S1130F203091A3024091A4025091A5020E94E1478E
S1130F3018162CF48091AB0284608093AB02FF906E
S1130F40EF90DF90CF90BF90AF909F908F900895D7
S1130F502F923F924F925F926F927F928F929F92C5
S1130F60AF92BF92CF92DF92EF92FF920F931F93B3
S1130F70CF93DF93CDB7DEB72D970FB6F894DEBFCE
S1130F800FBECDBF1092AB02209154152A8330912D
S1130F90DD143B8380918F1490919014A09191144F
S1130FA0B091921488879987AA87BB878091BE02E3
S1130FB081FF4FC09091AA0299836091B90270E0B9
S1130FC080E090E00E940A4720E030E040E85FE3E0
S1130FD00E94D8456B017C01A9816A2F70E080E0F2
S1130FE090E00E940A479B01AC01C701B6010E9430
S1130FF09A489B01AC0160E070E080E89FE30E94A6
S11310004046062F372E8983192F6091AA02B0908B
S1131010B90270E080E090E00E940A476B017C0115
S11310206B2D70E080E090E00E940A479B01AC01C8
S1131030C701B6010E949A489B01AC0160E070E0D0
S113104080E89FE30E9440466C837D838E839F8368
S113105029C06091AA02B091B902B98370E080E01E
S113106090E00E940A476B017C01E9816E2F70E0D9
S113107080E090E00E940A479B01AC01C701B601E1
S11310800E949A489B01AC0160E070E080E89FE315
S11310900E944046062F372E8983192F6C837D8347
S11310A08E839F838091B0029091B10280329E44DE
S11310B018F080E69AEE0AC08091B0029091B102D5
S11310C09C01220F331F820F931FC2969093B80284
S11310D08093B702EED86B017C0156D98091BE0291
S11310E080FFB6C08090A6029090A702A090A802AC
S11310F0B090A9026091AF0670E061507109072EAB
S1131100000C880B990B0E940C479B01AC01C50194
S1131110B4010E9440462B013C012091A10A309168
S1131120A20A4091A30A5091A40AC701B6010E94E1
S11311309A486B017C016091AF0670E061507109BF
S1131140072E000C880B990B0E940C47A3019201F7
S11311500E949A480E941D494B015C016091A602BD
S11311607091A7028091A8029091A90226EA3FE01B
S113117049EC5FE30E943C46A5019401181644F42F
S113118060E070E080E090E40E94D7459B01AC01F0
S1131190C701B6010E9440466B017C01212C80915D
S11311A0AF06281608F043C0222D30E03D872C8777
S11311B0B901330F880B990B0E940C47A3019201CC
S11311C00E949A484B015C0126EA3FE049EC5FE348
S11311D00E943C46AC85BD85AA0FBB1FAA0FBB1F4E
S11311E0BD87AC8718164CF0C501B4010E941D4997
S11311F09B01AC01C701B6010EC0C501B4010E9438
S11312001D499B01AC0160E070E080E090E40E9425
S1131210D745A70196010E949A48EC85FD85ED53B8
S1131220FD4F60837183828393832394B8CF80912D
S1131230BE0282FF4DC0E091AF06B4E0EB9FF00127
S11312401124E154FD4F608171818281938148C0F2
S11312502091A10A3091A20A4091A30A5091A40AB4
S1131260B090AF06C701B6010E949A486B017C0199
S11312706B2D70E061507109072E000C880B990BDF
S11312800E940C479B01AC01C701B6010E94404675
S11312904B015C01D12C8091AF06D81640F6ED2CA1
S11312A0F12C6D2D70E080E090E00E940A47A501CA
S11312B094010E949A48F701EE0FFF1FEE0FFF1FE3
S11312C0ED53FD4F6083718382839383D394E3CF83
S11312D06091C3027091C4028091C5029091C602CC
S11312E00E94BE2D8091B7029091B802A8950097F4
S11312F049F0EFE9FFE03197F1F700C00000A8954D
S11313000197F5CFA12C8091AF06A81608F076C0FE
S11313108091BE02CA2CD12C82FF0CC0E091AF0692
S1131320F0E0EC19FD09EE0FFF1FEE0FFF1FE15473
S1131330FD4F07C0F601EE0FFF1FEE0FFF1FED5329
S1131340FD4F60817181828193810E94BE2DA89599
S1131350E090B002F090B102F1E0EF1AF1081C86BF
S1131360FFEFEF16FF0609F4C7C0A8952C852130BE
S113137081F4ECDB882339F08091AB0282608093A6
S1131380AB0281E001C080E0ABE4B6E01197F1F775
S113139012C0BC85B230A9F49FDC882339F0809157
S11313A0AB0282608093AB0281E001C080E0EBE499
S11313B0F6E03197F1F700C00000882309F4CAC0B1
S11313C01DC0FC85F33051F44DDD8BE39AE00197A9
S11313D0F1F700C0000094E09C870CC0ABE9BFE0CB
S11313E01197F1F700C00000BC85BF5FBC87BA301D
S11313F008F01C86E1E0EE1AF108B2CF009904C0AF
S11314008091AB02816003C08091AB028E7F809398
S1131410AB028091611480688093611480911E14E2
S1131420826080931E1480911F148D7F80931F14FB
S113143088859985AA85BB858093B5149093B61445
S1131440A093B714B093B814809154159A81981747
S113145039F01092E3141092E214892F0E945B4039
S11314608091DD14AB81A81739F0109228151092E1
S113147027158A2F0E945D3F6091B5147091B614B0
S11314808091B7149091B8140E94BE2D13981298AD
S113149011988091B7029091B802A895009749F0ED
S11314A0EFE9FFE03197F1F700C00000A89501973C
S11314B0F5CF80911E148E7F80931E148091291481
S11314C08E7F809329142D960FB6F894DEBF0FBE3D
S11314D0CDBFDF91CF911F910F91FF90EF90DF90DF
S11314E0CF90BF90AF909F908F907F906F905F90C0
S11314F04F903F902F9008952C813D814E815F81C4
S1131500602F732D8981912F8CD940918F10509128
S113151090106091911070919210C601880F991FDC
S1131520880F991FFC01EB55F54F4083518362836B
S11315307383409141125091421260914312709111
S11315404412FC01EC54F94F40835183628373834A
S1131550A394D9CEFC85FF5FFC874CCFCF93C82FD3
S11315608091F213C11102C08F7B03C0C13039F4E2
S113157080648093F2138091F2138F770AC0C23093
S113158011F48F7B01C080648093F2138091F21375
S113159080688093F2134091F21360913F1282E0CD
S11315A00E9432308FE891E00197F1F700C000000B
S11315B0C093910ECF910895CF93C82F8091F213C9
S11315C0C11102C08F7E03C0C13039F480618093A1
S11315D0F2138091F2138F7D0AC0C23011F48F7E12
S11315E001C080618093F2138091F2138062809332
S11315F0F2134091F21360913F1282E00E94323064
S11316008FE891E00197F1F700C00000C093940EB9
S1131610CF9108959091910E8091920E981719F0A0
S11316208091920E9BDF9091940E8091930E981767
S113163019F08091930EC0CF0895BC018091960E4D
S11316408111FCCF90E0292F30E0FB01E20FF31F62
S11316504081442339F08081F901E257F04F8083BF
S11316609F5FF1CF80911D1486FD06C0F901E257FA
S1131670F04F8AE080839F5FE92FF0E0E257F04F5C
S113168010829093960E81E080938D0F8091C0001C
S113169085FFFCCF5A9A85E08A95F1F70000809186
S11316A0C10080648093C10080918E0F8093C60036
S11316B00895AC0190918210992379F09150292FCB
S11316C030E0F901E856F14F8081FA01E20FF31F8F
S11316D02081281789F380E0089581E00895AC0102
S11316E090918210691778F49150292F30E0F90114
S11316F0E856F14F8081FA01E20FF31F2081281789
S113170089F380E0089581E008959C01109282108D
S113171080918210F901E80FF11D8081E09182101F
S1131720F0E0882379F080918210D901A80FB11DCF
S11317308C91E856F14F8083909182109F5F909333
S11317408210E6CFE856F14F10820895AC01E09183
S11317508210F0E0E856F14F89E080839091821086
S11317609F5F9093821090E0DA01A90FB11D8C91D4
S1131770E0918210F0E0882359F08C91E856F14F03
S113178080839F5F209182102F5F20938210ECCF83
S1131790E856F14F10820895AC016093821090E0F6
S11317A0FA01E90FF11D2081E0918210F0E0E85682
S11317B0F14F222341F02083209182102F5F209348
S11317C082109F5FEDCF10820895E0918210F0E0C7
S11317D0E856F14F8FE38083809182108F5F80936E
S11317E08210E0918210F0E0E856F14F10820895E3
S11317F0FB012E2F261B421741F0DC013D91CD0148
S11318002081321304C03196F4CF81E0089580E042
S11318100895AC0190E0E92FF0E0DB01AE0FBF1FAB
S11318202C91E40FF51F222319F020839F5FF3CF3F
S113183010820895CF93DF93DC0190E0FD01E90F5E
S1131840F11D8081882311F09F5FF8CF492F842FE9
S1131850891BEB01C80FD11D8881242F30E0FD01C5
S1131860E20FF31F882321F0888180834F5FEFCF3D
S11318701082DF91CF9108950F93FC01CB01BA013F
S113188003E025E0AF010E9496490F910895CF939C
S1131890DF93CDB7DEB7C656D1090FB6F894DEBFD5
S11318A00FBECDBF80911D1487FF17C08091960E87
S11318B0811113C08091980E811107C080911D146D
S11318C08F7B80931D141092950E88E99EE0B5DEFF
S11318D080911D148F7780931D1480911D1487FDB2
S11318E03BC09091950E8091AF06981760F5E091FA
S11318F0950E84E0E89FF0011124EB55F54F4081EB
S1131900518162817381CE010196B6DF10928210FB
S1131910CE0101961BDFE091950E84E0E89FF00173
S11319201124EC54F94F4081518162817381CE01BD
S11319300196A2DFCE01019609DF8091950E8F5F9B
S11319408093950E04C01092950E1092980E80917B
S11319501D14806880931D14CA59DF4F0FB6F89484
S1131960DEBF0FBECDBFDF91CF9108954F925F923E
S11319706F927F928F929F92AF92BF92EF92FF925B
S11319800F931F93CF93DF93EC018B0180E091E0E1
S1131990BCDECE018EDE882309F464C080911A1463
S11319A090911E144AE0B8010E94404BC801CEDE5B
S11319B040918F10509190106091911070919210FD
S11319C0C8015ADFC801C2DE40914112509142124F
S11319D06091431270914412C8014EDFC801B6DE13
S11319E040919310509194106091951070919610BD
S11319F0C80142DFC801AADE4091091450910A14BB
S1131A0060910B1470910C14C80136DFC8019EDE7E
S1131A1040919F105091A0106091A1107091A2105C
S1131A20C8012ADFC80192DE40910D1450910E14B2
S1131A3060910F1470911014C8011EDFC80186DE76
S1131A408091211480FD02C00C94C81640914E125E
S1131A5050914F126091501270915112C8010CDFD5
S1131A600C94C51686E091E050DECE0122DE882378
S1131A7049F180918210FE01E80FF11D80818111EE
S1131A8012C0F8018081813321F480911F14816098
S1131A9007C0803311F00C94E01680911F148E7FE0
S1131AA080931F140AC080918210C80FD11D8881B1
S1131AB08F3311F00C94E01688DE80911F1480FFA0
S1131AC039C00EC58FE091E020DEF0908210CE0187
S1131AD0F0DD811132C08CE391E017DEF0908210CA
S1131AE0CE01E7DD811170C083E292E00EDEF0905A
S1131AF08210CE01DEDD882309F459C36F2D82E6FE
S1131B0091E04ADE6F2DCE01EADD882309F4AAC1F3
S1131B1080918210C80FD11D888181110C94E01628
S1131B200E94D135882309F41FC180911F148D7F31
S1131B3080931F148DE091E072C06F2D81E191E0DC
S1131B402BDE6F2DCE01CBDD882341F080911A145A
S1131B5090911E144AE0B8010C94C3166F2D86E1CF
S1131B6091E01ADE6F2DCE01BADD882321F08BE0DF
S1131B7091E0CBDD55C06F2D8BE191E00DDE6F2D33
S1131B80CE01ADDD882349F080E291E0DFDD8BE218
S1131B9091E0DCDD85E394E142C06F2D88EC91E0B7
S1131BA0FBDD6F2DCE019BDD882309F494CF8BE000
S1131BB091E0CCDD88E99EE040DD8091960E8111B4
S1131BC0FCCFF8940C9400006F2D82E491E0E4DDE6
S1131BD06F2DCE0184DD882339F180918210FE01BE
S1131BE0E80FF11D8081811108C0C8010E943B4AA1
S1131BF06093A1148091A1140CC080918210C80F2D
S1131C00D11D88818F3311F00C94E016DEDD8091B4
S1131C108A144AE0B80190E00E94404BC80196DD66
S1131C2088E99EE00C94E2166F2D87E491E0B4DD20
S1131C306F2DCE0154DD882339F180918210FE018D
S1131C40E80FF11D808181110CC0C8010E941B4A5C
S1131C5060934E1470934F148093501490935114C6
S1131C600AC080918210C80FD11D88818F3311F072
S1131C700C94E016AADD40914E1450914F146091DB
S1131C805014709151142FC06F2D8FE491E084DDB6
S1131C906F2DCE0124DD882349F180918210FE014D
S1131CA0E80FF11D808181110CC0C8010E941B4AFC
S1131CB06093A9147093AA148093AB149093AC14FA
S1131CC00AC080918210C80FD11D88818F3311F012
S1131CD00C94E0167ADD4091A9145091AA146091F5
S1131CE0AB147091AC14C801C7DD98CF6F2D87E594
S1131CF091E052DD6F2DCE01F2DC882309F4F4CE9D
S1131D0080918210FE01E80FF11D808181111DC0B8
S1131D10C8010E943B4A6136FAEE7F0781059105AE
S1131D201CF080E69AEE07C0161617061806190668
S1131D303CF081E090E09093BE148093BD140FC0FA
S1131D407093BE146093BD140AC080918210C80FB2
S1131D50D11D88818F3311F00C94E01636DD60912B
S1131D60BD147091BE142AC180911A1485FDDDCE74
S1131D7080911A1480FFD9CE80911F1482608093C1
S1131D801F148091B0029091B10280329E4418F0E9
S1131D9080E69AEE0AC08091B0029091B1029C0153
S1131DA0220F331F820F931FC2969093B802809321
S1131DB0B7027090AF06E090B002F090B10260916B
S1131DC0AF065090B9026090AA02C091B702D091B8
S1131DD0B80270E080E090E00E940A474B015C0189
S1131DE0652D70E080E090E00E940A479B01AC0101
S1131DF0C501B4010E949A484B015C01662D70E054
S1131E0080E090E00E940A4728E539E344EB5CE374
S1131E100E949A482EEA37E441E65EE30E94D845E0
S1131E209B01AC01C501B4010E949A484B015C01BD
S1131E30672D70E080E090E00E940A472B013C018E
S1131E40B70180E090E00E940A479B01AC01C30106
S1131E50B2010E949A489B01AC01C501B4010E94E1
S1131E60D845FEC16F2D87E691E096DC6F2DCE013B
S1131E7036DC8823A9F180918210C80FD11D888196
S1131E808F3309F09DC780911D14806480931D14C5
S1131E901092950E9ADC8091AB024AE0B80190E072
S1131EA00E94404BC80152DC8091211480FF0CC079
S1131EB040914E1250914F126091501270915112F4
S1131EC0C801DADCC80142DC88E99EE0B6DB809117
S1131ED01D148F7780931D1480911E148D7F5FC70E
S1131EE06F2D8CE691E058DC6F2DCE01F8DB882352
S1131EF051F180918210FE01E80FF11D8081811162
S1131F0016C0C8010E943B4A6B3F710581059105CB
S1131F1014F08AEF06C0643071058105910524F43C
S1131F2083E08093AF060CC06093AF0609C0809134
S1131F308210C80FD11D88818F3309F041C745DC59
S1131F408091AF0666CE6F2D8CE591E025DC6F2D78
S1131F50CE01C5DB8823C9F180918210FE01E80F10
S1131F60F11D808181111DC0C8010E943B4A613668
S1131F70EAEE7E07810591051CF080E69AEE07C023
S1131F8016161706180619063CF081E090E09093A7
S1131F90B1028093B0020EC07093B1026093B0029C
S1131FA009C080918210C80FD11D88818F3309F038
S1131FB007C70BDC6091B0027091B10280E090E041
S1131FC02AE0A8010E944A4B29CE6F2D83E791E0B5
S1131FD0E3DB6F2DCE0183DB882359F180918210DE
S1131FE0FE01E80FF11D8081811117C0C8010E9414
S1131FF03B4A6F3F71058105910519F014F08FEF8D
S113200006C0161617061806190624F081E08093F8
S1132010AA020CC06093AA0209C080918210C80F62
S1132020D11D88818F3309F0CBC6CFDB8091AA0202
S1132030F0CD6F2D8AE791E0AFDB6F2DCE014FDB42
S1132040882359F180918210FE01E80FF11D8081EF
S1132050811117C0C8010E943B4A6F3F7105810579
S1132060910519F014F08FEF06C01616170618061E
S1132070190624F081E08093B9020CC06093B90280
S113208009C080918210C80FD11D88818F3309F057
S113209097C69BDB8091B902BCCD6F2D82E491E0A1
S11320A07BDB6F2DCE011BDB882319F1809182101D
S11320B0FE01E80FF11D808181110FC0C8010E944B
S11320C03B4A6F3F71058105910520F089E191E05C
S11320D03DDB0CC06093BE0209C080918210C80F22
S11320E0D11D88818F3309F06BC66FDB8091BE02EE
S11320F090CD6F2D83E891E04FDB6F2DCE01EFDAA9
S1132100882331F180918210FE01E80FF11D808156
S113211081110CC0C8010E941B4A6093A6027093EF
S1132120A7028093A8029093A90209C0809182100B
S1132130C80FD11D88818F3309F042C646DB409118
S1132140A6025091A7026091A8027091A902CBCD7A
S11321506F2D8DE891E020DB6F2DCE01C0DA88234E
S113216031F180918210FE01E80FF11D808181110F
S11321700CC0C8010E941B4A6093A10A7093A20A72
S11321808093A30A9093A40A09C080918210C80F77
S1132190D11D88818F3309F013C617DB4091A10A42
S11321A05091A20A6091A30A7091A40A9CCD86E979
S11321B091E0ABDAF0908210CE017BDA882309F447
S11321C0C9C06F2D82E691E0E7DA6F2DCE0187DA80
S11321D0882309F461C080918210C80FD11D8881C1
S11321E08111EEC50E94D135811108C080911A1465
S11321F085FD04C080911A1480FD04C080911F14D1
S11322008B7F96CC80911F14846080931F148091DF
S1132210B0029091B10280329E4418F080E69AEEAA
S11322200AC08091B0029091B1029C01220F331F29
S1132230820F931FC2969093B8028093B702609165
S1132240AF06C091B702D091B80270E080E090E090
S11322500E940A4720E030E040E251E40E949A489C
S113226020E030E048E453E40E94D8454B015C018F
S1132270BE0180E090E00E940A4720E030E040E8A0
S113228050E40E949A489B01AC01C501B4010E942C
S1132290D8450E94D94694CE6F2D8DE991E07CDA21
S11322A06F2DCE011CDA882331F180918210FE015A
S11322B0E80FF11D808181110CC0C8010E941B4AE6
S11322C06093B0067093B1068093B2069093B30600
S11322D009C080918210C80FD11D88818F3309F005
S11322E06FC573DA4091B0065091B1066091B206A1
S11322F07091B306F8CC6F2D8CE591E04DDA6F2D1B
S1132300CE01EDD9882331F180918210FE01E80FCE
S1132310F11D808181110CC0C8010E941B4A609389
S1132320BA027093BB028093BC029093BD0209C0B1
S113233080918210C80FD11D88818F3309F040C568
S113234044DA4091BA025091BB026091BC02709190
S1132350BD02C9CC85EA91E0D8D9F0908210CE01B3
S1132360A8D9882309F42DC26F2D8CEA91E014DAE0
S11323706F2DCE01B4D98823E9F080918210C80F63
S1132380D11D88818F3309F01BC540915815509198
S1132390591560915A1570915B15C8016DDAC80121
S11323A0D5D94091D0145091D1146091D214709128
S11323B0D31499CC6F2D83EB91E0EED96F2DCE0120
S11323C08ED98823C1F180918210FE01E80FF11D9E
S11323D08081811120C0F801808190E0C0970A9724
S11323E008F0EEC4C8010E943B4A653071058105BE
S11323F0910548F08091E4148E7F8093E4148FEF6C
S11324008093081540C02091E41421602093E414C3
S1132410609308150DC080918210C80FD11D88816A
S11324208F3309F0CDC4D1D9809108158F3F59F16C
S113243080910815EECB6F2D8FEB91E0ADD96F2D08
S1132440CE014DD98823D1F180918210FE01E80F8D
S1132450F11D8081811122C0F801808190E0C09734
S11324600A9708F0ADC4C8010E943B4A6630710562
S11324708105910558F08091E4148D7F8093E414D4
S11324808FEF80930A158AEB91E0C9CB2091E41475
S113249022602093E41460930A150DC08091821089
S11324A0C80FD11D88818F3309F08AC48ED98091D9
S11324B00A158F3F41F380910A15ABCB6F2D86EC43
S11324C091E06AD96F2DCE010AD9882361F08091F9
S11324D08210C80FD11D8881811172C40E94073DEA
S11324E08BE091E09CCB6F2D8CEC91E055D96F2D56
S11324F0CE01F5D8882359F180918210FE01E80FAE
S1132500F11D8081811117C0F801808190E0C0978E
S11325100A9708F055C4C8010E943B4A6F3F7105F1
S11325208105910529F020F08FEF80933E150CC0B2
S113253060933E1509C080918210C80FD11D888117
S11325408F3309F03DC441D980913E1562CB6F2D84
S113255083ED91E021D96F2DCE01C1D8882359F1A3
S113256080918210FE01E80FF11D8081811117C056
S1132570F801808190E0C0970A9708F021C4C8014F
S11325800E943B4A6F3F71058105910529F020F0B7
S11325908FEF8093FF140CC06093FF1409C08091E7
S11325A08210C80FD11D88818F3309F009C40DD959
S11325B08091FF142ECB6F2D8AED91E0EDD86F2D15
S11325C0CE018DD8882309F4FCC0F09082106F2DC1
S11325D082E491E0E1D86F2DCE0181D8882309F4FB
S11325E071C080918210FE01E80FF11D808181117C
S11325F04EC080911F14806880931F1444E065EBE3
S113260071E0C801F5D8813071F48091E4148460DC
S11326108093E4148091E414877F8093E4148FEF13
S11326208093DD143DC044E061EC71E0C801E0D862
S1132630813071F48091E41488608093E414809173
S1132640E4148B7F8093E4148FEF8093541528C097
S113265080911F148F7780931F148091E41482FF5C
S113266004C08FEF8093DD1407C08091E41483FFCE
S113267003C08FEF809354158091E4148B7F809373
S1132680E4148091E414877F8093E41409C080915A
S11326908210C80FD11D88818F3309F091C395D85A
S11326A080911F1487FF46CA8091E41482FF03C0FF
S11326B085EB91E0B4CA8091E41483FF27C081ECD8
S11326C091E0ADCA6F2D82EE91E066D86F2DCE01F8
S11326D006D88823B9F180918210FE01E80FF11D1C
S11326E08081811120C0C8010E941B4A20911F14BF
S11326F027FD0FC080911F1487FF41C08091E4140F
S113270082FD1BC08091E41483FD17C08FED91E01E
S113271086CA2091E41422FD04C02091E41423FF0E
S1132720E9CFD2D3E7CF80918210C80FD11D888121
S11327308F3309F045C349D8DDCF0E94B31BAB01E9
S1132740BC01D1CA6F2D80EF91E026D86F2DCE0148
S11327500E946F0B8823A9F180918210FE01E80F7B
S1132760F11D8081811118C0C8010E941B4A20916B
S11327701F1427FD07C080911F1487FD17C088EE22
S113278091E04DCA2091E41422FD04C02091E41488
S113279023FFF1CF61D4EFCF80918210C80FD11DF8
S11327A088818F3309F00CC310D8E5CF8091E414ED
S11327B082FD04C08091E41483FFA8CF0E94111C01
S11327C0BECF87EF91E00E94850BF0908210CE017E
S11327D00E94590B882309F46DC06F2D82E491E0A7
S11327E00E94CC0B6F2DCE010E946F0B882309F43D
S11327F061C080918210FE01E80FF11D808181117A
S11328002BC0C8010E943B4A6115710581059105E1
S113281059F48091C31480688093C3148091C314C5
S11328208D7F8093C31435C0613071058105910596
S113283059F48091C31480688093C3148091C314A5
S113284082608093C3141AC08091C3148F778093DD
S1132850C3148BE092E0E3C980918210C80FD11DAC
S113286088818F3309F0ACC20E94E50B8091C314B8
S113287080FF07C08091C31487FF03C084E092E007
S1132880CEC98091C31480FD07C08091C31487FF13
S113289003C08CEF91E0C3C98091C31480FF07C0CB
S11328A08091C31487FD03C080E192E0B8C988E138
S11328B092E0B5C981E292E00E94850BF09082100B
S11328C0CE010E94590B882309F484C06F2D87E23E
S11328D092E00E94CC0B6F2DCE010E946F0B8823D7
S11328E049F040918F14509190146091911470911B
S11328F09214F9C96F2D8DE292E00E94CC0B6F2DDA
S1132900CE010E946F0B882369F180918210FE0131
S1132910E80FF11D8081811118C0F801808190E0D9
S1132920C0970A9708F04CC2C8010E943B4A643021
S113293071058105910520F083E08093920E02C019
S11329406093920E8091920E64C980918210C80F98
S1132950D11D88818F3309F033C20E94E50B809129
S1132960910E57C96F2D84E392E00E94CC0B6F2D1A
S1132970CE010E946F0B882369F180918210FE01C1
S1132980E80FF11D8081811118C0F801808190E069
S1132990C0970A9708F014C2C8010E943B4A6430E9
S11329A071058105910520F083E08093930E02C0A8
S11329B06093930E8091930E2CC980918210C80F5E
S11329C0D11D88818F3309F0FBC10E94E50B8091F2
S11329D0940E1FC98AE392E00E94850BF090821046
S11329E0CE010E94590B882309F442C16F2D83E75D
S11329F091E00E94CC0B6F2DCE010E946F0B8823B7
S1132A0009F46FC080918210FE01E80FF11D8081EE
S1132A10811156C0F801808190E0C0970A9708F0B0
S1132A20CFC1C8010E943B4A6F3F710581059105E2
S1132A3021F01CF08FEF90E007C016161706180659
S1132A4019063CF081E090E0909385108093841007
S1132A5004C0709385106093841060918410709109
S1132A608510C091081480E090E00E940A474B0151
S1132A705C016C2F70E080E090E00E940A479B01AB
S1132A80AC01C501B4010E949A489B01AC0160E00D
S1132A9070E080E89FE30E94404660939B1070932F
S1132AA09C1080939D1090939E108091DC14816003
S1132AB08093DC148091DC1482608093DC140AC05F
S1132AC080918210C80FD11D88818F3309F078C19D
S1132AD00E94E50B80918410909185104AE0B80122
S1132AE09BC86F2D8FE392E00E94CC0B6F2DCE011B
S1132AF00E946F0B882309F44AC080918210FE0162
S1132B00E80FF11D8081811135C0F801808190E0CA
S1132B10C0970A9708F054C1C8010E943B4A6F3F0E
S1132B2071058105910519F014F08FEF06C0161692
S1132B3017061806190624F081E08093401202C09B
S1132B40609340126091401270E080E090E00E9437
S1132B500A479B01AC0160E070E080E89FE30E94BB
S1132B604046609352127093531280935412909380
S1132B7055120AC080918210C80FD11D88818F33ED
S1132B8009F01EC10E94E50B8091401242C86F2DCE
S1132B9089E492E00E94CC0B6F2DCE010E946F0B52
S1132BA0882309F465C080918210FE01E80FF11DAD
S1132BB0808181114FC0F801808190E0C0970A970D
S1132BC008F0FEC0C8010E943B4A653671058105C4
S1132BD0910514F084E606C01616170618061906A1
S1132BE024F081E08093081402C06093081460917B
S1132BF0841070918510C091081480E090E00E94C8
S1132C000A474B015C016C2F70E080E090E00E9469
S1132C100A479B01AC01C501B4010E949A489B017B
S1132C20AC0160E070E080E89FE30E94404660935E
S1132C309B1070939C1080939D1090939E10809194
S1132C40DC1481608093DC148091DC1482608093B6
S1132C50DC140AC080918210C80FD11D88818F3383
S1132C6009F0AEC00E94E50B809108140C94090E83
S1132C7083E592E00E94850BF0908210CE010E94C1
S1132C80590B882361F16F2D8AE592E00E94CC0BE9
S1132C906F2DCE010E946F0B882349F08091821022
S1132CA0C80FD11D888181118BC061E013C06F2DC5
S1132CB080E091E00E94CC0B6F2DCE010E946F0B3F
S1132CC0882369F080918210C80FD11D88818111F9
S1132CD077C060E0C8010E94BC220C940E0E80E60E
S1132CE092E00E94850BCE010E94590B882309F4BF
S1132CF067C040919F105091A0106091A1107091F5
S1132D00A210C8010E943C0CC8010E94A60B40916D
S1132D100D1450910E1460910F1470911014C80189
S1132D200E943C0CC8010E94A60B8091211480FFD4
S1132D300EC040914E1250914F12609150127091FA
S1132D405112C8010E943C0CC8010E94A60BC0E0AD
S1132D50D0E0FE01EE0FFF1FEE0FFF1FEF59FA4EFA
S1132D604081518162817381C8010E943C0CC80179
S1132D700E94A60B2196C830D10559F780916015A1
S1132D804AE0B80190E00E94404BC8010E94A60BA3
S1132D9088E99EE00E941D0B80911E148E7F809313
S1132DA01E14DF91CF911F910F91FF90EF90BF9070
S1132DB0AF909F908F907F906F905F904F90089509
S1132DC089E191E0DF91CF911F910F91FF90EF90F6
S1132DD0BF90AF909F908F907F906F905F904F9037
S1132DE00C941D0BCF93DF93CDB7DEB7CC57D1092D
S1132DF00FB6F894DEBF0FBECDBF809109108332A9
S1132E0009F056C0909108108091970E981350C005
S1132E10DE01A959BF4F22E030E0AD01922F8EEFC1
S1132E20820FF901E85FFF4E60816930B1F0608183
S1132E30611105C0FA01E80FF11D108232C08091C2
S1132E408C0F9817A8F580818D932F5F3F4F273102
S1132E50310521F786E692E01CC0FA01E80FF11D66
S1132E60108220918C0F2817E0F09F5FDE011196ED
S1132E7020E0BD01E92FF0E0E85FFF4E8081882368
S1132E8059F080818D939F5F2F5F253699F78FE6E8
S1132E9092E00E941D0B0CC0FB01E20FF11D108299
S1132EA001C01982BE016F5F7F4FCA010E94B60C38
S1132EB0C458DF4F0FB6F894DEBF0FBECDBFDF910D
S1132EC0CF9108950C941B4ACF93DF93CDB7DEB70F
S1132ED0AC970FB6F894DEBF0FBECDBF20911A1485
S1132EE021FFB1C0DC01CB012091E41422FF4CC0CE
S1132EF02091DD1421110BC089A79AA7ABA7BCA709
S1132F0044E050E06CE771E0CE0189969AC02091CC
S1132F10DD14213059F48DA39EA3AFA3B8A744E0D8
S1132F2050E06CE671E0CE0185968BC02091DD14F3
S1132F30223059F489A39AA3ABA3BCA344E050E084
S1132F406CE571E0CE0181967CC02091DD142330C4
S1132F5059F48D8F9E8FAF8FB8A344E050E06CE49A
S1132F6071E0CE014D966DC02091DD14243009F03E
S1132F706AC0898F9A8FAB8FBC8F44E050E06CE3BA
S1132F8071E0CE0149965DC02091E41423FF5BC03B
S1132F902091541521110BC08D8B9E8BAF8BB88F54
S1132FA044E050E06CE271E0CE0145964AC02091C5
S1132FB05415213059F4898B9A8BAB8BBC8B44E02C
S1132FC050E060E271E0CE0141963BC0209154157F
S1132FD0223059F48D879E87AF87B88B44E050E048
S1132FE064E171E0CE010D962CC02091541523307C
S1132FF059F489879A87AB87BC8744E050E068E03E
S113300071E0CE0109961DC020915415243059F465
S11330108D839E83AF83B88744E050E06CEF70E00B
S1133020CE0105960EC020915415253061F4898394
S11330309A83AB83BC8344E050E060EF70E0CE0140
S113304001960E944D4DAC960FB6F894DEBF0FBEAC
S1133050CDBFDF91CF910895CF93DF93CDB7DEB786
S1133060AC970FB6F894DEBF0FBECDBF20911A14F3
S113307021FFB1C0DC01CB012091E41422FF4CC03C
S11330802091DD1421110BC089A79AA7ABA7BCA777
S113309044E050E060E871E0CE0189969AC0209146
S11330A0DD14213059F48DA39EA3AFA3B8A744E047
S11330B050E060E771E0CE0185968BC02091DD146D
S11330C0223059F489A39AA3ABA3BCA344E050E0F3
S11330D060E671E0CE0181967CC02091DD1423303E
S11330E059F48D8F9E8FAF8FB8A344E050E060E514
S11330F071E0CE014D966DC02091DD14243009F0AD
S11331006AC0898F9A8FAB8FBC8F44E050E060E433
S113311071E0CE0149965DC02091E41423FF5BC0A9
S11331202091541521110BC08D8B9E8BAF8BB88FC2
S113313044E050E060E371E0CE0145964AC020913E
S11331405415213059F4898B9A8BAB8BBC8B44E09A
S113315050E064E271E0CE0141963BC020915415E9
S1133160223059F48D879E87AF87B88B44E050E0B6
S113317068E171E0CE010D962CC0209154152330E6
S113318059F489879A87AB87BC8744E050E06CE0A8
S113319071E0CE0109961DC020915415243059F4D4
S11331A08D839E83AF83B88744E050E060E071E094
S11331B0CE0105960EC020915415253061F4898303
S11331C09A83AB83BC8344E050E064EF70E0CE01AB
S11331D001960E944D4DAC960FB6F894DEBF0FBE1B
S11331E0CDBFDF91CF910895CF92DF92EF92FF92FE
S11331F00F931F93CF93DF9300D000D0CDB7DEB7EA
S11332007C018A016901613069F4CA015BDE69836A
S11332107A838B839C8344E050E0B701CE0101960E
S11332200E944D4D44E050E0B701CE0101960E944A
S1133230354D49815A816B817C81C8010E943C0CC7
S1133240B801C6010E941A0C0F900F900F900F90B6
S1133250DF91CF911F910F91FF90EF90DF90CF906E
S11332600895EF92FF920F931F93CF93DF938C01F6
S1133270EA017901613089F4CA010E943B4A6F3F37
S113328071058105910509F024F497FF03C060E0FE
S113329001C06FEFC8010E94564DC8010E94454D00
S11332A04AE0BE0190E00E94404BBE01C701DF919D
S11332B0CF911F910F91FF90EF900C941A0CCF9225
S11332C0DF92EF92FF920F931F93CF93DF9300D07F
S11332D0CDB7DEB76C018A0179016130E1F4CA012E
S11332E00E943B4A6115710521E0820791052CF08B
S11332F08FEF9FEF9A83898307C097FF03C01A82D9
S1133300198202C07A83698342E050E0B601CE019B
S113331001960E944D4D42E050E0B601CE01019667
S11333200E94354D69817A8180E090E02AE0A8010D
S11333300E944A4BB801C7010E941A0C0F900F90CB
S1133340DF91CF911F910F91FF90EF90DF90CF907D
S11333500895CF93DF9300D000D0CDB7DEB744E01B
S113336050E0BC01CE0101960E94354D69817A81FD
S11333708B819C810F900F900F900F90DF91CF91D4
S1133380089590912A14953A09F0C5C0811124C07A
S113339080E891E0DEDF60935C1570935D158093A7
S11333A05E1590935F158CE791E0D3DF60930B1566
S11333B070930C1580930D1590930E1584E791E08E
S11333C0C8DF6093001570930115809302159093E4
S11333D0031588E791E025C0813069F580E791E025
S11333E0B8DF60935C1570935D1580935E159093C0
S11333F05F158CE691E0ADDF60930B1570930C15AF
S113340080930D1590930E1584E691E0A2DF6093EE
S1133410001570930115809302159093031588E6A7
S113342091E097DF609358157093591580935A155E
S113343090935B1594C0823021F580E691E089DF9A
S113344060935C1570935D1580935E1590935F1582
S11334508CE591E07EDF60930B1570930C158093DF
S11334600D1590930E1584E591E073DF60930015BC
S113347070930115809302159093031588E591E0EC
S1133480D0CF833021F580E591E063DF60935C1554
S113349070935D1580935E1590935F158CE491E0B5
S11334A058DF60930B1570930C1580930D15909352
S11334B00E1584E491E04DDF6093001570930115BF
S11334C0809302159093031588E491E0AACF80E4D9
S11334D091E03FDF60935C1570935D1580935E15FA
S11334E090935F158CE391E034DF60930B15709338
S11334F00C1580930D1590930E1584E391E029DF4C
S11335006093001570930115809302159093031531
S113351088E391E086CF10925C1510925D151092AD
S11335205E1510925F1580E090E0A0E8BFE3809301
S11335300B1590930C15A0930D15B0930E151092C6
S11335400015109201151092021510920315109295
S113355058151092591510925A1510925B158091B6
S11335601F1487FF18C08091E41482FF14C01092C6
S11335705C1510925D1510925E1510925F1580E037
S113358090E0A0E8BFE380930B1590930C15A093F3
S11335900D15B0930E15089590912A14953A09F0DB
S11335A0A9C0811119C080E391E0D3DE6093D814DF
S11335B07093D9148093DA149093DB148CE291E025
S11335C0C8DE6093D4147093D5148093D61490936A
S11335D0D71488E291E01AC0813011F584E291E0B9
S11335E0B8DE6093D8147093D9148093DA1490934E
S11335F0DB1480E291E0ADDE6093D4147093D514B3
S11336008093D6149093D7148CE191E0A2DE60935A
S1133610D0147093D1148093D2149093D31486C091
S11336208230C9F488E191E094DE6093D8147093F9
S1133630D9148093DA149093DB1484E191E089DE49
S11336406093D4147093D5148093D6149093D714A4
S113365080E191E0DBCF8330C9F48CE091E079DE46
S11336606093D8147093D9148093DA149093DB1474
S113367088E091E06EDE6093D4147093D514809347
S1133680D6149093D71484E091E0C0CF8430C9F469
S113369080E091E05EDE6093D8147093D914809337
S11336A0DA149093DB148CEF90E053DE6093D4141F
S11336B07093D5148093D6149093D71488EF90E028
S11336C0A5CF84EF90E045DE6093D8147093D914AD
S11336D08093DA149093DB1480EF90E03ADE6093E9
S11336E0D4147093D5148093D6149093D7148CEE7D
S11336F090E08CCF1092D8141092D9141092DA144E
S11337001092DB1480E090E0A0E8BFE38093D4142F
S11337109093D514A093D614B093D7141092D014C8
S11337201092D1141092D2141092D31480911F14B9
S113373087FF18C08091E41483FF14C01092D8143A
S11337401092D9141092DA141092DB1480E090E0F5
S1133750A0E8BFE38093D4149093D514A093D61417
S1133760B093D714089580911A1481FF55C08091A5
S1133770E41482FF23C08091DD14811103C08CE71F
S113378091E049C08091DD14813019F48CE691E018
S113379042C08091DD14823019F48CE591E03BC085
S11337A08091DD14833019F48CE491E034C080916D
S11337B0DD14843089F58CE391E02DC08091E4140C
S11337C083FF2AC080915415811103C08CE291E0DB
S11337D022C080915415813019F480E291E01BC01D
S11337E080915415823019F484E191E014C08091E1
S11337F05415833019F488E091E00DC0809154157C
S1133800843019F48CEF90E006C080915415853013
S113381019F480EF90E09DCD60E070E080E89FEBCC
S1133820089580911A1481FF55C08091E41482FF99
S113383023C08091DD14811103C080E891E049C068
S11338408091DD14813019F480E791E042C08091C9
S1133850DD14823019F480E691E03BC08091DD14E0
S1133860833019F480E591E034C08091DD14843014
S113387089F580E491E02DC08091E41483FF2AC08F
S113388080915415811103C080E391E022C080919E
S11338905415813019F484E291E01BC080915415D1
S11338A0823019F488E191E014C08091541583307A
S11338B019F48CE091E00DC080915415843019F412
S11338C080E091E006C080915415853019F484EFAE
S11338D090E03FCD60E070E080E89FEB0895CF93E7
S11338E0DF9300D0CDB7DEB742E050E0BC01CE019B
S11338F001960E94354D89819A810F900F90DF9136
S1133900CF91089580912A14853A19F48BE590E0BB
S1133910E6CF81EE94E00895CF93DF9300D000D0FA
S1133920CDB7DEB744E050E0BC01CE0101960E9461
S1133930354D69817A818B819C810F900F900F9016
S11339400F90DF91CF910895CF92DF92EF92FF9283
S11339500F931F93CF93DF93CDB7DEB76C01EDB612
S1133960FEB650E08DB79EB7841B950B0FB6F89446
S11339709EBF0FBE8DBF0DB71EB70F5F1F4FC8018F
S11339800E94354DB801C6010E94090C0FB6F89487
S1133990FEBE0FBEEDBEDF91CF911F910F91FF9040
S11339A0EF90DF90CF9008954F925F926F927F9245
S11339B08F929F92AF92BF92CF92DF92EF92FF923B
S11339C00F931F93CF93DF9380E190E00E94454DC6
S11339D080932A1480912A14853A09F0DAC245E1C9
S11339E063ED70E085E394E1AFDF88E590E00E9449
S11339F0454D8093211486E590E00E94454D8093C7
S1133A00191488EE90E088DF6093931470939414F3
S1133A1080939514909396148AE590E00E94454D06
S1133A208093281489E590E00E94454D80932214E8
S1133A308DE090E00E94454D8093AF068FE490E0C6
S1133A404EDF90938510809384108EE490E00E9462
S1133A50454D809308148DE490E00E94454D809379
S1133A6040128EE891E00E94454D8093E4148DE865
S1133A7091E00E94454D809308158CE891E00E94E6
S1133A80454D80930A158BE891E00E94454D809343
S1133A903E158AE891E00E94454D8093FF1486E824
S1133AA091E01DDF909357158093561588E891E0B7
S1133AB016DF9093E6148093E51484E891E00E9465
S1133AC0454D8093091585E891E00E94454D80930A
S1133AD029158CE090E00E94454D8093BE0288E059
S1133AE090E037DC6093A6027093A7028093A8024B
S1133AF09093A90284E090E02CDC6093A10A709377
S1133B00A20A8093A30A9093A40A81E090E00E9401
S1133B10454D8093B90280E090E00E94454D80932A
S1133B20AA0282E090E0DBDE9093B1028093B002BF
S1133B308FE090E00E94454D8093920E8EE090E0DD
S1133B400E94454D8093930E89E490E002DC6093DB
S1133B50F3137093F4138093F5139093F61385E4A1
S1133B6090E0F7DB60933B1270933C1280933D121C
S1133B7090933E1281E490E0ECDB60935A127093D0
S1133B805B1280935C1290935D128DE390E0E1DB15
S1133B9060933712709338128093391290933A12CB
S1133BA089E390E0D6DB6093F7137093F813809366
S1133BB0F9139093FA1385E390E0CBDB609311142F
S1133BC070931214809313149093141481E390E06F
S1133BD0C0DB6093041470930514809306149093CF
S1133BE007148DE290E0B5DB609386107093871024
S1133BF0809388109093891089E290E0AADB609307
S1133C00FC137093FD138093FE139093FF1385E2CE
S1133C1090E09FDB6093151470931614809317142F
S1133C209093181481E290E094DB60939710709362
S1133C3098108093991090939A108DE190E089DB0D
S1133C40609356127093571280935812909359129E
S1133C5089E190E07EDB60934A1270934B1280936B
S1133C604C1290934D1285E190E073DB6093001445
S1133C7070930114809302149093031481E190E0F3
S1133C8068DB60938B1070938C1080938D109093ED
S1133C908E108FEC90E05DDB60939B1470939C140A
S1133CA080939D1490939E148BEC90E052DB609370
S1133CB0591470935A1480935B1490935C1487EC9A
S1133CC090E047DB609362147093631480936414F0
S1133CD09093651483EC90E03CDB60936E147093D6
S1133CE06F1480937014909371148FEB90E031DB18
S1133CF060938B1470938C1480938D1490938E1412
S1133D008BEB90E026DB6093311470933214809334
S1133D1033149093341487EB90E01BDB6093C81446
S1133D207093C9148093CA149093CB1483EB90E0DE
S1133D3010DB609397147093981480939914909364
S1133D409A148FEA90E005DB6093B2027093B30299
S1133D508093B4029093B5028BEA90E0FADA609310
S1133D60A2027093A3028093A4029093A50287EA0F
S1133D7090E0EFDA6093861470938714809388142C
S1133D809093891483EA90E0E4DA6093B914709311
S1133D90BA148093BB149093BC148FE990E0D9DAE1
S1133DA060937614709377148093781490937914B5
S1133DB08BE990E0CEDA6093A4147093A5148093F9
S1133DC0A6149093A71487E990E0C3DA6093B11422
S1133DD07093B2148093B3149093B4146091B1149B
S1133DE07091B2148091B3149091B4142091B114D1
S1133DF03091B2144091B3145091B4140E949A4873
S1133E006093B1147093B2148093B3149093B41468
S1133E1085E990E064DD9093BE148093BD1481E93C
S1133E2090E097DA60937E1470937F1480938014EB
S1133E30909381148DE890E08CDA60932D14709344
S1133E402E1480932F149093301489E890E081DA33
S1133E5060935D1470935E1480935F149093601468
S1133E6085E890E076DA6093AD147093AE14809395
S1133E70AF149093B01481E890E06BDA6093661409
S1133E8070936714809368149093691487E590E0A5
S1133E900E94454D80931F1480E890E00E94454D98
S1133EA08093A1148CE790E054DA60934E147093DD
S1133EB04F14809350149093511488E790E049DA9A
S1133EC06093A9147093AA148093AB149093AC14C8
S1133ED087E790E00E94454D8093C31483E790E008
S1133EE038DA60934A1470934B1480934C14909373
S1133EF04D148FE690E02DDA60937A1470937B145E
S1133F0080937C1490937D148BE690E022DA609386
S1133F106A1470936B1480936C1490936D1487E6F9
S1133F2090E017DA6093C4147093C5148093C61498
S1133F309093C71483E690E00CDA60938214709334
S1133F40831480938414909385148FE590E001DAB0
S1133F506093721470937314809374149093751413
S1133F608DE590E0BCDC9093A01480939F1482E5CF
S1133F7090E0EFD960932414709325148093261451
S1133F809093271481E590E00E94454D80932C1472
S1133F9057C268E772E085E394E10E94090CE1E00E
S1133FA0E093211483E08093191480E094E2A4EF59
S1133FB0B0E08093931490939414A0939514B093C9
S1133FC0961485E08093281494E6909322149AE042
S1133FD09093AF06C1E0D0E0D0938510C0938410D5
S1133FE0E0930814E09340121092E41494E0909348
S1133FF0081580930A158FEF80933E158093FF1464
S11340008AEF90E090935715809356159093E61499
S11340108093E51484E690E09093571580935615A9
S11340209093E6148093E5141092BE0286EA9FE012
S1134030A9ECBFE38093A6029093A702A093A802E1
S1134040B093A9028EEA97E4A1E8BFE38093A10AA2
S11340509093A20AA093A30AB093A40AE093B9028E
S1134060E093AA0285E090E09093B1028093B002BD
S11340701092920E1092930E1092F3131092F41366
S11340801092F5131092F61380E090E0A0E8BFE3DD
S113409080933B1290933C12A0933D12B0933E1236
S11340A010925A1210925B1210925C1210925D12CE
S11340B08093371290933812A0933912B0933A1226
S11340C01092F7131092F8131092F9131092FA1336
S11340D02FEAC22E23E2D22E2EEEE22E2EE3F22E71
S11340E0C0921114D0921214E0921314F09214148A
S11340F000E010E523E437E400930414109305145E
S1134100209306143093071447E157EB61ED78E3ED
S11341104093861050938710609388107093891091
S1134120F9E98F2EF1EA9F2EF8E9AF2EF9E3BF2EBD
S11341308092FC139092FD13A092FE13B092FF1391
S1134140C0921514D0921614E0921714F092181419
S113415000939710109398102093991030939A100D
S113416040935612509357126093581270935912F9
S11341704DE557E763E879E340934A1250934B12B5
S113418060934C1270934D1240E050E062E274E48C
S11341904093001450930114609302147093031419
S11341A080938B1090938C10A0938D10B0938E10ED
S11341B010929B1410929C1410929D1410929E14B1
S11341C040E050E060E272E44093591450935A1472
S11341D060935B1470935C1440E050E060EA70E418
S11341E04093621450936314609364147093651441
S11341F000E010E02CE032E400936E1410936F148E
S1134200209370143093711410928B1410928C14A8
S113421010928D1410928E1400E010E020EA32E423
S113422000933114109332142093331430933414C4
S11342304093C8145093C9146093CA147093CB1458
S113424000E010E020E732E40093971410939814F0
S11342502093991430939A1400E010E62AE636E489
S11342600093B2021093B3022093B4023093B502C8
S113427000E018EC2FE237E40093A2021093A302AB
S11342802093A4023093A502412C512C1AE7612EED
S113429014E4712E4092861450928714609288140C
S11342A07092891400E010E020E231E40093B91424
S11342B01093BA142093BB143093BC14FAE98F2ED4
S11342C0F9E99F2EA92CFFE3BF2E809276149092D9
S11342D07714A0927814B0927914FAE9CF2EF9E900
S11342E0DF2EF9E1EF2EFFE3FF2EC092A414D0924B
S11342F0A514E092A614F092A714C12CF4E2DF2EC8
S1134300F4E7EF2EF9E4FF2EC092B114D092B21468
S1134310E092B314F092B414D093BE14C093BD14BD
S113432040927E1450927F14609280147092811493
S113433080932D1490932E14A0932F14B0933014C3
S113434080925D1490925E14A0925F14B0926014F7
S11343508AE999E9A9E1BFE38093AD149093AE147F
S1134360A093AF14B093B014009366141093671421
S1134370209368143093691410921F141092A1149E
S113438010924E1410924F14109250141092511413
S11343901092A9141092AA141092AB141092AC1497
S11343A01092C314C12CD12CA0EFEA2EA1E4FA2E52
S11343B0C0924A14D0924B14E0924C14F0924D14D3
S11343C080E090E0A8ECB1E480937A1490937B149D
S11343D0A0937C14B0937D14C0926A14D0926B1491
S11343E0E0926C14F0926D148093C4149093C514ED
S11343F0A093C614B093C71400938214109383142B
S1134400209384143093851440937214509373143E
S1134410609374147093751480E699E09093A014DB
S113442080939F1480E090E0ACE8B2E4809324147D
S113443090932514A0932614B0932714E0932C147E
S113444060918410709185101091081480E090E0C0
S11344500E940A476B017C01612F70E080E090E0CC
S11344600E940A479B01AC01C701B6010E949A4809
S11344709B01AC0160E070E080E89FE30E9440464D
S113448060939B1070939C1080939D1090939E104A
S11344906091401270E080E090E00E940A479B0126
S11344A0AC0160E070E080E89FE30E9440466093C6
S11344B05212709353128093541290935512609138
S11344C093147091941480919514909196140E9471
S11344D00C4720E034E244E759E40E9440469B0143
S11344E0AC0160E070E080E89FE30E94404620E079
S11344F030E04DE353E40E949A486093BF02709306
S1134500C0028093C1029093C2026091931470918F
S1134510941480919514909196140E940C4720E075
S113452034E244E759E40E9440469B01AC0160E058
S113453070E080E89FE30E94404620E030E040E0E5
S113454051E40E949A486093AC027093AD02809348
S1134550AE029093AF02DF91CF911F910F91FF9024
S1134560EF90DF90CF90BF90AF909F908F907F900F
S11345706F905F904F9008958F929F92AF92BF92E9
S1134580DF92EF92FF920F931F93CF93DF93CDB7F8
S1134590DEB7C557D1090FB6F894DEBF0FBECDBF45
S11345A08C01F62E81E068133DC0F801CE0101961E
S11345B04C01DC01D12C5C018191893069F08111BD
S11345C005C080E892E00E941D0B5DC68D93D394D4
S11345D096E0D912F1CFF5CFF401ED0DF11D108263
S11345E0C4010E941E4AE82ED39490E0F801ED0D18
S11345F0F11D2081222361F0F40121934F01D39412
S11346009F5F913699F780E992E00E941D0B3BC6AB
S1134610F501E90FF11D10824AE0B80190E00E9413
S1134620404B04C0C8010E941E4AE82E60EA72E0B2
S1134630C8010E941A0CE1100AC09801AE014F5F34
S11346405F4F6F2D80E190E00E9431191CC6F1E0AC
S1134650EF1221C0FF1211C0BE016F5F7F4FCE0168
S11346608F599F4F0E94090C44E150E063ED70E0C4
S1134670CE018F599F4F0E944D4D44E163ED70E090
S1134680CE018F599F4F60D9BE016F597F4FC8012A
S11346900E941A0CF8C582E0E8120AC09801AE0123
S11346A04F5F5F4F6F2D88E590E00E943119EBC595
S11346B093E0E9120AC09801AE014F5F5F4F6F2D7E
S11346C086E590E00E943119DEC5E5E0EE1226C0D1
S11346D0F1E0FF1213C0CE0101960E943B4AA59659
S11346E06CAF7DAF8EAF9FAFA59744E050E068EE0E
S11346F070E0CE018F599F4F0E944D4D88EE90E09F
S11347000BD92AE0AE014F5F5F4F0E944A4BBE01B6
S11347106F5F7F4FC8010E941A0CB5C586E0E8128E
S11347200AC09801AE014F5F5F4F6F2D8BE590E09B
S11347300E945F19A8C597E0E9120AC09801AE016A
S11347404F5F5F4F6F2D8AE590E00E9431199BC542
S1134750E8E0EE120AC09801AE014F5F5F4F6F2D83
S113476089E590E00E9431198EC5FAE0EF120AC083
S11347709801AE014F5F5F4F6F2D8FE490E00E9470
S11347805F1981C58BE0E8120AC09801AE014F5F42
S11347905F4F6F2D8DE490E00E94311974C59CE049
S11347A0E9120AC09801AE014F5F5F4F6F2D8EE48E
S11347B090E00E94311967C5E4E1EE120AC0980145
S11347C0AE014F5F5F4F6F2D8EE891E00E9431196B
S11347D05AC5F5E1EF120AC09801AE014F5F5F4F71
S11347E06F2D8DE891E00E9431194DC586E1E812E4
S11347F00AC09801AE014F5F5F4F6F2D8CE891E0C6
S11348000E94311940C597E1E9120AC09801AE012E
S11348104F5F5F4F6F2D86E891E00E945F1933C5AB
S1134820E8E1EE120AC09801AE014F5F5F4F6F2DB1
S113483088E891E00E945F1926C5F5E5EF120AC0E9
S11348409801AE014F5F5F4F6F2D84E891E00E94A5
S1134850311919C586E5E8120AC09801AE014F5F07
S11348605F4F6F2D85E891E00E9431190CC599E1E5
S1134870E9120AC09801AE014F5F5F4F6F2D80E8C7
S113488091E00E94F418FFC4EAE1EE120AC0980114
S1134890AE014F5F5F4F6F2D8CE791E00E94F418DB
S11348A0F2C4FBE1EF120AC09801AE014F5F5F4F03
S11348B06F2D88E791E00E94F418E5C48CE1E812BA
S11348C00AC09801AE014F5F5F4F6F2D84E791E0FE
S11348D00E94F418D8C49EE1E9120AC09801AE01FE
S11348E04F5F5F4F6F2D80E791E00E94F418CBC4B7
S11348F0EFE1EE120AC09801AE014F5F5F4F6F2DDA
S11349008CE691E00E94F418BEC4F0E2EF120AC0F3
S11349109801AE014F5F5F4F6F2D88E691E00E94D2
S1134920F418B1C481E2E8120AC09801AE014F5FE5
S11349305F4F6F2D84E691E00E94F418A4C493E2C3
S1134940E9120AC09801AE014F5F5F4F6F2D80E6F8
S113495091E00E94F41897C4E4E2EE120AC09801B0
S1134960AE014F5F5F4F6F2D8CE591E00E94F4180C
S11349708AC4F5E2EF120AC09801AE014F5F5F4F9F
S11349806F2D88E591E00E94F4187DC486E2E81258
S11349900AC09801AE014F5F5F4F6F2D84E591E02F
S11349A00E94F41870C498E2E9120AC09801AE019A
S11349B04F5F5F4F6F2D80E591E00E94F41863C450
S11349C0E9E2EE120AC09801AE014F5F5F4F6F2D0E
S11349D08CE491E00E94F41856C4FAE2EF120AC083
S11349E09801AE014F5F5F4F6F2D88E491E00E9404
S11349F0F41849C48BE2E8120AC09801AE014F5F73
S1134A005F4F6F2D84E491E00E94F4183CC49DE252
S1134A10E9120AC09801AE014F5F5F4F6F2D80E429
S1134A2091E00E94F4182FC4EEE2EE120AC098013D
S1134A30AE014F5F5F4F6F2D8CE391E00E94F4183D
S1134A4022C4FFE2EF120AC09801AE014F5F5F4F2C
S1134A506F2D88E391E00E94F41815C480E3E812F6
S1134A600AC09801AE014F5F5F4F6F2D84E391E060
S1134A700E94F41808C497E3E9120AC09801AE0131
S1134A804F5F5F4F6F2D80E391E00E94F418FBC3EA
S1134A90E8E3EE120AC09801AE014F5F5F4F6F2D3D
S1134AA08CE291E00E94F418EEC3F9E3EF120AC01D
S1134AB09801AE014F5F5F4F6F2D88E291E00E9435
S1134AC0F418E1C38CE3E8120AC09801AE014F5F09
S1134AD05F4F6F2D84E291E00E94F418D4C39DE3EC
S1134AE0E9120AC09801AE014F5F5F4F6F2D80E25B
S1134AF091E00E94F418C7C3EEE3EE120AC09801D5
S1134B00AE014F5F5F4F6F2D8CE191E00E94F4186E
S1134B10BAC3F1E4EF120AC09801AE014F5F5F4FD0
S1134B206F2D88E191E00E94F418ADC382E4E8128D
S1134B300AC09801AE014F5F5F4F6F2D84E191E091
S1134B400E94F418A0C393E4E9120AC09801AE01CC
S1134B504F5F5F4F6F2D80E191E00E94F41893C383
S1134B60E6E4EE120AC09801AE014F5F5F4F6F2D6D
S1134B708CE091E00E94F41886C3F7E4EF120AC0B7
S1134B809801AE014F5F5F4F6F2D88E091E00E9466
S1134B90F41879C388E4E8120AC09801AE014F5FA3
S1134BA05F4F6F2D84E091E00E94F4186CC39BE486
S1134BB0E9120AC09801AE014F5F5F4F6F2D80E08C
S1134BC091E00E94F4185FC3ECE4EE120AC098016D
S1134BD0AE014F5F5F4F6F2D8CEF90E00E94F41891
S1134BE052C3FDE4EF120AC09801AE014F5F5F4F5C
S1134BF06F2D88EF90E00E94F41845C380E5E81219
S1134C000AC09801AE014F5F5F4F6F2D84EF90E0B3
S1134C100E94F41838C391E5E9120AC09801AE0164
S1134C204F5F5F4F6F2D80EF90E00E94F4182BC30D
S1134C30E2E5EE120AC09801AE014F5F5F4F6F2D9F
S1134C408CEE90E00E94F4181EC3F3E5EF120AC044
S1134C509801AE014F5F5F4F6F2D8BE891E00E948A
S1134C60311911C384E5E8120AC09801AE014F5FFF
S1134C705F4F6F2D8AE891E00E94311904C39AE5D1
S1134C80E9120AC09801AE014F5F5F4F6F2D89E4AE
S1134C9090E00E94F418F7C2EBE5EE120AC0980106
S1134CA0AE014F5F5F4F6F2D85E490E00E94F418D2
S1134CB0EAC2FFE5EF120AC09801AE014F5F5F4FF1
S1134CC06F2D81E490E00E94F418DDC280E6E812C2
S1134CD00AC09801AE014F5F5F4F6F2D8DE390E0E6
S1134CE00E94F418D0C291E6E9120AC09801AE01FC
S1134CF04F5F5F4F6F2D89E390E00E94F418C3C2A9
S1134D00E4E6EE120AC09801AE014F5F5F4F6F2DCB
S1134D1085E390E00E94F418B6C2F5E6EF120AC0EB
S1134D209801AE014F5F5F4F6F2D81E390E00E94C9
S1134D30F418A9C286E6E8120AC09801AE014F5FD2
S1134D405F4F6F2D8DE290E00E94F4189CC297E6AD
S1134D50E9120AC09801AE014F5F5F4F6F2D89E2DF
S1134D6090E00E94F4188FC2E9E6EE120AC098019E
S1134D70AE014F5F5F4F6F2D85E290E00E94F41803
S1134D8082C2FAE6EF120AC09801AE014F5F5F4F8C
S1134D906F2D81E290E00E94F41875C28BE6E81250
S1134DA00AC09801AE014F5F5F4F6F2D8DE190E017
S1134DB00E94F41868C29CE6E9120AC09801AE0188
S1134DC04F5F5F4F6F2D89E190E00E94F4185BC242
S1134DD0EEE6EE120AC09801AE014F5F5F4F6F2DF1
S1134DE085E190E00E94F4184EC2FFE6EF120AC07B
S1134DF09801AE014F5F5F4F6F2D81E190E00E94FB
S1134E00F41841C283E7E8120AC09801AE014F5F6B
S1134E105F4F6F2D8FE090E00E94311934C294E708
S1134E20E9120AC09801AE014F5F5F4F6F2D8EE00B
S1134E3090E00E94311927C2EDE7EE120AC09801F2
S1134E40AE014F5F5F4F6F2D8FEC90E00E94F4181E
S1134E501AC2FEE7EF120AC09801AE014F5F5F4F1E
S1134E606F2D8BEC90E00E94F4180DC28FE7E812CE
S1134E700AC09801AE014F5F5F4F6F2D87EC90E041
S1134E800E94F41800C290E8E9120AC09801AE0129
S1134E904F5F5F4F6F2D83EC90E00E94F418F3C1D5
S1134EA0E2E8EE120AC09801AE014F5F5F4F6F2D2A
S1134EB08FEB90E00E94F418E6C1F3E8EF120AC009
S1134EC09801AE014F5F5F4F6F2D8BEB90E00E9416
S1134ED0F418D9C184E8E8120AC09801AE014F5F02
S1134EE05F4F6F2D87EB90E00E94F418CCC195E8DA
S1134EF0E9120AC09801AE014F5F5F4F6F2D83EB3B
S1134F0090E00E94F418BFC1E7E8EE120AC09801CD
S1134F10AE014F5F5F4F6F2D8FEA90E00E94F4184F
S1134F20B2C1F8E8EF120AC09801AE014F5F5F4FBB
S1134F306F2D8BEA90E00E94F418A5C18CE8E8126A
S1134F400AC09801AE014F5F5F4F6F2D8DE090E076
S1134F500E94311998C19DE8E9120AC09801AE0176
S1134F604F5F5F4F6F2D8CE090E00E9431198BC131
S1134F70EEE8EE120AC09801AE014F5F5F4F6F2D4D
S1134F8088E090E00E94F4187EC1FFE8EF120AC0A6
S1134F909801AE014F5F5F4F6F2D84E090E00E9457
S1134FA0F41871C180E9E8120AC09801AE014F5F9C
S1134FB05F4F6F2D82E090E00E945F1964C191E918
S1134FC0E9120AC09801AE014F5F5F4F6F2D81E077
S1134FD090E00E94311957C1E2E9EE120AC098012B
S1134FE0AE014F5F5F4F6F2D80E090E00E9431195A
S1134FF04AC1F6E9EF120AC09801AE014F5F5F4F54
S11350006F2D87EA90E00E94F4183DC187E9E81209
S11350100AC09801AE014F5F5F4F6F2D83EA90E0A5
S11350200E94F41830C198E9E9120AC09801AE014F
S11350304F5F5F4F6F2D8FE990E00E94F41823C1FA
S1135040E9E9EE120AC09801AE014F5F5F4F6F2D80
S11350508BE990E00E94F41816C1FAE9EF120AC035
S11350609801AE014F5F5F4F6F2D87E990E00E947A
S1135070F41809C18BE9E8120AC09801AE014F5F28
S11350805F4F6F2D85E990E00E945F19FCC090EAA4
S1135090E9120AC09801AE014F5F5F4F6F2D81E99D
S11350A090E00E94F418EFC0E1EAEE120AC0980101
S11350B0AE014F5F5F4F6F2D8DE890E00E94F418B2
S11350C0E2C0F2EAEF120AC09801AE014F5F5F4FEF
S11350D06F2D89E890E00E94F418D5C083EAE812A5
S11350E00AC09801AE014F5F5F4F6F2D85E890E0D5
S11350F00E94F418C8C094EAE9120AC09801AE01EB
S11351004F5F5F4F6F2D81E890E00E94F418BBC0A1
S1135110E5EAEE120AC09801AE014F5F5F4F6F2DB2
S113512087E590E00E943119AEC0F6EAEF120AC09A
S11351309801AE014F5F5F4F6F2D80E890E00E94B1
S11351403119A1C087EAE8120AC09801AE014F5F85
S11351505F4F6F2D8CE790E00E94F41894C098EA9A
S1135160E9120AC09801AE014F5F5F4F6F2D88E7C7
S113517090E00E94F41887C0EFEAEE120AC098018A
S1135180AE014F5F5F4F6F2D87E790E00E943119AA
S11351907AC0F0EBEF120AC09801AE014F5F5F4F87
S11351A06F2D83E790E00E94F4186DC081EBE81244
S11351B00AC09801AE014F5F5F4F6F2D8FE690E0FC
S11351C00E94F41860C092EBE9120AC09801AE0183
S11351D04F5F5F4F6F2D8BE690E00E94F41853C031
S11351E0E3EBEE120AC09801AE014F5F5F4F6F2DE3
S11351F087E690E00E94F41846C0F4EBEF120AC070
S11352009801AE014F5F5F4F6F2D83E690E00E94DF
S1135210F41839C085EBE8120AC09801AE014F5F5B
S11352205F4F6F2D8FE590E00E94F4182CC096EB31
S1135230E9120AC09801AE014F5F5F4F6F2D8DE5F3
S113524090E00E945F191FC0E7EBEE120AC09801BC
S1135250AE014F5F5F4F6F2D82E590E00E94F4181E
S113526012C0F8EBEF120AC09801AE014F5F5F4F16
S11352706F2D81E590E00E94311905C069E171E06C
S1135280C8010E941A0CCB58DF4F0FB6F894DEBF4A
S11352900FBECDBFDF91CF911F910F91FF90EF9083
S11352A0DF90BF90AF909F908F90089585E08A958E
S11352B0F1F700002A9A80E18A95F1F72A981EBC3A
S11352C00DB407FEFDCF9EB51EBC0DB407FEFDCF89
S11352D08EB50895CF92DF92EF92FF929C01C12C7C
S11352E0D12C760160E070E0CB0121153105E1F0AD
S11352F02150310945E04A95F1F700002A9A40E12E
S11353004A95F1F72A981EBC0DB407FEFDCF4EB5A1
S1135310D42E1EBC0DB407FEFDCF4EB5C42E6C0DAD
S11353207D1D8E1D9F1DE1CFFF90EF90DF90CF90EC
S11353300895CF92DF92EF92FF929C01C12CD12C61
S1135340760110928A101092FB1360E070E0CB019A
S1135350F1E02115310551F12150310945E04A951B
S1135360F1F700002A9A40E14A95F1F72A981EBC09
S11353700DB407FEFDCFEEB5DE2E1EBC0DB407FE48
S1135380FDCFEEB5CE2EAD2DD11005C0E11109C073
S1135390F093FB1306C0AF3F21F4EF3F11F4F093F9
S11353A08A106C0D7D1D8E1D9F1DD3CFFF90EF9035
S11353B0DF90CF9008954F925F926F927F928F9279
S11353C09F92AF92BF92CF92DF92EF92FF92809121
S11353D0841090918510ADDF139A12981198309132
S11353E0451220910814321710F0109245122091A2
S11353F0DC1420FF15C02091DC142E7F2093DC14D4
S1135400209108142223C1F0215034E0239FF0019D
S11354101124ED55FF4E6083718382839383F2CF11
S1135420E091451224E0E29FF0011124ED55FF4E76
S113543060837183828393832091081460E070E019
S1135440CB01222381F0215034E0239FF001112469
S1135450ED55FF4EC080D180E280F3806C0D7D1D40
S11354608E1D9F1DEECF40909B1050909C1060901D
S11354709D1070909E1080905C1590905D15A0908A
S11354805E15B0905F15C0900B15D0900C15E09090
S11354900D15F0900E150E940A47A30192010E9477
S11354A09A48A50194010E94D845A70196010E943B
S11354B09A4860938F1070939010809391109093FA
S11354C092108091FB13882349F080911A14846010
S11354D080931A148091E41480621AC080918A1017
S11354E0882371F080911A14846080931A14809137
S11354F0E41480618093E4148091E4148F7D0DC0E2
S113550080911A148B7F80931A148091E4148F7DF8
S11355108093E4148091E4148F7E8093E41487EFE5
S113552090E00197F1F700C0000080918410909101
S11355308510FFDE1398129A11982091DC1421FF34
S113554015C02091DC142D7F2093DC1420910814C5
S11355502223C1F0215034E0239FF0011124E25AA8
S1135560FD4E6083718382839383F2CFE091451271
S113557024E0E29FF0011124E25AFD4E608371831E
S113558082839383809145128F5F8093451220918B
S1135590081460E070E0CB01222381F0215034E054
S11355A0239FF0011124E25AFD4EC080D180E28095
S11355B0F3806C0D7D1D8E1D9F1DEECF40909B10C2
S11355C050909C1060909D1070909E108090D81404
S11355D09090D914A090DA14B090DB14C090D41435
S11355E0D090D514E090D614F090D7140E940A47B6
S11355F0A30192010E949A48A50194010E94D845F2
S1135600A70196010E949A4860934612709347122C
S1135610809348129093491260918F10709190106A
S11356208091911090919210209100153091011564
S11356304091021550910315C0904612D090471224
S1135640E0904812F09049120E949A48A7019601EE
S11356500E94D84560934112709342128093431282
S1135660909344128091FB13882349F080911A147B
S1135670886080931A148091E41480681AC0809121
S11356808A10882371F080911A14886080931A1408
S11356908091E41480648093E4148091E4148F77FF
S11356A00DC080911A14877F80931A148091E4149A
S11356B08F778093E4148091E4148F7B8093E414B7
S11356C085ED8A95F1F700008091401290E002DEAA
S11356D0139A129A1198C0905212D0905312E090DB
S11356E05412F09055120E940A47A70196010E9495
S11356F09A486093931070939410809395109093AC
S113570096108FE591E00197F1F700C000008091B9
S1135710401290E0DFDD139A1298119A40905212D1
S113572050905312609054127090551280903B1216
S113573090903C12A0903D12B0903E12C090F31392
S1135740D090F413E090F513F090F6130E940A47FA
S1135750A30192010E949A48A50194010E949A48CB
S1135760A70196010E94D8456093091470930A1406
S113577080930B1490930C1483E291E00197F1F75A
S113578000C000008091401290E0A4DD13981298AC
S1135790119AC0905212D0905312E0905412F0908B
S11357A055120E940A47A70196010E949A48209127
S11357B011143091121440911314509114140E9436
S11357C09A486B017C019B01AC0160E070E080E8C9
S11357D097E40E94D7459B01AC01C701B6010E9422
S11357E040462091041430910514409106145091C0
S11357F00714C0908610D0908710E0908810F09025
S113580089100E949A48A70196010E949A480E9412
S113581027482091FC133091FD134091FE135091C1
S1135820FF130E949A482EE13FEC4BE55BE30E9494
S1135830D8459B01AC0160E070E080E89FE30E94E2
S1135840404623E333E948E853E40E94D745609394
S11358509F107093A0108093A1109093A210809138
S1135860401290E037DD139812981198C0905212AC
S1135870D0905312E0905412F09055120E940A47AF
S1135880A70196010E949A4820911514309116148C
S113589040911714509118140E949A486B017C018E
S11358A09B01AC0160E070E080E897E40E94D7457A
S11358B09B01AC01C701B6010E944046209197109C
S11358C0309198104091991050919A10C0905612AE
S11358D0D0905712E0905812F09059120E949A48B2
S11358E0A70196010E949A480E94274820914A12D3
S11358F030914B1240914C1250914D120E949A4893
S11359002EE13FEC4BE55BE30E94D8459B01AC01E3
S113591060E070E080E89FE30E94404623E333E9BF
S113592048E853E40E94D74560930D1470930E1415
S113593080930F1490931014FF90EF90DF90CF900A
S1135940BF90AF909F908F907F906F905F904F909B
S113595008954F925F926F927F928F929F92AF922F
S1135960BF92CF92DF92EF92FF9213981298119800
S11359708FE891E00197F1F700C00000209108142E
S11359808091841090918510AC01249FC001259FC3
S1135990900D1124CEDC40909B1050909C10609090
S11359A09D1070909E1080905C1590905D15A09055
S11359B05E15B0905F15C0900B15D0900C15E0905B
S11359C00D15F0900E150E940A47A30192010E9442
S11359D09A48A50194010E94D845A70196010E9406
S11359E09A4860938F1070939010809391109093C5
S11359F092108091FB13882321F08091E41480623B
S1135A0010C080918A10882349F08091E414806149
S1135A108093E4148091E4148F7D08C08091E41491
S1135A208F7D8093E4148091E4148F7E8093E4143A
S1135A30139A129A119AFF90EF90DF90CF90BF9033
S1135A40AF909F908F907F906F905F904F9008954C
S1135A504F925F926F927F928F929F92AF92BF927A
S1135A60CF92DF92EF92FF92139A129811988FE8D7
S1135A7091E00197F1F700C0000020910814809193
S1135A80841090918510AC01249FC001259F900D36
S1135A9011244FDC40909B1050909C1060909D10FE
S1135AA070909E108090D8149090D914A090DA141D
S1135AB0B090DB14C090D414D090D514E090D614D8
S1135AC0F090D7140E940A47A30192010E949A48B9
S1135AD0A50194010E94D845A70196010E949A4805
S1135AE06093461270934712809348129093491220
S1135AF08091FB13882321F08091E414806810C006
S1135B0080918A10882349F08091E4148064809302
S1135B10E4148091E4148F7708C08091E4148F77A3
S1135B208093E4148091E4148F7B8093E414139A9B
S1135B30129A119AFF90EF90DF90CF90BF90AF90A0
S1135B409F908F907F906F905F904F9008952CB5A9
S1135B5028602CBD8F5F9F472C981EBC0DB407FE98
S1135B60FDCF9EBD0DB407FEFDCF8EBD0DB407FE67
S1135B70FDCF2C9A8CB5877F8CBD08954F925F9290
S1135B806F927F928F929F92AF92BF92CF92DF9249
S1135B90EF92FF924B015C0120910B1530910C1593
S1135BA040910D1550910E1540908B1050908C1013
S1135BB060908D1070908E10C0900014D0900114DD
S1135BC0E0900214F09003140E944046A301920155
S1135BD00E949A48A70196010E94D8456B017C0156
S1135BE020E03AEF4FE757E40E94E14787FF17C0F0
S1135BF02091001430910114409102145091031427
S1135C00C701B6010E943C4687FF10C0C090001433
S1135C10D0900114E0900214F090031407C0C12C3A
S1135C208AEFD82E8FE7E82E87E4F82E80928F141F
S1135C3090929014A0929114B0929214C701B6015C
S1135C400E94DE46CB01FF90EF90DF90CF90BF9093
S1135C50AF909F908F907F906F905F904F9077CF91
S1135C608CB581608CBD8CB582608CBD8CB5846034
S1135C708CBD149880E88EBD0DB407FEFDCF81EE77
S1135C808EBD0DB407FEFDCF149A8CB58B7F8CBDF1
S1135C908CB58E7F8CBD08958CB581608CBD8CB520
S1135CA082608CBD8CB584608CBD149881E08EBDFF
S1135CB00DB407FEFDCF8FEF8EBD0DB407FEFDCFF3
S1135CC02EB560E070E0CB01722F2FEF2EBD0DB426
S1135CD007FEFDCF2EB5622F96958795779567952C
S1135CE0149A2CB52B7F2CBD2CB52E7F2CBD08957A
S1135CF08CB581608CBD8CB582608CBD8CB58460A4
S1135D008CBD149880E88EBD0DB407FEFDCF83E0F2
S1135D108EBD0DB407FEFDCF149A149881E88EBD94
S1135D200DB407FEFDCF87E78EBD0DB407FEFDCF92
S1135D30149A149880E88EBD0DB407FEFDCF81E857
S1135D408EBD0DB407FEFDCF149A8CB58B7F8CBD30
S1135D508CB58D7F8CBD08958CB581608CBD8CB560
S1135D6082608CBD8CB584608CBD14988CE08EBD33
S1135D700DB407FEFDCF8FEF8EBD0DB407FEFDCF32
S1135D803EB58FEF8EBD0DB407FEFDCF6EB58FEF20
S1135D908EBD0DB407FEFDCF2EB5149A8CB58B7F46
S1135DA08CBD8CB58D7F8CBD862F90E0A0E0B0E0DB
S1135DB0BA2FA92F982F8827A32B822BBC01CD01A2
S1135DC055E095958795779567955A95D1F782FF14
S1135DD002C0886F9F6F0E940C4720E030E040E0D3
S1135DE05CE30C949A4884EA8093BC008091BC00E4
S1135DF087FFFCCF8091B900887F883009F08EC07E
S1135E0085E38A95F1F7000080EC8093BB0084E879
S1135E108093BC008091BC0087FFFCCF8091B900C7
S1135E20887F883109F07AC085E38A95F1F700000C
S1135E3085E08093BB0084E88093BC008091BC0023
S1135E4087FFFCCF8091B900887F883209F066C053
S1135E5085E38A95F1F700001092BB0084E88093F3
S1135E60BC008091BC0087FFFCCF8091B900887F83
S1135E70883209F053C085E38A95F1F7000084E97C
S1135E808093BC0085E38A95F1F7000084EA80934F
S1135E90BC008091BC0087FFFCCF8091B900887F53
S1135EA08830E1F585E38A95F1F7000080EC809372
S1135EB0BB0084E88093BC008091BC0087FFFCCFCA
S1135EC08091B900887F883149F585E38A95F1F797
S1135ED0000086E08093BB0084E88093BC0080913E
S1135EE0BC0087FFFCCF8091B900887F8832B1F471
S1135EF085E38A95F1F700001092BB0084E8809353
S1135F00BC008091BC0087FFFCCF8091B900887FE2
S1135F10883221F485E38A95F1F7000084E98093BF
S1135F20BC0085E38A95F1F70000089548EE5DEF23
S1135F3024EA2093BC002091BC0027FFFCCF2091D1
S1135F40B900287F283009F06FC085E38A95F1F7FE
S1135F50000020EC2093BB0024E82093BC00209197
S1135F60BC0027FFFCCF2091B900287F283109F01D
S1135F705BC085E38A95F1F700001092BB0024E82A
S1135F802093BC002091BC0027FFFCCF2091B900D6
S1135F90287F283209F048C085E38A95F1F700008C
S1135FA024E92093BC008AE68A95F1F700C024EA2C
S1135FB02093BC002091BC0027FFFCCF2091B900A6
S1135FC0287F283089F585E38A95F1F7000021ECD4
S1135FD02093BB0024E82093BC002091BC0027FF41
S1135FE0FCCF2091B900287F2034F1F424EC2093D5
S1135FF0BC002091BC0027FFFCCF2091B900287F72
S1136000203591F42091BB00522F24E82093BC004A
S11360102091BC0027FFFCCF2091B900287F2835B0
S113602019F42091BB00422F24E92093BC00BA014B
S113603080E090E057FF0EC00E940A4720E030E065
S113604040E85DE30E949A4820E030E040E855E4EF
S11360500C94D7450E940A4720E030E040E85DE315
S11360600C949A4894EA9093BC009091BC0097FFDA
S1136070FCCF9091B900987F9830B1F590E490935B
S1136080BB0094E89093BC009091BC0097FFFCCFB8
S11360909091B900987F983139F58093BB0084E8DA
S11360A08093BC008091BC0087FFFCCF8091B90035
S11360B0887F8832C9F46093BB0084E88093BC0075
S11360C08091BC0087FFFCCF8091B900887F883223
S11360D059F44093BB0084E88093BC008091BC00D9
S11360E087FFFCCF8091B90084E98093BC008AE6E5
S11360F08A95F1F700C0089580E48093B800E9EB35
S1136100F0E080818D7F808380818E7F80834091C9
S1136110F21360913F1282E0A5DF40E060E086E088
S1136120A1CF2C9A249A2B9A239A2A98229A809166
S1136130211480FF14C080911914813021F08091C2
S11361401914833021F4149A0C9A559808C080913C
S11361501914823021F40C980D98559856980D987E
S113616015980E9A0F9A3E983D983B983C983A9809
S113617013980B9A12980A9A1198099A5A98529A53
S11361800898209A28982998099A3F9A4798579AE4
S11361905F98089580E48093970E369905C08091A6
S11361A0970E8F5F8093970E359905C08091970E57
S11361B08E5F8093970E339905C08091970E8C5F04
S11361C08093970E349905C08091970E885F8093D1
S11361D0970E329905C08091970E805F8093970E39
S11361E00895CF93DF9300D000D0CDB7DEB7F894F5
S11361F0A89584B7877F84BF0FB6F894A89580913B
S11362006000886180936000109260000FBE10925D
S1136210231410922B1410921A1410921F1410921B
S113622021141092291410921D141092201410920B
S1136230A11410928A1410924E1410924F141092BA
S11362405014109251141092B5141092B614109266
S1136250B7141092B8141092A9141092AA141092A0
S1136260AB141092AC1410923F121092F2132FEF51
S113627084E39CE0215080409040E1F700C000009E
S11362800E94D41C4EDF9FE088E10FB6F894A895D5
S1136290809360000FBE90936000A8952DDF40911D
S11362A0F21360913F1282E0DDDE74DF84B1806B13
S11362B084B98CB580658CBD8CB58D7F8CBD8CB557
S11362C08E7F8CBD8DB58E7F8DBD2C988091C10045
S11362D088618093C1008091C20086608093C2006F
S11362E01092C50084E08093C4008091C10080684E
S11362F08093C1005A98529A1092831010928C0F76
S11363008091800080938000809181008B608093D5
S1136310810010928B0010928A000E94821C90933C
S113632089008093880080916F00826080936F0061
S11363300E94073D85E08093DD1486E08093541528
S113634084E00E945D3F85E00E945B400E942C3DFA
S1136350E9D30E940A0B8091211480FF11C080911F
S11363601914813011F47CDC0BC080911914823033
S113637011F439DD05C080911914833009F4B8DCB7
S11363800E94AE458FEF9FEFE2DB15D88091291470
S11363908E7F809329147894A8958091291480FF86
S11363A0EEC009D80E94FC410E940A0B8091291476
S11363B081FF06C00E94D93A809129148D7FD8C0EC
S11363C080918C0F882389F080911D1486FDD2C0A2
S11363D080911F1481FDCEC080911F1482FDCAC01C
S11363E00E94F21610928C0FC5C08091291483FF6D
S11363F0C1C08091211480FF5AC08091191481304A
S113640009F042C04D9953C047DC0E940A476B0112
S11364107C018090F7139090F813A090F913B0903A
S1136420FA134090371250903812609039127090DD
S11364303A1280915A1290915B12A0915C12B09121
S11364405D1289839A83AB83BC83A7019601C7013C
S1136450B6010E949A48A50194010E949A484B01F2
S11364605C01A3019201C701B6010E949A489B01F5
S1136470AC01C501B4010E94D84529813A814B8100
S11364805C810E94D8450BC080911914823011F4AC
S11364904DDD05C080911914833049F45DDC6093AF
S11364A04E1270934F1280935012909351120E9487
S11364B0E943E12CF12C19828091601590E00E2CB7
S11364C002C0959587950A94E2F780FF19C0F701F9
S11364D0EE0FFF1FEE0FFF1FEF59FA4E608171811F
S11364E082819381209124143091251440912614A3
S11364F0509127140E94E14787FD02C091E09983DF
S1136500AFEFEA1AFA0AB8E0EB16F104A9F629810A
S1136510211102C0059904C080911E14806103C03A
S113652080911E148F7E80931E1420E030E040E0A2
S11365308091601590E0022E02C0959587950A948B
S1136540E2F780FD4F5F2F5F3F4F2830310581F721
S113655080912C14481720F480911E14806203C08B
S113656080911E148F7D80931E1480912914877F3F
S113657080932914809129148E7F8093291480910B
S11365801D1486FD0E94470CA89506CF1F920F92FA
S11365900FB60F9211240BB60F922F933F934F9384
S11365A05F938F939F93AF93BF93EF93FF933FB703
S11365B08091C00087FFFCCF8091C6008A3029F506
S11365C08091130F833291F59091120F8091970E61
S11365D098132CC080918C0F811128C020E0409129
S11365E08310822F90E050E0FC01E85FFF4E841797
S11365F095073CF4DC01AE5EB04F8C9180832F5F35
S1136600EECF108220938C0F11C0882389F0E09183
S11366108310F0E0EE5EF04F8083809183108F5FF3
S11366208093831080918310893710F01092831027
S11366303FBFFF91EF91BF91AF919F918F915F9178
S11366404F913F912F910F900BBE0F900FBE0F9063
S11366501F9018951F920F920FB60F9211240BB62C
S11366600F922F938F939F93EF93FF939FB7209154
S11366708D0F8091960E281758F08091C1008F7B62
S11366808093C1005A981092960E10928D0F0DC0EF
S1136690E0918D0FF0E0E257F04F80818093C600C7
S11366A080918D0F8F5F80938D0F9FBFFF91EF912E
S11366B09F918F912F910F900BBE0F900FBE0F9053
S11366C01F9018951F920F920FB60F9211242F93BB
S11366D04F935F938F939F932FB78091291480FFDB
S11366E005C080911E14816080931E14809129142A
S11366F081608093291480912B148F5F80932B14D5
S113670090912B1480912814981307C08091291418
S113671082608093291410922B1480911B14909101
S11367201C14019690931C1480931B1480912214C2
S113673040911B1450911C1490E08417950749F460
S11367408091291488608093291410921C1410924B
S11367501B142FBF9F918F915F914F912F910F9099
S11367600FBE0F901F90189580911A1486FF2DC0AC
S113677060919F107091A0108091A1109091A2102F
S11367802091621430916314409164145091651403
S11367900E94E14718160CF045C060919F1070915B
S11367A0A0108091A1109091A21020916E143091AC
S11367B06F1440917014509171140E943C4687FFED
S11367C031C080911A148F7B2BC060919F107091FF
S11367D0A0108091A1109091A21020919B1430914F
S11367E09C1440919D1450919E140E943C4687FD38
S11367F014C060919F107091A0108091A11090918D
S1136800A2102091591430915A1440915B14509164
S11368105C140E94E14718162CF480911A148064C9
S113682080931A1480911A1487FF2DC060910D145F
S113683070910E1480910F14909110142091C8142B
S11368403091C9144091CA145091CB140E94E1476D
S113685018160CF045C060910D1470910E148091BF
S11368600F14909110142091971430919814409122
S1136870991450919A140E943C4687FF31C080912C
S11368801A148F772BC060910D1470910E1480919F
S11368900F149091101420918B1430918C1440910A
S11368A08D1450918E140E943C4687FD14C0609153
S11368B00D1470910E1480910F1490911014209166
S11368C031143091321440913314509134140E9495
S11368D0E14718162CF480911A14806880931A14D6
S11368E008956091091470910A1480910B14909189
S11368F00C142091B2023091B3024091B402509131
S1136900B5020E943C4687FD14C060910914709141
S11369100A1480910B1490910C142091A2023091CE
S1136920A3024091A4025091A5020E94E1471816C7
S11369308CF480915214882321F080915214815058
S113694019C080911A14806280931A1488EC809381
S1136950A81408958091A814882331F08091A81474
S113696081508093A81405C080911A148F7D809360
S11369701A1484E18093521408958091C31487FDFE
S1136980A7C08091531490915414892B49F080919D
S11369905314909154140197909354148093531466
S11369A08091C31480FD49C060910D1470910E1440
S11369B080910F149091101420916A1430916B14EB
S11369C040916C1450916D140E94E147181644F1E3
S11369D060919F107091A0108091A1109091A210CD
S11369E020914A1430914B1440914C1450914D1401
S11369F00E94E1471816A4F06091CC147091CD1454
S1136A008091CE149091CF142091821430918314EC
S1136A1040918414509185140E94E14718166CF437
S1136A208091C31482608093C31480919F149091C9
S1136A30A01490935414809353148091C31480FF32
S1136A4047C060910D1470910E1480910F149091B1
S1136A5010142091C4143091C5144091C61450915F
S1136A60C7140E943C4687FF33C060919F10709109
S1136A70A0108091A1109091A21020917A143091CD
S1136A807B1440917C1450917D140E943C4687FFF6
S1136A901FC06091CC147091CD148091CE1490914C
S1136AA0CF14209172143091731440917414509146
S1136AB075140E943C4687FF0BC08091531490913B
S1136AC05414892B29F48091C3148D7F8093C314AB
S1136AD08091C31481FF04C08091C31480FF08C057
S1136AE08091C31481FD1DC08091C31480FF19C01F
S1136AF08091C31481FF06C01698179A8091C3141D
S1136B00816005C0169A17988091C3148E7F809374
S1136B10C3148FE19EE40197F1F700C00000169AB8
S1136B20179A08951092541410925314169A1798A1
S1136B308091C3148E7F8093C3148FE19EE40197E8
S1136B40F1F700C00000169A179A089580911A145C
S1136B5086FD12C080911A1487FD0EC080911A140C
S1136B6085FD0AC080911E1484FD06C080911E1408
S1136B7085FB882780F9089581E00895E7DF811176
S1136B800CC080911A1484FD08C080911A1482FDEF
S1136B9004C080911A1483FF02C05F9A08955F981D
S1136BA00895CF9360919F107091A0108091A110CF
S1136BB09091A21020919B1430919C1440919D14AB
S1136BC050919E140E943C4687FD17C060919F100F
S1136BD07091A0108091A1109091A210209159144D
S1136BE030915A1440915B1450915C14C1E00E949E
S1136BF0E14718161CF0C0E001C0C1E060910D141B
S1136C0070910E1480910F149091101420918B1494
S1136C1030918C1440918D1450918E140E943C46F6
S1136C2087FD14C060910D1470910E1480910F149F
S1136C3090911014209131143091321440913314F6
S1136C40509134140E94E14718160CF4C1E08C2FC3
S1136C50CF910895109261148091A11480938A14A5
S1136C601092B5141092B6141092B7141092B8146E
S1136C708091611481608093611460910B1570910F
S1136C800C1580910D1590910E1520917E14309164
S1136C907F1440918014509181140E949A4860930B
S1136CA0BF147093C0148093C1149093C2140895B8
S1136CB08F929F92AF92BF92CF92DF92EF92FF9208
S1136CC060910B1570910C1580910D1590910E1516
S1136CD080908F1090909010A0909110B09092108E
S1136CE0C090B514D090B614E090B714F090B814D6
S1136CF020E030E04AEF53E40E949A48A501940151
S1136D000E94D845A70196010E943C4687FF15C002
S1136D1080918F1090919010A0919110B091921049
S1136D208093B5149093B614A093B714B093B81489
S1136D30809161148E7F809361148090A914909047
S1136D40AA14A090AB14B090AC146091D4147091B8
S1136D50D5148091D6149091D71420916614309153
S1136D6067144091681450916914C0904112D090F6
S1136D704212E0904312F09044120E949A489B0100
S1136D80AC01C501B4010E94D745A70196010E9438
S1136D90E147181614F56091B5147091B6148091FA
S1136DA0B7149091B8142091BF143091C01440913D
S1136DB0C1145091C2140E94D7456093B5147093C6
S1136DC0B6148093B7149093B8148091611480FF23
S1136DD064C0809161148E7F4DC06091D414709111
S1136DE0D5148091D6149091D714209166143091C3
S1136DF0671440916814509169148090A91490907C
S1136E00AA14A090AB14B090AC14C0904112D090CE
S1136E104212E0904312F09044120E949A48A50155
S1136E2094010E94D845A70196010E943C4687FF21
S1136E304EC06091B5147091B6148091B7149091BE
S1136E40B8142091BF143091C0144091C1145091D2
S1136E50C2140E94D8456093B5147093B6148093FD
S1136E60B7149093B8148091611480FD16C080917A
S1136E7061148160809361146091BF147091C01497
S1136E808091C1149091C2142091AD143091AE142C
S1136E904091AF145091B01410C06091BF14709120
S1136EA0C0148091C1149091C21420915D1430914A
S1136EB05E1440915F14509160140E949A4860934C
S1136EC0BF147093C0148093C1149093C214609142
S1136ED00B1570910C1580910D1590910E15209144
S1136EE07E1430917F144091801450918114C0908D
S1136EF0BF14D090C014E090C114F090C2140E944A
S1136F009A48A70196010E943C4687FF11C06091F0
S1136F100B1570910C1580910D1590910E15209103
S1136F207E1430917F14409180145091811430C0AC
S1136F3060910B1570910C1580910D1590910E15A3
S1136F4020912D1430912E1440912F14509130140F
S1136F50C090BF14D090C014E090C114F090C2143B
S1136F600E949A48A70196010E94E1471816D4F49A
S1136F7060910B1570910C1580910D1590910E1563
S1136F8020912D1430912E1440912F1450913014CF
S1136F900E949A486093BF147093C0148093C114E4
S1136FA09093C2146091B5147091B6148091B71483
S1136FB09091B81420E030E0A9010E943C4687FF7C
S1136FC00DC01092B5141092B6141092B71410920A
S1136FD0B81480916114816080936114FF90EF90E4
S1136FE0DF90CF90BF90AF909F908F9008951092B4
S1136FF0611480E090E0AAE7B4EC80935514909378
S11370005614A0935714B09358148093CC149093AF
S1137010CD14A093CE14B093CF148091BD1490914D
S1137020BE149093A3148093A2148091A11480930E
S11370308A140E94590126E636E646E25FE30E947E
S11370409A486093B5147093B6148093B7149093D0
S1137050B8148091611481608093611460910B1560
S113706070910C1580910D1590910E152091861438
S11370703091871440918814509189140E949A4841
S11370806093BF147093C0148093C1149093C2147E
S113709008954F925F926F927F928F929F92AF92D8
S11370A0BF92CF92DF92EF92FF928091A2149091BF
S11370B0A31401979093A3148093A2148091A21413
S11370C09091A314892B09F067C28091BD1490910B
S11370D0BE149093A3148093A2148091611487FF2B
S11370E008C0809161148F77809361140E944A05CF
S11370F092C160910B1570910C1580910D159091B2
S11371000E1580908F1090909010A0909110B090D8
S11371109210C090B514D090B614E090B714F090CB
S1137120B81420E030E04AEF53E40E949A48A501E5
S113713094010E94D845A70196010E943C4687FF0E
S11371401CC060918F10709190108091911090915B
S1137150921026E636E646E65FE30E949A4860937C
S1137160B5147093B6148093B7149093B8148091A7
S113717061148E7F8093611469C060910B157091C6
S11371800C1580910D1590910E152091D414309109
S1137190D5144091D6145091D7144090B114509006
S11371A0B2146090B3147090B414809055149090FD
S11371B05614A0905714B0905814C090CC14D0908A
S11371C0CD14E090CE14F090CF140E949A48A301FD
S11371D092010E949A48A50194010E94D845A701F2
S11371E096010E943C4687FF4CC08091611480FF49
S11371F013C06091B5147091B6148091B714909136
S1137200B8142091BF143091C0144091C11450910E
S1137210C2140E94D84512C06091B5147091B6147E
S11372208091B7149091B8142091BF143091C01478
S11372304091C1145091C2140E94D7456093B51473
S11372407093B6148093B7149093B8146091BF14DC
S11372507091C0148091C1149091C214209176143D
S11372603091771440917814509179140E949A487F
S11372706093BF147093C0148093C1149093C2148C
S113728090C08090551490905614A0905714B090CC
S1137290581460910B1570910C1580910D159091F7
S11372A00E152091D4143091D5144091D6145091D8
S11372B0D7144090B1145090B2146090B3147090ED
S11372C0B414C090CC14D090CD14E090CE14F090AF
S11372D0CF140E949A48A30192010E949A489B01EC
S11372E0AC01C501B4010E94D745A70196010E94D3
S11372F0E14718160CF066C06091BF147091C01479
S11373008091C1149091C2142091A4143091A514B9
S11373104091A6145091A7140E949A486093BF14F8
S11373207093C0148093C1149093C214809161141B
S113733080FF18C0809161148E7F809361146091E6
S1137340B5147091B6148091B7149091B81420912B
S1137350BF143091C0144091C1145091C2140E94C2
S1137360D74517C080916114816080936114609146
S1137370B5147091B6148091B7149091B8142091FB
S1137380BF143091C0144091C1145091C2140E9492
S1137390D8456093B5147093B6148093B714909342
S11373A0B8148091CC149091CD14A091CE14B091C6
S11373B0CF148093551490935614A0935714B093FC
S11373C0581431C08091611480FF13C06091B514CA
S11373D07091B6148091B7149091B8142091BF1491
S11373E03091C0144091C1145091C2140E94D845E8
S11373F012C06091B5147091B6148091B714909135
S1137400B8142091BF143091C0144091C11450910C
S1137410C2140E94D7456093B5147093B614809338
S1137420B7149093B81460910B1570910C1580915A
S11374300D1590910E15209186143091871440916A
S1137440881450918914C090BF14D090C014E09057
S1137450C114F090C2140E949A48A70196010E9498
S11374603C4687FF11C060910B1570910C158091FB
S11374700D1590910E15209186143091871440912A
S113748088145091891430C060910B1570910C15BB
S113749080910D1590910E152091B9143091BA1464
S11374A04091BB145091BC14C090BF14D090C01430
S11374B0E090C114F090C2140E949A48A70196016A
S11374C00E94E1471816D4F460910B1570910C15C5
S11374D080910D1590910E152091B9143091BA1424
S11374E04091BB145091BC140E949A486093BF14FD
S11374F07093C0148093C1149093C2146091B51416
S11375007091B6148091B7149091B81420E030E0D3
S1137510A9010E943C4687FF3FC0809161148160AD
S11375208093611460910B1570910C1580910D1569
S113753090910E15209186143091871440918814EF
S1137540509189140E949A486093BF147093C01498
S11375508093C1149093C2148091BF149091C0146D
S1137560A091C114B091C2148093B5149093B61431
S1137570A093B714B093B8148091CC149091CD1407
S1137580A091CE14B091CF148093551490935614B7
S1137590A0935714B0935814FF90EF90DF90CF90BE
S11375A0BF90AF909F908F907F906F905F904F901F
S11375B0089560918F107091901080919110909126
S11375C092102091411230914212409143125091F5
S11375D044120E949A486093CC147093CD14809303
S11375E0CE149093CF1480911F1487FF0BC0809109
S11375F01A14826080931A1480911F148E7F8093D2
S11376001F1405C080911A148D7F80931A14ACD86E
S113761068D9B3D9B3DA80911F1480FFD4C08091A4
S11376201F1481FF1CC0BDDA811104C080911A149B
S113763085FF0BC080911A148E7F80931A1447988B
S1137640289880911F148D7FBBC080911A1481608B
S113765080931A14479A289A0E94A807D3C080914D
S11376601F1482FF1CC09DDA811104C080911A147A
S113767085FF0BC080911A148E7F80931A1447984B
S1137680289880911F148B7F9BC080911A1481606D
S113769080931A14479A289A0E942C02B3C056DA8F
S11376A08823C1F080911A14816080931A14479A38
S11376B0289880915615909157159093281580938A
S11376C027158091E5149091E6149093E314809328
S11376D0E21498C08091A114813061F48091A114C6
S11376E080938A1480911A14816080931A14479AA3
S11376F0289888C08091A1148230A1F48091A114AB
S113770080938A1480911A14816080931A14479A82
S1137710289A1092B5141092B6141092B7141092BD
S1137720B81470C08091A1148330A1F48091A11485
S113773080938A1480911A14816080931A14479A52
S1137740289A80914E1490914F14A0915014B091A6
S1137750511450C08091A114843089F480911A147A
S1137760816080931A14479A289A90918A14809180
S1137770A114981302C09CDA45C06CDA43C080910E
S1137780A114853089F480911A14816080931A14AD
S1137790479A289A90918A148091A114981302C050
S11377A078DC30C024DC2EC01092A11480911A140D
S11377B08E7F80931A144798289880911F148E7F87
S11377C080931F141FC080911A148E7F80931A1403
S11377D04798289880911F148D7F80931F1480915F
S11377E01F148B7F80931F1410928A1480E09AEFE9
S11377F0AFE7B7E48093B5149093B614A093B7148D
S1137800B093B81460918F14709190148091911476
S1137810909192142091B5143091B6144091B714FC
S11378205091B8140E943C46882351F06091B514DD
S11378307091B6148091B7149091B8140C94BE2D25
S11378400895AF92BF92CF92DF92EF92FF920F937F
S11378501F93CF936B017C0104E010E0C02F58010B
S1137860AA0CBB1CAA0CBB1CF501E65DFA4E608198
S1137870718182819381A70196010E94E1471816C4
S11378806CF4F501E15CFA4E20813181428153812F
S1137890C701B6010E94E147181624F001501109EE
S11378A0E8F6C4E02C2F30E08091DD1490E00196DE
S11378B02817390799F4E091DD1484E0E89FF0017A
S11378C01124E65DFA4E2081318142815381C70142
S11378D0B6010E943C4687FF1CC019C08091DD148C
S11378E090E0019728173907A1F4E091DD1484E0B2
S11378F0E89FF0011124E15CFA4E2081318142813C
S11379005381C701B6010E94E147181614F4C091CF
S1137910DD148C2FCF911F910F91FF90EF90DF908A
S1137920CF90BF90AF900895AF92BF92CF92DF9265
S1137930EF92FF920F931F93CF936B017C0105E0AD
S113794010E0C02F5801AA0CBB1CAA0CBB1CF501EB
S1137950E951FB4E6081718182819381A701960177
S11379600E94E14718166CF4F501E15FFA4E20819C
S1137970318142815381C701B6010E94E147181643
S113798024F001501109E8F6C5E02C2F30E0809175
S1137990541590E001962817390799F4E09154158D
S11379A084E0E89FF0011124E951FB4E20813181EC
S11379B042815381C701B6010E943C4687FF1CC027
S11379C019C08091541590E0019728173907A1F444
S11379D0E091541584E0E89FF0011124E15FFA4E30
S11379E02081318142815381C701B6010E94E14760
S11379F0181614F4C09154158C2FCF911F910F9128
S1137A00FF90EF90DF90CF90BF90AF90089580915A
S1137A10F21381608093F2134091F21360913F124C
S1137A2082E00E9432308FE891E00197F1F700C0C4
S1137A3000008091F2138E7F8093F2134091F21331
S1137A4060913F1282E00E9432308FE891E001970A
S1137A50F1F700C0000008954F925F926F927F92F9
S1137A608F929F92AF92BF92CF92DF92EF92FF924A
S1137A70CF93DF93CDB7DEB7A0970FB6F894DEBFF0
S1137A800FBECDBF10922815109227151092E31443
S1137A901092E2148CE791E00E94A91929E136E6DC
S1137AA047E656E40E949A486B017C018CE691E01B
S1137AB00E94A91920E038EF42E757E40E949A484F
S1137AC069837A838B839C838CE591E00E94A91956
S1137AD020E038EF42E757E40E949A486D837E83A2
S1137AE08F8398878CE491E00E94A91920E038EFF5
S1137AF042E757E40E949A4869877A878B879C8774
S1137B008CE391E00E94A919698F7A8F8B8F9C8FE7
S1137B108CE291E00E94A91920E038EF42E757E493
S1137B200E949A484B015C0180E291E00E94A919ED
S1137B3020E038EF42E757E40E949A486D877E8739
S1137B408F87988B84E191E00E94A91920E038EF97
S1137B5042E757E40E949A48698B7A8B8B8B9C8B03
S1137B6088E091E00E94A91920E038EF42E757E449
S1137B700E949A482B013C018CEF90E00E94A919C5
S1137B8020E038EF42E757E40E949A486D8B7E8BE1
S1137B908F8B988F80EF90E00E94A9196D8F7E8F54
S1137BA08F8F98A32AE037ED43E85FE3C701B6015E
S1137BB00E949A48EAE2F5E16083718382839383A9
S1137BC02AE037ED43E85FE369817A818B819C8108
S1137BD00E949A4860932E1570932F158093301548
S1137BE0909331152AE037ED43E85FE36D817E81A0
S1137BF08F8198850E949A4860933215709333154B
S1137C0080933415909335152AE037ED43E85FE30C
S1137C1069857A858B859C850E949A486093361580
S1137C2070933715809338159093391520E038EF09
S1137C3042E757E4698D7A8D8B8D9C8D0E949A481A
S1137C402AE037ED43E85FE30E949A4860933A15CF
S1137C5070933B1580933C1590933D15D701C60155
S1137C60B058EFE3F5E180839183A283B38326E6E2
S1137C7036E646E65FE3C701B6010E949A48609380
S1137C80431570934415809345159093461526E645
S1137C9036E646E65FE369817A818B819C810E94A6
S1137CA09A486093471570934815809349159093AB
S1137CB04A1526E636E646E65FE36D817E818F81CE
S1137CC098850E949A4860934B1570934C15809345
S1137CD04D1590934E1526E636E646E65FE3698534
S1137CE07A858B859C850E949A4860934F15709382
S1137CF0501580935115909352152AE037ED43E8BF
S1137D005FE3C501B4010E949A48E7EEF4E16083A1
S1137D107183828393832AE037ED43E85FE36D85C3
S1137D207E858F8598890E949A486093EB1470939E
S1137D30EC148093ED149093EE142AE037ED43E8AD
S1137D405FE369897A898B899C890E949A48609348
S1137D50EF147093F0148093F1149093F2142AE0CA
S1137D6037ED43E85FE3C301B2010E949A48609390
S1137D70F3147093F4148093F5149093F6142AE09A
S1137D8037ED43E85FE36D897E898F89988D0E9482
S1137D909A486093F7147093F8148093F9149093AD
S1137DA0FA1420E038EF42E757E46D8D7E8D8F8D15
S1137DB098A10E949A482AE037ED43E85FE30E94C5
S1137DC09A486093FB147093FC148093FD14909371
S1137DD0FE14D501C401B058EFE0F5E1808391832E
S1137DE0A283B38326E636E646E65FE3C501B40123
S1137DF00E949A4860931315709314158093151577
S1137E009093161526E636E646E65FE36D857E8595
S1137E108F8598890E949A48609317157093181556
S1137E208093191590931A1526E636E646E65FE325
S1137E3069897A898B899C890E949A4860931B1569
S1137E4070931C1580931D1590931E1526E636E637
S1137E5046E65FE3C301B2010E949A4860931F158E
S1137E6070932015809321159093221526E636E60B
S1137E7046E65FE36D897E898F89988D0E949A48D2
S1137E8060932315709324158093251590932615DC
S1137E90A0960FB6F894DEBF0FBECDBFDF91CF9191
S1137EA0FF90EF90DF90CF90BF90AF909F908F9016
S1137EB07F906F905F904F900895CF93C82F8091DB
S1137EC056159091571590932815809327158091F6
S1137ED00915809353158C2F0E94C1198091DD14CC
S1137EE0882341F08091DD14813021F08091DD14EC
S1137EF0823021F481E0C33088F40DC08091DD1418
S1137F00833021F08091DD14843039F481E09DEFD9
S1137F109C0F923018F480E001C081E09091DD1450
S1137F20992341F09091DD14913021F09091DD146A
S1137F30943039F4C23008F4ABC091E0C43079F421
S1137F400DC09091DD14923021F09091DD149330A6
S1137F5049F491E02EEF2C0F223008F490E08130A8
S1137F6071F403C0813071F491E020913F122E7FAF
S1137F7020933F1220913F122D7F20933F12913086
S1137F8009F082C090913F129B7F90933F12909191
S1137F903F12977F90933F12C11104C090913F12FA
S1137FA0986007C0C130D1F3C23059F490913F12A8
S1137FB0946090933F128130B1F480913F128160BC
S1137FC010C091E0C33009F06AC0913029F4909157
S1137FD03F12946090933F12813029F480913F12B4
S1137FE0826080933F124091F21360913F1282E0CD
S1137FF00E9432308FED9EE20197F1F700C000003D
S113800060918F14709190148091911490919214B6
S11380100E94BE2D8FE59DE60197F1F700C0000098
S113802080913F12816080933F1280913F12826061
S113803080933F1280913F12846080933F1280911D
S11380403F12886080933F124091F21360913F1277
S113805082E00E9432308FE39CE90197F1F700C07F
S11380600000C093DD148091DC1481608093DC14E3
S113807080911E148E7F80931E14809129148E7F0C
S113808080932914CF910895CC2309F494CF04C08C
S11380908130D1F790E069CFC13041F48CCF913079
S11380A009F09ACF90913F12986094CFC23009F4AE
S11380B082CF90E087CFCF93C82F80915415813021
S11380C041F080915415833021F08091541585300E
S11380D041F48C2F8D7F8130C9F081E0C530B9F433
S11380E015C080915415882341F080915415823035
S11380F021F080915415843039F48C2F8D7F31F028
S113810081E0C43021F402C081E001C080E020910C
S1138110E5143091E6143093E3142093E214909123
S11381202915909355159091F2139E7F9093F21315
S113813090913F129F7D90933F1290913F129F7EAA
S113814090933F1290913F129F7790933F1290919A
S11381503F129F7B90933F129091F213C11109C07B
S113816098609093F213813081F480913F1280647F
S11381700AC0C13071F498609093F213813029F4ED
S113818080913F12806880933F1280913F128061FA
S11381902BC0C23049F494609093F213813081F47F
S11381A080913F1280640AC0C33071F4946090934C
S11381B0F213813029F480913F12806880933F123A
S11381C080913F12806210C092609093F213C43089
S11381D031F4813059F480913F12806405C08130BC
S11381E029F480913F12806880933F124091F213EA
S11381F060913F1282E00E9432308FE39CE9019744
S1138200F1F700C0000080913F12806880933F1214
S113821080913F12806480933F12CC2311F0C130CF
S113822049F48091F2138D7F8093F2138091F213BD
S11382308B7F10C0C23021F48091F2138D7F05C072
S1138240C330D1F38091F2138B7F8093F21380912A
S1138250F213877F8093F2134091F21360913F12DF
S113826082E00E9432308C2F0E94CC1A8FE39CE96A
S11382700197F1F700C00000C09354158091DC14FD
S113828082608093DC1480911E148E7F80931E1470
S1138290809129148E7F80932914CF910895282FDB
S11382A031E0C901992399F020913E1530E0082E60
S11382B002C0359527950A94E2F720FD02C08F5F2E
S11382C001C090E024E030E0853060F3EACF089507
S11382D08091DD149091E41494FF02C08F5F09C073
S11382E060918F10709190108091911090919210E4
S11382F0A8DAD5DF853008F084E09091DD14981772
S113830040F09091DD14891778F490911E1492FD39
S11383100BC090915315992331F0809153158150DE
S1138320809353150895C9CD0895282F31E0C901CC
S1138330992399F02091FF1430E0082E02C035955E
S113834027950A94E2F720FD02C08F5F01C090E0F8
S113835025E030E0863060F3EACF0895CF93C091F2
S11383605415009904C080911A14806103C080914F
S11383701A148F7E80931A148091E41486FD04C02D
S113838080911A1484FF0DC08C2F90E0049714F48C
S1138390CE5F01C0CF5F80911A1484FF0CC037DB1D
S11383A00AC06091461270914712809148129091D0
S11383B04912BADAC82F8C2FB8DF863008F085E06E
S11383C090915415981740F090915415891770F4B2
S11383D090911E1493FD0EC090915515992321F090
S11383E080915515815004C0CF9165CE8091291597
S11383F080935515CF910895809127159091281554
S1138400892B69F0809127159091281501979093F5
S113841028158093271580911E14846003C08091D1
S11384201E148B7F80931E148091E2149091E314A8
S1138430892B69F08091E2149091E3140197909351
S1138440E3148093E21480911E14886003C0809129
S11384501E14877F80931E1480911F1487FF09C008
S11384608091E41482FF05C08091E41481608093BC
S1138470E4148091E41480FF09C09091DD1480918C
S113848008159817B9F08091081513C080911A1433
S113849080FF02C01DDF0EC08091561590915715C4
S11384A090932815809327158091DD14843011F062
S11384B084E003DD009904C080911A14806103C034
S11384C080911A148F7E80931A1480911F1487FF51
S11384D009C08091E41483FF05C08091E414826094
S11384E08093E4148091E41481FF09C090915415A1
S11384F080910A159817D1F080910A1516C08091C1
S11385001A1480FD2BCF8091E5149091E61490937A
S1138510E3148093E21480911E14886080931E14E7
S113852080915415853011F085E0C5CD08958F9262
S11385309F92AF92BF92CF92DF92EF92FF929C01F3
S1138540215031092E3F3F4008F03BC0BC0180E080
S113855090E060D420E030EF4FE755E491D36B0115
S11385607C0120E030E44CE156E4E4D54B015C01AD
S1138570A701960160E070E080E89FE318D39B01B7
S1138580AC01C501B4017CD320E030E44CE156E4F5
S113859077D35DD520E030E049E755E471D32FE08F
S11385A03FEC4BE55BE304D39B01AC0160E070E07E
S11385B080E89FE365D323E333E948E853E4F7D243
S11385C003C060E070E0CB01FF90EF90DF90CF90AC
S11385D0BF90AF909F908F900895CF92DF92EF92CB
S11385E0FF9223E333E948E853E4E2D29B01AC0170
S11385F060E070E080E89FE343D32FE03FEC4BE57D
S11386005BE3D5D220E030E049E755E493D5A5D328
S113861020E030E44CE156E48DD56B017C0120E090
S113862030E44CE156E4C4D29B01AC01C701B6016D
S113863027D320E030EF4FE755E47CD56B017C0174
S113864020E030E0A90118D387FD11C020E030EF0D
S11386504FE755E4C701B601B4D418165CF4C12C35
S113866080EFD82E8FE7E82E85E4F82E03C0C12CC6
S1138670D12C7601C701B601A1D3CB01FF90EF90B5
S1138680DF90CF90089588EE93E02091BC0027FD01
S113869004C00197D1F780E0089581E00895FF9226
S11386A00F931F93CF93DF93C82F8B0184EAF82E87
S11386B0F092BC00E8DF882309F47DC08091B90002
S11386C0887F883009F077C0C05B85E38A95F1F72D
S11386D000008C2F880F8093BB00D4E8D093BC009B
S11386E0D2DF882309F467C08091B900887F88317C
S11386F009F061C095E39A95F1F700001092BB0070
S1138700D093BC00C0DF882309F455C08091B90020
S1138710887F883209F04FC0E5E3EA95F1F700005D
S1138720F092BC00B0DF882309F445C08091B90001
S1138730887F803109F03FC0F5E3FA95F1F7000036
S1138740CC0FC160C093BB00D093BC009CDF8823D6
S113875091F18091B900887F803469F585E38A9529
S1138760F1F7000084EC8093BC008DDF882319F1BD
S11387708091B900887F8035F1F4C091BB0084E812
S11387808093BC0080DF8823B1F08091B900887F9A
S1138790883589F48091BB0094E99093BC0095E3FB
S11387A09A95F1F7000090E09C2B9F70F80191835B
S11387B0808381E008C084E98093BC00F5E3FA95E6
S11387C0F1F7000080E0DF91CF911F910F91FF90AE
S11387D00895EF92FF920F931F93CF93DF9300D0EE
S11387E0CDB7DEB700E010E0EE24E394F12C8091E5
S11387F0601590E0002E02C0959587950A94E2F7E3
S113880080FF23C0BE016F5F7F4F802F48DF882326
S113881079F089819A818BDEF801EE0FFF1FEE0F4C
S1138820FF1FEF59FA4E60837183828393830DC0D7
S1138830909160159701002E01C0220F0A94EAF767
S1138840822F80958923809360150F5F1F4F083016
S1138850110569F60F900F90DF91CF911F910F9141
S1138860FF90EF900895CF93C82F84EA8093BC00C3
S11388700ADF882309F43DC08091B900887F8830DD
S1138880C1F585E38A95F1F70000CC0FC093BB00D6
S1138890C4E8C093BC00F7DE882359F18091B90085
S11388A0887F883131F585E38A95F1F7000082E00D
S11388B08093BB00C093BC00E6DE8823D1F0809196
S11388C0B900887F8832A9F485E38A95F1F700001E
S11388D082EE8093BB00C093BC00D5DE882349F0B0
S11388E08091B900887F883221F485E38A95F1F775
S11388F0000084E98093BC0085E38A95F1F70000C9
S1138900CF9108950F931F93CF93C82F6091241490
S11389107091251480912614909127145EDE8C01A9
S113892084EA8093BC00AFDE882309F44EC08091B2
S1138930B900887F883009F048C085E38A95F1F74B
S11389400000CC0FC093BB00C4E8C093BC009BDE06
S11389508823D9F18091B900887F8831B1F585E306
S11389608A95F1F7000083E08093BB00C093BC00BC
S11389708ADE882351F18091B900887F883229F5F5
S11389801F7085E38A95F1F700001093BB00C09334
S1138990BC0079DE8823C9F08091B900887F8832D1
S11389A0A1F485E38A95F1F700000093BB00C0931E
S11389B0BC0069DE882349F08091B900887F883241
S11389C021F485E38A95F1F7000084E98093BC00E3
S11389D085E38A95F1F70000CF911F910F910895D7
S11389E0CF92DF92EF92FF920F931F93CF93C82FF2
S11389F0C0902414D0902514E0902614F0902714ED
S1138A006091241470912514809126149091271458
S1138A102DEC3CEC4CE45DE38DD39B01AC01C70130
S1138A20B601C5D0DADD8C0184EA8093BC002BDE6C
S1138A30882309F44EC08091B900887F883009F0FA
S1138A4048C085E38A95F1F70000CC0FC093BB00C2
S1138A50C4E8C093BC0017DE8823D9F18091B90023
S1138A60887F8831B1F585E38A95F1F7000085E0C8
S1138A708093BB00C093BC0006DE882351F1809133
S1138A80B900887F883229F51F7085E38A95F1F74C
S1138A9000001093BB00C093BC00F5DD8823C9F02F
S1138AA08091B900887F8832A1F485E38A95F1F733
S1138AB000000093BB00C093BC00E5DD882349F0AF
S1138AC08091B900887F883221F485E38A95F1F793
S1138AD0000084E98093BC0085E38A95F1F70000E7
S1138AE0CF911F910F91FF90EF90DF90CF90089559
S1138AF0CF93C82FB8DE8C2F05DF8C2FCF9170CF8A
S1138B00CF93C82F84EA8093BC00BDDD8823E1F0B5
S1138B108091B900887F8830B9F4CC0FC093BB0032
S1138B2084E88093BC00AFDD882371F08091B900A4
S1138B30887F883149F484E98093BC0085E38A9571
S1138B40F1F7000081E008C084E98093BC0085E36C
S1138B508A95F1F7000080E0CF910895EF92FF929B
S1138B601F93CF93DF9310926015C0E0D0E0EE2402
S1138B70E394F12C1C2F105B812FC2DF882369F052
S1138B8020916015C7010C2E01C0880F0A94EAF7E2
S1138B90822B80936015812FABDF2196C830D105DD
S1138BA049F7DF91CF911F91FF90EF9008955058AE
S1138BB0BB27AA270ED0CBC1BCD130F0C1D120F045
S1138BC031F49F3F11F41EF48CC10EF4E095E7FBE1
S1138BD082C1E92FCDD180F3BA17620773078407E6
S1138BE0950718F071F49EF5E5C10EF4E0950B2E8F
S1138BF0BA2FA02D0B01B90190010C01CA01A001EB
S1138C001124FF27591B99F0593F50F4503E68F145
S1138C101A16F040A22F232F342F4427585FF3CF86
S1138C20469537952795A795F0405395C9F77EF457
S1138C301F16BA0B620B730B840BBAF09150A1F0A0
S1138C40FF0FBB1F661F771F881FC2F70EC0BA0F26
S1138C50621F731F841F48F4879577956795B795AE
S1138C60F7959E3F08F0B3CF9395880F08F09927A6
S1138C70EE0F9795879508950AD108F481E0089539
S1138C800CD065C15DD140F054D130F021F45F3F88
S1138C9019F021C151118FC124C16AD198F39923CC
S1138CA0C9F35523B1F3951B550BBB27AA276217AC
S1138CB07307840738F09F5F5F4F220F331F441FF1
S1138CC0AA1FA9F333D00E2E3AF0E0E830D0915029
S1138CD05040E695001CCAF729D0FE2F27D0660F16
S1138CE0771F881FBB1F261737074807AB07B0E855
S1138CF009F0BB0B802DBF01FF2793585F4F2AF06B
S1138D009E3F510568F0E7C056C15F3FECF3983EC3
S1138D10DCF3869577956795B795F7959F5FC9F7C7
S1138D20880F911D9695879597F90895E1E0660F50
S1138D30771F881FBB1F621773078407BA0720F0C9
S1138D40621B730B840BBA0BEE1F88F7E095089532
S1138D5019F40EF0C0C02EC1C4C012D1C8F39638A5
S1138D60C0F707F80F92E8942BE33AEA48EB5FE781
S1138D70EFD10F920F920F924DB75EB70F92A7D11A
S1138D80ECE8F0E0B1D04F915F91EF91FF91E59560
S1138D90EE1FFF1F49F0FE57E0684427EE0F441F03
S1138DA0FA95E1F74195550B19D10F9007FE0DC1C6
S1138DB0089504D06894B111FEC00895E1D088F0FC
S1138DC09F5790F0B92F9927B751A0F0D1F0660FB3
S1138DD0771F881F991F1AF0BA95C9F712C0B130CE
S1138DE081F0E8D0B1E00895E5C0672F782F882797
S1138DF0B85F39F0B93FCCF3869577956795B3950D
S1138E00D9F73EF490958095709561957F4F8F4F7B
S1138E109F4F0895E89409C097FB3EF49095809580
S1138E20709561957F4F8F4F9F4F9923A9F0F92F2C
S1138E3096E9BB279395F695879577956795B795AA
S1138E40F111F8CFFAF4BB0F11F460FF1BC06F5F90
S1138E507F4F8F4F9F4F16C0882311F096E911C0A2
S1138E60772321F09EE8872F762F05C0662371F0C3
S1138E7096E8862F70E060E02AF09A95660F771FD7
S1138E80881FDAF7880F9695879597F90895990FB3
S1138E900008550FAA0BE0E8FEEF16161706E807C0
S1138EA0F907C0F012161306E407F50798F0621BE1
S1138EB0730B840B950B39F40A2661F0232B242BB6
S1138EC0252B21F408950A2609F4A140A6958FEFD5
S1138ED0811D811D089597F99F6780E870E060E027
S1138EE008959FEF80EC0895DF93CF931F930F9322
S1138EF0FF92EF92DF927B018C01689405C0DA2E19
S1138F00EF0124D1FE01E894A59125913591459175
S1138F105591AEF3EF015DDEFE019701A801DA94ED
S1138F2079F7DF90EF90FF900F911F91CF91DF9130
S1138F30089500240A9416161706180609060895BB
S1138F4000240A9412161306140605060895092E21
S1138F500394000C11F4882352F0BB0F40F4BF2B90
S1138F6011F460FF04C06F5F7F4F8F4F9F4F0895D0
S1138F7057FD9058440F551F59F05F3F71F04795C6
S1138F80880F97FB991F61F09F3F79F087950895AB
S1138F90121613061406551FF2CF4695F1DF08C0CA
S1138FA0161617061806991FF1CF869571056105E7
S1138FB008940895E894BB2766277727CB0197F98F
S1138FC0089565DF08F48FEF08959B01AC0160E01C
S1138FD070E080E89FE354CE7ECF50C1D1DFE8F348
S1138FE09923D9F3940F511DBBF39150504094F041
S1138FF059F0882332F0660F771F881F9150504034
S1139000C1F79E3F510544F7880F911D96958795AA
S113901097F908955F3FACF0983E9CF0BB27869586
S113902077956795B79508F4B1609395C1F7BB0F31
S113903058F711F460FFE8CF6F5F7F4F8F4F9F4F5A
S1139040E3CFB9CF0EF01AC14CCF689444CF98DF68
S1139050C8F39923D1F3C6F3DF93CF931F930F93F0
S1139060FF92C92FDD2788232AF02197660F771FE7
S1139070881FDAF720E030E040E85FEB9FE38839AF
S113908020F0803E30F021968F7792DDE4EBF0E023
S113909003C08EDDE1EEF0E027DF8B01BE01EC01C1
S11390A0FB2E6F5771097595771F880B990BB4DEEA
S11390B028E132E741E35FE349D0AF2D9801AE01E7
S11390C0FF900F911F91CF91DF9183DD40CFFA0183
S11390D0DC01AA0FBB1F9B01AC01BF5728F4222758
S11390E03327442750781FC0B75188F4AB2F00248E
S11390F0469537952795011CA395D2F3002069F076
S1139100220F331F441FB395DAF30DD050CD6130D5
S11391107105A0E88A07B94630F49B01AC016627C3
S1139120772788279078309621F0208331834283F3
S1139130538308950BD00BCFFCDE28F001DF18F029
S1139140952309F0C8CECDCE112435CF11DFA0F37D
S1139150959FD1F3950F50E0551F629FF001729FC8
S1139160BB27F00DB11D639FAA27F00DB11DAA1FE7
S1139170649F6627B00DA11D661F829F2227B00D34
S1139180A11D621F739FB00DA11D621F839FA00DBF
S1139190611D221F749F3327A00D611D231F849F0F
S11391A0600D211D822F762F6A2F11249F57504066
S11391B08AF0E1F088234AF0EE0FFF1FBB1F661F01
S11391C0771F881F91505040A9F79E3F510570F0BA
S11391D082CEF1CE5F3FECF3983EDCF38695779533
S11391E06795B795F795E7959F5FC1F7FE2B880FB5
S11391F0911D9695879597F90895C2DEE0F09E3704
S1139200D8F09639B8F49E3848F4672F782F882719
S1139210985FF9CF86957795679593959539D0F3AF
S1139220B62FB1706B0F711D811D20F48795779552
S11392306795939508C022C0BECE9F932ED00F9001
S113924007FCEE5F51C0882371F4772321F0985016
S1139250872B762F07C0662311F499270DC09051F0
S1139260862B70E060E02AF09A95660F771F881FBE
S1139270DAF7880F9695879597F908959F3F31F00F
S1139280915020F4879577956795B795880F911D30
S11392909695879597F9089524CE72DEE8F3E894BD
S11392A0E0E0BB279F57F0F02AED3FE049EC06C011
S11392B0EE0FBB0F661F771F881F28F0B23A6207B4
S11392C07307840728F0B25A620B730B840BE3957F
S11392D09A9572F7803830F49A95BB0F661F771F02
S11392E0881FD2F79048CCCFEF93E0FF06C0A2EAE4
S11392F02AED3FE049EC5FEB6CDC29DE0F90039430
S113930001FC9058EEE0F1E000C09F938F937F93AF
S11393106F93FF93EF939B01AC010CDFEF91FF91EF
S1139320E3DD2F913F914F915F9104CFCF92DF9274
S1139330FF920F931F93CF93DF93EA01F02E122F26
S1139340283008F017E000E0212FAE01BAD0988150
S1139350292F2870DE0190FF06C0211104C0119648
S11393602DE228830CC0F1FE03C011963BE204C039
S1139370F0FE03C0119630E23883211105C092FF3C
S11393800CC06CE271E002C064E371E0F2FE02C062
S11393906C5F7F4FCD016DD145C0FD0131962981B0
S11393A02C93213309F09F7E1123B9F0AE014E5F57
S11393B05F4F6F01312F2EE2DA016D91AD01D601BD
S11393C02D936D013150262FB9F71150DF01A10FF4
S11393D0B11DFD01329611966C93F2FC02C025E694
S11393E001C025E42083DF01129687FF04C09DE2BB
S11393F0918381950AC0811106C094FF04C09DE247
S1139400918390E308C09BE2918390E38A301CF03F
S11394109F5F8A50FBCF9C93805D11968C9311972C
S113942012961C92CE01DF91CF911F910F91FF9064
S1139430DF90CF9008956627772791C1FC01882794
S11394409927E89421912032E9F3293010F02E3045
S1139450C8F32B3239F02D3231F4689403C03DD176
S1139460820F911D219120532A30C8F31EF4909548
S113947081959F4F08951F93FC0199278827BC016C
S1139480E89411911032E9F3193010F01E30C8F34A
S11394901B3249F01D3241F4689405C009D1610FB3
S11394A0711D811D911D119110531A30B8F33EF4B2
S11394B090958095709561957F4F8F4F9F4F1F9129
S11394C00895283008F027E03327DA01990F311D79
S11394D087FD916000966105710539F432602E5F55
S11394E03D9330E32A95E1F708959F3F30F08038AB
S11394F07105610509F03C5F3C5F3D93913008F0D4
S11395008068911DDF93CF931F930F93FF92EF9287
S1139510192F987F9695E92F96959695E90FFF2731
S1139520EA56FE4F99273327EE24FF24A701E701CB
S113953005900894079428F4360FE71EF81E491F77
S1139540511D660F771F881F991F0694A1F7059078
S1139550079428F4E70EF81E491F561FC11D770F04
S1139560881F991F661F0694A1F70590079428F495
S1139570F80E491F561FC71FD11D880F991F661F5C
S1139580771F0694A1F70590079420F4490F561FFE
S1139590C71FD81F990F661F771F881F0694A9F746
S11395A084911095177041F0D695C79557954795B6
S11395B0F794E7941A95C1F7ECE3F1E068941590F9
S11395C0159135916591959105907FE27395E11818
S11395D0F10A430B560BC90BD009C0F7E10CF11E7D
S11395E0431F561FC91FD01D7EF4703311F48A9592
S11395F0E6CFE894015030F0080F0AF40027021770
S113960008F4202F2395022F7A3328F079E37D93F1
S11396102A95E9F710C07D932A9589F606949795C3
S11396206795379517951794E118F10A430B560B74
S1139630C90BD00998F023957E9173957A3308F07D
S113964070E37C932013B8F77E9170617D9330F0C2
S1139650839571E37D9370E32A95E1F71124EF90EC
S1139660FF900F911F91CF91DF91992787FD9095DE
S11396700895FB01DC0105900D920020E1F70895A7
S1139680BB274A3031F4992322F4BDE290958195A9
S11396909F4F4DC0BB272A3051F4992342F4BDE2B9
S11396A090958095709561957F4F8F4F9F4F1EC009
S11396B0592F482F372F262F660F771F881F991F82
S11396C0660F771F881F991F620F731F841F951FD2
S11396D0660F771F881F991F08957AE0979F902D32
S11396E0879F802D910D11240895BB27FA01A62F81
S11396F06217710581059105330B30FB66F0AA27CB
S1139700660F771F881F991FAA1FA21710F0A21BAC
S113971063953850A9F7A05DAA3308F0A95DA19319
S113972036F7B111B1931082CA018CC1BB27FB017A
S11397305527AA27880F991FAA1FA41710F0A41B46
S113974083955051B9F7A05DAA3308F0A95DA193A0
S1139750009779F7B111B1931192CB0173C18F9234
S11397609F92AF92BF92CF92DF92EF92FF920F93AC
S11397701F93CF93DF93EC016B016115710519F011
S1139780FB01918380837E01FFEFEF1AFF0A0881BA
S1139790802F90E037D1892B11F0E701F4CF0D32FF
S11397A039F47E0182E0E80EF11C098111E008C061
S11397B00B3229F47E0192E0E90EF11C098110E0DC
S11397C0E701219743E050E06EE372E0CE0122D13D
S11397D0892BB9F4239645E050E069E372E0CE01A9
S11397E019D1892B09F42596C114D10419F0F60175
S11397F0D183C0831111F0C060E070E080E89FE77E
S1139800F4C043E050E066E372E0CE0103D1892B5B
S113981059F4C114D10409F4E4C0F2E0EF0EF11CD0
S1139820F601F182E082DDC020E030E0A901C0E071
S1139830D0E0F70160EDA62EA00E89E08A1528F18C
S1139840912F9260B92E812F887012FF04C081116C
S113985023C0219621C081112197A5E0B0E034D125
S1139860DC01CB01880F991FAA1FBB1F9C01AD010E
S11398702A0D311D411D511D283989E93807480732
S113988089E1580748F0166006C09EEFA9120AC085
S113989013FD40C01860B12E8FEFE81AF80A00815A
S11398A01B2DC7CF802F8F7D8534A1F580818D320C
S11398B011F4106106C08B3221F0319661E070E042
S11398C004C08181329662E070E080538A3018F0DF
S11398D0E61BF70B1FC060E070E060389CE079077E
S11398E05CF4DB01AA0FBB1FAA0FBB1F6A0F7B1F0F
S11398F0660F771F680F711D3196DF0111978C91E8
S113990080538A3050F314FF03C071956195710937
S1139910C60FD71F11FF08C0C114D10429F0CF010D
S11399200197F60191838083CA01B90173DA212F6B
S11399302370233019F04B015C0106C04B015C011C
S1139940B7FAB094B7F8B09420E030E0A901C501AB
S1139950B40192D9882309F43CC0D7FF06C0D1953D
S1139960C195D10905E512E002C00DE612E06801D7
S1139970F8E1CF1AD10890E2E92EF12CCE15DF05DB
S11399806CF0F8012591359145915491C501B401CC
S1139990D1DB4B015C01CE19DF09F0CF0450110972
S11399A0F594E7940C151D0549F78A2D880F8B2D26
S11399B0881F8F3F41F020E030E0A901C501B401C8
S11399C05BD9811106C082E290E090938215809366
S11399D08115C501B40109C060E070E080E89FEF23
S11399E004C060E070E080EC9FE7DF91CF911F91AD
S11399F00F91FF90EF90DF90CF90BF90AF909F902A
S1139A008F90089591112EC0803219F0895085509D
S1139A10D0F70895FB01DC014150504088F08D914E
S1139A2081341CF08B350CF4805E659161341CF03C
S1139A306B350CF4605E861B611171F3990B08950C
S1139A40881BFCCFDC01FC01672F71917723E1F7C0
S1139A50329704C07C916D9370836291AE17BF07F7
S1139A60C8F30895992788270895DC01CB01FC01E8
S1139A70F999FECF06C0F2BDE1BDF89A319600B463
S1139A800D9241505040B8F70895F999FECF92BD18
S1139A9081BDF89A992780B50895DC01CB0102C0F5
S1139AA02D9105D041505040D8F70895262FF999AB
S1139AB0FECF1FBA92BD81BD20BD0FB6F894FA9AAD
S1139AC0F99A0FBE0196089509D0A59F900DB49FF1
S1139AD0900DA49F800D911D11240895A29FB001A3
S1139AE0B39FC001A39F700D811D1124911DB29FCE
S1119AF0700D811D1124911D0895F894FFCF6F
S1139AFE524541443F004F55545000310030002A26
S1139B0E005342523F004F50433F0049444E3F00E2
S1139B1E4F5045545F52312E34430056312E313658
S1139B2E412D4430384D3033593732004C4F414477
S1139B3E3A004D4F444500534554564F4C54005330
S1139B4E455443555252004D5050543A44454C419D
S1139B5E59004D454153004441544100504F494E24
S1139B6E5453004156523A5643004156523A5345C5
S1139B7E545300434F533A504841534500564F43B4
S1139B8E3A4D554C54005452414E533A00454E44AE
S1139B9E564F4C540052414E47453A004143545699
S1139BAE414C004944564F4C54006175746F004942
S1139BBE4443555252004F43525354004F4E564F46
S1139BCE4C54004F4E435552520043414C3A0045BB
S1139BDE3F005343414C45004E6F2043616C2100BE
S1139BEE4F46465345540046414E3A004D414E2091
S1139BFE4F4646004D414E204F4E004155544F00A6
S1139C0E4155544F204F4E004155544F204F464618
S1139C1E00445249563A00565345543F004944476E
S1139C2E41494E004944494E54004144433A00418F
S1139C3E56523A4F54484552004359434C45533AB1
S1139C4E5643004545524F4D3A005752495445002C
S1139C5E54454D503F004552525F414452210045F8
S1139C6E52525F56414C21004E6F45726F6D21006A
S1139C7E4552525F454550524F4D5F41445221006B
S1139C8E4552525F454550524F4D5F56414C21004F
S1059C9E0900B7
S9030000FC
