:1000000038C1000055C1000053C1000051C10000BB
:100010004FC100004DC100004BC1000049C10000AC
:1000200047C1000045C1000043C1000041C10000BC
:100030003FC100000C94FD333BC1000039C10000FA
:1000400037C1000035C1000033C1000031C10000DC
:100050000C9461332DC100000C94C53329C10000FC
:1000600027C1000025C1000023C1000021C10000FC
:100070001FC100001DC100001BC1000019C100000C
:1000800017C1000015C1000013C10000076342360C
:10009000B79BD8A71A39685618AEBAAB558C1D3C19
:1000A000B7CC5763BD6DEDFD753EF6177231BF00DD
:1000B0000000803F08000000BE922449123EABAA17
:1000C000AA2ABECDCCCC4C3E00000080BEABAAAA72
:1000D000AA3E00000000BF000000803F00000000BA
:1000E00000084178D3BB4387D1133D190E3CC3BDF3
:1000F0004282AD2B3E68EC8276BED98FE1A93E4CA0
:1001000080EFFFBE01C4FF7F3F000000000005A894
:100110004CCDB2D44EB93836A9020C50B99186886C
:10012000083CA6AAAA2ABE000000803F696E6600AD
:10013000494E46006E616E004E414E0000407A10FE
:10014000F35A00A0724E18090010A5D4E80000E888
:100150007648170000E40B54020000CA9A3B0000E6
:1001600000E1F505000080969800000040420F0075
:100170000000A08601000000102700000000E80336
:10018000000000006400000000000A000000000001
:100190000100000000002C76D888DC674F0823DFC0
:1001A000C1DFAE59E1B1B796E5E3E453C63AE65193
:1001B000997696E8E6C28426EB898C9B62ED407CBA
:1001C0006FFCEFBC9C9F40F2BAA56FA5F490055A56
:1001D0002AF75C936B6CF9676DC11BFCE0E40D477B
:1001E000FEF520E6B500D0ED902E0300943577059E
:1001F0000080841E080000204E0A000000C80C3356
:100200003333330F986E12831141EF8D2114893BE4
:10021000E65516CFFEE6DB18D1844B381BF77C1D64
:10022000901DA4BBE424203284725E228100C9F1B7
:1002300024ECA1E53D274E414E494E495459494EC3
:1002400046CDCCCC3D0AD7233C17B7D13877CC2B41
:10025000329595E6241FB14F0A000020410000C8E6
:100260004200401C4620BCBE4CCA1B0E5AAEC59D67
:10027000740011241FBECFEFD0E4DEBFCDBF12E06B
:10028000A0E0B1E0EEE8FCE900E00BBF02C007909F
:100290000D92AA3AB107D9F725E1AAEAB2E001C066
:1002A0001D92AC38B207E1F70E9407310C94454E1D
:1002B000A7CECF93DF938091EC1480FD0AC090917C
:1002C000BE028091E514891720F48091BE020E943D
:1002D000FC3F8091421590914315A0914415B09137
:1002E00045158093BD149093BE14A093BF14B09392
:1002F000C0146091BD147091BE148091BF14909190
:10030000C0140E94D02D8091BF029091C002A89588
:10031000009749F0EFE9FFE03197F1F700C00000E6
:10032000A8950197F5CFC6E0C15019F10E94BB2CEA
:100330008091EC1480FD1DC0D091E5141092301511
:1003400010922F1510925B150E9407428091E514C0
:10035000D81305C08091E5148093BE020AC0FFEF58
:1003600020E782E0F15020408040E1F700C000002B
:10037000DBCF6091971070919810809199109091B7
:100380009A10DF91CF910895CF93DF938091EC1471
:1003900081FD0AC09091A80A80915C15891720F40C
:1003A0008091A80A0E94FA401092BD141092BE14C7
:1003B0001092BF141092C0146091BD147091BE14BD
:1003C0008091BF149091C0140E94D02D8091BF02E3
:1003D0009091C002A895009749F0EFE9FFE03197AE
:1003E000F1F700C00000A8950197F5CF00990BC068
:1003F0000E94A63DFFEF20E782E0F15020408040C0
:10040000E1F700C00000C7E0C15019F10E943A2D89
:100410008091EC1481FD1DC0D0915C151092EB14FD
:100420001092EA1410925D150E944D4280915C1565
:10043000D81305C080915C158093A80A0AC09FEF6D
:10044000E0E7F2E09150E040F040E1F700C000004A
:10045000DBCFDF91CF9108952F923F924F925F9221
:100460006F927F928F929F92AF92BF92CF92DF92C4
:10047000EF92FF920F931F93CF93DF9300D01F92C1
:10048000CDB7DEB72DB73EB73B832A838091B70641
:10049000EDB7FEB722E0829FE019F10911240FB6F3
:1004A000F894FEBF0FBEEDBF8DB79EB701967C01DD
:1004B000D090E514C0905C1540909714509098141B
:1004C0006090991470909A148091B8029091B9023A
:1004D00080329E4418F080E69AEE0AC08091B802FD
:1004E0009091B9029C01220F331F820F931FC29675
:1004F0009093C0028093BF026091C2027091C302C8
:100500008091C4029091C5022091C7023091C80227
:100510004091C9025091CA020E940447181684F003
:100520008091C7029091C802A091C902B091CA02FD
:100530008093C2029093C302A093C402B093C502F9
:100540006091C2027091C3028091C4029091C50271
:100550002091C7023091C8024091C9025091CA024D
:100560008090B4029090B502A090B602B090B7020D
:100570000E949F46A50194010E9408470E94C54918
:100580000E94A6476983372E8091EC1480FD2DC010
:100590001092301510922F156091561470915714C7
:1005A00080915814909159142091B8063091B90651
:1005B0004091BA065091BB060E94A94818164CF407
:1005C0006091561470915714809158149091591459
:1005D00008C06091B8067091B9068091BA069091F2
:1005E000BB060E94C03C0E94FC3F8091EC1481FF3E
:1005F000CBDE6091561470915714809158149091ED
:1006000059140E94D02D1398129811988091BF020E
:100610009091C002A895009749F0EFE9FFE031976B
:10062000F1F700C00000A8950197F5CF2090B7061C
:100630006091B8067091B9068091BA069091BB0698
:100640000E94D02D57018701222071F00E94682955
:10065000F801819391938F012A948981932D0097BA
:1006600099F301970000FBCF2090B7062220D1F02C
:100670002A94022D10E0F801EE0FFF1FEE0DFF1D72
:100680006081718180E090E00E94D247000F111FCD
:10069000000F111FF801E355F54F608371838283CA
:1006A0009383E4CF6091561470915714809158143D
:1006B000909159140E94D02D139A129811988091FC
:1006C000BF029091C002A895009749F0EFE9FFE0C2
:1006D0003197F1F700C00000A8950197F5CF109170
:1006E000B7066091B8067091B9068091BA069091EC
:1006F000BB060E94D02D112371F00E946829F501DC
:10070000819391935F0111508981932D009799F303
:1007100001970000FBCFB090B706BB20D1F0BA9490
:100720000B2D10E0F801EE0FFF1FEE0DFF1D608195
:10073000718180E090E00E94D247000F111F000FEE
:10074000111FF801E454F94F60837183828393830E
:10075000E4CF80912B148B7F80932B1480912A14EB
:10076000826080932A1460919714709198148091FC
:10077000991490919A140E94D02D80915C15C816FE
:1007800039F01092EB141092EA148C2D0E94FA406A
:100790008091E514D81639F01092301510922F156B
:1007A0008D2D0E94FC3FC301B2010E94D02D1398F1
:1007B000129811988091BF029091C002A89500975D
:1007C00049F0EFE9FFE03197F1F700C00000A8958C
:1007D0000197F5CF80912A148E7F80932A148091FF
:1007E00031148E7F809331142A813B810FB6F894A7
:1007F0003EBF0FBE2DBF0F900F900F90DF91CF9196
:100800001F910F91FF90EF90DF90CF90BF90AF902E
:100810009F908F907F906F905F904F903F902F9020
:1008200008954F925F926F927F928F929F92AF92B4
:10083000BF92CF92DF92EF92FF92CF93DF93CDB72B
:10084000DEB72C970FB6F894DEBF0FBECDBF698719
:100850007A878B879C8729013A018091C10289831D
:10086000812C912C5401C12CD12C7601A981AA2371
:1008700009F44AC0139812981198AFE8B1E01197A3
:10088000F1F700C000008091B20290E00E94AB2915
:10089000C60ED71EE81EF91E80910314882321F08E
:1008A0008091B302806207C080919210882329F062
:1008B0008091B30280618093B302139A12981198C9
:1008C0008FE891E00197F1F700C000008091B2023B
:1008D00090E00E94AB29860E971EA81EB91E80913B
:1008E0000314882321F08091B302806807C08091AF
:1008F0009210882329F08091B30280648093B30220
:10090000998191509983B2CF8091C60281FF23C013
:100910001398129811988FE891E00197F1F700C0B1
:1009200000008091B20290E00E94AB29C60ED71E53
:10093000E81EF91E80910314882321F08091EC14A5
:10094000806207C080919210882329F08091EC1476
:1009500080618093EC148091641590916515A0914D
:100960006615B091671589839A83AB83BC838091A8
:10097000131590911415A0911515B09116158D832E
:100980009E83AF83B887C701B6010E94D2472985ED
:100990003A854B855C850E94624929813A814B8169
:1009A0005C810E94A0462D813E814F8158850E9426
:1009B0006249609397107093981080939910909368
:1009C0009A10C090E014D090E114E090E214F090FE
:1009D000E3148091DC149091DD14A091DE14B091A9
:1009E000DF1489839A83AB83BC83C501B4010E9461
:1009F000D247A30192010E946249A70196010E9479
:100A0000A04629813A814B815C810E9462496093B2
:100A10004E1270934F128093501290935112609126
:100A20009710709198108091991090919A10209140
:100A300008153091091540910A1550910B15C09079
:100A40004E12D0904F12E0905012F09051120E942E
:100A50006249A70196010E94A046609349127093D3
:100A60004A1280934B1290934C122C960FB6F89426
:100A7000DEBF0FBECDBFDF91CF91FF90EF90DF9033
:100A8000CF90BF90AF909F908F907F906F905F902E
:100A90004F9008955F926F927F928F929F92AF9244
:100AA000BF92CF92DF92EF92FF920F931F93CF935B
:100AB000DF93C091B706D0E010E000E0912CC12C8C
:100AC000D12C7601CC2381F1C15084E0C89F9001E4
:100AD0001124F901E355F54F5F0160817181828135
:100AE0009381F901E454F94F20813181428153818E
:100AF0000E946249562E672E782E892E262F372F78
:100B0000482F592F6D2F712F802F992D0E94044748
:100B100087FFD8CFF501C080D180E280F380D52D4A
:100B2000162D072D982CCECFC701B601DF91CF919E
:100B30001F910F91FF90EF90DF90CF90BF90AF90FB
:100B40009F908F907F906F905F900895CF92DF92EB
:100B5000EF92FF92139A1298119A8FE891E0019701
:100B6000F1F700C0000084E190E00E947C29139A14
:100B7000129A119A0E94D2472DEC3CEC4CE45DE3B2
:100B80000E9462492091191430911A1440911B144B
:100B900050911C140E9462496B017C019B01AC01C5
:100BA00060E070E080E897E40E949F469B01AC0102
:100BB000C701B6010E94084720910C1430910D1412
:100BC00040910E1450910F14C0908E10D0908F1041
:100BD000E0909010F09091100E946249A701960158
:100BE0000E9462490E94EF4820910414309105143C
:100BF00040910614509107140E9462492EE13FEC87
:100C00004BE55BE30E94A0469B01AC0160E070E015
:100C100080E89FE30E94084723E333E948E853E470
:100C20000E949F466093A7107093A8108093A9100C
:100C30009093AA108091CB1487FD48C08091CB146B
:100C400080FD44C0609115147091161480911714A2
:100C5000909118142091721430917314409174146F
:100C6000509175140E94A9481816A4F06091A7101D
:100C70007091A8108091A9109091AA1020915214FF
:100C80003091531440915414509155140E94A94826
:100C90001816E4F41698179A8091CB14816080930B
:100CA000CB148091CB1482608093CB148091A714D5
:100CB0009091A81490935C1480935B148FE19EE450
:100CC0000197F1F700C00000169A179AFF90EF9075
:100CD000DF90CF900C947036CF92DF92EF92FF921C
:100CE00013981298119A8FE891E00197F1F700C0DC
:100CF000000084E190E00E947C29139A129A119AD4
:100D00000E94D2472DEC3CEC4CE45DE30E9462492A
:100D100020911D1430911E1440911F1450912014E5
:100D20000E9462496B017C019B01AC0160E070E0B4
:100D300080E897E40E949F469B01AC01C701B60181
:100D40000E94084720919F103091A0104091A1105F
:100D50005091A210C0905E12D0905F12E09060128D
:100D6000F09061120E946249A70196010E946249B7
:100D70000E94EF4820915212309153124091541228
:100D8000509155120E9462492EE13FEC4BE55BE326
:100D90000E94A0469B01AC0160E070E080E89FE308
:100DA0000E94084723E333E948E853E40E949F4642
:100DB000609315147093161480931714909318145D
:100DC0008091CB1487FD48C08091CB1480FD44C036
:100DD0006091151470911614809117149091181445
:100DE00020917214309173144091741450917514C1
:100DF0000E94A9481816A4F06091A7107091A8103D
:100E00008091A9109091AA102091521430915314FE
:100E100040915414509155140E94A9481816E4F4B6
:100E20001698179A8091CB1481608093CB1480918F
:100E3000CB1482608093CB148091A7149091A81456
:100E400090935C1480935B148FE19EE40197F1F71B
:100E500000C00000169A179AFF90EF90DF90CF9095
:100E60000C9470368F929F92AF92BF92CF92DF9286
:100E7000EF92FF92139A129A11988FE891E00197DE
:100E8000F1F700C0000084E190E00E947C29139AF1
:100E9000129A119A8090431290904412A090451299
:100EA000B0904612C090FB13D090FC13E090FD135D
:100EB000F090FE130E94D2472DEC3CEC4CE45DE335
:100EC0000E946249A50194010E946249A70196010E
:100ED0000E94A0466093111470931214809313140F
:100EE0009093141460911114709112148091131442
:100EF000909114142091BA023091BB024091BC022F
:100F00005091BD020E94044787FD14C060911114E6
:100F10007091121480911314909114142091AA02CC
:100F20003091AB024091AC025091AD020E94A948B1
:100F300018162CF48091B30284608093B302FF9062
:100F4000EF90DF90CF90BF90AF909F908F900895DB
:100F50002F923F924F925F926F927F928F929F92C9
:100F6000AF92BF92CF92DF92EF92FF920F931F93B7
:100F7000CF93DF93CDB7DEB72D970FB6F894DEBFD2
:100F80000FBECDBF1092B30220915C152A83309121
:100F9000E5143B838091971490919814A091991433
:100FA000B0919A1488879987AA87BB878091C602D7
:100FB00081FF4FC09091B20299836091C10270E0AD
:100FC00080E090E00E94D24720E030E040E85FE31C
:100FD0000E94A0466B017C01A9816A2F70E080E02D
:100FE00090E00E94D2479B01AC01C701B6010E946C
:100FF00062499B01AC0160E070E080E89FE30E94E1
:101000000847062F372E8983192F6091B202B090BE
:10101000C10270E080E090E00E94D2476B017C0149
:101020006B2D70E080E090E00E94D2479B01AC0104
:10103000C701B6010E9462499B01AC0160E070E00B
:1010400080E89FE30E9408476C837D838E839F83A3
:1010500029C06091B202B091C102B98370E080E012
:1010600090E00E94D2476B017C01E9816E2F70E015
:1010700080E090E00E94D2479B01AC01C701B6011D
:101080000E9462499B01AC0160E070E080E89FE350
:101090000E940847062F372E8983192F6C837D8382
:1010A0008E839F838091B8029091B90280329E44D2
:1010B00018F080E69AEE0AC08091B8029091B902C9
:1010C0009C01220F331F820F931FC2969093C00280
:1010D0008093BF02EED86B017C0156D98091C60285
:1010E00080FFB6C08090AE029090AF02A090B00298
:1010F000B090B1026091B70670E061507109072E9F
:10110000000C880B990B0E94D4479B01AC01C501D0
:10111000B4010E9408472B013C012091A90A30919B
:10112000AA0A4091AB0A5091AC0AC701B6010E94CD
:1011300062496B017C016091B70670E061507109F2
:10114000072E000C880B990B0E94D447A301920133
:101150000E9462490E94E5494B015C016091AE0228
:101160007091AF028091B0029091B10226EA3FE007
:1011700049EC5FE30E940447A5019401181644F46A
:1011800060E070E080E090E40E949F469B01AC012B
:10119000C701B6010E9408476B017C01212C809198
:1011A000B706281608F043C0222D30E03D872C8773
:1011B000B901330F880B990B0E94D447A301920108
:1011C0000E9462494B015C0126EA3FE049EC5FE383
:1011D0000E940447AC85BD85AA0FBB1FAA0FBB1F89
:1011E000BD87AC8718164CF0C501B4010E94E549D3
:1011F0009B01AC01C701B6010EC0C501B4010E943C
:10120000E5499B01AC0160E070E080E090E40E9461
:101210009F46A70196010E946249EC85FD85E55332
:10122000FD4F60837183828393832394B8CF809131
:10123000C60282FF4DC0E091B706B4E0EB9FF0011B
:101240001124E953FD4F608171818281938148C0EF
:101250002091A90A3091AA0A4091AB0A5091AC0A98
:10126000B090B706C701B6010E9462496B017C01CC
:101270006B2D70E061507109072E000C880B990BE3
:101280000E94D4479B01AC01C701B6010E940847E8
:101290004B015C01D12C8091B706D81640F6ED2C9D
:1012A000F12C6D2D70E080E090E00E94D247A50106
:1012B00094010E946249F701EE0FFF1FEE0FFF1F1E
:1012C000E553FD4F6083718382839383D394E3CF8F
:1012D0006091CB027091CC028091CD029091CE02B0
:1012E0000E94D02D8091BF029091C002A8950097D6
:1012F00049F0EFE9FFE03197F1F700C00000A89551
:101300000197F5CFA12C8091B706A81608F076C0FA
:101310008091C602CA2CD12C82FF0CC0E091B70686
:10132000F0E0EC19FD09EE0FFF1FEE0FFF1FE95370
:10133000FD4F07C0F601EE0FFF1FEE0FFF1FE55335
:10134000FD4F60817181828193810E94D02DA8958B
:10135000E090B802F090B902F1E0EF1AF1081C86B3
:10136000FFEFEF16FF0609F4C7C0A8952C852130C2
:1013700081F4ECDB882339F08091B30282608093A2
:10138000B30281E001C080E0ABE4B6E01197F1F771
:1013900012C0BC85B230A9F49FDC882339F080915B
:1013A000B30282608093B30281E001C080E0EBE48D
:1013B000F6E03197F1F700C00000882309F4CAC0B5
:1013C0001DC0FC85F33051F44DDD8BE39AE00197AD
:1013D000F1F700C0000094E09C870CC0ABE9BFE0CF
:1013E0001197F1F700C00000BC85BF5FBC87BA3021
:1013F00008F01C86E1E0EE1AF108B2CF009904C0B3
:101400008091B302816003C08091B3028E7F80938C
:10141000B3028091691480688093691480912A14C2
:10142000826080932A1480912B148D7F80932B14DB
:1014300088859985AA85BB858093BD149093BE1439
:10144000A093BF14B093C01480915C159A81981733
:1014500039F01092EB141092EA14892F0E94FA408E
:101460008091E514AB81A81739F0109230151092D5
:101470002F158A2F0E94FC3F6091BD147091BE14FD
:101480008091BF149091C0140E94D02D139812988F
:1014900011988091BF029091C002A895009749F0E1
:1014A000EFE9FFE03197F1F700C00000A895019740
:1014B000F5CF80912A148E7F80932A148091311465
:1014C0008E7F809331142D960FB6F894DEBF0FBE39
:1014D000CDBFDF91CF911F910F91FF90EF90DF90E3
:1014E000CF90BF90AF909F908F907F906F905F90C4
:1014F0004F903F902F9008952C813D814E815F81C8
:10150000602F732D8981912F8CD940919710509124
:1015100098106091991070919A10C601880F991FC8
:10152000880F991FFC01E355F54F40835183628377
:1015300073834091491250914A1260914B127091FD
:101540004C12FC01E454F94F40835183628373834E
:10155000A394D9CEFC85FF5FFC874CCFCF93C82FD7
:101560008091FA13C11102C08F7B03C0C13039F4DE
:1015700080648093FA138091FA138F770AC0C23087
:1015800011F48F7B01C080648093FA138091FA1369
:1015900080688093FA134091FA136091471282E0B9
:1015A0000E9444308FE891E00197F1F700C00000FD
:1015B000C093990ECF910895CF93C82F8091FA13BD
:1015C000C11102C08F7E03C0C13039F480618093A5
:1015D000FA138091FA138F7D0AC0C23011F48F7E06
:1015E00001C080618093FA138091FA138062809326
:1015F000FA134091FA136091471282E00E9444303E
:101600008FE891E00197F1F700C00000C0939C0EB5
:10161000CF9108959091990E80919A0E981719F094
:1016200080919A0E9BDF90919C0E80919B0E981753
:1016300019F080919B0EC0CF0895BC0180919E0E41
:101640008111FCCF90E0292F30E0FB01E20FF31F66
:101650004081442339F08081F901EA56F04F8083BC
:101660009F5FF1CF8091291486FD06C0F901EA56EB
:10167000F04F8AE080839F5FE92FF0E0EA56F04F59
:10168000108290939E0E81E08093950F8091C00010
:1016900085FFFCCF5A9A85E08A95F1F7000080918A
:1016A000C10080648093C1008091960F8093C60032
:1016B0000895AC0190918A10992379F09150292FC7
:1016C00030E0F901E056F14F8081FA01E20FF31F9B
:1016D0002081281789F380E0089581E00895AC0106
:1016E00090918A10691778F49150292F30E0F90110
:1016F000E056F14F8081FA01E20FF31F2081281795
:1017000089F380E0089581E008959C0110928A1089
:1017100080918A10F901E80FF11D8081E0918A1013
:10172000F0E0882379F080918A10D901A80FB11DCB
:101730008C91E056F14F808390918A109F5F909337
:101740008A10E6CFE056F14F10820895AC01E09187
:101750008A10F0E0E056F14F89E0808390918A1082
:101760009F5F90938A1090E0DA01A90FB11D8C91D0
:10177000E0918A10F0E0882359F08C91E056F14F07
:1017800080839F5F20918A102F5F20938A10ECCF77
:10179000E056F14F10820895AC0160938A1090E0FA
:1017A000FA01E90FF11D2081E0918A10F0E0E05686
:1017B000F14F222341F0208320918A102F5F209344
:1017C0008A109F5FEDCF10820895E0918A10F0E0BB
:1017D000E056F14F8FE3808380918A108F5F809372
:1017E0008A10E0918A10F0E0E056F14F10820895DF
:1017F000FB012E2F261B421741F0DC013D91CD014C
:101800002081321304C03196F4CF81E0089580E046
:101810000895AC0190E0E92FF0E0DB01AE0FBF1FAF
:101820002C91E40FF51F222319F020839F5FF3CF43
:1018300010820895CF93DF93DC0190E0FD01E90F62
:10184000F11D8081882311F09F5FF8CF492F842FED
:10185000891BEB01C80FD11D8881242F30E0FD01C9
:10186000E20FF31F882321F0888180834F5FEFCF41
:101870001082DF91CF9108950F93FC01CB01BA0143
:1018800003E025E0AF010E945E4A0F910895CF93D7
:10189000DF93CDB7DEB7C656D1090FB6F894DEBFD9
:1018A0000FBECDBF8091291487FF17C080919E0E77
:1018B000811113C08091A00E811107C0809129145D
:1018C0008F7B8093291410929D0E80EA9EE0B5DEF6
:1018D000809129148F77809329148091291487FD92
:1018E0003BC090919D0E8091B706981760F5E091EE
:1018F0009D0E84E0E89FF0011124E355F54F4081EF
:10190000518162817381CE010196B6DF10928A10F7
:10191000CE0101961BDFE0919D0E84E0E89FF0016F
:101920001124E454F94F4081518162817381CE01C9
:101930000196A2DFCE01019609DF80919D0E8F5F97
:1019400080939D0E04C010929D0E1092A00E809167
:101950002914806880932914CA59DF4F0FB6F89470
:10196000DEBF0FBECDBFDF91CF9108954F925F9242
:101970006F927F928F929F92AF92BF92EF92FF925F
:101980000F931F93CF93DF93EC018B0180E091E0E5
:10199000BCDECE018EDE882309F464C0809126145B
:1019A00090912A144AE0B8010E94084CC801CEDE8A
:1019B00040919710509198106091991070919A10E1
:1019C000C8015ADFC801C2DE4091491250914A1243
:1019D00060914B1270914C12C8014EDFC801B6DE07
:1019E00040919B1050919C1060919D1070919E10A1
:1019F000C80142DFC801AADE4091111450911214AF
:101A00006091131470911414C80136DFC8019EDE72
:101A10004091A7105091A8106091A9107091AA1040
:101A2000C8012ADFC80192DE4091151450911614A6
:101A30006091171470911814C8011EDFC80186DE6A
:101A400080912D1480FD02C00C94D6164091561240
:101A5000509157126091581270915912C8010CDFC1
:101A60000C94D31686E091E050DECE0122DE88236E
:101A700049F180918A10FE01E80FF11D80818111EA
:101A800012C0F8018081813321F480912B14816090
:101A900007C0803311F00C94EE1680912B148E7FCA
:101AA00080932B140AC080918A10C80FD11D8881A1
:101AB0008F3311F00C94EE1688DE80912B1480FF8A
:101AC00039C00EC58FE091E020DEF0908A10CE0183
:101AD000F0DD811132C08CE391E017DEF0908A10C6
:101AE000CE01E7DD811170C083E292E00EDEF0905E
:101AF0008A10CE01DEDD882309F459C36F2D82E6FA
:101B000091E04ADE6F2DCE01EADD882309F4AAC1F7
:101B100080918A10C80FD11D888181110C94EE1616
:101B20000E947036882309F41FC180912B148D7F89
:101B300080932B148DE091E072C06F2D81E191E0D4
:101B40002BDE6F2DCE01CBDD882341F08091261452
:101B500090912A144AE0B8010C94D1166F2D86E1B9
:101B600091E01ADE6F2DCE01BADD882321F08BE0E3
:101B700091E0CBDD55C06F2D8BE191E00DDE6F2D37
:101B8000CE01ADDD882349F080E291E0DFDD8BE21C
:101B900091E0DCDD8DE394E142C06F2D88EC91E0B3
:101BA000FBDD6F2DCE019BDD882309F494CF8BE004
:101BB00091E0CCDD80EA9EE040DD80919E0E8111B7
:101BC000FCCFF8940C9400006F2D82E491E0E4DDEA
:101BD0006F2DCE0184DD882339F180918A10FE01BA
:101BE000E80FF11D8081811108C0C8010E94034BDC
:101BF0006093A9148091A9140CC080918A10C80F19
:101C0000D11D88818F3311F00C94EE16DEDD8091AA
:101C100092144AE0B80190E00E94084CC80196DD99
:101C200080EA9EE00C94F0166F2D87E491E0B4DD1D
:101C30006F2DCE0154DD882339F180918A10FE0189
:101C4000E80FF11D808181110CC0C8010E94E34A98
:101C500060935614709357148093581490935914AA
:101C60000AC080918A10C80FD11D88818F3311F06E
:101C70000C94EE16AADD40915614509157146091C1
:101C80005814709159142FC06F2D8FE491E084DDAA
:101C90006F2DCE0124DD882349F180918A10FE0149
:101CA000E80FF11D808181110CC0C8010E94E34A38
:101CB0006093B1147093B2148093B3149093B414DE
:101CC0000AC080918A10C80FD11D88818F3311F00E
:101CD0000C94EE167ADD4091B1145091B2146091DB
:101CE000B3147091B414C801C7DD98CF6F2D87E588
:101CF00091E052DD6F2DCE01F2DC882309F4F4CEA1
:101D000080918A10FE01E80FF11D808181111DC0B4
:101D1000C8010E94034B6136FAEE7F0781059105E9
:101D20001CF080E69AEE07C016161706180619066C
:101D30003CF081E090E09093C6148093C5140FC0EE
:101D40007093C6146093C5140AC080918A10C80F9E
:101D5000D11D88818F3311F00C94EE1636DD609121
:101D6000C5147091C6142AC18091261485FDDDCE5C
:101D70008091261480FFD9CE80912B1482608093AD
:101D80002B148091B8029091B90280329E4418F0D1
:101D900080E69AEE0AC08091B8029091B9029C0147
:101DA000220F331F820F931FC2969093C00280931D
:101DB000BF027090B706E090B802F090B90260914F
:101DC000B7065090C1026090B202C091BF02D0919C
:101DD000C00270E080E090E00E94D2474B015C01BD
:101DE000652D70E080E090E00E94D2479B01AC013D
:101DF000C501B4010E9462494B015C01662D70E08F
:101E000080E090E00E94D24728E539E344EB5CE3B0
:101E10000E9462492EEA37E441E65EE30E94A04652
:101E20009B01AC01C501B4010E9462494B015C01F8
:101E3000672D70E080E090E00E94D2472B013C01CA
:101E4000B70180E090E00E94D2479B01AC01C30142
:101E5000B2010E9462499B01AC01C501B4010E941C
:101E6000A046FEC16F2D87E691E096DC6F2DCE0176
:101E700036DC8823A9F180918A10C80FD11D888192
:101E80008F3309F0ABC780912914806480932914A3
:101E900010929D0E9ADC8091B3024AE0B80190E066
:101EA0000E94084CC80152DC80912D1480FF0CC0A8
:101EB00040915612509157126091581270915912D8
:101EC000C801DADCC80142DC80EA9EE0B6DB809122
:101ED00029148F778093291480912A148D7F6DC7E0
:101EE0006F2D8CE691E058DC6F2DCE01F8DB882356
:101EF00051F180918A10FE01E80FF11D808181115E
:101F000016C0C8010E94034B6B3F71058105910506
:101F100014F08AEF06C0643071058105910524F440
:101F200083E08093B7060CC06093B70609C0809128
:101F30008A10C80FD11D88818F3309F04FC745DC47
:101F40008091B70666CE6F2D8CE591E025DC6F2D74
:101F5000CE01C5DB8823C9F180918A10FE01E80F0C
:101F6000F11D808181111DC0C8010E94034B6136A3
:101F7000EAEE7E07810591051CF080E69AEE07C027
:101F800016161706180619063CF081E090E09093AB
:101F9000B9028093B8020EC07093B9026093B80280
:101FA00009C080918A10C80FD11D88818F3309F034
:101FB00015C70BDC6091B8027091B90280E090E027
:101FC0002AE0A8010E94124C29CE6F2D83E791E0F0
:101FD000E3DB6F2DCE0183DB882359F180918A10DA
:101FE000FE01E80FF11D8081811117C0C8010E9418
:101FF000034B6F3F71058105910519F014F08FEFC8
:1020000006C0161617061806190624F081E08093FC
:10201000B2020CC06093B20209C080918A10C80F4E
:10202000D11D88818F3309F0D9C6CFDB8091B202F0
:10203000F0CD6F2D8AE791E0AFDB6F2DCE014FDB46
:10204000882359F180918A10FE01E80FF11D8081EB
:10205000811117C0C8010E94034B6F3F71058105B4
:10206000910519F014F08FEF06C016161706180622
:10207000190624F081E08093C1020CC06093C10274
:1020800009C080918A10C80FD11D88818F3309F053
:10209000A5C69BDB8091C102BCCD6F2D82E491E08F
:1020A0007BDB6F2DCE011BDB882319F180918A1019
:1020B000FE01E80FF11D808181110FC0C8010E944F
:1020C000034B6F3F71058105910520F089E191E097
:1020D0003DDB0CC06093C60209C080918A10C80F16
:1020E000D11D88818F3309F079C66FDB8091C602DC
:1020F00090CD6F2D83E891E04FDB6F2DCE01EFDAAD
:10210000882331F180918A10FE01E80FF11D808152
:1021100081110CC0C8010E94E34A6093AE02709323
:10212000AF028093B0029093B10209C080918A10EF
:10213000C80FD11D88818F3309F050C646DB40910E
:10214000AE025091AF026091B0027091B102CBCD5E
:102150006F2D8DE891E020DB6F2DCE01C0DA882352
:1021600031F180918A10FE01E80FF11D808181110B
:102170000CC0C8010E94E34A6093A90A7093AA0A9E
:102180008093AB0A9093AC0A09C080918A10C80F63
:10219000D11D88818F3309F021C617DB4091A90A30
:1021A0005091AA0A6091AB0A7091AC0A9CCD86E965
:1021B00091E0ABDAF0908A10CE017BDA882309F443
:1021C000C9C06F2D82E691E0E7DA6F2DCE0187DA84
:1021D000882309F461C080918A10C80FD11D8881BD
:1021E0008111FCC50E947036811108C080912614AF
:1021F00085FD04C08091261480FD04C080912B14BD
:102200008B7F96CC80912B14846080932B148091CB
:10221000B8029091B90280329E4418F080E69AEE9E
:102220000AC08091B8029091B9029C01220F331F1D
:10223000820F931FC2969093C0028093BF02609159
:10224000B706C091BF02D091C00270E080E090E07C
:102250000E94D24720E030E040E251E40E9462490F
:1022600020E030E048E453E40E94A0464B015C01CA
:10227000BE0180E090E00E94D24720E030E040E8DC
:1022800050E40E9462499B01AC01C501B4010E9467
:10229000A0460E94A14794CE6F2D8DE991E07CDA93
:1022A0006F2DCE011CDA882331F180918A10FE0156
:1022B000E80FF11D808181110CC0C8010E94E34A22
:1022C0006093B8067093B9068093BA069093BB06E4
:1022D00009C080918A10C80FD11D88818F3309F001
:1022E0007DC573DA4091B8065091B9066091BA067F
:1022F0007091BB06F8CC6F2D8CE591E04DDA6F2D17
:10230000CE01EDD9882331F180918A10FE01E80FCA
:10231000F11D808181110CC0C8010E94E34A6093C5
:10232000C2027093C3028093C4029093C50209C095
:1023300080918A10C80FD11D88818F3309F04EC556
:1023400044DA4091C2025091C3026091C40270917C
:10235000C502C9CC85EA91E0D8D9F0908A10CE01A7
:10236000A8D9882309F42DC26F2D8CEA91E014DAE4
:102370006F2DCE01B4D98823E9F080918A10C80F5F
:10238000D11D88818F3309F029C540916015509186
:1023900061156091621570916315C8016DDAC8010D
:1023A000D5D94091D8145091D9146091DA14709114
:1023B000DB1499CC6F2D83EB91E0EED96F2DCE011C
:1023C0008ED98823C1F180918A10FE01E80FF11D9A
:1023D0008081811120C0F801808190E0C0970A9728
:1023E00008F0FCC4C8010E94034B653071058105EB
:1023F000910548F08091EC148E7F8093EC148FEF60
:102400008093101540C02091EC1421602093EC14AF
:10241000609310150DC080918A10C80FD11D88815E
:102420008F3309F0DBC4D1D9809110158F3F59F15A
:1024300080911015EECB6F2D8FEB91E0ADD96F2D04
:10244000CE014DD98823D1F180918A10FE01E80F89
:10245000F11D8081811122C0F801808190E0C09738
:102460000A9708F0BBC4C8010E94034B663071058F
:102470008105910558F08091EC148D7F8093EC14C8
:102480008FEF809312158AEB91E0C9CB2091EC1469
:1024900022602093EC14609312150DC080918A1075
:1024A000C80FD11D88818F3309F098C48ED98091CF
:1024B00012158F3F41F380911215ABCB6F2D86EC37
:1024C00091E06AD96F2DCE010AD9882361F08091FD
:1024D0008A10C80FD11D8881811180C40E94A63D39
:1024E0008BE091E09CCB6F2D8CEC91E055D96F2D5A
:1024F000CE01F5D8882359F180918A10FE01E80FAA
:10250000F11D8081811117C0F801808190E0C09792
:102510000A9708F063C4C8010E94034B6F3F71051E
:102520008105910529F020F08FEF809346150CC0AE
:102530006093461509C080918A10C80FD11D88810B
:102540008F3309F04BC441D98091461562CB6F2D72
:1025500083ED91E021D96F2DCE01C1D8882359F1A7
:1025600080918A10FE01E80FF11D8081811117C052
:10257000F801808190E0C0970A9708F02FC4C80145
:102580000E94034B6F3F71058105910529F020F0F2
:102590008FEF809307150CC06093071509C08091D9
:1025A0008A10C80FD11D88818F3309F017C40DD947
:1025B000809107152ECB6F2D8AED91E0EDD86F2D10
:1025C000CE018DD8882309F4FCC0F0908A106F2DBD
:1025D00082E491E0E1D86F2DCE0181D8882309F4FF
:1025E00071C080918A10FE01E80FF11D8081811178
:1025F0004EC080912B14806880932B1444E065EBCF
:1026000071E0C801F5D8813071F48091EC148460D8
:102610008093EC148091EC14877F8093EC148FEFFF
:102620008093E5143DC044E061EC71E0C801E0D85E
:10263000813071F48091EC1488608093EC14809167
:10264000EC148B7F8093EC148FEF80935C1528C083
:1026500080912B148F7780932B148091EC1482FF40
:1026600004C08FEF8093E51407C08091EC1483FFC2
:1026700003C08FEF80935C158091EC148B7F809367
:10268000EC148091EC14877F8093EC1409C0809146
:102690008A10C80FD11D88818F3309F09FC395D848
:1026A00080912B1487FF46CA8091EC1482FF03C0EF
:1026B00085EB91E0B4CA8091EC1483FF27C081ECD4
:1026C00091E0ADCA6F2D82EE91E066D86F2DCE01FC
:1026D00006D88823B9F180918A10FE01E80FF11D18
:1026E0008081811120C0C8010E94E34A20912B14EF
:1026F00027FD0FC080912B1487FF41C08091EC14FF
:1027000082FD1BC08091EC1483FD17C08FED91E01A
:1027100086CA2091EC1422FD04C02091EC1423FF02
:10272000E9CFE0D3E7CF80918A10C80FD11D88810F
:102730008F3309F053C349D8DDCF0E94C11BAB01D1
:10274000BC01D1CA6F2D80EF91E026D86F2DCE014C
:102750000E946F0B8823A9F180918A10FE01E80F77
:10276000F11D8081811118C0C8010E94E34A2091A7
:102770002B1427FD07C080912B1487FD17C088EE0E
:1027800091E04DCA2091EC1422FD04C02091EC147C
:1027900023FFF1CF6FD4EFCF80918A10C80FD11DE6
:1027A00088818F3309F01AC310D8E5CF8091EC14DB
:1027B00082FD04C08091EC1483FFA8CF0E941F1CEF
:1027C000BECF87EF91E00E94850BF0908A10CE017A
:1027D0000E94590B882309F46DC06F2D82E491E0AB
:1027E0000E94CC0B6F2DCE010E946F0B882309F441
:1027F00061C080918A10FE01E80FF11D8081811176
:102800002BC0C8010E94034B61157105810591051C
:1028100059F48091CB1480688093CB148091CB14B1
:102820008D7F8093CB1435C0613071058105910592
:1028300059F48091CB1480688093CB148091CB1491
:1028400082608093CB141AC08091CB148F778093D1
:10285000CB148BE092E0E3C980918A10C80FD11DA0
:1028600088818F3309F0BAC20E94E50B8091CB14A6
:1028700080FF07C08091CB1487FF03C084E092E003
:10288000CEC98091CB1480FD07C08091CB1487FF07
:1028900003C08CEF91E0C3C98091CB1480FF07C0C7
:1028A0008091CB1487FD03C080E192E0B8C988E134
:1028B00092E0B5C981E292E00E94850BF0908A1007
:1028C000CE010E94590B882309F484C06F2D87E242
:1028D00092E00E94CC0B6F2DCE010E946F0B8823DB
:1028E00049F0409197145091981460919914709107
:1028F0009A14F9C96F2D8DE292E00E94CC0B6F2DD6
:10290000CE010E946F0B882369F180918A10FE012D
:10291000E80FF11D8081811118C0F801808190E0DD
:10292000C0970A9708F05AC2C8010E94034B64304E
:1029300071058105910520F083E080939A0E02C015
:1029400060939A0E80919A0E64C980918A10C80F84
:10295000D11D88818F3309F041C20E94E50B80911F
:10296000990E57C96F2D84E392E00E94CC0B6F2D16
:10297000CE010E946F0B882369F180918A10FE01BD
:10298000E80FF11D8081811118C0F801808190E06D
:10299000C0970A9708F022C2C8010E94034B643016
:1029A00071058105910520F083E080939B0E02C0A4
:1029B00060939B0E80919B0E2CC980918A10C80F4A
:1029C000D11D88818F3309F009C20E94E50B8091E7
:1029D0009C0E1FC98AE392E00E94850BF0908A103A
:1029E000CE010E94590B882309F442C16F2D83E761
:1029F00091E00E94CC0B6F2DCE010E946F0B8823BB
:102A000009F46FC080918A10FE01E80FF11D8081EA
:102A1000811156C0F801808190E0C0970A9708F0B4
:102A2000DDC1C8010E94034B6F3F7105810591050F
:102A300021F01CF08FEF90E007C01616170618065D
:102A400019063CF081E090E090938D1080938C10FB
:102A500004C070938D1060938C1060918C107091F5
:102A60008D10C091101480E090E00E94D2474B017D
:102A70005C016C2F70E080E090E00E94D2479B01E7
:102A8000AC01C501B4010E9462499B01AC0160E048
:102A900070E080E89FE30E9408476093A310709362
:102AA000A4108093A5109093A6108091E4148160E7
:102AB0008093E4148091E41482608093E4140AC04B
:102AC00080918A10C80FD11D88818F3309F086C18B
:102AD0000E94E50B80918C1090918D104AE0B80116
:102AE0009BC86F2D8FE392E00E94CC0B6F2DCE011F
:102AF0000E946F0B882309F44AC080918A10FE015E
:102B0000E80FF11D8081811135C0F801808190E0CE
:102B1000C0970A9708F062C1C8010E94034B6F3F3B
:102B200071058105910519F014F08FEF06C0161696
:102B300017061806190624F081E08093481202C097
:102B4000609348126091481270E080E090E00E942B
:102B5000D2479B01AC0160E070E080E89FE30E94F7
:102B6000084760935A1270935B1280935C129093A3
:102B70005D120AC080918A10C80FD11D88818F33E1
:102B800009F02CC10E94E50B8091481242C86F2DBC
:102B900089E492E00E94CC0B6F2DCE010E946F0B56
:102BA000882309F465C080918A10FE01E80FF11DA9
:102BB000808181114FC0F801808190E0C0970A9711
:102BC00008F00CC1C8010E94034B653671058105F0
:102BD000910514F084E606C01616170618061906A5
:102BE00024F081E08093101402C06093101460916F
:102BF0008C1070918D10C091101480E090E00E94B4
:102C0000D2474B015C016C2F70E080E090E00E94A5
:102C1000D2479B01AC01C501B4010E9462499B01EE
:102C2000AC0160E070E080E89FE30E940847609399
:102C3000A3107093A4108093A5109093A610809178
:102C4000E41481608093E4148091E41482608093A2
:102C5000E4140AC080918A10C80FD11D88818F3377
:102C600009F0BCC00E94E50B809110140C94090E71
:102C700083E592E00E94850BF0908A10CE010E94BD
:102C8000590B882361F16F2D8AE592E00E94CC0BED
:102C90006F2DCE010E946F0B882349F080918A101E
:102CA000C80FD11D8881811199C061E013C06F2DBB
:102CB00080E091E00E94CC0B6F2DCE010E946F0B43
:102CC000882369F080918A10C80FD11D88818111F5
:102CD00085C060E0C8010E94CE220C940E0E80E6F2
:102CE00092E00E94850BCE010E94590B882309F4C3
:102CF00075C04091A7105091A8106091A9107091D3
:102D0000AA10C8010E943C0CC8010E94A60B409169
:102D10001514509116146091171470911814C8016D
:102D20000E943C0CC8010E94A60B80912D1480FFCC
:102D30000EC04091561250915712609158127091E6
:102D40005912C8010E943C0CC8010E94A60B809138
:102D50002D1482FF2BC0C0E0D0E0FE01EE0FFF1F5C
:102D6000EE0FFF1FE659FA4E408151816281738157
:102D7000C8010E943C0CC8010E94A60B2196C830D5
:102D8000D10559F7809169154AE0B80190E00E9499
:102D9000084CC8010E94A60B809168154AE0B80152
:102DA00090E00E94084CC8010E94A60B80EA9EE0B9
:102DB0000E941D0B80912A148E7F80932A14DF912C
:102DC000CF911F910F91FF90EF90BF90AF909F9088
:102DD0008F907F906F905F904F90089589E191E080
:102DE000DF91CF911F910F91FF90EF90BF90AF9027
:102DF0009F908F907F906F905F904F900C941D0BE1
:102E0000CF93DF93CDB7DEB7CC57D1090FB6F89487
:102E1000DEBF0FBECDBF80911110833209F056C0C6
:102E20009091101080919F0E981350C0DE01A95907
:102E3000BF4F22E030E0AD01922F8EEF820FF901FB
:102E4000E05FFF4E60816930B1F06081611105C0C3
:102E5000FA01E80FF11D108232C08091940F98178B
:102E6000A8F580818D932F5F3F4F2731310521F7E2
:102E700086E692E01CC0FA01E80FF11D1082209155
:102E8000940F2817E0F09F5FDE01119620E0BD014E
:102E9000E92FF0E0E05FFF4E8081882359F08081C8
:102EA0008D939F5F2F5F253699F78FE692E00E9402
:102EB0001D0B0CC0FB01E20FF11D108201C0198235
:102EC000BE016F5F7F4FCA010E94B60CC458DF4F2E
:102ED0000FB6F894DEBF0FBECDBFDF91CF9108953E
:102EE0000C94E34ACF93DF93CDB7DEB7AC970FB620
:102EF000F894DEBF0FBECDBF2091261421FFB1C0D4
:102F0000DC01CB012091EC1422FF4CC02091E51490
:102F100021110BC089A79AA7ABA7BCA744E050E03A
:102F20006CE771E0CE0189969AC02091E5142130BA
:102F300059F48DA39EA3AFA3B8A744E050E06CE67C
:102F400071E0CE0185968BC02091E514223059F4B2
:102F500089A39AA3ABA3BCA344E050E06CE571E065
:102F6000CE0181967CC02091E514233059F48D8FD9
:102F70009E8FAF8FB8A344E050E06CE471E0CE01C7
:102F80004D966DC02091E514243009F06AC0898FF8
:102F90009A8FAB8FBC8F44E050E06CE371E0CE01C0
:102FA00049965DC02091EC1423FF5BC020915C1515
:102FB00021110BC08D8B9E8BAF8BB88F44E050E0FE
:102FC0006CE271E0CE0145964AC020915C1521303B
:102FD00059F4898B9A8BAB8BBC8B44E050E060E258
:102FE00071E0CE0141963BC020915C15223059F42E
:102FF0008D879E87AF87B88B44E050E064E171E035
:10300000CE010D962CC020915C15233059F4898790
:103010009A87AB87BC8744E050E068E071E0CE015E
:1030200009961DC020915C15243059F48D839E8330
:10303000AF83B88744E050E06CEF70E0CE010596B6
:103040000EC020915C15253061F489839A83AB838F
:10305000BC8344E050E060EF70E0CE0101960E9436
:10306000154EAC960FB6F894DEBF0FBECDBFDF9104
:10307000CF910895CF93DF93CDB7DEB7AC970FB65E
:10308000F894DEBF0FBECDBF2091261421FFB1C042
:10309000DC01CB012091EC1422FF4CC02091E514FF
:1030A00021110BC089A79AA7ABA7BCA744E050E0A9
:1030B00060E871E0CE0189969AC02091E514213034
:1030C00059F48DA39EA3AFA3B8A744E050E060E7F6
:1030D00071E0CE0185968BC02091E514223059F421
:1030E00089A39AA3ABA3BCA344E050E060E671E0DF
:1030F000CE0181967CC02091E514233059F48D8F48
:103100009E8FAF8FB8A344E050E060E571E0CE0140
:103110004D966DC02091E514243009F06AC0898F66
:103120009A8FAB8FBC8F44E050E060E471E0CE0139
:1031300049965DC02091EC1423FF5BC020915C1583
:1031400021110BC08D8B9E8BAF8BB88F44E050E06C
:1031500060E371E0CE0145964AC020915C152130B4
:1031600059F4898B9A8BAB8BBC8B44E050E064E2C2
:1031700071E0CE0141963BC020915C15223059F49C
:103180008D879E87AF87B88B44E050E068E171E09F
:10319000CE010D962CC020915C15233059F48987FF
:1031A0009A87AB87BC8744E050E06CE071E0CE01C9
:1031B00009961DC020915C15243059F48D839E839F
:1031C000AF83B88744E050E060E071E0CE0105963F
:1031D0000EC020915C15253061F489839A83AB83FE
:1031E000BC8344E050E064EF70E0CE0101960E94A1
:1031F000154EAC960FB6F894DEBF0FBECDBFDF9173
:10320000CF910895CF92DF92EF92FF920F931F9389
:10321000CF93DF9300D000D0CDB7DEB77C018A0119
:103220006901613069F4CA015BDE69837A838B834B
:103230009C8344E050E0B701CE0101960E94154EF8
:1032400044E050E0B701CE0101960E94FD4D498156
:103250005A816B817C81C8010E943C0CB801C60177
:103260000E941A0C0F900F900F900F90DF91CF914A
:103270001F910F91FF90EF90DF90CF900895EF9204
:10328000FF920F931F93CF93DF938C01EA01790193
:10329000613089F4CA010E94034B6F3F71058105BB
:1032A000910509F024F497FF03C060E001C06FEFBF
:1032B000C8010E941E4EC8010E940D4E4AE0BE0188
:1032C00090E00E94084CBE01C701DF91CF911F9191
:1032D0000F91FF90EF900C941A0CCF92DF92EF9227
:1032E000FF920F931F93CF93DF9300D0CDB7DEB73C
:1032F0006C018A0179016130E1F4CA010E94034B3B
:103300006115710521E0820791052CF08FEF9FEF89
:103310009A83898307C097FF03C01A82198202C06B
:103320007A83698342E050E0B601CE0101960E94A3
:10333000154E42E050E0B601CE0101960E94FD4DCF
:1033400069817A8180E090E02AE0A8010E94124C15
:10335000B801C7010E941A0C0F900F90DF91CF9116
:103360001F910F91FF90EF90DF90CF900895CF9332
:10337000DF9300D000D0CDB7DEB744E050E0BC0111
:10338000CE0101960E94FD4D69817A818B819C81DD
:103390000F900F900F900F90DF91CF910895909123
:1033A0003214953A09F0C5C0811124C080E891E03B
:1033B000DEDF6093641570936515809366159093B6
:1033C00067158CE791E0D3DF6093131570931415A4
:1033D000809315159093161584E791E0C8DF6093EC
:1033E00008157093091580930A1590930B1588E7BB
:1033F00091E025C0813069F580E791E0B8DF609306
:1034000064157093651580936615909367158CE627
:1034100091E0ADDF6093131570931415809315152B
:103420009093161584E691E0A2DF609308157093DF
:10343000091580930A1590930B1588E691E097DFA4
:103440006093601570936115809362159093631576
:1034500094C0823021F580E691E089DF60936415A5
:103460007093651580936615909367158CE591E0D0
:103470007EDF609313157093141580931515909348
:10348000161584E591E073DF6093081570930915B4
:1034900080930A1590930B1588E591E0D0CF833087
:1034A00021F580E591E063DF609364157093651505
:1034B00080936615909367158CE491E058DF6093D4
:1034C000131570931415809315159093161584E4B5
:1034D00091E04DDF609308157093091580930A15EC
:1034E00090930B1588E491E0AACF80E491E03FDF50
:1034F00060936415709365158093661590936715B6
:103500008CE391E034DF609313157093141580936E
:1035100015159093161584E391E029DF6093081543
:103520007093091580930A1590930B1588E391E029
:1035300086CF109264151092651510926615109240
:10354000671580E090E0A0E8BFE3809313159093A7
:103550001415A0931515B093161510920815109216
:10356000091510920A1510920B1510926015109201
:103570006115109262151092631580912B1487FFCC
:1035800018C08091EC1482FF14C010926415109240
:103590006515109266151092671580E090E0A0E81E
:1035A000BFE38093131590931415A0931515B09352
:1035B0001615089590913214953A09F0A9C0811119
:1035C00019C080E391E0D3DE6093E0147093E114BE
:1035D0008093E2149093E3148CE291E0C8DE609350
:1035E000DC147093DD148093DE149093DF1488E272
:1035F00091E01AC0813011F584E291E0B8DE609369
:10360000E0147093E1148093E2149093E31480E249
:1036100091E0ADDE6093DC147093DD148093DE14D2
:103620009093DF148CE191E0A2DE6093D814709344
:10363000D9148093DA149093DB1486C08230C9F4D5
:1036400088E191E094DE6093E0147093E11480933C
:10365000E2149093E31484E191E089DE6093DC143A
:103660007093DD148093DE149093DF1480E191E079
:10367000DBCF8330C9F48CE091E079DE6093E01415
:103680007093E1148093E2149093E31488E091E046
:103690006EDE6093DC147093DD148093DE149093DF
:1036A000DF1484E091E0C0CF8430C9F480E091E081
:1036B0005EDE6093E0147093E1148093E2149093C3
:1036C000E3148CEF90E053DE6093DC147093DD1410
:1036D0008093DE149093DF1488EF90E0A5CF84EF01
:1036E00090E045DE6093E0147093E1148093E2145F
:1036F0009093E31480EF90E03ADE6093DC147093D3
:10370000DD148093DE149093DF148CEE90E08CCF68
:103710001092E0141092E1141092E2141092E3144B
:1037200080E090E0A0E8BFE38093DC149093DD1488
:10373000A093DE14B093DF141092D8141092D91411
:103740001092DA141092DB1480912B1487FF18C0AA
:103750008091EC1483FF14C01092E0141092E114D5
:103760001092E2141092E31480E090E0A0E8BFE32E
:103770008093DC149093DD14A093DE14B093DF14D7
:1037800008958091261481FF55C08091EC1482FF2A
:1037900023C08091E514811103C08CE791E049C0FA
:1037A0008091E514813019F48CE691E042C080915B
:1037B000E514823019F48CE591E03BC08091E5146A
:1037C000833019F48CE491E034C08091E5148430A6
:1037D00089F58CE391E02DC08091EC1483FF2AC021
:1037E00080915C15811103C08CE291E022C0809130
:1037F0005C15813019F480E291E01BC080915C156A
:10380000823019F484E191E014C080915C1583301A
:1038100019F488E091E00DC080915C15843019F4B2
:103820008CEF90E006C080915C15853019F480EF34
:1038300090E09DCD60E070E080E89FEB089580917E
:10384000261481FF55C08091EC1482FF23C0809123
:10385000E514811103C080E891E049C08091E5142E
:10386000813019F480E791E042C08091E514823004
:1038700019F480E691E03BC08091E514833019F49F
:1038800080E591E034C08091E514843089F580E4CE
:1038900091E02DC08091EC1483FF2AC080915C15CB
:1038A000811103C080E391E022C080915C158130DA
:1038B00019F484E291E01BC080915C15823019F408
:1038C00088E191E014C080915C15833019F48CE09C
:1038D00091E00DC080915C15843019F480E091E096
:1038E00006C080915C15853019F484EF90E03FCDDF
:1038F00060E070E080E89FEB0895CF93DF9300D005
:10390000CDB7DEB742E050E0BC01CE0101960E9487
:10391000FD4D89819A810F900F90DF91CF9108958D
:1039200080913214853A19F48BE590E0E6CF81EE70
:1039300094E00895CF93DF9300D000D0CDB7DEB7E9
:1039400044E050E0BC01CE0101960E94FD4D69812A
:103950007A818B819C810F900F900F900F90DF9157
:10396000CF910895CF92DF92EF92FF920F931F9322
:10397000CF93DF93CDB7DEB76C01EDB6FEB650E066
:103980008DB79EB7841B950B0FB6F8949EBF0FBEE4
:103990008DBF0DB71EB70F5F1F4FC8010E94FD4DB1
:1039A000B801C6010E94090C0FB6F894FEBE0FBE06
:1039B000EDBEDF91CF911F910F91FF90EF90DF90BF
:1039C000CF9008954F925F926F927F928F929F92C5
:1039D000AF92BF92CF92DF92EF92FF920F931F931D
:1039E00080E190E00E940D4E809332148091321459
:1039F000853A09F0DAC245E163ED70E08DE394E1C8
:103A0000B1DF88E590E00E940D4E80932D1486E58D
:103A100090E00E940D4E8093211488EE90E08ADFA2
:103A200060939B1470939C1480939D1490939E14A8
:103A30008AE590E00E940D4E8093301489E590E075
:103A40000E940D4E80932E148DE090E00E940D4E4A
:103A50008093B7068FE490E050DF90938D108093B1
:103A60008C108EE490E00E940D4E809310148DE433
:103A700090E00E940D4E809348128EE891E00E94E3
:103A80000D4E8093EC148DE891E00E940D4E8093D2
:103A900010158CE891E00E940D4E809312158BE872
:103AA00091E00E940D4E809346158AE891E00E94B5
:103AB0000D4E8093071586E891E01FDF90935F1508
:103AC00080935E1588E891E018DF9093EE14809360
:103AD000ED1484E891E00E940D4E8093111585E865
:103AE00091E00E940D4E809331158CE090E00E9491
:103AF0000D4E8093C60288E090E039DC6093AE0200
:103B00007093AF028093B0029093B10284E090E092
:103B10002EDC6093A90A7093AA0A8093AB0A909353
:103B2000AC0A81E090E00E940D4E8093C10280E0DB
:103B300090E00E940D4E8093B20282E090E0DDDEC4
:103B40009093B9028093B8028FE090E00E940D4EEE
:103B500080939A0E8EE090E00E940D4E80939B0E13
:103B600089E490E004DC6093FB137093FC13809372
:103B7000FD139093FE1385E490E0F9DB609343120C
:103B800070934412809345129093461281E490E022
:103B9000EEDB6093621270936312809364129093D1
:103BA00065128DE390E0E3DB60933F127093401267
:103BB000809341129093421289E390E0D8DB6093A6
:103BC000FF1370930014809301149093021485E303
:103BD00090E0CDDB6093191470931A1480931B143A
:103BE00090931C1481E390E0C2DB60930C147093FB
:103BF0000D1480930E1490930F148DE290E0B7DBB8
:103C000060938E1070938F1080939010909391100A
:103C100089E290E0ACDB6093041470930514809308
:103C200006149093071485E290E0A1DB60931D14C5
:103C300070931E1480931F149093201481E290E0DF
:103C400096DB60939F107093A0108093A1109093C7
:103C5000A2108DE190E08BDB60935E1270935F1297
:103C6000809360129093611289E190E080DB609311
:103C7000521270935312809354129093551285E10F
:103C800090E075DB609308147093091480930A1414
:103C900090930B1481E190E06ADB60939310709332
:103CA000941080939510909396108FEC90E05FDBCA
:103CB0006093A3147093A4148093A5149093A614F6
:103CC0008BEC90E054DB60936114709362148093EA
:103CD00063149093641487EC90E049DB60936A145A
:103CE00070936B1480936C1490936D1483EC90E03C
:103CF0003EDB6093761470937714809378149093DE
:103D000079148FEB90E033DB6093931470939414E9
:103D100080939514909396148BEB90E028DB60933E
:103D2000391470933A1480933B1490933C1487EBAE
:103D300090E01DDB6093D0147093D1148093D21463
:103D40009093D31483EB90E012DB60939F147093F5
:103D5000A0148093A1149093A2148FEA90E007DB43
:103D60006093BA027093BB028093BC029093BD0231
:103D70008BEA90E0FCDA6093AA027093AB02809326
:103D8000AC029093AD0287EA90E0F1DA60938E1472
:103D900070938F14809390149093911483EA90E021
:103DA000E6DA6093C1147093C2148093C3149093A5
:103DB000C4148FE990E0DBDA60937E1470937F1473
:103DC00080938014909381148BE990E0D0DA609313
:103DD000AC147093AD148093AE149093AF1487E934
:103DE00090E0C5DA6093B9147093BA148093BB1451
:103DF0009093BC146091B9147091BA148091BB1463
:103E00009091BC142091B9143091BA144091BB1414
:103E10005091BC140E9462496093B9147093BA1413
:103E20008093BB149093BC1485E990E066DD909379
:103E3000C6148093C51481E990E099DA60938614E2
:103E40007093871480938814909389148DE890E080
:103E50008EDA6093351470933614809337149093F0
:103E6000381489E890E083DA6093651470936614DF
:103E7000809367149093681485E890E078DA6093F3
:103E8000B5147093B6148093B7149093B81481E866
:103E900090E06DDA60936E1470936F1480937014D9
:103EA0009093711487E590E00E940D4E80932B143F
:103EB00080E890E00E940D4E8093A9148CE790E07A
:103EC00056DA609356147093571480935814909355
:103ED000591488E790E04BDA6093B1147093B214F0
:103EE0008093B3149093B41487E790E00E940D4E32
:103EF0008093CB1483E790E03ADA60935214709386
:103F0000531480935414909355148FE690E02FDA55
:103F10006093821470938314809384149093851417
:103F20008BE690E024DA609372147093731480939C
:103F300074149093751487E690E019DA6093CC14AA
:103F40007093CD148093CE149093CF1483E690E0B9
:103F50000EDA60938A1470938B1480938C14909370
:103F60008D148FE590E003DA60937A1470937B14DC
:103F700080937C1490937D148DE590E0BEDC90934B
:103F8000A8148093A71482E590E0F1D960932214DD
:103F900070932314809324149093251481E590E06A
:103FA0000E940D4E809334145FC268E772E08DE387
:103FB00094E10E94090C81E080932D1493E090938A
:103FC000211440E054E264EF70E040939B1450935E
:103FD0009C1460939D1470939E1495E090933014FC
:103FE00024E620932E142AE02093B706E1E0F0E0C7
:103FF000F0938D10E0938C108093101480934812EE
:104000001092EC1424E020931015909312159FEF5A
:1040100090934615909307152AEF30E030935F1583
:1040200020935E153093EE142093ED1424E630E0D7
:1040300030935F1520935E153093EE142093ED14AA
:104040001092C60246EA5FE069EC7FE34093AE025D
:104050005093AF026093B0027093B1024EEA57E4FE
:1040600061E87FE34093A90A5093AA0A6093AB0AE0
:104070007093AC0A8093C1028093B20285E090E015
:104080009093B9028093B80210929A0E10929B0EF0
:104090001092FB131092FC131092FD131092FE135A
:1040A00080E090E0A0E8BFE3809343129093441235
:1040B000A0934512B09346121092621210926312AE
:1040C000109264121092651280933F1290934012E6
:1040D000A0934112B09342121092FF131092001459
:1040E00010920114109202142FEAC22E23E2D22E53
:1040F0002EEEE22E2EE3F22EC0921914D0921A1454
:10410000E0921B14F0921C1400E010E523E437E465
:1041100000930C1410930D1420930E1430930F146D
:1041200047E157EB61ED78E340938E1050938F1089
:1041300060939010709391100F2EF9E98F2EF1EA91
:104140009F2EF8E9AF2EF9E3BF2EF02D80920414D4
:1041500090920514A0920614B0920714C0921D14F8
:10416000D0921E14E0921F14F092201400939F101E
:104170001093A0102093A1103093A21040935E12D0
:1041800050935F1260936012709361124DE557E790
:1041900063E879E3409352125093531260935412A0
:1041A0007093551240E050E062E274E440930814CA
:1041B0005093091460930A1470930B148093931016
:1041C00090939410A0939510B09396101092A3140E
:1041D0001092A4141092A5141092A61440E050E07E
:1041E00060E272E44093611450936214609363142C
:1041F0007093641440E050E060EA70E440936A1405
:1042000050936B1460936C1470936D1400E010E085
:104210002CE032E4009376141093771420937814F2
:104220003093791410929314109294141092951460
:104230001092961400E010E020EA32E40093391462
:1042400010933A1420933B1430933C144093D014B1
:104250005093D1146093D2147093D31400E010E003
:1042600020E732E400939F141093A0142093A1142C
:104270003093A21400E010E62AE636E40093BA0276
:104280001093BB022093BC023093BD0200E018ECF7
:104290002FE237E40093AA021093AB022093AC0202
:1042A0003093AD02412C512C2AE7622E24E4722E69
:1042B00040928E1450928F146092901470929114C8
:1042C00000E010E020E231E40093C1141093C21426
:1042D0002093C3143093C4140F2EFAE98F2EF9E9FA
:1042E0009F2EA92CFFE3BF2EF02D80927E1490927A
:1042F0007F14A0928014B09281140F2EFAE9CF2E71
:10430000F9E9DF2EF9E1EF2EFFE3FF2EF02DC09249
:10431000AC14D092AD14E092AE14F092AF140F2E04
:10432000C12CF4E2DF2EF4E7EF2EF9E4FF2EF02D9E
:10433000C092B914D092BA14E092BB14F092BC149B
:10434000F093C614E093C5144092861450928714DB
:104350006092881470928914809335149093361467
:10436000A0933714B0933814809265149092661419
:10437000A0926714B09268148AE999E9A9E1BFE3B1
:104380008093B5149093B614A093B714B093B81457
:1043900000936E1410936F14209370143093711463
:1043A00010922B141092A9141092561410925714B4
:1043B00010925814109259141092B1141092B21411
:1043C0001092B3141092B4141092CB14C12CD12CAF
:1043D00080EFE82E81E4F82EC0925214D09253144C
:1043E000E0925414F092551480E090E0A8ECB1E40F
:1043F0008093821490938314A0938414B0938514B3
:10440000C0927214D0927314E0927414F0927514E6
:104410008093CC149093CD14A093CE14B093CF146A
:1044200000938A1410938B1420938C1430938D1462
:1044300040937A1450937B1460937C1470937D1492
:1044400080E699E09093A8148093A71480E090E010
:10445000ACE8B2E48093221490932314A093241424
:10446000B09325141092341460918C1070918D10BB
:104470001091101480E090E00E94D2476B017C0103
:10448000612F70E080E090E00E94D2479B01AC0178
:10449000C701B6010E9462499B01AC0160E070E077
:1044A00080E89FE30E9408476093A3107093A410D4
:1044B0008093A5109093A6106091481270E080E060
:1044C00090E00E94D2479B01AC0160E070E080E880
:1044D0009FE30E94084760935A1270935B12809387
:1044E0005C1290935D1260919B1470919C1480916A
:1044F0009D1490919E140E94D44720E034E244E73A
:1045000059E40E9408479B01AC0160E070E080E83C
:104510009FE30E94084720E030E04DE353E40E940F
:1045200062496093C7027093C8028093C902909356
:10453000CA0260919B1470919C1480919D1490917B
:104540009E140E94D44720E034E244E759E40E94DC
:1045500008479B01AC0160E070E080E89FE30E94A7
:10456000084720E030E040E051E40E946249609357
:10457000B4027093B5028093B6029093B7021F9174
:104580000F91FF90EF90DF90CF90BF90AF909F90F2
:104590008F907F906F905F904F9008958F929F9231
:1045A000AF92BF92DF92EF92FF920F931F93CF9340
:1045B000DF93CDB7DEB7C557D1090FB6F894DEBF8C
:1045C0000FBECDBF8C01F62E81E068133DC0F8010F
:1045D000CE0101964C01DC01D12C5C018191893026
:1045E00069F0811105C080E892E00E941D0B5DC654
:1045F0008D93D39496E0D912F1CFF5CFF401ED0D60
:10460000F11D1082C4010E94E64AE82ED39490E086
:10461000F801ED0DF11D2081222361F0F4012193B9
:104620004F01D3949F5F913699F780E992E00E9401
:104630001D0B3BC6F501E90FF11D10824AE0B801E0
:1046400090E00E94084C04C0C8010E94E64AE82E8F
:1046500060EA72E0C8010E941A0CE1100AC09801D9
:10466000AE014F5F5F4F6F2D80E190E00E943F19D8
:104670001CC6F1E0EF1221C0FF1211C0BE016F5F36
:104680007F4FCE018F599F4F0E94090C44E150E0AB
:1046900063ED70E0CE018F599F4F0E94154E44E1AB
:1046A00063ED70E0CE018F599F4F5CD9BE016F5909
:1046B0007F4FC8010E941A0CF8C582E0E8120AC0B8
:1046C0009801AE014F5F5F4F6F2D88E590E00E942B
:1046D0003F19EBC593E0E9120AC09801AE014F5FA4
:1046E0005F4F6F2D86E590E00E943F19DEC5E5E043
:1046F000EE1226C0F1E0FF1213C0CE0101960E9417
:10470000034BA5966CAF7DAF8EAF9FAFA59744E0EE
:1047100050E068EE70E0CE018F599F4F0E94154E19
:1047200088EE90E007D92AE0AE014F5F5F4F0E940C
:10473000124CBE016F5F7F4FC8010E941A0CB5C5B5
:1047400086E0E8120AC09801AE014F5F5F4F6F2DFF
:104750008BE590E00E946D19A8C597E0E9120AC0A8
:104760009801AE014F5F5F4F6F2D8AE590E00E9488
:104770003F199BC5E8E0EE120AC09801AE014F5FF9
:104780005F4F6F2D89E590E00E943F198EC5FAE0DA
:10479000EF120AC09801AE014F5F5F4F6F2D8FE49B
:1047A00090E00E946D1981C58BE0E8120AC0980163
:1047B000AE014F5F5F4F6F2D8DE490E00E943F1977
:1047C00074C59CE0E9120AC09801AE014F5F5F4FCB
:1047D0006F2D8EE490E00E943F1967C5E4E1EE1270
:1047E0000AC09801AE014F5F5F4F6F2D8EE891E0D8
:1047F0000E943F195AC5F5E1EF120AC09801AE01B7
:104800004F5F5F4F6F2D8DE891E00E943F194DC5BE
:1048100086E1E8120AC09801AE014F5F5F4F6F2D2D
:104820008CE891E00E943F1940C597E1E9120AC067
:104830009801AE014F5F5F4F6F2D86E891E00E94B7
:104840006D1933C5E8E1EE120AC09801AE014F5F61
:104850005F4F6F2D88E891E00E946D1926C5F5E540
:10486000EF120AC09801AE014F5F5F4F6F2D84E8D1
:1048700091E00E943F1919C586E5E8120AC0980127
:10488000AE014F5F5F4F6F2D85E891E00E943F19A9
:104890000CC599E1E9120AC09801AE014F5F5F4F64
:1048A0006F2D80E891E00E940219FFC4EAE1EE1248
:1048B0000AC09801AE014F5F5F4F6F2D8CE791E00A
:1048C0000E940219F2C4FBE1EF120AC09801AE0186
:1048D0004F5F5F4F6F2D88E791E00E940219E5C49A
:1048E0008CE1E8120AC09801AE014F5F5F4F6F2D57
:1048F00084E791E00E940219D8C49EE1E9120AC03F
:104900009801AE014F5F5F4F6F2D80E791E00E94ED
:104910000219CBC4EFE1EE120AC09801AE014F5F5D
:104920005F4F6F2D8CE691E00E940219BEC4F0E249
:10493000EF120AC09801AE014F5F5F4F6F2D88E6FE
:1049400091E00E940219B1C481E2E8120AC0980104
:10495000AE014F5F5F4F6F2D84E691E00E94021918
:10496000A4C493E2E9120AC09801AE014F5F5F4F01
:104970006F2D80E691E00E94021997C4E4E2EE12E6
:104980000AC09801AE014F5F5F4F6F2D8CE591E03B
:104990000E9402198AC4F5E2EF120AC09801AE0122
:1049A0004F5F5F4F6F2D88E591E00E9402197DC433
:1049B00086E2E8120AC09801AE014F5F5F4F6F2D8B
:1049C00084E591E00E94021970C498E2E9120AC0DD
:1049D0009801AE014F5F5F4F6F2D80E591E00E941F
:1049E000021963C4E9E2EE120AC09801AE014F5FFA
:1049F0005F4F6F2D8CE491E00E94021956C4FAE2D9
:104A0000EF120AC09801AE014F5F5F4F6F2D88E42F
:104A100091E00E94021949C48BE2E8120AC0980191
:104A2000AE014F5F5F4F6F2D84E491E00E94021949
:104A30003CC49DE2E9120AC09801AE014F5F5F4F8E
:104A40006F2D80E491E00E9402192FC4EEE2EE1275
:104A50000AC09801AE014F5F5F4F6F2D8CE391E06C
:104A60000E94021922C4FFE2EF120AC09801AE01AF
:104A70004F5F5F4F6F2D88E391E00E94021915C4CC
:104A800080E3E8120AC09801AE014F5F5F4F6F2DBF
:104A900084E391E00E94021908C497E3E9120AC076
:104AA0009801AE014F5F5F4F6F2D80E391E00E9450
:104AB0000219FBC3E8E3EE120AC09801AE014F5F92
:104AC0005F4F6F2D8CE291E00E940219EEC3F9E373
:104AD000EF120AC09801AE014F5F5F4F6F2D88E261
:104AE00091E00E940219E1C38CE3E8120AC0980128
:104AF000AE014F5F5F4F6F2D84E291E00E9402197B
:104B0000D4C39DE3E9120AC09801AE014F5F5F4F25
:104B10006F2D80E291E00E940219C7C3EEE3EE120E
:104B20000AC09801AE014F5F5F4F6F2D8CE191E09D
:104B30000E940219BAC3F1E4EF120AC09801AE0153
:104B40004F5F5F4F6F2D88E191E00E940219ADC366
:104B500082E4E8120AC09801AE014F5F5F4F6F2DEB
:104B600084E191E00E940219A0C393E4E9120AC013
:104B70009801AE014F5F5F4F6F2D80E191E00E9481
:104B8000021993C3E6E4EE120AC09801AE014F5F2A
:104B90005F4F6F2D8CE091E00E94021986C3F7E40D
:104BA000EF120AC09801AE014F5F5F4F6F2D88E092
:104BB00091E00E94021979C388E4E8120AC09801C2
:104BC000AE014F5F5F4F6F2D84E091E00E940219AC
:104BD0006CC39BE4E9120AC09801AE014F5F5F4FBE
:104BE0006F2D80E091E00E9402195FC3ECE4EE12A9
:104BF0000AC09801AE014F5F5F4F6F2D8CEF90E0C0
:104C00000E94021952C3FDE4EF120AC09801AE01DE
:104C10004F5F5F4F6F2D88EF90E00E94021945C3F0
:104C200080E5E8120AC09801AE014F5F5F4F6F2D1B
:104C300084EF90E00E94021938C391E5E9120AC09E
:104C40009801AE014F5F5F4F6F2D80EF90E00E94A3
:104C500002192BC3E2E5EE120AC09801AE014F5FC4
:104C60005F4F6F2D8CEE90E00E9402191EC3F3E59A
:104C7000EF120AC09801AE014F5F5F4F6F2D8BE8B6
:104C800091E00E943F1911C384E5E8120AC098011F
:104C9000AE014F5F5F4F6F2D8AE891E00E943F1990
:104CA00004C39AE5E9120AC09801AE014F5F5F4F55
:104CB0006F2D89E490E00E940219F7C2EBE5EE1235
:104CC0000AC09801AE014F5F5F4F6F2D85E490E001
:104CD0000E940219EAC2FFE5EF120AC09801AE0174
:104CE0004F5F5F4F6F2D81E490E00E940219DDC29B
:104CF00080E6E8120AC09801AE014F5F5F4F6F2D4A
:104D00008DE390E00E940219D0C291E6E9120AC038
:104D10009801AE014F5F5F4F6F2D89E390E00E94D5
:104D20000219C3C2E4E6EE120AC09801AE014F5F59
:104D30005F4F6F2D85E390E00E940219B6C2F5E641
:104D4000EF120AC09801AE014F5F5F4F6F2D81E3F4
:104D500090E00E940219A9C286E6E8120AC09801F2
:104D6000AE014F5F5F4F6F2D8DE290E00E94021900
:104D70009CC297E6E9120AC09801AE014F5F5F4FEF
:104D80006F2D89E290E00E9402198FC2E9E6EE12CF
:104D90000AC09801AE014F5F5F4F6F2D85E290E032
:104DA0000E94021982C2FAE6EF120AC09801AE010F
:104DB0004F5F5F4F6F2D81E290E00E94021975C234
:104DC0008BE6E8120AC09801AE014F5F5F4F6F2D6E
:104DD0008DE190E00E94021968C29CE6E9120AC0C7
:104DE0009801AE014F5F5F4F6F2D89E190E00E9407
:104DF00002195BC2EEE6EE120AC09801AE014F5FE7
:104E00005F4F6F2D85E190E00E9402194EC2FFE6D0
:104E1000EF120AC09801AE014F5F5F4F6F2D81E125
:104E200090E00E94021941C283E7E8120AC098018B
:104E3000AE014F5F5F4F6F2D8FE090E00E943F19F2
:104E400034C294E7E9120AC09801AE014F5F5F4F88
:104E50006F2D8EE090E00E943F1927C2EDE7EE1221
:104E60000AC09801AE014F5F5F4F6F2D8FEC90E04D
:104E70000E9402191AC2FEE7EF120AC09801AE01A1
:104E80004F5F5F4F6F2D8BEC90E00E9402190DC2B7
:104E90008FE7E8120AC09801AE014F5F5F4F6F2D98
:104EA00087EC90E00E94021900C290E8E9120AC063
:104EB0009801AE014F5F5F4F6F2D83EC90E00E9431
:104EC0000219F3C1E2E8EE120AC09801AE014F5F89
:104ED0005F4F6F2D8FEB90E00E940219E6C1F3E85F
:104EE000EF120AC09801AE014F5F5F4F6F2D8BEB41
:104EF00090E00E940219D9C184E8E8120AC0980122
:104F0000AE014F5F5F4F6F2D87EB90E00E9402195B
:104F1000CCC195E8E9120AC09801AE014F5F5F4F1E
:104F20006F2D83EB90E00E940219BFC1E7E8EE12FB
:104F30000AC09801AE014F5F5F4F6F2D8FEA90E07E
:104F40000E940219B2C1F8E8EF120AC09801AE013E
:104F50004F5F5F4F6F2D8BEA90E00E940219A5C151
:104F60008CE8E8120AC09801AE014F5F5F4F6F2DC9
:104F70008DE090E00E943F1998C19DE8E9120AC0B7
:104F80009801AE014F5F5F4F6F2D8CE090E00E9463
:104F90003F198BC1EEE8EE120AC09801AE014F5FD7
:104FA0005F4F6F2D88E090E00E9402197EC1FFE8FC
:104FB000EF120AC09801AE014F5F5F4F6F2D84E082
:104FC00090E00E94021971C180E9E8120AC09801BC
:104FD000AE014F5F5F4F6F2D82E090E00E946D1930
:104FE00064C191E9E9120AC09801AE014F5F5F4FB9
:104FF0006F2D81E090E00E943F1957C1E2E9EE1267
:105000000AC09801AE014F5F5F4F6F2D80E090E0C6
:105010000E943F194AC1F6E9EF120AC09801AE0199
:105020004F5F5F4F6F2D87EA90E00E9402193DC1EC
:1050300087E9E8120AC09801AE014F5F5F4F6F2DFC
:1050400083EA90E00E94021930C198E9E9120AC08F
:105050009801AE014F5F5F4F6F2D8FE990E00E9486
:10506000021923C1E9E9EE120AC09801AE014F5FAF
:105070005F4F6F2D8BE990E00E94021916C1FAE98B
:10508000EF120AC09801AE014F5F5F4F6F2D87E9A5
:1050900090E00E94021909C18BE9E8120AC0980148
:1050A000AE014F5F5F4F6F2D85E990E00E946D1953
:1050B000FCC090EAE9120AC09801AE014F5F5F4F51
:1050C0006F2D81E990E00E940219EFC0E1EAEE1233
:1050D0000AC09801AE014F5F5F4F6F2D8DE890E0E1
:1050E0000E940219E2C0F2EAEF120AC09801AE0172
:1050F0004F5F5F4F6F2D89E890E00E940219D5C085
:1051000083EAE8120AC09801AE014F5F5F4F6F2D2E
:1051100085E890E00E940219C8C094EAE9120AC02A
:105120009801AE014F5F5F4F6F2D81E890E00E94C4
:105130000219BBC0E5EAEE120AC09801AE014F5F4A
:105140005F4F6F2D87E590E00E943F19AEC0F6EAF1
:10515000EF120AC09801AE014F5F5F4F6F2D80E8DC
:1051600090E00E943F19A1C087EAE8120AC09801A6
:10517000AE014F5F5F4F6F2D8CE790E00E940219E8
:1051800094C098EAE9120AC09801AE014F5F5F4FE0
:105190006F2D88E790E00E94021987C0EFEAEE12B7
:1051A0000AC09801AE014F5F5F4F6F2D87E790E017
:1051B0000E943F197AC0F0EBEF120AC09801AE01CD
:1051C0004F5F5F4F6F2D83E790E00E9402196DC023
:1051D00081EBE8120AC09801AE014F5F5F4F6F2D5F
:1051E0008FE690E00E94021960C092EBE9120AC0BB
:1051F0009801AE014F5F5F4F6F2D8BE690E00E94EC
:10520000021953C0E3EBEE120AC09801AE014F5FE2
:105210005F4F6F2D87E690E00E94021946C0F4EBC5
:10522000EF120AC09801AE014F5F5F4F6F2D83E60A
:1052300090E00E94021939C085EBE8120AC098017B
:10524000AE014F5F5F4F6F2D8FE590E00E94021916
:105250002CC096EBE9120AC09801AE014F5F5F4F78
:105260006F2D8DE590E00E946D191FC0E7EBEE12E7
:105270000AC09801AE014F5F5F4F6F2D82E590E04D
:105280000E94021912C0F8EBEF120AC09801AE0199
:105290004F5F5F4F6F2D81E590E00E943F1905C081
:1052A00069E171E0C8010E941A0CCB58DF4F0FB6BC
:1052B000F894DEBF0FBECDBFDF91CF911F910F914C
:1052C000FF90EF90DF90BF90AF909F908F900895E8
:1052D00085E08A95F1F700002A9A80E18A95F1F736
:1052E0002A981EBC0DB407FEFDCF9EB51EBC0DB4A2
:1052F00007FEFDCF8EB50895CF92DF92EF92FF9219
:105300009C01C12CD12C760160E070E0CB0121150D
:105310003105E1F02150310945E04A95F1F70000EF
:105320002A9A40E14A95F1F72A981EBC0DB407FE6F
:10533000FDCF4EB5D42E1EBC0DB407FEFDCF4EB52D
:10534000C42E6C0D7D1D8E1D9F1DE1CFFF90EF9033
:10535000DF90CF900895CF92DF92EF92FF929C0161
:10536000C12CD12C7601109292101092031460E09F
:1053700070E0CB01F1E02115310551F121503109E7
:1053800045E04A95F1F700002A9A40E14A95F1F785
:105390002A981EBC0DB407FEFDCFEEB5DE2E1EBC56
:1053A0000DB407FEFDCFEEB5CE2EAD2DD11005C04C
:1053B000E11109C0F093031406C0AF3F21F4EF3FA1
:1053C00011F4F09392106C0D7D1D8E1D9F1DD3CF97
:1053D000FF90EF90DF90CF9008954F925F926F9281
:1053E0007F928F929F92AF92BF92CF92DF92EF9275
:1053F000FF9280918C1090918D10ADDF139A1298CE
:10540000119830914D1220911014321710F0109213
:105410004D122091E41420FF15C02091E4142E7F3A
:105420002093E414209110142223C1F0215034E081
:10543000239FF0011124E555FF4E60837183828321
:105440009383F2CFE0914D1224E0E29FF00111240A
:10545000E555FF4E608371838283938320911014FE
:1054600060E070E0CB01222381F0215034E0239FE3
:10547000F0011124E555FF4EC080D180E280F38019
:105480006C0D7D1D8E1D9F1DEECF4090A310509082
:10549000A4106090A5107090A61080906415909054
:1054A0006515A0906615B0906715C0901315D09043
:1054B0001415E0901515F09016150E94D247A3011F
:1054C00092010E946249A50194010E94A046A70191
:1054D00096010E9462496093971070939810809390
:1054E000991090939A1080910314882349F0809129
:1054F00026148460809326148091EC1480621AC074
:1055000080919210882371F080912614846080939A
:1055100026148091EC1480618093EC148091EC143B
:105520008F7D0DC0809126148B7F809326148091EF
:10553000EC148F7D8093EC148091EC148F7E80931B
:10554000EC1487EF90E00197F1F700C00000809124
:105550008C1090918D10FFDE1398129A1198209163
:10556000E41421FF15C02091E4142D7F2093E4144E
:10557000209110142223C1F0215034E0239FF00128
:105580001124EA59FD4E6083718382839383F2CFA5
:10559000E0914D1224E0E29FF0011124EA59FD4E02
:1055A000608371838283938380914D128F5F809398
:1055B0004D122091101460E070E0CB01222381F0A5
:1055C000215034E0239FF0011124EA59FD4EC080A0
:1055D000D180E280F3806C0D7D1D8E1D9F1DEECF6E
:1055E0004090A3105090A4106090A5107090A61049
:1055F0008090E0149090E114A090E214B090E31435
:10560000C090DC14D090DD14E090DE14F090DF1434
:105610000E94D247A30192010E946249A501940110
:105620000E94A046A70196010E94624960934E1213
:1056300070934F1280935012909351126091971073
:10564000709198108091991090919A10209108155E
:105650003091091540910A1550910B15C0904E12CA
:10566000D0904F12E0905012F09051120E94624977
:10567000A70196010E94A0466093491270934A12B6
:1056800080934B1290934C1280910314882349F01D
:10569000809126148860809326148091EC14806891
:1056A0001AC080919210882371F08091261488602E
:1056B000809326148091EC1480648093EC14809184
:1056C000EC148F770DC080912614877F8093261469
:1056D0008091EC148F778093EC148091EC148F7B85
:1056E0008093EC1485ED8A95F1F7000080914812C3
:1056F00090E002DE139A129A1198C0905A12D0903C
:105700005B12E0905C12F0905D120E94D247A701FC
:1057100096010E94624960939B1070939C10809345
:105720009D1090939E108FE591E00197F1F700C0D6
:1057300000008091481290E0DFDD139A1298119AD0
:1057400040905A1250905B1260905C1270905D1203
:105750008090431290904412A0904512B09046124F
:10576000C090FB13D090FC13E090FD13F090FE135B
:105770000E94D247A30192010E946249A5019401AF
:105780000E946249A70196010E94A04660931114ED
:1057900070931214809313149093141483E291E085
:1057A0000197F1F700C000008091481290E0A4DD5D
:1057B00013981298119AC0905A12D0905B12E090F0
:1057C0005C12F0905D120E94D247A70196010E94E0
:1057D00062492091191430911A1440911B14509170
:1057E0001C140E9462496B017C019B01AC0160E0CA
:1057F00070E080E897E40E949F469B01AC01C701DE
:10580000B6010E94084720910C1430910D1440916C
:105810000E1450910F14C0908E10D0908F10E09005
:105820009010F09091100E946249A70196010E9489
:1058300062490E94EF482091041430910514409170
:105840000614509107140E9462492EE13FEC4BE58B
:105850005BE30E94A0469B01AC0160E070E080E841
:105860009FE30E94084723E333E948E853E40E949A
:105870009F466093A7107093A8108093A9109093EF
:10588000AA108091481290E037DD13981298119871
:10589000C0905A12D0905B12E0905C12F0905D12B2
:1058A0000E94D247A70196010E94624920911D14CF
:1058B00030911E1440911F14509120140E9462498F
:1058C0006B017C019B01AC0160E070E080E897E433
:1058D0000E949F469B01AC01C701B6010E94084788
:1058E00020919F103091A0104091A1105091A210D2
:1058F000C0905E12D0905F12E0906012F090611242
:105900000E946249A70196010E9462490E94EF48E5
:1059100020915212309153124091541250915512CD
:105920000E9462492EE13FEC4BE55BE30E94A046FA
:105930009B01AC0160E070E080E89FE30E940847B3
:1059400023E333E948E853E40E949F46609315142B
:10595000709316148093171490931814FF90EF907F
:10596000DF90CF90BF90AF909F908F907F906F907F
:105970005F904F9008954F925F926F927F928F92B7
:105980009F92AF92BF92CF92DF92EF92FF921398C5
:10599000129811988FE891E00197F1F700C000008C
:1059A0002091101480918C1090918D10AC01249F47
:1059B000C001259F900D1124CEDC4090A310509083
:1059C000A4106090A5107090A6108090641590901F
:1059D0006515A0906615B0906715C0901315D0900E
:1059E0001415E0901515F09016150E94D247A301EA
:1059F00092010E946249A50194010E94A046A7015C
:105A000096010E946249609397107093981080935A
:105A1000991090939A1080910314882321F080911B
:105A2000EC14806210C080919210882349F080911C
:105A3000EC1480618093EC148091EC148F7D08C08D
:105A40008091EC148F7D8093EC148091EC148F7E08
:105A50008093EC14139A129A119AFF90EF90DF90B2
:105A6000CF90BF90AF909F908F907F906F905F90FE
:105A70004F9008954F925F926F927F928F929F9274
:105A8000AF92BF92CF92DF92EF92FF92139A129849
:105A900011988FE891E00197F1F700C00000209184
:105AA000101480918C1090918D10AC01249FC00136
:105AB000259F900D11244FDC4090A3105090A4100E
:105AC0006090A5107090A6108090E0149090E11462
:105AD000A090E214B090E314C090DC14D090DD14D8
:105AE000E090DE14F090DF140E94D247A3019201EF
:105AF0000E946249A50194010E94A046A701960157
:105B00000E94624960934E1270934F12809350121C
:105B10009093511280910314882321F08091EC140A
:105B2000806810C080919210882349F08091EC1415
:105B300080648093EC148091EC148F7708C080917E
:105B4000EC148F778093EC148091EC148F7B80930E
:105B5000EC14139A129A119AFF90EF90DF90CF9065
:105B6000BF90AF909F908F907F906F905F904F907D
:105B700008952CB528602CBD8F5F9F472C981EBCC4
:105B80000DB407FEFDCF9EBD0DB407FEFDCF8EBD4B
:105B90000DB407FEFDCF2C9A8CB5877F8CBD089580
:105BA0004F925F926F927F928F929F92AF92BF922D
:105BB000CF92DF92EF92FF924B015C01209113157F
:105BC0003091141540911515509116154090931071
:105BD000509094106090951070909610C09008149A
:105BE000D0900914E0900A14F0900B140E9408471A
:105BF000A30192010E946249A70196010E94A0465A
:105C00006B017C0120E03AEF4FE757E40E94A9487E
:105C100087FF17C0209108143091091440910A148D
:105C200050910B14C701B6010E94044787FF10C0B2
:105C3000C0900814D0900914E0900A14F0900B144E
:105C400007C0C12C8AEFD82E8FE7E82E87E4F82E04
:105C50008092971490929814A0929914B0929A14EA
:105C6000C701B6010E94A647CB01FF90EF90DF90DD
:105C7000CF90BF90AF909F908F907F906F905F90EC
:105C80004F9077CF8CB581608CBD8CB582608CBD18
:105C90008CB584608CBD149880E88EBD0DB407FE71
:105CA000FDCF81EE8EBD0DB407FEFDCF149A8CB5ED
:105CB0008B7F8CBD8CB58E7F8CBD08958CB581603B
:105CC0008CBD8CB582608CBD8CB584608CBD149805
:105CD00081E08EBD0DB407FEFDCF8FEF8EBD0DB4FC
:105CE00007FEFDCF2EB560E070E0CB01722F2FEFE5
:105CF0002EBD0DB407FEFDCF2EB5622F969587956C
:105D000077956795149A2CB52B7F2CBD2CB52E7FDB
:105D10002CBD08958CB581608CBD8CB582608CBD26
:105D20008CB584608CBD149880E88EBD0DB407FEE0
:105D3000FDCF83E08EBD0DB407FEFDCF149A1498FD
:105D400081E88EBD0DB407FEFDCF87E78EBD0DB493
:105D500007FEFDCF149A149880E88EBD0DB407FE9F
:105D6000FDCF81E88EBD0DB407FEFDCF149A8CB532
:105D70008B7F8CBD8CB58D7F8CBD08958CB581607B
:105D80008CBD8CB58D7F8CBD8CB584608CBD14981A
:105D90008CE08EBD0DB407FEFDCF8FEF8EBD0DB430
:105DA00007FEFDCF3EB58FEF8EBD0DB407FEFDCFD4
:105DB0006EB58FEF8EBD0DB407FEFDCF2EB5149AD4
:105DC0008CB58B7F8CBD8CB58D7F8CBD862F90E084
:105DD000A0E0B0E0BA2FA92F982F8827A32B822B01
:105DE000BC01CD0155E095958795779567955A95B6
:105DF000D1F782FF02C0886F9F6F0E94D44720E0D6
:105E000030E040E05CE30C94624984EA8093BC009B
:105E10008091BC0087FFFCCF8091B900887F8830DB
:105E200009F08EC085E38A95F1F7000080EC80933D
:105E3000BB0084E88093BC008091BC0087FFFCCF4E
:105E40008091B900887F883109F07AC085E38A950E
:105E5000F1F7000085E08093BB0084E88093BC00EC
:105E60008091BC0087FFFCCF8091B900887F883289
:105E700009F066C085E38A95F1F700001092BB0037
:105E800084E88093BC008091BC0087FFFCCF8091A8
:105E9000B900887F883209F053C085E38A95F1F70D
:105EA000000084E98093BC0085E38A95F1F7000047
:105EB00084EA8093BC008091BC0087FFFCCF809176
:105EC000B900887F8830E1F585E38A95F1F7000015
:105ED00080EC8093BB0084E88093BC008091BC0080
:105EE00087FFFCCF8091B900887F883149F585E331
:105EF0008A95F1F7000086E08093BB0084E88093E8
:105F0000BC008091BC0087FFFCCF8091B900887FE6
:105F10008832B1F485E38A95F1F700001092BB0056
:105F200084E88093BC008091BC0087FFFCCF809107
:105F3000B900887F883221F485E38A95F1F7000063
:105F400084E98093BC0085E38A95F1F70000089509
:105F500048EE5DEF24EA2093BC002091BC0027FFAF
:105F6000FCCF2091B900287F283009F06FC085E36D
:105F70008A95F1F7000020EC2093BB0024E82093E1
:105F8000BC002091BC0027FFFCCF2091B900287FE6
:105F9000283109F05BC085E38A95F1F70000109283
:105FA000BB0024E82093BC002091BC0027FFFCCF5D
:105FB0002091B900287F283209F048C085E38A95EE
:105FC000F1F7000024E92093BC008AE68A95F1F7F6
:105FD00000C024EA2093BC002091BC0027FFFCCF26
:105FE0002091B900287F283089F585E38A95F1F75B
:105FF000000021EC2093BB0024E82093BC002091FA
:10600000BC0027FFFCCF2091B900287F2034F1F499
:1060100024EC2093BC002091BC0027FFFCCF2091F2
:10602000B900287F203591F42091BB00522F24E83D
:106030002093BC002091BC0027FFFCCF2091B90029
:10604000287F283519F42091BB00422F24E92093A2
:10605000BC00BA0180E090E057FF0EC00E94D2471A
:1060600020E030E040E85DE30E94624920E030E05B
:1060700040E855E40C949F460E94D24720E030E06F
:1060800040E85DE30C94624994EA9093BC009091DF
:10609000BC0097FFFCCF9091B900987F9830B1F584
:1060A00090E49093BB0094E89093BC009091BC0066
:1060B00097FFFCCF9091B900987F983139F5809384
:1060C000BB0084E88093BC008091BC0087FFFCCFBC
:1060D0008091B900887F8832C9F46093BB0084E85E
:1060E0008093BC008091BC0087FFFCCF8091B900F9
:1060F000887F883259F44093BB0084E88093BC00C9
:106100008091BC0087FFFCCF8091B90084E9809327
:10611000BC008AE68A95F1F700C0089580E4809378
:10612000B800E9EBF0E080818D7F808380818E7FF5
:1061300080834091FA136091471282E0A5DF40E02E
:1061400060E086E0A1CF2C9A249A2B9A239A2A9871
:10615000229A80912D1480FF14C0809121148130E7
:1061600021F080912114833021F4149A0C9A5598CF
:1061700008C080912114823021F40C980D98559814
:10618000569880912D1482FF02C00D9815980E9A92
:106190000F9A3E983D983B983C983A9813980B9AE2
:1061A00012980A9A1198099A5A98529A0898209A1D
:1061B00028982998099A3F9A4798579A5F9808957E
:1061C00080E480939F0E369905C080919F0E8F5F6B
:1061D00080939F0E359905C080919F0E8E5F8093AE
:1061E0009F0E339905C080919F0E8C5F80939F0E08
:1061F000349905C080919F0E885F80939F0E3299DD
:1062000005C080919F0E805F80939F0E0895CF936D
:10621000DF9300D000D000D0CDB7DEB7F894A895BA
:1062200084B7877F84BF0FB6F894A89580916000EB
:10623000886180936000109260000FBE10922F144E
:10624000109233141092261410922B1410922D14C5
:10625000109231141092291410922C141092A91437
:1062600010929214109256141092571410925814BF
:10627000109259141092BD141092BE141092BF14B3
:106280001092C0141092B1141092B2141092B31460
:106290001092B414109247121092FA132FEF84E365
:1062A0009CE0215080409040E1F700C000000E9437
:1062B000E21C49DF9FE088E10FB6F894A89580932F
:1062C00060000FBE90936000A89528DF4091FA13FC
:1062D0006091471282E0D8DE73DF84B1806B84B9AD
:1062E0008CB580658CBD8CB58D7F8CBD8CB58E7F5B
:1062F0008CBD8DB58E7F8DBD2C988091C10088613D
:106300008093C1008091C20086608093C200109289
:10631000C50084E08093C4008091C10080688093B0
:10632000C1005A98529A10928B101092940F80913B
:10633000800080938000809181008B608093810039
:1063400010928B0010928A000E94901C90938900FA
:106350008093880080916F00826080936F000E941C
:10636000A63D85E08093E51486E080935C1584E08B
:106370000E94FC3F85E00E94FA400E94CB3D6DD414
:106380000E940A0B80912D1480FF11C0809121146E
:10639000813011F477DC0BC080912114823011F42C
:1063A00034DD05C080912114833009F4B3DC809181
:1063B0002D1482FD0E9453468FEF9FEFDADB0DD83C
:1063C000809131148E7F8093311478941D82A1E0E6
:1063D000AE833324339401E010E0A895809131140A
:1063E00080FF68C10E94ED290E949B420E940A0B17
:1063F0008091311481FF06C00E94783B8091311456
:106400008D7F51C18091940F882389F08091291448
:1064100086FD4BC180912B1481FD47C180912B14C7
:1064200082FD43C10E9400171092940F3EC18091DB
:10643000311483FF3AC180912D1480FF5EC0BE816C
:10644000BB2309F45AC080912114813009F042C065
:106450004D9953C033DC0E94D2476B017C01809080
:10646000FF1390900014A0900114B090021440907B
:106470003F125090401260904112709042128091F1
:10648000621290916312A0916412B0916512898397
:106490009A83AB83BC83A7019601C701B6010E9412
:1064A0006249A50194010E9462494B015C01A3016C
:1064B0009201C701B6010E9462499B01AC01C5016E
:1064C000B4010E94A04629813A814B815C810E94DF
:1064D000A0460BC080912114823011F439DD05C033
:1064E00080912114833049F449DC609356127093F3
:1064F0005712809358129093591280912D1482FF55
:10650000B5C09E819111B2C08091691590E00D8057
:1065100002C0959587950A94E2F780FF03C08D81AC
:106520000E949544AD81AF5FAD83A83008F01D8215
:10653000E12CF12CB12C8091691590E00E2C02C059
:10654000959587950A94E2F780FF4FC080912A14B1
:106550006701CC0CDD1CCC0CDD1CF601E659FA4EB3
:1065600084FF17C040805180628073806091221444
:1065700070912314809124149091251420E030E030
:1065800040EA50E40E949F469B01AC01C301B20166
:106590000CC060817181828193812091221430919D
:1065A000231440912414509125140E94A94887FD7A
:1065B00002C0BB24B394F601E659FA4E60817181A2
:1065C0008281938120E030E040E251EC0E94044758
:1065D00018165CF020916815C8010E2C01C0880FB8
:1065E0000A94EAF7822B80936815BFEFEB1AFB0A37
:1065F00028E0E216F10409F09ECF80912A14BB2016
:1066000011F0806101C08F7E80932A14059904C027
:1066100080912A14806203C080912A148F7D809318
:106620002A1420E030E040E08091691590E0022ECD
:1066300002C0959587950A94E2F780FD4F5F2F5F22
:106640003F4F2830310581F780913414481720F0EE
:1066500080916815882321F080912A14806403C0FA
:1066600080912A148F7B80932A1417C080912D1457
:1066700082FD13C080912A148F7E80932A1480910A
:106680002A148F7D80932A1480912A148F7B809303
:106690002A1410926915109268158E8183258E83B5
:1066A00080913114877F80933114809131148E7FD3
:1066B000809331148091291486FD0E94470CA8957F
:1066C0008CCE1F920F920FB60F9211240BB60F9221
:1066D0002F933F934F935F938F939F93AF93BF936A
:1066E000EF93FF933FB78091C00087FFFCCF80916D
:1066F000C6008A3029F580911B0F833291F5909165
:106700001A0F80919F0E98132CC08091940F8111C5
:1067100028C020E040918B10822F90E050E0FC01D7
:10672000E05FFF4E841795073CF4DC01A65EB04F96
:106730008C9180832F5FEECF10822093940F11C035
:10674000882389F0E0918B10F0E0E65EF04F8083C3
:1067500080918B108F5F80938B1080918B10893785
:1067600010F010928B103FBFFF91EF91BF91AF914E
:106770009F918F915F914F913F912F910F900BBE01
:106780000F900FBE0F901F9018951F920F920FB68B
:106790000F9211240BB60F922F938F939F93EF9329
:1067A000FF939FB72091950F80919E0E281758F068
:1067B0008091C1008F7B8093C1005A9810929E0EE9
:1067C0001092950F0DC0E091950FF0E0EA56F04F52
:1067D00080818093C6008091950F8F5F8093950F85
:1067E0009FBFFF91EF919F918F912F910F900BBEC3
:1067F0000F900FBE0F901F9018951F920F920FB61B
:106800000F9211242F934F935F938F939F932FB7E2
:106810008091311480FF05C080912A14816080939B
:106820002A14809131148160809331148091331443
:106830008F5F8093331490913314809130149813A8
:1068400007C0809131148260809331141092331408
:106850008091271490912814019690932814809386
:10686000271480912E14409127145091281490E001
:106870008417950749F4809131148860809331140E
:1068800010922814109227142FBF9F918F915F911F
:106890004F912F910F900FBE0F901F9018958091E0
:1068A000261486FF2DC06091A7107091A8108091CA
:1068B000A9109091AA1020916A1430916B14409104
:1068C0006C1450916D140E94A94818160CF045C024
:1068D0006091A7107091A8108091A9109091AA10B2
:1068E0002091761430917714409178145091791456
:1068F0000E94044787FF31C0809126148F7B2BC0F4
:106900006091A7107091A8108091A9109091AA1081
:106910002091A3143091A4144091A5145091A61471
:106920000E94044787FD14C06091A7107091A810C1
:106930008091A9109091AA10209161143091621455
:1069400040916314509164140E94A94818162CF4C5
:10695000809126148064809326148091261487FFEA
:106960002DC0609115147091161480911714909198
:1069700018142091D0143091D1144091D214509118
:10698000D3140E94A94818160CF045C06091151444
:1069900070911614809117149091181420919F14DF
:1069A0003091A0144091A1145091A2140E94044768
:1069B00087FF31C0809126148F772BC0609115140A
:1069C00070911614809117149091181420919314BB
:1069D0003091941440919514509196140E9404475C
:1069E00087FD14C0609115147091161480911714CE
:1069F000909118142091391430913A1440913B141D
:106A000050913C140E94A94818162CF48091261429
:106A10008068809326140895609111147091121467
:106A200080911314909114142091BA023091BB02FA
:106A30004091BC025091BD020E94044787FD14C0E2
:106A40006091111470911214809113149091141488
:106A50002091AA023091AB024091AC025091AD025C
:106A60000E94A94818168CF480915A14882321F0AA
:106A700080915A14815019C08091261480628093AD
:106A8000261488EC8093B01408958091B014882364
:106A900031F08091B01481508093B01405C0809182
:106AA00026148F7D8093261484E180935A140895D0
:106AB0008091CB1487FDA7C080915B1490915C14EA
:106AC000892B49F080915B1490915C14019790930D
:106AD0005C1480935B148091CB1480FD49C060915D
:106AE0001514709116148091171490911814209118
:106AF00072143091731440917414509175140E9463
:106B0000A948181644F16091A7107091A8108091BF
:106B1000A9109091AA1020915214309153144091D1
:106B20005414509155140E94A9481816A4F060916D
:106B3000D4147091D5148091D6149091D7142091CB
:106B40008A1430918B1440918C1450918D140E94B2
:106B5000A94818166CF48091CB1482608093CB14F2
:106B60008091A7149091A81490935C1480935B1467
:106B70008091CB1480FF47C060911514709116145A
:106B800080911714909118142091CC143091CD1449
:106B90004091CE145091CF140E94044787FF33C018
:106BA0006091A7107091A8108091A9109091AA10DF
:106BB0002091821430918314409184145091851453
:106BC0000E94044787FF1FC06091D4147091D514B0
:106BD0008091D6149091D71420917A1430917B141F
:106BE00040917C1450917D140E94044787FF0BC094
:106BF00080915B1490915C14892B29F48091CB14C3
:106C00008D7F8093CB148091CB1481FF04C0809141
:106C1000CB1480FF08C08091CB1481FD1DC08091F2
:106C2000CB1480FF19C08091CB1481FF06C0169849
:106C3000179A8091CB14816005C0169A179880919D
:106C4000CB148E7F8093CB148FE19EE40197F1F7F4
:106C500000C00000169A179A089510925C141092C2
:106C60005B14169A17988091CB148E7F8093CB1467
:106C70008FE19EE40197F1F700C00000169A179A81
:106C800008958091261486FD16C08091261487FDF4
:106C900012C08091261485FD0EC080912A1484FDB7
:106CA0000AC080912A1485FD06C080912A1486FBB3
:106CB000882780F9089581E00895E3DF81110CC0F1
:106CC0008091261484FD08C08091261482FD04C0A2
:106CD0008091261483FF02C05F9A08955F980895FB
:106CE000CF936091A7107091A8108091A9109091F6
:106CF000AA102091A3143091A4144091A51450918E
:106D0000A6140E94044787FD17C06091A7107091D8
:106D1000A8108091A9109091AA102091611430912F
:106D200062144091631450916414C1E00E94A94818
:106D300018161CF0C0E001C0C1E0609115147091FC
:106D40001614809117149091181420919314309177
:106D5000941440919514509196140E94044787FD15
:106D600014C06091151470911614809117149091AD
:106D700018142091391430913A1440913B145091D9
:106D80003C140E94A94818160CF4C1E08C2FCF9136
:106D90000895109269148091A9148093921410920E
:106DA000BD141092BE141092BF141092C0148091A2
:106DB00069148160809369146091131570911415A2
:106DC0008091151590911615209186143091871495
:106DD00040918814509189140E9462496093C714AD
:106DE0007093C8148093C9149093CA1408958F9215
:106DF0009F92AF92BF92CF92DF92EF92FF926091FB
:106E00001315709114158091151590911615809099
:106E1000971090909810A0909910B0909A10C090F0
:106E2000BD14D090BE14E090BF14F090C01420E0C8
:106E300030E04AEF53E40E946249A50194010E94A8
:106E4000A046A70196010E94044787FF15C08091C4
:106E5000971090919810A0919910B0919A108093EA
:106E6000BD149093BE14A093BF14B093C01480912E
:106E700069148E7F809369148090B1149090B2143D
:106E8000A090B314B090B4146091DC147091DD1430
:106E90008091DE149091DF1420916E1430916F1464
:106EA0004091701450917114C0904912D0904A12C0
:106EB000E0904B12F0904C120E9462499B01AC0191
:106EC000C501B4010E949F46A70196010E94A948EE
:106ED000181614F56091BD147091BE148091BF1402
:106EE0009091C0142091C7143091C8144091C914D6
:106EF0005091CA140E949F466093BD147093BE14B3
:106F00008093BF149093C0148091691480FF64C073
:106F1000809169148E7F4DC06091DC147091DD14F6
:106F20008091DE149091DF1420916E1430916F14D3
:106F300040917014509171148090B1149090B214DB
:106F4000A090B314B090B414C0904912D0904A12DB
:106F5000E0904B12F0904C120E946249A5019401FE
:106F60000E94A046A70196010E94044787FF4EC0D9
:106F70006091BD147091BE148091BF149091C014A3
:106F80002091C7143091C8144091C9145091CA146B
:106F90000E94A0466093BD147093BE148093BF14EA
:106FA0009093C0148091691480FD16C0809169147B
:106FB0008160809369146091C7147091C8148091A6
:106FC000C9149091CA142091B5143091B61440910F
:106FD000B7145091B81410C06091C7147091C814C0
:106FE0008091C9149091CA1420916514309166144F
:106FF00040916714509168140E9462496093C714CD
:107000007093C8148093C9149093CA146091131597
:107010007091141580911515909116152091861474
:10702000309187144091881450918914C090C714EE
:10703000D090C814E090C914F090CA140E9462491C
:10704000A70196010E94044787FF11C060911315A4
:107050007091141580911515909116152091861434
:1070600030918714409188145091891430C06091F8
:107070001315709114158091151590911615209186
:107080003514309136144091371450913814C09013
:10709000C714D090C814E090C914F090CA140E948C
:1070A0006249A70196010E94A9481816D4F460917C
:1070B0001315709114158091151590911615209146
:1070C00035143091361440913714509138140E9481
:1070D00062496093C7147093C8148093C914909345
:1070E000CA146091BD147091BE148091BF14909128
:1070F000C01420E030E0A9010E94044787FF0DC0C2
:107100001092BD141092BE141092BF141092C014AD
:1071100080916914816080936914FF90EF90DF90F3
:10712000CF90BF90AF909F908F9008951092691468
:1071300080E090E0AAE7B4EC80935D1490935E1435
:10714000A0935F14B09360148093D4149093D514DB
:10715000A093D614B093D7148091C5149091C614FF
:107160009093AB148093AA148091A91480939214E5
:107170000E94590126E636E646E25FE30E94624934
:107180006093BD147093BE148093BF149093C01489
:1071900080916914816080936914609113157091D6
:1071A0001415809115159091161520918E1430911B
:1071B0008F1440919014509191140E9462496093F1
:1071C000C7147093C8148093C9149093CA14089577
:1071D0004F925F926F927F928F929F92AF92BF92E7
:1071E000CF92DF92EF92FF928091AA149091AB140C
:1071F00001979093AB148093AA148091AA14909154
:10720000AB14892B09F067C28091C5149091C61404
:107210009093AB148093AA148091691487FF08C0DF
:10722000809169148F77809369140E944A0592C1F6
:107230006091131570911415809115159091161584
:107240008090971090909810A0909910B0909A10FC
:10725000C090BD14D090BE14E090BF14F090C01444
:1072600020E030E04AEF53E40E946249A501940116
:107270000E94A046A70196010E94044787FF1CC0F8
:1072800060919710709198108091991090919A1038
:1072900026E636E646E65FE30E9462496093BD1447
:1072A0007093BE148093BF149093C014809169149E
:1072B0008E7F8093691469C06091131570911415C5
:1072C00080911515909116152091DC143091DD14E4
:1072D0004091DE145091DF144090B9145090BA14CC
:1072E0006090BB147090BC1480905D1490905E14FC
:1072F000A0905F14B0906014C090D414D090D514B6
:10730000E090D614F090D7140E946249A301920134
:107310000E946249A50194010E94A046A70196011E
:107320000E94044787FF4CC08091691480FF13C0FE
:107330006091BD147091BE148091BF149091C014DF
:107340002091C7143091C8144091C9145091CA14A7
:107350000E94A04612C06091BD147091BE1480912D
:10736000BF149091C0142091C7143091C81440915B
:10737000C9145091CA140E949F466093BD14709323
:10738000BE148093BF149093C0146091C714709181
:10739000C8148091C9149091CA1420917E14309120
:1073A0007F1440918014509181140E94624960932F
:1073B000C7147093C8148093C9149093CA1490C0D2
:1073C00080905D1490905E14A0905F14B090601453
:1073D00060911315709114158091151590911615E3
:1073E0002091DC143091DD144091DE145091DF14B3
:1073F0004090B9145090BA146090BB147090BC14B3
:10740000C090D414D090D514E090D614F090D71436
:107410000E946249A30192010E9462499B01AC0152
:10742000C501B4010E949F46A70196010E94A94888
:1074300018160CF066C06091C7147091C814809142
:10744000C9149091CA142091AC143091AD1440919C
:10745000AE145091AF140E9462496093C7147093A8
:10746000C8148093C9149093CA148091691480FF42
:1074700018C0809169148E7F809369146091BD1447
:107480007091BE148091BF149091C0142091C714C4
:107490003091C8144091C9145091CA140E949F465B
:1074A00017C0809169148160809369146091BD1444
:1074B0007091BE148091BF149091C0142091C71494
:1074C0003091C8144091C9145091CA140E94A0462A
:1074D0006093BD147093BE148093BF149093C01436
:1074E0008091D4149091D514A091D614B091D71452
:1074F00080935D1490935E14A0935F14B093601416
:1075000031C08091691480FF13C06091BD147091E7
:10751000BE148091BF149091C0142091C714309173
:10752000C8144091C9145091CA140E94A04612C0B8
:107530006091BD147091BE148091BF149091C014DD
:107540002091C7143091C8144091C9145091CA14A5
:107550000E949F466093BD147093BE148093BF1425
:107560009093C014609113157091141580911515A6
:107570009091161520918E1430918F144091901493
:1075800050919114C090C714D090C814E090C914C1
:10759000F090CA140E946249A70196010E94044714
:1075A00087FF11C060911315709114158091151506
:1075B0009091161520918E1430918F144091901453
:1075C0005091911430C060911315709114158091F1
:1075D0001515909116152091C1143091C214409147
:1075E000C3145091C414C090C714D090C814E09034
:1075F000C914F090CA140E946249A70196010E9422
:10760000A9481816D4F4609113157091141580913F
:107610001515909116152091C1143091C214409106
:10762000C3145091C4140E9462496093C7147093AC
:10763000C8148093C9149093CA146091BD147091BA
:10764000BE148091BF149091C01420E030E0A901D5
:107650000E94044787FF3FC0809169148160809336
:1076600069146091131570911415809115159091FE
:10767000161520918E1430918F14409190145091D2
:1076800091140E9462496093C7147093C814809348
:10769000C9149093CA148091C7149091C814A091F2
:1076A000C914B091CA148093BD149093BE14A093D2
:1076B000BF14B093C0148091D4149091D514A091AC
:1076C000D614B091D71480935D1490935E14A09358
:1076D0005F14B0936014FF90EF90DF90CF90BF9055
:1076E000AF909F908F907F906F905F904F90089594
:1076F00060919710709198108091991090919A10C4
:107700002091491230914A1240914B1250914C12E3
:107710000E9462496093D4147093D5148093D61458
:107720009093D71480912B1487FF0BC0809126145F
:1077300082608093261480912B148E7F80932B146B
:1077400005C0809126148D7F80932614A8D864D913
:10775000AFD9B3DA80912B1480FFD4C080912B1461
:1077600081FF1CC0BDDA811104C08091261485FF01
:107770000BC0809126148E7F8093261447982898FA
:1077800080912B148D7FBBC08091261481608093E3
:107790002614479A289A0E94A807D3C080912B14D8
:1077A00082FF1CC09DDA811104C08091261485FFE0
:1077B0000BC0809126148E7F8093261447982898BA
:1077C00080912B148B7F9BC08091261481608093C5
:1077D0002614479A289A0E942C02B3C052DA8823B2
:1077E000C1F080912614816080932614479A2898CE
:1077F00080915E1590915F159093301580932F15B1
:107800008091ED149091EE149093EB148093EA1410
:1078100098C08091A914813061F48091A91480935B
:10782000921480912614816080932614479A289898
:1078300088C08091A9148230A1F48091A91480930A
:10784000921480912614816080932614479A289A76
:107850001092BD141092BE141092BF141092C01456
:1078600070C08091A9148330A1F48091A9148093F1
:10787000921480912614816080932614479A289A46
:107880008091561490915714A0915814B0915914A6
:1078900050C08091A914843089F4809126148160AD
:1078A00080932614479A289A909192148091A91453
:1078B000981302C09CDA45C06CDA43C08091A914C9
:1078C000853089F480912614816080932614479A2C
:1078D000289A909192148091A914981302C078DC90
:1078E00030C024DC2EC01092A914809126148E7F03
:1078F000809326144798289880912B148E7F80932C
:107900002B141FC0809126148E7F809326144798D5
:10791000289880912B148D7F80932B1480912B14A9
:107920008B7F80932B141092921480E09AEFAFE734
:10793000B7E48093BD149093BE14A093BF14B0938A
:10794000C01460919714709198148091991490913B
:107950009A142091BD143091BE144091BF145091DF
:10796000C0140E940447882351F06091BD147091A7
:10797000BE148091BF149091C0140C94D02D089522
:10798000AF92BF92CF92DF92EF92FF920F931F932D
:10799000CF936B017C0104E010E0C02F5801AA0CCA
:1079A000BB1CAA0CBB1CF501EE5CFA4E6081718118
:1079B00082819381A70196010E94A94818166CF450
:1079C000F501E95BFA4E2081318142815381C70183
:1079D000B6010E94A948181624F001501109E8F6D2
:1079E000C4E02C2F30E08091E51490E00196281738
:1079F000390799F4E091E51484E0E89FF00111243F
:107A0000EE5CFA4E2081318142815381C701B6017B
:107A10000E94044787FF1CC019C08091E51490E0C4
:107A2000019728173907A1F4E091E51484E0E89F55
:107A3000F0011124E95BFA4E2081318142815381AA
:107A4000C701B6010E94A948181614F4C091E514A4
:107A50008C2FCF911F910F91FF90EF90DF90CF90DF
:107A6000BF90AF900895AF92BF92CF92DF92EF9206
:107A7000FF920F931F93CF936B017C0105E010E001
:107A8000C02F5801AA0CBB1CAA0CBB1CF501E1516C
:107A9000FB4E6081718182819381A70196010E94D2
:107AA000A94818166CF4F501E95EFA4E208131817F
:107AB00042815381C701B6010E94A948181624F0DB
:107AC00001501109E8F6C5E02C2F30E080915C15DB
:107AD00090E001962817390799F4E0915C1584E04D
:107AE000E89FF0011124E151FB4E20813181428158
:107AF0005381C701B6010E94044787FF1CC019C00B
:107B000080915C1590E0019728173907A1F4E09166
:107B10005C1584E0E89FF0011124E95EFA4E2081B3
:107B2000318142815381C701B6010E94A9481816CC
:107B300014F4C0915C158C2FCF911F910F91FF9081
:107B4000EF90DF90CF90BF90AF9008958091FA139F
:107B500081608093FA134091FA136091471282E09A
:107B60000E9444308FE891E00197F1F700C00000D7
:107B70008091FA138E7F8093FA134091FA136091EB
:107B8000471282E00E9444308FE891E00197F1F7BC
:107B900000C0000008954F925F926F927F928F9283
:107BA0009F92AF92BF92CF92DF92EF92FF92CF93CC
:107BB000DF93CDB7DEB7A0970FB6F894DEBF0FBE48
:107BC000CDBF1092301510922F151092EB14109219
:107BD000EA148CE791E00E94B71929E136E647E6FE
:107BE00056E40E9462496B017C018CE691E00E94A0
:107BF000B71920E038EF42E757E40E9462496983F1
:107C00007A838B839C838CE591E00E94B71920E0F6
:107C100038EF42E757E40E9462496D837E838F8389
:107C200098878CE491E00E94B71920E038EF42E792
:107C300057E40E94624969877A878B879C878CE327
:107C400091E00E94B719698F7A8F8B8F9C8F8CE29D
:107C500091E00E94B71920E038EF42E757E40E9414
:107C600062494B015C0180E291E00E94B71920E07B
:107C700038EF42E757E40E9462496D877E878F871D
:107C8000988B84E191E00E94B71920E038EF42E739
:107C900057E40E946249698B7A8B8B8B9C8B88E0BE
:107CA00091E00E94B71920E038EF42E757E40E94C4
:107CB00062492B013C018CEF90E00E94B71920E053
:107CC00038EF42E757E40E9462496D8B7E8B8F8BC1
:107CD000988F80EF90E00E94B7196D8F7E8F8F8F05
:107CE00098A32AE037ED43E85FE3C701B6010E949D
:107CF0006249E2E3F5E160837183828393832AE042
:107D000037ED43E85FE369817A818B819C810E9432
:107D100062496093361570933715809338159093A8
:107D200039152AE037ED43E85FE36D817E818F816D
:107D300098850E94624960933A1570933B15809331
:107D40003C1590933D152AE037ED43E85FE36985E4
:107D50007A858B859C850E94624960933E1570935D
:107D60003F15809340159093411520E038EF42E78E
:107D700057E4698D7A8D8B8D9C8D0E9462492AE033
:107D800037ED43E85FE30E946249609342157093C8
:107D900043158093441590934515D701C601B058FB
:107DA000E7E4F5E180839183A283B38326E636E698
:107DB00046E65FE3C701B6010E94624960934B1536
:107DC00070934C1580934D1590934E1526E636E62C
:107DD00046E65FE369817A818B819C810E946249DA
:107DE00060934F15709350158093511590935215D1
:107DF00026E636E646E65FE36D817E818F819885D3
:107E00000E946249609353157093541580935515E1
:107E10009093561526E636E646E65FE369857A8551
:107E20008B859C850E946249609357157093581505
:107E30008093591590935A152AE037ED43E85FE394
:107E4000C501B4010E946249EFEEF4E160837183E1
:107E5000828393832AE037ED43E85FE36D857E8577
:107E60008F8598890E9462496093F3147093F4148B
:107E70008093F5149093F6142AE037ED43E85FE31E
:107E800069897A898B899C890E9462496093F71479
:107E90007093F8148093F9149093FA142AE037ED54
:107EA00043E85FE3C301B2010E9462496093FB149F
:107EB0007093FC148093FD149093FE142AE037ED28
:107EC00043E85FE36D897E898F89988D0E946249BE
:107ED0006093FF1470930015809301159093021521
:107EE00020E038EF42E757E46D8D7E8D8F8D98A1AD
:107EF0000E9462492AE037ED43E85FE30E9462494D
:107F000060930315709304158093051590930615DF
:107F1000D501C401B058E7E1F5E180839183A283E4
:107F2000B38326E636E646E65FE3C501B4010E9468
:107F3000624960931B1570931C1580931D159093D7
:107F40001E1526E636E646E65FE36D857E858F855F
:107F500098890E94624960931F1570932015809341
:107F600021159093221526E636E646E65FE36989F9
:107F70007A898B899C890E9462496093231570934A
:107F80002415809325159093261526E636E646E6B9
:107F90005FE3C301B2010E946249609327157093A9
:107FA00028158093291590932A1526E636E646E68D
:107FB0005FE36D897E898F89988D0E946249609305
:107FC0002B1570932C1580932D1590932E15A0963C
:107FD0000FB6F894DEBF0FBECDBFDF91CF91FF90FB
:107FE000EF90DF90CF90BF90AF909F908F907F9059
:107FF0006F905F904F900895CF93C82F80915E153A
:1080000090915F159093301580932F1580911115E5
:1080100080935B158C2F0E94CF198091E5148823E3
:1080200041F08091E514813021F08091E514823097
:1080300021F481E0C33088F40DC08091E5148330D1
:1080400021F08091E514843039F481E09DEF9C0F9C
:10805000923018F480E001C081E09091E5149923FA
:1080600041F09091E514913021F09091E514943015
:1080700039F4C23008F4ABC091E0C43079F40DC0DB
:108080009091E514923021F09091E514933049F4E9
:1080900091E02EEF2C0F223008F490E0813071F443
:1080A00003C0813071F491E0209147122E7F20931C
:1080B0004712209147122D7F20934712913009F0EB
:1080C00082C0909147129B7F9093471290914712E4
:1080D000977F90934712C11104C090914712986006
:1080E00007C0C130D1F3C23059F490914712946067
:1080F000909347128130B1F480914712816010C093
:1081000091E0C33009F06AC0913029F49091471290
:10811000946090934712813029F4809147128260D5
:10812000809347124091FA136091471282E00E94B7
:1081300044308FED9EE20197F1F700C0000060919E
:108140009714709198148091991490919A140E94A8
:10815000D02D8FE59DE60197F1F700C000008091DA
:10816000471281608093471280914712826080930A
:108170004712809147128460809347128091471282
:108180008860809347124091FA136091471282E011
:108190000E9444308FE39CE90197F1F700C0000092
:1081A000C093E5148091E41481608093E41480917D
:1081B0002A148E7F80932A14809131148E7F8093AD
:1081C0003114CF910895CC2309F494CF04C08130A9
:1081D000D1F790E069CFC13041F48CCF913009F0F4
:1081E0009ACF90914712986094CFC23009F482CF11
:1081F00090E087CFCF93C82F80915C15813041F0FC
:1082000080915C15833021F080915C15853041F4BC
:108210008C2F8D7F8130C9F081E0C530B9F415C055
:1082200080915C15882341F080915C15823021F0AB
:1082300080915C15843039F48C2F8D7F31F081E092
:10824000C43021F402C081E001C080E02091ED142F
:108250003091EE143093EB142093EA149091311581
:1082600090935D159091FA139E7F9093FA139091DD
:1082700047129F7D90934712909147129F7E909353
:108280004712909147129F7790934712909147120F
:108290009F7B909347129091FA13C11109C0986087
:1082A0009093FA13813081F48091471280640AC060
:1082B000C13071F498609093FA13813029F4809161
:1082C00047128068809347128091471280612BC0CB
:1082D000C23049F494609093FA13813081F4809114
:1082E000471280640AC0C33071F494609093FA130B
:1082F000813029F4809147128068809347128091E1
:108300004712806210C092609093FA13C43031F427
:10831000813059F480914712806405C0813029F47E
:10832000809147128068809347124091FA136091C0
:10833000471282E00E9444308FE39CE90197F1F7F5
:1083400000C000008091471280688093471280919E
:108350004712806480934712CC2311F0C13049F456
:108360008091FA138D7F8093FA138091FA138B7F9B
:1083700010C0C23021F48091FA138D7F05C0C33044
:10838000D1F38091FA138B7F8093FA138091FA13C3
:10839000877F8093FA134091FA136091471282E02D
:1083A0000E9444308C2F0E94DA1A8FE39CE90197D7
:1083B000F1F700C00000C0935C158091E414826066
:1083C0008093E41480912A148E7F80932A148091E4
:1083D00031148E7F80933114CF910895282F31E08E
:1083E000C901992399F02091461530E0082E02C06A
:1083F000359527950A94E2F720FD02C08F5F01C0F2
:1084000090E024E030E0853060F3EACF0895809179
:10841000E5149091EC1494FF02C08F5F09C0609145
:108420009710709198108091991090919A10A8DAF5
:10843000D5DF853008F084E09091E514981740F07E
:108440009091E514891778F490912A1492FD0BC04D
:1084500090915B15992331F080915B158150809349
:108460005B150895C9CD0895282F31E0C9019923DE
:1084700099F02091071530E0082E02C03595279518
:108480000A94E2F720FD02C08F5F01C090E025E072
:1084900030E0863060F3EACF0895CF93C0915C1549
:1084A000009904C080912614806103C08091261435
:1084B0008F7E809326148091EC1486FD04C08091F9
:1084C000261484FF0DC08C2F90E0049714F4CE5F27
:1084D00001C0CF5F8091261484FF0CC037DB0AC037
:1084E00060914E1270914F128091501290915112E2
:1084F000BADAC82F8C2FB8DF863008F085E090916B
:108500005C15981740F090915C15891770F4909164
:108510002A1493FD0EC090915D15992321F080914E
:108520005D15815004C0CF9165CE80913115809347
:108530005D15CF91089580912F1590913015892B5D
:1085400069F080912F159091301501979093301517
:1085500080932F1580912A14846003C080912A147F
:108560008B7F80932A148091EA149091EB14892BCD
:1085700069F08091EA149091EB1401979093EB14B9
:108580008093EA1480912A14886003C080912A1491
:10859000877F80932A1480912B1487FF09C08091D4
:1085A000EC1482FF05C08091EC1481608093EC1480
:1085B0008091EC1480FF09C09091E5148091101512
:1085C0009817B9F08091101513C08091261480FF80
:1085D00002C01DDF0EC080915E1590915F159093D3
:1085E000301580932F158091E514843011F084E0CC
:1085F00003DD009904C080912614806103C080913E
:1086000026148F7E8093261480912B1487FF09C037
:108610008091EC1483FF05C08091EC1482608093FC
:10862000EC148091EC1481FF09C090915C1580914D
:1086300012159817D1F08091121516C0809126144A
:1086400080FD2BCF8091ED149091EE149093EB145C
:108650008093EA1480912A14886080932A14809170
:108660005C15853011F085E0C5CD08958F929F92FD
:10867000AF92BF92CF92DF92EF92FF929C01215076
:1086800031092E3F3F4008F03BC0BC0180E090E044
:1086900089D420E030EF4FE755E4BAD36B017C0179
:1086A00020E030E44CE156E40DD64B015C01A7011B
:1086B000960160E070E080E89FE341D39B01AC014C
:1086C000C501B401A5D320E030E44CE156E4A0D3C9
:1086D00086D520E030E049E755E49AD32FE03FEC1F
:1086E0004BE55BE32DD39B01AC0160E070E080E8DB
:1086F0009FE38ED323E333E948E853E420D304C057
:108700006DEC7CEC87EC92E4FF90EF90DF90CF90E3
:10871000BF90AF909F908F900895CF92DF92EF928D
:10872000FF9223E333E948E853E40AD39B01AC0109
:1087300060E070E080E89FE36BD32FE03FEC4BE517
:108740005BE3FDD220E030E049E755E4BBD5CDD373
:1087500020E030E44CE156E4B5D56B017C0120E02B
:1087600030E44CE156E4ECD29B01AC01C701B60108
:108770004FD320E030EF4FE755E4A4D56B017C01E7
:1087800020E030E0A90140D387FD11C020E030EFA8
:108790004FE755E4C701B601DCD418165CF4C12CD0
:1087A00080EFD82E8FE7E82E85E4F82E03C0C12C89
:1087B000D12C7601C701B601C9D3CB01FF90EF9050
:1087C000DF90CF90089584EF91E02091BC0027FDC9
:1087D00004C00197D1F780E0089581E00895FF92E9
:1087E0000F931F93CF93DF938B01E82FF0E0EE55AB
:1087F000FD4FC0818CE08093B80084EAF82EF0929F
:10880000BC00E1DF882309F47FC08091B900887F34
:10881000883009F079C085E38A95F1F700008C2F44
:10882000880F8093BB00D4E8D093BC00CCDF8823B2
:1088300009F46AC08091B900887F883109F064C06A
:1088400095E39A95F1F700001092BB00D093BC001D
:10885000BADF882309F458C08091B900887F883234
:1088600009F052C0E5E3EA95F1F70000F092BC0090
:10887000AADF882309F448C08091B900887F80313D
:1088800009F042C0F5E3FA95F1F70000CC0FC160A2
:10889000C093BB00D093BC0096DF8823A9F18091E0
:1088A000B900887F803481F585E38A95F1F700006F
:1088B00084EC8093BC0087DF882331F18091B9007C
:1088C000887F803509F5C091BB0084E88093BC00A7
:1088D0007ADF8823C9F08091B900887F8835A1F4B8
:1088E0008091BB0094E99093BC0095E39A95F1F7D1
:1088F000000090E09C2B9F70F8019183808380E4BE
:108900008093B80081E00BC084E98093BC00F5E35C
:10891000FA95F1F7000080E48093B80080E0DF91E1
:10892000CF911F910F91FF900895EF92FF921F93A7
:10893000CF93DF9300D0CDB7DEB720916915E82E35
:10894000F12C30E0082E02C0359527950A94E2F705
:1089500020FF2AC0BE016F5F7F4F41DF8823C9F02F
:1089600089819A8183DEF701EE0FFF1FEE0FFF1F53
:10897000E659FA4E60837183828393832091681550
:1089800081E090E001C0880FEA94EAF780958223A5
:1089900009C02091681581E090E001C0880FEA9439
:1089A000EAF7822B809368150F900F90DF91CF919B
:1089B0001F91FF90EF900895CF93C82F84EA809382
:1089C000BC0001DF882309F43DC08091B900887F95
:1089D0008830C1F585E38A95F1F70000CC0FC0938C
:1089E000BB00C4E8C093BC00EEDE882359F180913F
:1089F000B900887F883131F585E38A95F1F7000069
:108A000082E08093BB00C093BC00DDDE8823D1F000
:108A10008091B900887F8832A9F485E38A95F1F7BF
:108A2000000084EE8093BB00C093BC00CCDE8823A2
:108A300049F08091B900887F883221F485E38A95D6
:108A4000F1F7000084E98093BC0085E38A95F1F793
:108A50000000CF9108950F931F93CF93C82F60917B
:108A6000221470912314809124149091251455DEC2
:108A70008C0184EA8093BC00A6DE882309F44EC0F2
:108A80008091B900887F883009F048C085E38A95D5
:108A9000F1F70000CC0FC093BB00C4E8C093BC004A
:108AA00092DE8823D9F18091B900887F8831B1F5B1
:108AB00085E38A95F1F7000083E08093BB00C093C3
:108AC000BC0081DE882351F18091B900887F883213
:108AD00029F51F7085E38A95F1F700001093BB001C
:108AE000C093BC0070DE8823C9F08091B900887FF4
:108AF0008832A1F485E38A95F1F700000093BB006A
:108B0000C093BC0060DE882349F08091B900887F63
:108B1000883221F485E38A95F1F7000084E9809397
:108B2000BC0085E38A95F1F70000CF911F910F916A
:108B30000895EF92FF921F93CF93DF93182F6091C8
:108B4000221470912314809124149091251420E014
:108B500030E040EA50E4F3D0E0DDEC016091221413
:108B6000709123148091241490912514D6DD7C01FA
:108B700084EA8093BC0027DE882309F451C08091E9
:108B8000B900887F883009F04BC085E38A95F1F7FA
:108B90000000110F1093BB0014E81093BC0013DE0B
:108BA000882309F43DC08091B900887F8831C1F5E0
:108BB00085E38A95F1F7000085E08093BB00109370
:108BC000BC0001DE882361F18091B900887F883282
:108BD00039F5CE19DF09DF7085E38A95F1F70000DA
:108BE000D093BB001093BC00EEDD8823C9F08091C8
:108BF000B900887F8832A1F485E38A95F1F70000F7
:108C0000C093BB001093BC00DEDD882349F0809147
:108C1000B900887F883221F485E38A95F1F7000056
:108C200084E98093BC0085E38A95F1F70000DF9129
:108C3000CF911F91FF90EF900895CF93C82F0BDF36
:108C40008C2F77DF8C2FCF91B7CECF93C82F84EAAC
:108C50008093BC00B8DD8823E1F08091B900887F63
:108C60008830B9F4CC0FC093BB0084E88093BC007B
:108C7000AADD882371F08091B900887F883149F49A
:108C800084E98093BC0085E38A95F1F7000081E0D8
:108C900008C084E98093BC0085E38A95F1F7000061
:108CA00080E0CF9108958F929F92AF92BF92DF9212
:108CB000EF92FF920F931F93CF93DF93109269155A
:108CC0001092681502EA12E0C0E0D0E0EE24E394CE
:108CD000F12C26E6822E982C2EE1A22E21ECB22E2B
:108CE000F801D1908F018D2DB0DF882369F020919C
:108CF0006915C7010C2E01C0880F0A94EAF7822B70
:108D0000809369158D2D99DFFE01EE0FFF1FEE0F89
:108D1000FF1FE659FA4E80829182A282B382219689
:108D2000C830D105E9F6DF91CF911F910F91FF90E7
:108D3000EF90DF90BF90AF909F908F900895505824
:108D4000BB27AA270ED0CBC1BCD130F0C1D120F0B7
:108D500031F49F3F11F41EF48CC10EF4E095E7FB53
:108D600082C1E92FCDD180F3BA1762077307840758
:108D7000950718F071F49EF5E5C10EF4E0950B2E01
:108D8000BA2FA02D0B01B90190010C01CA01A0015D
:108D90001124FF27591B99F0593F50F4503E68F1B8
:108DA0001A16F040A22F232F342F4427585FF3CFF9
:108DB000469537952795A795F0405395C9F77EF4CA
:108DC0001F16BA0B620B730B840BBAF09150A1F013
:108DD000FF0FBB1F661F771F881FC2F70EC0BA0F99
:108DE000621F731F841F48F4879577956795B79521
:108DF000F7959E3F08F0B3CF9395880F08F0992719
:108E0000EE0F9795879508950AD108F481E00895AB
:108E10000CD065C15DD140F054D130F021F45F3FFA
:108E200019F021C151118FC124C16AD198F399233E
:108E3000C9F35523B1F3951B550BBB27AA2762171E
:108E40007307840738F09F5F5F4F220F331F441F63
:108E5000AA1FA9F333D00E2E3AF0E0E830D091509B
:108E60005040E695001CCAF729D0FE2F27D0660F88
:108E7000771F881FBB1F261737074807AB07B0E8C7
:108E800009F0BB0B802DBF01FF2793585F4F2AF0DD
:108E90009E3F510568F0E7C056C15F3FECF3983E36
:108EA000DCF3869577956795B795F7959F5FC9F73A
:108EB000880F911D9695879597F90895E1E0660FC3
:108EC000771F881FBB1F621773078407BA0720F03C
:108ED000621B730B840BBA0BEE1F88F7E0950895A5
:108EE00019F40EF0C0C02EC1C4C012D1C8F3963818
:108EF000C0F707F80F92E8942BE33AEA48EB5FE7F4
:108F0000EFD10F920F920F924DB75EB70F92A7D18C
:108F1000ECE8F0E0B1D04F915F91EF91FF91E595D2
:108F2000EE1FFF1F49F0FE57E0684427EE0F441F75
:108F3000FA95E1F74195550B19D10F9007FE0DC138
:108F4000089504D06894B111FEC00895E1D088F06E
:108F50009F5790F0B92F9927B751A0F0D1F0660F25
:108F6000771F881F991F1AF0BA95C9F712C0B13040
:108F700081F0E8D0B1E00895E5C0672F782F882709
:108F8000B85F39F0B93FCCF3869577956795B3957F
:108F9000D9F73EF490958095709561957F4F8F4FEE
:108FA0009F4F0895E89409C097FB3EF490958095F3
:108FB000709561957F4F8F4F9F4F9923A9F0F92F9F
:108FC00096E9BB279395F695879577956795B7951D
:108FD000F111F8CFFAF4BB0F11F460FF1BC06F5F03
:108FE0007F4F8F4F9F4F16C0882311F096E911C015
:108FF000772321F09EE8872F762F05C0662371F036
:1090000096E8862F70E060E02AF09A95660F771F49
:10901000881FDAF7880F9695879597F90895990F25
:109020000008550FAA0BE0E8FEEF16161706E80732
:10903000F907C0F012161306E407F50798F0621B53
:10904000730B840B950B39F40A2661F0232B242B28
:10905000252B21F408950A2609F4A140A6958FEF47
:10906000811D811D089597F99F6780E870E060E099
:1090700008959FEF80EC0895DF93CF931F930F9394
:10908000FF92EF92DF927B018C01689405C0DA2E8B
:10909000EF0124D1FE01E894A591259135914591E8
:1090A0005591AEF3EF015DDEFE019701A801DA9460
:1090B00079F7DF90EF90FF900F911F91CF91DF91A3
:1090C000089500240A94161617061806090608952E
:1090D00000240A9412161306140605060895092E94
:1090E0000394000C11F4882352F0BB0F40F4BF2B03
:1090F00011F460FF04C06F5F7F4F8F4F9F4F089543
:1091000057FD9058440F551F59F05F3F71F0479538
:10911000880F97FB991F61F09F3F79F0879508951D
:10912000121613061406551FF2CF4695F1DF08C03C
:10913000161617061806991FF1CF86957105610559
:1091400008940895E894BB2766277727CB0197F901
:10915000089565DF08F48FEF08959B01AC0160E08E
:1091600070E080E89FE354CE7ECF50C1D1DFE8F3BA
:109170009923D9F3940F511DBBF39150504094F0B3
:1091800059F0882332F0660F771F881F91505040A6
:10919000C1F79E3F510544F7880F911D969587951D
:1091A00097F908955F3FACF0983E9CF0BB278695F9
:1091B00077956795B79508F4B1609395C1F7BB0FA4
:1091C00058F711F460FFE8CF6F5F7F4F8F4F9F4FCD
:1091D000E3CFB9CF0EF01AC14CCF689444CF98DFDB
:1091E000C8F39923D1F3C6F3DF93CF931F930F9363
:1091F000FF92C92FDD2788232AF02197660F771F5A
:10920000881FDAF720E030E040E85FEB9FE3883921
:1092100020F0803E30F021968F7792DDE4EBF0E095
:1092200003C08EDDE1EEF0E027DF8B01BE01EC0133
:10923000FB2E6F5771097595771F880B990BB4DE5C
:1092400028E132E741E35FE349D0AF2D9801AE0159
:10925000FF900F911F91CF91DF9183DD40CFFA01F5
:10926000DC01AA0FBB1F9B01AC01BF5728F42227CA
:109270003327442750781FC0B75188F4AB2F002400
:10928000469537952795011CA395D2F3002069F0E8
:10929000220F331F441FB395DAF30DD050CD613048
:1092A0007105A0E88A07B94630F49B01AC01662736
:1092B000772788279078309621F020833183428366
:1092C000538308950BD00BCFFCDE28F001DF18F09C
:1092D000952309F0C8CECDCE112435CF11DFA0F3F0
:1092E000959FD1F3950F50E0551F629FF001729F3B
:1092F000BB27F00DB11D639FAA27F00DB11DAA1F5A
:10930000649F6627B00DA11D661F829F2227B00DA6
:10931000A11D621F739FB00DA11D621F839FA00D31
:10932000611D221F749F3327A00D611D231F849F81
:10933000600D211D822F762F6A2F11249F575040D8
:109340008AF0E1F088234AF0EE0FFF1FBB1F661F73
:10935000771F881F91505040A9F79E3F510570F02C
:1093600082CEF1CE5F3FECF3983EDCF386957795A5
:109370006795B795F795E7959F5FC1F7FE2B880F27
:10938000911D9695879597F90895C2DEE0F09E3776
:10939000D8F09639B8F49E3848F4672F782F88278C
:1093A000985FF9CF86957795679593959539D0F322
:1093B000B62FB1706B0F711D811D20F487957795C5
:1093C0006795939508C022C0BECE9F932ED00F9074
:1093D00007FCEE5F51C0882371F4772321F0985089
:1093E000872B762F07C0662311F499270DC0905163
:1093F000862B70E060E02AF09A95660F771F881F31
:10940000DAF7880F9695879597F908959F3F31F081
:10941000915020F4879577956795B795880F911DA2
:109420009695879597F9089524CE72DEE8F3E8942F
:10943000E0E0BB279F57F0F02AED3FE049EC06C083
:10944000EE0FBB0F661F771F881F28F0B23A620726
:109450007307840728F0B25A620B730B840BE395F1
:109460009A9572F7803830F49A95BB0F661F771F74
:10947000881FD2F79048CCCFEF93E0FF06C0A2EA56
:109480002AED3FE049EC5FEB6CDC29DE0F900394A2
:1094900001FC9058EEE0F1E000C09F938F937F9322
:1094A0006F93FF93EF939B01AC010CDFEF91FF9162
:1094B000E3DD2F913F914F915F9104CFCF92DF92E7
:1094C000FF920F931F93CF93DF93EA01F02E122F99
:1094D000283008F017E000E0212FAE01BAD09881C3
:1094E000292F2870DE0190FF06C0211104C01196BB
:1094F0002DE228830CC0F1FE03C011963BE204C0AC
:10950000F0FE03C0119630E23883211105C092FFAE
:109510000CC06CE271E002C064E371E0F2FE02C0D4
:109520006C5F7F4FCD016DD145C0FD013196298122
:109530002C93213309F09F7E1123B9F0AE014E5FC9
:109540005F4F6F01312F2EE2DA016D91AD01D6012F
:109550002D936D013150262FB9F71150DF01A10F66
:10956000B11DFD01329611966C93F2FC02C025E606
:1095700001C025E42083DF01129687FF04C09DE22D
:10958000918381950AC0811106C094FF04C09DE2B9
:10959000918390E308C09BE2918390E38A301CF0B2
:1095A0009F5F8A50FBCF9C93805D11968C9311979F
:1095B00012961C92CE01DF91CF911F910F91FF90D7
:1095C000DF90CF9008956627772791C1FC01882707
:1095D0009927E89421912032E9F3293010F02E30B8
:1095E000C8F32B3239F02D3231F4689403C03DD1E9
:1095F000820F911D219120532A30C8F31EF49095BB
:1096000081959F4F08951F93FC0199278827BC01DE
:10961000E89411911032E9F3193010F01E30C8F3BC
:109620001B3249F01D3241F4689405C009D1610F25
:10963000711D811D911D119110531A30B8F33EF424
:1096400090958095709561957F4F8F4F9F4F1F919B
:109650000895283008F027E03327DA01990F311DEB
:1096600087FD916000966105710539F432602E5FC7
:109670003D9330E32A95E1F708959F3F30F080381D
:109680007105610509F03C5F3C5F3D93913008F046
:109690008068911DDF93CF931F930F93FF92EF92FA
:1096A000192F987F9695E92F96959695E90FFF27A4
:1096B000EA56FE4F99273327EE24FF24A701E7013E
:1096C00005900894079428F4360FE71EF81E491FEA
:1096D000511D660F771F881F991F0694A1F70590EB
:1096E000079428F4E70EF81E491F561FC11D770F77
:1096F000881F991F661F0694A1F70590079428F408
:10970000F80E491F561FC71FD11D880F991F661FCE
:10971000771F0694A1F70590079420F4490F561F70
:10972000C71FD81F990F661F771F881F0694A9F7B8
:1097300084911095177041F0D695C7955795479528
:10974000F794E7941A95C1F7ECE3F1E0689415906B
:10975000159135916591959105907FE27395E1188A
:10976000F10A430B560BC90BD009C0F7E10CF11EEF
:10977000431F561FC91FD01D7EF4703311F48A9504
:10978000E6CFE894015030F0080F0AF400270217E2
:1097900008F4202F2395022F7A3328F079E37D9364
:1097A0002A95E9F710C07D932A9589F60694979536
:1097B0006795379517951794E118F10A430B560BE7
:1097C000C90BD00998F023957E9173957A3308F0F0
:1097D00070E37C932013B8F77E9170617D9330F035
:1097E000839571E37D9370E32A95E1F71124EF905F
:1097F000FF900F911F91CF91DF91992787FD909551
:109800000895FB01DC0105900D920020E1F7089519
:10981000BB274A3031F4992322F4BDE2909581951B
:109820009F4F4DC0BB272A3051F4992342F4BDE22B
:1098300090958095709561957F4F8F4F9F4F1EC07B
:10984000592F482F372F262F660F771F881F991FF4
:10985000660F771F881F991F620F731F841F951F44
:10986000660F771F881F991F08957AE0979F902DA4
:10987000879F802D910D11240895BB27FA01A62FF3
:109880006217710581059105330B30FB66F0AA273D
:10989000660F771F881F991FAA1FA21710F0A21B1F
:1098A00063953850A9F7A05DAA3308F0A95DA1938C
:1098B00036F7B111B1931082CA018CC1BB27FB01ED
:1098C0005527AA27880F991FAA1FA41710F0A41BB9
:1098D00083955051B9F7A05DAA3308F0A95DA19313
:1098E000009779F7B111B1931192CB0173C18F92A7
:1098F0009F92AF92BF92CF92DF92EF92FF920F931F
:109900001F93CF93DF93EC016B016115710519F083
:10991000FB01918380837E01FFEFEF1AFF0A08812C
:10992000802F90E037D1892B11F0E701F4CF0D3271
:1099300039F47E0182E0E80EF11C098111E008C0D3
:109940000B3229F47E0192E0E90EF11C098110E04E
:10995000E701219743E050E06EE372E0CE0122D1AF
:10996000892BB9F4239645E050E069E372E0CE011B
:1099700019D1892B09F42596C114D10419F0F601E7
:10998000D183C0831111F0C060E070E080E89FE7F0
:10999000F4C043E050E066E372E0CE0103D1892BCE
:1099A00059F4C114D10409F4E4C0F2E0EF0EF11C43
:1099B000F601F182E082DDC020E030E0A901C0E0E4
:1099C000D0E0F70160EDA62EA00E89E08A1528F1FF
:1099D000912F9260B92E812F887012FF04C08111DF
:1099E00023C0219621C081112197A5E0B0E034D198
:1099F000DC01CB01880F991FAA1FBB1F9C01AD0181
:109A00002A0D311D411D511D283989E938074807A4
:109A100089E1580748F0166006C09EEFA9120AC0F7
:109A200013FD40C01860B12E8FEFE81AF80A0081CC
:109A30001B2DC7CF802F8F7D8534A1F580818D327E
:109A400011F4106106C08B3221F0319661E070E0B4
:109A500004C08181329662E070E080538A3018F051
:109A6000E61BF70B1FC060E070E060389CE07907F0
:109A70005CF4DB01AA0FBB1FAA0FBB1F6A0F7B1F81
:109A8000660F771F680F711D3196DF0111978C915A
:109A900080538A3050F314FF03C0719561957109AA
:109AA000C60FD71F11FF08C0C114D10429F0CF0180
:109AB0000197F60191838083CA01B90173DA212FDE
:109AC0002370233019F04B015C0106C04B015C018F
:109AD000B7FAB094B7F8B09420E030E0A901C5011E
:109AE000B40192D9882309F43CC0D7FF06C0D195B0
:109AF000C195D10905E512E002C00DE612E068014A
:109B0000F8E1CF1AD10890E2E92EF12CCE15DF054D
:109B10006CF0F8012591359145915491C501B4013E
:109B2000D1DB4B015C01CE19DF09F0CF04501109E4
:109B3000F594E7940C151D0549F78A2D880F8B2D98
:109B4000881F8F3F41F020E030E0A901C501B4013A
:109B50005BD9811106C082E290E090938B158093CF
:109B60008A15C501B40109C060E070E080E89FEF8C
:109B700004C060E070E080EC9FE7DF91CF911F911F
:109B80000F91FF90EF90DF90CF90BF90AF909F909C
:109B90008F90089591112EC0803219F08950855010
:109BA000D0F70895FB01DC014150504088F08D91C1
:109BB00081341CF08B350CF4805E659161341CF0AF
:109BC0006B350CF4605E861B611171F3990B08957F
:109BD000881BFCCFDC01FC01672F71917723E1F733
:109BE000329704C07C916D9370836291AE17BF076A
:109BF000C8F30895992788270895DC01CB01FC015B
:109C0000F999FECF06C0F2BDE1BDF89A319600B4D5
:109C10000D9241505040B8F70895F999FECF92BD8A
:109C200081BDF89A992780B50895DC01CB0102C067
:109C30002D9105D041505040D8F70895262FF9991D
:109C4000FECF1FBA92BD81BD20BD0FB6F894FA9A1F
:109C5000F99A0FBE0196089509D0A59F900DB49F63
:109C6000900DA49F800D911D11240895A29FB00115
:109C7000B39FC001A39F700D811D1124911DB29F40
:0E9C8000700D811D1124911D0895F894FFCFE1
:109C8E00524541443F004F55545000310030002A98
:109C9E00005342523F004F50433F0049444E3F0055
:109CAE004F5045545F52312E34430056312E3136CB
:109CBE00412D4430384D3033593735004C4F4144E7
:109CCE003A004D4F444500534554564F4C540053A3
:109CDE00455443555252004D5050543A44454C4110
:109CEE0059004D454153004441544100504F494E97
:109CFE005453004156523A5643004156523A534538
:109D0E00545300434F533A504841534500564F4326
:109D1E003A4D554C54005452414E533A00454E4420
:109D2E00564F4C540052414E47453A00414354560B
:109D3E00414C004944564F4C54006175746F0049B4
:109D4E004443555252004F43525354004F4E564FB8
:109D5E004C54004F4E435552520043414C3A00452D
:109D6E003F005343414C45004E6F2043616C210030
:109D7E004F46465345540046414E3A004D414E2003
:109D8E004F4646004D414E204F4E004155544F0018
:109D9E004155544F204F4E004155544F204F46468B
:109DAE0000445249563A00565345543F00494447E1
:109DBE0041494E004944494E54004144433A004102
:109DCE0056523A4F54484552004359434C45533A24
:109DDE005643004545524F4D3A005752495445009F
:109DEE0054454D503F004552525F4144522100456B
:109DFE0052525F56414C21004E6F45726F6D2100DD
:109E0E004552525F454550524F4D5F4144522100DD
:109E1E004552525F454550524F4D5F56414C2100C1
:0A9E2E00090050515254555658597E
:00000001FF
