
MPPT_PCB_MCU.elf:     file format elf32-avr

Sections:
Idx Name          Size      VMA       LMA       File off  Algn
  0 .data         000001aa  00800100  00009c8e  00009d42  2**0
                  CONTENTS, ALLOC, LOAD, DATA
  1 .text         00009c8e  00000000  00000000  000000b4  2**1
                  CONTENTS, ALLOC, LOAD, READONLY, CODE
  2 .bss          000012e2  008002aa  008002aa  00009eec  2**0
                  ALLOC
  3 .eeprom       0000018f  00810000  00810000  00009eec  2**0
                  CONTENTS, ALLOC, LOAD, DATA
  4 .comment      0000005c  00000000  00000000  0000a07b  2**0
                  CONTENTS, READONLY
  5 .note.gnu.avr.deviceinfo 00000040  00000000  00000000  0000a0d8  2**2
                  CONTENTS, READONLY
  6 .debug_aranges 00000080  00000000  00000000  0000a118  2**3
                  CONTENTS, READONLY, DEBUGGING
  7 .debug_info   00000a00  00000000  00000000  0000a198  2**0
                  CONTENTS, READONLY, DEBUGGING
  8 .debug_abbrev 00000779  00000000  00000000  0000ab98  2**0
                  CONTENTS, READONLY, DEBUGGING
  9 .debug_line   000003ad  00000000  00000000  0000b311  2**0
                  CONTENTS, READONLY, DEBUGGING
 10 .debug_str    00000296  00000000  00000000  0000b6be  2**0
                  CONTENTS, READONLY, DEBUGGING

Disassembly of section .text:

00000000 <__vectors>:
       0:	38 c1       	rjmp	.+624    	; 0x272 <__ctors_end>
       2:	00 00       	nop
       4:	55 c1       	rjmp	.+682    	; 0x2b0 <__bad_interrupt>
       6:	00 00       	nop
       8:	53 c1       	rjmp	.+678    	; 0x2b0 <__bad_interrupt>
       a:	00 00       	nop
       c:	51 c1       	rjmp	.+674    	; 0x2b0 <__bad_interrupt>
       e:	00 00       	nop
      10:	4f c1       	rjmp	.+670    	; 0x2b0 <__bad_interrupt>
      12:	00 00       	nop
      14:	4d c1       	rjmp	.+666    	; 0x2b0 <__bad_interrupt>
      16:	00 00       	nop
      18:	4b c1       	rjmp	.+662    	; 0x2b0 <__bad_interrupt>
      1a:	00 00       	nop
      1c:	49 c1       	rjmp	.+658    	; 0x2b0 <__bad_interrupt>
      1e:	00 00       	nop
      20:	47 c1       	rjmp	.+654    	; 0x2b0 <__bad_interrupt>
      22:	00 00       	nop
      24:	45 c1       	rjmp	.+650    	; 0x2b0 <__bad_interrupt>
      26:	00 00       	nop
      28:	43 c1       	rjmp	.+646    	; 0x2b0 <__bad_interrupt>
      2a:	00 00       	nop
      2c:	41 c1       	rjmp	.+642    	; 0x2b0 <__bad_interrupt>
      2e:	00 00       	nop
      30:	3f c1       	rjmp	.+638    	; 0x2b0 <__bad_interrupt>
      32:	00 00       	nop
      34:	0c 94 fd 33 	jmp	0x67fa	; 0x67fa <__vector_13>
      38:	3b c1       	rjmp	.+630    	; 0x2b0 <__bad_interrupt>
      3a:	00 00       	nop
      3c:	39 c1       	rjmp	.+626    	; 0x2b0 <__bad_interrupt>
      3e:	00 00       	nop
      40:	37 c1       	rjmp	.+622    	; 0x2b0 <__bad_interrupt>
      42:	00 00       	nop
      44:	35 c1       	rjmp	.+618    	; 0x2b0 <__bad_interrupt>
      46:	00 00       	nop
      48:	33 c1       	rjmp	.+614    	; 0x2b0 <__bad_interrupt>
      4a:	00 00       	nop
      4c:	31 c1       	rjmp	.+610    	; 0x2b0 <__bad_interrupt>
      4e:	00 00       	nop
      50:	0c 94 61 33 	jmp	0x66c2	; 0x66c2 <__vector_20>
      54:	2d c1       	rjmp	.+602    	; 0x2b0 <__bad_interrupt>
      56:	00 00       	nop
      58:	0c 94 c5 33 	jmp	0x678a	; 0x678a <__vector_22>
      5c:	29 c1       	rjmp	.+594    	; 0x2b0 <__bad_interrupt>
      5e:	00 00       	nop
      60:	27 c1       	rjmp	.+590    	; 0x2b0 <__bad_interrupt>
      62:	00 00       	nop
      64:	25 c1       	rjmp	.+586    	; 0x2b0 <__bad_interrupt>
      66:	00 00       	nop
      68:	23 c1       	rjmp	.+582    	; 0x2b0 <__bad_interrupt>
      6a:	00 00       	nop
      6c:	21 c1       	rjmp	.+578    	; 0x2b0 <__bad_interrupt>
      6e:	00 00       	nop
      70:	1f c1       	rjmp	.+574    	; 0x2b0 <__bad_interrupt>
      72:	00 00       	nop
      74:	1d c1       	rjmp	.+570    	; 0x2b0 <__bad_interrupt>
      76:	00 00       	nop
      78:	1b c1       	rjmp	.+566    	; 0x2b0 <__bad_interrupt>
      7a:	00 00       	nop
      7c:	19 c1       	rjmp	.+562    	; 0x2b0 <__bad_interrupt>
      7e:	00 00       	nop
      80:	17 c1       	rjmp	.+558    	; 0x2b0 <__bad_interrupt>
      82:	00 00       	nop
      84:	15 c1       	rjmp	.+554    	; 0x2b0 <__bad_interrupt>
      86:	00 00       	nop
      88:	13 c1       	rjmp	.+550    	; 0x2b0 <__bad_interrupt>
      8a:	00 00       	nop
      8c:	07 63       	ori	r16, 0x37	; 55
      8e:	42 36       	cpi	r20, 0x62	; 98
      90:	b7 9b       	sbis	0x16, 7	; 22
      92:	d8 a7       	std	Y+40, r29	; 0x28
      94:	1a 39       	cpi	r17, 0x9A	; 154
      96:	68 56       	subi	r22, 0x68	; 104
      98:	18 ae       	std	Y+56, r1	; 0x38
      9a:	ba ab       	std	Y+50, r27	; 0x32
      9c:	55 8c       	ldd	r5, Z+29	; 0x1d
      9e:	1d 3c       	cpi	r17, 0xCD	; 205
      a0:	b7 cc       	rjmp	.-1682   	; 0xfffffa10 <__eeprom_end+0xff7ef881>
      a2:	57 63       	ori	r21, 0x37	; 55
      a4:	bd 6d       	ori	r27, 0xDD	; 221
      a6:	ed fd       	.word	0xfded	; ????
      a8:	75 3e       	cpi	r23, 0xE5	; 229
      aa:	f6 17       	cp	r31, r22
      ac:	72 31       	cpi	r23, 0x12	; 18
      ae:	bf 00       	.word	0x00bf	; ????
      b0:	00 00       	nop
      b2:	80 3f       	cpi	r24, 0xF0	; 240
      b4:	08 00       	.word	0x0008	; ????
      b6:	00 00       	nop
      b8:	be 92       	st	-X, r11
      ba:	24 49       	sbci	r18, 0x94	; 148
      bc:	12 3e       	cpi	r17, 0xE2	; 226
      be:	ab aa       	std	Y+51, r10	; 0x33
      c0:	aa 2a       	or	r10, r26
      c2:	be cd       	rjmp	.-1156   	; 0xfffffc40 <__eeprom_end+0xff7efab1>
      c4:	cc cc       	rjmp	.-1640   	; 0xfffffa5e <__eeprom_end+0xff7ef8cf>
      c6:	4c 3e       	cpi	r20, 0xEC	; 236
      c8:	00 00       	nop
      ca:	00 80       	ld	r0, Z
      cc:	be ab       	std	Y+54, r27	; 0x36
      ce:	aa aa       	std	Y+50, r10	; 0x32
      d0:	aa 3e       	cpi	r26, 0xEA	; 234
      d2:	00 00       	nop
      d4:	00 00       	nop
      d6:	bf 00       	.word	0x00bf	; ????
      d8:	00 00       	nop
      da:	80 3f       	cpi	r24, 0xF0	; 240
      dc:	00 00       	nop
      de:	00 00       	nop
      e0:	00 08       	sbc	r0, r0
      e2:	41 78       	andi	r20, 0x81	; 129
      e4:	d3 bb       	out	0x13, r29	; 19
      e6:	43 87       	std	Z+11, r20	; 0x0b
      e8:	d1 13       	cpse	r29, r17
      ea:	3d 19       	sub	r19, r13
      ec:	0e 3c       	cpi	r16, 0xCE	; 206
      ee:	c3 bd       	out	0x23, r28	; 35
      f0:	42 82       	std	Z+2, r4	; 0x02
      f2:	ad 2b       	or	r26, r29
      f4:	3e 68       	ori	r19, 0x8E	; 142
      f6:	ec 82       	std	Y+4, r14	; 0x04
      f8:	76 be       	out	0x36, r7	; 54
      fa:	d9 8f       	std	Y+25, r29	; 0x19
      fc:	e1 a9       	ldd	r30, Z+49	; 0x31
      fe:	3e 4c       	sbci	r19, 0xCE	; 206
     100:	80 ef       	ldi	r24, 0xF0	; 240
     102:	ff be       	out	0x3f, r15	; 63
     104:	01 c4       	rjmp	.+2050   	; 0x908 <IV_MEAS__Meas_Curr_Volt_Point+0xe6>
     106:	ff 7f       	andi	r31, 0xFF	; 255
     108:	3f 00       	.word	0x003f	; ????
     10a:	00 00       	nop
     10c:	00 00       	nop
     10e:	05 a8       	ldd	r0, Z+53	; 0x35
     110:	4c cd       	rjmp	.-1384   	; 0xfffffbaa <__eeprom_end+0xff7efa1b>
     112:	b2 d4       	rcall	.+2404   	; 0xa78 <IV_MEAS__Meas_Curr_Volt_Point+0x256>
     114:	4e b9       	out	0x0e, r20	; 14
     116:	38 36       	cpi	r19, 0x68	; 104
     118:	a9 02       	muls	r26, r25
     11a:	0c 50       	subi	r16, 0x0C	; 12
     11c:	b9 91       	ld	r27, Y+
     11e:	86 88       	ldd	r8, Z+22	; 0x16
     120:	08 3c       	cpi	r16, 0xC8	; 200
     122:	a6 aa       	std	Z+54, r10	; 0x36
     124:	aa 2a       	or	r10, r26
     126:	be 00       	.word	0x00be	; ????
     128:	00 00       	nop
     12a:	80 3f       	cpi	r24, 0xF0	; 240

0000012c <__trampolines_end>:
     12c:	69 6e       	ori	r22, 0xE9	; 233
     12e:	66 00       	.word	0x0066	; ????
     130:	49 4e       	sbci	r20, 0xE9	; 233
     132:	46 00       	.word	0x0046	; ????

00000134 <str_nan.1924>:
     134:	6e 61 6e 00 4e 41 4e 00 00 40 7a 10 f3 5a 00 a0     nan.NAN..@z..Z..
     144:	72 4e 18 09 00 10 a5 d4 e8 00 00 e8 76 48 17 00     rN..........vH..
     154:	00 e4 0b 54 02 00 00 ca 9a 3b 00 00 00 e1 f5 05     ...T.....;......
     164:	00 00 80 96 98 00 00 00 40 42 0f 00 00 00 a0 86     ........@B......
     174:	01 00 00 00 10 27 00 00 00 00 e8 03 00 00 00 00     .....'..........
     184:	64 00 00 00 00 00 0a 00 00 00 00 00 01 00 00 00     d...............
     194:	00 00 2c 76 d8 88 dc 67 4f 08 23 df c1 df ae 59     ..,v...gO.#....Y
     1a4:	e1 b1 b7 96 e5 e3 e4 53 c6 3a e6 51 99 76 96 e8     .......S.:.Q.v..
     1b4:	e6 c2 84 26 eb 89 8c 9b 62 ed 40 7c 6f fc ef bc     ...&....b.@|o...
     1c4:	9c 9f 40 f2 ba a5 6f a5 f4 90 05 5a 2a f7 5c 93     ..@...o....Z*.\.
     1d4:	6b 6c f9 67 6d c1 1b fc e0 e4 0d 47 fe f5 20 e6     kl.gm......G.. .
     1e4:	b5 00 d0 ed 90 2e 03 00 94 35 77 05 00 80 84 1e     .........5w.....
     1f4:	08 00 00 20 4e 0a 00 00 00 c8 0c 33 33 33 33 0f     ... N......3333.
     204:	98 6e 12 83 11 41 ef 8d 21 14 89 3b e6 55 16 cf     .n...A..!..;.U..
     214:	fe e6 db 18 d1 84 4b 38 1b f7 7c 1d 90 1d a4 bb     ......K8..|.....
     224:	e4 24 20 32 84 72 5e 22 81 00 c9 f1 24 ec a1 e5     .$ 2.r^"....$...
     234:	3d 27                                               ='

00000236 <pstr_nan>:
     236:	4e 41 4e                                            NAN

00000239 <pstr_inity>:
     239:	49 4e 49 54 59                                      INITY

0000023e <pstr_inf>:
     23e:	49 4e 46                                            INF

00000241 <pwr_m10>:
     241:	cd cc cc 3d 0a d7 23 3c 17 b7 d1 38 77 cc 2b 32     ...=..#<...8w.+2
     251:	95 95 e6 24 1f b1 4f 0a                             ...$..O.

00000259 <pwr_p10>:
     259:	00 00 20 41 00 00 c8 42 00 40 1c 46 20 bc be 4c     .. A...B.@.F ..L
     269:	ca 1b 0e 5a ae c5 9d 74 00                          ...Z...t.

00000272 <__ctors_end>:
     272:	11 24       	eor	r1, r1
     274:	1f be       	out	0x3f, r1	; 63
     276:	cf ef       	ldi	r28, 0xFF	; 255
     278:	d0 e4       	ldi	r29, 0x40	; 64
     27a:	de bf       	out	0x3e, r29	; 62
     27c:	cd bf       	out	0x3d, r28	; 61

0000027e <__do_copy_data>:
     27e:	12 e0       	ldi	r17, 0x02	; 2
     280:	a0 e0       	ldi	r26, 0x00	; 0
     282:	b1 e0       	ldi	r27, 0x01	; 1
     284:	ee e8       	ldi	r30, 0x8E	; 142
     286:	fc e9       	ldi	r31, 0x9C	; 156
     288:	00 e0       	ldi	r16, 0x00	; 0
     28a:	0b bf       	out	0x3b, r16	; 59
     28c:	02 c0       	rjmp	.+4      	; 0x292 <__do_copy_data+0x14>
     28e:	07 90       	elpm	r0, Z+
     290:	0d 92       	st	X+, r0
     292:	aa 3a       	cpi	r26, 0xAA	; 170
     294:	b1 07       	cpc	r27, r17
     296:	d9 f7       	brne	.-10     	; 0x28e <__do_copy_data+0x10>

00000298 <__do_clear_bss>:
     298:	25 e1       	ldi	r18, 0x15	; 21
     29a:	aa ea       	ldi	r26, 0xAA	; 170
     29c:	b2 e0       	ldi	r27, 0x02	; 2
     29e:	01 c0       	rjmp	.+2      	; 0x2a2 <.do_clear_bss_start>

000002a0 <.do_clear_bss_loop>:
     2a0:	1d 92       	st	X+, r1

000002a2 <.do_clear_bss_start>:
     2a2:	ac 38       	cpi	r26, 0x8C	; 140
     2a4:	b2 07       	cpc	r27, r18
     2a6:	e1 f7       	brne	.-8      	; 0x2a0 <.do_clear_bss_loop>
     2a8:	0e 94 07 31 	call	0x620e	; 0x620e <main>
     2ac:	0c 94 45 4e 	jmp	0x9c8a	; 0x9c8a <_exit>

000002b0 <__bad_interrupt>:
     2b0:	a7 ce       	rjmp	.-690    	; 0x0 <__vectors>

000002b2 <IV_MEAS__Get_Voc_Set_Optimum_Range>:
     2b2:	cf 93       	push	r28
     2b4:	df 93       	push	r29
     2b6:	80 91 ec 14 	lds	r24, 0x14EC	; 0x8014ec <Range_Status_A>
     2ba:	80 fd       	sbrc	r24, 0
     2bc:	0a c0       	rjmp	.+20     	; 0x2d2 <IV_MEAS__Get_Voc_Set_Optimum_Range+0x20>
     2be:	90 91 be 02 	lds	r25, 0x02BE	; 0x8002be <IV_Range_Volt_Last>
     2c2:	80 91 e5 14 	lds	r24, 0x14E5	; 0x8014e5 <Range_Volt_ID_Act>
     2c6:	89 17       	cp	r24, r25
     2c8:	20 f4       	brcc	.+8      	; 0x2d2 <IV_MEAS__Get_Voc_Set_Optimum_Range+0x20>
     2ca:	80 91 be 02 	lds	r24, 0x02BE	; 0x8002be <IV_Range_Volt_Last>
     2ce:	0e 94 fc 3f 	call	0x7ff8	; 0x7ff8 <SET_VOLTAGE_RANGE>
     2d2:	80 91 42 15 	lds	r24, 0x1542	; 0x801542 <Threshold_Volt_Over_Range+0x10>
     2d6:	90 91 43 15 	lds	r25, 0x1543	; 0x801543 <Threshold_Volt_Over_Range+0x11>
     2da:	a0 91 44 15 	lds	r26, 0x1544	; 0x801544 <Threshold_Volt_Over_Range+0x12>
     2de:	b0 91 45 15 	lds	r27, 0x1545	; 0x801545 <Threshold_Volt_Over_Range+0x13>
     2e2:	80 93 bd 14 	sts	0x14BD, r24	; 0x8014bd <PV_Volt_DAQ_New>
     2e6:	90 93 be 14 	sts	0x14BE, r25	; 0x8014be <PV_Volt_DAQ_New+0x1>
     2ea:	a0 93 bf 14 	sts	0x14BF, r26	; 0x8014bf <PV_Volt_DAQ_New+0x2>
     2ee:	b0 93 c0 14 	sts	0x14C0, r27	; 0x8014c0 <PV_Volt_DAQ_New+0x3>
     2f2:	60 91 bd 14 	lds	r22, 0x14BD	; 0x8014bd <PV_Volt_DAQ_New>
     2f6:	70 91 be 14 	lds	r23, 0x14BE	; 0x8014be <PV_Volt_DAQ_New+0x1>
     2fa:	80 91 bf 14 	lds	r24, 0x14BF	; 0x8014bf <PV_Volt_DAQ_New+0x2>
     2fe:	90 91 c0 14 	lds	r25, 0x14C0	; 0x8014c0 <PV_Volt_DAQ_New+0x3>
     302:	0e 94 d0 2d 	call	0x5ba0	; 0x5ba0 <Set_DAC_Output_Volts>
     306:	80 91 bf 02 	lds	r24, 0x02BF	; 0x8002bf <IV_Setup_Signal_Set_Time>
     30a:	90 91 c0 02 	lds	r25, 0x02C0	; 0x8002c0 <IV_Setup_Signal_Set_Time+0x1>
     30e:	a8 95       	wdr
     310:	00 97       	sbiw	r24, 0x00	; 0
     312:	49 f0       	breq	.+18     	; 0x326 <IV_MEAS__Get_Voc_Set_Optimum_Range+0x74>
     314:	ef e9       	ldi	r30, 0x9F	; 159
     316:	ff e0       	ldi	r31, 0x0F	; 15
     318:	31 97       	sbiw	r30, 0x01	; 1
     31a:	f1 f7       	brne	.-4      	; 0x318 <IV_MEAS__Get_Voc_Set_Optimum_Range+0x66>
     31c:	00 c0       	rjmp	.+0      	; 0x31e <IV_MEAS__Get_Voc_Set_Optimum_Range+0x6c>
     31e:	00 00       	nop
     320:	a8 95       	wdr
     322:	01 97       	sbiw	r24, 0x01	; 1
     324:	f5 cf       	rjmp	.-22     	; 0x310 <IV_MEAS__Get_Voc_Set_Optimum_Range+0x5e>
     326:	c6 e0       	ldi	r28, 0x06	; 6
     328:	c1 50       	subi	r28, 0x01	; 1
     32a:	19 f1       	breq	.+70     	; 0x372 <IV_MEAS__Get_Voc_Set_Optimum_Range+0xc0>
     32c:	0e 94 bb 2c 	call	0x5976	; 0x5976 <Meas_AI_Volt_Only>
     330:	80 91 ec 14 	lds	r24, 0x14EC	; 0x8014ec <Range_Status_A>
     334:	80 fd       	sbrc	r24, 0
     336:	1d c0       	rjmp	.+58     	; 0x372 <IV_MEAS__Get_Voc_Set_Optimum_Range+0xc0>
     338:	d0 91 e5 14 	lds	r29, 0x14E5	; 0x8014e5 <Range_Volt_ID_Act>
     33c:	10 92 30 15 	sts	0x1530, r1	; 0x801530 <Range_Volt_Switch_Freq_Counter+0x1>
     340:	10 92 2f 15 	sts	0x152F, r1	; 0x80152f <Range_Volt_Switch_Freq_Counter>
     344:	10 92 5b 15 	sts	0x155B, r1	; 0x80155b <Range_Volt_Switch_Delay_Counter>
     348:	0e 94 07 42 	call	0x840e	; 0x840e <Process_Voltage_Auto_Range>
     34c:	80 91 e5 14 	lds	r24, 0x14E5	; 0x8014e5 <Range_Volt_ID_Act>
     350:	d8 13       	cpse	r29, r24
     352:	05 c0       	rjmp	.+10     	; 0x35e <IV_MEAS__Get_Voc_Set_Optimum_Range+0xac>
     354:	80 91 e5 14 	lds	r24, 0x14E5	; 0x8014e5 <Range_Volt_ID_Act>
     358:	80 93 be 02 	sts	0x02BE, r24	; 0x8002be <IV_Range_Volt_Last>
     35c:	0a c0       	rjmp	.+20     	; 0x372 <IV_MEAS__Get_Voc_Set_Optimum_Range+0xc0>
     35e:	ff ef       	ldi	r31, 0xFF	; 255
     360:	20 e7       	ldi	r18, 0x70	; 112
     362:	82 e0       	ldi	r24, 0x02	; 2
     364:	f1 50       	subi	r31, 0x01	; 1
     366:	20 40       	sbci	r18, 0x00	; 0
     368:	80 40       	sbci	r24, 0x00	; 0
     36a:	e1 f7       	brne	.-8      	; 0x364 <IV_MEAS__Get_Voc_Set_Optimum_Range+0xb2>
     36c:	00 c0       	rjmp	.+0      	; 0x36e <IV_MEAS__Get_Voc_Set_Optimum_Range+0xbc>
     36e:	00 00       	nop
     370:	db cf       	rjmp	.-74     	; 0x328 <IV_MEAS__Get_Voc_Set_Optimum_Range+0x76>
     372:	60 91 97 10 	lds	r22, 0x1097	; 0x801097 <AI_Volt>
     376:	70 91 98 10 	lds	r23, 0x1098	; 0x801098 <AI_Volt+0x1>
     37a:	80 91 99 10 	lds	r24, 0x1099	; 0x801099 <AI_Volt+0x2>
     37e:	90 91 9a 10 	lds	r25, 0x109A	; 0x80109a <AI_Volt+0x3>
     382:	df 91       	pop	r29
     384:	cf 91       	pop	r28
     386:	08 95       	ret

00000388 <IV_MEAS__Get_Curr_Optimum_Range>:
     388:	cf 93       	push	r28
     38a:	df 93       	push	r29
     38c:	80 91 ec 14 	lds	r24, 0x14EC	; 0x8014ec <Range_Status_A>
     390:	81 fd       	sbrc	r24, 1
     392:	0a c0       	rjmp	.+20     	; 0x3a8 <IV_MEAS__Get_Curr_Optimum_Range+0x20>
     394:	90 91 a8 0a 	lds	r25, 0x0AA8	; 0x800aa8 <IV_Range_Curr_Last>
     398:	80 91 5c 15 	lds	r24, 0x155C	; 0x80155c <Range_Curr_ID_Act>
     39c:	89 17       	cp	r24, r25
     39e:	20 f4       	brcc	.+8      	; 0x3a8 <IV_MEAS__Get_Curr_Optimum_Range+0x20>
     3a0:	80 91 a8 0a 	lds	r24, 0x0AA8	; 0x800aa8 <IV_Range_Curr_Last>
     3a4:	0e 94 fa 40 	call	0x81f4	; 0x81f4 <SET_CURRENT_RANGE>
     3a8:	10 92 bd 14 	sts	0x14BD, r1	; 0x8014bd <PV_Volt_DAQ_New>
     3ac:	10 92 be 14 	sts	0x14BE, r1	; 0x8014be <PV_Volt_DAQ_New+0x1>
     3b0:	10 92 bf 14 	sts	0x14BF, r1	; 0x8014bf <PV_Volt_DAQ_New+0x2>
     3b4:	10 92 c0 14 	sts	0x14C0, r1	; 0x8014c0 <PV_Volt_DAQ_New+0x3>
     3b8:	60 91 bd 14 	lds	r22, 0x14BD	; 0x8014bd <PV_Volt_DAQ_New>
     3bc:	70 91 be 14 	lds	r23, 0x14BE	; 0x8014be <PV_Volt_DAQ_New+0x1>
     3c0:	80 91 bf 14 	lds	r24, 0x14BF	; 0x8014bf <PV_Volt_DAQ_New+0x2>
     3c4:	90 91 c0 14 	lds	r25, 0x14C0	; 0x8014c0 <PV_Volt_DAQ_New+0x3>
     3c8:	0e 94 d0 2d 	call	0x5ba0	; 0x5ba0 <Set_DAC_Output_Volts>
     3cc:	80 91 bf 02 	lds	r24, 0x02BF	; 0x8002bf <IV_Setup_Signal_Set_Time>
     3d0:	90 91 c0 02 	lds	r25, 0x02C0	; 0x8002c0 <IV_Setup_Signal_Set_Time+0x1>
     3d4:	a8 95       	wdr
     3d6:	00 97       	sbiw	r24, 0x00	; 0
     3d8:	49 f0       	breq	.+18     	; 0x3ec <IV_MEAS__Get_Curr_Optimum_Range+0x64>
     3da:	ef e9       	ldi	r30, 0x9F	; 159
     3dc:	ff e0       	ldi	r31, 0x0F	; 15
     3de:	31 97       	sbiw	r30, 0x01	; 1
     3e0:	f1 f7       	brne	.-4      	; 0x3de <IV_MEAS__Get_Curr_Optimum_Range+0x56>
     3e2:	00 c0       	rjmp	.+0      	; 0x3e4 <IV_MEAS__Get_Curr_Optimum_Range+0x5c>
     3e4:	00 00       	nop
     3e6:	a8 95       	wdr
     3e8:	01 97       	sbiw	r24, 0x01	; 1
     3ea:	f5 cf       	rjmp	.-22     	; 0x3d6 <IV_MEAS__Get_Curr_Optimum_Range+0x4e>
     3ec:	00 99       	sbic	0x00, 0	; 0
     3ee:	0b c0       	rjmp	.+22     	; 0x406 <__LOCK_REGION_LENGTH__+0x6>
     3f0:	0e 94 a6 3d 	call	0x7b4c	; 0x7b4c <Reset_Over_Current_Clamp>
     3f4:	ff ef       	ldi	r31, 0xFF	; 255
     3f6:	20 e7       	ldi	r18, 0x70	; 112
     3f8:	82 e0       	ldi	r24, 0x02	; 2
     3fa:	f1 50       	subi	r31, 0x01	; 1
     3fc:	20 40       	sbci	r18, 0x00	; 0
     3fe:	80 40       	sbci	r24, 0x00	; 0
     400:	e1 f7       	brne	.-8      	; 0x3fa <IV_MEAS__Get_Curr_Optimum_Range+0x72>
     402:	00 c0       	rjmp	.+0      	; 0x404 <__LOCK_REGION_LENGTH__+0x4>
     404:	00 00       	nop
     406:	c7 e0       	ldi	r28, 0x07	; 7
     408:	c1 50       	subi	r28, 0x01	; 1
     40a:	19 f1       	breq	.+70     	; 0x452 <__LOCK_REGION_LENGTH__+0x52>
     40c:	0e 94 3a 2d 	call	0x5a74	; 0x5a74 <Meas_AI_Curr_Only>
     410:	80 91 ec 14 	lds	r24, 0x14EC	; 0x8014ec <Range_Status_A>
     414:	81 fd       	sbrc	r24, 1
     416:	1d c0       	rjmp	.+58     	; 0x452 <__LOCK_REGION_LENGTH__+0x52>
     418:	d0 91 5c 15 	lds	r29, 0x155C	; 0x80155c <Range_Curr_ID_Act>
     41c:	10 92 eb 14 	sts	0x14EB, r1	; 0x8014eb <Range_Curr_Switch_Freq_Counter+0x1>
     420:	10 92 ea 14 	sts	0x14EA, r1	; 0x8014ea <Range_Curr_Switch_Freq_Counter>
     424:	10 92 5d 15 	sts	0x155D, r1	; 0x80155d <Range_Curr_Switch_Delay_Counter>
     428:	0e 94 4d 42 	call	0x849a	; 0x849a <Process_Current_Auto_Range>
     42c:	80 91 5c 15 	lds	r24, 0x155C	; 0x80155c <Range_Curr_ID_Act>
     430:	d8 13       	cpse	r29, r24
     432:	05 c0       	rjmp	.+10     	; 0x43e <__LOCK_REGION_LENGTH__+0x3e>
     434:	80 91 5c 15 	lds	r24, 0x155C	; 0x80155c <Range_Curr_ID_Act>
     438:	80 93 a8 0a 	sts	0x0AA8, r24	; 0x800aa8 <IV_Range_Curr_Last>
     43c:	0a c0       	rjmp	.+20     	; 0x452 <__LOCK_REGION_LENGTH__+0x52>
     43e:	9f ef       	ldi	r25, 0xFF	; 255
     440:	e0 e7       	ldi	r30, 0x70	; 112
     442:	f2 e0       	ldi	r31, 0x02	; 2
     444:	91 50       	subi	r25, 0x01	; 1
     446:	e0 40       	sbci	r30, 0x00	; 0
     448:	f0 40       	sbci	r31, 0x00	; 0
     44a:	e1 f7       	brne	.-8      	; 0x444 <__LOCK_REGION_LENGTH__+0x44>
     44c:	00 c0       	rjmp	.+0      	; 0x44e <__LOCK_REGION_LENGTH__+0x4e>
     44e:	00 00       	nop
     450:	db cf       	rjmp	.-74     	; 0x408 <__LOCK_REGION_LENGTH__+0x8>
     452:	df 91       	pop	r29
     454:	cf 91       	pop	r28
     456:	08 95       	ret

00000458 <PV_TRANS_MEAS>:
     458:	2f 92       	push	r2
     45a:	3f 92       	push	r3
     45c:	4f 92       	push	r4
     45e:	5f 92       	push	r5
     460:	6f 92       	push	r6
     462:	7f 92       	push	r7
     464:	8f 92       	push	r8
     466:	9f 92       	push	r9
     468:	af 92       	push	r10
     46a:	bf 92       	push	r11
     46c:	cf 92       	push	r12
     46e:	df 92       	push	r13
     470:	ef 92       	push	r14
     472:	ff 92       	push	r15
     474:	0f 93       	push	r16
     476:	1f 93       	push	r17
     478:	cf 93       	push	r28
     47a:	df 93       	push	r29
     47c:	00 d0       	rcall	.+0      	; 0x47e <PV_TRANS_MEAS+0x26>
     47e:	1f 92       	push	r1
     480:	cd b7       	in	r28, 0x3d	; 61
     482:	de b7       	in	r29, 0x3e	; 62
     484:	2d b7       	in	r18, 0x3d	; 61
     486:	3e b7       	in	r19, 0x3e	; 62
     488:	3b 83       	std	Y+3, r19	; 0x03
     48a:	2a 83       	std	Y+2, r18	; 0x02
     48c:	80 91 b7 06 	lds	r24, 0x06B7	; 0x8006b7 <IV_Meas_Points>
     490:	ed b7       	in	r30, 0x3d	; 61
     492:	fe b7       	in	r31, 0x3e	; 62
     494:	22 e0       	ldi	r18, 0x02	; 2
     496:	82 9f       	mul	r24, r18
     498:	e0 19       	sub	r30, r0
     49a:	f1 09       	sbc	r31, r1
     49c:	11 24       	eor	r1, r1
     49e:	0f b6       	in	r0, 0x3f	; 63
     4a0:	f8 94       	cli
     4a2:	fe bf       	out	0x3e, r31	; 62
     4a4:	0f be       	out	0x3f, r0	; 63
     4a6:	ed bf       	out	0x3d, r30	; 61
     4a8:	8d b7       	in	r24, 0x3d	; 61
     4aa:	9e b7       	in	r25, 0x3e	; 62
     4ac:	01 96       	adiw	r24, 0x01	; 1
     4ae:	7c 01       	movw	r14, r24
     4b0:	d0 90 e5 14 	lds	r13, 0x14E5	; 0x8014e5 <Range_Volt_ID_Act>
     4b4:	c0 90 5c 15 	lds	r12, 0x155C	; 0x80155c <Range_Curr_ID_Act>
     4b8:	40 90 97 14 	lds	r4, 0x1497	; 0x801497 <PV_Volt_DAC_ACT>
     4bc:	50 90 98 14 	lds	r5, 0x1498	; 0x801498 <PV_Volt_DAC_ACT+0x1>
     4c0:	60 90 99 14 	lds	r6, 0x1499	; 0x801499 <PV_Volt_DAC_ACT+0x2>
     4c4:	70 90 9a 14 	lds	r7, 0x149A	; 0x80149a <PV_Volt_DAC_ACT+0x3>
     4c8:	80 91 b8 02 	lds	r24, 0x02B8	; 0x8002b8 <IV_Point_Set_Delay_ms>
     4cc:	90 91 b9 02 	lds	r25, 0x02B9	; 0x8002b9 <IV_Point_Set_Delay_ms+0x1>
     4d0:	80 32       	cpi	r24, 0x20	; 32
     4d2:	9e 44       	sbci	r25, 0x4E	; 78
     4d4:	18 f0       	brcs	.+6      	; 0x4dc <PV_TRANS_MEAS+0x84>
     4d6:	80 e6       	ldi	r24, 0x60	; 96
     4d8:	9a ee       	ldi	r25, 0xEA	; 234
     4da:	0a c0       	rjmp	.+20     	; 0x4f0 <PV_TRANS_MEAS+0x98>
     4dc:	80 91 b8 02 	lds	r24, 0x02B8	; 0x8002b8 <IV_Point_Set_Delay_ms>
     4e0:	90 91 b9 02 	lds	r25, 0x02B9	; 0x8002b9 <IV_Point_Set_Delay_ms+0x1>
     4e4:	9c 01       	movw	r18, r24
     4e6:	22 0f       	add	r18, r18
     4e8:	33 1f       	adc	r19, r19
     4ea:	82 0f       	add	r24, r18
     4ec:	93 1f       	adc	r25, r19
     4ee:	c2 96       	adiw	r24, 0x32	; 50
     4f0:	90 93 c0 02 	sts	0x02C0, r25	; 0x8002c0 <IV_Setup_Signal_Set_Time+0x1>
     4f4:	80 93 bf 02 	sts	0x02BF, r24	; 0x8002bf <IV_Setup_Signal_Set_Time>
     4f8:	60 91 c2 02 	lds	r22, 0x02C2	; 0x8002c2 <Trs_Delay_us>
     4fc:	70 91 c3 02 	lds	r23, 0x02C3	; 0x8002c3 <Trs_Delay_us+0x1>
     500:	80 91 c4 02 	lds	r24, 0x02C4	; 0x8002c4 <Trs_Delay_us+0x2>
     504:	90 91 c5 02 	lds	r25, 0x02C5	; 0x8002c5 <Trs_Delay_us+0x3>
     508:	20 91 c7 02 	lds	r18, 0x02C7	; 0x8002c7 <Trs_Meas_Time_us>
     50c:	30 91 c8 02 	lds	r19, 0x02C8	; 0x8002c8 <Trs_Meas_Time_us+0x1>
     510:	40 91 c9 02 	lds	r20, 0x02C9	; 0x8002c9 <Trs_Meas_Time_us+0x2>
     514:	50 91 ca 02 	lds	r21, 0x02CA	; 0x8002ca <Trs_Meas_Time_us+0x3>
     518:	0e 94 04 47 	call	0x8e08	; 0x8e08 <__cmpsf2>
     51c:	18 16       	cp	r1, r24
     51e:	84 f0       	brlt	.+32     	; 0x540 <PV_TRANS_MEAS+0xe8>
     520:	80 91 c7 02 	lds	r24, 0x02C7	; 0x8002c7 <Trs_Meas_Time_us>
     524:	90 91 c8 02 	lds	r25, 0x02C8	; 0x8002c8 <Trs_Meas_Time_us+0x1>
     528:	a0 91 c9 02 	lds	r26, 0x02C9	; 0x8002c9 <Trs_Meas_Time_us+0x2>
     52c:	b0 91 ca 02 	lds	r27, 0x02CA	; 0x8002ca <Trs_Meas_Time_us+0x3>
     530:	80 93 c2 02 	sts	0x02C2, r24	; 0x8002c2 <Trs_Delay_us>
     534:	90 93 c3 02 	sts	0x02C3, r25	; 0x8002c3 <Trs_Delay_us+0x1>
     538:	a0 93 c4 02 	sts	0x02C4, r26	; 0x8002c4 <Trs_Delay_us+0x2>
     53c:	b0 93 c5 02 	sts	0x02C5, r27	; 0x8002c5 <Trs_Delay_us+0x3>
     540:	60 91 c2 02 	lds	r22, 0x02C2	; 0x8002c2 <Trs_Delay_us>
     544:	70 91 c3 02 	lds	r23, 0x02C3	; 0x8002c3 <Trs_Delay_us+0x1>
     548:	80 91 c4 02 	lds	r24, 0x02C4	; 0x8002c4 <Trs_Delay_us+0x2>
     54c:	90 91 c5 02 	lds	r25, 0x02C5	; 0x8002c5 <Trs_Delay_us+0x3>
     550:	20 91 c7 02 	lds	r18, 0x02C7	; 0x8002c7 <Trs_Meas_Time_us>
     554:	30 91 c8 02 	lds	r19, 0x02C8	; 0x8002c8 <Trs_Meas_Time_us+0x1>
     558:	40 91 c9 02 	lds	r20, 0x02C9	; 0x8002c9 <Trs_Meas_Time_us+0x2>
     55c:	50 91 ca 02 	lds	r21, 0x02CA	; 0x8002ca <Trs_Meas_Time_us+0x3>
     560:	80 90 b4 02 	lds	r8, 0x02B4	; 0x8002b4 <Trs_Delay_Res_us>
     564:	90 90 b5 02 	lds	r9, 0x02B5	; 0x8002b5 <Trs_Delay_Res_us+0x1>
     568:	a0 90 b6 02 	lds	r10, 0x02B6	; 0x8002b6 <Trs_Delay_Res_us+0x2>
     56c:	b0 90 b7 02 	lds	r11, 0x02B7	; 0x8002b7 <Trs_Delay_Res_us+0x3>
     570:	0e 94 9f 46 	call	0x8d3e	; 0x8d3e <__subsf3>
     574:	a5 01       	movw	r20, r10
     576:	94 01       	movw	r18, r8
     578:	0e 94 08 47 	call	0x8e10	; 0x8e10 <__divsf3>
     57c:	0e 94 c5 49 	call	0x938a	; 0x938a <round>
     580:	0e 94 a6 47 	call	0x8f4c	; 0x8f4c <__fixunssfsi>
     584:	69 83       	std	Y+1, r22	; 0x01
     586:	37 2e       	mov	r3, r23
     588:	80 91 ec 14 	lds	r24, 0x14EC	; 0x8014ec <Range_Status_A>
     58c:	80 fd       	sbrc	r24, 0
     58e:	2d c0       	rjmp	.+90     	; 0x5ea <PV_TRANS_MEAS+0x192>
     590:	10 92 30 15 	sts	0x1530, r1	; 0x801530 <Range_Volt_Switch_Freq_Counter+0x1>
     594:	10 92 2f 15 	sts	0x152F, r1	; 0x80152f <Range_Volt_Switch_Freq_Counter>
     598:	60 91 56 14 	lds	r22, 0x1456	; 0x801456 <PV_Volt_Setpoint>
     59c:	70 91 57 14 	lds	r23, 0x1457	; 0x801457 <PV_Volt_Setpoint+0x1>
     5a0:	80 91 58 14 	lds	r24, 0x1458	; 0x801458 <PV_Volt_Setpoint+0x2>
     5a4:	90 91 59 14 	lds	r25, 0x1459	; 0x801459 <PV_Volt_Setpoint+0x3>
     5a8:	20 91 b8 06 	lds	r18, 0x06B8	; 0x8006b8 <PV_Volt_Trs>
     5ac:	30 91 b9 06 	lds	r19, 0x06B9	; 0x8006b9 <PV_Volt_Trs+0x1>
     5b0:	40 91 ba 06 	lds	r20, 0x06BA	; 0x8006ba <PV_Volt_Trs+0x2>
     5b4:	50 91 bb 06 	lds	r21, 0x06BB	; 0x8006bb <PV_Volt_Trs+0x3>
     5b8:	0e 94 a9 48 	call	0x9152	; 0x9152 <__gesf2>
     5bc:	18 16       	cp	r1, r24
     5be:	4c f4       	brge	.+18     	; 0x5d2 <PV_TRANS_MEAS+0x17a>
     5c0:	60 91 56 14 	lds	r22, 0x1456	; 0x801456 <PV_Volt_Setpoint>
     5c4:	70 91 57 14 	lds	r23, 0x1457	; 0x801457 <PV_Volt_Setpoint+0x1>
     5c8:	80 91 58 14 	lds	r24, 0x1458	; 0x801458 <PV_Volt_Setpoint+0x2>
     5cc:	90 91 59 14 	lds	r25, 0x1459	; 0x801459 <PV_Volt_Setpoint+0x3>
     5d0:	08 c0       	rjmp	.+16     	; 0x5e2 <PV_TRANS_MEAS+0x18a>
     5d2:	60 91 b8 06 	lds	r22, 0x06B8	; 0x8006b8 <PV_Volt_Trs>
     5d6:	70 91 b9 06 	lds	r23, 0x06B9	; 0x8006b9 <PV_Volt_Trs+0x1>
     5da:	80 91 ba 06 	lds	r24, 0x06BA	; 0x8006ba <PV_Volt_Trs+0x2>
     5de:	90 91 bb 06 	lds	r25, 0x06BB	; 0x8006bb <PV_Volt_Trs+0x3>
     5e2:	0e 94 c0 3c 	call	0x7980	; 0x7980 <Get_Best_Voltage_Range_From_Value>
     5e6:	0e 94 fc 3f 	call	0x7ff8	; 0x7ff8 <SET_VOLTAGE_RANGE>
     5ea:	80 91 ec 14 	lds	r24, 0x14EC	; 0x8014ec <Range_Status_A>
     5ee:	81 ff       	sbrs	r24, 1
     5f0:	cb de       	rcall	.-618    	; 0x388 <IV_MEAS__Get_Curr_Optimum_Range>
     5f2:	60 91 56 14 	lds	r22, 0x1456	; 0x801456 <PV_Volt_Setpoint>
     5f6:	70 91 57 14 	lds	r23, 0x1457	; 0x801457 <PV_Volt_Setpoint+0x1>
     5fa:	80 91 58 14 	lds	r24, 0x1458	; 0x801458 <PV_Volt_Setpoint+0x2>
     5fe:	90 91 59 14 	lds	r25, 0x1459	; 0x801459 <PV_Volt_Setpoint+0x3>
     602:	0e 94 d0 2d 	call	0x5ba0	; 0x5ba0 <Set_DAC_Output_Volts>
     606:	13 98       	cbi	0x02, 3	; 2
     608:	12 98       	cbi	0x02, 2	; 2
     60a:	11 98       	cbi	0x02, 1	; 2
     60c:	80 91 bf 02 	lds	r24, 0x02BF	; 0x8002bf <IV_Setup_Signal_Set_Time>
     610:	90 91 c0 02 	lds	r25, 0x02C0	; 0x8002c0 <IV_Setup_Signal_Set_Time+0x1>
     614:	a8 95       	wdr
     616:	00 97       	sbiw	r24, 0x00	; 0
     618:	49 f0       	breq	.+18     	; 0x62c <PV_TRANS_MEAS+0x1d4>
     61a:	ef e9       	ldi	r30, 0x9F	; 159
     61c:	ff e0       	ldi	r31, 0x0F	; 15
     61e:	31 97       	sbiw	r30, 0x01	; 1
     620:	f1 f7       	brne	.-4      	; 0x61e <PV_TRANS_MEAS+0x1c6>
     622:	00 c0       	rjmp	.+0      	; 0x624 <PV_TRANS_MEAS+0x1cc>
     624:	00 00       	nop
     626:	a8 95       	wdr
     628:	01 97       	sbiw	r24, 0x01	; 1
     62a:	f5 cf       	rjmp	.-22     	; 0x616 <PV_TRANS_MEAS+0x1be>
     62c:	20 90 b7 06 	lds	r2, 0x06B7	; 0x8006b7 <IV_Meas_Points>
     630:	60 91 b8 06 	lds	r22, 0x06B8	; 0x8006b8 <PV_Volt_Trs>
     634:	70 91 b9 06 	lds	r23, 0x06B9	; 0x8006b9 <PV_Volt_Trs+0x1>
     638:	80 91 ba 06 	lds	r24, 0x06BA	; 0x8006ba <PV_Volt_Trs+0x2>
     63c:	90 91 bb 06 	lds	r25, 0x06BB	; 0x8006bb <PV_Volt_Trs+0x3>
     640:	0e 94 d0 2d 	call	0x5ba0	; 0x5ba0 <Set_DAC_Output_Volts>
     644:	57 01       	movw	r10, r14
     646:	87 01       	movw	r16, r14
     648:	22 20       	and	r2, r2
     64a:	71 f0       	breq	.+28     	; 0x668 <PV_TRANS_MEAS+0x210>
     64c:	0e 94 68 29 	call	0x52d0	; 0x52d0 <ADC_Convert_MAX11163>
     650:	f8 01       	movw	r30, r16
     652:	81 93       	st	Z+, r24
     654:	91 93       	st	Z+, r25
     656:	8f 01       	movw	r16, r30
     658:	2a 94       	dec	r2
     65a:	89 81       	ldd	r24, Y+1	; 0x01
     65c:	93 2d       	mov	r25, r3
     65e:	00 97       	sbiw	r24, 0x00	; 0
     660:	99 f3       	breq	.-26     	; 0x648 <PV_TRANS_MEAS+0x1f0>
     662:	01 97       	sbiw	r24, 0x01	; 1
     664:	00 00       	nop
     666:	fb cf       	rjmp	.-10     	; 0x65e <PV_TRANS_MEAS+0x206>
     668:	20 90 b7 06 	lds	r2, 0x06B7	; 0x8006b7 <IV_Meas_Points>
     66c:	22 20       	and	r2, r2
     66e:	d1 f0       	breq	.+52     	; 0x6a4 <PV_TRANS_MEAS+0x24c>
     670:	2a 94       	dec	r2
     672:	02 2d       	mov	r16, r2
     674:	10 e0       	ldi	r17, 0x00	; 0
     676:	f8 01       	movw	r30, r16
     678:	ee 0f       	add	r30, r30
     67a:	ff 1f       	adc	r31, r31
     67c:	ee 0d       	add	r30, r14
     67e:	ff 1d       	adc	r31, r15
     680:	60 81       	ld	r22, Z
     682:	71 81       	ldd	r23, Z+1	; 0x01
     684:	80 e0       	ldi	r24, 0x00	; 0
     686:	90 e0       	ldi	r25, 0x00	; 0
     688:	0e 94 d2 47 	call	0x8fa4	; 0x8fa4 <__floatunsisf>
     68c:	00 0f       	add	r16, r16
     68e:	11 1f       	adc	r17, r17
     690:	00 0f       	add	r16, r16
     692:	11 1f       	adc	r17, r17
     694:	f8 01       	movw	r30, r16
     696:	e3 55       	subi	r30, 0x53	; 83
     698:	f5 4f       	sbci	r31, 0xF5	; 245
     69a:	60 83       	st	Z, r22
     69c:	71 83       	std	Z+1, r23	; 0x01
     69e:	82 83       	std	Z+2, r24	; 0x02
     6a0:	93 83       	std	Z+3, r25	; 0x03
     6a2:	e4 cf       	rjmp	.-56     	; 0x66c <PV_TRANS_MEAS+0x214>
     6a4:	60 91 56 14 	lds	r22, 0x1456	; 0x801456 <PV_Volt_Setpoint>
     6a8:	70 91 57 14 	lds	r23, 0x1457	; 0x801457 <PV_Volt_Setpoint+0x1>
     6ac:	80 91 58 14 	lds	r24, 0x1458	; 0x801458 <PV_Volt_Setpoint+0x2>
     6b0:	90 91 59 14 	lds	r25, 0x1459	; 0x801459 <PV_Volt_Setpoint+0x3>
     6b4:	0e 94 d0 2d 	call	0x5ba0	; 0x5ba0 <Set_DAC_Output_Volts>
     6b8:	13 9a       	sbi	0x02, 3	; 2
     6ba:	12 98       	cbi	0x02, 2	; 2
     6bc:	11 98       	cbi	0x02, 1	; 2
     6be:	80 91 bf 02 	lds	r24, 0x02BF	; 0x8002bf <IV_Setup_Signal_Set_Time>
     6c2:	90 91 c0 02 	lds	r25, 0x02C0	; 0x8002c0 <IV_Setup_Signal_Set_Time+0x1>
     6c6:	a8 95       	wdr
     6c8:	00 97       	sbiw	r24, 0x00	; 0
     6ca:	49 f0       	breq	.+18     	; 0x6de <PV_TRANS_MEAS+0x286>
     6cc:	ef e9       	ldi	r30, 0x9F	; 159
     6ce:	ff e0       	ldi	r31, 0x0F	; 15
     6d0:	31 97       	sbiw	r30, 0x01	; 1
     6d2:	f1 f7       	brne	.-4      	; 0x6d0 <PV_TRANS_MEAS+0x278>
     6d4:	00 c0       	rjmp	.+0      	; 0x6d6 <PV_TRANS_MEAS+0x27e>
     6d6:	00 00       	nop
     6d8:	a8 95       	wdr
     6da:	01 97       	sbiw	r24, 0x01	; 1
     6dc:	f5 cf       	rjmp	.-22     	; 0x6c8 <PV_TRANS_MEAS+0x270>
     6de:	10 91 b7 06 	lds	r17, 0x06B7	; 0x8006b7 <IV_Meas_Points>
     6e2:	60 91 b8 06 	lds	r22, 0x06B8	; 0x8006b8 <PV_Volt_Trs>
     6e6:	70 91 b9 06 	lds	r23, 0x06B9	; 0x8006b9 <PV_Volt_Trs+0x1>
     6ea:	80 91 ba 06 	lds	r24, 0x06BA	; 0x8006ba <PV_Volt_Trs+0x2>
     6ee:	90 91 bb 06 	lds	r25, 0x06BB	; 0x8006bb <PV_Volt_Trs+0x3>
     6f2:	0e 94 d0 2d 	call	0x5ba0	; 0x5ba0 <Set_DAC_Output_Volts>
     6f6:	11 23       	and	r17, r17
     6f8:	71 f0       	breq	.+28     	; 0x716 <PV_TRANS_MEAS+0x2be>
     6fa:	0e 94 68 29 	call	0x52d0	; 0x52d0 <ADC_Convert_MAX11163>
     6fe:	f5 01       	movw	r30, r10
     700:	81 93       	st	Z+, r24
     702:	91 93       	st	Z+, r25
     704:	5f 01       	movw	r10, r30
     706:	11 50       	subi	r17, 0x01	; 1
     708:	89 81       	ldd	r24, Y+1	; 0x01
     70a:	93 2d       	mov	r25, r3
     70c:	00 97       	sbiw	r24, 0x00	; 0
     70e:	99 f3       	breq	.-26     	; 0x6f6 <PV_TRANS_MEAS+0x29e>
     710:	01 97       	sbiw	r24, 0x01	; 1
     712:	00 00       	nop
     714:	fb cf       	rjmp	.-10     	; 0x70c <PV_TRANS_MEAS+0x2b4>
     716:	b0 90 b7 06 	lds	r11, 0x06B7	; 0x8006b7 <IV_Meas_Points>
     71a:	bb 20       	and	r11, r11
     71c:	d1 f0       	breq	.+52     	; 0x752 <PV_TRANS_MEAS+0x2fa>
     71e:	ba 94       	dec	r11
     720:	0b 2d       	mov	r16, r11
     722:	10 e0       	ldi	r17, 0x00	; 0
     724:	f8 01       	movw	r30, r16
     726:	ee 0f       	add	r30, r30
     728:	ff 1f       	adc	r31, r31
     72a:	ee 0d       	add	r30, r14
     72c:	ff 1d       	adc	r31, r15
     72e:	60 81       	ld	r22, Z
     730:	71 81       	ldd	r23, Z+1	; 0x01
     732:	80 e0       	ldi	r24, 0x00	; 0
     734:	90 e0       	ldi	r25, 0x00	; 0
     736:	0e 94 d2 47 	call	0x8fa4	; 0x8fa4 <__floatunsisf>
     73a:	00 0f       	add	r16, r16
     73c:	11 1f       	adc	r17, r17
     73e:	00 0f       	add	r16, r16
     740:	11 1f       	adc	r17, r17
     742:	f8 01       	movw	r30, r16
     744:	e4 54       	subi	r30, 0x44	; 68
     746:	f9 4f       	sbci	r31, 0xF9	; 249
     748:	60 83       	st	Z, r22
     74a:	71 83       	std	Z+1, r23	; 0x01
     74c:	82 83       	std	Z+2, r24	; 0x02
     74e:	93 83       	std	Z+3, r25	; 0x03
     750:	e4 cf       	rjmp	.-56     	; 0x71a <PV_TRANS_MEAS+0x2c2>
     752:	80 91 2b 14 	lds	r24, 0x142B	; 0x80142b <SysControl>
     756:	8b 7f       	andi	r24, 0xFB	; 251
     758:	80 93 2b 14 	sts	0x142B, r24	; 0x80142b <SysControl>
     75c:	80 91 2a 14 	lds	r24, 0x142A	; 0x80142a <SysStatus_B>
     760:	82 60       	ori	r24, 0x02	; 2
     762:	80 93 2a 14 	sts	0x142A, r24	; 0x80142a <SysStatus_B>
     766:	60 91 97 14 	lds	r22, 0x1497	; 0x801497 <PV_Volt_DAC_ACT>
     76a:	70 91 98 14 	lds	r23, 0x1498	; 0x801498 <PV_Volt_DAC_ACT+0x1>
     76e:	80 91 99 14 	lds	r24, 0x1499	; 0x801499 <PV_Volt_DAC_ACT+0x2>
     772:	90 91 9a 14 	lds	r25, 0x149A	; 0x80149a <PV_Volt_DAC_ACT+0x3>
     776:	0e 94 d0 2d 	call	0x5ba0	; 0x5ba0 <Set_DAC_Output_Volts>
     77a:	80 91 5c 15 	lds	r24, 0x155C	; 0x80155c <Range_Curr_ID_Act>
     77e:	c8 16       	cp	r12, r24
     780:	39 f0       	breq	.+14     	; 0x790 <PV_TRANS_MEAS+0x338>
     782:	10 92 eb 14 	sts	0x14EB, r1	; 0x8014eb <Range_Curr_Switch_Freq_Counter+0x1>
     786:	10 92 ea 14 	sts	0x14EA, r1	; 0x8014ea <Range_Curr_Switch_Freq_Counter>
     78a:	8c 2d       	mov	r24, r12
     78c:	0e 94 fa 40 	call	0x81f4	; 0x81f4 <SET_CURRENT_RANGE>
     790:	80 91 e5 14 	lds	r24, 0x14E5	; 0x8014e5 <Range_Volt_ID_Act>
     794:	d8 16       	cp	r13, r24
     796:	39 f0       	breq	.+14     	; 0x7a6 <PV_TRANS_MEAS+0x34e>
     798:	10 92 30 15 	sts	0x1530, r1	; 0x801530 <Range_Volt_Switch_Freq_Counter+0x1>
     79c:	10 92 2f 15 	sts	0x152F, r1	; 0x80152f <Range_Volt_Switch_Freq_Counter>
     7a0:	8d 2d       	mov	r24, r13
     7a2:	0e 94 fc 3f 	call	0x7ff8	; 0x7ff8 <SET_VOLTAGE_RANGE>
     7a6:	c3 01       	movw	r24, r6
     7a8:	b2 01       	movw	r22, r4
     7aa:	0e 94 d0 2d 	call	0x5ba0	; 0x5ba0 <Set_DAC_Output_Volts>
     7ae:	13 98       	cbi	0x02, 3	; 2
     7b0:	12 98       	cbi	0x02, 2	; 2
     7b2:	11 98       	cbi	0x02, 1	; 2
     7b4:	80 91 bf 02 	lds	r24, 0x02BF	; 0x8002bf <IV_Setup_Signal_Set_Time>
     7b8:	90 91 c0 02 	lds	r25, 0x02C0	; 0x8002c0 <IV_Setup_Signal_Set_Time+0x1>
     7bc:	a8 95       	wdr
     7be:	00 97       	sbiw	r24, 0x00	; 0
     7c0:	49 f0       	breq	.+18     	; 0x7d4 <PV_TRANS_MEAS+0x37c>
     7c2:	ef e9       	ldi	r30, 0x9F	; 159
     7c4:	ff e0       	ldi	r31, 0x0F	; 15
     7c6:	31 97       	sbiw	r30, 0x01	; 1
     7c8:	f1 f7       	brne	.-4      	; 0x7c6 <PV_TRANS_MEAS+0x36e>
     7ca:	00 c0       	rjmp	.+0      	; 0x7cc <PV_TRANS_MEAS+0x374>
     7cc:	00 00       	nop
     7ce:	a8 95       	wdr
     7d0:	01 97       	sbiw	r24, 0x01	; 1
     7d2:	f5 cf       	rjmp	.-22     	; 0x7be <PV_TRANS_MEAS+0x366>
     7d4:	80 91 2a 14 	lds	r24, 0x142A	; 0x80142a <SysStatus_B>
     7d8:	8e 7f       	andi	r24, 0xFE	; 254
     7da:	80 93 2a 14 	sts	0x142A, r24	; 0x80142a <SysStatus_B>
     7de:	80 91 31 14 	lds	r24, 0x1431	; 0x801431 <Timer_CTR>
     7e2:	8e 7f       	andi	r24, 0xFE	; 254
     7e4:	80 93 31 14 	sts	0x1431, r24	; 0x801431 <Timer_CTR>
     7e8:	2a 81       	ldd	r18, Y+2	; 0x02
     7ea:	3b 81       	ldd	r19, Y+3	; 0x03
     7ec:	0f b6       	in	r0, 0x3f	; 63
     7ee:	f8 94       	cli
     7f0:	3e bf       	out	0x3e, r19	; 62
     7f2:	0f be       	out	0x3f, r0	; 63
     7f4:	2d bf       	out	0x3d, r18	; 61
     7f6:	0f 90       	pop	r0
     7f8:	0f 90       	pop	r0
     7fa:	0f 90       	pop	r0
     7fc:	df 91       	pop	r29
     7fe:	cf 91       	pop	r28
     800:	1f 91       	pop	r17
     802:	0f 91       	pop	r16
     804:	ff 90       	pop	r15
     806:	ef 90       	pop	r14
     808:	df 90       	pop	r13
     80a:	cf 90       	pop	r12
     80c:	bf 90       	pop	r11
     80e:	af 90       	pop	r10
     810:	9f 90       	pop	r9
     812:	8f 90       	pop	r8
     814:	7f 90       	pop	r7
     816:	6f 90       	pop	r6
     818:	5f 90       	pop	r5
     81a:	4f 90       	pop	r4
     81c:	3f 90       	pop	r3
     81e:	2f 90       	pop	r2
     820:	08 95       	ret

00000822 <IV_MEAS__Meas_Curr_Volt_Point>:
     822:	4f 92       	push	r4
     824:	5f 92       	push	r5
     826:	6f 92       	push	r6
     828:	7f 92       	push	r7
     82a:	8f 92       	push	r8
     82c:	9f 92       	push	r9
     82e:	af 92       	push	r10
     830:	bf 92       	push	r11
     832:	cf 92       	push	r12
     834:	df 92       	push	r13
     836:	ef 92       	push	r14
     838:	ff 92       	push	r15
     83a:	cf 93       	push	r28
     83c:	df 93       	push	r29
     83e:	cd b7       	in	r28, 0x3d	; 61
     840:	de b7       	in	r29, 0x3e	; 62
     842:	2c 97       	sbiw	r28, 0x0c	; 12
     844:	0f b6       	in	r0, 0x3f	; 63
     846:	f8 94       	cli
     848:	de bf       	out	0x3e, r29	; 62
     84a:	0f be       	out	0x3f, r0	; 63
     84c:	cd bf       	out	0x3d, r28	; 61
     84e:	69 87       	std	Y+9, r22	; 0x09
     850:	7a 87       	std	Y+10, r23	; 0x0a
     852:	8b 87       	std	Y+11, r24	; 0x0b
     854:	9c 87       	std	Y+12, r25	; 0x0c
     856:	29 01       	movw	r4, r18
     858:	3a 01       	movw	r6, r20
     85a:	80 91 c1 02 	lds	r24, 0x02C1	; 0x8002c1 <IV_Point_Meas_Nu_AVR_Sets>
     85e:	89 83       	std	Y+1, r24	; 0x01
     860:	81 2c       	mov	r8, r1
     862:	91 2c       	mov	r9, r1
     864:	54 01       	movw	r10, r8
     866:	c1 2c       	mov	r12, r1
     868:	d1 2c       	mov	r13, r1
     86a:	76 01       	movw	r14, r12
     86c:	a9 81       	ldd	r26, Y+1	; 0x01
     86e:	aa 23       	and	r26, r26
     870:	09 f4       	brne	.+2      	; 0x874 <IV_MEAS__Meas_Curr_Volt_Point+0x52>
     872:	4a c0       	rjmp	.+148    	; 0x908 <IV_MEAS__Meas_Curr_Volt_Point+0xe6>
     874:	13 98       	cbi	0x02, 3	; 2
     876:	12 98       	cbi	0x02, 2	; 2
     878:	11 98       	cbi	0x02, 1	; 2
     87a:	af e8       	ldi	r26, 0x8F	; 143
     87c:	b1 e0       	ldi	r27, 0x01	; 1
     87e:	11 97       	sbiw	r26, 0x01	; 1
     880:	f1 f7       	brne	.-4      	; 0x87e <IV_MEAS__Meas_Curr_Volt_Point+0x5c>
     882:	00 c0       	rjmp	.+0      	; 0x884 <IV_MEAS__Meas_Curr_Volt_Point+0x62>
     884:	00 00       	nop
     886:	80 91 b2 02 	lds	r24, 0x02B2	; 0x8002b2 <IV_Point_Meas_Nu_AVR_VoltCurr>
     88a:	90 e0       	ldi	r25, 0x00	; 0
     88c:	0e 94 ab 29 	call	0x5356	; 0x5356 <ADC_Convert_Avr_OLUL_MAX11163>
     890:	c6 0e       	add	r12, r22
     892:	d7 1e       	adc	r13, r23
     894:	e8 1e       	adc	r14, r24
     896:	f9 1e       	adc	r15, r25
     898:	80 91 03 14 	lds	r24, 0x1403	; 0x801403 <AI_Under_Load>
     89c:	88 23       	and	r24, r24
     89e:	21 f0       	breq	.+8      	; 0x8a8 <IV_MEAS__Meas_Curr_Volt_Point+0x86>
     8a0:	80 91 b3 02 	lds	r24, 0x02B3	; 0x8002b3 <IV_Report>
     8a4:	80 62       	ori	r24, 0x20	; 32
     8a6:	07 c0       	rjmp	.+14     	; 0x8b6 <IV_MEAS__Meas_Curr_Volt_Point+0x94>
     8a8:	80 91 92 10 	lds	r24, 0x1092	; 0x801092 <AI_Over_Load>
     8ac:	88 23       	and	r24, r24
     8ae:	29 f0       	breq	.+10     	; 0x8ba <IV_MEAS__Meas_Curr_Volt_Point+0x98>
     8b0:	80 91 b3 02 	lds	r24, 0x02B3	; 0x8002b3 <IV_Report>
     8b4:	80 61       	ori	r24, 0x10	; 16
     8b6:	80 93 b3 02 	sts	0x02B3, r24	; 0x8002b3 <IV_Report>
     8ba:	13 9a       	sbi	0x02, 3	; 2
     8bc:	12 98       	cbi	0x02, 2	; 2
     8be:	11 98       	cbi	0x02, 1	; 2
     8c0:	8f e8       	ldi	r24, 0x8F	; 143
     8c2:	91 e0       	ldi	r25, 0x01	; 1
     8c4:	01 97       	sbiw	r24, 0x01	; 1
     8c6:	f1 f7       	brne	.-4      	; 0x8c4 <IV_MEAS__Meas_Curr_Volt_Point+0xa2>
     8c8:	00 c0       	rjmp	.+0      	; 0x8ca <IV_MEAS__Meas_Curr_Volt_Point+0xa8>
     8ca:	00 00       	nop
     8cc:	80 91 b2 02 	lds	r24, 0x02B2	; 0x8002b2 <IV_Point_Meas_Nu_AVR_VoltCurr>
     8d0:	90 e0       	ldi	r25, 0x00	; 0
     8d2:	0e 94 ab 29 	call	0x5356	; 0x5356 <ADC_Convert_Avr_OLUL_MAX11163>
     8d6:	86 0e       	add	r8, r22
     8d8:	97 1e       	adc	r9, r23
     8da:	a8 1e       	adc	r10, r24
     8dc:	b9 1e       	adc	r11, r25
     8de:	80 91 03 14 	lds	r24, 0x1403	; 0x801403 <AI_Under_Load>
     8e2:	88 23       	and	r24, r24
     8e4:	21 f0       	breq	.+8      	; 0x8ee <IV_MEAS__Meas_Curr_Volt_Point+0xcc>
     8e6:	80 91 b3 02 	lds	r24, 0x02B3	; 0x8002b3 <IV_Report>
     8ea:	80 68       	ori	r24, 0x80	; 128
     8ec:	07 c0       	rjmp	.+14     	; 0x8fc <IV_MEAS__Meas_Curr_Volt_Point+0xda>
     8ee:	80 91 92 10 	lds	r24, 0x1092	; 0x801092 <AI_Over_Load>
     8f2:	88 23       	and	r24, r24
     8f4:	29 f0       	breq	.+10     	; 0x900 <IV_MEAS__Meas_Curr_Volt_Point+0xde>
     8f6:	80 91 b3 02 	lds	r24, 0x02B3	; 0x8002b3 <IV_Report>
     8fa:	80 64       	ori	r24, 0x40	; 64
     8fc:	80 93 b3 02 	sts	0x02B3, r24	; 0x8002b3 <IV_Report>
     900:	99 81       	ldd	r25, Y+1	; 0x01
     902:	91 50       	subi	r25, 0x01	; 1
     904:	99 83       	std	Y+1, r25	; 0x01
     906:	b2 cf       	rjmp	.-156    	; 0x86c <IV_MEAS__Meas_Curr_Volt_Point+0x4a>
     908:	80 91 c6 02 	lds	r24, 0x02C6	; 0x8002c6 <IV_Mode>
     90c:	81 ff       	sbrs	r24, 1
     90e:	23 c0       	rjmp	.+70     	; 0x956 <IV_MEAS__Meas_Curr_Volt_Point+0x134>
     910:	13 98       	cbi	0x02, 3	; 2
     912:	12 98       	cbi	0x02, 2	; 2
     914:	11 98       	cbi	0x02, 1	; 2
     916:	8f e8       	ldi	r24, 0x8F	; 143
     918:	91 e0       	ldi	r25, 0x01	; 1
     91a:	01 97       	sbiw	r24, 0x01	; 1
     91c:	f1 f7       	brne	.-4      	; 0x91a <IV_MEAS__Meas_Curr_Volt_Point+0xf8>
     91e:	00 c0       	rjmp	.+0      	; 0x920 <IV_MEAS__Meas_Curr_Volt_Point+0xfe>
     920:	00 00       	nop
     922:	80 91 b2 02 	lds	r24, 0x02B2	; 0x8002b2 <IV_Point_Meas_Nu_AVR_VoltCurr>
     926:	90 e0       	ldi	r25, 0x00	; 0
     928:	0e 94 ab 29 	call	0x5356	; 0x5356 <ADC_Convert_Avr_OLUL_MAX11163>
     92c:	c6 0e       	add	r12, r22
     92e:	d7 1e       	adc	r13, r23
     930:	e8 1e       	adc	r14, r24
     932:	f9 1e       	adc	r15, r25
     934:	80 91 03 14 	lds	r24, 0x1403	; 0x801403 <AI_Under_Load>
     938:	88 23       	and	r24, r24
     93a:	21 f0       	breq	.+8      	; 0x944 <IV_MEAS__Meas_Curr_Volt_Point+0x122>
     93c:	80 91 ec 14 	lds	r24, 0x14EC	; 0x8014ec <Range_Status_A>
     940:	80 62       	ori	r24, 0x20	; 32
     942:	07 c0       	rjmp	.+14     	; 0x952 <IV_MEAS__Meas_Curr_Volt_Point+0x130>
     944:	80 91 92 10 	lds	r24, 0x1092	; 0x801092 <AI_Over_Load>
     948:	88 23       	and	r24, r24
     94a:	29 f0       	breq	.+10     	; 0x956 <IV_MEAS__Meas_Curr_Volt_Point+0x134>
     94c:	80 91 ec 14 	lds	r24, 0x14EC	; 0x8014ec <Range_Status_A>
     950:	80 61       	ori	r24, 0x10	; 16
     952:	80 93 ec 14 	sts	0x14EC, r24	; 0x8014ec <Range_Status_A>
     956:	80 91 64 15 	lds	r24, 0x1564	; 0x801564 <AI_Volt_Offset>
     95a:	90 91 65 15 	lds	r25, 0x1565	; 0x801565 <AI_Volt_Offset+0x1>
     95e:	a0 91 66 15 	lds	r26, 0x1566	; 0x801566 <AI_Volt_Offset+0x2>
     962:	b0 91 67 15 	lds	r27, 0x1567	; 0x801567 <AI_Volt_Offset+0x3>
     966:	89 83       	std	Y+1, r24	; 0x01
     968:	9a 83       	std	Y+2, r25	; 0x02
     96a:	ab 83       	std	Y+3, r26	; 0x03
     96c:	bc 83       	std	Y+4, r27	; 0x04
     96e:	80 91 13 15 	lds	r24, 0x1513	; 0x801513 <AI_Volt_Scale>
     972:	90 91 14 15 	lds	r25, 0x1514	; 0x801514 <AI_Volt_Scale+0x1>
     976:	a0 91 15 15 	lds	r26, 0x1515	; 0x801515 <AI_Volt_Scale+0x2>
     97a:	b0 91 16 15 	lds	r27, 0x1516	; 0x801516 <AI_Volt_Scale+0x3>
     97e:	8d 83       	std	Y+5, r24	; 0x05
     980:	9e 83       	std	Y+6, r25	; 0x06
     982:	af 83       	std	Y+7, r26	; 0x07
     984:	b8 87       	std	Y+8, r27	; 0x08
     986:	c7 01       	movw	r24, r14
     988:	b6 01       	movw	r22, r12
     98a:	0e 94 d2 47 	call	0x8fa4	; 0x8fa4 <__floatunsisf>
     98e:	29 85       	ldd	r18, Y+9	; 0x09
     990:	3a 85       	ldd	r19, Y+10	; 0x0a
     992:	4b 85       	ldd	r20, Y+11	; 0x0b
     994:	5c 85       	ldd	r21, Y+12	; 0x0c
     996:	0e 94 62 49 	call	0x92c4	; 0x92c4 <__mulsf3>
     99a:	29 81       	ldd	r18, Y+1	; 0x01
     99c:	3a 81       	ldd	r19, Y+2	; 0x02
     99e:	4b 81       	ldd	r20, Y+3	; 0x03
     9a0:	5c 81       	ldd	r21, Y+4	; 0x04
     9a2:	0e 94 a0 46 	call	0x8d40	; 0x8d40 <__addsf3>
     9a6:	2d 81       	ldd	r18, Y+5	; 0x05
     9a8:	3e 81       	ldd	r19, Y+6	; 0x06
     9aa:	4f 81       	ldd	r20, Y+7	; 0x07
     9ac:	58 85       	ldd	r21, Y+8	; 0x08
     9ae:	0e 94 62 49 	call	0x92c4	; 0x92c4 <__mulsf3>
     9b2:	60 93 97 10 	sts	0x1097, r22	; 0x801097 <AI_Volt>
     9b6:	70 93 98 10 	sts	0x1098, r23	; 0x801098 <AI_Volt+0x1>
     9ba:	80 93 99 10 	sts	0x1099, r24	; 0x801099 <AI_Volt+0x2>
     9be:	90 93 9a 10 	sts	0x109A, r25	; 0x80109a <AI_Volt+0x3>
     9c2:	c0 90 e0 14 	lds	r12, 0x14E0	; 0x8014e0 <AI_Curr_Offset>
     9c6:	d0 90 e1 14 	lds	r13, 0x14E1	; 0x8014e1 <AI_Curr_Offset+0x1>
     9ca:	e0 90 e2 14 	lds	r14, 0x14E2	; 0x8014e2 <AI_Curr_Offset+0x2>
     9ce:	f0 90 e3 14 	lds	r15, 0x14E3	; 0x8014e3 <AI_Curr_Offset+0x3>
     9d2:	80 91 dc 14 	lds	r24, 0x14DC	; 0x8014dc <AI_Curr_Scale>
     9d6:	90 91 dd 14 	lds	r25, 0x14DD	; 0x8014dd <AI_Curr_Scale+0x1>
     9da:	a0 91 de 14 	lds	r26, 0x14DE	; 0x8014de <AI_Curr_Scale+0x2>
     9de:	b0 91 df 14 	lds	r27, 0x14DF	; 0x8014df <AI_Curr_Scale+0x3>
     9e2:	89 83       	std	Y+1, r24	; 0x01
     9e4:	9a 83       	std	Y+2, r25	; 0x02
     9e6:	ab 83       	std	Y+3, r26	; 0x03
     9e8:	bc 83       	std	Y+4, r27	; 0x04
     9ea:	c5 01       	movw	r24, r10
     9ec:	b4 01       	movw	r22, r8
     9ee:	0e 94 d2 47 	call	0x8fa4	; 0x8fa4 <__floatunsisf>
     9f2:	a3 01       	movw	r20, r6
     9f4:	92 01       	movw	r18, r4
     9f6:	0e 94 62 49 	call	0x92c4	; 0x92c4 <__mulsf3>
     9fa:	a7 01       	movw	r20, r14
     9fc:	96 01       	movw	r18, r12
     9fe:	0e 94 a0 46 	call	0x8d40	; 0x8d40 <__addsf3>
     a02:	29 81       	ldd	r18, Y+1	; 0x01
     a04:	3a 81       	ldd	r19, Y+2	; 0x02
     a06:	4b 81       	ldd	r20, Y+3	; 0x03
     a08:	5c 81       	ldd	r21, Y+4	; 0x04
     a0a:	0e 94 62 49 	call	0x92c4	; 0x92c4 <__mulsf3>
     a0e:	60 93 4e 12 	sts	0x124E, r22	; 0x80124e <AI_Curr>
     a12:	70 93 4f 12 	sts	0x124F, r23	; 0x80124f <AI_Curr+0x1>
     a16:	80 93 50 12 	sts	0x1250, r24	; 0x801250 <AI_Curr+0x2>
     a1a:	90 93 51 12 	sts	0x1251, r25	; 0x801251 <AI_Curr+0x3>
     a1e:	60 91 97 10 	lds	r22, 0x1097	; 0x801097 <AI_Volt>
     a22:	70 91 98 10 	lds	r23, 0x1098	; 0x801098 <AI_Volt+0x1>
     a26:	80 91 99 10 	lds	r24, 0x1099	; 0x801099 <AI_Volt+0x2>
     a2a:	90 91 9a 10 	lds	r25, 0x109A	; 0x80109a <AI_Volt+0x3>
     a2e:	20 91 08 15 	lds	r18, 0x1508	; 0x801508 <AI_Volt_R_Leak>
     a32:	30 91 09 15 	lds	r19, 0x1509	; 0x801509 <AI_Volt_R_Leak+0x1>
     a36:	40 91 0a 15 	lds	r20, 0x150A	; 0x80150a <AI_Volt_R_Leak+0x2>
     a3a:	50 91 0b 15 	lds	r21, 0x150B	; 0x80150b <AI_Volt_R_Leak+0x3>
     a3e:	c0 90 4e 12 	lds	r12, 0x124E	; 0x80124e <AI_Curr>
     a42:	d0 90 4f 12 	lds	r13, 0x124F	; 0x80124f <AI_Curr+0x1>
     a46:	e0 90 50 12 	lds	r14, 0x1250	; 0x801250 <AI_Curr+0x2>
     a4a:	f0 90 51 12 	lds	r15, 0x1251	; 0x801251 <AI_Curr+0x3>
     a4e:	0e 94 62 49 	call	0x92c4	; 0x92c4 <__mulsf3>
     a52:	a7 01       	movw	r20, r14
     a54:	96 01       	movw	r18, r12
     a56:	0e 94 a0 46 	call	0x8d40	; 0x8d40 <__addsf3>
     a5a:	60 93 49 12 	sts	0x1249, r22	; 0x801249 <AI_Curr_Corr>
     a5e:	70 93 4a 12 	sts	0x124A, r23	; 0x80124a <AI_Curr_Corr+0x1>
     a62:	80 93 4b 12 	sts	0x124B, r24	; 0x80124b <AI_Curr_Corr+0x2>
     a66:	90 93 4c 12 	sts	0x124C, r25	; 0x80124c <AI_Curr_Corr+0x3>
     a6a:	2c 96       	adiw	r28, 0x0c	; 12
     a6c:	0f b6       	in	r0, 0x3f	; 63
     a6e:	f8 94       	cli
     a70:	de bf       	out	0x3e, r29	; 62
     a72:	0f be       	out	0x3f, r0	; 63
     a74:	cd bf       	out	0x3d, r28	; 61
     a76:	df 91       	pop	r29
     a78:	cf 91       	pop	r28
     a7a:	ff 90       	pop	r15
     a7c:	ef 90       	pop	r14
     a7e:	df 90       	pop	r13
     a80:	cf 90       	pop	r12
     a82:	bf 90       	pop	r11
     a84:	af 90       	pop	r10
     a86:	9f 90       	pop	r9
     a88:	8f 90       	pop	r8
     a8a:	7f 90       	pop	r7
     a8c:	6f 90       	pop	r6
     a8e:	5f 90       	pop	r5
     a90:	4f 90       	pop	r4
     a92:	08 95       	ret

00000a94 <get_DAC_Volt_at_Pmax_from_IV>:
     a94:	5f 92       	push	r5
     a96:	6f 92       	push	r6
     a98:	7f 92       	push	r7
     a9a:	8f 92       	push	r8
     a9c:	9f 92       	push	r9
     a9e:	af 92       	push	r10
     aa0:	bf 92       	push	r11
     aa2:	cf 92       	push	r12
     aa4:	df 92       	push	r13
     aa6:	ef 92       	push	r14
     aa8:	ff 92       	push	r15
     aaa:	0f 93       	push	r16
     aac:	1f 93       	push	r17
     aae:	cf 93       	push	r28
     ab0:	df 93       	push	r29
     ab2:	c0 91 b7 06 	lds	r28, 0x06B7	; 0x8006b7 <IV_Meas_Points>
     ab6:	d0 e0       	ldi	r29, 0x00	; 0
     ab8:	10 e0       	ldi	r17, 0x00	; 0
     aba:	00 e0       	ldi	r16, 0x00	; 0
     abc:	91 2c       	mov	r9, r1
     abe:	c1 2c       	mov	r12, r1
     ac0:	d1 2c       	mov	r13, r1
     ac2:	76 01       	movw	r14, r12
     ac4:	cc 23       	and	r28, r28
     ac6:	81 f1       	breq	.+96     	; 0xb28 <get_DAC_Volt_at_Pmax_from_IV+0x94>
     ac8:	c1 50       	subi	r28, 0x01	; 1
     aca:	84 e0       	ldi	r24, 0x04	; 4
     acc:	c8 9f       	mul	r28, r24
     ace:	90 01       	movw	r18, r0
     ad0:	11 24       	eor	r1, r1
     ad2:	f9 01       	movw	r30, r18
     ad4:	e3 55       	subi	r30, 0x53	; 83
     ad6:	f5 4f       	sbci	r31, 0xF5	; 245
     ad8:	5f 01       	movw	r10, r30
     ada:	60 81       	ld	r22, Z
     adc:	71 81       	ldd	r23, Z+1	; 0x01
     ade:	82 81       	ldd	r24, Z+2	; 0x02
     ae0:	93 81       	ldd	r25, Z+3	; 0x03
     ae2:	f9 01       	movw	r30, r18
     ae4:	e4 54       	subi	r30, 0x44	; 68
     ae6:	f9 4f       	sbci	r31, 0xF9	; 249
     ae8:	20 81       	ld	r18, Z
     aea:	31 81       	ldd	r19, Z+1	; 0x01
     aec:	42 81       	ldd	r20, Z+2	; 0x02
     aee:	53 81       	ldd	r21, Z+3	; 0x03
     af0:	0e 94 62 49 	call	0x92c4	; 0x92c4 <__mulsf3>
     af4:	56 2e       	mov	r5, r22
     af6:	67 2e       	mov	r6, r23
     af8:	78 2e       	mov	r7, r24
     afa:	89 2e       	mov	r8, r25
     afc:	26 2f       	mov	r18, r22
     afe:	37 2f       	mov	r19, r23
     b00:	48 2f       	mov	r20, r24
     b02:	59 2f       	mov	r21, r25
     b04:	6d 2f       	mov	r22, r29
     b06:	71 2f       	mov	r23, r17
     b08:	80 2f       	mov	r24, r16
     b0a:	99 2d       	mov	r25, r9
     b0c:	0e 94 04 47 	call	0x8e08	; 0x8e08 <__cmpsf2>
     b10:	87 ff       	sbrs	r24, 7
     b12:	d8 cf       	rjmp	.-80     	; 0xac4 <get_DAC_Volt_at_Pmax_from_IV+0x30>
     b14:	f5 01       	movw	r30, r10
     b16:	c0 80       	ld	r12, Z
     b18:	d1 80       	ldd	r13, Z+1	; 0x01
     b1a:	e2 80       	ldd	r14, Z+2	; 0x02
     b1c:	f3 80       	ldd	r15, Z+3	; 0x03
     b1e:	d5 2d       	mov	r29, r5
     b20:	16 2d       	mov	r17, r6
     b22:	07 2d       	mov	r16, r7
     b24:	98 2c       	mov	r9, r8
     b26:	ce cf       	rjmp	.-100    	; 0xac4 <get_DAC_Volt_at_Pmax_from_IV+0x30>
     b28:	c7 01       	movw	r24, r14
     b2a:	b6 01       	movw	r22, r12
     b2c:	df 91       	pop	r29
     b2e:	cf 91       	pop	r28
     b30:	1f 91       	pop	r17
     b32:	0f 91       	pop	r16
     b34:	ff 90       	pop	r15
     b36:	ef 90       	pop	r14
     b38:	df 90       	pop	r13
     b3a:	cf 90       	pop	r12
     b3c:	bf 90       	pop	r11
     b3e:	af 90       	pop	r10
     b40:	9f 90       	pop	r9
     b42:	8f 90       	pop	r8
     b44:	7f 90       	pop	r7
     b46:	6f 90       	pop	r6
     b48:	5f 90       	pop	r5
     b4a:	08 95       	ret

00000b4c <meas_NTC1_Temp_control_fan_over_Temp>:
     b4c:	cf 92       	push	r12
     b4e:	df 92       	push	r13
     b50:	ef 92       	push	r14
     b52:	ff 92       	push	r15
     b54:	13 9a       	sbi	0x02, 3	; 2
     b56:	12 98       	cbi	0x02, 2	; 2
     b58:	11 9a       	sbi	0x02, 1	; 2
     b5a:	8f e8       	ldi	r24, 0x8F	; 143
     b5c:	91 e0       	ldi	r25, 0x01	; 1
     b5e:	01 97       	sbiw	r24, 0x01	; 1
     b60:	f1 f7       	brne	.-4      	; 0xb5e <meas_NTC1_Temp_control_fan_over_Temp+0x12>
     b62:	00 c0       	rjmp	.+0      	; 0xb64 <meas_NTC1_Temp_control_fan_over_Temp+0x18>
     b64:	00 00       	nop
     b66:	84 e1       	ldi	r24, 0x14	; 20
     b68:	90 e0       	ldi	r25, 0x00	; 0
     b6a:	0e 94 7c 29 	call	0x52f8	; 0x52f8 <ADC_Convert_Avr_MAX11163>
     b6e:	13 9a       	sbi	0x02, 3	; 2
     b70:	12 9a       	sbi	0x02, 2	; 2
     b72:	11 9a       	sbi	0x02, 1	; 2
     b74:	0e 94 d2 47 	call	0x8fa4	; 0x8fa4 <__floatunsisf>
     b78:	2d ec       	ldi	r18, 0xCD	; 205
     b7a:	3c ec       	ldi	r19, 0xCC	; 204
     b7c:	4c e4       	ldi	r20, 0x4C	; 76
     b7e:	5d e3       	ldi	r21, 0x3D	; 61
     b80:	0e 94 62 49 	call	0x92c4	; 0x92c4 <__mulsf3>
     b84:	20 91 19 14 	lds	r18, 0x1419	; 0x801419 <CAL_NTC_1_InvGain>
     b88:	30 91 1a 14 	lds	r19, 0x141A	; 0x80141a <CAL_NTC_1_InvGain+0x1>
     b8c:	40 91 1b 14 	lds	r20, 0x141B	; 0x80141b <CAL_NTC_1_InvGain+0x2>
     b90:	50 91 1c 14 	lds	r21, 0x141C	; 0x80141c <CAL_NTC_1_InvGain+0x3>
     b94:	0e 94 62 49 	call	0x92c4	; 0x92c4 <__mulsf3>
     b98:	6b 01       	movw	r12, r22
     b9a:	7c 01       	movw	r14, r24
     b9c:	9b 01       	movw	r18, r22
     b9e:	ac 01       	movw	r20, r24
     ba0:	60 e0       	ldi	r22, 0x00	; 0
     ba2:	70 e0       	ldi	r23, 0x00	; 0
     ba4:	80 e8       	ldi	r24, 0x80	; 128
     ba6:	97 e4       	ldi	r25, 0x47	; 71
     ba8:	0e 94 9f 46 	call	0x8d3e	; 0x8d3e <__subsf3>
     bac:	9b 01       	movw	r18, r22
     bae:	ac 01       	movw	r20, r24
     bb0:	c7 01       	movw	r24, r14
     bb2:	b6 01       	movw	r22, r12
     bb4:	0e 94 08 47 	call	0x8e10	; 0x8e10 <__divsf3>
     bb8:	20 91 0c 14 	lds	r18, 0x140C	; 0x80140c <CAL_NTC_1_RSer>
     bbc:	30 91 0d 14 	lds	r19, 0x140D	; 0x80140d <CAL_NTC_1_RSer+0x1>
     bc0:	40 91 0e 14 	lds	r20, 0x140E	; 0x80140e <CAL_NTC_1_RSer+0x2>
     bc4:	50 91 0f 14 	lds	r21, 0x140F	; 0x80140f <CAL_NTC_1_RSer+0x3>
     bc8:	c0 90 8e 10 	lds	r12, 0x108E	; 0x80108e <CAL_NTC_1_InvR25>
     bcc:	d0 90 8f 10 	lds	r13, 0x108F	; 0x80108f <CAL_NTC_1_InvR25+0x1>
     bd0:	e0 90 90 10 	lds	r14, 0x1090	; 0x801090 <CAL_NTC_1_InvR25+0x2>
     bd4:	f0 90 91 10 	lds	r15, 0x1091	; 0x801091 <CAL_NTC_1_InvR25+0x3>
     bd8:	0e 94 62 49 	call	0x92c4	; 0x92c4 <__mulsf3>
     bdc:	a7 01       	movw	r20, r14
     bde:	96 01       	movw	r18, r12
     be0:	0e 94 62 49 	call	0x92c4	; 0x92c4 <__mulsf3>
     be4:	0e 94 ef 48 	call	0x91de	; 0x91de <log>
     be8:	20 91 04 14 	lds	r18, 0x1404	; 0x801404 <CAL_NTC_1_InvBeta>
     bec:	30 91 05 14 	lds	r19, 0x1405	; 0x801405 <CAL_NTC_1_InvBeta+0x1>
     bf0:	40 91 06 14 	lds	r20, 0x1406	; 0x801406 <CAL_NTC_1_InvBeta+0x2>
     bf4:	50 91 07 14 	lds	r21, 0x1407	; 0x801407 <CAL_NTC_1_InvBeta+0x3>
     bf8:	0e 94 62 49 	call	0x92c4	; 0x92c4 <__mulsf3>
     bfc:	2e e1       	ldi	r18, 0x1E	; 30
     bfe:	3f ec       	ldi	r19, 0xCF	; 207
     c00:	4b e5       	ldi	r20, 0x5B	; 91
     c02:	5b e3       	ldi	r21, 0x3B	; 59
     c04:	0e 94 a0 46 	call	0x8d40	; 0x8d40 <__addsf3>
     c08:	9b 01       	movw	r18, r22
     c0a:	ac 01       	movw	r20, r24
     c0c:	60 e0       	ldi	r22, 0x00	; 0
     c0e:	70 e0       	ldi	r23, 0x00	; 0
     c10:	80 e8       	ldi	r24, 0x80	; 128
     c12:	9f e3       	ldi	r25, 0x3F	; 63
     c14:	0e 94 08 47 	call	0x8e10	; 0x8e10 <__divsf3>
     c18:	23 e3       	ldi	r18, 0x33	; 51
     c1a:	33 e9       	ldi	r19, 0x93	; 147
     c1c:	48 e8       	ldi	r20, 0x88	; 136
     c1e:	53 e4       	ldi	r21, 0x43	; 67
     c20:	0e 94 9f 46 	call	0x8d3e	; 0x8d3e <__subsf3>
     c24:	60 93 a7 10 	sts	0x10A7, r22	; 0x8010a7 <AI_NTC_Temp_1>
     c28:	70 93 a8 10 	sts	0x10A8, r23	; 0x8010a8 <AI_NTC_Temp_1+0x1>
     c2c:	80 93 a9 10 	sts	0x10A9, r24	; 0x8010a9 <AI_NTC_Temp_1+0x2>
     c30:	90 93 aa 10 	sts	0x10AA, r25	; 0x8010aa <AI_NTC_Temp_1+0x3>
     c34:	80 91 cb 14 	lds	r24, 0x14CB	; 0x8014cb <FAN_CTR_State>
     c38:	87 fd       	sbrc	r24, 7
     c3a:	48 c0       	rjmp	.+144    	; 0xccc <meas_NTC1_Temp_control_fan_over_Temp+0x180>
     c3c:	80 91 cb 14 	lds	r24, 0x14CB	; 0x8014cb <FAN_CTR_State>
     c40:	80 fd       	sbrc	r24, 0
     c42:	44 c0       	rjmp	.+136    	; 0xccc <meas_NTC1_Temp_control_fan_over_Temp+0x180>
     c44:	60 91 15 14 	lds	r22, 0x1415	; 0x801415 <AI_NTC_Temp_2>
     c48:	70 91 16 14 	lds	r23, 0x1416	; 0x801416 <AI_NTC_Temp_2+0x1>
     c4c:	80 91 17 14 	lds	r24, 0x1417	; 0x801417 <AI_NTC_Temp_2+0x2>
     c50:	90 91 18 14 	lds	r25, 0x1418	; 0x801418 <AI_NTC_Temp_2+0x3>
     c54:	20 91 72 14 	lds	r18, 0x1472	; 0x801472 <FAN_NTC2_T_On>
     c58:	30 91 73 14 	lds	r19, 0x1473	; 0x801473 <FAN_NTC2_T_On+0x1>
     c5c:	40 91 74 14 	lds	r20, 0x1474	; 0x801474 <FAN_NTC2_T_On+0x2>
     c60:	50 91 75 14 	lds	r21, 0x1475	; 0x801475 <FAN_NTC2_T_On+0x3>
     c64:	0e 94 a9 48 	call	0x9152	; 0x9152 <__gesf2>
     c68:	18 16       	cp	r1, r24
     c6a:	a4 f0       	brlt	.+40     	; 0xc94 <meas_NTC1_Temp_control_fan_over_Temp+0x148>
     c6c:	60 91 a7 10 	lds	r22, 0x10A7	; 0x8010a7 <AI_NTC_Temp_1>
     c70:	70 91 a8 10 	lds	r23, 0x10A8	; 0x8010a8 <AI_NTC_Temp_1+0x1>
     c74:	80 91 a9 10 	lds	r24, 0x10A9	; 0x8010a9 <AI_NTC_Temp_1+0x2>
     c78:	90 91 aa 10 	lds	r25, 0x10AA	; 0x8010aa <AI_NTC_Temp_1+0x3>
     c7c:	20 91 52 14 	lds	r18, 0x1452	; 0x801452 <FAN_NTC1_T_On>
     c80:	30 91 53 14 	lds	r19, 0x1453	; 0x801453 <FAN_NTC1_T_On+0x1>
     c84:	40 91 54 14 	lds	r20, 0x1454	; 0x801454 <FAN_NTC1_T_On+0x2>
     c88:	50 91 55 14 	lds	r21, 0x1455	; 0x801455 <FAN_NTC1_T_On+0x3>
     c8c:	0e 94 a9 48 	call	0x9152	; 0x9152 <__gesf2>
     c90:	18 16       	cp	r1, r24
     c92:	e4 f4       	brge	.+56     	; 0xccc <meas_NTC1_Temp_control_fan_over_Temp+0x180>
     c94:	16 98       	cbi	0x02, 6	; 2
     c96:	17 9a       	sbi	0x02, 7	; 2
     c98:	80 91 cb 14 	lds	r24, 0x14CB	; 0x8014cb <FAN_CTR_State>
     c9c:	81 60       	ori	r24, 0x01	; 1
     c9e:	80 93 cb 14 	sts	0x14CB, r24	; 0x8014cb <FAN_CTR_State>
     ca2:	80 91 cb 14 	lds	r24, 0x14CB	; 0x8014cb <FAN_CTR_State>
     ca6:	82 60       	ori	r24, 0x02	; 2
     ca8:	80 93 cb 14 	sts	0x14CB, r24	; 0x8014cb <FAN_CTR_State>
     cac:	80 91 a7 14 	lds	r24, 0x14A7	; 0x8014a7 <FAN_Switch_Timer_Max>
     cb0:	90 91 a8 14 	lds	r25, 0x14A8	; 0x8014a8 <FAN_Switch_Timer_Max+0x1>
     cb4:	90 93 5c 14 	sts	0x145C, r25	; 0x80145c <FAN_Switch_Counter+0x1>
     cb8:	80 93 5b 14 	sts	0x145B, r24	; 0x80145b <FAN_Switch_Counter>
     cbc:	8f e1       	ldi	r24, 0x1F	; 31
     cbe:	9e e4       	ldi	r25, 0x4E	; 78
     cc0:	01 97       	sbiw	r24, 0x01	; 1
     cc2:	f1 f7       	brne	.-4      	; 0xcc0 <meas_NTC1_Temp_control_fan_over_Temp+0x174>
     cc4:	00 c0       	rjmp	.+0      	; 0xcc6 <meas_NTC1_Temp_control_fan_over_Temp+0x17a>
     cc6:	00 00       	nop
     cc8:	16 9a       	sbi	0x02, 6	; 2
     cca:	17 9a       	sbi	0x02, 7	; 2
     ccc:	ff 90       	pop	r15
     cce:	ef 90       	pop	r14
     cd0:	df 90       	pop	r13
     cd2:	cf 90       	pop	r12
     cd4:	0c 94 70 36 	jmp	0x6ce0	; 0x6ce0 <Check_Temp_Disconnect_State>

00000cd8 <meas_NTC2_Temp_control_fan_over_Temp>:
     cd8:	cf 92       	push	r12
     cda:	df 92       	push	r13
     cdc:	ef 92       	push	r14
     cde:	ff 92       	push	r15
     ce0:	13 98       	cbi	0x02, 3	; 2
     ce2:	12 98       	cbi	0x02, 2	; 2
     ce4:	11 9a       	sbi	0x02, 1	; 2
     ce6:	8f e8       	ldi	r24, 0x8F	; 143
     ce8:	91 e0       	ldi	r25, 0x01	; 1
     cea:	01 97       	sbiw	r24, 0x01	; 1
     cec:	f1 f7       	brne	.-4      	; 0xcea <meas_NTC2_Temp_control_fan_over_Temp+0x12>
     cee:	00 c0       	rjmp	.+0      	; 0xcf0 <meas_NTC2_Temp_control_fan_over_Temp+0x18>
     cf0:	00 00       	nop
     cf2:	84 e1       	ldi	r24, 0x14	; 20
     cf4:	90 e0       	ldi	r25, 0x00	; 0
     cf6:	0e 94 7c 29 	call	0x52f8	; 0x52f8 <ADC_Convert_Avr_MAX11163>
     cfa:	13 9a       	sbi	0x02, 3	; 2
     cfc:	12 9a       	sbi	0x02, 2	; 2
     cfe:	11 9a       	sbi	0x02, 1	; 2
     d00:	0e 94 d2 47 	call	0x8fa4	; 0x8fa4 <__floatunsisf>
     d04:	2d ec       	ldi	r18, 0xCD	; 205
     d06:	3c ec       	ldi	r19, 0xCC	; 204
     d08:	4c e4       	ldi	r20, 0x4C	; 76
     d0a:	5d e3       	ldi	r21, 0x3D	; 61
     d0c:	0e 94 62 49 	call	0x92c4	; 0x92c4 <__mulsf3>
     d10:	20 91 1d 14 	lds	r18, 0x141D	; 0x80141d <CAL_NTC_2_InvGain>
     d14:	30 91 1e 14 	lds	r19, 0x141E	; 0x80141e <CAL_NTC_2_InvGain+0x1>
     d18:	40 91 1f 14 	lds	r20, 0x141F	; 0x80141f <CAL_NTC_2_InvGain+0x2>
     d1c:	50 91 20 14 	lds	r21, 0x1420	; 0x801420 <CAL_NTC_2_InvGain+0x3>
     d20:	0e 94 62 49 	call	0x92c4	; 0x92c4 <__mulsf3>
     d24:	6b 01       	movw	r12, r22
     d26:	7c 01       	movw	r14, r24
     d28:	9b 01       	movw	r18, r22
     d2a:	ac 01       	movw	r20, r24
     d2c:	60 e0       	ldi	r22, 0x00	; 0
     d2e:	70 e0       	ldi	r23, 0x00	; 0
     d30:	80 e8       	ldi	r24, 0x80	; 128
     d32:	97 e4       	ldi	r25, 0x47	; 71
     d34:	0e 94 9f 46 	call	0x8d3e	; 0x8d3e <__subsf3>
     d38:	9b 01       	movw	r18, r22
     d3a:	ac 01       	movw	r20, r24
     d3c:	c7 01       	movw	r24, r14
     d3e:	b6 01       	movw	r22, r12
     d40:	0e 94 08 47 	call	0x8e10	; 0x8e10 <__divsf3>
     d44:	20 91 9f 10 	lds	r18, 0x109F	; 0x80109f <CAL_NTC_2_RSer>
     d48:	30 91 a0 10 	lds	r19, 0x10A0	; 0x8010a0 <CAL_NTC_2_RSer+0x1>
     d4c:	40 91 a1 10 	lds	r20, 0x10A1	; 0x8010a1 <CAL_NTC_2_RSer+0x2>
     d50:	50 91 a2 10 	lds	r21, 0x10A2	; 0x8010a2 <CAL_NTC_2_RSer+0x3>
     d54:	c0 90 5e 12 	lds	r12, 0x125E	; 0x80125e <CAL_NTC_2_InvR25>
     d58:	d0 90 5f 12 	lds	r13, 0x125F	; 0x80125f <CAL_NTC_2_InvR25+0x1>
     d5c:	e0 90 60 12 	lds	r14, 0x1260	; 0x801260 <CAL_NTC_2_InvR25+0x2>
     d60:	f0 90 61 12 	lds	r15, 0x1261	; 0x801261 <CAL_NTC_2_InvR25+0x3>
     d64:	0e 94 62 49 	call	0x92c4	; 0x92c4 <__mulsf3>
     d68:	a7 01       	movw	r20, r14
     d6a:	96 01       	movw	r18, r12
     d6c:	0e 94 62 49 	call	0x92c4	; 0x92c4 <__mulsf3>
     d70:	0e 94 ef 48 	call	0x91de	; 0x91de <log>
     d74:	20 91 52 12 	lds	r18, 0x1252	; 0x801252 <CAL_NTC_2_InvBeta>
     d78:	30 91 53 12 	lds	r19, 0x1253	; 0x801253 <CAL_NTC_2_InvBeta+0x1>
     d7c:	40 91 54 12 	lds	r20, 0x1254	; 0x801254 <CAL_NTC_2_InvBeta+0x2>
     d80:	50 91 55 12 	lds	r21, 0x1255	; 0x801255 <CAL_NTC_2_InvBeta+0x3>
     d84:	0e 94 62 49 	call	0x92c4	; 0x92c4 <__mulsf3>
     d88:	2e e1       	ldi	r18, 0x1E	; 30
     d8a:	3f ec       	ldi	r19, 0xCF	; 207
     d8c:	4b e5       	ldi	r20, 0x5B	; 91
     d8e:	5b e3       	ldi	r21, 0x3B	; 59
     d90:	0e 94 a0 46 	call	0x8d40	; 0x8d40 <__addsf3>
     d94:	9b 01       	movw	r18, r22
     d96:	ac 01       	movw	r20, r24
     d98:	60 e0       	ldi	r22, 0x00	; 0
     d9a:	70 e0       	ldi	r23, 0x00	; 0
     d9c:	80 e8       	ldi	r24, 0x80	; 128
     d9e:	9f e3       	ldi	r25, 0x3F	; 63
     da0:	0e 94 08 47 	call	0x8e10	; 0x8e10 <__divsf3>
     da4:	23 e3       	ldi	r18, 0x33	; 51
     da6:	33 e9       	ldi	r19, 0x93	; 147
     da8:	48 e8       	ldi	r20, 0x88	; 136
     daa:	53 e4       	ldi	r21, 0x43	; 67
     dac:	0e 94 9f 46 	call	0x8d3e	; 0x8d3e <__subsf3>
     db0:	60 93 15 14 	sts	0x1415, r22	; 0x801415 <AI_NTC_Temp_2>
     db4:	70 93 16 14 	sts	0x1416, r23	; 0x801416 <AI_NTC_Temp_2+0x1>
     db8:	80 93 17 14 	sts	0x1417, r24	; 0x801417 <AI_NTC_Temp_2+0x2>
     dbc:	90 93 18 14 	sts	0x1418, r25	; 0x801418 <AI_NTC_Temp_2+0x3>
     dc0:	80 91 cb 14 	lds	r24, 0x14CB	; 0x8014cb <FAN_CTR_State>
     dc4:	87 fd       	sbrc	r24, 7
     dc6:	48 c0       	rjmp	.+144    	; 0xe58 <meas_NTC2_Temp_control_fan_over_Temp+0x180>
     dc8:	80 91 cb 14 	lds	r24, 0x14CB	; 0x8014cb <FAN_CTR_State>
     dcc:	80 fd       	sbrc	r24, 0
     dce:	44 c0       	rjmp	.+136    	; 0xe58 <meas_NTC2_Temp_control_fan_over_Temp+0x180>
     dd0:	60 91 15 14 	lds	r22, 0x1415	; 0x801415 <AI_NTC_Temp_2>
     dd4:	70 91 16 14 	lds	r23, 0x1416	; 0x801416 <AI_NTC_Temp_2+0x1>
     dd8:	80 91 17 14 	lds	r24, 0x1417	; 0x801417 <AI_NTC_Temp_2+0x2>
     ddc:	90 91 18 14 	lds	r25, 0x1418	; 0x801418 <AI_NTC_Temp_2+0x3>
     de0:	20 91 72 14 	lds	r18, 0x1472	; 0x801472 <FAN_NTC2_T_On>
     de4:	30 91 73 14 	lds	r19, 0x1473	; 0x801473 <FAN_NTC2_T_On+0x1>
     de8:	40 91 74 14 	lds	r20, 0x1474	; 0x801474 <FAN_NTC2_T_On+0x2>
     dec:	50 91 75 14 	lds	r21, 0x1475	; 0x801475 <FAN_NTC2_T_On+0x3>
     df0:	0e 94 a9 48 	call	0x9152	; 0x9152 <__gesf2>
     df4:	18 16       	cp	r1, r24
     df6:	a4 f0       	brlt	.+40     	; 0xe20 <meas_NTC2_Temp_control_fan_over_Temp+0x148>
     df8:	60 91 a7 10 	lds	r22, 0x10A7	; 0x8010a7 <AI_NTC_Temp_1>
     dfc:	70 91 a8 10 	lds	r23, 0x10A8	; 0x8010a8 <AI_NTC_Temp_1+0x1>
     e00:	80 91 a9 10 	lds	r24, 0x10A9	; 0x8010a9 <AI_NTC_Temp_1+0x2>
     e04:	90 91 aa 10 	lds	r25, 0x10AA	; 0x8010aa <AI_NTC_Temp_1+0x3>
     e08:	20 91 52 14 	lds	r18, 0x1452	; 0x801452 <FAN_NTC1_T_On>
     e0c:	30 91 53 14 	lds	r19, 0x1453	; 0x801453 <FAN_NTC1_T_On+0x1>
     e10:	40 91 54 14 	lds	r20, 0x1454	; 0x801454 <FAN_NTC1_T_On+0x2>
     e14:	50 91 55 14 	lds	r21, 0x1455	; 0x801455 <FAN_NTC1_T_On+0x3>
     e18:	0e 94 a9 48 	call	0x9152	; 0x9152 <__gesf2>
     e1c:	18 16       	cp	r1, r24
     e1e:	e4 f4       	brge	.+56     	; 0xe58 <meas_NTC2_Temp_control_fan_over_Temp+0x180>
     e20:	16 98       	cbi	0x02, 6	; 2
     e22:	17 9a       	sbi	0x02, 7	; 2
     e24:	80 91 cb 14 	lds	r24, 0x14CB	; 0x8014cb <FAN_CTR_State>
     e28:	81 60       	ori	r24, 0x01	; 1
     e2a:	80 93 cb 14 	sts	0x14CB, r24	; 0x8014cb <FAN_CTR_State>
     e2e:	80 91 cb 14 	lds	r24, 0x14CB	; 0x8014cb <FAN_CTR_State>
     e32:	82 60       	ori	r24, 0x02	; 2
     e34:	80 93 cb 14 	sts	0x14CB, r24	; 0x8014cb <FAN_CTR_State>
     e38:	80 91 a7 14 	lds	r24, 0x14A7	; 0x8014a7 <FAN_Switch_Timer_Max>
     e3c:	90 91 a8 14 	lds	r25, 0x14A8	; 0x8014a8 <FAN_Switch_Timer_Max+0x1>
     e40:	90 93 5c 14 	sts	0x145C, r25	; 0x80145c <FAN_Switch_Counter+0x1>
     e44:	80 93 5b 14 	sts	0x145B, r24	; 0x80145b <FAN_Switch_Counter>
     e48:	8f e1       	ldi	r24, 0x1F	; 31
     e4a:	9e e4       	ldi	r25, 0x4E	; 78
     e4c:	01 97       	sbiw	r24, 0x01	; 1
     e4e:	f1 f7       	brne	.-4      	; 0xe4c <meas_NTC2_Temp_control_fan_over_Temp+0x174>
     e50:	00 c0       	rjmp	.+0      	; 0xe52 <meas_NTC2_Temp_control_fan_over_Temp+0x17a>
     e52:	00 00       	nop
     e54:	16 9a       	sbi	0x02, 6	; 2
     e56:	17 9a       	sbi	0x02, 7	; 2
     e58:	ff 90       	pop	r15
     e5a:	ef 90       	pop	r14
     e5c:	df 90       	pop	r13
     e5e:	cf 90       	pop	r12
     e60:	0c 94 70 36 	jmp	0x6ce0	; 0x6ce0 <Check_Temp_Disconnect_State>

00000e64 <meas_Bias_Volt_Range_Check>:
     e64:	8f 92       	push	r8
     e66:	9f 92       	push	r9
     e68:	af 92       	push	r10
     e6a:	bf 92       	push	r11
     e6c:	cf 92       	push	r12
     e6e:	df 92       	push	r13
     e70:	ef 92       	push	r14
     e72:	ff 92       	push	r15
     e74:	13 9a       	sbi	0x02, 3	; 2
     e76:	12 9a       	sbi	0x02, 2	; 2
     e78:	11 98       	cbi	0x02, 1	; 2
     e7a:	8f e8       	ldi	r24, 0x8F	; 143
     e7c:	91 e0       	ldi	r25, 0x01	; 1
     e7e:	01 97       	sbiw	r24, 0x01	; 1
     e80:	f1 f7       	brne	.-4      	; 0xe7e <meas_Bias_Volt_Range_Check+0x1a>
     e82:	00 c0       	rjmp	.+0      	; 0xe84 <meas_Bias_Volt_Range_Check+0x20>
     e84:	00 00       	nop
     e86:	84 e1       	ldi	r24, 0x14	; 20
     e88:	90 e0       	ldi	r25, 0x00	; 0
     e8a:	0e 94 7c 29 	call	0x52f8	; 0x52f8 <ADC_Convert_Avr_MAX11163>
     e8e:	13 9a       	sbi	0x02, 3	; 2
     e90:	12 9a       	sbi	0x02, 2	; 2
     e92:	11 9a       	sbi	0x02, 1	; 2
     e94:	80 90 43 12 	lds	r8, 0x1243	; 0x801243 <CAL_Bias_A1>
     e98:	90 90 44 12 	lds	r9, 0x1244	; 0x801244 <CAL_Bias_A1+0x1>
     e9c:	a0 90 45 12 	lds	r10, 0x1245	; 0x801245 <CAL_Bias_A1+0x2>
     ea0:	b0 90 46 12 	lds	r11, 0x1246	; 0x801246 <CAL_Bias_A1+0x3>
     ea4:	c0 90 fb 13 	lds	r12, 0x13FB	; 0x8013fb <CAL_Bias_A0>
     ea8:	d0 90 fc 13 	lds	r13, 0x13FC	; 0x8013fc <CAL_Bias_A0+0x1>
     eac:	e0 90 fd 13 	lds	r14, 0x13FD	; 0x8013fd <CAL_Bias_A0+0x2>
     eb0:	f0 90 fe 13 	lds	r15, 0x13FE	; 0x8013fe <CAL_Bias_A0+0x3>
     eb4:	0e 94 d2 47 	call	0x8fa4	; 0x8fa4 <__floatunsisf>
     eb8:	2d ec       	ldi	r18, 0xCD	; 205
     eba:	3c ec       	ldi	r19, 0xCC	; 204
     ebc:	4c e4       	ldi	r20, 0x4C	; 76
     ebe:	5d e3       	ldi	r21, 0x3D	; 61
     ec0:	0e 94 62 49 	call	0x92c4	; 0x92c4 <__mulsf3>
     ec4:	a5 01       	movw	r20, r10
     ec6:	94 01       	movw	r18, r8
     ec8:	0e 94 62 49 	call	0x92c4	; 0x92c4 <__mulsf3>
     ecc:	a7 01       	movw	r20, r14
     ece:	96 01       	movw	r18, r12
     ed0:	0e 94 a0 46 	call	0x8d40	; 0x8d40 <__addsf3>
     ed4:	60 93 11 14 	sts	0x1411, r22	; 0x801411 <AI_Bias>
     ed8:	70 93 12 14 	sts	0x1412, r23	; 0x801412 <AI_Bias+0x1>
     edc:	80 93 13 14 	sts	0x1413, r24	; 0x801413 <AI_Bias+0x2>
     ee0:	90 93 14 14 	sts	0x1414, r25	; 0x801414 <AI_Bias+0x3>
     ee4:	60 91 11 14 	lds	r22, 0x1411	; 0x801411 <AI_Bias>
     ee8:	70 91 12 14 	lds	r23, 0x1412	; 0x801412 <AI_Bias+0x1>
     eec:	80 91 13 14 	lds	r24, 0x1413	; 0x801413 <AI_Bias+0x2>
     ef0:	90 91 14 14 	lds	r25, 0x1414	; 0x801414 <AI_Bias+0x3>
     ef4:	20 91 ba 02 	lds	r18, 0x02BA	; 0x8002ba <BiasV_Range_Min>
     ef8:	30 91 bb 02 	lds	r19, 0x02BB	; 0x8002bb <BiasV_Range_Min+0x1>
     efc:	40 91 bc 02 	lds	r20, 0x02BC	; 0x8002bc <BiasV_Range_Min+0x2>
     f00:	50 91 bd 02 	lds	r21, 0x02BD	; 0x8002bd <BiasV_Range_Min+0x3>
     f04:	0e 94 04 47 	call	0x8e08	; 0x8e08 <__cmpsf2>
     f08:	87 fd       	sbrc	r24, 7
     f0a:	14 c0       	rjmp	.+40     	; 0xf34 <meas_Bias_Volt_Range_Check+0xd0>
     f0c:	60 91 11 14 	lds	r22, 0x1411	; 0x801411 <AI_Bias>
     f10:	70 91 12 14 	lds	r23, 0x1412	; 0x801412 <AI_Bias+0x1>
     f14:	80 91 13 14 	lds	r24, 0x1413	; 0x801413 <AI_Bias+0x2>
     f18:	90 91 14 14 	lds	r25, 0x1414	; 0x801414 <AI_Bias+0x3>
     f1c:	20 91 aa 02 	lds	r18, 0x02AA	; 0x8002aa <__data_end>
     f20:	30 91 ab 02 	lds	r19, 0x02AB	; 0x8002ab <__data_end+0x1>
     f24:	40 91 ac 02 	lds	r20, 0x02AC	; 0x8002ac <__data_end+0x2>
     f28:	50 91 ad 02 	lds	r21, 0x02AD	; 0x8002ad <__data_end+0x3>
     f2c:	0e 94 a9 48 	call	0x9152	; 0x9152 <__gesf2>
     f30:	18 16       	cp	r1, r24
     f32:	2c f4       	brge	.+10     	; 0xf3e <meas_Bias_Volt_Range_Check+0xda>
     f34:	80 91 b3 02 	lds	r24, 0x02B3	; 0x8002b3 <IV_Report>
     f38:	84 60       	ori	r24, 0x04	; 4
     f3a:	80 93 b3 02 	sts	0x02B3, r24	; 0x8002b3 <IV_Report>
     f3e:	ff 90       	pop	r15
     f40:	ef 90       	pop	r14
     f42:	df 90       	pop	r13
     f44:	cf 90       	pop	r12
     f46:	bf 90       	pop	r11
     f48:	af 90       	pop	r10
     f4a:	9f 90       	pop	r9
     f4c:	8f 90       	pop	r8
     f4e:	08 95       	ret

00000f50 <PV_IV_MEAS>:
     f50:	2f 92       	push	r2
     f52:	3f 92       	push	r3
     f54:	4f 92       	push	r4
     f56:	5f 92       	push	r5
     f58:	6f 92       	push	r6
     f5a:	7f 92       	push	r7
     f5c:	8f 92       	push	r8
     f5e:	9f 92       	push	r9
     f60:	af 92       	push	r10
     f62:	bf 92       	push	r11
     f64:	cf 92       	push	r12
     f66:	df 92       	push	r13
     f68:	ef 92       	push	r14
     f6a:	ff 92       	push	r15
     f6c:	0f 93       	push	r16
     f6e:	1f 93       	push	r17
     f70:	cf 93       	push	r28
     f72:	df 93       	push	r29
     f74:	cd b7       	in	r28, 0x3d	; 61
     f76:	de b7       	in	r29, 0x3e	; 62
     f78:	2d 97       	sbiw	r28, 0x0d	; 13
     f7a:	0f b6       	in	r0, 0x3f	; 63
     f7c:	f8 94       	cli
     f7e:	de bf       	out	0x3e, r29	; 62
     f80:	0f be       	out	0x3f, r0	; 63
     f82:	cd bf       	out	0x3d, r28	; 61
     f84:	10 92 b3 02 	sts	0x02B3, r1	; 0x8002b3 <IV_Report>
     f88:	20 91 5c 15 	lds	r18, 0x155C	; 0x80155c <Range_Curr_ID_Act>
     f8c:	2a 83       	std	Y+2, r18	; 0x02
     f8e:	30 91 e5 14 	lds	r19, 0x14E5	; 0x8014e5 <Range_Volt_ID_Act>
     f92:	3b 83       	std	Y+3, r19	; 0x03
     f94:	80 91 97 14 	lds	r24, 0x1497	; 0x801497 <PV_Volt_DAC_ACT>
     f98:	90 91 98 14 	lds	r25, 0x1498	; 0x801498 <PV_Volt_DAC_ACT+0x1>
     f9c:	a0 91 99 14 	lds	r26, 0x1499	; 0x801499 <PV_Volt_DAC_ACT+0x2>
     fa0:	b0 91 9a 14 	lds	r27, 0x149A	; 0x80149a <PV_Volt_DAC_ACT+0x3>
     fa4:	88 87       	std	Y+8, r24	; 0x08
     fa6:	99 87       	std	Y+9, r25	; 0x09
     fa8:	aa 87       	std	Y+10, r26	; 0x0a
     faa:	bb 87       	std	Y+11, r27	; 0x0b
     fac:	80 91 c6 02 	lds	r24, 0x02C6	; 0x8002c6 <IV_Mode>
     fb0:	81 ff       	sbrs	r24, 1
     fb2:	4f c0       	rjmp	.+158    	; 0x1052 <__EEPROM_REGION_LENGTH__+0x52>
     fb4:	90 91 b2 02 	lds	r25, 0x02B2	; 0x8002b2 <IV_Point_Meas_Nu_AVR_VoltCurr>
     fb8:	99 83       	std	Y+1, r25	; 0x01
     fba:	60 91 c1 02 	lds	r22, 0x02C1	; 0x8002c1 <IV_Point_Meas_Nu_AVR_Sets>
     fbe:	70 e0       	ldi	r23, 0x00	; 0
     fc0:	80 e0       	ldi	r24, 0x00	; 0
     fc2:	90 e0       	ldi	r25, 0x00	; 0
     fc4:	0e 94 d2 47 	call	0x8fa4	; 0x8fa4 <__floatunsisf>
     fc8:	20 e0       	ldi	r18, 0x00	; 0
     fca:	30 e0       	ldi	r19, 0x00	; 0
     fcc:	40 e8       	ldi	r20, 0x80	; 128
     fce:	5f e3       	ldi	r21, 0x3F	; 63
     fd0:	0e 94 a0 46 	call	0x8d40	; 0x8d40 <__addsf3>
     fd4:	6b 01       	movw	r12, r22
     fd6:	7c 01       	movw	r14, r24
     fd8:	a9 81       	ldd	r26, Y+1	; 0x01
     fda:	6a 2f       	mov	r22, r26
     fdc:	70 e0       	ldi	r23, 0x00	; 0
     fde:	80 e0       	ldi	r24, 0x00	; 0
     fe0:	90 e0       	ldi	r25, 0x00	; 0
     fe2:	0e 94 d2 47 	call	0x8fa4	; 0x8fa4 <__floatunsisf>
     fe6:	9b 01       	movw	r18, r22
     fe8:	ac 01       	movw	r20, r24
     fea:	c7 01       	movw	r24, r14
     fec:	b6 01       	movw	r22, r12
     fee:	0e 94 62 49 	call	0x92c4	; 0x92c4 <__mulsf3>
     ff2:	9b 01       	movw	r18, r22
     ff4:	ac 01       	movw	r20, r24
     ff6:	60 e0       	ldi	r22, 0x00	; 0
     ff8:	70 e0       	ldi	r23, 0x00	; 0
     ffa:	80 e8       	ldi	r24, 0x80	; 128
     ffc:	9f e3       	ldi	r25, 0x3F	; 63
     ffe:	0e 94 08 47 	call	0x8e10	; 0x8e10 <__divsf3>
    1002:	06 2f       	mov	r16, r22
    1004:	37 2e       	mov	r3, r23
    1006:	89 83       	std	Y+1, r24	; 0x01
    1008:	19 2f       	mov	r17, r25
    100a:	60 91 b2 02 	lds	r22, 0x02B2	; 0x8002b2 <IV_Point_Meas_Nu_AVR_VoltCurr>
    100e:	b0 90 c1 02 	lds	r11, 0x02C1	; 0x8002c1 <IV_Point_Meas_Nu_AVR_Sets>
    1012:	70 e0       	ldi	r23, 0x00	; 0
    1014:	80 e0       	ldi	r24, 0x00	; 0
    1016:	90 e0       	ldi	r25, 0x00	; 0
    1018:	0e 94 d2 47 	call	0x8fa4	; 0x8fa4 <__floatunsisf>
    101c:	6b 01       	movw	r12, r22
    101e:	7c 01       	movw	r14, r24
    1020:	6b 2d       	mov	r22, r11
    1022:	70 e0       	ldi	r23, 0x00	; 0
    1024:	80 e0       	ldi	r24, 0x00	; 0
    1026:	90 e0       	ldi	r25, 0x00	; 0
    1028:	0e 94 d2 47 	call	0x8fa4	; 0x8fa4 <__floatunsisf>
    102c:	9b 01       	movw	r18, r22
    102e:	ac 01       	movw	r20, r24
    1030:	c7 01       	movw	r24, r14
    1032:	b6 01       	movw	r22, r12
    1034:	0e 94 62 49 	call	0x92c4	; 0x92c4 <__mulsf3>
    1038:	9b 01       	movw	r18, r22
    103a:	ac 01       	movw	r20, r24
    103c:	60 e0       	ldi	r22, 0x00	; 0
    103e:	70 e0       	ldi	r23, 0x00	; 0
    1040:	80 e8       	ldi	r24, 0x80	; 128
    1042:	9f e3       	ldi	r25, 0x3F	; 63
    1044:	0e 94 08 47 	call	0x8e10	; 0x8e10 <__divsf3>
    1048:	6c 83       	std	Y+4, r22	; 0x04
    104a:	7d 83       	std	Y+5, r23	; 0x05
    104c:	8e 83       	std	Y+6, r24	; 0x06
    104e:	9f 83       	std	Y+7, r25	; 0x07
    1050:	29 c0       	rjmp	.+82     	; 0x10a4 <__EEPROM_REGION_LENGTH__+0xa4>
    1052:	60 91 b2 02 	lds	r22, 0x02B2	; 0x8002b2 <IV_Point_Meas_Nu_AVR_VoltCurr>
    1056:	b0 91 c1 02 	lds	r27, 0x02C1	; 0x8002c1 <IV_Point_Meas_Nu_AVR_Sets>
    105a:	b9 83       	std	Y+1, r27	; 0x01
    105c:	70 e0       	ldi	r23, 0x00	; 0
    105e:	80 e0       	ldi	r24, 0x00	; 0
    1060:	90 e0       	ldi	r25, 0x00	; 0
    1062:	0e 94 d2 47 	call	0x8fa4	; 0x8fa4 <__floatunsisf>
    1066:	6b 01       	movw	r12, r22
    1068:	7c 01       	movw	r14, r24
    106a:	e9 81       	ldd	r30, Y+1	; 0x01
    106c:	6e 2f       	mov	r22, r30
    106e:	70 e0       	ldi	r23, 0x00	; 0
    1070:	80 e0       	ldi	r24, 0x00	; 0
    1072:	90 e0       	ldi	r25, 0x00	; 0
    1074:	0e 94 d2 47 	call	0x8fa4	; 0x8fa4 <__floatunsisf>
    1078:	9b 01       	movw	r18, r22
    107a:	ac 01       	movw	r20, r24
    107c:	c7 01       	movw	r24, r14
    107e:	b6 01       	movw	r22, r12
    1080:	0e 94 62 49 	call	0x92c4	; 0x92c4 <__mulsf3>
    1084:	9b 01       	movw	r18, r22
    1086:	ac 01       	movw	r20, r24
    1088:	60 e0       	ldi	r22, 0x00	; 0
    108a:	70 e0       	ldi	r23, 0x00	; 0
    108c:	80 e8       	ldi	r24, 0x80	; 128
    108e:	9f e3       	ldi	r25, 0x3F	; 63
    1090:	0e 94 08 47 	call	0x8e10	; 0x8e10 <__divsf3>
    1094:	06 2f       	mov	r16, r22
    1096:	37 2e       	mov	r3, r23
    1098:	89 83       	std	Y+1, r24	; 0x01
    109a:	19 2f       	mov	r17, r25
    109c:	6c 83       	std	Y+4, r22	; 0x04
    109e:	7d 83       	std	Y+5, r23	; 0x05
    10a0:	8e 83       	std	Y+6, r24	; 0x06
    10a2:	9f 83       	std	Y+7, r25	; 0x07
    10a4:	80 91 b8 02 	lds	r24, 0x02B8	; 0x8002b8 <IV_Point_Set_Delay_ms>
    10a8:	90 91 b9 02 	lds	r25, 0x02B9	; 0x8002b9 <IV_Point_Set_Delay_ms+0x1>
    10ac:	80 32       	cpi	r24, 0x20	; 32
    10ae:	9e 44       	sbci	r25, 0x4E	; 78
    10b0:	18 f0       	brcs	.+6      	; 0x10b8 <__EEPROM_REGION_LENGTH__+0xb8>
    10b2:	80 e6       	ldi	r24, 0x60	; 96
    10b4:	9a ee       	ldi	r25, 0xEA	; 234
    10b6:	0a c0       	rjmp	.+20     	; 0x10cc <__EEPROM_REGION_LENGTH__+0xcc>
    10b8:	80 91 b8 02 	lds	r24, 0x02B8	; 0x8002b8 <IV_Point_Set_Delay_ms>
    10bc:	90 91 b9 02 	lds	r25, 0x02B9	; 0x8002b9 <IV_Point_Set_Delay_ms+0x1>
    10c0:	9c 01       	movw	r18, r24
    10c2:	22 0f       	add	r18, r18
    10c4:	33 1f       	adc	r19, r19
    10c6:	82 0f       	add	r24, r18
    10c8:	93 1f       	adc	r25, r19
    10ca:	c2 96       	adiw	r24, 0x32	; 50
    10cc:	90 93 c0 02 	sts	0x02C0, r25	; 0x8002c0 <IV_Setup_Signal_Set_Time+0x1>
    10d0:	80 93 bf 02 	sts	0x02BF, r24	; 0x8002bf <IV_Setup_Signal_Set_Time>
    10d4:	ee d8       	rcall	.-3620   	; 0x2b2 <IV_MEAS__Get_Voc_Set_Optimum_Range>
    10d6:	6b 01       	movw	r12, r22
    10d8:	7c 01       	movw	r14, r24
    10da:	56 d9       	rcall	.-3412   	; 0x388 <IV_MEAS__Get_Curr_Optimum_Range>
    10dc:	80 91 c6 02 	lds	r24, 0x02C6	; 0x8002c6 <IV_Mode>
    10e0:	80 ff       	sbrs	r24, 0
    10e2:	b6 c0       	rjmp	.+364    	; 0x1250 <__EEPROM_REGION_LENGTH__+0x250>
    10e4:	80 90 ae 02 	lds	r8, 0x02AE	; 0x8002ae <IV_Cos_Max_Phase>
    10e8:	90 90 af 02 	lds	r9, 0x02AF	; 0x8002af <IV_Cos_Max_Phase+0x1>
    10ec:	a0 90 b0 02 	lds	r10, 0x02B0	; 0x8002b0 <IV_Cos_Max_Phase+0x2>
    10f0:	b0 90 b1 02 	lds	r11, 0x02B1	; 0x8002b1 <IV_Cos_Max_Phase+0x3>
    10f4:	60 91 b7 06 	lds	r22, 0x06B7	; 0x8006b7 <IV_Meas_Points>
    10f8:	70 e0       	ldi	r23, 0x00	; 0
    10fa:	61 50       	subi	r22, 0x01	; 1
    10fc:	71 09       	sbc	r23, r1
    10fe:	07 2e       	mov	r0, r23
    1100:	00 0c       	add	r0, r0
    1102:	88 0b       	sbc	r24, r24
    1104:	99 0b       	sbc	r25, r25
    1106:	0e 94 d4 47 	call	0x8fa8	; 0x8fa8 <__floatsisf>
    110a:	9b 01       	movw	r18, r22
    110c:	ac 01       	movw	r20, r24
    110e:	c5 01       	movw	r24, r10
    1110:	b4 01       	movw	r22, r8
    1112:	0e 94 08 47 	call	0x8e10	; 0x8e10 <__divsf3>
    1116:	2b 01       	movw	r4, r22
    1118:	3c 01       	movw	r6, r24
    111a:	20 91 a9 0a 	lds	r18, 0x0AA9	; 0x800aa9 <IV_Voc_Overshoot_Fact>
    111e:	30 91 aa 0a 	lds	r19, 0x0AAA	; 0x800aaa <IV_Voc_Overshoot_Fact+0x1>
    1122:	40 91 ab 0a 	lds	r20, 0x0AAB	; 0x800aab <IV_Voc_Overshoot_Fact+0x2>
    1126:	50 91 ac 0a 	lds	r21, 0x0AAC	; 0x800aac <IV_Voc_Overshoot_Fact+0x3>
    112a:	c7 01       	movw	r24, r14
    112c:	b6 01       	movw	r22, r12
    112e:	0e 94 62 49 	call	0x92c4	; 0x92c4 <__mulsf3>
    1132:	6b 01       	movw	r12, r22
    1134:	7c 01       	movw	r14, r24
    1136:	60 91 b7 06 	lds	r22, 0x06B7	; 0x8006b7 <IV_Meas_Points>
    113a:	70 e0       	ldi	r23, 0x00	; 0
    113c:	61 50       	subi	r22, 0x01	; 1
    113e:	71 09       	sbc	r23, r1
    1140:	07 2e       	mov	r0, r23
    1142:	00 0c       	add	r0, r0
    1144:	88 0b       	sbc	r24, r24
    1146:	99 0b       	sbc	r25, r25
    1148:	0e 94 d4 47 	call	0x8fa8	; 0x8fa8 <__floatsisf>
    114c:	a3 01       	movw	r20, r6
    114e:	92 01       	movw	r18, r4
    1150:	0e 94 62 49 	call	0x92c4	; 0x92c4 <__mulsf3>
    1154:	0e 94 e5 49 	call	0x93ca	; 0x93ca <sin>
    1158:	4b 01       	movw	r8, r22
    115a:	5c 01       	movw	r10, r24
    115c:	60 91 ae 02 	lds	r22, 0x02AE	; 0x8002ae <IV_Cos_Max_Phase>
    1160:	70 91 af 02 	lds	r23, 0x02AF	; 0x8002af <IV_Cos_Max_Phase+0x1>
    1164:	80 91 b0 02 	lds	r24, 0x02B0	; 0x8002b0 <IV_Cos_Max_Phase+0x2>
    1168:	90 91 b1 02 	lds	r25, 0x02B1	; 0x8002b1 <IV_Cos_Max_Phase+0x3>
    116c:	26 ea       	ldi	r18, 0xA6	; 166
    116e:	3f e0       	ldi	r19, 0x0F	; 15
    1170:	49 ec       	ldi	r20, 0xC9	; 201
    1172:	5f e3       	ldi	r21, 0x3F	; 63
    1174:	0e 94 04 47 	call	0x8e08	; 0x8e08 <__cmpsf2>
    1178:	a5 01       	movw	r20, r10
    117a:	94 01       	movw	r18, r8
    117c:	18 16       	cp	r1, r24
    117e:	44 f4       	brge	.+16     	; 0x1190 <__EEPROM_REGION_LENGTH__+0x190>
    1180:	60 e0       	ldi	r22, 0x00	; 0
    1182:	70 e0       	ldi	r23, 0x00	; 0
    1184:	80 e0       	ldi	r24, 0x00	; 0
    1186:	90 e4       	ldi	r25, 0x40	; 64
    1188:	0e 94 9f 46 	call	0x8d3e	; 0x8d3e <__subsf3>
    118c:	9b 01       	movw	r18, r22
    118e:	ac 01       	movw	r20, r24
    1190:	c7 01       	movw	r24, r14
    1192:	b6 01       	movw	r22, r12
    1194:	0e 94 08 47 	call	0x8e10	; 0x8e10 <__divsf3>
    1198:	6b 01       	movw	r12, r22
    119a:	7c 01       	movw	r14, r24
    119c:	21 2c       	mov	r2, r1
    119e:	80 91 b7 06 	lds	r24, 0x06B7	; 0x8006b7 <IV_Meas_Points>
    11a2:	28 16       	cp	r2, r24
    11a4:	08 f0       	brcs	.+2      	; 0x11a8 <__EEPROM_REGION_LENGTH__+0x1a8>
    11a6:	43 c0       	rjmp	.+134    	; 0x122e <__EEPROM_REGION_LENGTH__+0x22e>
    11a8:	22 2d       	mov	r18, r2
    11aa:	30 e0       	ldi	r19, 0x00	; 0
    11ac:	3d 87       	std	Y+13, r19	; 0x0d
    11ae:	2c 87       	std	Y+12, r18	; 0x0c
    11b0:	b9 01       	movw	r22, r18
    11b2:	33 0f       	add	r19, r19
    11b4:	88 0b       	sbc	r24, r24
    11b6:	99 0b       	sbc	r25, r25
    11b8:	0e 94 d4 47 	call	0x8fa8	; 0x8fa8 <__floatsisf>
    11bc:	a3 01       	movw	r20, r6
    11be:	92 01       	movw	r18, r4
    11c0:	0e 94 62 49 	call	0x92c4	; 0x92c4 <__mulsf3>
    11c4:	4b 01       	movw	r8, r22
    11c6:	5c 01       	movw	r10, r24
    11c8:	26 ea       	ldi	r18, 0xA6	; 166
    11ca:	3f e0       	ldi	r19, 0x0F	; 15
    11cc:	49 ec       	ldi	r20, 0xC9	; 201
    11ce:	5f e3       	ldi	r21, 0x3F	; 63
    11d0:	0e 94 04 47 	call	0x8e08	; 0x8e08 <__cmpsf2>
    11d4:	ac 85       	ldd	r26, Y+12	; 0x0c
    11d6:	bd 85       	ldd	r27, Y+13	; 0x0d
    11d8:	aa 0f       	add	r26, r26
    11da:	bb 1f       	adc	r27, r27
    11dc:	aa 0f       	add	r26, r26
    11de:	bb 1f       	adc	r27, r27
    11e0:	bd 87       	std	Y+13, r27	; 0x0d
    11e2:	ac 87       	std	Y+12, r26	; 0x0c
    11e4:	18 16       	cp	r1, r24
    11e6:	4c f0       	brlt	.+18     	; 0x11fa <__EEPROM_REGION_LENGTH__+0x1fa>
    11e8:	c5 01       	movw	r24, r10
    11ea:	b4 01       	movw	r22, r8
    11ec:	0e 94 e5 49 	call	0x93ca	; 0x93ca <sin>
    11f0:	9b 01       	movw	r18, r22
    11f2:	ac 01       	movw	r20, r24
    11f4:	c7 01       	movw	r24, r14
    11f6:	b6 01       	movw	r22, r12
    11f8:	0e c0       	rjmp	.+28     	; 0x1216 <__EEPROM_REGION_LENGTH__+0x216>
    11fa:	c5 01       	movw	r24, r10
    11fc:	b4 01       	movw	r22, r8
    11fe:	0e 94 e5 49 	call	0x93ca	; 0x93ca <sin>
    1202:	9b 01       	movw	r18, r22
    1204:	ac 01       	movw	r20, r24
    1206:	60 e0       	ldi	r22, 0x00	; 0
    1208:	70 e0       	ldi	r23, 0x00	; 0
    120a:	80 e0       	ldi	r24, 0x00	; 0
    120c:	90 e4       	ldi	r25, 0x40	; 64
    120e:	0e 94 9f 46 	call	0x8d3e	; 0x8d3e <__subsf3>
    1212:	a7 01       	movw	r20, r14
    1214:	96 01       	movw	r18, r12
    1216:	0e 94 62 49 	call	0x92c4	; 0x92c4 <__mulsf3>
    121a:	ec 85       	ldd	r30, Y+12	; 0x0c
    121c:	fd 85       	ldd	r31, Y+13	; 0x0d
    121e:	e5 53       	subi	r30, 0x35	; 53
    1220:	fd 4f       	sbci	r31, 0xFD	; 253
    1222:	60 83       	st	Z, r22
    1224:	71 83       	std	Z+1, r23	; 0x01
    1226:	82 83       	std	Z+2, r24	; 0x02
    1228:	93 83       	std	Z+3, r25	; 0x03
    122a:	23 94       	inc	r2
    122c:	b8 cf       	rjmp	.-144    	; 0x119e <__EEPROM_REGION_LENGTH__+0x19e>
    122e:	80 91 c6 02 	lds	r24, 0x02C6	; 0x8002c6 <IV_Mode>
    1232:	82 ff       	sbrs	r24, 2
    1234:	4d c0       	rjmp	.+154    	; 0x12d0 <__EEPROM_REGION_LENGTH__+0x2d0>
    1236:	e0 91 b7 06 	lds	r30, 0x06B7	; 0x8006b7 <IV_Meas_Points>
    123a:	b4 e0       	ldi	r27, 0x04	; 4
    123c:	eb 9f       	mul	r30, r27
    123e:	f0 01       	movw	r30, r0
    1240:	11 24       	eor	r1, r1
    1242:	e9 53       	subi	r30, 0x39	; 57
    1244:	fd 4f       	sbci	r31, 0xFD	; 253
    1246:	60 81       	ld	r22, Z
    1248:	71 81       	ldd	r23, Z+1	; 0x01
    124a:	82 81       	ldd	r24, Z+2	; 0x02
    124c:	93 81       	ldd	r25, Z+3	; 0x03
    124e:	48 c0       	rjmp	.+144    	; 0x12e0 <__EEPROM_REGION_LENGTH__+0x2e0>
    1250:	20 91 a9 0a 	lds	r18, 0x0AA9	; 0x800aa9 <IV_Voc_Overshoot_Fact>
    1254:	30 91 aa 0a 	lds	r19, 0x0AAA	; 0x800aaa <IV_Voc_Overshoot_Fact+0x1>
    1258:	40 91 ab 0a 	lds	r20, 0x0AAB	; 0x800aab <IV_Voc_Overshoot_Fact+0x2>
    125c:	50 91 ac 0a 	lds	r21, 0x0AAC	; 0x800aac <IV_Voc_Overshoot_Fact+0x3>
    1260:	b0 90 b7 06 	lds	r11, 0x06B7	; 0x8006b7 <IV_Meas_Points>
    1264:	c7 01       	movw	r24, r14
    1266:	b6 01       	movw	r22, r12
    1268:	0e 94 62 49 	call	0x92c4	; 0x92c4 <__mulsf3>
    126c:	6b 01       	movw	r12, r22
    126e:	7c 01       	movw	r14, r24
    1270:	6b 2d       	mov	r22, r11
    1272:	70 e0       	ldi	r23, 0x00	; 0
    1274:	61 50       	subi	r22, 0x01	; 1
    1276:	71 09       	sbc	r23, r1
    1278:	07 2e       	mov	r0, r23
    127a:	00 0c       	add	r0, r0
    127c:	88 0b       	sbc	r24, r24
    127e:	99 0b       	sbc	r25, r25
    1280:	0e 94 d4 47 	call	0x8fa8	; 0x8fa8 <__floatsisf>
    1284:	9b 01       	movw	r18, r22
    1286:	ac 01       	movw	r20, r24
    1288:	c7 01       	movw	r24, r14
    128a:	b6 01       	movw	r22, r12
    128c:	0e 94 08 47 	call	0x8e10	; 0x8e10 <__divsf3>
    1290:	4b 01       	movw	r8, r22
    1292:	5c 01       	movw	r10, r24
    1294:	d1 2c       	mov	r13, r1
    1296:	80 91 b7 06 	lds	r24, 0x06B7	; 0x8006b7 <IV_Meas_Points>
    129a:	d8 16       	cp	r13, r24
    129c:	40 f6       	brcc	.-112    	; 0x122e <__EEPROM_REGION_LENGTH__+0x22e>
    129e:	ed 2c       	mov	r14, r13
    12a0:	f1 2c       	mov	r15, r1
    12a2:	6d 2d       	mov	r22, r13
    12a4:	70 e0       	ldi	r23, 0x00	; 0
    12a6:	80 e0       	ldi	r24, 0x00	; 0
    12a8:	90 e0       	ldi	r25, 0x00	; 0
    12aa:	0e 94 d2 47 	call	0x8fa4	; 0x8fa4 <__floatunsisf>
    12ae:	a5 01       	movw	r20, r10
    12b0:	94 01       	movw	r18, r8
    12b2:	0e 94 62 49 	call	0x92c4	; 0x92c4 <__mulsf3>
    12b6:	f7 01       	movw	r30, r14
    12b8:	ee 0f       	add	r30, r30
    12ba:	ff 1f       	adc	r31, r31
    12bc:	ee 0f       	add	r30, r30
    12be:	ff 1f       	adc	r31, r31
    12c0:	e5 53       	subi	r30, 0x35	; 53
    12c2:	fd 4f       	sbci	r31, 0xFD	; 253
    12c4:	60 83       	st	Z, r22
    12c6:	71 83       	std	Z+1, r23	; 0x01
    12c8:	82 83       	std	Z+2, r24	; 0x02
    12ca:	93 83       	std	Z+3, r25	; 0x03
    12cc:	d3 94       	inc	r13
    12ce:	e3 cf       	rjmp	.-58     	; 0x1296 <__EEPROM_REGION_LENGTH__+0x296>
    12d0:	60 91 cb 02 	lds	r22, 0x02CB	; 0x8002cb <PV_DAC_Points>
    12d4:	70 91 cc 02 	lds	r23, 0x02CC	; 0x8002cc <PV_DAC_Points+0x1>
    12d8:	80 91 cd 02 	lds	r24, 0x02CD	; 0x8002cd <PV_DAC_Points+0x2>
    12dc:	90 91 ce 02 	lds	r25, 0x02CE	; 0x8002ce <PV_DAC_Points+0x3>
    12e0:	0e 94 d0 2d 	call	0x5ba0	; 0x5ba0 <Set_DAC_Output_Volts>
    12e4:	80 91 bf 02 	lds	r24, 0x02BF	; 0x8002bf <IV_Setup_Signal_Set_Time>
    12e8:	90 91 c0 02 	lds	r25, 0x02C0	; 0x8002c0 <IV_Setup_Signal_Set_Time+0x1>
    12ec:	a8 95       	wdr
    12ee:	00 97       	sbiw	r24, 0x00	; 0
    12f0:	49 f0       	breq	.+18     	; 0x1304 <__EEPROM_REGION_LENGTH__+0x304>
    12f2:	ef e9       	ldi	r30, 0x9F	; 159
    12f4:	ff e0       	ldi	r31, 0x0F	; 15
    12f6:	31 97       	sbiw	r30, 0x01	; 1
    12f8:	f1 f7       	brne	.-4      	; 0x12f6 <__EEPROM_REGION_LENGTH__+0x2f6>
    12fa:	00 c0       	rjmp	.+0      	; 0x12fc <__EEPROM_REGION_LENGTH__+0x2fc>
    12fc:	00 00       	nop
    12fe:	a8 95       	wdr
    1300:	01 97       	sbiw	r24, 0x01	; 1
    1302:	f5 cf       	rjmp	.-22     	; 0x12ee <__EEPROM_REGION_LENGTH__+0x2ee>
    1304:	a1 2c       	mov	r10, r1
    1306:	80 91 b7 06 	lds	r24, 0x06B7	; 0x8006b7 <IV_Meas_Points>
    130a:	a8 16       	cp	r10, r24
    130c:	08 f0       	brcs	.+2      	; 0x1310 <__EEPROM_REGION_LENGTH__+0x310>
    130e:	76 c0       	rjmp	.+236    	; 0x13fc <__EEPROM_REGION_LENGTH__+0x3fc>
    1310:	80 91 c6 02 	lds	r24, 0x02C6	; 0x8002c6 <IV_Mode>
    1314:	ca 2c       	mov	r12, r10
    1316:	d1 2c       	mov	r13, r1
    1318:	82 ff       	sbrs	r24, 2
    131a:	0c c0       	rjmp	.+24     	; 0x1334 <__EEPROM_REGION_LENGTH__+0x334>
    131c:	e0 91 b7 06 	lds	r30, 0x06B7	; 0x8006b7 <IV_Meas_Points>
    1320:	f0 e0       	ldi	r31, 0x00	; 0
    1322:	ec 19       	sub	r30, r12
    1324:	fd 09       	sbc	r31, r13
    1326:	ee 0f       	add	r30, r30
    1328:	ff 1f       	adc	r31, r31
    132a:	ee 0f       	add	r30, r30
    132c:	ff 1f       	adc	r31, r31
    132e:	e9 53       	subi	r30, 0x39	; 57
    1330:	fd 4f       	sbci	r31, 0xFD	; 253
    1332:	07 c0       	rjmp	.+14     	; 0x1342 <__EEPROM_REGION_LENGTH__+0x342>
    1334:	f6 01       	movw	r30, r12
    1336:	ee 0f       	add	r30, r30
    1338:	ff 1f       	adc	r31, r31
    133a:	ee 0f       	add	r30, r30
    133c:	ff 1f       	adc	r31, r31
    133e:	e5 53       	subi	r30, 0x35	; 53
    1340:	fd 4f       	sbci	r31, 0xFD	; 253
    1342:	60 81       	ld	r22, Z
    1344:	71 81       	ldd	r23, Z+1	; 0x01
    1346:	82 81       	ldd	r24, Z+2	; 0x02
    1348:	93 81       	ldd	r25, Z+3	; 0x03
    134a:	0e 94 d0 2d 	call	0x5ba0	; 0x5ba0 <Set_DAC_Output_Volts>
    134e:	a8 95       	wdr
    1350:	e0 90 b8 02 	lds	r14, 0x02B8	; 0x8002b8 <IV_Point_Set_Delay_ms>
    1354:	f0 90 b9 02 	lds	r15, 0x02B9	; 0x8002b9 <IV_Point_Set_Delay_ms+0x1>
    1358:	f1 e0       	ldi	r31, 0x01	; 1
    135a:	ef 1a       	sub	r14, r31
    135c:	f1 08       	sbc	r15, r1
    135e:	1c 86       	std	Y+12, r1	; 0x0c
    1360:	ff ef       	ldi	r31, 0xFF	; 255
    1362:	ef 16       	cp	r14, r31
    1364:	ff 06       	cpc	r15, r31
    1366:	09 f4       	brne	.+2      	; 0x136a <__EEPROM_REGION_LENGTH__+0x36a>
    1368:	c7 c0       	rjmp	.+398    	; 0x14f8 <__EEPROM_REGION_LENGTH__+0x4f8>
    136a:	a8 95       	wdr
    136c:	2c 85       	ldd	r18, Y+12	; 0x0c
    136e:	21 30       	cpi	r18, 0x01	; 1
    1370:	81 f4       	brne	.+32     	; 0x1392 <__EEPROM_REGION_LENGTH__+0x392>
    1372:	ec db       	rcall	.-2088   	; 0xb4c <meas_NTC1_Temp_control_fan_over_Temp>
    1374:	88 23       	and	r24, r24
    1376:	39 f0       	breq	.+14     	; 0x1386 <__EEPROM_REGION_LENGTH__+0x386>
    1378:	80 91 b3 02 	lds	r24, 0x02B3	; 0x8002b3 <IV_Report>
    137c:	82 60       	ori	r24, 0x02	; 2
    137e:	80 93 b3 02 	sts	0x02B3, r24	; 0x8002b3 <IV_Report>
    1382:	81 e0       	ldi	r24, 0x01	; 1
    1384:	01 c0       	rjmp	.+2      	; 0x1388 <__EEPROM_REGION_LENGTH__+0x388>
    1386:	80 e0       	ldi	r24, 0x00	; 0
    1388:	ab e4       	ldi	r26, 0x4B	; 75
    138a:	b6 e0       	ldi	r27, 0x06	; 6
    138c:	11 97       	sbiw	r26, 0x01	; 1
    138e:	f1 f7       	brne	.-4      	; 0x138c <__EEPROM_REGION_LENGTH__+0x38c>
    1390:	12 c0       	rjmp	.+36     	; 0x13b6 <__EEPROM_REGION_LENGTH__+0x3b6>
    1392:	bc 85       	ldd	r27, Y+12	; 0x0c
    1394:	b2 30       	cpi	r27, 0x02	; 2
    1396:	a9 f4       	brne	.+42     	; 0x13c2 <__EEPROM_REGION_LENGTH__+0x3c2>
    1398:	9f dc       	rcall	.-1730   	; 0xcd8 <meas_NTC2_Temp_control_fan_over_Temp>
    139a:	88 23       	and	r24, r24
    139c:	39 f0       	breq	.+14     	; 0x13ac <__EEPROM_REGION_LENGTH__+0x3ac>
    139e:	80 91 b3 02 	lds	r24, 0x02B3	; 0x8002b3 <IV_Report>
    13a2:	82 60       	ori	r24, 0x02	; 2
    13a4:	80 93 b3 02 	sts	0x02B3, r24	; 0x8002b3 <IV_Report>
    13a8:	81 e0       	ldi	r24, 0x01	; 1
    13aa:	01 c0       	rjmp	.+2      	; 0x13ae <__EEPROM_REGION_LENGTH__+0x3ae>
    13ac:	80 e0       	ldi	r24, 0x00	; 0
    13ae:	eb e4       	ldi	r30, 0x4B	; 75
    13b0:	f6 e0       	ldi	r31, 0x06	; 6
    13b2:	31 97       	sbiw	r30, 0x01	; 1
    13b4:	f1 f7       	brne	.-4      	; 0x13b2 <__EEPROM_REGION_LENGTH__+0x3b2>
    13b6:	00 c0       	rjmp	.+0      	; 0x13b8 <__EEPROM_REGION_LENGTH__+0x3b8>
    13b8:	00 00       	nop
    13ba:	88 23       	and	r24, r24
    13bc:	09 f4       	brne	.+2      	; 0x13c0 <__EEPROM_REGION_LENGTH__+0x3c0>
    13be:	ca c0       	rjmp	.+404    	; 0x1554 <__EEPROM_REGION_LENGTH__+0x554>
    13c0:	1d c0       	rjmp	.+58     	; 0x13fc <__EEPROM_REGION_LENGTH__+0x3fc>
    13c2:	fc 85       	ldd	r31, Y+12	; 0x0c
    13c4:	f3 30       	cpi	r31, 0x03	; 3
    13c6:	51 f4       	brne	.+20     	; 0x13dc <__EEPROM_REGION_LENGTH__+0x3dc>
    13c8:	4d dd       	rcall	.-1382   	; 0xe64 <meas_Bias_Volt_Range_Check>
    13ca:	8b e3       	ldi	r24, 0x3B	; 59
    13cc:	9a e0       	ldi	r25, 0x0A	; 10
    13ce:	01 97       	sbiw	r24, 0x01	; 1
    13d0:	f1 f7       	brne	.-4      	; 0x13ce <__EEPROM_REGION_LENGTH__+0x3ce>
    13d2:	00 c0       	rjmp	.+0      	; 0x13d4 <__EEPROM_REGION_LENGTH__+0x3d4>
    13d4:	00 00       	nop
    13d6:	94 e0       	ldi	r25, 0x04	; 4
    13d8:	9c 87       	std	Y+12, r25	; 0x0c
    13da:	0c c0       	rjmp	.+24     	; 0x13f4 <__EEPROM_REGION_LENGTH__+0x3f4>
    13dc:	ab e9       	ldi	r26, 0x9B	; 155
    13de:	bf e0       	ldi	r27, 0x0F	; 15
    13e0:	11 97       	sbiw	r26, 0x01	; 1
    13e2:	f1 f7       	brne	.-4      	; 0x13e0 <__EEPROM_REGION_LENGTH__+0x3e0>
    13e4:	00 c0       	rjmp	.+0      	; 0x13e6 <__EEPROM_REGION_LENGTH__+0x3e6>
    13e6:	00 00       	nop
    13e8:	bc 85       	ldd	r27, Y+12	; 0x0c
    13ea:	bf 5f       	subi	r27, 0xFF	; 255
    13ec:	bc 87       	std	Y+12, r27	; 0x0c
    13ee:	ba 30       	cpi	r27, 0x0A	; 10
    13f0:	08 f0       	brcs	.+2      	; 0x13f4 <__EEPROM_REGION_LENGTH__+0x3f4>
    13f2:	1c 86       	std	Y+12, r1	; 0x0c
    13f4:	e1 e0       	ldi	r30, 0x01	; 1
    13f6:	ee 1a       	sub	r14, r30
    13f8:	f1 08       	sbc	r15, r1
    13fa:	b2 cf       	rjmp	.-156    	; 0x1360 <__EEPROM_REGION_LENGTH__+0x360>
    13fc:	00 99       	sbic	0x00, 0	; 0
    13fe:	04 c0       	rjmp	.+8      	; 0x1408 <__EEPROM_REGION_LENGTH__+0x408>
    1400:	80 91 b3 02 	lds	r24, 0x02B3	; 0x8002b3 <IV_Report>
    1404:	81 60       	ori	r24, 0x01	; 1
    1406:	03 c0       	rjmp	.+6      	; 0x140e <__EEPROM_REGION_LENGTH__+0x40e>
    1408:	80 91 b3 02 	lds	r24, 0x02B3	; 0x8002b3 <IV_Report>
    140c:	8e 7f       	andi	r24, 0xFE	; 254
    140e:	80 93 b3 02 	sts	0x02B3, r24	; 0x8002b3 <IV_Report>
    1412:	80 91 69 14 	lds	r24, 0x1469	; 0x801469 <Track_Status>
    1416:	80 68       	ori	r24, 0x80	; 128
    1418:	80 93 69 14 	sts	0x1469, r24	; 0x801469 <Track_Status>
    141c:	80 91 2a 14 	lds	r24, 0x142A	; 0x80142a <SysStatus_B>
    1420:	82 60       	ori	r24, 0x02	; 2
    1422:	80 93 2a 14 	sts	0x142A, r24	; 0x80142a <SysStatus_B>
    1426:	80 91 2b 14 	lds	r24, 0x142B	; 0x80142b <SysControl>
    142a:	8d 7f       	andi	r24, 0xFD	; 253
    142c:	80 93 2b 14 	sts	0x142B, r24	; 0x80142b <SysControl>
    1430:	88 85       	ldd	r24, Y+8	; 0x08
    1432:	99 85       	ldd	r25, Y+9	; 0x09
    1434:	aa 85       	ldd	r26, Y+10	; 0x0a
    1436:	bb 85       	ldd	r27, Y+11	; 0x0b
    1438:	80 93 bd 14 	sts	0x14BD, r24	; 0x8014bd <PV_Volt_DAQ_New>
    143c:	90 93 be 14 	sts	0x14BE, r25	; 0x8014be <PV_Volt_DAQ_New+0x1>
    1440:	a0 93 bf 14 	sts	0x14BF, r26	; 0x8014bf <PV_Volt_DAQ_New+0x2>
    1444:	b0 93 c0 14 	sts	0x14C0, r27	; 0x8014c0 <PV_Volt_DAQ_New+0x3>
    1448:	80 91 5c 15 	lds	r24, 0x155C	; 0x80155c <Range_Curr_ID_Act>
    144c:	9a 81       	ldd	r25, Y+2	; 0x02
    144e:	98 17       	cp	r25, r24
    1450:	39 f0       	breq	.+14     	; 0x1460 <__EEPROM_REGION_LENGTH__+0x460>
    1452:	10 92 eb 14 	sts	0x14EB, r1	; 0x8014eb <Range_Curr_Switch_Freq_Counter+0x1>
    1456:	10 92 ea 14 	sts	0x14EA, r1	; 0x8014ea <Range_Curr_Switch_Freq_Counter>
    145a:	89 2f       	mov	r24, r25
    145c:	0e 94 fa 40 	call	0x81f4	; 0x81f4 <SET_CURRENT_RANGE>
    1460:	80 91 e5 14 	lds	r24, 0x14E5	; 0x8014e5 <Range_Volt_ID_Act>
    1464:	ab 81       	ldd	r26, Y+3	; 0x03
    1466:	a8 17       	cp	r26, r24
    1468:	39 f0       	breq	.+14     	; 0x1478 <__EEPROM_REGION_LENGTH__+0x478>
    146a:	10 92 30 15 	sts	0x1530, r1	; 0x801530 <Range_Volt_Switch_Freq_Counter+0x1>
    146e:	10 92 2f 15 	sts	0x152F, r1	; 0x80152f <Range_Volt_Switch_Freq_Counter>
    1472:	8a 2f       	mov	r24, r26
    1474:	0e 94 fc 3f 	call	0x7ff8	; 0x7ff8 <SET_VOLTAGE_RANGE>
    1478:	60 91 bd 14 	lds	r22, 0x14BD	; 0x8014bd <PV_Volt_DAQ_New>
    147c:	70 91 be 14 	lds	r23, 0x14BE	; 0x8014be <PV_Volt_DAQ_New+0x1>
    1480:	80 91 bf 14 	lds	r24, 0x14BF	; 0x8014bf <PV_Volt_DAQ_New+0x2>
    1484:	90 91 c0 14 	lds	r25, 0x14C0	; 0x8014c0 <PV_Volt_DAQ_New+0x3>
    1488:	0e 94 d0 2d 	call	0x5ba0	; 0x5ba0 <Set_DAC_Output_Volts>
    148c:	13 98       	cbi	0x02, 3	; 2
    148e:	12 98       	cbi	0x02, 2	; 2
    1490:	11 98       	cbi	0x02, 1	; 2
    1492:	80 91 bf 02 	lds	r24, 0x02BF	; 0x8002bf <IV_Setup_Signal_Set_Time>
    1496:	90 91 c0 02 	lds	r25, 0x02C0	; 0x8002c0 <IV_Setup_Signal_Set_Time+0x1>
    149a:	a8 95       	wdr
    149c:	00 97       	sbiw	r24, 0x00	; 0
    149e:	49 f0       	breq	.+18     	; 0x14b2 <__EEPROM_REGION_LENGTH__+0x4b2>
    14a0:	ef e9       	ldi	r30, 0x9F	; 159
    14a2:	ff e0       	ldi	r31, 0x0F	; 15
    14a4:	31 97       	sbiw	r30, 0x01	; 1
    14a6:	f1 f7       	brne	.-4      	; 0x14a4 <__EEPROM_REGION_LENGTH__+0x4a4>
    14a8:	00 c0       	rjmp	.+0      	; 0x14aa <__EEPROM_REGION_LENGTH__+0x4aa>
    14aa:	00 00       	nop
    14ac:	a8 95       	wdr
    14ae:	01 97       	sbiw	r24, 0x01	; 1
    14b0:	f5 cf       	rjmp	.-22     	; 0x149c <__EEPROM_REGION_LENGTH__+0x49c>
    14b2:	80 91 2a 14 	lds	r24, 0x142A	; 0x80142a <SysStatus_B>
    14b6:	8e 7f       	andi	r24, 0xFE	; 254
    14b8:	80 93 2a 14 	sts	0x142A, r24	; 0x80142a <SysStatus_B>
    14bc:	80 91 31 14 	lds	r24, 0x1431	; 0x801431 <Timer_CTR>
    14c0:	8e 7f       	andi	r24, 0xFE	; 254
    14c2:	80 93 31 14 	sts	0x1431, r24	; 0x801431 <Timer_CTR>
    14c6:	2d 96       	adiw	r28, 0x0d	; 13
    14c8:	0f b6       	in	r0, 0x3f	; 63
    14ca:	f8 94       	cli
    14cc:	de bf       	out	0x3e, r29	; 62
    14ce:	0f be       	out	0x3f, r0	; 63
    14d0:	cd bf       	out	0x3d, r28	; 61
    14d2:	df 91       	pop	r29
    14d4:	cf 91       	pop	r28
    14d6:	1f 91       	pop	r17
    14d8:	0f 91       	pop	r16
    14da:	ff 90       	pop	r15
    14dc:	ef 90       	pop	r14
    14de:	df 90       	pop	r13
    14e0:	cf 90       	pop	r12
    14e2:	bf 90       	pop	r11
    14e4:	af 90       	pop	r10
    14e6:	9f 90       	pop	r9
    14e8:	8f 90       	pop	r8
    14ea:	7f 90       	pop	r7
    14ec:	6f 90       	pop	r6
    14ee:	5f 90       	pop	r5
    14f0:	4f 90       	pop	r4
    14f2:	3f 90       	pop	r3
    14f4:	2f 90       	pop	r2
    14f6:	08 95       	ret
    14f8:	2c 81       	ldd	r18, Y+4	; 0x04
    14fa:	3d 81       	ldd	r19, Y+5	; 0x05
    14fc:	4e 81       	ldd	r20, Y+6	; 0x06
    14fe:	5f 81       	ldd	r21, Y+7	; 0x07
    1500:	60 2f       	mov	r22, r16
    1502:	73 2d       	mov	r23, r3
    1504:	89 81       	ldd	r24, Y+1	; 0x01
    1506:	91 2f       	mov	r25, r17
    1508:	8c d9       	rcall	.-3304   	; 0x822 <IV_MEAS__Meas_Curr_Volt_Point>
    150a:	40 91 97 10 	lds	r20, 0x1097	; 0x801097 <AI_Volt>
    150e:	50 91 98 10 	lds	r21, 0x1098	; 0x801098 <AI_Volt+0x1>
    1512:	60 91 99 10 	lds	r22, 0x1099	; 0x801099 <AI_Volt+0x2>
    1516:	70 91 9a 10 	lds	r23, 0x109A	; 0x80109a <AI_Volt+0x3>
    151a:	c6 01       	movw	r24, r12
    151c:	88 0f       	add	r24, r24
    151e:	99 1f       	adc	r25, r25
    1520:	88 0f       	add	r24, r24
    1522:	99 1f       	adc	r25, r25
    1524:	fc 01       	movw	r30, r24
    1526:	e3 55       	subi	r30, 0x53	; 83
    1528:	f5 4f       	sbci	r31, 0xF5	; 245
    152a:	40 83       	st	Z, r20
    152c:	51 83       	std	Z+1, r21	; 0x01
    152e:	62 83       	std	Z+2, r22	; 0x02
    1530:	73 83       	std	Z+3, r23	; 0x03
    1532:	40 91 49 12 	lds	r20, 0x1249	; 0x801249 <AI_Curr_Corr>
    1536:	50 91 4a 12 	lds	r21, 0x124A	; 0x80124a <AI_Curr_Corr+0x1>
    153a:	60 91 4b 12 	lds	r22, 0x124B	; 0x80124b <AI_Curr_Corr+0x2>
    153e:	70 91 4c 12 	lds	r23, 0x124C	; 0x80124c <AI_Curr_Corr+0x3>
    1542:	fc 01       	movw	r30, r24
    1544:	e4 54       	subi	r30, 0x44	; 68
    1546:	f9 4f       	sbci	r31, 0xF9	; 249
    1548:	40 83       	st	Z, r20
    154a:	51 83       	std	Z+1, r21	; 0x01
    154c:	62 83       	std	Z+2, r22	; 0x02
    154e:	73 83       	std	Z+3, r23	; 0x03
    1550:	a3 94       	inc	r10
    1552:	d9 ce       	rjmp	.-590    	; 0x1306 <__EEPROM_REGION_LENGTH__+0x306>
    1554:	fc 85       	ldd	r31, Y+12	; 0x0c
    1556:	ff 5f       	subi	r31, 0xFF	; 255
    1558:	fc 87       	std	Y+12, r31	; 0x0c
    155a:	4c cf       	rjmp	.-360    	; 0x13f4 <__EEPROM_REGION_LENGTH__+0x3f4>

0000155c <PI_CTR__Set_New_Prop_ID>:
    155c:	cf 93       	push	r28
    155e:	c8 2f       	mov	r28, r24
    1560:	80 91 fa 13 	lds	r24, 0x13FA	; 0x8013fa <DIOE_PORT_B_STATE>
    1564:	c1 11       	cpse	r28, r1
    1566:	02 c0       	rjmp	.+4      	; 0x156c <PI_CTR__Set_New_Prop_ID+0x10>
    1568:	8f 7b       	andi	r24, 0xBF	; 191
    156a:	03 c0       	rjmp	.+6      	; 0x1572 <PI_CTR__Set_New_Prop_ID+0x16>
    156c:	c1 30       	cpi	r28, 0x01	; 1
    156e:	39 f4       	brne	.+14     	; 0x157e <PI_CTR__Set_New_Prop_ID+0x22>
    1570:	80 64       	ori	r24, 0x40	; 64
    1572:	80 93 fa 13 	sts	0x13FA, r24	; 0x8013fa <DIOE_PORT_B_STATE>
    1576:	80 91 fa 13 	lds	r24, 0x13FA	; 0x8013fa <DIOE_PORT_B_STATE>
    157a:	8f 77       	andi	r24, 0x7F	; 127
    157c:	0a c0       	rjmp	.+20     	; 0x1592 <PI_CTR__Set_New_Prop_ID+0x36>
    157e:	c2 30       	cpi	r28, 0x02	; 2
    1580:	11 f4       	brne	.+4      	; 0x1586 <PI_CTR__Set_New_Prop_ID+0x2a>
    1582:	8f 7b       	andi	r24, 0xBF	; 191
    1584:	01 c0       	rjmp	.+2      	; 0x1588 <PI_CTR__Set_New_Prop_ID+0x2c>
    1586:	80 64       	ori	r24, 0x40	; 64
    1588:	80 93 fa 13 	sts	0x13FA, r24	; 0x8013fa <DIOE_PORT_B_STATE>
    158c:	80 91 fa 13 	lds	r24, 0x13FA	; 0x8013fa <DIOE_PORT_B_STATE>
    1590:	80 68       	ori	r24, 0x80	; 128
    1592:	80 93 fa 13 	sts	0x13FA, r24	; 0x8013fa <DIOE_PORT_B_STATE>
    1596:	40 91 fa 13 	lds	r20, 0x13FA	; 0x8013fa <DIOE_PORT_B_STATE>
    159a:	60 91 47 12 	lds	r22, 0x1247	; 0x801247 <DIOE_PORT_A_STATE>
    159e:	82 e0       	ldi	r24, 0x02	; 2
    15a0:	0e 94 44 30 	call	0x6088	; 0x6088 <DIOExp_Write_Outputs>
    15a4:	8f e8       	ldi	r24, 0x8F	; 143
    15a6:	91 e0       	ldi	r25, 0x01	; 1
    15a8:	01 97       	sbiw	r24, 0x01	; 1
    15aa:	f1 f7       	brne	.-4      	; 0x15a8 <PI_CTR__Set_New_Prop_ID+0x4c>
    15ac:	00 c0       	rjmp	.+0      	; 0x15ae <PI_CTR__Set_New_Prop_ID+0x52>
    15ae:	00 00       	nop
    15b0:	c0 93 99 0e 	sts	0x0E99, r28	; 0x800e99 <PI_CTR_Prop_ID_Act>
    15b4:	cf 91       	pop	r28
    15b6:	08 95       	ret

000015b8 <PI_CTR__Set_New_Int_ID>:
    15b8:	cf 93       	push	r28
    15ba:	c8 2f       	mov	r28, r24
    15bc:	80 91 fa 13 	lds	r24, 0x13FA	; 0x8013fa <DIOE_PORT_B_STATE>
    15c0:	c1 11       	cpse	r28, r1
    15c2:	02 c0       	rjmp	.+4      	; 0x15c8 <PI_CTR__Set_New_Int_ID+0x10>
    15c4:	8f 7e       	andi	r24, 0xEF	; 239
    15c6:	03 c0       	rjmp	.+6      	; 0x15ce <PI_CTR__Set_New_Int_ID+0x16>
    15c8:	c1 30       	cpi	r28, 0x01	; 1
    15ca:	39 f4       	brne	.+14     	; 0x15da <PI_CTR__Set_New_Int_ID+0x22>
    15cc:	80 61       	ori	r24, 0x10	; 16
    15ce:	80 93 fa 13 	sts	0x13FA, r24	; 0x8013fa <DIOE_PORT_B_STATE>
    15d2:	80 91 fa 13 	lds	r24, 0x13FA	; 0x8013fa <DIOE_PORT_B_STATE>
    15d6:	8f 7d       	andi	r24, 0xDF	; 223
    15d8:	0a c0       	rjmp	.+20     	; 0x15ee <PI_CTR__Set_New_Int_ID+0x36>
    15da:	c2 30       	cpi	r28, 0x02	; 2
    15dc:	11 f4       	brne	.+4      	; 0x15e2 <PI_CTR__Set_New_Int_ID+0x2a>
    15de:	8f 7e       	andi	r24, 0xEF	; 239
    15e0:	01 c0       	rjmp	.+2      	; 0x15e4 <PI_CTR__Set_New_Int_ID+0x2c>
    15e2:	80 61       	ori	r24, 0x10	; 16
    15e4:	80 93 fa 13 	sts	0x13FA, r24	; 0x8013fa <DIOE_PORT_B_STATE>
    15e8:	80 91 fa 13 	lds	r24, 0x13FA	; 0x8013fa <DIOE_PORT_B_STATE>
    15ec:	80 62       	ori	r24, 0x20	; 32
    15ee:	80 93 fa 13 	sts	0x13FA, r24	; 0x8013fa <DIOE_PORT_B_STATE>
    15f2:	40 91 fa 13 	lds	r20, 0x13FA	; 0x8013fa <DIOE_PORT_B_STATE>
    15f6:	60 91 47 12 	lds	r22, 0x1247	; 0x801247 <DIOE_PORT_A_STATE>
    15fa:	82 e0       	ldi	r24, 0x02	; 2
    15fc:	0e 94 44 30 	call	0x6088	; 0x6088 <DIOExp_Write_Outputs>
    1600:	8f e8       	ldi	r24, 0x8F	; 143
    1602:	91 e0       	ldi	r25, 0x01	; 1
    1604:	01 97       	sbiw	r24, 0x01	; 1
    1606:	f1 f7       	brne	.-4      	; 0x1604 <PI_CTR__Set_New_Int_ID+0x4c>
    1608:	00 c0       	rjmp	.+0      	; 0x160a <PI_CTR__Set_New_Int_ID+0x52>
    160a:	00 00       	nop
    160c:	c0 93 9c 0e 	sts	0x0E9C, r28	; 0x800e9c <PI_CTR_Int_ID_Act>
    1610:	cf 91       	pop	r28
    1612:	08 95       	ret

00001614 <PI_CRT__Process_Controller_Settings>:
    1614:	90 91 99 0e 	lds	r25, 0x0E99	; 0x800e99 <PI_CTR_Prop_ID_Act>
    1618:	80 91 9a 0e 	lds	r24, 0x0E9A	; 0x800e9a <PI_CTR_Prop_ID_Man>
    161c:	98 17       	cp	r25, r24
    161e:	19 f0       	breq	.+6      	; 0x1626 <PI_CRT__Process_Controller_Settings+0x12>
    1620:	80 91 9a 0e 	lds	r24, 0x0E9A	; 0x800e9a <PI_CTR_Prop_ID_Man>
    1624:	9b df       	rcall	.-202    	; 0x155c <PI_CTR__Set_New_Prop_ID>
    1626:	90 91 9c 0e 	lds	r25, 0x0E9C	; 0x800e9c <PI_CTR_Int_ID_Act>
    162a:	80 91 9b 0e 	lds	r24, 0x0E9B	; 0x800e9b <PI_CTR_Int_ID_Man>
    162e:	98 17       	cp	r25, r24
    1630:	19 f0       	breq	.+6      	; 0x1638 <PI_CRT__Process_Controller_Settings+0x24>
    1632:	80 91 9b 0e 	lds	r24, 0x0E9B	; 0x800e9b <PI_CTR_Int_ID_Man>
    1636:	c0 cf       	rjmp	.-128    	; 0x15b8 <PI_CTR__Set_New_Int_ID>
    1638:	08 95       	ret

0000163a <UART_WriteString>:
    163a:	bc 01       	movw	r22, r24
    163c:	80 91 9e 0e 	lds	r24, 0x0E9E	; 0x800e9e <UART_Reply_L>
    1640:	81 11       	cpse	r24, r1
    1642:	fc cf       	rjmp	.-8      	; 0x163c <UART_WriteString+0x2>
    1644:	90 e0       	ldi	r25, 0x00	; 0
    1646:	29 2f       	mov	r18, r25
    1648:	30 e0       	ldi	r19, 0x00	; 0
    164a:	fb 01       	movw	r30, r22
    164c:	e2 0f       	add	r30, r18
    164e:	f3 1f       	adc	r31, r19
    1650:	40 81       	ld	r20, Z
    1652:	44 23       	and	r20, r20
    1654:	39 f0       	breq	.+14     	; 0x1664 <UART_WriteString+0x2a>
    1656:	80 81       	ld	r24, Z
    1658:	f9 01       	movw	r30, r18
    165a:	ea 56       	subi	r30, 0x6A	; 106
    165c:	f0 4f       	sbci	r31, 0xF0	; 240
    165e:	80 83       	st	Z, r24
    1660:	9f 5f       	subi	r25, 0xFF	; 255
    1662:	f1 cf       	rjmp	.-30     	; 0x1646 <UART_WriteString+0xc>
    1664:	80 91 29 14 	lds	r24, 0x1429	; 0x801429 <UartStatus>
    1668:	86 fd       	sbrc	r24, 6
    166a:	06 c0       	rjmp	.+12     	; 0x1678 <UART_WriteString+0x3e>
    166c:	f9 01       	movw	r30, r18
    166e:	ea 56       	subi	r30, 0x6A	; 106
    1670:	f0 4f       	sbci	r31, 0xF0	; 240
    1672:	8a e0       	ldi	r24, 0x0A	; 10
    1674:	80 83       	st	Z, r24
    1676:	9f 5f       	subi	r25, 0xFF	; 255
    1678:	e9 2f       	mov	r30, r25
    167a:	f0 e0       	ldi	r31, 0x00	; 0
    167c:	ea 56       	subi	r30, 0x6A	; 106
    167e:	f0 4f       	sbci	r31, 0xF0	; 240
    1680:	10 82       	st	Z, r1
    1682:	90 93 9e 0e 	sts	0x0E9E, r25	; 0x800e9e <UART_Reply_L>
    1686:	81 e0       	ldi	r24, 0x01	; 1
    1688:	80 93 95 0f 	sts	0x0F95, r24	; 0x800f95 <UART_Reply_P>
    168c:	80 91 c0 00 	lds	r24, 0x00C0	; 0x8000c0 <__TEXT_REGION_LENGTH__+0x7e00c0>
    1690:	85 ff       	sbrs	r24, 5
    1692:	fc cf       	rjmp	.-8      	; 0x168c <UART_WriteString+0x52>
    1694:	5a 9a       	sbi	0x0b, 2	; 11
    1696:	85 e0       	ldi	r24, 0x05	; 5
    1698:	8a 95       	dec	r24
    169a:	f1 f7       	brne	.-4      	; 0x1698 <UART_WriteString+0x5e>
    169c:	00 00       	nop
    169e:	80 91 c1 00 	lds	r24, 0x00C1	; 0x8000c1 <__TEXT_REGION_LENGTH__+0x7e00c1>
    16a2:	80 64       	ori	r24, 0x40	; 64
    16a4:	80 93 c1 00 	sts	0x00C1, r24	; 0x8000c1 <__TEXT_REGION_LENGTH__+0x7e00c1>
    16a8:	80 91 96 0f 	lds	r24, 0x0F96	; 0x800f96 <UART_Reply>
    16ac:	80 93 c6 00 	sts	0x00C6, r24	; 0x8000c6 <__TEXT_REGION_LENGTH__+0x7e00c6>
    16b0:	08 95       	ret

000016b2 <COM_Compare_to_OutStr>:
    16b2:	ac 01       	movw	r20, r24
    16b4:	90 91 8a 10 	lds	r25, 0x108A	; 0x80108a <OutSTR_L>
    16b8:	99 23       	and	r25, r25
    16ba:	79 f0       	breq	.+30     	; 0x16da <COM_Compare_to_OutStr+0x28>
    16bc:	91 50       	subi	r25, 0x01	; 1
    16be:	29 2f       	mov	r18, r25
    16c0:	30 e0       	ldi	r19, 0x00	; 0
    16c2:	f9 01       	movw	r30, r18
    16c4:	e0 56       	subi	r30, 0x60	; 96
    16c6:	f1 4f       	sbci	r31, 0xF1	; 241
    16c8:	80 81       	ld	r24, Z
    16ca:	fa 01       	movw	r30, r20
    16cc:	e2 0f       	add	r30, r18
    16ce:	f3 1f       	adc	r31, r19
    16d0:	20 81       	ld	r18, Z
    16d2:	28 17       	cp	r18, r24
    16d4:	89 f3       	breq	.-30     	; 0x16b8 <COM_Compare_to_OutStr+0x6>
    16d6:	80 e0       	ldi	r24, 0x00	; 0
    16d8:	08 95       	ret
    16da:	81 e0       	ldi	r24, 0x01	; 1
    16dc:	08 95       	ret

000016de <COM_Compare_to_OutStr_Offset>:
    16de:	ac 01       	movw	r20, r24
    16e0:	90 91 8a 10 	lds	r25, 0x108A	; 0x80108a <OutSTR_L>
    16e4:	69 17       	cp	r22, r25
    16e6:	78 f4       	brcc	.+30     	; 0x1706 <COM_Compare_to_OutStr_Offset+0x28>
    16e8:	91 50       	subi	r25, 0x01	; 1
    16ea:	29 2f       	mov	r18, r25
    16ec:	30 e0       	ldi	r19, 0x00	; 0
    16ee:	f9 01       	movw	r30, r18
    16f0:	e0 56       	subi	r30, 0x60	; 96
    16f2:	f1 4f       	sbci	r31, 0xF1	; 241
    16f4:	80 81       	ld	r24, Z
    16f6:	fa 01       	movw	r30, r20
    16f8:	e2 0f       	add	r30, r18
    16fa:	f3 1f       	adc	r31, r19
    16fc:	20 81       	ld	r18, Z
    16fe:	28 17       	cp	r18, r24
    1700:	89 f3       	breq	.-30     	; 0x16e4 <COM_Compare_to_OutStr_Offset+0x6>
    1702:	80 e0       	ldi	r24, 0x00	; 0
    1704:	08 95       	ret
    1706:	81 e0       	ldi	r24, 0x01	; 1
    1708:	08 95       	ret

0000170a <COM_Copy_To_OutSTR_From_Start>:
    170a:	9c 01       	movw	r18, r24
    170c:	10 92 8a 10 	sts	0x108A, r1	; 0x80108a <OutSTR_L>
    1710:	80 91 8a 10 	lds	r24, 0x108A	; 0x80108a <OutSTR_L>
    1714:	f9 01       	movw	r30, r18
    1716:	e8 0f       	add	r30, r24
    1718:	f1 1d       	adc	r31, r1
    171a:	80 81       	ld	r24, Z
    171c:	e0 91 8a 10 	lds	r30, 0x108A	; 0x80108a <OutSTR_L>
    1720:	f0 e0       	ldi	r31, 0x00	; 0
    1722:	88 23       	and	r24, r24
    1724:	79 f0       	breq	.+30     	; 0x1744 <COM_Copy_To_OutSTR_From_Start+0x3a>
    1726:	80 91 8a 10 	lds	r24, 0x108A	; 0x80108a <OutSTR_L>
    172a:	d9 01       	movw	r26, r18
    172c:	a8 0f       	add	r26, r24
    172e:	b1 1d       	adc	r27, r1
    1730:	8c 91       	ld	r24, X
    1732:	e0 56       	subi	r30, 0x60	; 96
    1734:	f1 4f       	sbci	r31, 0xF1	; 241
    1736:	80 83       	st	Z, r24
    1738:	90 91 8a 10 	lds	r25, 0x108A	; 0x80108a <OutSTR_L>
    173c:	9f 5f       	subi	r25, 0xFF	; 255
    173e:	90 93 8a 10 	sts	0x108A, r25	; 0x80108a <OutSTR_L>
    1742:	e6 cf       	rjmp	.-52     	; 0x1710 <COM_Copy_To_OutSTR_From_Start+0x6>
    1744:	e0 56       	subi	r30, 0x60	; 96
    1746:	f1 4f       	sbci	r31, 0xF1	; 241
    1748:	10 82       	st	Z, r1
    174a:	08 95       	ret

0000174c <COM_Add_To_OutSTR_with_Sep>:
    174c:	ac 01       	movw	r20, r24
    174e:	e0 91 8a 10 	lds	r30, 0x108A	; 0x80108a <OutSTR_L>
    1752:	f0 e0       	ldi	r31, 0x00	; 0
    1754:	e0 56       	subi	r30, 0x60	; 96
    1756:	f1 4f       	sbci	r31, 0xF1	; 241
    1758:	89 e0       	ldi	r24, 0x09	; 9
    175a:	80 83       	st	Z, r24
    175c:	90 91 8a 10 	lds	r25, 0x108A	; 0x80108a <OutSTR_L>
    1760:	9f 5f       	subi	r25, 0xFF	; 255
    1762:	90 93 8a 10 	sts	0x108A, r25	; 0x80108a <OutSTR_L>
    1766:	90 e0       	ldi	r25, 0x00	; 0
    1768:	da 01       	movw	r26, r20
    176a:	a9 0f       	add	r26, r25
    176c:	b1 1d       	adc	r27, r1
    176e:	8c 91       	ld	r24, X
    1770:	e0 91 8a 10 	lds	r30, 0x108A	; 0x80108a <OutSTR_L>
    1774:	f0 e0       	ldi	r31, 0x00	; 0
    1776:	88 23       	and	r24, r24
    1778:	59 f0       	breq	.+22     	; 0x1790 <COM_Add_To_OutSTR_with_Sep+0x44>
    177a:	8c 91       	ld	r24, X
    177c:	e0 56       	subi	r30, 0x60	; 96
    177e:	f1 4f       	sbci	r31, 0xF1	; 241
    1780:	80 83       	st	Z, r24
    1782:	9f 5f       	subi	r25, 0xFF	; 255
    1784:	20 91 8a 10 	lds	r18, 0x108A	; 0x80108a <OutSTR_L>
    1788:	2f 5f       	subi	r18, 0xFF	; 255
    178a:	20 93 8a 10 	sts	0x108A, r18	; 0x80108a <OutSTR_L>
    178e:	ec cf       	rjmp	.-40     	; 0x1768 <COM_Add_To_OutSTR_with_Sep+0x1c>
    1790:	e0 56       	subi	r30, 0x60	; 96
    1792:	f1 4f       	sbci	r31, 0xF1	; 241
    1794:	10 82       	st	Z, r1
    1796:	08 95       	ret

00001798 <COM_Add_To_OutSTR_At_Position>:
    1798:	ac 01       	movw	r20, r24
    179a:	60 93 8a 10 	sts	0x108A, r22	; 0x80108a <OutSTR_L>
    179e:	90 e0       	ldi	r25, 0x00	; 0
    17a0:	fa 01       	movw	r30, r20
    17a2:	e9 0f       	add	r30, r25
    17a4:	f1 1d       	adc	r31, r1
    17a6:	20 81       	ld	r18, Z
    17a8:	e0 91 8a 10 	lds	r30, 0x108A	; 0x80108a <OutSTR_L>
    17ac:	f0 e0       	ldi	r31, 0x00	; 0
    17ae:	e0 56       	subi	r30, 0x60	; 96
    17b0:	f1 4f       	sbci	r31, 0xF1	; 241
    17b2:	22 23       	and	r18, r18
    17b4:	41 f0       	breq	.+16     	; 0x17c6 <COM_Add_To_OutSTR_At_Position+0x2e>
    17b6:	20 83       	st	Z, r18
    17b8:	20 91 8a 10 	lds	r18, 0x108A	; 0x80108a <OutSTR_L>
    17bc:	2f 5f       	subi	r18, 0xFF	; 255
    17be:	20 93 8a 10 	sts	0x108A, r18	; 0x80108a <OutSTR_L>
    17c2:	9f 5f       	subi	r25, 0xFF	; 255
    17c4:	ed cf       	rjmp	.-38     	; 0x17a0 <COM_Add_To_OutSTR_At_Position+0x8>
    17c6:	10 82       	st	Z, r1
    17c8:	08 95       	ret

000017ca <COM_Add_QuestMark_To_OutSTR_No_Sep>:
    17ca:	e0 91 8a 10 	lds	r30, 0x108A	; 0x80108a <OutSTR_L>
    17ce:	f0 e0       	ldi	r31, 0x00	; 0
    17d0:	e0 56       	subi	r30, 0x60	; 96
    17d2:	f1 4f       	sbci	r31, 0xF1	; 241
    17d4:	8f e3       	ldi	r24, 0x3F	; 63
    17d6:	80 83       	st	Z, r24
    17d8:	80 91 8a 10 	lds	r24, 0x108A	; 0x80108a <OutSTR_L>
    17dc:	8f 5f       	subi	r24, 0xFF	; 255
    17de:	80 93 8a 10 	sts	0x108A, r24	; 0x80108a <OutSTR_L>
    17e2:	e0 91 8a 10 	lds	r30, 0x108A	; 0x80108a <OutSTR_L>
    17e6:	f0 e0       	ldi	r31, 0x00	; 0
    17e8:	e0 56       	subi	r30, 0x60	; 96
    17ea:	f1 4f       	sbci	r31, 0xF1	; 241
    17ec:	10 82       	st	Z, r1
    17ee:	08 95       	ret

000017f0 <Compare_String>:
    17f0:	fb 01       	movw	r30, r22
    17f2:	2e 2f       	mov	r18, r30
    17f4:	26 1b       	sub	r18, r22
    17f6:	42 17       	cp	r20, r18
    17f8:	41 f0       	breq	.+16     	; 0x180a <Compare_String+0x1a>
    17fa:	dc 01       	movw	r26, r24
    17fc:	3d 91       	ld	r19, X+
    17fe:	cd 01       	movw	r24, r26
    1800:	20 81       	ld	r18, Z
    1802:	32 13       	cpse	r19, r18
    1804:	04 c0       	rjmp	.+8      	; 0x180e <Compare_String+0x1e>
    1806:	31 96       	adiw	r30, 0x01	; 1
    1808:	f4 cf       	rjmp	.-24     	; 0x17f2 <Compare_String+0x2>
    180a:	81 e0       	ldi	r24, 0x01	; 1
    180c:	08 95       	ret
    180e:	80 e0       	ldi	r24, 0x00	; 0
    1810:	08 95       	ret

00001812 <Copy_String>:
    1812:	ac 01       	movw	r20, r24
    1814:	90 e0       	ldi	r25, 0x00	; 0
    1816:	e9 2f       	mov	r30, r25
    1818:	f0 e0       	ldi	r31, 0x00	; 0
    181a:	db 01       	movw	r26, r22
    181c:	ae 0f       	add	r26, r30
    181e:	bf 1f       	adc	r27, r31
    1820:	2c 91       	ld	r18, X
    1822:	e4 0f       	add	r30, r20
    1824:	f5 1f       	adc	r31, r21
    1826:	22 23       	and	r18, r18
    1828:	19 f0       	breq	.+6      	; 0x1830 <Copy_String+0x1e>
    182a:	20 83       	st	Z, r18
    182c:	9f 5f       	subi	r25, 0xFF	; 255
    182e:	f3 cf       	rjmp	.-26     	; 0x1816 <Copy_String+0x4>
    1830:	10 82       	st	Z, r1
    1832:	08 95       	ret

00001834 <AddEnd_String>:
    1834:	cf 93       	push	r28
    1836:	df 93       	push	r29
    1838:	dc 01       	movw	r26, r24
    183a:	90 e0       	ldi	r25, 0x00	; 0
    183c:	fd 01       	movw	r30, r26
    183e:	e9 0f       	add	r30, r25
    1840:	f1 1d       	adc	r31, r1
    1842:	80 81       	ld	r24, Z
    1844:	88 23       	and	r24, r24
    1846:	11 f0       	breq	.+4      	; 0x184c <AddEnd_String+0x18>
    1848:	9f 5f       	subi	r25, 0xFF	; 255
    184a:	f8 cf       	rjmp	.-16     	; 0x183c <AddEnd_String+0x8>
    184c:	49 2f       	mov	r20, r25
    184e:	84 2f       	mov	r24, r20
    1850:	89 1b       	sub	r24, r25
    1852:	eb 01       	movw	r28, r22
    1854:	c8 0f       	add	r28, r24
    1856:	d1 1d       	adc	r29, r1
    1858:	88 81       	ld	r24, Y
    185a:	24 2f       	mov	r18, r20
    185c:	30 e0       	ldi	r19, 0x00	; 0
    185e:	fd 01       	movw	r30, r26
    1860:	e2 0f       	add	r30, r18
    1862:	f3 1f       	adc	r31, r19
    1864:	88 23       	and	r24, r24
    1866:	21 f0       	breq	.+8      	; 0x1870 <AddEnd_String+0x3c>
    1868:	88 81       	ld	r24, Y
    186a:	80 83       	st	Z, r24
    186c:	4f 5f       	subi	r20, 0xFF	; 255
    186e:	ef cf       	rjmp	.-34     	; 0x184e <AddEnd_String+0x1a>
    1870:	10 82       	st	Z, r1
    1872:	df 91       	pop	r29
    1874:	cf 91       	pop	r28
    1876:	08 95       	ret

00001878 <FloatToString>:
    1878:	0f 93       	push	r16
    187a:	fc 01       	movw	r30, r24
    187c:	cb 01       	movw	r24, r22
    187e:	ba 01       	movw	r22, r20
    1880:	03 e0       	ldi	r16, 0x03	; 3
    1882:	25 e0       	ldi	r18, 0x05	; 5
    1884:	af 01       	movw	r20, r30
    1886:	0e 94 5e 4a 	call	0x94bc	; 0x94bc <dtostre>
    188a:	0f 91       	pop	r16
    188c:	08 95       	ret

0000188e <UART_Transfer_IV>:
    188e:	cf 93       	push	r28
    1890:	df 93       	push	r29
    1892:	cd b7       	in	r28, 0x3d	; 61
    1894:	de b7       	in	r29, 0x3e	; 62
    1896:	c6 56       	subi	r28, 0x66	; 102
    1898:	d1 09       	sbc	r29, r1
    189a:	0f b6       	in	r0, 0x3f	; 63
    189c:	f8 94       	cli
    189e:	de bf       	out	0x3e, r29	; 62
    18a0:	0f be       	out	0x3f, r0	; 63
    18a2:	cd bf       	out	0x3d, r28	; 61
    18a4:	80 91 29 14 	lds	r24, 0x1429	; 0x801429 <UartStatus>
    18a8:	87 ff       	sbrs	r24, 7
    18aa:	17 c0       	rjmp	.+46     	; 0x18da <UART_Transfer_IV+0x4c>
    18ac:	80 91 9e 0e 	lds	r24, 0x0E9E	; 0x800e9e <UART_Reply_L>
    18b0:	81 11       	cpse	r24, r1
    18b2:	13 c0       	rjmp	.+38     	; 0x18da <UART_Transfer_IV+0x4c>
    18b4:	80 91 a0 0e 	lds	r24, 0x0EA0	; 0x800ea0 <OutSTR>
    18b8:	81 11       	cpse	r24, r1
    18ba:	07 c0       	rjmp	.+14     	; 0x18ca <UART_Transfer_IV+0x3c>
    18bc:	80 91 29 14 	lds	r24, 0x1429	; 0x801429 <UartStatus>
    18c0:	8f 7b       	andi	r24, 0xBF	; 191
    18c2:	80 93 29 14 	sts	0x1429, r24	; 0x801429 <UartStatus>
    18c6:	10 92 9d 0e 	sts	0x0E9D, r1	; 0x800e9d <Trans_IV_Point>
    18ca:	80 ea       	ldi	r24, 0xA0	; 160
    18cc:	9e e0       	ldi	r25, 0x0E	; 14
    18ce:	b5 de       	rcall	.-662    	; 0x163a <UART_WriteString>
    18d0:	80 91 29 14 	lds	r24, 0x1429	; 0x801429 <UartStatus>
    18d4:	8f 77       	andi	r24, 0x7F	; 127
    18d6:	80 93 29 14 	sts	0x1429, r24	; 0x801429 <UartStatus>
    18da:	80 91 29 14 	lds	r24, 0x1429	; 0x801429 <UartStatus>
    18de:	87 fd       	sbrc	r24, 7
    18e0:	3b c0       	rjmp	.+118    	; 0x1958 <UART_Transfer_IV+0xca>
    18e2:	90 91 9d 0e 	lds	r25, 0x0E9D	; 0x800e9d <Trans_IV_Point>
    18e6:	80 91 b7 06 	lds	r24, 0x06B7	; 0x8006b7 <IV_Meas_Points>
    18ea:	98 17       	cp	r25, r24
    18ec:	60 f5       	brcc	.+88     	; 0x1946 <UART_Transfer_IV+0xb8>
    18ee:	e0 91 9d 0e 	lds	r30, 0x0E9D	; 0x800e9d <Trans_IV_Point>
    18f2:	84 e0       	ldi	r24, 0x04	; 4
    18f4:	e8 9f       	mul	r30, r24
    18f6:	f0 01       	movw	r30, r0
    18f8:	11 24       	eor	r1, r1
    18fa:	e3 55       	subi	r30, 0x53	; 83
    18fc:	f5 4f       	sbci	r31, 0xF5	; 245
    18fe:	40 81       	ld	r20, Z
    1900:	51 81       	ldd	r21, Z+1	; 0x01
    1902:	62 81       	ldd	r22, Z+2	; 0x02
    1904:	73 81       	ldd	r23, Z+3	; 0x03
    1906:	ce 01       	movw	r24, r28
    1908:	01 96       	adiw	r24, 0x01	; 1
    190a:	b6 df       	rcall	.-148    	; 0x1878 <FloatToString>
    190c:	10 92 8a 10 	sts	0x108A, r1	; 0x80108a <OutSTR_L>
    1910:	ce 01       	movw	r24, r28
    1912:	01 96       	adiw	r24, 0x01	; 1
    1914:	1b df       	rcall	.-458    	; 0x174c <COM_Add_To_OutSTR_with_Sep>
    1916:	e0 91 9d 0e 	lds	r30, 0x0E9D	; 0x800e9d <Trans_IV_Point>
    191a:	84 e0       	ldi	r24, 0x04	; 4
    191c:	e8 9f       	mul	r30, r24
    191e:	f0 01       	movw	r30, r0
    1920:	11 24       	eor	r1, r1
    1922:	e4 54       	subi	r30, 0x44	; 68
    1924:	f9 4f       	sbci	r31, 0xF9	; 249
    1926:	40 81       	ld	r20, Z
    1928:	51 81       	ldd	r21, Z+1	; 0x01
    192a:	62 81       	ldd	r22, Z+2	; 0x02
    192c:	73 81       	ldd	r23, Z+3	; 0x03
    192e:	ce 01       	movw	r24, r28
    1930:	01 96       	adiw	r24, 0x01	; 1
    1932:	a2 df       	rcall	.-188    	; 0x1878 <FloatToString>
    1934:	ce 01       	movw	r24, r28
    1936:	01 96       	adiw	r24, 0x01	; 1
    1938:	09 df       	rcall	.-494    	; 0x174c <COM_Add_To_OutSTR_with_Sep>
    193a:	80 91 9d 0e 	lds	r24, 0x0E9D	; 0x800e9d <Trans_IV_Point>
    193e:	8f 5f       	subi	r24, 0xFF	; 255
    1940:	80 93 9d 0e 	sts	0x0E9D, r24	; 0x800e9d <Trans_IV_Point>
    1944:	04 c0       	rjmp	.+8      	; 0x194e <UART_Transfer_IV+0xc0>
    1946:	10 92 9d 0e 	sts	0x0E9D, r1	; 0x800e9d <Trans_IV_Point>
    194a:	10 92 a0 0e 	sts	0x0EA0, r1	; 0x800ea0 <OutSTR>
    194e:	80 91 29 14 	lds	r24, 0x1429	; 0x801429 <UartStatus>
    1952:	80 68       	ori	r24, 0x80	; 128
    1954:	80 93 29 14 	sts	0x1429, r24	; 0x801429 <UartStatus>
    1958:	ca 59       	subi	r28, 0x9A	; 154
    195a:	df 4f       	sbci	r29, 0xFF	; 255
    195c:	0f b6       	in	r0, 0x3f	; 63
    195e:	f8 94       	cli
    1960:	de bf       	out	0x3e, r29	; 62
    1962:	0f be       	out	0x3f, r0	; 63
    1964:	cd bf       	out	0x3d, r28	; 61
    1966:	df 91       	pop	r29
    1968:	cf 91       	pop	r28
    196a:	08 95       	ret

0000196c <UART_Execute_Command>:
    196c:	4f 92       	push	r4
    196e:	5f 92       	push	r5
    1970:	6f 92       	push	r6
    1972:	7f 92       	push	r7
    1974:	8f 92       	push	r8
    1976:	9f 92       	push	r9
    1978:	af 92       	push	r10
    197a:	bf 92       	push	r11
    197c:	ef 92       	push	r14
    197e:	ff 92       	push	r15
    1980:	0f 93       	push	r16
    1982:	1f 93       	push	r17
    1984:	cf 93       	push	r28
    1986:	df 93       	push	r29
    1988:	ec 01       	movw	r28, r24
    198a:	8b 01       	movw	r16, r22
    198c:	80 e0       	ldi	r24, 0x00	; 0
    198e:	91 e0       	ldi	r25, 0x01	; 1
    1990:	bc de       	rcall	.-648    	; 0x170a <COM_Copy_To_OutSTR_From_Start>
    1992:	ce 01       	movw	r24, r28
    1994:	8e de       	rcall	.-740    	; 0x16b2 <COM_Compare_to_OutStr>
    1996:	88 23       	and	r24, r24
    1998:	09 f4       	brne	.+2      	; 0x199c <UART_Execute_Command+0x30>
    199a:	64 c0       	rjmp	.+200    	; 0x1a64 <UART_Execute_Command+0xf8>
    199c:	80 91 26 14 	lds	r24, 0x1426	; 0x801426 <SysStatus_A>
    19a0:	90 91 2a 14 	lds	r25, 0x142A	; 0x80142a <SysStatus_B>
    19a4:	4a e0       	ldi	r20, 0x0A	; 10
    19a6:	b8 01       	movw	r22, r16
    19a8:	0e 94 08 4c 	call	0x9810	; 0x9810 <__itoa_ncheck>
    19ac:	c8 01       	movw	r24, r16
    19ae:	ce de       	rcall	.-612    	; 0x174c <COM_Add_To_OutSTR_with_Sep>
    19b0:	40 91 97 10 	lds	r20, 0x1097	; 0x801097 <AI_Volt>
    19b4:	50 91 98 10 	lds	r21, 0x1098	; 0x801098 <AI_Volt+0x1>
    19b8:	60 91 99 10 	lds	r22, 0x1099	; 0x801099 <AI_Volt+0x2>
    19bc:	70 91 9a 10 	lds	r23, 0x109A	; 0x80109a <AI_Volt+0x3>
    19c0:	c8 01       	movw	r24, r16
    19c2:	5a df       	rcall	.-332    	; 0x1878 <FloatToString>
    19c4:	c8 01       	movw	r24, r16
    19c6:	c2 de       	rcall	.-636    	; 0x174c <COM_Add_To_OutSTR_with_Sep>
    19c8:	40 91 49 12 	lds	r20, 0x1249	; 0x801249 <AI_Curr_Corr>
    19cc:	50 91 4a 12 	lds	r21, 0x124A	; 0x80124a <AI_Curr_Corr+0x1>
    19d0:	60 91 4b 12 	lds	r22, 0x124B	; 0x80124b <AI_Curr_Corr+0x2>
    19d4:	70 91 4c 12 	lds	r23, 0x124C	; 0x80124c <AI_Curr_Corr+0x3>
    19d8:	c8 01       	movw	r24, r16
    19da:	4e df       	rcall	.-356    	; 0x1878 <FloatToString>
    19dc:	c8 01       	movw	r24, r16
    19de:	b6 de       	rcall	.-660    	; 0x174c <COM_Add_To_OutSTR_with_Sep>
    19e0:	40 91 9b 10 	lds	r20, 0x109B	; 0x80109b <AI_Offset>
    19e4:	50 91 9c 10 	lds	r21, 0x109C	; 0x80109c <AI_Offset+0x1>
    19e8:	60 91 9d 10 	lds	r22, 0x109D	; 0x80109d <AI_Offset+0x2>
    19ec:	70 91 9e 10 	lds	r23, 0x109E	; 0x80109e <AI_Offset+0x3>
    19f0:	c8 01       	movw	r24, r16
    19f2:	42 df       	rcall	.-380    	; 0x1878 <FloatToString>
    19f4:	c8 01       	movw	r24, r16
    19f6:	aa de       	rcall	.-684    	; 0x174c <COM_Add_To_OutSTR_with_Sep>
    19f8:	40 91 11 14 	lds	r20, 0x1411	; 0x801411 <AI_Bias>
    19fc:	50 91 12 14 	lds	r21, 0x1412	; 0x801412 <AI_Bias+0x1>
    1a00:	60 91 13 14 	lds	r22, 0x1413	; 0x801413 <AI_Bias+0x2>
    1a04:	70 91 14 14 	lds	r23, 0x1414	; 0x801414 <AI_Bias+0x3>
    1a08:	c8 01       	movw	r24, r16
    1a0a:	36 df       	rcall	.-404    	; 0x1878 <FloatToString>
    1a0c:	c8 01       	movw	r24, r16
    1a0e:	9e de       	rcall	.-708    	; 0x174c <COM_Add_To_OutSTR_with_Sep>
    1a10:	40 91 a7 10 	lds	r20, 0x10A7	; 0x8010a7 <AI_NTC_Temp_1>
    1a14:	50 91 a8 10 	lds	r21, 0x10A8	; 0x8010a8 <AI_NTC_Temp_1+0x1>
    1a18:	60 91 a9 10 	lds	r22, 0x10A9	; 0x8010a9 <AI_NTC_Temp_1+0x2>
    1a1c:	70 91 aa 10 	lds	r23, 0x10AA	; 0x8010aa <AI_NTC_Temp_1+0x3>
    1a20:	c8 01       	movw	r24, r16
    1a22:	2a df       	rcall	.-428    	; 0x1878 <FloatToString>
    1a24:	c8 01       	movw	r24, r16
    1a26:	92 de       	rcall	.-732    	; 0x174c <COM_Add_To_OutSTR_with_Sep>
    1a28:	40 91 15 14 	lds	r20, 0x1415	; 0x801415 <AI_NTC_Temp_2>
    1a2c:	50 91 16 14 	lds	r21, 0x1416	; 0x801416 <AI_NTC_Temp_2+0x1>
    1a30:	60 91 17 14 	lds	r22, 0x1417	; 0x801417 <AI_NTC_Temp_2+0x2>
    1a34:	70 91 18 14 	lds	r23, 0x1418	; 0x801418 <AI_NTC_Temp_2+0x3>
    1a38:	c8 01       	movw	r24, r16
    1a3a:	1e df       	rcall	.-452    	; 0x1878 <FloatToString>
    1a3c:	c8 01       	movw	r24, r16
    1a3e:	86 de       	rcall	.-756    	; 0x174c <COM_Add_To_OutSTR_with_Sep>
    1a40:	80 91 2d 14 	lds	r24, 0x142D	; 0x80142d <SysConfig>
    1a44:	80 fd       	sbrc	r24, 0
    1a46:	02 c0       	rjmp	.+4      	; 0x1a4c <UART_Execute_Command+0xe0>
    1a48:	0c 94 d6 16 	jmp	0x2dac	; 0x2dac <UART_Execute_Command+0x1440>
    1a4c:	40 91 56 12 	lds	r20, 0x1256	; 0x801256 <AI_RTD_Temp>
    1a50:	50 91 57 12 	lds	r21, 0x1257	; 0x801257 <AI_RTD_Temp+0x1>
    1a54:	60 91 58 12 	lds	r22, 0x1258	; 0x801258 <AI_RTD_Temp+0x2>
    1a58:	70 91 59 12 	lds	r23, 0x1259	; 0x801259 <AI_RTD_Temp+0x3>
    1a5c:	c8 01       	movw	r24, r16
    1a5e:	0c df       	rcall	.-488    	; 0x1878 <FloatToString>
    1a60:	0c 94 d3 16 	jmp	0x2da6	; 0x2da6 <UART_Execute_Command+0x143a>
    1a64:	86 e0       	ldi	r24, 0x06	; 6
    1a66:	91 e0       	ldi	r25, 0x01	; 1
    1a68:	50 de       	rcall	.-864    	; 0x170a <COM_Copy_To_OutSTR_From_Start>
    1a6a:	ce 01       	movw	r24, r28
    1a6c:	22 de       	rcall	.-956    	; 0x16b2 <COM_Compare_to_OutStr>
    1a6e:	88 23       	and	r24, r24
    1a70:	49 f1       	breq	.+82     	; 0x1ac4 <UART_Execute_Command+0x158>
    1a72:	80 91 8a 10 	lds	r24, 0x108A	; 0x80108a <OutSTR_L>
    1a76:	fe 01       	movw	r30, r28
    1a78:	e8 0f       	add	r30, r24
    1a7a:	f1 1d       	adc	r31, r1
    1a7c:	80 81       	ld	r24, Z
    1a7e:	81 11       	cpse	r24, r1
    1a80:	12 c0       	rjmp	.+36     	; 0x1aa6 <UART_Execute_Command+0x13a>
    1a82:	f8 01       	movw	r30, r16
    1a84:	80 81       	ld	r24, Z
    1a86:	81 33       	cpi	r24, 0x31	; 49
    1a88:	21 f4       	brne	.+8      	; 0x1a92 <UART_Execute_Command+0x126>
    1a8a:	80 91 2b 14 	lds	r24, 0x142B	; 0x80142b <SysControl>
    1a8e:	81 60       	ori	r24, 0x01	; 1
    1a90:	07 c0       	rjmp	.+14     	; 0x1aa0 <UART_Execute_Command+0x134>
    1a92:	80 33       	cpi	r24, 0x30	; 48
    1a94:	11 f0       	breq	.+4      	; 0x1a9a <UART_Execute_Command+0x12e>
    1a96:	0c 94 ee 16 	jmp	0x2ddc	; 0x2ddc <UART_Execute_Command+0x1470>
    1a9a:	80 91 2b 14 	lds	r24, 0x142B	; 0x80142b <SysControl>
    1a9e:	8e 7f       	andi	r24, 0xFE	; 254
    1aa0:	80 93 2b 14 	sts	0x142B, r24	; 0x80142b <SysControl>
    1aa4:	0a c0       	rjmp	.+20     	; 0x1aba <UART_Execute_Command+0x14e>
    1aa6:	80 91 8a 10 	lds	r24, 0x108A	; 0x80108a <OutSTR_L>
    1aaa:	c8 0f       	add	r28, r24
    1aac:	d1 1d       	adc	r29, r1
    1aae:	88 81       	ld	r24, Y
    1ab0:	8f 33       	cpi	r24, 0x3F	; 63
    1ab2:	11 f0       	breq	.+4      	; 0x1ab8 <UART_Execute_Command+0x14c>
    1ab4:	0c 94 ee 16 	jmp	0x2ddc	; 0x2ddc <UART_Execute_Command+0x1470>
    1ab8:	88 de       	rcall	.-752    	; 0x17ca <COM_Add_QuestMark_To_OutSTR_No_Sep>
    1aba:	80 91 2b 14 	lds	r24, 0x142B	; 0x80142b <SysControl>
    1abe:	80 ff       	sbrs	r24, 0
    1ac0:	39 c0       	rjmp	.+114    	; 0x1b34 <UART_Execute_Command+0x1c8>
    1ac2:	0e c5       	rjmp	.+2588   	; 0x24e0 <UART_Execute_Command+0xb74>
    1ac4:	8f e0       	ldi	r24, 0x0F	; 15
    1ac6:	91 e0       	ldi	r25, 0x01	; 1
    1ac8:	20 de       	rcall	.-960    	; 0x170a <COM_Copy_To_OutSTR_From_Start>
    1aca:	f0 90 8a 10 	lds	r15, 0x108A	; 0x80108a <OutSTR_L>
    1ace:	ce 01       	movw	r24, r28
    1ad0:	f0 dd       	rcall	.-1056   	; 0x16b2 <COM_Compare_to_OutStr>
    1ad2:	81 11       	cpse	r24, r1
    1ad4:	32 c0       	rjmp	.+100    	; 0x1b3a <UART_Execute_Command+0x1ce>
    1ad6:	8c e3       	ldi	r24, 0x3C	; 60
    1ad8:	91 e0       	ldi	r25, 0x01	; 1
    1ada:	17 de       	rcall	.-978    	; 0x170a <COM_Copy_To_OutSTR_From_Start>
    1adc:	f0 90 8a 10 	lds	r15, 0x108A	; 0x80108a <OutSTR_L>
    1ae0:	ce 01       	movw	r24, r28
    1ae2:	e7 dd       	rcall	.-1074   	; 0x16b2 <COM_Compare_to_OutStr>
    1ae4:	81 11       	cpse	r24, r1
    1ae6:	70 c0       	rjmp	.+224    	; 0x1bc8 <UART_Execute_Command+0x25c>
    1ae8:	83 e2       	ldi	r24, 0x23	; 35
    1aea:	92 e0       	ldi	r25, 0x02	; 2
    1aec:	0e de       	rcall	.-996    	; 0x170a <COM_Copy_To_OutSTR_From_Start>
    1aee:	f0 90 8a 10 	lds	r15, 0x108A	; 0x80108a <OutSTR_L>
    1af2:	ce 01       	movw	r24, r28
    1af4:	de dd       	rcall	.-1092   	; 0x16b2 <COM_Compare_to_OutStr>
    1af6:	88 23       	and	r24, r24
    1af8:	09 f4       	brne	.+2      	; 0x1afc <UART_Execute_Command+0x190>
    1afa:	59 c3       	rjmp	.+1714   	; 0x21ae <UART_Execute_Command+0x842>
    1afc:	6f 2d       	mov	r22, r15
    1afe:	82 e6       	ldi	r24, 0x62	; 98
    1b00:	91 e0       	ldi	r25, 0x01	; 1
    1b02:	4a de       	rcall	.-876    	; 0x1798 <COM_Add_To_OutSTR_At_Position>
    1b04:	6f 2d       	mov	r22, r15
    1b06:	ce 01       	movw	r24, r28
    1b08:	ea dd       	rcall	.-1068   	; 0x16de <COM_Compare_to_OutStr_Offset>
    1b0a:	88 23       	and	r24, r24
    1b0c:	09 f4       	brne	.+2      	; 0x1b10 <UART_Execute_Command+0x1a4>
    1b0e:	aa c1       	rjmp	.+852    	; 0x1e64 <UART_Execute_Command+0x4f8>
    1b10:	80 91 8a 10 	lds	r24, 0x108A	; 0x80108a <OutSTR_L>
    1b14:	c8 0f       	add	r28, r24
    1b16:	d1 1d       	adc	r29, r1
    1b18:	88 81       	ld	r24, Y
    1b1a:	81 11       	cpse	r24, r1
    1b1c:	0c 94 ee 16 	jmp	0x2ddc	; 0x2ddc <UART_Execute_Command+0x1470>
    1b20:	0e 94 70 36 	call	0x6ce0	; 0x6ce0 <Check_Temp_Disconnect_State>
    1b24:	88 23       	and	r24, r24
    1b26:	09 f4       	brne	.+2      	; 0x1b2a <UART_Execute_Command+0x1be>
    1b28:	1f c1       	rjmp	.+574    	; 0x1d68 <UART_Execute_Command+0x3fc>
    1b2a:	80 91 2b 14 	lds	r24, 0x142B	; 0x80142b <SysControl>
    1b2e:	8d 7f       	andi	r24, 0xFD	; 253
    1b30:	80 93 2b 14 	sts	0x142B, r24	; 0x80142b <SysControl>
    1b34:	8d e0       	ldi	r24, 0x0D	; 13
    1b36:	91 e0       	ldi	r25, 0x01	; 1
    1b38:	72 c0       	rjmp	.+228    	; 0x1c1e <UART_Execute_Command+0x2b2>
    1b3a:	6f 2d       	mov	r22, r15
    1b3c:	81 e1       	ldi	r24, 0x11	; 17
    1b3e:	91 e0       	ldi	r25, 0x01	; 1
    1b40:	2b de       	rcall	.-938    	; 0x1798 <COM_Add_To_OutSTR_At_Position>
    1b42:	6f 2d       	mov	r22, r15
    1b44:	ce 01       	movw	r24, r28
    1b46:	cb dd       	rcall	.-1130   	; 0x16de <COM_Compare_to_OutStr_Offset>
    1b48:	88 23       	and	r24, r24
    1b4a:	41 f0       	breq	.+16     	; 0x1b5c <UART_Execute_Command+0x1f0>
    1b4c:	80 91 26 14 	lds	r24, 0x1426	; 0x801426 <SysStatus_A>
    1b50:	90 91 2a 14 	lds	r25, 0x142A	; 0x80142a <SysStatus_B>
    1b54:	4a e0       	ldi	r20, 0x0A	; 10
    1b56:	b8 01       	movw	r22, r16
    1b58:	0c 94 d1 16 	jmp	0x2da2	; 0x2da2 <UART_Execute_Command+0x1436>
    1b5c:	6f 2d       	mov	r22, r15
    1b5e:	86 e1       	ldi	r24, 0x16	; 22
    1b60:	91 e0       	ldi	r25, 0x01	; 1
    1b62:	1a de       	rcall	.-972    	; 0x1798 <COM_Add_To_OutSTR_At_Position>
    1b64:	6f 2d       	mov	r22, r15
    1b66:	ce 01       	movw	r24, r28
    1b68:	ba dd       	rcall	.-1164   	; 0x16de <COM_Compare_to_OutStr_Offset>
    1b6a:	88 23       	and	r24, r24
    1b6c:	21 f0       	breq	.+8      	; 0x1b76 <UART_Execute_Command+0x20a>
    1b6e:	8b e0       	ldi	r24, 0x0B	; 11
    1b70:	91 e0       	ldi	r25, 0x01	; 1
    1b72:	cb dd       	rcall	.-1130   	; 0x170a <COM_Copy_To_OutSTR_From_Start>
    1b74:	55 c0       	rjmp	.+170    	; 0x1c20 <UART_Execute_Command+0x2b4>
    1b76:	6f 2d       	mov	r22, r15
    1b78:	8b e1       	ldi	r24, 0x1B	; 27
    1b7a:	91 e0       	ldi	r25, 0x01	; 1
    1b7c:	0d de       	rcall	.-998    	; 0x1798 <COM_Add_To_OutSTR_At_Position>
    1b7e:	6f 2d       	mov	r22, r15
    1b80:	ce 01       	movw	r24, r28
    1b82:	ad dd       	rcall	.-1190   	; 0x16de <COM_Compare_to_OutStr_Offset>
    1b84:	88 23       	and	r24, r24
    1b86:	49 f0       	breq	.+18     	; 0x1b9a <UART_Execute_Command+0x22e>
    1b88:	80 e2       	ldi	r24, 0x20	; 32
    1b8a:	91 e0       	ldi	r25, 0x01	; 1
    1b8c:	df dd       	rcall	.-1090   	; 0x174c <COM_Add_To_OutSTR_with_Sep>
    1b8e:	8b e2       	ldi	r24, 0x2B	; 43
    1b90:	91 e0       	ldi	r25, 0x01	; 1
    1b92:	dc dd       	rcall	.-1096   	; 0x174c <COM_Add_To_OutSTR_with_Sep>
    1b94:	8d e3       	ldi	r24, 0x3D	; 61
    1b96:	94 e1       	ldi	r25, 0x14	; 20
    1b98:	42 c0       	rjmp	.+132    	; 0x1c1e <UART_Execute_Command+0x2b2>
    1b9a:	6f 2d       	mov	r22, r15
    1b9c:	88 ec       	ldi	r24, 0xC8	; 200
    1b9e:	91 e0       	ldi	r25, 0x01	; 1
    1ba0:	fb dd       	rcall	.-1034   	; 0x1798 <COM_Add_To_OutSTR_At_Position>
    1ba2:	6f 2d       	mov	r22, r15
    1ba4:	ce 01       	movw	r24, r28
    1ba6:	9b dd       	rcall	.-1226   	; 0x16de <COM_Compare_to_OutStr_Offset>
    1ba8:	88 23       	and	r24, r24
    1baa:	09 f4       	brne	.+2      	; 0x1bae <UART_Execute_Command+0x242>
    1bac:	94 cf       	rjmp	.-216    	; 0x1ad6 <UART_Execute_Command+0x16a>
    1bae:	8b e0       	ldi	r24, 0x0B	; 11
    1bb0:	91 e0       	ldi	r25, 0x01	; 1
    1bb2:	cc dd       	rcall	.-1128   	; 0x174c <COM_Add_To_OutSTR_with_Sep>
    1bb4:	80 ea       	ldi	r24, 0xA0	; 160
    1bb6:	9e e0       	ldi	r25, 0x0E	; 14
    1bb8:	40 dd       	rcall	.-1408   	; 0x163a <UART_WriteString>
    1bba:	80 91 9e 0e 	lds	r24, 0x0E9E	; 0x800e9e <UART_Reply_L>
    1bbe:	81 11       	cpse	r24, r1
    1bc0:	fc cf       	rjmp	.-8      	; 0x1bba <UART_Execute_Command+0x24e>
    1bc2:	f8 94       	cli
    1bc4:	0c 94 00 00 	jmp	0	; 0x0 <__vectors>
    1bc8:	6f 2d       	mov	r22, r15
    1bca:	82 e4       	ldi	r24, 0x42	; 66
    1bcc:	91 e0       	ldi	r25, 0x01	; 1
    1bce:	e4 dd       	rcall	.-1080   	; 0x1798 <COM_Add_To_OutSTR_At_Position>
    1bd0:	6f 2d       	mov	r22, r15
    1bd2:	ce 01       	movw	r24, r28
    1bd4:	84 dd       	rcall	.-1272   	; 0x16de <COM_Compare_to_OutStr_Offset>
    1bd6:	88 23       	and	r24, r24
    1bd8:	39 f1       	breq	.+78     	; 0x1c28 <UART_Execute_Command+0x2bc>
    1bda:	80 91 8a 10 	lds	r24, 0x108A	; 0x80108a <OutSTR_L>
    1bde:	fe 01       	movw	r30, r28
    1be0:	e8 0f       	add	r30, r24
    1be2:	f1 1d       	adc	r31, r1
    1be4:	80 81       	ld	r24, Z
    1be6:	81 11       	cpse	r24, r1
    1be8:	08 c0       	rjmp	.+16     	; 0x1bfa <UART_Execute_Command+0x28e>
    1bea:	c8 01       	movw	r24, r16
    1bec:	0e 94 03 4b 	call	0x9606	; 0x9606 <atol>
    1bf0:	60 93 a9 14 	sts	0x14A9, r22	; 0x8014a9 <PV_Mode_CTR>
    1bf4:	80 91 a9 14 	lds	r24, 0x14A9	; 0x8014a9 <PV_Mode_CTR>
    1bf8:	0c c0       	rjmp	.+24     	; 0x1c12 <UART_Execute_Command+0x2a6>
    1bfa:	80 91 8a 10 	lds	r24, 0x108A	; 0x80108a <OutSTR_L>
    1bfe:	c8 0f       	add	r28, r24
    1c00:	d1 1d       	adc	r29, r1
    1c02:	88 81       	ld	r24, Y
    1c04:	8f 33       	cpi	r24, 0x3F	; 63
    1c06:	11 f0       	breq	.+4      	; 0x1c0c <UART_Execute_Command+0x2a0>
    1c08:	0c 94 ee 16 	jmp	0x2ddc	; 0x2ddc <UART_Execute_Command+0x1470>
    1c0c:	de dd       	rcall	.-1092   	; 0x17ca <COM_Add_QuestMark_To_OutSTR_No_Sep>
    1c0e:	80 91 92 14 	lds	r24, 0x1492	; 0x801492 <PV_Mode_ACT>
    1c12:	4a e0       	ldi	r20, 0x0A	; 10
    1c14:	b8 01       	movw	r22, r16
    1c16:	90 e0       	ldi	r25, 0x00	; 0
    1c18:	0e 94 08 4c 	call	0x9810	; 0x9810 <__itoa_ncheck>
    1c1c:	c8 01       	movw	r24, r16
    1c1e:	96 dd       	rcall	.-1236   	; 0x174c <COM_Add_To_OutSTR_with_Sep>
    1c20:	80 ea       	ldi	r24, 0xA0	; 160
    1c22:	9e e0       	ldi	r25, 0x0E	; 14
    1c24:	0c 94 f0 16 	jmp	0x2de0	; 0x2de0 <UART_Execute_Command+0x1474>
    1c28:	6f 2d       	mov	r22, r15
    1c2a:	87 e4       	ldi	r24, 0x47	; 71
    1c2c:	91 e0       	ldi	r25, 0x01	; 1
    1c2e:	b4 dd       	rcall	.-1176   	; 0x1798 <COM_Add_To_OutSTR_At_Position>
    1c30:	6f 2d       	mov	r22, r15
    1c32:	ce 01       	movw	r24, r28
    1c34:	54 dd       	rcall	.-1368   	; 0x16de <COM_Compare_to_OutStr_Offset>
    1c36:	88 23       	and	r24, r24
    1c38:	39 f1       	breq	.+78     	; 0x1c88 <UART_Execute_Command+0x31c>
    1c3a:	80 91 8a 10 	lds	r24, 0x108A	; 0x80108a <OutSTR_L>
    1c3e:	fe 01       	movw	r30, r28
    1c40:	e8 0f       	add	r30, r24
    1c42:	f1 1d       	adc	r31, r1
    1c44:	80 81       	ld	r24, Z
    1c46:	81 11       	cpse	r24, r1
    1c48:	0c c0       	rjmp	.+24     	; 0x1c62 <UART_Execute_Command+0x2f6>
    1c4a:	c8 01       	movw	r24, r16
    1c4c:	0e 94 e3 4a 	call	0x95c6	; 0x95c6 <atof>
    1c50:	60 93 56 14 	sts	0x1456, r22	; 0x801456 <PV_Volt_Setpoint>
    1c54:	70 93 57 14 	sts	0x1457, r23	; 0x801457 <PV_Volt_Setpoint+0x1>
    1c58:	80 93 58 14 	sts	0x1458, r24	; 0x801458 <PV_Volt_Setpoint+0x2>
    1c5c:	90 93 59 14 	sts	0x1459, r25	; 0x801459 <PV_Volt_Setpoint+0x3>
    1c60:	0a c0       	rjmp	.+20     	; 0x1c76 <UART_Execute_Command+0x30a>
    1c62:	80 91 8a 10 	lds	r24, 0x108A	; 0x80108a <OutSTR_L>
    1c66:	c8 0f       	add	r28, r24
    1c68:	d1 1d       	adc	r29, r1
    1c6a:	88 81       	ld	r24, Y
    1c6c:	8f 33       	cpi	r24, 0x3F	; 63
    1c6e:	11 f0       	breq	.+4      	; 0x1c74 <UART_Execute_Command+0x308>
    1c70:	0c 94 ee 16 	jmp	0x2ddc	; 0x2ddc <UART_Execute_Command+0x1470>
    1c74:	aa dd       	rcall	.-1196   	; 0x17ca <COM_Add_QuestMark_To_OutSTR_No_Sep>
    1c76:	40 91 56 14 	lds	r20, 0x1456	; 0x801456 <PV_Volt_Setpoint>
    1c7a:	50 91 57 14 	lds	r21, 0x1457	; 0x801457 <PV_Volt_Setpoint+0x1>
    1c7e:	60 91 58 14 	lds	r22, 0x1458	; 0x801458 <PV_Volt_Setpoint+0x2>
    1c82:	70 91 59 14 	lds	r23, 0x1459	; 0x801459 <PV_Volt_Setpoint+0x3>
    1c86:	2f c0       	rjmp	.+94     	; 0x1ce6 <UART_Execute_Command+0x37a>
    1c88:	6f 2d       	mov	r22, r15
    1c8a:	8f e4       	ldi	r24, 0x4F	; 79
    1c8c:	91 e0       	ldi	r25, 0x01	; 1
    1c8e:	84 dd       	rcall	.-1272   	; 0x1798 <COM_Add_To_OutSTR_At_Position>
    1c90:	6f 2d       	mov	r22, r15
    1c92:	ce 01       	movw	r24, r28
    1c94:	24 dd       	rcall	.-1464   	; 0x16de <COM_Compare_to_OutStr_Offset>
    1c96:	88 23       	and	r24, r24
    1c98:	49 f1       	breq	.+82     	; 0x1cec <UART_Execute_Command+0x380>
    1c9a:	80 91 8a 10 	lds	r24, 0x108A	; 0x80108a <OutSTR_L>
    1c9e:	fe 01       	movw	r30, r28
    1ca0:	e8 0f       	add	r30, r24
    1ca2:	f1 1d       	adc	r31, r1
    1ca4:	80 81       	ld	r24, Z
    1ca6:	81 11       	cpse	r24, r1
    1ca8:	0c c0       	rjmp	.+24     	; 0x1cc2 <UART_Execute_Command+0x356>
    1caa:	c8 01       	movw	r24, r16
    1cac:	0e 94 e3 4a 	call	0x95c6	; 0x95c6 <atof>
    1cb0:	60 93 b1 14 	sts	0x14B1, r22	; 0x8014b1 <PV_Curr_Setpoint>
    1cb4:	70 93 b2 14 	sts	0x14B2, r23	; 0x8014b2 <PV_Curr_Setpoint+0x1>
    1cb8:	80 93 b3 14 	sts	0x14B3, r24	; 0x8014b3 <PV_Curr_Setpoint+0x2>
    1cbc:	90 93 b4 14 	sts	0x14B4, r25	; 0x8014b4 <PV_Curr_Setpoint+0x3>
    1cc0:	0a c0       	rjmp	.+20     	; 0x1cd6 <UART_Execute_Command+0x36a>
    1cc2:	80 91 8a 10 	lds	r24, 0x108A	; 0x80108a <OutSTR_L>
    1cc6:	c8 0f       	add	r28, r24
    1cc8:	d1 1d       	adc	r29, r1
    1cca:	88 81       	ld	r24, Y
    1ccc:	8f 33       	cpi	r24, 0x3F	; 63
    1cce:	11 f0       	breq	.+4      	; 0x1cd4 <UART_Execute_Command+0x368>
    1cd0:	0c 94 ee 16 	jmp	0x2ddc	; 0x2ddc <UART_Execute_Command+0x1470>
    1cd4:	7a dd       	rcall	.-1292   	; 0x17ca <COM_Add_QuestMark_To_OutSTR_No_Sep>
    1cd6:	40 91 b1 14 	lds	r20, 0x14B1	; 0x8014b1 <PV_Curr_Setpoint>
    1cda:	50 91 b2 14 	lds	r21, 0x14B2	; 0x8014b2 <PV_Curr_Setpoint+0x1>
    1cde:	60 91 b3 14 	lds	r22, 0x14B3	; 0x8014b3 <PV_Curr_Setpoint+0x2>
    1ce2:	70 91 b4 14 	lds	r23, 0x14B4	; 0x8014b4 <PV_Curr_Setpoint+0x3>
    1ce6:	c8 01       	movw	r24, r16
    1ce8:	c7 dd       	rcall	.-1138   	; 0x1878 <FloatToString>
    1cea:	98 cf       	rjmp	.-208    	; 0x1c1c <UART_Execute_Command+0x2b0>
    1cec:	6f 2d       	mov	r22, r15
    1cee:	87 e5       	ldi	r24, 0x57	; 87
    1cf0:	91 e0       	ldi	r25, 0x01	; 1
    1cf2:	52 dd       	rcall	.-1372   	; 0x1798 <COM_Add_To_OutSTR_At_Position>
    1cf4:	6f 2d       	mov	r22, r15
    1cf6:	ce 01       	movw	r24, r28
    1cf8:	f2 dc       	rcall	.-1564   	; 0x16de <COM_Compare_to_OutStr_Offset>
    1cfa:	88 23       	and	r24, r24
    1cfc:	09 f4       	brne	.+2      	; 0x1d00 <UART_Execute_Command+0x394>
    1cfe:	f4 ce       	rjmp	.-536    	; 0x1ae8 <UART_Execute_Command+0x17c>
    1d00:	80 91 8a 10 	lds	r24, 0x108A	; 0x80108a <OutSTR_L>
    1d04:	fe 01       	movw	r30, r28
    1d06:	e8 0f       	add	r30, r24
    1d08:	f1 1d       	adc	r31, r1
    1d0a:	80 81       	ld	r24, Z
    1d0c:	81 11       	cpse	r24, r1
    1d0e:	1d c0       	rjmp	.+58     	; 0x1d4a <UART_Execute_Command+0x3de>
    1d10:	c8 01       	movw	r24, r16
    1d12:	0e 94 03 4b 	call	0x9606	; 0x9606 <atol>
    1d16:	61 36       	cpi	r22, 0x61	; 97
    1d18:	fa ee       	ldi	r31, 0xEA	; 234
    1d1a:	7f 07       	cpc	r23, r31
    1d1c:	81 05       	cpc	r24, r1
    1d1e:	91 05       	cpc	r25, r1
    1d20:	1c f0       	brlt	.+6      	; 0x1d28 <UART_Execute_Command+0x3bc>
    1d22:	80 e6       	ldi	r24, 0x60	; 96
    1d24:	9a ee       	ldi	r25, 0xEA	; 234
    1d26:	07 c0       	rjmp	.+14     	; 0x1d36 <UART_Execute_Command+0x3ca>
    1d28:	16 16       	cp	r1, r22
    1d2a:	17 06       	cpc	r1, r23
    1d2c:	18 06       	cpc	r1, r24
    1d2e:	19 06       	cpc	r1, r25
    1d30:	3c f0       	brlt	.+14     	; 0x1d40 <UART_Execute_Command+0x3d4>
    1d32:	81 e0       	ldi	r24, 0x01	; 1
    1d34:	90 e0       	ldi	r25, 0x00	; 0
    1d36:	90 93 c6 14 	sts	0x14C6, r25	; 0x8014c6 <LOAD_MPPT_Timer_Update_Delay+0x1>
    1d3a:	80 93 c5 14 	sts	0x14C5, r24	; 0x8014c5 <LOAD_MPPT_Timer_Update_Delay>
    1d3e:	0f c0       	rjmp	.+30     	; 0x1d5e <UART_Execute_Command+0x3f2>
    1d40:	70 93 c6 14 	sts	0x14C6, r23	; 0x8014c6 <LOAD_MPPT_Timer_Update_Delay+0x1>
    1d44:	60 93 c5 14 	sts	0x14C5, r22	; 0x8014c5 <LOAD_MPPT_Timer_Update_Delay>
    1d48:	0a c0       	rjmp	.+20     	; 0x1d5e <UART_Execute_Command+0x3f2>
    1d4a:	80 91 8a 10 	lds	r24, 0x108A	; 0x80108a <OutSTR_L>
    1d4e:	c8 0f       	add	r28, r24
    1d50:	d1 1d       	adc	r29, r1
    1d52:	88 81       	ld	r24, Y
    1d54:	8f 33       	cpi	r24, 0x3F	; 63
    1d56:	11 f0       	breq	.+4      	; 0x1d5c <UART_Execute_Command+0x3f0>
    1d58:	0c 94 ee 16 	jmp	0x2ddc	; 0x2ddc <UART_Execute_Command+0x1470>
    1d5c:	36 dd       	rcall	.-1428   	; 0x17ca <COM_Add_QuestMark_To_OutSTR_No_Sep>
    1d5e:	60 91 c5 14 	lds	r22, 0x14C5	; 0x8014c5 <LOAD_MPPT_Timer_Update_Delay>
    1d62:	70 91 c6 14 	lds	r23, 0x14C6	; 0x8014c6 <LOAD_MPPT_Timer_Update_Delay+0x1>
    1d66:	2a c1       	rjmp	.+596    	; 0x1fbc <UART_Execute_Command+0x650>
    1d68:	80 91 26 14 	lds	r24, 0x1426	; 0x801426 <SysStatus_A>
    1d6c:	85 fd       	sbrc	r24, 5
    1d6e:	dd ce       	rjmp	.-582    	; 0x1b2a <UART_Execute_Command+0x1be>
    1d70:	80 91 26 14 	lds	r24, 0x1426	; 0x801426 <SysStatus_A>
    1d74:	80 ff       	sbrs	r24, 0
    1d76:	d9 ce       	rjmp	.-590    	; 0x1b2a <UART_Execute_Command+0x1be>
    1d78:	80 91 2b 14 	lds	r24, 0x142B	; 0x80142b <SysControl>
    1d7c:	82 60       	ori	r24, 0x02	; 2
    1d7e:	80 93 2b 14 	sts	0x142B, r24	; 0x80142b <SysControl>
    1d82:	80 91 b8 02 	lds	r24, 0x02B8	; 0x8002b8 <IV_Point_Set_Delay_ms>
    1d86:	90 91 b9 02 	lds	r25, 0x02B9	; 0x8002b9 <IV_Point_Set_Delay_ms+0x1>
    1d8a:	80 32       	cpi	r24, 0x20	; 32
    1d8c:	9e 44       	sbci	r25, 0x4E	; 78
    1d8e:	18 f0       	brcs	.+6      	; 0x1d96 <UART_Execute_Command+0x42a>
    1d90:	80 e6       	ldi	r24, 0x60	; 96
    1d92:	9a ee       	ldi	r25, 0xEA	; 234
    1d94:	0a c0       	rjmp	.+20     	; 0x1daa <UART_Execute_Command+0x43e>
    1d96:	80 91 b8 02 	lds	r24, 0x02B8	; 0x8002b8 <IV_Point_Set_Delay_ms>
    1d9a:	90 91 b9 02 	lds	r25, 0x02B9	; 0x8002b9 <IV_Point_Set_Delay_ms+0x1>
    1d9e:	9c 01       	movw	r18, r24
    1da0:	22 0f       	add	r18, r18
    1da2:	33 1f       	adc	r19, r19
    1da4:	82 0f       	add	r24, r18
    1da6:	93 1f       	adc	r25, r19
    1da8:	c2 96       	adiw	r24, 0x32	; 50
    1daa:	90 93 c0 02 	sts	0x02C0, r25	; 0x8002c0 <IV_Setup_Signal_Set_Time+0x1>
    1dae:	80 93 bf 02 	sts	0x02BF, r24	; 0x8002bf <IV_Setup_Signal_Set_Time>
    1db2:	70 90 b7 06 	lds	r7, 0x06B7	; 0x8006b7 <IV_Meas_Points>
    1db6:	e0 90 b8 02 	lds	r14, 0x02B8	; 0x8002b8 <IV_Point_Set_Delay_ms>
    1dba:	f0 90 b9 02 	lds	r15, 0x02B9	; 0x8002b9 <IV_Point_Set_Delay_ms+0x1>
    1dbe:	60 91 b7 06 	lds	r22, 0x06B7	; 0x8006b7 <IV_Meas_Points>
    1dc2:	50 90 c1 02 	lds	r5, 0x02C1	; 0x8002c1 <IV_Point_Meas_Nu_AVR_Sets>
    1dc6:	60 90 b2 02 	lds	r6, 0x02B2	; 0x8002b2 <IV_Point_Meas_Nu_AVR_VoltCurr>
    1dca:	c0 91 bf 02 	lds	r28, 0x02BF	; 0x8002bf <IV_Setup_Signal_Set_Time>
    1dce:	d0 91 c0 02 	lds	r29, 0x02C0	; 0x8002c0 <IV_Setup_Signal_Set_Time+0x1>
    1dd2:	70 e0       	ldi	r23, 0x00	; 0
    1dd4:	80 e0       	ldi	r24, 0x00	; 0
    1dd6:	90 e0       	ldi	r25, 0x00	; 0
    1dd8:	0e 94 d2 47 	call	0x8fa4	; 0x8fa4 <__floatunsisf>
    1ddc:	4b 01       	movw	r8, r22
    1dde:	5c 01       	movw	r10, r24
    1de0:	65 2d       	mov	r22, r5
    1de2:	70 e0       	ldi	r23, 0x00	; 0
    1de4:	80 e0       	ldi	r24, 0x00	; 0
    1de6:	90 e0       	ldi	r25, 0x00	; 0
    1de8:	0e 94 d2 47 	call	0x8fa4	; 0x8fa4 <__floatunsisf>
    1dec:	9b 01       	movw	r18, r22
    1dee:	ac 01       	movw	r20, r24
    1df0:	c5 01       	movw	r24, r10
    1df2:	b4 01       	movw	r22, r8
    1df4:	0e 94 62 49 	call	0x92c4	; 0x92c4 <__mulsf3>
    1df8:	4b 01       	movw	r8, r22
    1dfa:	5c 01       	movw	r10, r24
    1dfc:	66 2d       	mov	r22, r6
    1dfe:	70 e0       	ldi	r23, 0x00	; 0
    1e00:	80 e0       	ldi	r24, 0x00	; 0
    1e02:	90 e0       	ldi	r25, 0x00	; 0
    1e04:	0e 94 d2 47 	call	0x8fa4	; 0x8fa4 <__floatunsisf>
    1e08:	28 e5       	ldi	r18, 0x58	; 88
    1e0a:	39 e3       	ldi	r19, 0x39	; 57
    1e0c:	44 eb       	ldi	r20, 0xB4	; 180
    1e0e:	5c e3       	ldi	r21, 0x3C	; 60
    1e10:	0e 94 62 49 	call	0x92c4	; 0x92c4 <__mulsf3>
    1e14:	2e ea       	ldi	r18, 0xAE	; 174
    1e16:	37 e4       	ldi	r19, 0x47	; 71
    1e18:	41 e6       	ldi	r20, 0x61	; 97
    1e1a:	5e e3       	ldi	r21, 0x3E	; 62
    1e1c:	0e 94 a0 46 	call	0x8d40	; 0x8d40 <__addsf3>
    1e20:	9b 01       	movw	r18, r22
    1e22:	ac 01       	movw	r20, r24
    1e24:	c5 01       	movw	r24, r10
    1e26:	b4 01       	movw	r22, r8
    1e28:	0e 94 62 49 	call	0x92c4	; 0x92c4 <__mulsf3>
    1e2c:	4b 01       	movw	r8, r22
    1e2e:	5c 01       	movw	r10, r24
    1e30:	67 2d       	mov	r22, r7
    1e32:	70 e0       	ldi	r23, 0x00	; 0
    1e34:	80 e0       	ldi	r24, 0x00	; 0
    1e36:	90 e0       	ldi	r25, 0x00	; 0
    1e38:	0e 94 d2 47 	call	0x8fa4	; 0x8fa4 <__floatunsisf>
    1e3c:	2b 01       	movw	r4, r22
    1e3e:	3c 01       	movw	r6, r24
    1e40:	b7 01       	movw	r22, r14
    1e42:	80 e0       	ldi	r24, 0x00	; 0
    1e44:	90 e0       	ldi	r25, 0x00	; 0
    1e46:	0e 94 d2 47 	call	0x8fa4	; 0x8fa4 <__floatunsisf>
    1e4a:	9b 01       	movw	r18, r22
    1e4c:	ac 01       	movw	r20, r24
    1e4e:	c3 01       	movw	r24, r6
    1e50:	b2 01       	movw	r22, r4
    1e52:	0e 94 62 49 	call	0x92c4	; 0x92c4 <__mulsf3>
    1e56:	9b 01       	movw	r18, r22
    1e58:	ac 01       	movw	r20, r24
    1e5a:	c5 01       	movw	r24, r10
    1e5c:	b4 01       	movw	r22, r8
    1e5e:	0e 94 a0 46 	call	0x8d40	; 0x8d40 <__addsf3>
    1e62:	fe c1       	rjmp	.+1020   	; 0x2260 <UART_Execute_Command+0x8f4>
    1e64:	6f 2d       	mov	r22, r15
    1e66:	87 e6       	ldi	r24, 0x67	; 103
    1e68:	91 e0       	ldi	r25, 0x01	; 1
    1e6a:	96 dc       	rcall	.-1748   	; 0x1798 <COM_Add_To_OutSTR_At_Position>
    1e6c:	6f 2d       	mov	r22, r15
    1e6e:	ce 01       	movw	r24, r28
    1e70:	36 dc       	rcall	.-1940   	; 0x16de <COM_Compare_to_OutStr_Offset>
    1e72:	88 23       	and	r24, r24
    1e74:	a9 f1       	breq	.+106    	; 0x1ee0 <UART_Execute_Command+0x574>
    1e76:	80 91 8a 10 	lds	r24, 0x108A	; 0x80108a <OutSTR_L>
    1e7a:	c8 0f       	add	r28, r24
    1e7c:	d1 1d       	adc	r29, r1
    1e7e:	88 81       	ld	r24, Y
    1e80:	8f 33       	cpi	r24, 0x3F	; 63
    1e82:	09 f0       	breq	.+2      	; 0x1e86 <UART_Execute_Command+0x51a>
    1e84:	ab c7       	rjmp	.+3926   	; 0x2ddc <UART_Execute_Command+0x1470>
    1e86:	80 91 29 14 	lds	r24, 0x1429	; 0x801429 <UartStatus>
    1e8a:	80 64       	ori	r24, 0x40	; 64
    1e8c:	80 93 29 14 	sts	0x1429, r24	; 0x801429 <UartStatus>
    1e90:	10 92 9d 0e 	sts	0x0E9D, r1	; 0x800e9d <Trans_IV_Point>
    1e94:	9a dc       	rcall	.-1740   	; 0x17ca <COM_Add_QuestMark_To_OutSTR_No_Sep>
    1e96:	80 91 b3 02 	lds	r24, 0x02B3	; 0x8002b3 <IV_Report>
    1e9a:	4a e0       	ldi	r20, 0x0A	; 10
    1e9c:	b8 01       	movw	r22, r16
    1e9e:	90 e0       	ldi	r25, 0x00	; 0
    1ea0:	0e 94 08 4c 	call	0x9810	; 0x9810 <__itoa_ncheck>
    1ea4:	c8 01       	movw	r24, r16
    1ea6:	52 dc       	rcall	.-1884   	; 0x174c <COM_Add_To_OutSTR_with_Sep>
    1ea8:	80 91 2d 14 	lds	r24, 0x142D	; 0x80142d <SysConfig>
    1eac:	80 ff       	sbrs	r24, 0
    1eae:	0c c0       	rjmp	.+24     	; 0x1ec8 <UART_Execute_Command+0x55c>
    1eb0:	40 91 56 12 	lds	r20, 0x1256	; 0x801256 <AI_RTD_Temp>
    1eb4:	50 91 57 12 	lds	r21, 0x1257	; 0x801257 <AI_RTD_Temp+0x1>
    1eb8:	60 91 58 12 	lds	r22, 0x1258	; 0x801258 <AI_RTD_Temp+0x2>
    1ebc:	70 91 59 12 	lds	r23, 0x1259	; 0x801259 <AI_RTD_Temp+0x3>
    1ec0:	c8 01       	movw	r24, r16
    1ec2:	da dc       	rcall	.-1612   	; 0x1878 <FloatToString>
    1ec4:	c8 01       	movw	r24, r16
    1ec6:	42 dc       	rcall	.-1916   	; 0x174c <COM_Add_To_OutSTR_with_Sep>
    1ec8:	80 ea       	ldi	r24, 0xA0	; 160
    1eca:	9e e0       	ldi	r25, 0x0E	; 14
    1ecc:	b6 db       	rcall	.-2196   	; 0x163a <UART_WriteString>
    1ece:	80 91 29 14 	lds	r24, 0x1429	; 0x801429 <UartStatus>
    1ed2:	8f 77       	andi	r24, 0x7F	; 127
    1ed4:	80 93 29 14 	sts	0x1429, r24	; 0x801429 <UartStatus>
    1ed8:	80 91 2a 14 	lds	r24, 0x142A	; 0x80142a <SysStatus_B>
    1edc:	8d 7f       	andi	r24, 0xFD	; 253
    1ede:	6d c7       	rjmp	.+3802   	; 0x2dba <UART_Execute_Command+0x144e>
    1ee0:	6f 2d       	mov	r22, r15
    1ee2:	8c e6       	ldi	r24, 0x6C	; 108
    1ee4:	91 e0       	ldi	r25, 0x01	; 1
    1ee6:	58 dc       	rcall	.-1872   	; 0x1798 <COM_Add_To_OutSTR_At_Position>
    1ee8:	6f 2d       	mov	r22, r15
    1eea:	ce 01       	movw	r24, r28
    1eec:	f8 db       	rcall	.-2064   	; 0x16de <COM_Compare_to_OutStr_Offset>
    1eee:	88 23       	and	r24, r24
    1ef0:	51 f1       	breq	.+84     	; 0x1f46 <UART_Execute_Command+0x5da>
    1ef2:	80 91 8a 10 	lds	r24, 0x108A	; 0x80108a <OutSTR_L>
    1ef6:	fe 01       	movw	r30, r28
    1ef8:	e8 0f       	add	r30, r24
    1efa:	f1 1d       	adc	r31, r1
    1efc:	80 81       	ld	r24, Z
    1efe:	81 11       	cpse	r24, r1
    1f00:	16 c0       	rjmp	.+44     	; 0x1f2e <UART_Execute_Command+0x5c2>
    1f02:	c8 01       	movw	r24, r16
    1f04:	0e 94 03 4b 	call	0x9606	; 0x9606 <atol>
    1f08:	6b 3f       	cpi	r22, 0xFB	; 251
    1f0a:	71 05       	cpc	r23, r1
    1f0c:	81 05       	cpc	r24, r1
    1f0e:	91 05       	cpc	r25, r1
    1f10:	14 f0       	brlt	.+4      	; 0x1f16 <UART_Execute_Command+0x5aa>
    1f12:	8a ef       	ldi	r24, 0xFA	; 250
    1f14:	06 c0       	rjmp	.+12     	; 0x1f22 <UART_Execute_Command+0x5b6>
    1f16:	64 30       	cpi	r22, 0x04	; 4
    1f18:	71 05       	cpc	r23, r1
    1f1a:	81 05       	cpc	r24, r1
    1f1c:	91 05       	cpc	r25, r1
    1f1e:	24 f4       	brge	.+8      	; 0x1f28 <UART_Execute_Command+0x5bc>
    1f20:	83 e0       	ldi	r24, 0x03	; 3
    1f22:	80 93 b7 06 	sts	0x06B7, r24	; 0x8006b7 <IV_Meas_Points>
    1f26:	0c c0       	rjmp	.+24     	; 0x1f40 <UART_Execute_Command+0x5d4>
    1f28:	60 93 b7 06 	sts	0x06B7, r22	; 0x8006b7 <IV_Meas_Points>
    1f2c:	09 c0       	rjmp	.+18     	; 0x1f40 <UART_Execute_Command+0x5d4>
    1f2e:	80 91 8a 10 	lds	r24, 0x108A	; 0x80108a <OutSTR_L>
    1f32:	c8 0f       	add	r28, r24
    1f34:	d1 1d       	adc	r29, r1
    1f36:	88 81       	ld	r24, Y
    1f38:	8f 33       	cpi	r24, 0x3F	; 63
    1f3a:	09 f0       	breq	.+2      	; 0x1f3e <UART_Execute_Command+0x5d2>
    1f3c:	4f c7       	rjmp	.+3742   	; 0x2ddc <UART_Execute_Command+0x1470>
    1f3e:	45 dc       	rcall	.-1910   	; 0x17ca <COM_Add_QuestMark_To_OutSTR_No_Sep>
    1f40:	80 91 b7 06 	lds	r24, 0x06B7	; 0x8006b7 <IV_Meas_Points>
    1f44:	66 ce       	rjmp	.-820    	; 0x1c12 <UART_Execute_Command+0x2a6>
    1f46:	6f 2d       	mov	r22, r15
    1f48:	8c e5       	ldi	r24, 0x5C	; 92
    1f4a:	91 e0       	ldi	r25, 0x01	; 1
    1f4c:	25 dc       	rcall	.-1974   	; 0x1798 <COM_Add_To_OutSTR_At_Position>
    1f4e:	6f 2d       	mov	r22, r15
    1f50:	ce 01       	movw	r24, r28
    1f52:	c5 db       	rcall	.-2166   	; 0x16de <COM_Compare_to_OutStr_Offset>
    1f54:	88 23       	and	r24, r24
    1f56:	c9 f1       	breq	.+114    	; 0x1fca <UART_Execute_Command+0x65e>
    1f58:	80 91 8a 10 	lds	r24, 0x108A	; 0x80108a <OutSTR_L>
    1f5c:	fe 01       	movw	r30, r28
    1f5e:	e8 0f       	add	r30, r24
    1f60:	f1 1d       	adc	r31, r1
    1f62:	80 81       	ld	r24, Z
    1f64:	81 11       	cpse	r24, r1
    1f66:	1d c0       	rjmp	.+58     	; 0x1fa2 <UART_Execute_Command+0x636>
    1f68:	c8 01       	movw	r24, r16
    1f6a:	0e 94 03 4b 	call	0x9606	; 0x9606 <atol>
    1f6e:	61 36       	cpi	r22, 0x61	; 97
    1f70:	ea ee       	ldi	r30, 0xEA	; 234
    1f72:	7e 07       	cpc	r23, r30
    1f74:	81 05       	cpc	r24, r1
    1f76:	91 05       	cpc	r25, r1
    1f78:	1c f0       	brlt	.+6      	; 0x1f80 <UART_Execute_Command+0x614>
    1f7a:	80 e6       	ldi	r24, 0x60	; 96
    1f7c:	9a ee       	ldi	r25, 0xEA	; 234
    1f7e:	07 c0       	rjmp	.+14     	; 0x1f8e <UART_Execute_Command+0x622>
    1f80:	16 16       	cp	r1, r22
    1f82:	17 06       	cpc	r1, r23
    1f84:	18 06       	cpc	r1, r24
    1f86:	19 06       	cpc	r1, r25
    1f88:	3c f0       	brlt	.+14     	; 0x1f98 <UART_Execute_Command+0x62c>
    1f8a:	81 e0       	ldi	r24, 0x01	; 1
    1f8c:	90 e0       	ldi	r25, 0x00	; 0
    1f8e:	90 93 b9 02 	sts	0x02B9, r25	; 0x8002b9 <IV_Point_Set_Delay_ms+0x1>
    1f92:	80 93 b8 02 	sts	0x02B8, r24	; 0x8002b8 <IV_Point_Set_Delay_ms>
    1f96:	0e c0       	rjmp	.+28     	; 0x1fb4 <UART_Execute_Command+0x648>
    1f98:	70 93 b9 02 	sts	0x02B9, r23	; 0x8002b9 <IV_Point_Set_Delay_ms+0x1>
    1f9c:	60 93 b8 02 	sts	0x02B8, r22	; 0x8002b8 <IV_Point_Set_Delay_ms>
    1fa0:	09 c0       	rjmp	.+18     	; 0x1fb4 <UART_Execute_Command+0x648>
    1fa2:	80 91 8a 10 	lds	r24, 0x108A	; 0x80108a <OutSTR_L>
    1fa6:	c8 0f       	add	r28, r24
    1fa8:	d1 1d       	adc	r29, r1
    1faa:	88 81       	ld	r24, Y
    1fac:	8f 33       	cpi	r24, 0x3F	; 63
    1fae:	09 f0       	breq	.+2      	; 0x1fb2 <UART_Execute_Command+0x646>
    1fb0:	15 c7       	rjmp	.+3626   	; 0x2ddc <UART_Execute_Command+0x1470>
    1fb2:	0b dc       	rcall	.-2026   	; 0x17ca <COM_Add_QuestMark_To_OutSTR_No_Sep>
    1fb4:	60 91 b8 02 	lds	r22, 0x02B8	; 0x8002b8 <IV_Point_Set_Delay_ms>
    1fb8:	70 91 b9 02 	lds	r23, 0x02B9	; 0x8002b9 <IV_Point_Set_Delay_ms+0x1>
    1fbc:	80 e0       	ldi	r24, 0x00	; 0
    1fbe:	90 e0       	ldi	r25, 0x00	; 0
    1fc0:	2a e0       	ldi	r18, 0x0A	; 10
    1fc2:	a8 01       	movw	r20, r16
    1fc4:	0e 94 12 4c 	call	0x9824	; 0x9824 <__ltoa_ncheck>
    1fc8:	29 ce       	rjmp	.-942    	; 0x1c1c <UART_Execute_Command+0x2b0>
    1fca:	6f 2d       	mov	r22, r15
    1fcc:	83 e7       	ldi	r24, 0x73	; 115
    1fce:	91 e0       	ldi	r25, 0x01	; 1
    1fd0:	e3 db       	rcall	.-2106   	; 0x1798 <COM_Add_To_OutSTR_At_Position>
    1fd2:	6f 2d       	mov	r22, r15
    1fd4:	ce 01       	movw	r24, r28
    1fd6:	83 db       	rcall	.-2298   	; 0x16de <COM_Compare_to_OutStr_Offset>
    1fd8:	88 23       	and	r24, r24
    1fda:	59 f1       	breq	.+86     	; 0x2032 <UART_Execute_Command+0x6c6>
    1fdc:	80 91 8a 10 	lds	r24, 0x108A	; 0x80108a <OutSTR_L>
    1fe0:	fe 01       	movw	r30, r28
    1fe2:	e8 0f       	add	r30, r24
    1fe4:	f1 1d       	adc	r31, r1
    1fe6:	80 81       	ld	r24, Z
    1fe8:	81 11       	cpse	r24, r1
    1fea:	17 c0       	rjmp	.+46     	; 0x201a <UART_Execute_Command+0x6ae>
    1fec:	c8 01       	movw	r24, r16
    1fee:	0e 94 03 4b 	call	0x9606	; 0x9606 <atol>
    1ff2:	6f 3f       	cpi	r22, 0xFF	; 255
    1ff4:	71 05       	cpc	r23, r1
    1ff6:	81 05       	cpc	r24, r1
    1ff8:	91 05       	cpc	r25, r1
    1ffa:	19 f0       	breq	.+6      	; 0x2002 <UART_Execute_Command+0x696>
    1ffc:	14 f0       	brlt	.+4      	; 0x2002 <UART_Execute_Command+0x696>
    1ffe:	8f ef       	ldi	r24, 0xFF	; 255
    2000:	06 c0       	rjmp	.+12     	; 0x200e <UART_Execute_Command+0x6a2>
    2002:	16 16       	cp	r1, r22
    2004:	17 06       	cpc	r1, r23
    2006:	18 06       	cpc	r1, r24
    2008:	19 06       	cpc	r1, r25
    200a:	24 f0       	brlt	.+8      	; 0x2014 <UART_Execute_Command+0x6a8>
    200c:	81 e0       	ldi	r24, 0x01	; 1
    200e:	80 93 b2 02 	sts	0x02B2, r24	; 0x8002b2 <IV_Point_Meas_Nu_AVR_VoltCurr>
    2012:	0c c0       	rjmp	.+24     	; 0x202c <UART_Execute_Command+0x6c0>
    2014:	60 93 b2 02 	sts	0x02B2, r22	; 0x8002b2 <IV_Point_Meas_Nu_AVR_VoltCurr>
    2018:	09 c0       	rjmp	.+18     	; 0x202c <UART_Execute_Command+0x6c0>
    201a:	80 91 8a 10 	lds	r24, 0x108A	; 0x80108a <OutSTR_L>
    201e:	c8 0f       	add	r28, r24
    2020:	d1 1d       	adc	r29, r1
    2022:	88 81       	ld	r24, Y
    2024:	8f 33       	cpi	r24, 0x3F	; 63
    2026:	09 f0       	breq	.+2      	; 0x202a <UART_Execute_Command+0x6be>
    2028:	d9 c6       	rjmp	.+3506   	; 0x2ddc <UART_Execute_Command+0x1470>
    202a:	cf db       	rcall	.-2146   	; 0x17ca <COM_Add_QuestMark_To_OutSTR_No_Sep>
    202c:	80 91 b2 02 	lds	r24, 0x02B2	; 0x8002b2 <IV_Point_Meas_Nu_AVR_VoltCurr>
    2030:	f0 cd       	rjmp	.-1056   	; 0x1c12 <UART_Execute_Command+0x2a6>
    2032:	6f 2d       	mov	r22, r15
    2034:	8a e7       	ldi	r24, 0x7A	; 122
    2036:	91 e0       	ldi	r25, 0x01	; 1
    2038:	af db       	rcall	.-2210   	; 0x1798 <COM_Add_To_OutSTR_At_Position>
    203a:	6f 2d       	mov	r22, r15
    203c:	ce 01       	movw	r24, r28
    203e:	4f db       	rcall	.-2402   	; 0x16de <COM_Compare_to_OutStr_Offset>
    2040:	88 23       	and	r24, r24
    2042:	59 f1       	breq	.+86     	; 0x209a <UART_Execute_Command+0x72e>
    2044:	80 91 8a 10 	lds	r24, 0x108A	; 0x80108a <OutSTR_L>
    2048:	fe 01       	movw	r30, r28
    204a:	e8 0f       	add	r30, r24
    204c:	f1 1d       	adc	r31, r1
    204e:	80 81       	ld	r24, Z
    2050:	81 11       	cpse	r24, r1
    2052:	17 c0       	rjmp	.+46     	; 0x2082 <UART_Execute_Command+0x716>
    2054:	c8 01       	movw	r24, r16
    2056:	0e 94 03 4b 	call	0x9606	; 0x9606 <atol>
    205a:	6f 3f       	cpi	r22, 0xFF	; 255
    205c:	71 05       	cpc	r23, r1
    205e:	81 05       	cpc	r24, r1
    2060:	91 05       	cpc	r25, r1
    2062:	19 f0       	breq	.+6      	; 0x206a <UART_Execute_Command+0x6fe>
    2064:	14 f0       	brlt	.+4      	; 0x206a <UART_Execute_Command+0x6fe>
    2066:	8f ef       	ldi	r24, 0xFF	; 255
    2068:	06 c0       	rjmp	.+12     	; 0x2076 <UART_Execute_Command+0x70a>
    206a:	16 16       	cp	r1, r22
    206c:	17 06       	cpc	r1, r23
    206e:	18 06       	cpc	r1, r24
    2070:	19 06       	cpc	r1, r25
    2072:	24 f0       	brlt	.+8      	; 0x207c <UART_Execute_Command+0x710>
    2074:	81 e0       	ldi	r24, 0x01	; 1
    2076:	80 93 c1 02 	sts	0x02C1, r24	; 0x8002c1 <IV_Point_Meas_Nu_AVR_Sets>
    207a:	0c c0       	rjmp	.+24     	; 0x2094 <UART_Execute_Command+0x728>
    207c:	60 93 c1 02 	sts	0x02C1, r22	; 0x8002c1 <IV_Point_Meas_Nu_AVR_Sets>
    2080:	09 c0       	rjmp	.+18     	; 0x2094 <UART_Execute_Command+0x728>
    2082:	80 91 8a 10 	lds	r24, 0x108A	; 0x80108a <OutSTR_L>
    2086:	c8 0f       	add	r28, r24
    2088:	d1 1d       	adc	r29, r1
    208a:	88 81       	ld	r24, Y
    208c:	8f 33       	cpi	r24, 0x3F	; 63
    208e:	09 f0       	breq	.+2      	; 0x2092 <UART_Execute_Command+0x726>
    2090:	a5 c6       	rjmp	.+3402   	; 0x2ddc <UART_Execute_Command+0x1470>
    2092:	9b db       	rcall	.-2250   	; 0x17ca <COM_Add_QuestMark_To_OutSTR_No_Sep>
    2094:	80 91 c1 02 	lds	r24, 0x02C1	; 0x8002c1 <IV_Point_Meas_Nu_AVR_Sets>
    2098:	bc cd       	rjmp	.-1160   	; 0x1c12 <UART_Execute_Command+0x2a6>
    209a:	6f 2d       	mov	r22, r15
    209c:	82 e4       	ldi	r24, 0x42	; 66
    209e:	91 e0       	ldi	r25, 0x01	; 1
    20a0:	7b db       	rcall	.-2314   	; 0x1798 <COM_Add_To_OutSTR_At_Position>
    20a2:	6f 2d       	mov	r22, r15
    20a4:	ce 01       	movw	r24, r28
    20a6:	1b db       	rcall	.-2506   	; 0x16de <COM_Compare_to_OutStr_Offset>
    20a8:	88 23       	and	r24, r24
    20aa:	19 f1       	breq	.+70     	; 0x20f2 <UART_Execute_Command+0x786>
    20ac:	80 91 8a 10 	lds	r24, 0x108A	; 0x80108a <OutSTR_L>
    20b0:	fe 01       	movw	r30, r28
    20b2:	e8 0f       	add	r30, r24
    20b4:	f1 1d       	adc	r31, r1
    20b6:	80 81       	ld	r24, Z
    20b8:	81 11       	cpse	r24, r1
    20ba:	0f c0       	rjmp	.+30     	; 0x20da <UART_Execute_Command+0x76e>
    20bc:	c8 01       	movw	r24, r16
    20be:	0e 94 03 4b 	call	0x9606	; 0x9606 <atol>
    20c2:	6f 3f       	cpi	r22, 0xFF	; 255
    20c4:	71 05       	cpc	r23, r1
    20c6:	81 05       	cpc	r24, r1
    20c8:	91 05       	cpc	r25, r1
    20ca:	20 f0       	brcs	.+8      	; 0x20d4 <UART_Execute_Command+0x768>
    20cc:	89 e1       	ldi	r24, 0x19	; 25
    20ce:	91 e0       	ldi	r25, 0x01	; 1
    20d0:	3d db       	rcall	.-2438   	; 0x174c <COM_Add_To_OutSTR_with_Sep>
    20d2:	0c c0       	rjmp	.+24     	; 0x20ec <UART_Execute_Command+0x780>
    20d4:	60 93 c6 02 	sts	0x02C6, r22	; 0x8002c6 <IV_Mode>
    20d8:	09 c0       	rjmp	.+18     	; 0x20ec <UART_Execute_Command+0x780>
    20da:	80 91 8a 10 	lds	r24, 0x108A	; 0x80108a <OutSTR_L>
    20de:	c8 0f       	add	r28, r24
    20e0:	d1 1d       	adc	r29, r1
    20e2:	88 81       	ld	r24, Y
    20e4:	8f 33       	cpi	r24, 0x3F	; 63
    20e6:	09 f0       	breq	.+2      	; 0x20ea <UART_Execute_Command+0x77e>
    20e8:	79 c6       	rjmp	.+3314   	; 0x2ddc <UART_Execute_Command+0x1470>
    20ea:	6f db       	rcall	.-2338   	; 0x17ca <COM_Add_QuestMark_To_OutSTR_No_Sep>
    20ec:	80 91 c6 02 	lds	r24, 0x02C6	; 0x8002c6 <IV_Mode>
    20f0:	90 cd       	rjmp	.-1248   	; 0x1c12 <UART_Execute_Command+0x2a6>
    20f2:	6f 2d       	mov	r22, r15
    20f4:	83 e8       	ldi	r24, 0x83	; 131
    20f6:	91 e0       	ldi	r25, 0x01	; 1
    20f8:	4f db       	rcall	.-2402   	; 0x1798 <COM_Add_To_OutSTR_At_Position>
    20fa:	6f 2d       	mov	r22, r15
    20fc:	ce 01       	movw	r24, r28
    20fe:	ef da       	rcall	.-2594   	; 0x16de <COM_Compare_to_OutStr_Offset>
    2100:	88 23       	and	r24, r24
    2102:	31 f1       	breq	.+76     	; 0x2150 <UART_Execute_Command+0x7e4>
    2104:	80 91 8a 10 	lds	r24, 0x108A	; 0x80108a <OutSTR_L>
    2108:	fe 01       	movw	r30, r28
    210a:	e8 0f       	add	r30, r24
    210c:	f1 1d       	adc	r31, r1
    210e:	80 81       	ld	r24, Z
    2110:	81 11       	cpse	r24, r1
    2112:	0c c0       	rjmp	.+24     	; 0x212c <UART_Execute_Command+0x7c0>
    2114:	c8 01       	movw	r24, r16
    2116:	0e 94 e3 4a 	call	0x95c6	; 0x95c6 <atof>
    211a:	60 93 ae 02 	sts	0x02AE, r22	; 0x8002ae <IV_Cos_Max_Phase>
    211e:	70 93 af 02 	sts	0x02AF, r23	; 0x8002af <IV_Cos_Max_Phase+0x1>
    2122:	80 93 b0 02 	sts	0x02B0, r24	; 0x8002b0 <IV_Cos_Max_Phase+0x2>
    2126:	90 93 b1 02 	sts	0x02B1, r25	; 0x8002b1 <IV_Cos_Max_Phase+0x3>
    212a:	09 c0       	rjmp	.+18     	; 0x213e <UART_Execute_Command+0x7d2>
    212c:	80 91 8a 10 	lds	r24, 0x108A	; 0x80108a <OutSTR_L>
    2130:	c8 0f       	add	r28, r24
    2132:	d1 1d       	adc	r29, r1
    2134:	88 81       	ld	r24, Y
    2136:	8f 33       	cpi	r24, 0x3F	; 63
    2138:	09 f0       	breq	.+2      	; 0x213c <UART_Execute_Command+0x7d0>
    213a:	50 c6       	rjmp	.+3232   	; 0x2ddc <UART_Execute_Command+0x1470>
    213c:	46 db       	rcall	.-2420   	; 0x17ca <COM_Add_QuestMark_To_OutSTR_No_Sep>
    213e:	40 91 ae 02 	lds	r20, 0x02AE	; 0x8002ae <IV_Cos_Max_Phase>
    2142:	50 91 af 02 	lds	r21, 0x02AF	; 0x8002af <IV_Cos_Max_Phase+0x1>
    2146:	60 91 b0 02 	lds	r22, 0x02B0	; 0x8002b0 <IV_Cos_Max_Phase+0x2>
    214a:	70 91 b1 02 	lds	r23, 0x02B1	; 0x8002b1 <IV_Cos_Max_Phase+0x3>
    214e:	cb cd       	rjmp	.-1130   	; 0x1ce6 <UART_Execute_Command+0x37a>
    2150:	6f 2d       	mov	r22, r15
    2152:	8d e8       	ldi	r24, 0x8D	; 141
    2154:	91 e0       	ldi	r25, 0x01	; 1
    2156:	20 db       	rcall	.-2496   	; 0x1798 <COM_Add_To_OutSTR_At_Position>
    2158:	6f 2d       	mov	r22, r15
    215a:	ce 01       	movw	r24, r28
    215c:	c0 da       	rcall	.-2688   	; 0x16de <COM_Compare_to_OutStr_Offset>
    215e:	88 23       	and	r24, r24
    2160:	31 f1       	breq	.+76     	; 0x21ae <UART_Execute_Command+0x842>
    2162:	80 91 8a 10 	lds	r24, 0x108A	; 0x80108a <OutSTR_L>
    2166:	fe 01       	movw	r30, r28
    2168:	e8 0f       	add	r30, r24
    216a:	f1 1d       	adc	r31, r1
    216c:	80 81       	ld	r24, Z
    216e:	81 11       	cpse	r24, r1
    2170:	0c c0       	rjmp	.+24     	; 0x218a <UART_Execute_Command+0x81e>
    2172:	c8 01       	movw	r24, r16
    2174:	0e 94 e3 4a 	call	0x95c6	; 0x95c6 <atof>
    2178:	60 93 a9 0a 	sts	0x0AA9, r22	; 0x800aa9 <IV_Voc_Overshoot_Fact>
    217c:	70 93 aa 0a 	sts	0x0AAA, r23	; 0x800aaa <IV_Voc_Overshoot_Fact+0x1>
    2180:	80 93 ab 0a 	sts	0x0AAB, r24	; 0x800aab <IV_Voc_Overshoot_Fact+0x2>
    2184:	90 93 ac 0a 	sts	0x0AAC, r25	; 0x800aac <IV_Voc_Overshoot_Fact+0x3>
    2188:	09 c0       	rjmp	.+18     	; 0x219c <UART_Execute_Command+0x830>
    218a:	80 91 8a 10 	lds	r24, 0x108A	; 0x80108a <OutSTR_L>
    218e:	c8 0f       	add	r28, r24
    2190:	d1 1d       	adc	r29, r1
    2192:	88 81       	ld	r24, Y
    2194:	8f 33       	cpi	r24, 0x3F	; 63
    2196:	09 f0       	breq	.+2      	; 0x219a <UART_Execute_Command+0x82e>
    2198:	21 c6       	rjmp	.+3138   	; 0x2ddc <UART_Execute_Command+0x1470>
    219a:	17 db       	rcall	.-2514   	; 0x17ca <COM_Add_QuestMark_To_OutSTR_No_Sep>
    219c:	40 91 a9 0a 	lds	r20, 0x0AA9	; 0x800aa9 <IV_Voc_Overshoot_Fact>
    21a0:	50 91 aa 0a 	lds	r21, 0x0AAA	; 0x800aaa <IV_Voc_Overshoot_Fact+0x1>
    21a4:	60 91 ab 0a 	lds	r22, 0x0AAB	; 0x800aab <IV_Voc_Overshoot_Fact+0x2>
    21a8:	70 91 ac 0a 	lds	r23, 0x0AAC	; 0x800aac <IV_Voc_Overshoot_Fact+0x3>
    21ac:	9c cd       	rjmp	.-1224   	; 0x1ce6 <UART_Execute_Command+0x37a>
    21ae:	86 e9       	ldi	r24, 0x96	; 150
    21b0:	91 e0       	ldi	r25, 0x01	; 1
    21b2:	ab da       	rcall	.-2730   	; 0x170a <COM_Copy_To_OutSTR_From_Start>
    21b4:	f0 90 8a 10 	lds	r15, 0x108A	; 0x80108a <OutSTR_L>
    21b8:	ce 01       	movw	r24, r28
    21ba:	7b da       	rcall	.-2826   	; 0x16b2 <COM_Compare_to_OutStr>
    21bc:	88 23       	and	r24, r24
    21be:	09 f4       	brne	.+2      	; 0x21c2 <UART_Execute_Command+0x856>
    21c0:	c9 c0       	rjmp	.+402    	; 0x2354 <UART_Execute_Command+0x9e8>
    21c2:	6f 2d       	mov	r22, r15
    21c4:	82 e6       	ldi	r24, 0x62	; 98
    21c6:	91 e0       	ldi	r25, 0x01	; 1
    21c8:	e7 da       	rcall	.-2610   	; 0x1798 <COM_Add_To_OutSTR_At_Position>
    21ca:	6f 2d       	mov	r22, r15
    21cc:	ce 01       	movw	r24, r28
    21ce:	87 da       	rcall	.-2802   	; 0x16de <COM_Compare_to_OutStr_Offset>
    21d0:	88 23       	and	r24, r24
    21d2:	09 f4       	brne	.+2      	; 0x21d6 <UART_Execute_Command+0x86a>
    21d4:	61 c0       	rjmp	.+194    	; 0x2298 <UART_Execute_Command+0x92c>
    21d6:	80 91 8a 10 	lds	r24, 0x108A	; 0x80108a <OutSTR_L>
    21da:	c8 0f       	add	r28, r24
    21dc:	d1 1d       	adc	r29, r1
    21de:	88 81       	ld	r24, Y
    21e0:	81 11       	cpse	r24, r1
    21e2:	fc c5       	rjmp	.+3064   	; 0x2ddc <UART_Execute_Command+0x1470>
    21e4:	0e 94 70 36 	call	0x6ce0	; 0x6ce0 <Check_Temp_Disconnect_State>
    21e8:	81 11       	cpse	r24, r1
    21ea:	08 c0       	rjmp	.+16     	; 0x21fc <UART_Execute_Command+0x890>
    21ec:	80 91 26 14 	lds	r24, 0x1426	; 0x801426 <SysStatus_A>
    21f0:	85 fd       	sbrc	r24, 5
    21f2:	04 c0       	rjmp	.+8      	; 0x21fc <UART_Execute_Command+0x890>
    21f4:	80 91 26 14 	lds	r24, 0x1426	; 0x801426 <SysStatus_A>
    21f8:	80 fd       	sbrc	r24, 0
    21fa:	04 c0       	rjmp	.+8      	; 0x2204 <UART_Execute_Command+0x898>
    21fc:	80 91 2b 14 	lds	r24, 0x142B	; 0x80142b <SysControl>
    2200:	8b 7f       	andi	r24, 0xFB	; 251
    2202:	96 cc       	rjmp	.-1748   	; 0x1b30 <UART_Execute_Command+0x1c4>
    2204:	80 91 2b 14 	lds	r24, 0x142B	; 0x80142b <SysControl>
    2208:	84 60       	ori	r24, 0x04	; 4
    220a:	80 93 2b 14 	sts	0x142B, r24	; 0x80142b <SysControl>
    220e:	80 91 b8 02 	lds	r24, 0x02B8	; 0x8002b8 <IV_Point_Set_Delay_ms>
    2212:	90 91 b9 02 	lds	r25, 0x02B9	; 0x8002b9 <IV_Point_Set_Delay_ms+0x1>
    2216:	80 32       	cpi	r24, 0x20	; 32
    2218:	9e 44       	sbci	r25, 0x4E	; 78
    221a:	18 f0       	brcs	.+6      	; 0x2222 <UART_Execute_Command+0x8b6>
    221c:	80 e6       	ldi	r24, 0x60	; 96
    221e:	9a ee       	ldi	r25, 0xEA	; 234
    2220:	0a c0       	rjmp	.+20     	; 0x2236 <UART_Execute_Command+0x8ca>
    2222:	80 91 b8 02 	lds	r24, 0x02B8	; 0x8002b8 <IV_Point_Set_Delay_ms>
    2226:	90 91 b9 02 	lds	r25, 0x02B9	; 0x8002b9 <IV_Point_Set_Delay_ms+0x1>
    222a:	9c 01       	movw	r18, r24
    222c:	22 0f       	add	r18, r18
    222e:	33 1f       	adc	r19, r19
    2230:	82 0f       	add	r24, r18
    2232:	93 1f       	adc	r25, r19
    2234:	c2 96       	adiw	r24, 0x32	; 50
    2236:	90 93 c0 02 	sts	0x02C0, r25	; 0x8002c0 <IV_Setup_Signal_Set_Time+0x1>
    223a:	80 93 bf 02 	sts	0x02BF, r24	; 0x8002bf <IV_Setup_Signal_Set_Time>
    223e:	60 91 b7 06 	lds	r22, 0x06B7	; 0x8006b7 <IV_Meas_Points>
    2242:	c0 91 bf 02 	lds	r28, 0x02BF	; 0x8002bf <IV_Setup_Signal_Set_Time>
    2246:	d0 91 c0 02 	lds	r29, 0x02C0	; 0x8002c0 <IV_Setup_Signal_Set_Time+0x1>
    224a:	70 e0       	ldi	r23, 0x00	; 0
    224c:	80 e0       	ldi	r24, 0x00	; 0
    224e:	90 e0       	ldi	r25, 0x00	; 0
    2250:	0e 94 d2 47 	call	0x8fa4	; 0x8fa4 <__floatunsisf>
    2254:	20 e0       	ldi	r18, 0x00	; 0
    2256:	30 e0       	ldi	r19, 0x00	; 0
    2258:	40 e2       	ldi	r20, 0x20	; 32
    225a:	51 e4       	ldi	r21, 0x41	; 65
    225c:	0e 94 62 49 	call	0x92c4	; 0x92c4 <__mulsf3>
    2260:	20 e0       	ldi	r18, 0x00	; 0
    2262:	30 e0       	ldi	r19, 0x00	; 0
    2264:	48 e4       	ldi	r20, 0x48	; 72
    2266:	53 e4       	ldi	r21, 0x43	; 67
    2268:	0e 94 a0 46 	call	0x8d40	; 0x8d40 <__addsf3>
    226c:	4b 01       	movw	r8, r22
    226e:	5c 01       	movw	r10, r24
    2270:	be 01       	movw	r22, r28
    2272:	80 e0       	ldi	r24, 0x00	; 0
    2274:	90 e0       	ldi	r25, 0x00	; 0
    2276:	0e 94 d2 47 	call	0x8fa4	; 0x8fa4 <__floatunsisf>
    227a:	20 e0       	ldi	r18, 0x00	; 0
    227c:	30 e0       	ldi	r19, 0x00	; 0
    227e:	40 e8       	ldi	r20, 0x80	; 128
    2280:	50 e4       	ldi	r21, 0x40	; 64
    2282:	0e 94 62 49 	call	0x92c4	; 0x92c4 <__mulsf3>
    2286:	9b 01       	movw	r18, r22
    2288:	ac 01       	movw	r20, r24
    228a:	c5 01       	movw	r24, r10
    228c:	b4 01       	movw	r22, r8
    228e:	0e 94 a0 46 	call	0x8d40	; 0x8d40 <__addsf3>
    2292:	0e 94 a1 47 	call	0x8f42	; 0x8f42 <__fixsfsi>
    2296:	94 ce       	rjmp	.-728    	; 0x1fc0 <UART_Execute_Command+0x654>
    2298:	6f 2d       	mov	r22, r15
    229a:	8d e9       	ldi	r24, 0x9D	; 157
    229c:	91 e0       	ldi	r25, 0x01	; 1
    229e:	7c da       	rcall	.-2824   	; 0x1798 <COM_Add_To_OutSTR_At_Position>
    22a0:	6f 2d       	mov	r22, r15
    22a2:	ce 01       	movw	r24, r28
    22a4:	1c da       	rcall	.-3016   	; 0x16de <COM_Compare_to_OutStr_Offset>
    22a6:	88 23       	and	r24, r24
    22a8:	31 f1       	breq	.+76     	; 0x22f6 <UART_Execute_Command+0x98a>
    22aa:	80 91 8a 10 	lds	r24, 0x108A	; 0x80108a <OutSTR_L>
    22ae:	fe 01       	movw	r30, r28
    22b0:	e8 0f       	add	r30, r24
    22b2:	f1 1d       	adc	r31, r1
    22b4:	80 81       	ld	r24, Z
    22b6:	81 11       	cpse	r24, r1
    22b8:	0c c0       	rjmp	.+24     	; 0x22d2 <UART_Execute_Command+0x966>
    22ba:	c8 01       	movw	r24, r16
    22bc:	0e 94 e3 4a 	call	0x95c6	; 0x95c6 <atof>
    22c0:	60 93 b8 06 	sts	0x06B8, r22	; 0x8006b8 <PV_Volt_Trs>
    22c4:	70 93 b9 06 	sts	0x06B9, r23	; 0x8006b9 <PV_Volt_Trs+0x1>
    22c8:	80 93 ba 06 	sts	0x06BA, r24	; 0x8006ba <PV_Volt_Trs+0x2>
    22cc:	90 93 bb 06 	sts	0x06BB, r25	; 0x8006bb <PV_Volt_Trs+0x3>
    22d0:	09 c0       	rjmp	.+18     	; 0x22e4 <UART_Execute_Command+0x978>
    22d2:	80 91 8a 10 	lds	r24, 0x108A	; 0x80108a <OutSTR_L>
    22d6:	c8 0f       	add	r28, r24
    22d8:	d1 1d       	adc	r29, r1
    22da:	88 81       	ld	r24, Y
    22dc:	8f 33       	cpi	r24, 0x3F	; 63
    22de:	09 f0       	breq	.+2      	; 0x22e2 <UART_Execute_Command+0x976>
    22e0:	7d c5       	rjmp	.+2810   	; 0x2ddc <UART_Execute_Command+0x1470>
    22e2:	73 da       	rcall	.-2842   	; 0x17ca <COM_Add_QuestMark_To_OutSTR_No_Sep>
    22e4:	40 91 b8 06 	lds	r20, 0x06B8	; 0x8006b8 <PV_Volt_Trs>
    22e8:	50 91 b9 06 	lds	r21, 0x06B9	; 0x8006b9 <PV_Volt_Trs+0x1>
    22ec:	60 91 ba 06 	lds	r22, 0x06BA	; 0x8006ba <PV_Volt_Trs+0x2>
    22f0:	70 91 bb 06 	lds	r23, 0x06BB	; 0x8006bb <PV_Volt_Trs+0x3>
    22f4:	f8 cc       	rjmp	.-1552   	; 0x1ce6 <UART_Execute_Command+0x37a>
    22f6:	6f 2d       	mov	r22, r15
    22f8:	8c e5       	ldi	r24, 0x5C	; 92
    22fa:	91 e0       	ldi	r25, 0x01	; 1
    22fc:	4d da       	rcall	.-2918   	; 0x1798 <COM_Add_To_OutSTR_At_Position>
    22fe:	6f 2d       	mov	r22, r15
    2300:	ce 01       	movw	r24, r28
    2302:	ed d9       	rcall	.-3110   	; 0x16de <COM_Compare_to_OutStr_Offset>
    2304:	88 23       	and	r24, r24
    2306:	31 f1       	breq	.+76     	; 0x2354 <UART_Execute_Command+0x9e8>
    2308:	80 91 8a 10 	lds	r24, 0x108A	; 0x80108a <OutSTR_L>
    230c:	fe 01       	movw	r30, r28
    230e:	e8 0f       	add	r30, r24
    2310:	f1 1d       	adc	r31, r1
    2312:	80 81       	ld	r24, Z
    2314:	81 11       	cpse	r24, r1
    2316:	0c c0       	rjmp	.+24     	; 0x2330 <UART_Execute_Command+0x9c4>
    2318:	c8 01       	movw	r24, r16
    231a:	0e 94 e3 4a 	call	0x95c6	; 0x95c6 <atof>
    231e:	60 93 c2 02 	sts	0x02C2, r22	; 0x8002c2 <Trs_Delay_us>
    2322:	70 93 c3 02 	sts	0x02C3, r23	; 0x8002c3 <Trs_Delay_us+0x1>
    2326:	80 93 c4 02 	sts	0x02C4, r24	; 0x8002c4 <Trs_Delay_us+0x2>
    232a:	90 93 c5 02 	sts	0x02C5, r25	; 0x8002c5 <Trs_Delay_us+0x3>
    232e:	09 c0       	rjmp	.+18     	; 0x2342 <UART_Execute_Command+0x9d6>
    2330:	80 91 8a 10 	lds	r24, 0x108A	; 0x80108a <OutSTR_L>
    2334:	c8 0f       	add	r28, r24
    2336:	d1 1d       	adc	r29, r1
    2338:	88 81       	ld	r24, Y
    233a:	8f 33       	cpi	r24, 0x3F	; 63
    233c:	09 f0       	breq	.+2      	; 0x2340 <UART_Execute_Command+0x9d4>
    233e:	4e c5       	rjmp	.+2716   	; 0x2ddc <UART_Execute_Command+0x1470>
    2340:	44 da       	rcall	.-2936   	; 0x17ca <COM_Add_QuestMark_To_OutSTR_No_Sep>
    2342:	40 91 c2 02 	lds	r20, 0x02C2	; 0x8002c2 <Trs_Delay_us>
    2346:	50 91 c3 02 	lds	r21, 0x02C3	; 0x8002c3 <Trs_Delay_us+0x1>
    234a:	60 91 c4 02 	lds	r22, 0x02C4	; 0x8002c4 <Trs_Delay_us+0x2>
    234e:	70 91 c5 02 	lds	r23, 0x02C5	; 0x8002c5 <Trs_Delay_us+0x3>
    2352:	c9 cc       	rjmp	.-1646   	; 0x1ce6 <UART_Execute_Command+0x37a>
    2354:	85 ea       	ldi	r24, 0xA5	; 165
    2356:	91 e0       	ldi	r25, 0x01	; 1
    2358:	d8 d9       	rcall	.-3152   	; 0x170a <COM_Copy_To_OutSTR_From_Start>
    235a:	f0 90 8a 10 	lds	r15, 0x108A	; 0x80108a <OutSTR_L>
    235e:	ce 01       	movw	r24, r28
    2360:	a8 d9       	rcall	.-3248   	; 0x16b2 <COM_Compare_to_OutStr>
    2362:	88 23       	and	r24, r24
    2364:	09 f4       	brne	.+2      	; 0x2368 <UART_Execute_Command+0x9fc>
    2366:	2d c2       	rjmp	.+1114   	; 0x27c2 <UART_Execute_Command+0xe56>
    2368:	6f 2d       	mov	r22, r15
    236a:	8c ea       	ldi	r24, 0xAC	; 172
    236c:	91 e0       	ldi	r25, 0x01	; 1
    236e:	14 da       	rcall	.-3032   	; 0x1798 <COM_Add_To_OutSTR_At_Position>
    2370:	6f 2d       	mov	r22, r15
    2372:	ce 01       	movw	r24, r28
    2374:	b4 d9       	rcall	.-3224   	; 0x16de <COM_Compare_to_OutStr_Offset>
    2376:	88 23       	and	r24, r24
    2378:	e9 f0       	breq	.+58     	; 0x23b4 <UART_Execute_Command+0xa48>
    237a:	80 91 8a 10 	lds	r24, 0x108A	; 0x80108a <OutSTR_L>
    237e:	c8 0f       	add	r28, r24
    2380:	d1 1d       	adc	r29, r1
    2382:	88 81       	ld	r24, Y
    2384:	8f 33       	cpi	r24, 0x3F	; 63
    2386:	09 f0       	breq	.+2      	; 0x238a <UART_Execute_Command+0xa1e>
    2388:	29 c5       	rjmp	.+2642   	; 0x2ddc <UART_Execute_Command+0x1470>
    238a:	40 91 60 15 	lds	r20, 0x1560	; 0x801560 <AI_Volt_Range_Val>
    238e:	50 91 61 15 	lds	r21, 0x1561	; 0x801561 <AI_Volt_Range_Val+0x1>
    2392:	60 91 62 15 	lds	r22, 0x1562	; 0x801562 <AI_Volt_Range_Val+0x2>
    2396:	70 91 63 15 	lds	r23, 0x1563	; 0x801563 <AI_Volt_Range_Val+0x3>
    239a:	c8 01       	movw	r24, r16
    239c:	6d da       	rcall	.-2854   	; 0x1878 <FloatToString>
    239e:	c8 01       	movw	r24, r16
    23a0:	d5 d9       	rcall	.-3158   	; 0x174c <COM_Add_To_OutSTR_with_Sep>
    23a2:	40 91 d8 14 	lds	r20, 0x14D8	; 0x8014d8 <AI_Curr_Range_Val>
    23a6:	50 91 d9 14 	lds	r21, 0x14D9	; 0x8014d9 <AI_Curr_Range_Val+0x1>
    23aa:	60 91 da 14 	lds	r22, 0x14DA	; 0x8014da <AI_Curr_Range_Val+0x2>
    23ae:	70 91 db 14 	lds	r23, 0x14DB	; 0x8014db <AI_Curr_Range_Val+0x3>
    23b2:	99 cc       	rjmp	.-1742   	; 0x1ce6 <UART_Execute_Command+0x37a>
    23b4:	6f 2d       	mov	r22, r15
    23b6:	83 eb       	ldi	r24, 0xB3	; 179
    23b8:	91 e0       	ldi	r25, 0x01	; 1
    23ba:	ee d9       	rcall	.-3108   	; 0x1798 <COM_Add_To_OutSTR_At_Position>
    23bc:	6f 2d       	mov	r22, r15
    23be:	ce 01       	movw	r24, r28
    23c0:	8e d9       	rcall	.-3300   	; 0x16de <COM_Compare_to_OutStr_Offset>
    23c2:	88 23       	and	r24, r24
    23c4:	c1 f1       	breq	.+112    	; 0x2436 <UART_Execute_Command+0xaca>
    23c6:	80 91 8a 10 	lds	r24, 0x108A	; 0x80108a <OutSTR_L>
    23ca:	fe 01       	movw	r30, r28
    23cc:	e8 0f       	add	r30, r24
    23ce:	f1 1d       	adc	r31, r1
    23d0:	80 81       	ld	r24, Z
    23d2:	81 11       	cpse	r24, r1
    23d4:	20 c0       	rjmp	.+64     	; 0x2416 <UART_Execute_Command+0xaaa>
    23d6:	f8 01       	movw	r30, r16
    23d8:	80 81       	ld	r24, Z
    23da:	90 e0       	ldi	r25, 0x00	; 0
    23dc:	c0 97       	sbiw	r24, 0x30	; 48
    23de:	0a 97       	sbiw	r24, 0x0a	; 10
    23e0:	08 f0       	brcs	.+2      	; 0x23e4 <UART_Execute_Command+0xa78>
    23e2:	fc c4       	rjmp	.+2552   	; 0x2ddc <UART_Execute_Command+0x1470>
    23e4:	c8 01       	movw	r24, r16
    23e6:	0e 94 03 4b 	call	0x9606	; 0x9606 <atol>
    23ea:	65 30       	cpi	r22, 0x05	; 5
    23ec:	71 05       	cpc	r23, r1
    23ee:	81 05       	cpc	r24, r1
    23f0:	91 05       	cpc	r25, r1
    23f2:	48 f0       	brcs	.+18     	; 0x2406 <UART_Execute_Command+0xa9a>
    23f4:	80 91 ec 14 	lds	r24, 0x14EC	; 0x8014ec <Range_Status_A>
    23f8:	8e 7f       	andi	r24, 0xFE	; 254
    23fa:	80 93 ec 14 	sts	0x14EC, r24	; 0x8014ec <Range_Status_A>
    23fe:	8f ef       	ldi	r24, 0xFF	; 255
    2400:	80 93 10 15 	sts	0x1510, r24	; 0x801510 <Range_Volt_ID_Man>
    2404:	40 c0       	rjmp	.+128    	; 0x2486 <UART_Execute_Command+0xb1a>
    2406:	20 91 ec 14 	lds	r18, 0x14EC	; 0x8014ec <Range_Status_A>
    240a:	21 60       	ori	r18, 0x01	; 1
    240c:	20 93 ec 14 	sts	0x14EC, r18	; 0x8014ec <Range_Status_A>
    2410:	60 93 10 15 	sts	0x1510, r22	; 0x801510 <Range_Volt_ID_Man>
    2414:	0d c0       	rjmp	.+26     	; 0x2430 <UART_Execute_Command+0xac4>
    2416:	80 91 8a 10 	lds	r24, 0x108A	; 0x80108a <OutSTR_L>
    241a:	c8 0f       	add	r28, r24
    241c:	d1 1d       	adc	r29, r1
    241e:	88 81       	ld	r24, Y
    2420:	8f 33       	cpi	r24, 0x3F	; 63
    2422:	09 f0       	breq	.+2      	; 0x2426 <UART_Execute_Command+0xaba>
    2424:	db c4       	rjmp	.+2486   	; 0x2ddc <UART_Execute_Command+0x1470>
    2426:	d1 d9       	rcall	.-3166   	; 0x17ca <COM_Add_QuestMark_To_OutSTR_No_Sep>
    2428:	80 91 10 15 	lds	r24, 0x1510	; 0x801510 <Range_Volt_ID_Man>
    242c:	8f 3f       	cpi	r24, 0xFF	; 255
    242e:	59 f1       	breq	.+86     	; 0x2486 <UART_Execute_Command+0xb1a>
    2430:	80 91 10 15 	lds	r24, 0x1510	; 0x801510 <Range_Volt_ID_Man>
    2434:	ee cb       	rjmp	.-2084   	; 0x1c12 <UART_Execute_Command+0x2a6>
    2436:	6f 2d       	mov	r22, r15
    2438:	8f eb       	ldi	r24, 0xBF	; 191
    243a:	91 e0       	ldi	r25, 0x01	; 1
    243c:	ad d9       	rcall	.-3238   	; 0x1798 <COM_Add_To_OutSTR_At_Position>
    243e:	6f 2d       	mov	r22, r15
    2440:	ce 01       	movw	r24, r28
    2442:	4d d9       	rcall	.-3430   	; 0x16de <COM_Compare_to_OutStr_Offset>
    2444:	88 23       	and	r24, r24
    2446:	d1 f1       	breq	.+116    	; 0x24bc <UART_Execute_Command+0xb50>
    2448:	80 91 8a 10 	lds	r24, 0x108A	; 0x80108a <OutSTR_L>
    244c:	fe 01       	movw	r30, r28
    244e:	e8 0f       	add	r30, r24
    2450:	f1 1d       	adc	r31, r1
    2452:	80 81       	ld	r24, Z
    2454:	81 11       	cpse	r24, r1
    2456:	22 c0       	rjmp	.+68     	; 0x249c <UART_Execute_Command+0xb30>
    2458:	f8 01       	movw	r30, r16
    245a:	80 81       	ld	r24, Z
    245c:	90 e0       	ldi	r25, 0x00	; 0
    245e:	c0 97       	sbiw	r24, 0x30	; 48
    2460:	0a 97       	sbiw	r24, 0x0a	; 10
    2462:	08 f0       	brcs	.+2      	; 0x2466 <UART_Execute_Command+0xafa>
    2464:	bb c4       	rjmp	.+2422   	; 0x2ddc <UART_Execute_Command+0x1470>
    2466:	c8 01       	movw	r24, r16
    2468:	0e 94 03 4b 	call	0x9606	; 0x9606 <atol>
    246c:	66 30       	cpi	r22, 0x06	; 6
    246e:	71 05       	cpc	r23, r1
    2470:	81 05       	cpc	r24, r1
    2472:	91 05       	cpc	r25, r1
    2474:	58 f0       	brcs	.+22     	; 0x248c <UART_Execute_Command+0xb20>
    2476:	80 91 ec 14 	lds	r24, 0x14EC	; 0x8014ec <Range_Status_A>
    247a:	8d 7f       	andi	r24, 0xFD	; 253
    247c:	80 93 ec 14 	sts	0x14EC, r24	; 0x8014ec <Range_Status_A>
    2480:	8f ef       	ldi	r24, 0xFF	; 255
    2482:	80 93 12 15 	sts	0x1512, r24	; 0x801512 <Range_Curr_ID_Man>
    2486:	8a eb       	ldi	r24, 0xBA	; 186
    2488:	91 e0       	ldi	r25, 0x01	; 1
    248a:	c9 cb       	rjmp	.-2158   	; 0x1c1e <UART_Execute_Command+0x2b2>
    248c:	20 91 ec 14 	lds	r18, 0x14EC	; 0x8014ec <Range_Status_A>
    2490:	22 60       	ori	r18, 0x02	; 2
    2492:	20 93 ec 14 	sts	0x14EC, r18	; 0x8014ec <Range_Status_A>
    2496:	60 93 12 15 	sts	0x1512, r22	; 0x801512 <Range_Curr_ID_Man>
    249a:	0d c0       	rjmp	.+26     	; 0x24b6 <UART_Execute_Command+0xb4a>
    249c:	80 91 8a 10 	lds	r24, 0x108A	; 0x80108a <OutSTR_L>
    24a0:	c8 0f       	add	r28, r24
    24a2:	d1 1d       	adc	r29, r1
    24a4:	88 81       	ld	r24, Y
    24a6:	8f 33       	cpi	r24, 0x3F	; 63
    24a8:	09 f0       	breq	.+2      	; 0x24ac <UART_Execute_Command+0xb40>
    24aa:	98 c4       	rjmp	.+2352   	; 0x2ddc <UART_Execute_Command+0x1470>
    24ac:	8e d9       	rcall	.-3300   	; 0x17ca <COM_Add_QuestMark_To_OutSTR_No_Sep>
    24ae:	80 91 12 15 	lds	r24, 0x1512	; 0x801512 <Range_Curr_ID_Man>
    24b2:	8f 3f       	cpi	r24, 0xFF	; 255
    24b4:	41 f3       	breq	.-48     	; 0x2486 <UART_Execute_Command+0xb1a>
    24b6:	80 91 12 15 	lds	r24, 0x1512	; 0x801512 <Range_Curr_ID_Man>
    24ba:	ab cb       	rjmp	.-2218   	; 0x1c12 <UART_Execute_Command+0x2a6>
    24bc:	6f 2d       	mov	r22, r15
    24be:	86 ec       	ldi	r24, 0xC6	; 198
    24c0:	91 e0       	ldi	r25, 0x01	; 1
    24c2:	6a d9       	rcall	.-3372   	; 0x1798 <COM_Add_To_OutSTR_At_Position>
    24c4:	6f 2d       	mov	r22, r15
    24c6:	ce 01       	movw	r24, r28
    24c8:	0a d9       	rcall	.-3564   	; 0x16de <COM_Compare_to_OutStr_Offset>
    24ca:	88 23       	and	r24, r24
    24cc:	61 f0       	breq	.+24     	; 0x24e6 <UART_Execute_Command+0xb7a>
    24ce:	80 91 8a 10 	lds	r24, 0x108A	; 0x80108a <OutSTR_L>
    24d2:	c8 0f       	add	r28, r24
    24d4:	d1 1d       	adc	r29, r1
    24d6:	88 81       	ld	r24, Y
    24d8:	81 11       	cpse	r24, r1
    24da:	80 c4       	rjmp	.+2304   	; 0x2ddc <UART_Execute_Command+0x1470>
    24dc:	0e 94 a6 3d 	call	0x7b4c	; 0x7b4c <Reset_Over_Current_Clamp>
    24e0:	8b e0       	ldi	r24, 0x0B	; 11
    24e2:	91 e0       	ldi	r25, 0x01	; 1
    24e4:	9c cb       	rjmp	.-2248   	; 0x1c1e <UART_Execute_Command+0x2b2>
    24e6:	6f 2d       	mov	r22, r15
    24e8:	8c ec       	ldi	r24, 0xCC	; 204
    24ea:	91 e0       	ldi	r25, 0x01	; 1
    24ec:	55 d9       	rcall	.-3414   	; 0x1798 <COM_Add_To_OutSTR_At_Position>
    24ee:	6f 2d       	mov	r22, r15
    24f0:	ce 01       	movw	r24, r28
    24f2:	f5 d8       	rcall	.-3606   	; 0x16de <COM_Compare_to_OutStr_Offset>
    24f4:	88 23       	and	r24, r24
    24f6:	59 f1       	breq	.+86     	; 0x254e <UART_Execute_Command+0xbe2>
    24f8:	80 91 8a 10 	lds	r24, 0x108A	; 0x80108a <OutSTR_L>
    24fc:	fe 01       	movw	r30, r28
    24fe:	e8 0f       	add	r30, r24
    2500:	f1 1d       	adc	r31, r1
    2502:	80 81       	ld	r24, Z
    2504:	81 11       	cpse	r24, r1
    2506:	17 c0       	rjmp	.+46     	; 0x2536 <UART_Execute_Command+0xbca>
    2508:	f8 01       	movw	r30, r16
    250a:	80 81       	ld	r24, Z
    250c:	90 e0       	ldi	r25, 0x00	; 0
    250e:	c0 97       	sbiw	r24, 0x30	; 48
    2510:	0a 97       	sbiw	r24, 0x0a	; 10
    2512:	08 f0       	brcs	.+2      	; 0x2516 <UART_Execute_Command+0xbaa>
    2514:	63 c4       	rjmp	.+2246   	; 0x2ddc <UART_Execute_Command+0x1470>
    2516:	c8 01       	movw	r24, r16
    2518:	0e 94 03 4b 	call	0x9606	; 0x9606 <atol>
    251c:	6f 3f       	cpi	r22, 0xFF	; 255
    251e:	71 05       	cpc	r23, r1
    2520:	81 05       	cpc	r24, r1
    2522:	91 05       	cpc	r25, r1
    2524:	29 f0       	breq	.+10     	; 0x2530 <UART_Execute_Command+0xbc4>
    2526:	20 f0       	brcs	.+8      	; 0x2530 <UART_Execute_Command+0xbc4>
    2528:	8f ef       	ldi	r24, 0xFF	; 255
    252a:	80 93 46 15 	sts	0x1546, r24	; 0x801546 <Range_Volt_Enable>
    252e:	0c c0       	rjmp	.+24     	; 0x2548 <UART_Execute_Command+0xbdc>
    2530:	60 93 46 15 	sts	0x1546, r22	; 0x801546 <Range_Volt_Enable>
    2534:	09 c0       	rjmp	.+18     	; 0x2548 <UART_Execute_Command+0xbdc>
    2536:	80 91 8a 10 	lds	r24, 0x108A	; 0x80108a <OutSTR_L>
    253a:	c8 0f       	add	r28, r24
    253c:	d1 1d       	adc	r29, r1
    253e:	88 81       	ld	r24, Y
    2540:	8f 33       	cpi	r24, 0x3F	; 63
    2542:	09 f0       	breq	.+2      	; 0x2546 <UART_Execute_Command+0xbda>
    2544:	4b c4       	rjmp	.+2198   	; 0x2ddc <UART_Execute_Command+0x1470>
    2546:	41 d9       	rcall	.-3454   	; 0x17ca <COM_Add_QuestMark_To_OutSTR_No_Sep>
    2548:	80 91 46 15 	lds	r24, 0x1546	; 0x801546 <Range_Volt_Enable>
    254c:	62 cb       	rjmp	.-2364   	; 0x1c12 <UART_Execute_Command+0x2a6>
    254e:	6f 2d       	mov	r22, r15
    2550:	83 ed       	ldi	r24, 0xD3	; 211
    2552:	91 e0       	ldi	r25, 0x01	; 1
    2554:	21 d9       	rcall	.-3518   	; 0x1798 <COM_Add_To_OutSTR_At_Position>
    2556:	6f 2d       	mov	r22, r15
    2558:	ce 01       	movw	r24, r28
    255a:	c1 d8       	rcall	.-3710   	; 0x16de <COM_Compare_to_OutStr_Offset>
    255c:	88 23       	and	r24, r24
    255e:	59 f1       	breq	.+86     	; 0x25b6 <UART_Execute_Command+0xc4a>
    2560:	80 91 8a 10 	lds	r24, 0x108A	; 0x80108a <OutSTR_L>
    2564:	fe 01       	movw	r30, r28
    2566:	e8 0f       	add	r30, r24
    2568:	f1 1d       	adc	r31, r1
    256a:	80 81       	ld	r24, Z
    256c:	81 11       	cpse	r24, r1
    256e:	17 c0       	rjmp	.+46     	; 0x259e <UART_Execute_Command+0xc32>
    2570:	f8 01       	movw	r30, r16
    2572:	80 81       	ld	r24, Z
    2574:	90 e0       	ldi	r25, 0x00	; 0
    2576:	c0 97       	sbiw	r24, 0x30	; 48
    2578:	0a 97       	sbiw	r24, 0x0a	; 10
    257a:	08 f0       	brcs	.+2      	; 0x257e <UART_Execute_Command+0xc12>
    257c:	2f c4       	rjmp	.+2142   	; 0x2ddc <UART_Execute_Command+0x1470>
    257e:	c8 01       	movw	r24, r16
    2580:	0e 94 03 4b 	call	0x9606	; 0x9606 <atol>
    2584:	6f 3f       	cpi	r22, 0xFF	; 255
    2586:	71 05       	cpc	r23, r1
    2588:	81 05       	cpc	r24, r1
    258a:	91 05       	cpc	r25, r1
    258c:	29 f0       	breq	.+10     	; 0x2598 <UART_Execute_Command+0xc2c>
    258e:	20 f0       	brcs	.+8      	; 0x2598 <UART_Execute_Command+0xc2c>
    2590:	8f ef       	ldi	r24, 0xFF	; 255
    2592:	80 93 07 15 	sts	0x1507, r24	; 0x801507 <Range_Curr_Enable>
    2596:	0c c0       	rjmp	.+24     	; 0x25b0 <UART_Execute_Command+0xc44>
    2598:	60 93 07 15 	sts	0x1507, r22	; 0x801507 <Range_Curr_Enable>
    259c:	09 c0       	rjmp	.+18     	; 0x25b0 <UART_Execute_Command+0xc44>
    259e:	80 91 8a 10 	lds	r24, 0x108A	; 0x80108a <OutSTR_L>
    25a2:	c8 0f       	add	r28, r24
    25a4:	d1 1d       	adc	r29, r1
    25a6:	88 81       	ld	r24, Y
    25a8:	8f 33       	cpi	r24, 0x3F	; 63
    25aa:	09 f0       	breq	.+2      	; 0x25ae <UART_Execute_Command+0xc42>
    25ac:	17 c4       	rjmp	.+2094   	; 0x2ddc <UART_Execute_Command+0x1470>
    25ae:	0d d9       	rcall	.-3558   	; 0x17ca <COM_Add_QuestMark_To_OutSTR_No_Sep>
    25b0:	80 91 07 15 	lds	r24, 0x1507	; 0x801507 <Range_Curr_Enable>
    25b4:	2e cb       	rjmp	.-2468   	; 0x1c12 <UART_Execute_Command+0x2a6>
    25b6:	6f 2d       	mov	r22, r15
    25b8:	8a ed       	ldi	r24, 0xDA	; 218
    25ba:	91 e0       	ldi	r25, 0x01	; 1
    25bc:	ed d8       	rcall	.-3622   	; 0x1798 <COM_Add_To_OutSTR_At_Position>
    25be:	6f 2d       	mov	r22, r15
    25c0:	ce 01       	movw	r24, r28
    25c2:	8d d8       	rcall	.-3814   	; 0x16de <COM_Compare_to_OutStr_Offset>
    25c4:	88 23       	and	r24, r24
    25c6:	09 f4       	brne	.+2      	; 0x25ca <UART_Execute_Command+0xc5e>
    25c8:	fc c0       	rjmp	.+504    	; 0x27c2 <UART_Execute_Command+0xe56>
    25ca:	f0 90 8a 10 	lds	r15, 0x108A	; 0x80108a <OutSTR_L>
    25ce:	6f 2d       	mov	r22, r15
    25d0:	82 e4       	ldi	r24, 0x42	; 66
    25d2:	91 e0       	ldi	r25, 0x01	; 1
    25d4:	e1 d8       	rcall	.-3646   	; 0x1798 <COM_Add_To_OutSTR_At_Position>
    25d6:	6f 2d       	mov	r22, r15
    25d8:	ce 01       	movw	r24, r28
    25da:	81 d8       	rcall	.-3838   	; 0x16de <COM_Compare_to_OutStr_Offset>
    25dc:	88 23       	and	r24, r24
    25de:	09 f4       	brne	.+2      	; 0x25e2 <UART_Execute_Command+0xc76>
    25e0:	71 c0       	rjmp	.+226    	; 0x26c4 <UART_Execute_Command+0xd58>
    25e2:	80 91 8a 10 	lds	r24, 0x108A	; 0x80108a <OutSTR_L>
    25e6:	fe 01       	movw	r30, r28
    25e8:	e8 0f       	add	r30, r24
    25ea:	f1 1d       	adc	r31, r1
    25ec:	80 81       	ld	r24, Z
    25ee:	81 11       	cpse	r24, r1
    25f0:	4e c0       	rjmp	.+156    	; 0x268e <UART_Execute_Command+0xd22>
    25f2:	80 91 2b 14 	lds	r24, 0x142B	; 0x80142b <SysControl>
    25f6:	80 68       	ori	r24, 0x80	; 128
    25f8:	80 93 2b 14 	sts	0x142B, r24	; 0x80142b <SysControl>
    25fc:	44 e0       	ldi	r20, 0x04	; 4
    25fe:	65 eb       	ldi	r22, 0xB5	; 181
    2600:	71 e0       	ldi	r23, 0x01	; 1
    2602:	c8 01       	movw	r24, r16
    2604:	f5 d8       	rcall	.-3606   	; 0x17f0 <Compare_String>
    2606:	81 30       	cpi	r24, 0x01	; 1
    2608:	71 f4       	brne	.+28     	; 0x2626 <UART_Execute_Command+0xcba>
    260a:	80 91 ec 14 	lds	r24, 0x14EC	; 0x8014ec <Range_Status_A>
    260e:	84 60       	ori	r24, 0x04	; 4
    2610:	80 93 ec 14 	sts	0x14EC, r24	; 0x8014ec <Range_Status_A>
    2614:	80 91 ec 14 	lds	r24, 0x14EC	; 0x8014ec <Range_Status_A>
    2618:	87 7f       	andi	r24, 0xF7	; 247
    261a:	80 93 ec 14 	sts	0x14EC, r24	; 0x8014ec <Range_Status_A>
    261e:	8f ef       	ldi	r24, 0xFF	; 255
    2620:	80 93 e5 14 	sts	0x14E5, r24	; 0x8014e5 <Range_Volt_ID_Act>
    2624:	3d c0       	rjmp	.+122    	; 0x26a0 <UART_Execute_Command+0xd34>
    2626:	44 e0       	ldi	r20, 0x04	; 4
    2628:	61 ec       	ldi	r22, 0xC1	; 193
    262a:	71 e0       	ldi	r23, 0x01	; 1
    262c:	c8 01       	movw	r24, r16
    262e:	e0 d8       	rcall	.-3648   	; 0x17f0 <Compare_String>
    2630:	81 30       	cpi	r24, 0x01	; 1
    2632:	71 f4       	brne	.+28     	; 0x2650 <UART_Execute_Command+0xce4>
    2634:	80 91 ec 14 	lds	r24, 0x14EC	; 0x8014ec <Range_Status_A>
    2638:	88 60       	ori	r24, 0x08	; 8
    263a:	80 93 ec 14 	sts	0x14EC, r24	; 0x8014ec <Range_Status_A>
    263e:	80 91 ec 14 	lds	r24, 0x14EC	; 0x8014ec <Range_Status_A>
    2642:	8b 7f       	andi	r24, 0xFB	; 251
    2644:	80 93 ec 14 	sts	0x14EC, r24	; 0x8014ec <Range_Status_A>
    2648:	8f ef       	ldi	r24, 0xFF	; 255
    264a:	80 93 5c 15 	sts	0x155C, r24	; 0x80155c <Range_Curr_ID_Act>
    264e:	28 c0       	rjmp	.+80     	; 0x26a0 <UART_Execute_Command+0xd34>
    2650:	80 91 2b 14 	lds	r24, 0x142B	; 0x80142b <SysControl>
    2654:	8f 77       	andi	r24, 0x7F	; 127
    2656:	80 93 2b 14 	sts	0x142B, r24	; 0x80142b <SysControl>
    265a:	80 91 ec 14 	lds	r24, 0x14EC	; 0x8014ec <Range_Status_A>
    265e:	82 ff       	sbrs	r24, 2
    2660:	04 c0       	rjmp	.+8      	; 0x266a <UART_Execute_Command+0xcfe>
    2662:	8f ef       	ldi	r24, 0xFF	; 255
    2664:	80 93 e5 14 	sts	0x14E5, r24	; 0x8014e5 <Range_Volt_ID_Act>
    2668:	07 c0       	rjmp	.+14     	; 0x2678 <UART_Execute_Command+0xd0c>
    266a:	80 91 ec 14 	lds	r24, 0x14EC	; 0x8014ec <Range_Status_A>
    266e:	83 ff       	sbrs	r24, 3
    2670:	03 c0       	rjmp	.+6      	; 0x2678 <UART_Execute_Command+0xd0c>
    2672:	8f ef       	ldi	r24, 0xFF	; 255
    2674:	80 93 5c 15 	sts	0x155C, r24	; 0x80155c <Range_Curr_ID_Act>
    2678:	80 91 ec 14 	lds	r24, 0x14EC	; 0x8014ec <Range_Status_A>
    267c:	8b 7f       	andi	r24, 0xFB	; 251
    267e:	80 93 ec 14 	sts	0x14EC, r24	; 0x8014ec <Range_Status_A>
    2682:	80 91 ec 14 	lds	r24, 0x14EC	; 0x8014ec <Range_Status_A>
    2686:	87 7f       	andi	r24, 0xF7	; 247
    2688:	80 93 ec 14 	sts	0x14EC, r24	; 0x8014ec <Range_Status_A>
    268c:	09 c0       	rjmp	.+18     	; 0x26a0 <UART_Execute_Command+0xd34>
    268e:	80 91 8a 10 	lds	r24, 0x108A	; 0x80108a <OutSTR_L>
    2692:	c8 0f       	add	r28, r24
    2694:	d1 1d       	adc	r29, r1
    2696:	88 81       	ld	r24, Y
    2698:	8f 33       	cpi	r24, 0x3F	; 63
    269a:	09 f0       	breq	.+2      	; 0x269e <UART_Execute_Command+0xd32>
    269c:	9f c3       	rjmp	.+1854   	; 0x2ddc <UART_Execute_Command+0x1470>
    269e:	95 d8       	rcall	.-3798   	; 0x17ca <COM_Add_QuestMark_To_OutSTR_No_Sep>
    26a0:	80 91 2b 14 	lds	r24, 0x142B	; 0x80142b <SysControl>
    26a4:	87 ff       	sbrs	r24, 7
    26a6:	46 ca       	rjmp	.-2932   	; 0x1b34 <UART_Execute_Command+0x1c8>
    26a8:	80 91 ec 14 	lds	r24, 0x14EC	; 0x8014ec <Range_Status_A>
    26ac:	82 ff       	sbrs	r24, 2
    26ae:	03 c0       	rjmp	.+6      	; 0x26b6 <UART_Execute_Command+0xd4a>
    26b0:	85 eb       	ldi	r24, 0xB5	; 181
    26b2:	91 e0       	ldi	r25, 0x01	; 1
    26b4:	b4 ca       	rjmp	.-2712   	; 0x1c1e <UART_Execute_Command+0x2b2>
    26b6:	80 91 ec 14 	lds	r24, 0x14EC	; 0x8014ec <Range_Status_A>
    26ba:	83 ff       	sbrs	r24, 3
    26bc:	27 c0       	rjmp	.+78     	; 0x270c <UART_Execute_Command+0xda0>
    26be:	81 ec       	ldi	r24, 0xC1	; 193
    26c0:	91 e0       	ldi	r25, 0x01	; 1
    26c2:	ad ca       	rjmp	.-2726   	; 0x1c1e <UART_Execute_Command+0x2b2>
    26c4:	6f 2d       	mov	r22, r15
    26c6:	82 ee       	ldi	r24, 0xE2	; 226
    26c8:	91 e0       	ldi	r25, 0x01	; 1
    26ca:	66 d8       	rcall	.-3892   	; 0x1798 <COM_Add_To_OutSTR_At_Position>
    26cc:	6f 2d       	mov	r22, r15
    26ce:	ce 01       	movw	r24, r28
    26d0:	06 d8       	rcall	.-4084   	; 0x16de <COM_Compare_to_OutStr_Offset>
    26d2:	88 23       	and	r24, r24
    26d4:	b9 f1       	breq	.+110    	; 0x2744 <UART_Execute_Command+0xdd8>
    26d6:	80 91 8a 10 	lds	r24, 0x108A	; 0x80108a <OutSTR_L>
    26da:	fe 01       	movw	r30, r28
    26dc:	e8 0f       	add	r30, r24
    26de:	f1 1d       	adc	r31, r1
    26e0:	80 81       	ld	r24, Z
    26e2:	81 11       	cpse	r24, r1
    26e4:	20 c0       	rjmp	.+64     	; 0x2726 <UART_Execute_Command+0xdba>
    26e6:	c8 01       	movw	r24, r16
    26e8:	0e 94 e3 4a 	call	0x95c6	; 0x95c6 <atof>
    26ec:	20 91 2b 14 	lds	r18, 0x142B	; 0x80142b <SysControl>
    26f0:	27 fd       	sbrc	r18, 7
    26f2:	0f c0       	rjmp	.+30     	; 0x2712 <UART_Execute_Command+0xda6>
    26f4:	80 91 2b 14 	lds	r24, 0x142B	; 0x80142b <SysControl>
    26f8:	87 ff       	sbrs	r24, 7
    26fa:	41 c0       	rjmp	.+130    	; 0x277e <UART_Execute_Command+0xe12>
    26fc:	80 91 ec 14 	lds	r24, 0x14EC	; 0x8014ec <Range_Status_A>
    2700:	82 fd       	sbrc	r24, 2
    2702:	1b c0       	rjmp	.+54     	; 0x273a <UART_Execute_Command+0xdce>
    2704:	80 91 ec 14 	lds	r24, 0x14EC	; 0x8014ec <Range_Status_A>
    2708:	83 fd       	sbrc	r24, 3
    270a:	17 c0       	rjmp	.+46     	; 0x273a <UART_Execute_Command+0xdce>
    270c:	8f ed       	ldi	r24, 0xDF	; 223
    270e:	91 e0       	ldi	r25, 0x01	; 1
    2710:	86 ca       	rjmp	.-2804   	; 0x1c1e <UART_Execute_Command+0x2b2>
    2712:	20 91 ec 14 	lds	r18, 0x14EC	; 0x8014ec <Range_Status_A>
    2716:	22 fd       	sbrc	r18, 2
    2718:	04 c0       	rjmp	.+8      	; 0x2722 <UART_Execute_Command+0xdb6>
    271a:	20 91 ec 14 	lds	r18, 0x14EC	; 0x8014ec <Range_Status_A>
    271e:	23 ff       	sbrs	r18, 3
    2720:	e9 cf       	rjmp	.-46     	; 0x26f4 <UART_Execute_Command+0xd88>
    2722:	e0 d3       	rcall	.+1984   	; 0x2ee4 <EEPROM_Range_Cal_Set_Scale>
    2724:	e7 cf       	rjmp	.-50     	; 0x26f4 <UART_Execute_Command+0xd88>
    2726:	80 91 8a 10 	lds	r24, 0x108A	; 0x80108a <OutSTR_L>
    272a:	c8 0f       	add	r28, r24
    272c:	d1 1d       	adc	r29, r1
    272e:	88 81       	ld	r24, Y
    2730:	8f 33       	cpi	r24, 0x3F	; 63
    2732:	09 f0       	breq	.+2      	; 0x2736 <UART_Execute_Command+0xdca>
    2734:	53 c3       	rjmp	.+1702   	; 0x2ddc <UART_Execute_Command+0x1470>
    2736:	49 d8       	rcall	.-3950   	; 0x17ca <COM_Add_QuestMark_To_OutSTR_No_Sep>
    2738:	dd cf       	rjmp	.-70     	; 0x26f4 <UART_Execute_Command+0xd88>
    273a:	0e 94 c1 1b 	call	0x3782	; 0x3782 <EEPROM_Range_Cal_Get_Scale>
    273e:	ab 01       	movw	r20, r22
    2740:	bc 01       	movw	r22, r24
    2742:	d1 ca       	rjmp	.-2654   	; 0x1ce6 <UART_Execute_Command+0x37a>
    2744:	6f 2d       	mov	r22, r15
    2746:	80 ef       	ldi	r24, 0xF0	; 240
    2748:	91 e0       	ldi	r25, 0x01	; 1
    274a:	26 d8       	rcall	.-4020   	; 0x1798 <COM_Add_To_OutSTR_At_Position>
    274c:	6f 2d       	mov	r22, r15
    274e:	ce 01       	movw	r24, r28
    2750:	0e 94 6f 0b 	call	0x16de	; 0x16de <COM_Compare_to_OutStr_Offset>
    2754:	88 23       	and	r24, r24
    2756:	a9 f1       	breq	.+106    	; 0x27c2 <UART_Execute_Command+0xe56>
    2758:	80 91 8a 10 	lds	r24, 0x108A	; 0x80108a <OutSTR_L>
    275c:	fe 01       	movw	r30, r28
    275e:	e8 0f       	add	r30, r24
    2760:	f1 1d       	adc	r31, r1
    2762:	80 81       	ld	r24, Z
    2764:	81 11       	cpse	r24, r1
    2766:	18 c0       	rjmp	.+48     	; 0x2798 <UART_Execute_Command+0xe2c>
    2768:	c8 01       	movw	r24, r16
    276a:	0e 94 e3 4a 	call	0x95c6	; 0x95c6 <atof>
    276e:	20 91 2b 14 	lds	r18, 0x142B	; 0x80142b <SysControl>
    2772:	27 fd       	sbrc	r18, 7
    2774:	07 c0       	rjmp	.+14     	; 0x2784 <UART_Execute_Command+0xe18>
    2776:	80 91 2b 14 	lds	r24, 0x142B	; 0x80142b <SysControl>
    277a:	87 fd       	sbrc	r24, 7
    277c:	17 c0       	rjmp	.+46     	; 0x27ac <UART_Execute_Command+0xe40>
    277e:	88 ee       	ldi	r24, 0xE8	; 232
    2780:	91 e0       	ldi	r25, 0x01	; 1
    2782:	4d ca       	rjmp	.-2918   	; 0x1c1e <UART_Execute_Command+0x2b2>
    2784:	20 91 ec 14 	lds	r18, 0x14EC	; 0x8014ec <Range_Status_A>
    2788:	22 fd       	sbrc	r18, 2
    278a:	04 c0       	rjmp	.+8      	; 0x2794 <UART_Execute_Command+0xe28>
    278c:	20 91 ec 14 	lds	r18, 0x14EC	; 0x8014ec <Range_Status_A>
    2790:	23 ff       	sbrs	r18, 3
    2792:	f1 cf       	rjmp	.-30     	; 0x2776 <UART_Execute_Command+0xe0a>
    2794:	6f d4       	rcall	.+2270   	; 0x3074 <EEPROM_Range_Cal_Set_Offset>
    2796:	ef cf       	rjmp	.-34     	; 0x2776 <UART_Execute_Command+0xe0a>
    2798:	80 91 8a 10 	lds	r24, 0x108A	; 0x80108a <OutSTR_L>
    279c:	c8 0f       	add	r28, r24
    279e:	d1 1d       	adc	r29, r1
    27a0:	88 81       	ld	r24, Y
    27a2:	8f 33       	cpi	r24, 0x3F	; 63
    27a4:	09 f0       	breq	.+2      	; 0x27a8 <UART_Execute_Command+0xe3c>
    27a6:	1a c3       	rjmp	.+1588   	; 0x2ddc <UART_Execute_Command+0x1470>
    27a8:	10 d8       	rcall	.-4064   	; 0x17ca <COM_Add_QuestMark_To_OutSTR_No_Sep>
    27aa:	e5 cf       	rjmp	.-54     	; 0x2776 <UART_Execute_Command+0xe0a>
    27ac:	80 91 ec 14 	lds	r24, 0x14EC	; 0x8014ec <Range_Status_A>
    27b0:	82 fd       	sbrc	r24, 2
    27b2:	04 c0       	rjmp	.+8      	; 0x27bc <UART_Execute_Command+0xe50>
    27b4:	80 91 ec 14 	lds	r24, 0x14EC	; 0x8014ec <Range_Status_A>
    27b8:	83 ff       	sbrs	r24, 3
    27ba:	a8 cf       	rjmp	.-176    	; 0x270c <UART_Execute_Command+0xda0>
    27bc:	0e 94 1f 1c 	call	0x383e	; 0x383e <EEPROM_Range_Cal_Get_Offset>
    27c0:	be cf       	rjmp	.-132    	; 0x273e <UART_Execute_Command+0xdd2>
    27c2:	87 ef       	ldi	r24, 0xF7	; 247
    27c4:	91 e0       	ldi	r25, 0x01	; 1
    27c6:	0e 94 85 0b 	call	0x170a	; 0x170a <COM_Copy_To_OutSTR_From_Start>
    27ca:	f0 90 8a 10 	lds	r15, 0x108A	; 0x80108a <OutSTR_L>
    27ce:	ce 01       	movw	r24, r28
    27d0:	0e 94 59 0b 	call	0x16b2	; 0x16b2 <COM_Compare_to_OutStr>
    27d4:	88 23       	and	r24, r24
    27d6:	09 f4       	brne	.+2      	; 0x27da <UART_Execute_Command+0xe6e>
    27d8:	6d c0       	rjmp	.+218    	; 0x28b4 <UART_Execute_Command+0xf48>
    27da:	6f 2d       	mov	r22, r15
    27dc:	82 e4       	ldi	r24, 0x42	; 66
    27de:	91 e0       	ldi	r25, 0x01	; 1
    27e0:	0e 94 cc 0b 	call	0x1798	; 0x1798 <COM_Add_To_OutSTR_At_Position>
    27e4:	6f 2d       	mov	r22, r15
    27e6:	ce 01       	movw	r24, r28
    27e8:	0e 94 6f 0b 	call	0x16de	; 0x16de <COM_Compare_to_OutStr_Offset>
    27ec:	88 23       	and	r24, r24
    27ee:	09 f4       	brne	.+2      	; 0x27f2 <UART_Execute_Command+0xe86>
    27f0:	61 c0       	rjmp	.+194    	; 0x28b4 <UART_Execute_Command+0xf48>
    27f2:	80 91 8a 10 	lds	r24, 0x108A	; 0x80108a <OutSTR_L>
    27f6:	fe 01       	movw	r30, r28
    27f8:	e8 0f       	add	r30, r24
    27fa:	f1 1d       	adc	r31, r1
    27fc:	80 81       	ld	r24, Z
    27fe:	81 11       	cpse	r24, r1
    2800:	2b c0       	rjmp	.+86     	; 0x2858 <UART_Execute_Command+0xeec>
    2802:	c8 01       	movw	r24, r16
    2804:	0e 94 03 4b 	call	0x9606	; 0x9606 <atol>
    2808:	61 15       	cp	r22, r1
    280a:	71 05       	cpc	r23, r1
    280c:	81 05       	cpc	r24, r1
    280e:	91 05       	cpc	r25, r1
    2810:	59 f4       	brne	.+22     	; 0x2828 <UART_Execute_Command+0xebc>
    2812:	80 91 cb 14 	lds	r24, 0x14CB	; 0x8014cb <FAN_CTR_State>
    2816:	80 68       	ori	r24, 0x80	; 128
    2818:	80 93 cb 14 	sts	0x14CB, r24	; 0x8014cb <FAN_CTR_State>
    281c:	80 91 cb 14 	lds	r24, 0x14CB	; 0x8014cb <FAN_CTR_State>
    2820:	8d 7f       	andi	r24, 0xFD	; 253
    2822:	80 93 cb 14 	sts	0x14CB, r24	; 0x8014cb <FAN_CTR_State>
    2826:	35 c0       	rjmp	.+106    	; 0x2892 <UART_Execute_Command+0xf26>
    2828:	61 30       	cpi	r22, 0x01	; 1
    282a:	71 05       	cpc	r23, r1
    282c:	81 05       	cpc	r24, r1
    282e:	91 05       	cpc	r25, r1
    2830:	59 f4       	brne	.+22     	; 0x2848 <UART_Execute_Command+0xedc>
    2832:	80 91 cb 14 	lds	r24, 0x14CB	; 0x8014cb <FAN_CTR_State>
    2836:	80 68       	ori	r24, 0x80	; 128
    2838:	80 93 cb 14 	sts	0x14CB, r24	; 0x8014cb <FAN_CTR_State>
    283c:	80 91 cb 14 	lds	r24, 0x14CB	; 0x8014cb <FAN_CTR_State>
    2840:	82 60       	ori	r24, 0x02	; 2
    2842:	80 93 cb 14 	sts	0x14CB, r24	; 0x8014cb <FAN_CTR_State>
    2846:	1a c0       	rjmp	.+52     	; 0x287c <UART_Execute_Command+0xf10>
    2848:	80 91 cb 14 	lds	r24, 0x14CB	; 0x8014cb <FAN_CTR_State>
    284c:	8f 77       	andi	r24, 0x7F	; 127
    284e:	80 93 cb 14 	sts	0x14CB, r24	; 0x8014cb <FAN_CTR_State>
    2852:	8b e0       	ldi	r24, 0x0B	; 11
    2854:	92 e0       	ldi	r25, 0x02	; 2
    2856:	e3 c9       	rjmp	.-3130   	; 0x1c1e <UART_Execute_Command+0x2b2>
    2858:	80 91 8a 10 	lds	r24, 0x108A	; 0x80108a <OutSTR_L>
    285c:	c8 0f       	add	r28, r24
    285e:	d1 1d       	adc	r29, r1
    2860:	88 81       	ld	r24, Y
    2862:	8f 33       	cpi	r24, 0x3F	; 63
    2864:	09 f0       	breq	.+2      	; 0x2868 <UART_Execute_Command+0xefc>
    2866:	ba c2       	rjmp	.+1396   	; 0x2ddc <UART_Execute_Command+0x1470>
    2868:	0e 94 e5 0b 	call	0x17ca	; 0x17ca <COM_Add_QuestMark_To_OutSTR_No_Sep>
    286c:	80 91 cb 14 	lds	r24, 0x14CB	; 0x8014cb <FAN_CTR_State>
    2870:	80 ff       	sbrs	r24, 0
    2872:	07 c0       	rjmp	.+14     	; 0x2882 <UART_Execute_Command+0xf16>
    2874:	80 91 cb 14 	lds	r24, 0x14CB	; 0x8014cb <FAN_CTR_State>
    2878:	87 ff       	sbrs	r24, 7
    287a:	03 c0       	rjmp	.+6      	; 0x2882 <UART_Execute_Command+0xf16>
    287c:	84 e0       	ldi	r24, 0x04	; 4
    287e:	92 e0       	ldi	r25, 0x02	; 2
    2880:	ce c9       	rjmp	.-3172   	; 0x1c1e <UART_Execute_Command+0x2b2>
    2882:	80 91 cb 14 	lds	r24, 0x14CB	; 0x8014cb <FAN_CTR_State>
    2886:	80 fd       	sbrc	r24, 0
    2888:	07 c0       	rjmp	.+14     	; 0x2898 <UART_Execute_Command+0xf2c>
    288a:	80 91 cb 14 	lds	r24, 0x14CB	; 0x8014cb <FAN_CTR_State>
    288e:	87 ff       	sbrs	r24, 7
    2890:	03 c0       	rjmp	.+6      	; 0x2898 <UART_Execute_Command+0xf2c>
    2892:	8c ef       	ldi	r24, 0xFC	; 252
    2894:	91 e0       	ldi	r25, 0x01	; 1
    2896:	c3 c9       	rjmp	.-3194   	; 0x1c1e <UART_Execute_Command+0x2b2>
    2898:	80 91 cb 14 	lds	r24, 0x14CB	; 0x8014cb <FAN_CTR_State>
    289c:	80 ff       	sbrs	r24, 0
    289e:	07 c0       	rjmp	.+14     	; 0x28ae <UART_Execute_Command+0xf42>
    28a0:	80 91 cb 14 	lds	r24, 0x14CB	; 0x8014cb <FAN_CTR_State>
    28a4:	87 fd       	sbrc	r24, 7
    28a6:	03 c0       	rjmp	.+6      	; 0x28ae <UART_Execute_Command+0xf42>
    28a8:	80 e1       	ldi	r24, 0x10	; 16
    28aa:	92 e0       	ldi	r25, 0x02	; 2
    28ac:	b8 c9       	rjmp	.-3216   	; 0x1c1e <UART_Execute_Command+0x2b2>
    28ae:	88 e1       	ldi	r24, 0x18	; 24
    28b0:	92 e0       	ldi	r25, 0x02	; 2
    28b2:	b5 c9       	rjmp	.-3222   	; 0x1c1e <UART_Execute_Command+0x2b2>
    28b4:	81 e2       	ldi	r24, 0x21	; 33
    28b6:	92 e0       	ldi	r25, 0x02	; 2
    28b8:	0e 94 85 0b 	call	0x170a	; 0x170a <COM_Copy_To_OutSTR_From_Start>
    28bc:	f0 90 8a 10 	lds	r15, 0x108A	; 0x80108a <OutSTR_L>
    28c0:	ce 01       	movw	r24, r28
    28c2:	0e 94 59 0b 	call	0x16b2	; 0x16b2 <COM_Compare_to_OutStr>
    28c6:	88 23       	and	r24, r24
    28c8:	09 f4       	brne	.+2      	; 0x28cc <UART_Execute_Command+0xf60>
    28ca:	84 c0       	rjmp	.+264    	; 0x29d4 <UART_Execute_Command+0x1068>
    28cc:	6f 2d       	mov	r22, r15
    28ce:	87 e2       	ldi	r24, 0x27	; 39
    28d0:	92 e0       	ldi	r25, 0x02	; 2
    28d2:	0e 94 cc 0b 	call	0x1798	; 0x1798 <COM_Add_To_OutSTR_At_Position>
    28d6:	6f 2d       	mov	r22, r15
    28d8:	ce 01       	movw	r24, r28
    28da:	0e 94 6f 0b 	call	0x16de	; 0x16de <COM_Compare_to_OutStr_Offset>
    28de:	88 23       	and	r24, r24
    28e0:	49 f0       	breq	.+18     	; 0x28f4 <UART_Execute_Command+0xf88>
    28e2:	40 91 97 14 	lds	r20, 0x1497	; 0x801497 <PV_Volt_DAC_ACT>
    28e6:	50 91 98 14 	lds	r21, 0x1498	; 0x801498 <PV_Volt_DAC_ACT+0x1>
    28ea:	60 91 99 14 	lds	r22, 0x1499	; 0x801499 <PV_Volt_DAC_ACT+0x2>
    28ee:	70 91 9a 14 	lds	r23, 0x149A	; 0x80149a <PV_Volt_DAC_ACT+0x3>
    28f2:	f9 c9       	rjmp	.-3086   	; 0x1ce6 <UART_Execute_Command+0x37a>
    28f4:	6f 2d       	mov	r22, r15
    28f6:	8d e2       	ldi	r24, 0x2D	; 45
    28f8:	92 e0       	ldi	r25, 0x02	; 2
    28fa:	0e 94 cc 0b 	call	0x1798	; 0x1798 <COM_Add_To_OutSTR_At_Position>
    28fe:	6f 2d       	mov	r22, r15
    2900:	ce 01       	movw	r24, r28
    2902:	0e 94 6f 0b 	call	0x16de	; 0x16de <COM_Compare_to_OutStr_Offset>
    2906:	88 23       	and	r24, r24
    2908:	69 f1       	breq	.+90     	; 0x2964 <UART_Execute_Command+0xff8>
    290a:	80 91 8a 10 	lds	r24, 0x108A	; 0x80108a <OutSTR_L>
    290e:	fe 01       	movw	r30, r28
    2910:	e8 0f       	add	r30, r24
    2912:	f1 1d       	adc	r31, r1
    2914:	80 81       	ld	r24, Z
    2916:	81 11       	cpse	r24, r1
    2918:	18 c0       	rjmp	.+48     	; 0x294a <UART_Execute_Command+0xfde>
    291a:	f8 01       	movw	r30, r16
    291c:	80 81       	ld	r24, Z
    291e:	90 e0       	ldi	r25, 0x00	; 0
    2920:	c0 97       	sbiw	r24, 0x30	; 48
    2922:	0a 97       	sbiw	r24, 0x0a	; 10
    2924:	08 f0       	brcs	.+2      	; 0x2928 <UART_Execute_Command+0xfbc>
    2926:	5a c2       	rjmp	.+1204   	; 0x2ddc <UART_Execute_Command+0x1470>
    2928:	c8 01       	movw	r24, r16
    292a:	0e 94 03 4b 	call	0x9606	; 0x9606 <atol>
    292e:	64 30       	cpi	r22, 0x04	; 4
    2930:	71 05       	cpc	r23, r1
    2932:	81 05       	cpc	r24, r1
    2934:	91 05       	cpc	r25, r1
    2936:	20 f0       	brcs	.+8      	; 0x2940 <UART_Execute_Command+0xfd4>
    2938:	83 e0       	ldi	r24, 0x03	; 3
    293a:	80 93 9a 0e 	sts	0x0E9A, r24	; 0x800e9a <PI_CTR_Prop_ID_Man>
    293e:	02 c0       	rjmp	.+4      	; 0x2944 <UART_Execute_Command+0xfd8>
    2940:	60 93 9a 0e 	sts	0x0E9A, r22	; 0x800e9a <PI_CTR_Prop_ID_Man>
    2944:	80 91 9a 0e 	lds	r24, 0x0E9A	; 0x800e9a <PI_CTR_Prop_ID_Man>
    2948:	64 c9       	rjmp	.-3384   	; 0x1c12 <UART_Execute_Command+0x2a6>
    294a:	80 91 8a 10 	lds	r24, 0x108A	; 0x80108a <OutSTR_L>
    294e:	c8 0f       	add	r28, r24
    2950:	d1 1d       	adc	r29, r1
    2952:	88 81       	ld	r24, Y
    2954:	8f 33       	cpi	r24, 0x3F	; 63
    2956:	09 f0       	breq	.+2      	; 0x295a <UART_Execute_Command+0xfee>
    2958:	41 c2       	rjmp	.+1154   	; 0x2ddc <UART_Execute_Command+0x1470>
    295a:	0e 94 e5 0b 	call	0x17ca	; 0x17ca <COM_Add_QuestMark_To_OutSTR_No_Sep>
    295e:	80 91 99 0e 	lds	r24, 0x0E99	; 0x800e99 <PI_CTR_Prop_ID_Act>
    2962:	57 c9       	rjmp	.-3410   	; 0x1c12 <UART_Execute_Command+0x2a6>
    2964:	6f 2d       	mov	r22, r15
    2966:	84 e3       	ldi	r24, 0x34	; 52
    2968:	92 e0       	ldi	r25, 0x02	; 2
    296a:	0e 94 cc 0b 	call	0x1798	; 0x1798 <COM_Add_To_OutSTR_At_Position>
    296e:	6f 2d       	mov	r22, r15
    2970:	ce 01       	movw	r24, r28
    2972:	0e 94 6f 0b 	call	0x16de	; 0x16de <COM_Compare_to_OutStr_Offset>
    2976:	88 23       	and	r24, r24
    2978:	69 f1       	breq	.+90     	; 0x29d4 <UART_Execute_Command+0x1068>
    297a:	80 91 8a 10 	lds	r24, 0x108A	; 0x80108a <OutSTR_L>
    297e:	fe 01       	movw	r30, r28
    2980:	e8 0f       	add	r30, r24
    2982:	f1 1d       	adc	r31, r1
    2984:	80 81       	ld	r24, Z
    2986:	81 11       	cpse	r24, r1
    2988:	18 c0       	rjmp	.+48     	; 0x29ba <UART_Execute_Command+0x104e>
    298a:	f8 01       	movw	r30, r16
    298c:	80 81       	ld	r24, Z
    298e:	90 e0       	ldi	r25, 0x00	; 0
    2990:	c0 97       	sbiw	r24, 0x30	; 48
    2992:	0a 97       	sbiw	r24, 0x0a	; 10
    2994:	08 f0       	brcs	.+2      	; 0x2998 <UART_Execute_Command+0x102c>
    2996:	22 c2       	rjmp	.+1092   	; 0x2ddc <UART_Execute_Command+0x1470>
    2998:	c8 01       	movw	r24, r16
    299a:	0e 94 03 4b 	call	0x9606	; 0x9606 <atol>
    299e:	64 30       	cpi	r22, 0x04	; 4
    29a0:	71 05       	cpc	r23, r1
    29a2:	81 05       	cpc	r24, r1
    29a4:	91 05       	cpc	r25, r1
    29a6:	20 f0       	brcs	.+8      	; 0x29b0 <UART_Execute_Command+0x1044>
    29a8:	83 e0       	ldi	r24, 0x03	; 3
    29aa:	80 93 9b 0e 	sts	0x0E9B, r24	; 0x800e9b <PI_CTR_Int_ID_Man>
    29ae:	02 c0       	rjmp	.+4      	; 0x29b4 <UART_Execute_Command+0x1048>
    29b0:	60 93 9b 0e 	sts	0x0E9B, r22	; 0x800e9b <PI_CTR_Int_ID_Man>
    29b4:	80 91 9b 0e 	lds	r24, 0x0E9B	; 0x800e9b <PI_CTR_Int_ID_Man>
    29b8:	2c c9       	rjmp	.-3496   	; 0x1c12 <UART_Execute_Command+0x2a6>
    29ba:	80 91 8a 10 	lds	r24, 0x108A	; 0x80108a <OutSTR_L>
    29be:	c8 0f       	add	r28, r24
    29c0:	d1 1d       	adc	r29, r1
    29c2:	88 81       	ld	r24, Y
    29c4:	8f 33       	cpi	r24, 0x3F	; 63
    29c6:	09 f0       	breq	.+2      	; 0x29ca <UART_Execute_Command+0x105e>
    29c8:	09 c2       	rjmp	.+1042   	; 0x2ddc <UART_Execute_Command+0x1470>
    29ca:	0e 94 e5 0b 	call	0x17ca	; 0x17ca <COM_Add_QuestMark_To_OutSTR_No_Sep>
    29ce:	80 91 9c 0e 	lds	r24, 0x0E9C	; 0x800e9c <PI_CTR_Int_ID_Act>
    29d2:	1f c9       	rjmp	.-3522   	; 0x1c12 <UART_Execute_Command+0x2a6>
    29d4:	8a e3       	ldi	r24, 0x3A	; 58
    29d6:	92 e0       	ldi	r25, 0x02	; 2
    29d8:	0e 94 85 0b 	call	0x170a	; 0x170a <COM_Copy_To_OutSTR_From_Start>
    29dc:	f0 90 8a 10 	lds	r15, 0x108A	; 0x80108a <OutSTR_L>
    29e0:	ce 01       	movw	r24, r28
    29e2:	0e 94 59 0b 	call	0x16b2	; 0x16b2 <COM_Compare_to_OutStr>
    29e6:	88 23       	and	r24, r24
    29e8:	09 f4       	brne	.+2      	; 0x29ec <UART_Execute_Command+0x1080>
    29ea:	42 c1       	rjmp	.+644    	; 0x2c70 <UART_Execute_Command+0x1304>
    29ec:	6f 2d       	mov	r22, r15
    29ee:	83 e7       	ldi	r24, 0x73	; 115
    29f0:	91 e0       	ldi	r25, 0x01	; 1
    29f2:	0e 94 cc 0b 	call	0x1798	; 0x1798 <COM_Add_To_OutSTR_At_Position>
    29f6:	6f 2d       	mov	r22, r15
    29f8:	ce 01       	movw	r24, r28
    29fa:	0e 94 6f 0b 	call	0x16de	; 0x16de <COM_Compare_to_OutStr_Offset>
    29fe:	88 23       	and	r24, r24
    2a00:	09 f4       	brne	.+2      	; 0x2a04 <UART_Execute_Command+0x1098>
    2a02:	6f c0       	rjmp	.+222    	; 0x2ae2 <UART_Execute_Command+0x1176>
    2a04:	80 91 8a 10 	lds	r24, 0x108A	; 0x80108a <OutSTR_L>
    2a08:	fe 01       	movw	r30, r28
    2a0a:	e8 0f       	add	r30, r24
    2a0c:	f1 1d       	adc	r31, r1
    2a0e:	80 81       	ld	r24, Z
    2a10:	81 11       	cpse	r24, r1
    2a12:	56 c0       	rjmp	.+172    	; 0x2ac0 <UART_Execute_Command+0x1154>
    2a14:	f8 01       	movw	r30, r16
    2a16:	80 81       	ld	r24, Z
    2a18:	90 e0       	ldi	r25, 0x00	; 0
    2a1a:	c0 97       	sbiw	r24, 0x30	; 48
    2a1c:	0a 97       	sbiw	r24, 0x0a	; 10
    2a1e:	08 f0       	brcs	.+2      	; 0x2a22 <UART_Execute_Command+0x10b6>
    2a20:	dd c1       	rjmp	.+954    	; 0x2ddc <UART_Execute_Command+0x1470>
    2a22:	c8 01       	movw	r24, r16
    2a24:	0e 94 03 4b 	call	0x9606	; 0x9606 <atol>
    2a28:	6f 3f       	cpi	r22, 0xFF	; 255
    2a2a:	71 05       	cpc	r23, r1
    2a2c:	81 05       	cpc	r24, r1
    2a2e:	91 05       	cpc	r25, r1
    2a30:	21 f0       	breq	.+8      	; 0x2a3a <UART_Execute_Command+0x10ce>
    2a32:	1c f0       	brlt	.+6      	; 0x2a3a <UART_Execute_Command+0x10ce>
    2a34:	8f ef       	ldi	r24, 0xFF	; 255
    2a36:	90 e0       	ldi	r25, 0x00	; 0
    2a38:	07 c0       	rjmp	.+14     	; 0x2a48 <UART_Execute_Command+0x10dc>
    2a3a:	16 16       	cp	r1, r22
    2a3c:	17 06       	cpc	r1, r23
    2a3e:	18 06       	cpc	r1, r24
    2a40:	19 06       	cpc	r1, r25
    2a42:	3c f0       	brlt	.+14     	; 0x2a52 <UART_Execute_Command+0x10e6>
    2a44:	81 e0       	ldi	r24, 0x01	; 1
    2a46:	90 e0       	ldi	r25, 0x00	; 0
    2a48:	90 93 8d 10 	sts	0x108D, r25	; 0x80108d <ADC_Num_Avr_VoltCurr+0x1>
    2a4c:	80 93 8c 10 	sts	0x108C, r24	; 0x80108c <ADC_Num_Avr_VoltCurr>
    2a50:	04 c0       	rjmp	.+8      	; 0x2a5a <UART_Execute_Command+0x10ee>
    2a52:	70 93 8d 10 	sts	0x108D, r23	; 0x80108d <ADC_Num_Avr_VoltCurr+0x1>
    2a56:	60 93 8c 10 	sts	0x108C, r22	; 0x80108c <ADC_Num_Avr_VoltCurr>
    2a5a:	60 91 8c 10 	lds	r22, 0x108C	; 0x80108c <ADC_Num_Avr_VoltCurr>
    2a5e:	70 91 8d 10 	lds	r23, 0x108D	; 0x80108d <ADC_Num_Avr_VoltCurr+0x1>
    2a62:	c0 91 10 14 	lds	r28, 0x1410	; 0x801410 <ADC_Cycl_Avr_VoltCurr>
    2a66:	80 e0       	ldi	r24, 0x00	; 0
    2a68:	90 e0       	ldi	r25, 0x00	; 0
    2a6a:	0e 94 d2 47 	call	0x8fa4	; 0x8fa4 <__floatunsisf>
    2a6e:	4b 01       	movw	r8, r22
    2a70:	5c 01       	movw	r10, r24
    2a72:	6c 2f       	mov	r22, r28
    2a74:	70 e0       	ldi	r23, 0x00	; 0
    2a76:	80 e0       	ldi	r24, 0x00	; 0
    2a78:	90 e0       	ldi	r25, 0x00	; 0
    2a7a:	0e 94 d2 47 	call	0x8fa4	; 0x8fa4 <__floatunsisf>
    2a7e:	9b 01       	movw	r18, r22
    2a80:	ac 01       	movw	r20, r24
    2a82:	c5 01       	movw	r24, r10
    2a84:	b4 01       	movw	r22, r8
    2a86:	0e 94 62 49 	call	0x92c4	; 0x92c4 <__mulsf3>
    2a8a:	9b 01       	movw	r18, r22
    2a8c:	ac 01       	movw	r20, r24
    2a8e:	60 e0       	ldi	r22, 0x00	; 0
    2a90:	70 e0       	ldi	r23, 0x00	; 0
    2a92:	80 e8       	ldi	r24, 0x80	; 128
    2a94:	9f e3       	ldi	r25, 0x3F	; 63
    2a96:	0e 94 08 47 	call	0x8e10	; 0x8e10 <__divsf3>
    2a9a:	60 93 a3 10 	sts	0x10A3, r22	; 0x8010a3 <ADC_Avr_Mult_VoltCurr>
    2a9e:	70 93 a4 10 	sts	0x10A4, r23	; 0x8010a4 <ADC_Avr_Mult_VoltCurr+0x1>
    2aa2:	80 93 a5 10 	sts	0x10A5, r24	; 0x8010a5 <ADC_Avr_Mult_VoltCurr+0x2>
    2aa6:	90 93 a6 10 	sts	0x10A6, r25	; 0x8010a6 <ADC_Avr_Mult_VoltCurr+0x3>
    2aaa:	80 91 e4 14 	lds	r24, 0x14E4	; 0x8014e4 <Range_Status_B>
    2aae:	81 60       	ori	r24, 0x01	; 1
    2ab0:	80 93 e4 14 	sts	0x14E4, r24	; 0x8014e4 <Range_Status_B>
    2ab4:	80 91 e4 14 	lds	r24, 0x14E4	; 0x8014e4 <Range_Status_B>
    2ab8:	82 60       	ori	r24, 0x02	; 2
    2aba:	80 93 e4 14 	sts	0x14E4, r24	; 0x8014e4 <Range_Status_B>
    2abe:	0a c0       	rjmp	.+20     	; 0x2ad4 <UART_Execute_Command+0x1168>
    2ac0:	80 91 8a 10 	lds	r24, 0x108A	; 0x80108a <OutSTR_L>
    2ac4:	c8 0f       	add	r28, r24
    2ac6:	d1 1d       	adc	r29, r1
    2ac8:	88 81       	ld	r24, Y
    2aca:	8f 33       	cpi	r24, 0x3F	; 63
    2acc:	09 f0       	breq	.+2      	; 0x2ad0 <UART_Execute_Command+0x1164>
    2ace:	86 c1       	rjmp	.+780    	; 0x2ddc <UART_Execute_Command+0x1470>
    2ad0:	0e 94 e5 0b 	call	0x17ca	; 0x17ca <COM_Add_QuestMark_To_OutSTR_No_Sep>
    2ad4:	80 91 8c 10 	lds	r24, 0x108C	; 0x80108c <ADC_Num_Avr_VoltCurr>
    2ad8:	90 91 8d 10 	lds	r25, 0x108D	; 0x80108d <ADC_Num_Avr_VoltCurr+0x1>
    2adc:	4a e0       	ldi	r20, 0x0A	; 10
    2ade:	b8 01       	movw	r22, r16
    2ae0:	9b c8       	rjmp	.-3786   	; 0x1c18 <UART_Execute_Command+0x2ac>
    2ae2:	6f 2d       	mov	r22, r15
    2ae4:	8f e3       	ldi	r24, 0x3F	; 63
    2ae6:	92 e0       	ldi	r25, 0x02	; 2
    2ae8:	0e 94 cc 0b 	call	0x1798	; 0x1798 <COM_Add_To_OutSTR_At_Position>
    2aec:	6f 2d       	mov	r22, r15
    2aee:	ce 01       	movw	r24, r28
    2af0:	0e 94 6f 0b 	call	0x16de	; 0x16de <COM_Compare_to_OutStr_Offset>
    2af4:	88 23       	and	r24, r24
    2af6:	09 f4       	brne	.+2      	; 0x2afa <UART_Execute_Command+0x118e>
    2af8:	4a c0       	rjmp	.+148    	; 0x2b8e <UART_Execute_Command+0x1222>
    2afa:	80 91 8a 10 	lds	r24, 0x108A	; 0x80108a <OutSTR_L>
    2afe:	fe 01       	movw	r30, r28
    2b00:	e8 0f       	add	r30, r24
    2b02:	f1 1d       	adc	r31, r1
    2b04:	80 81       	ld	r24, Z
    2b06:	81 11       	cpse	r24, r1
    2b08:	35 c0       	rjmp	.+106    	; 0x2b74 <UART_Execute_Command+0x1208>
    2b0a:	f8 01       	movw	r30, r16
    2b0c:	80 81       	ld	r24, Z
    2b0e:	90 e0       	ldi	r25, 0x00	; 0
    2b10:	c0 97       	sbiw	r24, 0x30	; 48
    2b12:	0a 97       	sbiw	r24, 0x0a	; 10
    2b14:	08 f0       	brcs	.+2      	; 0x2b18 <UART_Execute_Command+0x11ac>
    2b16:	62 c1       	rjmp	.+708    	; 0x2ddc <UART_Execute_Command+0x1470>
    2b18:	c8 01       	movw	r24, r16
    2b1a:	0e 94 03 4b 	call	0x9606	; 0x9606 <atol>
    2b1e:	6f 3f       	cpi	r22, 0xFF	; 255
    2b20:	71 05       	cpc	r23, r1
    2b22:	81 05       	cpc	r24, r1
    2b24:	91 05       	cpc	r25, r1
    2b26:	19 f0       	breq	.+6      	; 0x2b2e <UART_Execute_Command+0x11c2>
    2b28:	14 f0       	brlt	.+4      	; 0x2b2e <UART_Execute_Command+0x11c2>
    2b2a:	8f ef       	ldi	r24, 0xFF	; 255
    2b2c:	06 c0       	rjmp	.+12     	; 0x2b3a <UART_Execute_Command+0x11ce>
    2b2e:	16 16       	cp	r1, r22
    2b30:	17 06       	cpc	r1, r23
    2b32:	18 06       	cpc	r1, r24
    2b34:	19 06       	cpc	r1, r25
    2b36:	24 f0       	brlt	.+8      	; 0x2b40 <UART_Execute_Command+0x11d4>
    2b38:	81 e0       	ldi	r24, 0x01	; 1
    2b3a:	80 93 48 12 	sts	0x1248, r24	; 0x801248 <ADC_Num_Avr_Other>
    2b3e:	02 c0       	rjmp	.+4      	; 0x2b44 <UART_Execute_Command+0x11d8>
    2b40:	60 93 48 12 	sts	0x1248, r22	; 0x801248 <ADC_Num_Avr_Other>
    2b44:	60 91 48 12 	lds	r22, 0x1248	; 0x801248 <ADC_Num_Avr_Other>
    2b48:	70 e0       	ldi	r23, 0x00	; 0
    2b4a:	80 e0       	ldi	r24, 0x00	; 0
    2b4c:	90 e0       	ldi	r25, 0x00	; 0
    2b4e:	0e 94 d2 47 	call	0x8fa4	; 0x8fa4 <__floatunsisf>
    2b52:	9b 01       	movw	r18, r22
    2b54:	ac 01       	movw	r20, r24
    2b56:	60 e0       	ldi	r22, 0x00	; 0
    2b58:	70 e0       	ldi	r23, 0x00	; 0
    2b5a:	80 e8       	ldi	r24, 0x80	; 128
    2b5c:	9f e3       	ldi	r25, 0x3F	; 63
    2b5e:	0e 94 08 47 	call	0x8e10	; 0x8e10 <__divsf3>
    2b62:	60 93 5a 12 	sts	0x125A, r22	; 0x80125a <ADC_Avr_Mult_Other>
    2b66:	70 93 5b 12 	sts	0x125B, r23	; 0x80125b <ADC_Avr_Mult_Other+0x1>
    2b6a:	80 93 5c 12 	sts	0x125C, r24	; 0x80125c <ADC_Avr_Mult_Other+0x2>
    2b6e:	90 93 5d 12 	sts	0x125D, r25	; 0x80125d <ADC_Avr_Mult_Other+0x3>
    2b72:	0a c0       	rjmp	.+20     	; 0x2b88 <UART_Execute_Command+0x121c>
    2b74:	80 91 8a 10 	lds	r24, 0x108A	; 0x80108a <OutSTR_L>
    2b78:	c8 0f       	add	r28, r24
    2b7a:	d1 1d       	adc	r29, r1
    2b7c:	88 81       	ld	r24, Y
    2b7e:	8f 33       	cpi	r24, 0x3F	; 63
    2b80:	09 f0       	breq	.+2      	; 0x2b84 <UART_Execute_Command+0x1218>
    2b82:	2c c1       	rjmp	.+600    	; 0x2ddc <UART_Execute_Command+0x1470>
    2b84:	0e 94 e5 0b 	call	0x17ca	; 0x17ca <COM_Add_QuestMark_To_OutSTR_No_Sep>
    2b88:	80 91 48 12 	lds	r24, 0x1248	; 0x801248 <ADC_Num_Avr_Other>
    2b8c:	42 c8       	rjmp	.-3964   	; 0x1c12 <UART_Execute_Command+0x2a6>
    2b8e:	6f 2d       	mov	r22, r15
    2b90:	89 e4       	ldi	r24, 0x49	; 73
    2b92:	92 e0       	ldi	r25, 0x02	; 2
    2b94:	0e 94 cc 0b 	call	0x1798	; 0x1798 <COM_Add_To_OutSTR_At_Position>
    2b98:	6f 2d       	mov	r22, r15
    2b9a:	ce 01       	movw	r24, r28
    2b9c:	0e 94 6f 0b 	call	0x16de	; 0x16de <COM_Compare_to_OutStr_Offset>
    2ba0:	88 23       	and	r24, r24
    2ba2:	09 f4       	brne	.+2      	; 0x2ba6 <UART_Execute_Command+0x123a>
    2ba4:	65 c0       	rjmp	.+202    	; 0x2c70 <UART_Execute_Command+0x1304>
    2ba6:	80 91 8a 10 	lds	r24, 0x108A	; 0x80108a <OutSTR_L>
    2baa:	fe 01       	movw	r30, r28
    2bac:	e8 0f       	add	r30, r24
    2bae:	f1 1d       	adc	r31, r1
    2bb0:	80 81       	ld	r24, Z
    2bb2:	81 11       	cpse	r24, r1
    2bb4:	4f c0       	rjmp	.+158    	; 0x2c54 <UART_Execute_Command+0x12e8>
    2bb6:	f8 01       	movw	r30, r16
    2bb8:	80 81       	ld	r24, Z
    2bba:	90 e0       	ldi	r25, 0x00	; 0
    2bbc:	c0 97       	sbiw	r24, 0x30	; 48
    2bbe:	0a 97       	sbiw	r24, 0x0a	; 10
    2bc0:	08 f0       	brcs	.+2      	; 0x2bc4 <UART_Execute_Command+0x1258>
    2bc2:	0c c1       	rjmp	.+536    	; 0x2ddc <UART_Execute_Command+0x1470>
    2bc4:	c8 01       	movw	r24, r16
    2bc6:	0e 94 03 4b 	call	0x9606	; 0x9606 <atol>
    2bca:	65 36       	cpi	r22, 0x65	; 101
    2bcc:	71 05       	cpc	r23, r1
    2bce:	81 05       	cpc	r24, r1
    2bd0:	91 05       	cpc	r25, r1
    2bd2:	14 f0       	brlt	.+4      	; 0x2bd8 <UART_Execute_Command+0x126c>
    2bd4:	84 e6       	ldi	r24, 0x64	; 100
    2bd6:	06 c0       	rjmp	.+12     	; 0x2be4 <UART_Execute_Command+0x1278>
    2bd8:	16 16       	cp	r1, r22
    2bda:	17 06       	cpc	r1, r23
    2bdc:	18 06       	cpc	r1, r24
    2bde:	19 06       	cpc	r1, r25
    2be0:	24 f0       	brlt	.+8      	; 0x2bea <UART_Execute_Command+0x127e>
    2be2:	81 e0       	ldi	r24, 0x01	; 1
    2be4:	80 93 10 14 	sts	0x1410, r24	; 0x801410 <ADC_Cycl_Avr_VoltCurr>
    2be8:	02 c0       	rjmp	.+4      	; 0x2bee <UART_Execute_Command+0x1282>
    2bea:	60 93 10 14 	sts	0x1410, r22	; 0x801410 <ADC_Cycl_Avr_VoltCurr>
    2bee:	60 91 8c 10 	lds	r22, 0x108C	; 0x80108c <ADC_Num_Avr_VoltCurr>
    2bf2:	70 91 8d 10 	lds	r23, 0x108D	; 0x80108d <ADC_Num_Avr_VoltCurr+0x1>
    2bf6:	c0 91 10 14 	lds	r28, 0x1410	; 0x801410 <ADC_Cycl_Avr_VoltCurr>
    2bfa:	80 e0       	ldi	r24, 0x00	; 0
    2bfc:	90 e0       	ldi	r25, 0x00	; 0
    2bfe:	0e 94 d2 47 	call	0x8fa4	; 0x8fa4 <__floatunsisf>
    2c02:	4b 01       	movw	r8, r22
    2c04:	5c 01       	movw	r10, r24
    2c06:	6c 2f       	mov	r22, r28
    2c08:	70 e0       	ldi	r23, 0x00	; 0
    2c0a:	80 e0       	ldi	r24, 0x00	; 0
    2c0c:	90 e0       	ldi	r25, 0x00	; 0
    2c0e:	0e 94 d2 47 	call	0x8fa4	; 0x8fa4 <__floatunsisf>
    2c12:	9b 01       	movw	r18, r22
    2c14:	ac 01       	movw	r20, r24
    2c16:	c5 01       	movw	r24, r10
    2c18:	b4 01       	movw	r22, r8
    2c1a:	0e 94 62 49 	call	0x92c4	; 0x92c4 <__mulsf3>
    2c1e:	9b 01       	movw	r18, r22
    2c20:	ac 01       	movw	r20, r24
    2c22:	60 e0       	ldi	r22, 0x00	; 0
    2c24:	70 e0       	ldi	r23, 0x00	; 0
    2c26:	80 e8       	ldi	r24, 0x80	; 128
    2c28:	9f e3       	ldi	r25, 0x3F	; 63
    2c2a:	0e 94 08 47 	call	0x8e10	; 0x8e10 <__divsf3>
    2c2e:	60 93 a3 10 	sts	0x10A3, r22	; 0x8010a3 <ADC_Avr_Mult_VoltCurr>
    2c32:	70 93 a4 10 	sts	0x10A4, r23	; 0x8010a4 <ADC_Avr_Mult_VoltCurr+0x1>
    2c36:	80 93 a5 10 	sts	0x10A5, r24	; 0x8010a5 <ADC_Avr_Mult_VoltCurr+0x2>
    2c3a:	90 93 a6 10 	sts	0x10A6, r25	; 0x8010a6 <ADC_Avr_Mult_VoltCurr+0x3>
    2c3e:	80 91 e4 14 	lds	r24, 0x14E4	; 0x8014e4 <Range_Status_B>
    2c42:	81 60       	ori	r24, 0x01	; 1
    2c44:	80 93 e4 14 	sts	0x14E4, r24	; 0x8014e4 <Range_Status_B>
    2c48:	80 91 e4 14 	lds	r24, 0x14E4	; 0x8014e4 <Range_Status_B>
    2c4c:	82 60       	ori	r24, 0x02	; 2
    2c4e:	80 93 e4 14 	sts	0x14E4, r24	; 0x8014e4 <Range_Status_B>
    2c52:	0a c0       	rjmp	.+20     	; 0x2c68 <UART_Execute_Command+0x12fc>
    2c54:	80 91 8a 10 	lds	r24, 0x108A	; 0x80108a <OutSTR_L>
    2c58:	c8 0f       	add	r28, r24
    2c5a:	d1 1d       	adc	r29, r1
    2c5c:	88 81       	ld	r24, Y
    2c5e:	8f 33       	cpi	r24, 0x3F	; 63
    2c60:	09 f0       	breq	.+2      	; 0x2c64 <UART_Execute_Command+0x12f8>
    2c62:	bc c0       	rjmp	.+376    	; 0x2ddc <UART_Execute_Command+0x1470>
    2c64:	0e 94 e5 0b 	call	0x17ca	; 0x17ca <COM_Add_QuestMark_To_OutSTR_No_Sep>
    2c68:	80 91 10 14 	lds	r24, 0x1410	; 0x801410 <ADC_Cycl_Avr_VoltCurr>
    2c6c:	0c 94 09 0e 	jmp	0x1c12	; 0x1c12 <UART_Execute_Command+0x2a6>
    2c70:	83 e5       	ldi	r24, 0x53	; 83
    2c72:	92 e0       	ldi	r25, 0x02	; 2
    2c74:	0e 94 85 0b 	call	0x170a	; 0x170a <COM_Copy_To_OutSTR_From_Start>
    2c78:	f0 90 8a 10 	lds	r15, 0x108A	; 0x80108a <OutSTR_L>
    2c7c:	ce 01       	movw	r24, r28
    2c7e:	0e 94 59 0b 	call	0x16b2	; 0x16b2 <COM_Compare_to_OutStr>
    2c82:	88 23       	and	r24, r24
    2c84:	61 f1       	breq	.+88     	; 0x2cde <UART_Execute_Command+0x1372>
    2c86:	6f 2d       	mov	r22, r15
    2c88:	8a e5       	ldi	r24, 0x5A	; 90
    2c8a:	92 e0       	ldi	r25, 0x02	; 2
    2c8c:	0e 94 cc 0b 	call	0x1798	; 0x1798 <COM_Add_To_OutSTR_At_Position>
    2c90:	6f 2d       	mov	r22, r15
    2c92:	ce 01       	movw	r24, r28
    2c94:	0e 94 6f 0b 	call	0x16de	; 0x16de <COM_Compare_to_OutStr_Offset>
    2c98:	88 23       	and	r24, r24
    2c9a:	49 f0       	breq	.+18     	; 0x2cae <UART_Execute_Command+0x1342>
    2c9c:	80 91 8a 10 	lds	r24, 0x108A	; 0x80108a <OutSTR_L>
    2ca0:	c8 0f       	add	r28, r24
    2ca2:	d1 1d       	adc	r29, r1
    2ca4:	88 81       	ld	r24, Y
    2ca6:	81 11       	cpse	r24, r1
    2ca8:	99 c0       	rjmp	.+306    	; 0x2ddc <UART_Execute_Command+0x1470>
    2caa:	61 e0       	ldi	r22, 0x01	; 1
    2cac:	13 c0       	rjmp	.+38     	; 0x2cd4 <UART_Execute_Command+0x1368>
    2cae:	6f 2d       	mov	r22, r15
    2cb0:	80 e0       	ldi	r24, 0x00	; 0
    2cb2:	91 e0       	ldi	r25, 0x01	; 1
    2cb4:	0e 94 cc 0b 	call	0x1798	; 0x1798 <COM_Add_To_OutSTR_At_Position>
    2cb8:	6f 2d       	mov	r22, r15
    2cba:	ce 01       	movw	r24, r28
    2cbc:	0e 94 6f 0b 	call	0x16de	; 0x16de <COM_Compare_to_OutStr_Offset>
    2cc0:	88 23       	and	r24, r24
    2cc2:	69 f0       	breq	.+26     	; 0x2cde <UART_Execute_Command+0x1372>
    2cc4:	80 91 8a 10 	lds	r24, 0x108A	; 0x80108a <OutSTR_L>
    2cc8:	c8 0f       	add	r28, r24
    2cca:	d1 1d       	adc	r29, r1
    2ccc:	88 81       	ld	r24, Y
    2cce:	81 11       	cpse	r24, r1
    2cd0:	85 c0       	rjmp	.+266    	; 0x2ddc <UART_Execute_Command+0x1470>
    2cd2:	60 e0       	ldi	r22, 0x00	; 0
    2cd4:	c8 01       	movw	r24, r16
    2cd6:	0e 94 ce 22 	call	0x459c	; 0x459c <EEPROM_ACCESS_UART>
    2cda:	0c 94 0e 0e 	jmp	0x1c1c	; 0x1c1c <UART_Execute_Command+0x2b0>
    2cde:	80 e6       	ldi	r24, 0x60	; 96
    2ce0:	92 e0       	ldi	r25, 0x02	; 2
    2ce2:	0e 94 85 0b 	call	0x170a	; 0x170a <COM_Copy_To_OutSTR_From_Start>
    2ce6:	ce 01       	movw	r24, r28
    2ce8:	0e 94 59 0b 	call	0x16b2	; 0x16b2 <COM_Compare_to_OutStr>
    2cec:	88 23       	and	r24, r24
    2cee:	09 f4       	brne	.+2      	; 0x2cf2 <UART_Execute_Command+0x1386>
    2cf0:	75 c0       	rjmp	.+234    	; 0x2ddc <UART_Execute_Command+0x1470>
    2cf2:	40 91 a7 10 	lds	r20, 0x10A7	; 0x8010a7 <AI_NTC_Temp_1>
    2cf6:	50 91 a8 10 	lds	r21, 0x10A8	; 0x8010a8 <AI_NTC_Temp_1+0x1>
    2cfa:	60 91 a9 10 	lds	r22, 0x10A9	; 0x8010a9 <AI_NTC_Temp_1+0x2>
    2cfe:	70 91 aa 10 	lds	r23, 0x10AA	; 0x8010aa <AI_NTC_Temp_1+0x3>
    2d02:	c8 01       	movw	r24, r16
    2d04:	0e 94 3c 0c 	call	0x1878	; 0x1878 <FloatToString>
    2d08:	c8 01       	movw	r24, r16
    2d0a:	0e 94 a6 0b 	call	0x174c	; 0x174c <COM_Add_To_OutSTR_with_Sep>
    2d0e:	40 91 15 14 	lds	r20, 0x1415	; 0x801415 <AI_NTC_Temp_2>
    2d12:	50 91 16 14 	lds	r21, 0x1416	; 0x801416 <AI_NTC_Temp_2+0x1>
    2d16:	60 91 17 14 	lds	r22, 0x1417	; 0x801417 <AI_NTC_Temp_2+0x2>
    2d1a:	70 91 18 14 	lds	r23, 0x1418	; 0x801418 <AI_NTC_Temp_2+0x3>
    2d1e:	c8 01       	movw	r24, r16
    2d20:	0e 94 3c 0c 	call	0x1878	; 0x1878 <FloatToString>
    2d24:	c8 01       	movw	r24, r16
    2d26:	0e 94 a6 0b 	call	0x174c	; 0x174c <COM_Add_To_OutSTR_with_Sep>
    2d2a:	80 91 2d 14 	lds	r24, 0x142D	; 0x80142d <SysConfig>
    2d2e:	80 ff       	sbrs	r24, 0
    2d30:	0e c0       	rjmp	.+28     	; 0x2d4e <UART_Execute_Command+0x13e2>
    2d32:	40 91 56 12 	lds	r20, 0x1256	; 0x801256 <AI_RTD_Temp>
    2d36:	50 91 57 12 	lds	r21, 0x1257	; 0x801257 <AI_RTD_Temp+0x1>
    2d3a:	60 91 58 12 	lds	r22, 0x1258	; 0x801258 <AI_RTD_Temp+0x2>
    2d3e:	70 91 59 12 	lds	r23, 0x1259	; 0x801259 <AI_RTD_Temp+0x3>
    2d42:	c8 01       	movw	r24, r16
    2d44:	0e 94 3c 0c 	call	0x1878	; 0x1878 <FloatToString>
    2d48:	c8 01       	movw	r24, r16
    2d4a:	0e 94 a6 0b 	call	0x174c	; 0x174c <COM_Add_To_OutSTR_with_Sep>
    2d4e:	80 91 2d 14 	lds	r24, 0x142D	; 0x80142d <SysConfig>
    2d52:	82 ff       	sbrs	r24, 2
    2d54:	2b c0       	rjmp	.+86     	; 0x2dac <UART_Execute_Command+0x1440>
    2d56:	c0 e0       	ldi	r28, 0x00	; 0
    2d58:	d0 e0       	ldi	r29, 0x00	; 0
    2d5a:	fe 01       	movw	r30, r28
    2d5c:	ee 0f       	add	r30, r30
    2d5e:	ff 1f       	adc	r31, r31
    2d60:	ee 0f       	add	r30, r30
    2d62:	ff 1f       	adc	r31, r31
    2d64:	e6 59       	subi	r30, 0x96	; 150
    2d66:	fa 4e       	sbci	r31, 0xEA	; 234
    2d68:	40 81       	ld	r20, Z
    2d6a:	51 81       	ldd	r21, Z+1	; 0x01
    2d6c:	62 81       	ldd	r22, Z+2	; 0x02
    2d6e:	73 81       	ldd	r23, Z+3	; 0x03
    2d70:	c8 01       	movw	r24, r16
    2d72:	0e 94 3c 0c 	call	0x1878	; 0x1878 <FloatToString>
    2d76:	c8 01       	movw	r24, r16
    2d78:	0e 94 a6 0b 	call	0x174c	; 0x174c <COM_Add_To_OutSTR_with_Sep>
    2d7c:	21 96       	adiw	r28, 0x01	; 1
    2d7e:	c8 30       	cpi	r28, 0x08	; 8
    2d80:	d1 05       	cpc	r29, r1
    2d82:	59 f7       	brne	.-42     	; 0x2d5a <UART_Execute_Command+0x13ee>
    2d84:	80 91 69 15 	lds	r24, 0x1569	; 0x801569 <AI_HEAT_ADC_Present_Mask>
    2d88:	4a e0       	ldi	r20, 0x0A	; 10
    2d8a:	b8 01       	movw	r22, r16
    2d8c:	90 e0       	ldi	r25, 0x00	; 0
    2d8e:	0e 94 08 4c 	call	0x9810	; 0x9810 <__itoa_ncheck>
    2d92:	c8 01       	movw	r24, r16
    2d94:	0e 94 a6 0b 	call	0x174c	; 0x174c <COM_Add_To_OutSTR_with_Sep>
    2d98:	80 91 68 15 	lds	r24, 0x1568	; 0x801568 <AI_HEAT_ADC_Fault_Mask>
    2d9c:	4a e0       	ldi	r20, 0x0A	; 10
    2d9e:	b8 01       	movw	r22, r16
    2da0:	90 e0       	ldi	r25, 0x00	; 0
    2da2:	0e 94 08 4c 	call	0x9810	; 0x9810 <__itoa_ncheck>
    2da6:	c8 01       	movw	r24, r16
    2da8:	0e 94 a6 0b 	call	0x174c	; 0x174c <COM_Add_To_OutSTR_with_Sep>
    2dac:	80 ea       	ldi	r24, 0xA0	; 160
    2dae:	9e e0       	ldi	r25, 0x0E	; 14
    2db0:	0e 94 1d 0b 	call	0x163a	; 0x163a <UART_WriteString>
    2db4:	80 91 2a 14 	lds	r24, 0x142A	; 0x80142a <SysStatus_B>
    2db8:	8e 7f       	andi	r24, 0xFE	; 254
    2dba:	80 93 2a 14 	sts	0x142A, r24	; 0x80142a <SysStatus_B>
    2dbe:	df 91       	pop	r29
    2dc0:	cf 91       	pop	r28
    2dc2:	1f 91       	pop	r17
    2dc4:	0f 91       	pop	r16
    2dc6:	ff 90       	pop	r15
    2dc8:	ef 90       	pop	r14
    2dca:	bf 90       	pop	r11
    2dcc:	af 90       	pop	r10
    2dce:	9f 90       	pop	r9
    2dd0:	8f 90       	pop	r8
    2dd2:	7f 90       	pop	r7
    2dd4:	6f 90       	pop	r6
    2dd6:	5f 90       	pop	r5
    2dd8:	4f 90       	pop	r4
    2dda:	08 95       	ret
    2ddc:	89 e1       	ldi	r24, 0x19	; 25
    2dde:	91 e0       	ldi	r25, 0x01	; 1
    2de0:	df 91       	pop	r29
    2de2:	cf 91       	pop	r28
    2de4:	1f 91       	pop	r17
    2de6:	0f 91       	pop	r16
    2de8:	ff 90       	pop	r15
    2dea:	ef 90       	pop	r14
    2dec:	bf 90       	pop	r11
    2dee:	af 90       	pop	r10
    2df0:	9f 90       	pop	r9
    2df2:	8f 90       	pop	r8
    2df4:	7f 90       	pop	r7
    2df6:	6f 90       	pop	r6
    2df8:	5f 90       	pop	r5
    2dfa:	4f 90       	pop	r4
    2dfc:	0c 94 1d 0b 	jmp	0x163a	; 0x163a <UART_WriteString>

00002e00 <UART_Process_Input>:
    2e00:	cf 93       	push	r28
    2e02:	df 93       	push	r29
    2e04:	cd b7       	in	r28, 0x3d	; 61
    2e06:	de b7       	in	r29, 0x3e	; 62
    2e08:	cc 57       	subi	r28, 0x7C	; 124
    2e0a:	d1 09       	sbc	r29, r1
    2e0c:	0f b6       	in	r0, 0x3f	; 63
    2e0e:	f8 94       	cli
    2e10:	de bf       	out	0x3e, r29	; 62
    2e12:	0f be       	out	0x3f, r0	; 63
    2e14:	cd bf       	out	0x3d, r28	; 61
    2e16:	80 91 11 10 	lds	r24, 0x1011	; 0x801011 <UART_Comand+0x1>
    2e1a:	83 32       	cpi	r24, 0x23	; 35
    2e1c:	09 f0       	breq	.+2      	; 0x2e20 <UART_Process_Input+0x20>
    2e1e:	56 c0       	rjmp	.+172    	; 0x2ecc <UART_Process_Input+0xcc>
    2e20:	90 91 10 10 	lds	r25, 0x1010	; 0x801010 <UART_Comand>
    2e24:	80 91 9f 0e 	lds	r24, 0x0E9F	; 0x800e9f <Com_ID>
    2e28:	98 13       	cpse	r25, r24
    2e2a:	50 c0       	rjmp	.+160    	; 0x2ecc <UART_Process_Input+0xcc>
    2e2c:	de 01       	movw	r26, r28
    2e2e:	a9 59       	subi	r26, 0x99	; 153
    2e30:	bf 4f       	sbci	r27, 0xFF	; 255
    2e32:	22 e0       	ldi	r18, 0x02	; 2
    2e34:	30 e0       	ldi	r19, 0x00	; 0
    2e36:	ad 01       	movw	r20, r26
    2e38:	92 2f       	mov	r25, r18
    2e3a:	8e ef       	ldi	r24, 0xFE	; 254
    2e3c:	82 0f       	add	r24, r18
    2e3e:	f9 01       	movw	r30, r18
    2e40:	e0 5f       	subi	r30, 0xF0	; 240
    2e42:	ff 4e       	sbci	r31, 0xEF	; 239
    2e44:	60 81       	ld	r22, Z
    2e46:	69 30       	cpi	r22, 0x09	; 9
    2e48:	b1 f0       	breq	.+44     	; 0x2e76 <UART_Process_Input+0x76>
    2e4a:	60 81       	ld	r22, Z
    2e4c:	61 11       	cpse	r22, r1
    2e4e:	05 c0       	rjmp	.+10     	; 0x2e5a <UART_Process_Input+0x5a>
    2e50:	fa 01       	movw	r30, r20
    2e52:	e8 0f       	add	r30, r24
    2e54:	f1 1d       	adc	r31, r1
    2e56:	10 82       	st	Z, r1
    2e58:	32 c0       	rjmp	.+100    	; 0x2ebe <UART_Process_Input+0xbe>
    2e5a:	80 91 94 0f 	lds	r24, 0x0F94	; 0x800f94 <UART_Comand_L>
    2e5e:	98 17       	cp	r25, r24
    2e60:	a8 f5       	brcc	.+106    	; 0x2ecc <UART_Process_Input+0xcc>
    2e62:	80 81       	ld	r24, Z
    2e64:	8d 93       	st	X+, r24
    2e66:	2f 5f       	subi	r18, 0xFF	; 255
    2e68:	3f 4f       	sbci	r19, 0xFF	; 255
    2e6a:	27 31       	cpi	r18, 0x17	; 23
    2e6c:	31 05       	cpc	r19, r1
    2e6e:	21 f7       	brne	.-56     	; 0x2e38 <UART_Process_Input+0x38>
    2e70:	86 e6       	ldi	r24, 0x66	; 102
    2e72:	92 e0       	ldi	r25, 0x02	; 2
    2e74:	1c c0       	rjmp	.+56     	; 0x2eae <UART_Process_Input+0xae>
    2e76:	fa 01       	movw	r30, r20
    2e78:	e8 0f       	add	r30, r24
    2e7a:	f1 1d       	adc	r31, r1
    2e7c:	10 82       	st	Z, r1
    2e7e:	20 91 94 0f 	lds	r18, 0x0F94	; 0x800f94 <UART_Comand_L>
    2e82:	28 17       	cp	r18, r24
    2e84:	e0 f0       	brcs	.+56     	; 0x2ebe <UART_Process_Input+0xbe>
    2e86:	9f 5f       	subi	r25, 0xFF	; 255
    2e88:	de 01       	movw	r26, r28
    2e8a:	11 96       	adiw	r26, 0x01	; 1
    2e8c:	20 e0       	ldi	r18, 0x00	; 0
    2e8e:	bd 01       	movw	r22, r26
    2e90:	e9 2f       	mov	r30, r25
    2e92:	f0 e0       	ldi	r31, 0x00	; 0
    2e94:	e0 5f       	subi	r30, 0xF0	; 240
    2e96:	ff 4e       	sbci	r31, 0xEF	; 239
    2e98:	80 81       	ld	r24, Z
    2e9a:	88 23       	and	r24, r24
    2e9c:	59 f0       	breq	.+22     	; 0x2eb4 <UART_Process_Input+0xb4>
    2e9e:	80 81       	ld	r24, Z
    2ea0:	8d 93       	st	X+, r24
    2ea2:	9f 5f       	subi	r25, 0xFF	; 255
    2ea4:	2f 5f       	subi	r18, 0xFF	; 255
    2ea6:	25 36       	cpi	r18, 0x65	; 101
    2ea8:	99 f7       	brne	.-26     	; 0x2e90 <UART_Process_Input+0x90>
    2eaa:	8f e6       	ldi	r24, 0x6F	; 111
    2eac:	92 e0       	ldi	r25, 0x02	; 2
    2eae:	0e 94 1d 0b 	call	0x163a	; 0x163a <UART_WriteString>
    2eb2:	0c c0       	rjmp	.+24     	; 0x2ecc <UART_Process_Input+0xcc>
    2eb4:	fb 01       	movw	r30, r22
    2eb6:	e2 0f       	add	r30, r18
    2eb8:	f1 1d       	adc	r31, r1
    2eba:	10 82       	st	Z, r1
    2ebc:	01 c0       	rjmp	.+2      	; 0x2ec0 <UART_Process_Input+0xc0>
    2ebe:	19 82       	std	Y+1, r1	; 0x01
    2ec0:	be 01       	movw	r22, r28
    2ec2:	6f 5f       	subi	r22, 0xFF	; 255
    2ec4:	7f 4f       	sbci	r23, 0xFF	; 255
    2ec6:	ca 01       	movw	r24, r20
    2ec8:	0e 94 b6 0c 	call	0x196c	; 0x196c <UART_Execute_Command>
    2ecc:	c4 58       	subi	r28, 0x84	; 132
    2ece:	df 4f       	sbci	r29, 0xFF	; 255
    2ed0:	0f b6       	in	r0, 0x3f	; 63
    2ed2:	f8 94       	cli
    2ed4:	de bf       	out	0x3e, r29	; 62
    2ed6:	0f be       	out	0x3f, r0	; 63
    2ed8:	cd bf       	out	0x3d, r28	; 61
    2eda:	df 91       	pop	r29
    2edc:	cf 91       	pop	r28
    2ede:	08 95       	ret

00002ee0 <StringToFloat>:
    2ee0:	0c 94 e3 4a 	jmp	0x95c6	; 0x95c6 <atof>

00002ee4 <EEPROM_Range_Cal_Set_Scale>:
    2ee4:	cf 93       	push	r28
    2ee6:	df 93       	push	r29
    2ee8:	cd b7       	in	r28, 0x3d	; 61
    2eea:	de b7       	in	r29, 0x3e	; 62
    2eec:	ac 97       	sbiw	r28, 0x2c	; 44
    2eee:	0f b6       	in	r0, 0x3f	; 63
    2ef0:	f8 94       	cli
    2ef2:	de bf       	out	0x3e, r29	; 62
    2ef4:	0f be       	out	0x3f, r0	; 63
    2ef6:	cd bf       	out	0x3d, r28	; 61
    2ef8:	20 91 26 14 	lds	r18, 0x1426	; 0x801426 <SysStatus_A>
    2efc:	21 ff       	sbrs	r18, 1
    2efe:	b1 c0       	rjmp	.+354    	; 0x3062 <EEPROM_Range_Cal_Set_Scale+0x17e>
    2f00:	dc 01       	movw	r26, r24
    2f02:	cb 01       	movw	r24, r22
    2f04:	20 91 ec 14 	lds	r18, 0x14EC	; 0x8014ec <Range_Status_A>
    2f08:	22 ff       	sbrs	r18, 2
    2f0a:	4c c0       	rjmp	.+152    	; 0x2fa4 <EEPROM_Range_Cal_Set_Scale+0xc0>
    2f0c:	20 91 e5 14 	lds	r18, 0x14E5	; 0x8014e5 <Range_Volt_ID_Act>
    2f10:	21 11       	cpse	r18, r1
    2f12:	0b c0       	rjmp	.+22     	; 0x2f2a <EEPROM_Range_Cal_Set_Scale+0x46>
    2f14:	89 a7       	std	Y+41, r24	; 0x29
    2f16:	9a a7       	std	Y+42, r25	; 0x2a
    2f18:	ab a7       	std	Y+43, r26	; 0x2b
    2f1a:	bc a7       	std	Y+44, r27	; 0x2c
    2f1c:	44 e0       	ldi	r20, 0x04	; 4
    2f1e:	50 e0       	ldi	r21, 0x00	; 0
    2f20:	6c e7       	ldi	r22, 0x7C	; 124
    2f22:	71 e0       	ldi	r23, 0x01	; 1
    2f24:	ce 01       	movw	r24, r28
    2f26:	89 96       	adiw	r24, 0x29	; 41
    2f28:	9a c0       	rjmp	.+308    	; 0x305e <EEPROM_Range_Cal_Set_Scale+0x17a>
    2f2a:	20 91 e5 14 	lds	r18, 0x14E5	; 0x8014e5 <Range_Volt_ID_Act>
    2f2e:	21 30       	cpi	r18, 0x01	; 1
    2f30:	59 f4       	brne	.+22     	; 0x2f48 <EEPROM_Range_Cal_Set_Scale+0x64>
    2f32:	8d a3       	std	Y+37, r24	; 0x25
    2f34:	9e a3       	std	Y+38, r25	; 0x26
    2f36:	af a3       	std	Y+39, r26	; 0x27
    2f38:	b8 a7       	std	Y+40, r27	; 0x28
    2f3a:	44 e0       	ldi	r20, 0x04	; 4
    2f3c:	50 e0       	ldi	r21, 0x00	; 0
    2f3e:	6c e6       	ldi	r22, 0x6C	; 108
    2f40:	71 e0       	ldi	r23, 0x01	; 1
    2f42:	ce 01       	movw	r24, r28
    2f44:	85 96       	adiw	r24, 0x25	; 37
    2f46:	8b c0       	rjmp	.+278    	; 0x305e <EEPROM_Range_Cal_Set_Scale+0x17a>
    2f48:	20 91 e5 14 	lds	r18, 0x14E5	; 0x8014e5 <Range_Volt_ID_Act>
    2f4c:	22 30       	cpi	r18, 0x02	; 2
    2f4e:	59 f4       	brne	.+22     	; 0x2f66 <EEPROM_Range_Cal_Set_Scale+0x82>
    2f50:	89 a3       	std	Y+33, r24	; 0x21
    2f52:	9a a3       	std	Y+34, r25	; 0x22
    2f54:	ab a3       	std	Y+35, r26	; 0x23
    2f56:	bc a3       	std	Y+36, r27	; 0x24
    2f58:	44 e0       	ldi	r20, 0x04	; 4
    2f5a:	50 e0       	ldi	r21, 0x00	; 0
    2f5c:	6c e5       	ldi	r22, 0x5C	; 92
    2f5e:	71 e0       	ldi	r23, 0x01	; 1
    2f60:	ce 01       	movw	r24, r28
    2f62:	81 96       	adiw	r24, 0x21	; 33
    2f64:	7c c0       	rjmp	.+248    	; 0x305e <EEPROM_Range_Cal_Set_Scale+0x17a>
    2f66:	20 91 e5 14 	lds	r18, 0x14E5	; 0x8014e5 <Range_Volt_ID_Act>
    2f6a:	23 30       	cpi	r18, 0x03	; 3
    2f6c:	59 f4       	brne	.+22     	; 0x2f84 <EEPROM_Range_Cal_Set_Scale+0xa0>
    2f6e:	8d 8f       	std	Y+29, r24	; 0x1d
    2f70:	9e 8f       	std	Y+30, r25	; 0x1e
    2f72:	af 8f       	std	Y+31, r26	; 0x1f
    2f74:	b8 a3       	std	Y+32, r27	; 0x20
    2f76:	44 e0       	ldi	r20, 0x04	; 4
    2f78:	50 e0       	ldi	r21, 0x00	; 0
    2f7a:	6c e4       	ldi	r22, 0x4C	; 76
    2f7c:	71 e0       	ldi	r23, 0x01	; 1
    2f7e:	ce 01       	movw	r24, r28
    2f80:	4d 96       	adiw	r24, 0x1d	; 29
    2f82:	6d c0       	rjmp	.+218    	; 0x305e <EEPROM_Range_Cal_Set_Scale+0x17a>
    2f84:	20 91 e5 14 	lds	r18, 0x14E5	; 0x8014e5 <Range_Volt_ID_Act>
    2f88:	24 30       	cpi	r18, 0x04	; 4
    2f8a:	09 f0       	breq	.+2      	; 0x2f8e <EEPROM_Range_Cal_Set_Scale+0xaa>
    2f8c:	6a c0       	rjmp	.+212    	; 0x3062 <EEPROM_Range_Cal_Set_Scale+0x17e>
    2f8e:	89 8f       	std	Y+25, r24	; 0x19
    2f90:	9a 8f       	std	Y+26, r25	; 0x1a
    2f92:	ab 8f       	std	Y+27, r26	; 0x1b
    2f94:	bc 8f       	std	Y+28, r27	; 0x1c
    2f96:	44 e0       	ldi	r20, 0x04	; 4
    2f98:	50 e0       	ldi	r21, 0x00	; 0
    2f9a:	6c e3       	ldi	r22, 0x3C	; 60
    2f9c:	71 e0       	ldi	r23, 0x01	; 1
    2f9e:	ce 01       	movw	r24, r28
    2fa0:	49 96       	adiw	r24, 0x19	; 25
    2fa2:	5d c0       	rjmp	.+186    	; 0x305e <EEPROM_Range_Cal_Set_Scale+0x17a>
    2fa4:	20 91 ec 14 	lds	r18, 0x14EC	; 0x8014ec <Range_Status_A>
    2fa8:	23 ff       	sbrs	r18, 3
    2faa:	5b c0       	rjmp	.+182    	; 0x3062 <EEPROM_Range_Cal_Set_Scale+0x17e>
    2fac:	20 91 5c 15 	lds	r18, 0x155C	; 0x80155c <Range_Curr_ID_Act>
    2fb0:	21 11       	cpse	r18, r1
    2fb2:	0b c0       	rjmp	.+22     	; 0x2fca <EEPROM_Range_Cal_Set_Scale+0xe6>
    2fb4:	8d 8b       	std	Y+21, r24	; 0x15
    2fb6:	9e 8b       	std	Y+22, r25	; 0x16
    2fb8:	af 8b       	std	Y+23, r26	; 0x17
    2fba:	b8 8f       	std	Y+24, r27	; 0x18
    2fbc:	44 e0       	ldi	r20, 0x04	; 4
    2fbe:	50 e0       	ldi	r21, 0x00	; 0
    2fc0:	6c e2       	ldi	r22, 0x2C	; 44
    2fc2:	71 e0       	ldi	r23, 0x01	; 1
    2fc4:	ce 01       	movw	r24, r28
    2fc6:	45 96       	adiw	r24, 0x15	; 21
    2fc8:	4a c0       	rjmp	.+148    	; 0x305e <EEPROM_Range_Cal_Set_Scale+0x17a>
    2fca:	20 91 5c 15 	lds	r18, 0x155C	; 0x80155c <Range_Curr_ID_Act>
    2fce:	21 30       	cpi	r18, 0x01	; 1
    2fd0:	59 f4       	brne	.+22     	; 0x2fe8 <EEPROM_Range_Cal_Set_Scale+0x104>
    2fd2:	89 8b       	std	Y+17, r24	; 0x11
    2fd4:	9a 8b       	std	Y+18, r25	; 0x12
    2fd6:	ab 8b       	std	Y+19, r26	; 0x13
    2fd8:	bc 8b       	std	Y+20, r27	; 0x14
    2fda:	44 e0       	ldi	r20, 0x04	; 4
    2fdc:	50 e0       	ldi	r21, 0x00	; 0
    2fde:	60 e2       	ldi	r22, 0x20	; 32
    2fe0:	71 e0       	ldi	r23, 0x01	; 1
    2fe2:	ce 01       	movw	r24, r28
    2fe4:	41 96       	adiw	r24, 0x11	; 17
    2fe6:	3b c0       	rjmp	.+118    	; 0x305e <EEPROM_Range_Cal_Set_Scale+0x17a>
    2fe8:	20 91 5c 15 	lds	r18, 0x155C	; 0x80155c <Range_Curr_ID_Act>
    2fec:	22 30       	cpi	r18, 0x02	; 2
    2fee:	59 f4       	brne	.+22     	; 0x3006 <EEPROM_Range_Cal_Set_Scale+0x122>
    2ff0:	8d 87       	std	Y+13, r24	; 0x0d
    2ff2:	9e 87       	std	Y+14, r25	; 0x0e
    2ff4:	af 87       	std	Y+15, r26	; 0x0f
    2ff6:	b8 8b       	std	Y+16, r27	; 0x10
    2ff8:	44 e0       	ldi	r20, 0x04	; 4
    2ffa:	50 e0       	ldi	r21, 0x00	; 0
    2ffc:	64 e1       	ldi	r22, 0x14	; 20
    2ffe:	71 e0       	ldi	r23, 0x01	; 1
    3000:	ce 01       	movw	r24, r28
    3002:	0d 96       	adiw	r24, 0x0d	; 13
    3004:	2c c0       	rjmp	.+88     	; 0x305e <EEPROM_Range_Cal_Set_Scale+0x17a>
    3006:	20 91 5c 15 	lds	r18, 0x155C	; 0x80155c <Range_Curr_ID_Act>
    300a:	23 30       	cpi	r18, 0x03	; 3
    300c:	59 f4       	brne	.+22     	; 0x3024 <EEPROM_Range_Cal_Set_Scale+0x140>
    300e:	89 87       	std	Y+9, r24	; 0x09
    3010:	9a 87       	std	Y+10, r25	; 0x0a
    3012:	ab 87       	std	Y+11, r26	; 0x0b
    3014:	bc 87       	std	Y+12, r27	; 0x0c
    3016:	44 e0       	ldi	r20, 0x04	; 4
    3018:	50 e0       	ldi	r21, 0x00	; 0
    301a:	68 e0       	ldi	r22, 0x08	; 8
    301c:	71 e0       	ldi	r23, 0x01	; 1
    301e:	ce 01       	movw	r24, r28
    3020:	09 96       	adiw	r24, 0x09	; 9
    3022:	1d c0       	rjmp	.+58     	; 0x305e <EEPROM_Range_Cal_Set_Scale+0x17a>
    3024:	20 91 5c 15 	lds	r18, 0x155C	; 0x80155c <Range_Curr_ID_Act>
    3028:	24 30       	cpi	r18, 0x04	; 4
    302a:	59 f4       	brne	.+22     	; 0x3042 <EEPROM_Range_Cal_Set_Scale+0x15e>
    302c:	8d 83       	std	Y+5, r24	; 0x05
    302e:	9e 83       	std	Y+6, r25	; 0x06
    3030:	af 83       	std	Y+7, r26	; 0x07
    3032:	b8 87       	std	Y+8, r27	; 0x08
    3034:	44 e0       	ldi	r20, 0x04	; 4
    3036:	50 e0       	ldi	r21, 0x00	; 0
    3038:	6c ef       	ldi	r22, 0xFC	; 252
    303a:	70 e0       	ldi	r23, 0x00	; 0
    303c:	ce 01       	movw	r24, r28
    303e:	05 96       	adiw	r24, 0x05	; 5
    3040:	0e c0       	rjmp	.+28     	; 0x305e <EEPROM_Range_Cal_Set_Scale+0x17a>
    3042:	20 91 5c 15 	lds	r18, 0x155C	; 0x80155c <Range_Curr_ID_Act>
    3046:	25 30       	cpi	r18, 0x05	; 5
    3048:	61 f4       	brne	.+24     	; 0x3062 <EEPROM_Range_Cal_Set_Scale+0x17e>
    304a:	89 83       	std	Y+1, r24	; 0x01
    304c:	9a 83       	std	Y+2, r25	; 0x02
    304e:	ab 83       	std	Y+3, r26	; 0x03
    3050:	bc 83       	std	Y+4, r27	; 0x04
    3052:	44 e0       	ldi	r20, 0x04	; 4
    3054:	50 e0       	ldi	r21, 0x00	; 0
    3056:	60 ef       	ldi	r22, 0xF0	; 240
    3058:	70 e0       	ldi	r23, 0x00	; 0
    305a:	ce 01       	movw	r24, r28
    305c:	01 96       	adiw	r24, 0x01	; 1
    305e:	0e 94 15 4e 	call	0x9c2a	; 0x9c2a <eeprom_write_block>
    3062:	ac 96       	adiw	r28, 0x2c	; 44
    3064:	0f b6       	in	r0, 0x3f	; 63
    3066:	f8 94       	cli
    3068:	de bf       	out	0x3e, r29	; 62
    306a:	0f be       	out	0x3f, r0	; 63
    306c:	cd bf       	out	0x3d, r28	; 61
    306e:	df 91       	pop	r29
    3070:	cf 91       	pop	r28
    3072:	08 95       	ret

00003074 <EEPROM_Range_Cal_Set_Offset>:
    3074:	cf 93       	push	r28
    3076:	df 93       	push	r29
    3078:	cd b7       	in	r28, 0x3d	; 61
    307a:	de b7       	in	r29, 0x3e	; 62
    307c:	ac 97       	sbiw	r28, 0x2c	; 44
    307e:	0f b6       	in	r0, 0x3f	; 63
    3080:	f8 94       	cli
    3082:	de bf       	out	0x3e, r29	; 62
    3084:	0f be       	out	0x3f, r0	; 63
    3086:	cd bf       	out	0x3d, r28	; 61
    3088:	20 91 26 14 	lds	r18, 0x1426	; 0x801426 <SysStatus_A>
    308c:	21 ff       	sbrs	r18, 1
    308e:	b1 c0       	rjmp	.+354    	; 0x31f2 <EEPROM_Range_Cal_Set_Offset+0x17e>
    3090:	dc 01       	movw	r26, r24
    3092:	cb 01       	movw	r24, r22
    3094:	20 91 ec 14 	lds	r18, 0x14EC	; 0x8014ec <Range_Status_A>
    3098:	22 ff       	sbrs	r18, 2
    309a:	4c c0       	rjmp	.+152    	; 0x3134 <EEPROM_Range_Cal_Set_Offset+0xc0>
    309c:	20 91 e5 14 	lds	r18, 0x14E5	; 0x8014e5 <Range_Volt_ID_Act>
    30a0:	21 11       	cpse	r18, r1
    30a2:	0b c0       	rjmp	.+22     	; 0x30ba <EEPROM_Range_Cal_Set_Offset+0x46>
    30a4:	89 a7       	std	Y+41, r24	; 0x29
    30a6:	9a a7       	std	Y+42, r25	; 0x2a
    30a8:	ab a7       	std	Y+43, r26	; 0x2b
    30aa:	bc a7       	std	Y+44, r27	; 0x2c
    30ac:	44 e0       	ldi	r20, 0x04	; 4
    30ae:	50 e0       	ldi	r21, 0x00	; 0
    30b0:	60 e8       	ldi	r22, 0x80	; 128
    30b2:	71 e0       	ldi	r23, 0x01	; 1
    30b4:	ce 01       	movw	r24, r28
    30b6:	89 96       	adiw	r24, 0x29	; 41
    30b8:	9a c0       	rjmp	.+308    	; 0x31ee <EEPROM_Range_Cal_Set_Offset+0x17a>
    30ba:	20 91 e5 14 	lds	r18, 0x14E5	; 0x8014e5 <Range_Volt_ID_Act>
    30be:	21 30       	cpi	r18, 0x01	; 1
    30c0:	59 f4       	brne	.+22     	; 0x30d8 <EEPROM_Range_Cal_Set_Offset+0x64>
    30c2:	8d a3       	std	Y+37, r24	; 0x25
    30c4:	9e a3       	std	Y+38, r25	; 0x26
    30c6:	af a3       	std	Y+39, r26	; 0x27
    30c8:	b8 a7       	std	Y+40, r27	; 0x28
    30ca:	44 e0       	ldi	r20, 0x04	; 4
    30cc:	50 e0       	ldi	r21, 0x00	; 0
    30ce:	60 e7       	ldi	r22, 0x70	; 112
    30d0:	71 e0       	ldi	r23, 0x01	; 1
    30d2:	ce 01       	movw	r24, r28
    30d4:	85 96       	adiw	r24, 0x25	; 37
    30d6:	8b c0       	rjmp	.+278    	; 0x31ee <EEPROM_Range_Cal_Set_Offset+0x17a>
    30d8:	20 91 e5 14 	lds	r18, 0x14E5	; 0x8014e5 <Range_Volt_ID_Act>
    30dc:	22 30       	cpi	r18, 0x02	; 2
    30de:	59 f4       	brne	.+22     	; 0x30f6 <EEPROM_Range_Cal_Set_Offset+0x82>
    30e0:	89 a3       	std	Y+33, r24	; 0x21
    30e2:	9a a3       	std	Y+34, r25	; 0x22
    30e4:	ab a3       	std	Y+35, r26	; 0x23
    30e6:	bc a3       	std	Y+36, r27	; 0x24
    30e8:	44 e0       	ldi	r20, 0x04	; 4
    30ea:	50 e0       	ldi	r21, 0x00	; 0
    30ec:	60 e6       	ldi	r22, 0x60	; 96
    30ee:	71 e0       	ldi	r23, 0x01	; 1
    30f0:	ce 01       	movw	r24, r28
    30f2:	81 96       	adiw	r24, 0x21	; 33
    30f4:	7c c0       	rjmp	.+248    	; 0x31ee <EEPROM_Range_Cal_Set_Offset+0x17a>
    30f6:	20 91 e5 14 	lds	r18, 0x14E5	; 0x8014e5 <Range_Volt_ID_Act>
    30fa:	23 30       	cpi	r18, 0x03	; 3
    30fc:	59 f4       	brne	.+22     	; 0x3114 <EEPROM_Range_Cal_Set_Offset+0xa0>
    30fe:	8d 8f       	std	Y+29, r24	; 0x1d
    3100:	9e 8f       	std	Y+30, r25	; 0x1e
    3102:	af 8f       	std	Y+31, r26	; 0x1f
    3104:	b8 a3       	std	Y+32, r27	; 0x20
    3106:	44 e0       	ldi	r20, 0x04	; 4
    3108:	50 e0       	ldi	r21, 0x00	; 0
    310a:	60 e5       	ldi	r22, 0x50	; 80
    310c:	71 e0       	ldi	r23, 0x01	; 1
    310e:	ce 01       	movw	r24, r28
    3110:	4d 96       	adiw	r24, 0x1d	; 29
    3112:	6d c0       	rjmp	.+218    	; 0x31ee <EEPROM_Range_Cal_Set_Offset+0x17a>
    3114:	20 91 e5 14 	lds	r18, 0x14E5	; 0x8014e5 <Range_Volt_ID_Act>
    3118:	24 30       	cpi	r18, 0x04	; 4
    311a:	09 f0       	breq	.+2      	; 0x311e <EEPROM_Range_Cal_Set_Offset+0xaa>
    311c:	6a c0       	rjmp	.+212    	; 0x31f2 <EEPROM_Range_Cal_Set_Offset+0x17e>
    311e:	89 8f       	std	Y+25, r24	; 0x19
    3120:	9a 8f       	std	Y+26, r25	; 0x1a
    3122:	ab 8f       	std	Y+27, r26	; 0x1b
    3124:	bc 8f       	std	Y+28, r27	; 0x1c
    3126:	44 e0       	ldi	r20, 0x04	; 4
    3128:	50 e0       	ldi	r21, 0x00	; 0
    312a:	60 e4       	ldi	r22, 0x40	; 64
    312c:	71 e0       	ldi	r23, 0x01	; 1
    312e:	ce 01       	movw	r24, r28
    3130:	49 96       	adiw	r24, 0x19	; 25
    3132:	5d c0       	rjmp	.+186    	; 0x31ee <EEPROM_Range_Cal_Set_Offset+0x17a>
    3134:	20 91 ec 14 	lds	r18, 0x14EC	; 0x8014ec <Range_Status_A>
    3138:	23 ff       	sbrs	r18, 3
    313a:	5b c0       	rjmp	.+182    	; 0x31f2 <EEPROM_Range_Cal_Set_Offset+0x17e>
    313c:	20 91 5c 15 	lds	r18, 0x155C	; 0x80155c <Range_Curr_ID_Act>
    3140:	21 11       	cpse	r18, r1
    3142:	0b c0       	rjmp	.+22     	; 0x315a <EEPROM_Range_Cal_Set_Offset+0xe6>
    3144:	8d 8b       	std	Y+21, r24	; 0x15
    3146:	9e 8b       	std	Y+22, r25	; 0x16
    3148:	af 8b       	std	Y+23, r26	; 0x17
    314a:	b8 8f       	std	Y+24, r27	; 0x18
    314c:	44 e0       	ldi	r20, 0x04	; 4
    314e:	50 e0       	ldi	r21, 0x00	; 0
    3150:	60 e3       	ldi	r22, 0x30	; 48
    3152:	71 e0       	ldi	r23, 0x01	; 1
    3154:	ce 01       	movw	r24, r28
    3156:	45 96       	adiw	r24, 0x15	; 21
    3158:	4a c0       	rjmp	.+148    	; 0x31ee <EEPROM_Range_Cal_Set_Offset+0x17a>
    315a:	20 91 5c 15 	lds	r18, 0x155C	; 0x80155c <Range_Curr_ID_Act>
    315e:	21 30       	cpi	r18, 0x01	; 1
    3160:	59 f4       	brne	.+22     	; 0x3178 <EEPROM_Range_Cal_Set_Offset+0x104>
    3162:	89 8b       	std	Y+17, r24	; 0x11
    3164:	9a 8b       	std	Y+18, r25	; 0x12
    3166:	ab 8b       	std	Y+19, r26	; 0x13
    3168:	bc 8b       	std	Y+20, r27	; 0x14
    316a:	44 e0       	ldi	r20, 0x04	; 4
    316c:	50 e0       	ldi	r21, 0x00	; 0
    316e:	64 e2       	ldi	r22, 0x24	; 36
    3170:	71 e0       	ldi	r23, 0x01	; 1
    3172:	ce 01       	movw	r24, r28
    3174:	41 96       	adiw	r24, 0x11	; 17
    3176:	3b c0       	rjmp	.+118    	; 0x31ee <EEPROM_Range_Cal_Set_Offset+0x17a>
    3178:	20 91 5c 15 	lds	r18, 0x155C	; 0x80155c <Range_Curr_ID_Act>
    317c:	22 30       	cpi	r18, 0x02	; 2
    317e:	59 f4       	brne	.+22     	; 0x3196 <EEPROM_Range_Cal_Set_Offset+0x122>
    3180:	8d 87       	std	Y+13, r24	; 0x0d
    3182:	9e 87       	std	Y+14, r25	; 0x0e
    3184:	af 87       	std	Y+15, r26	; 0x0f
    3186:	b8 8b       	std	Y+16, r27	; 0x10
    3188:	44 e0       	ldi	r20, 0x04	; 4
    318a:	50 e0       	ldi	r21, 0x00	; 0
    318c:	68 e1       	ldi	r22, 0x18	; 24
    318e:	71 e0       	ldi	r23, 0x01	; 1
    3190:	ce 01       	movw	r24, r28
    3192:	0d 96       	adiw	r24, 0x0d	; 13
    3194:	2c c0       	rjmp	.+88     	; 0x31ee <EEPROM_Range_Cal_Set_Offset+0x17a>
    3196:	20 91 5c 15 	lds	r18, 0x155C	; 0x80155c <Range_Curr_ID_Act>
    319a:	23 30       	cpi	r18, 0x03	; 3
    319c:	59 f4       	brne	.+22     	; 0x31b4 <EEPROM_Range_Cal_Set_Offset+0x140>
    319e:	89 87       	std	Y+9, r24	; 0x09
    31a0:	9a 87       	std	Y+10, r25	; 0x0a
    31a2:	ab 87       	std	Y+11, r26	; 0x0b
    31a4:	bc 87       	std	Y+12, r27	; 0x0c
    31a6:	44 e0       	ldi	r20, 0x04	; 4
    31a8:	50 e0       	ldi	r21, 0x00	; 0
    31aa:	6c e0       	ldi	r22, 0x0C	; 12
    31ac:	71 e0       	ldi	r23, 0x01	; 1
    31ae:	ce 01       	movw	r24, r28
    31b0:	09 96       	adiw	r24, 0x09	; 9
    31b2:	1d c0       	rjmp	.+58     	; 0x31ee <EEPROM_Range_Cal_Set_Offset+0x17a>
    31b4:	20 91 5c 15 	lds	r18, 0x155C	; 0x80155c <Range_Curr_ID_Act>
    31b8:	24 30       	cpi	r18, 0x04	; 4
    31ba:	59 f4       	brne	.+22     	; 0x31d2 <EEPROM_Range_Cal_Set_Offset+0x15e>
    31bc:	8d 83       	std	Y+5, r24	; 0x05
    31be:	9e 83       	std	Y+6, r25	; 0x06
    31c0:	af 83       	std	Y+7, r26	; 0x07
    31c2:	b8 87       	std	Y+8, r27	; 0x08
    31c4:	44 e0       	ldi	r20, 0x04	; 4
    31c6:	50 e0       	ldi	r21, 0x00	; 0
    31c8:	60 e0       	ldi	r22, 0x00	; 0
    31ca:	71 e0       	ldi	r23, 0x01	; 1
    31cc:	ce 01       	movw	r24, r28
    31ce:	05 96       	adiw	r24, 0x05	; 5
    31d0:	0e c0       	rjmp	.+28     	; 0x31ee <EEPROM_Range_Cal_Set_Offset+0x17a>
    31d2:	20 91 5c 15 	lds	r18, 0x155C	; 0x80155c <Range_Curr_ID_Act>
    31d6:	25 30       	cpi	r18, 0x05	; 5
    31d8:	61 f4       	brne	.+24     	; 0x31f2 <EEPROM_Range_Cal_Set_Offset+0x17e>
    31da:	89 83       	std	Y+1, r24	; 0x01
    31dc:	9a 83       	std	Y+2, r25	; 0x02
    31de:	ab 83       	std	Y+3, r26	; 0x03
    31e0:	bc 83       	std	Y+4, r27	; 0x04
    31e2:	44 e0       	ldi	r20, 0x04	; 4
    31e4:	50 e0       	ldi	r21, 0x00	; 0
    31e6:	64 ef       	ldi	r22, 0xF4	; 244
    31e8:	70 e0       	ldi	r23, 0x00	; 0
    31ea:	ce 01       	movw	r24, r28
    31ec:	01 96       	adiw	r24, 0x01	; 1
    31ee:	0e 94 15 4e 	call	0x9c2a	; 0x9c2a <eeprom_write_block>
    31f2:	ac 96       	adiw	r28, 0x2c	; 44
    31f4:	0f b6       	in	r0, 0x3f	; 63
    31f6:	f8 94       	cli
    31f8:	de bf       	out	0x3e, r29	; 62
    31fa:	0f be       	out	0x3f, r0	; 63
    31fc:	cd bf       	out	0x3d, r28	; 61
    31fe:	df 91       	pop	r29
    3200:	cf 91       	pop	r28
    3202:	08 95       	ret

00003204 <COM_EROM_ACCESS_FLOAT>:
    3204:	cf 92       	push	r12
    3206:	df 92       	push	r13
    3208:	ef 92       	push	r14
    320a:	ff 92       	push	r15
    320c:	0f 93       	push	r16
    320e:	1f 93       	push	r17
    3210:	cf 93       	push	r28
    3212:	df 93       	push	r29
    3214:	00 d0       	rcall	.+0      	; 0x3216 <COM_EROM_ACCESS_FLOAT+0x12>
    3216:	00 d0       	rcall	.+0      	; 0x3218 <COM_EROM_ACCESS_FLOAT+0x14>
    3218:	cd b7       	in	r28, 0x3d	; 61
    321a:	de b7       	in	r29, 0x3e	; 62
    321c:	7c 01       	movw	r14, r24
    321e:	8a 01       	movw	r16, r20
    3220:	69 01       	movw	r12, r18
    3222:	61 30       	cpi	r22, 0x01	; 1
    3224:	69 f4       	brne	.+26     	; 0x3240 <COM_EROM_ACCESS_FLOAT+0x3c>
    3226:	ca 01       	movw	r24, r20
    3228:	5b de       	rcall	.-842    	; 0x2ee0 <StringToFloat>
    322a:	69 83       	std	Y+1, r22	; 0x01
    322c:	7a 83       	std	Y+2, r23	; 0x02
    322e:	8b 83       	std	Y+3, r24	; 0x03
    3230:	9c 83       	std	Y+4, r25	; 0x04
    3232:	44 e0       	ldi	r20, 0x04	; 4
    3234:	50 e0       	ldi	r21, 0x00	; 0
    3236:	b7 01       	movw	r22, r14
    3238:	ce 01       	movw	r24, r28
    323a:	01 96       	adiw	r24, 0x01	; 1
    323c:	0e 94 15 4e 	call	0x9c2a	; 0x9c2a <eeprom_write_block>
    3240:	44 e0       	ldi	r20, 0x04	; 4
    3242:	50 e0       	ldi	r21, 0x00	; 0
    3244:	b7 01       	movw	r22, r14
    3246:	ce 01       	movw	r24, r28
    3248:	01 96       	adiw	r24, 0x01	; 1
    324a:	0e 94 fd 4d 	call	0x9bfa	; 0x9bfa <eeprom_read_block>
    324e:	49 81       	ldd	r20, Y+1	; 0x01
    3250:	5a 81       	ldd	r21, Y+2	; 0x02
    3252:	6b 81       	ldd	r22, Y+3	; 0x03
    3254:	7c 81       	ldd	r23, Y+4	; 0x04
    3256:	c8 01       	movw	r24, r16
    3258:	0e 94 3c 0c 	call	0x1878	; 0x1878 <FloatToString>
    325c:	b8 01       	movw	r22, r16
    325e:	c6 01       	movw	r24, r12
    3260:	0e 94 1a 0c 	call	0x1834	; 0x1834 <AddEnd_String>
    3264:	0f 90       	pop	r0
    3266:	0f 90       	pop	r0
    3268:	0f 90       	pop	r0
    326a:	0f 90       	pop	r0
    326c:	df 91       	pop	r29
    326e:	cf 91       	pop	r28
    3270:	1f 91       	pop	r17
    3272:	0f 91       	pop	r16
    3274:	ff 90       	pop	r15
    3276:	ef 90       	pop	r14
    3278:	df 90       	pop	r13
    327a:	cf 90       	pop	r12
    327c:	08 95       	ret

0000327e <COM_EROM_ACCESS_UINT8>:
    327e:	ef 92       	push	r14
    3280:	ff 92       	push	r15
    3282:	0f 93       	push	r16
    3284:	1f 93       	push	r17
    3286:	cf 93       	push	r28
    3288:	df 93       	push	r29
    328a:	8c 01       	movw	r16, r24
    328c:	ea 01       	movw	r28, r20
    328e:	79 01       	movw	r14, r18
    3290:	61 30       	cpi	r22, 0x01	; 1
    3292:	89 f4       	brne	.+34     	; 0x32b6 <COM_EROM_ACCESS_UINT8+0x38>
    3294:	ca 01       	movw	r24, r20
    3296:	0e 94 03 4b 	call	0x9606	; 0x9606 <atol>
    329a:	6f 3f       	cpi	r22, 0xFF	; 255
    329c:	71 05       	cpc	r23, r1
    329e:	81 05       	cpc	r24, r1
    32a0:	91 05       	cpc	r25, r1
    32a2:	09 f0       	breq	.+2      	; 0x32a6 <COM_EROM_ACCESS_UINT8+0x28>
    32a4:	24 f4       	brge	.+8      	; 0x32ae <COM_EROM_ACCESS_UINT8+0x30>
    32a6:	97 ff       	sbrs	r25, 7
    32a8:	03 c0       	rjmp	.+6      	; 0x32b0 <COM_EROM_ACCESS_UINT8+0x32>
    32aa:	60 e0       	ldi	r22, 0x00	; 0
    32ac:	01 c0       	rjmp	.+2      	; 0x32b0 <COM_EROM_ACCESS_UINT8+0x32>
    32ae:	6f ef       	ldi	r22, 0xFF	; 255
    32b0:	c8 01       	movw	r24, r16
    32b2:	0e 94 1e 4e 	call	0x9c3c	; 0x9c3c <eeprom_write_byte>
    32b6:	c8 01       	movw	r24, r16
    32b8:	0e 94 0d 4e 	call	0x9c1a	; 0x9c1a <eeprom_read_byte>
    32bc:	4a e0       	ldi	r20, 0x0A	; 10
    32be:	be 01       	movw	r22, r28
    32c0:	90 e0       	ldi	r25, 0x00	; 0
    32c2:	0e 94 08 4c 	call	0x9810	; 0x9810 <__itoa_ncheck>
    32c6:	be 01       	movw	r22, r28
    32c8:	c7 01       	movw	r24, r14
    32ca:	df 91       	pop	r29
    32cc:	cf 91       	pop	r28
    32ce:	1f 91       	pop	r17
    32d0:	0f 91       	pop	r16
    32d2:	ff 90       	pop	r15
    32d4:	ef 90       	pop	r14
    32d6:	0c 94 1a 0c 	jmp	0x1834	; 0x1834 <AddEnd_String>

000032da <COM_EROM_ACCESS_UINT16>:
    32da:	cf 92       	push	r12
    32dc:	df 92       	push	r13
    32de:	ef 92       	push	r14
    32e0:	ff 92       	push	r15
    32e2:	0f 93       	push	r16
    32e4:	1f 93       	push	r17
    32e6:	cf 93       	push	r28
    32e8:	df 93       	push	r29
    32ea:	00 d0       	rcall	.+0      	; 0x32ec <COM_EROM_ACCESS_UINT16+0x12>
    32ec:	cd b7       	in	r28, 0x3d	; 61
    32ee:	de b7       	in	r29, 0x3e	; 62
    32f0:	6c 01       	movw	r12, r24
    32f2:	8a 01       	movw	r16, r20
    32f4:	79 01       	movw	r14, r18
    32f6:	61 30       	cpi	r22, 0x01	; 1
    32f8:	e1 f4       	brne	.+56     	; 0x3332 <COM_EROM_ACCESS_UINT16+0x58>
    32fa:	ca 01       	movw	r24, r20
    32fc:	0e 94 03 4b 	call	0x9606	; 0x9606 <atol>
    3300:	61 15       	cp	r22, r1
    3302:	71 05       	cpc	r23, r1
    3304:	21 e0       	ldi	r18, 0x01	; 1
    3306:	82 07       	cpc	r24, r18
    3308:	91 05       	cpc	r25, r1
    330a:	2c f0       	brlt	.+10     	; 0x3316 <COM_EROM_ACCESS_UINT16+0x3c>
    330c:	8f ef       	ldi	r24, 0xFF	; 255
    330e:	9f ef       	ldi	r25, 0xFF	; 255
    3310:	9a 83       	std	Y+2, r25	; 0x02
    3312:	89 83       	std	Y+1, r24	; 0x01
    3314:	07 c0       	rjmp	.+14     	; 0x3324 <COM_EROM_ACCESS_UINT16+0x4a>
    3316:	97 ff       	sbrs	r25, 7
    3318:	03 c0       	rjmp	.+6      	; 0x3320 <COM_EROM_ACCESS_UINT16+0x46>
    331a:	1a 82       	std	Y+2, r1	; 0x02
    331c:	19 82       	std	Y+1, r1	; 0x01
    331e:	02 c0       	rjmp	.+4      	; 0x3324 <COM_EROM_ACCESS_UINT16+0x4a>
    3320:	7a 83       	std	Y+2, r23	; 0x02
    3322:	69 83       	std	Y+1, r22	; 0x01
    3324:	42 e0       	ldi	r20, 0x02	; 2
    3326:	50 e0       	ldi	r21, 0x00	; 0
    3328:	b6 01       	movw	r22, r12
    332a:	ce 01       	movw	r24, r28
    332c:	01 96       	adiw	r24, 0x01	; 1
    332e:	0e 94 15 4e 	call	0x9c2a	; 0x9c2a <eeprom_write_block>
    3332:	42 e0       	ldi	r20, 0x02	; 2
    3334:	50 e0       	ldi	r21, 0x00	; 0
    3336:	b6 01       	movw	r22, r12
    3338:	ce 01       	movw	r24, r28
    333a:	01 96       	adiw	r24, 0x01	; 1
    333c:	0e 94 fd 4d 	call	0x9bfa	; 0x9bfa <eeprom_read_block>
    3340:	69 81       	ldd	r22, Y+1	; 0x01
    3342:	7a 81       	ldd	r23, Y+2	; 0x02
    3344:	80 e0       	ldi	r24, 0x00	; 0
    3346:	90 e0       	ldi	r25, 0x00	; 0
    3348:	2a e0       	ldi	r18, 0x0A	; 10
    334a:	a8 01       	movw	r20, r16
    334c:	0e 94 12 4c 	call	0x9824	; 0x9824 <__ltoa_ncheck>
    3350:	b8 01       	movw	r22, r16
    3352:	c7 01       	movw	r24, r14
    3354:	0e 94 1a 0c 	call	0x1834	; 0x1834 <AddEnd_String>
    3358:	0f 90       	pop	r0
    335a:	0f 90       	pop	r0
    335c:	df 91       	pop	r29
    335e:	cf 91       	pop	r28
    3360:	1f 91       	pop	r17
    3362:	0f 91       	pop	r16
    3364:	ff 90       	pop	r15
    3366:	ef 90       	pop	r14
    3368:	df 90       	pop	r13
    336a:	cf 90       	pop	r12
    336c:	08 95       	ret

0000336e <EEPROM_READ_FLOAT>:
    336e:	cf 93       	push	r28
    3370:	df 93       	push	r29
    3372:	00 d0       	rcall	.+0      	; 0x3374 <EEPROM_READ_FLOAT+0x6>
    3374:	00 d0       	rcall	.+0      	; 0x3376 <EEPROM_READ_FLOAT+0x8>
    3376:	cd b7       	in	r28, 0x3d	; 61
    3378:	de b7       	in	r29, 0x3e	; 62
    337a:	44 e0       	ldi	r20, 0x04	; 4
    337c:	50 e0       	ldi	r21, 0x00	; 0
    337e:	bc 01       	movw	r22, r24
    3380:	ce 01       	movw	r24, r28
    3382:	01 96       	adiw	r24, 0x01	; 1
    3384:	0e 94 fd 4d 	call	0x9bfa	; 0x9bfa <eeprom_read_block>
    3388:	69 81       	ldd	r22, Y+1	; 0x01
    338a:	7a 81       	ldd	r23, Y+2	; 0x02
    338c:	8b 81       	ldd	r24, Y+3	; 0x03
    338e:	9c 81       	ldd	r25, Y+4	; 0x04
    3390:	0f 90       	pop	r0
    3392:	0f 90       	pop	r0
    3394:	0f 90       	pop	r0
    3396:	0f 90       	pop	r0
    3398:	df 91       	pop	r29
    339a:	cf 91       	pop	r28
    339c:	08 95       	ret

0000339e <EEPROM_LOAD_VOLTAGE_RANGE>:
    339e:	90 91 32 14 	lds	r25, 0x1432	; 0x801432 <EEMEM_Written>
    33a2:	95 3a       	cpi	r25, 0xA5	; 165
    33a4:	09 f0       	breq	.+2      	; 0x33a8 <EEPROM_LOAD_VOLTAGE_RANGE+0xa>
    33a6:	c5 c0       	rjmp	.+394    	; 0x3532 <EEPROM_LOAD_VOLTAGE_RANGE+0x194>
    33a8:	81 11       	cpse	r24, r1
    33aa:	24 c0       	rjmp	.+72     	; 0x33f4 <EEPROM_LOAD_VOLTAGE_RANGE+0x56>
    33ac:	80 e8       	ldi	r24, 0x80	; 128
    33ae:	91 e0       	ldi	r25, 0x01	; 1
    33b0:	de df       	rcall	.-68     	; 0x336e <EEPROM_READ_FLOAT>
    33b2:	60 93 64 15 	sts	0x1564, r22	; 0x801564 <AI_Volt_Offset>
    33b6:	70 93 65 15 	sts	0x1565, r23	; 0x801565 <AI_Volt_Offset+0x1>
    33ba:	80 93 66 15 	sts	0x1566, r24	; 0x801566 <AI_Volt_Offset+0x2>
    33be:	90 93 67 15 	sts	0x1567, r25	; 0x801567 <AI_Volt_Offset+0x3>
    33c2:	8c e7       	ldi	r24, 0x7C	; 124
    33c4:	91 e0       	ldi	r25, 0x01	; 1
    33c6:	d3 df       	rcall	.-90     	; 0x336e <EEPROM_READ_FLOAT>
    33c8:	60 93 13 15 	sts	0x1513, r22	; 0x801513 <AI_Volt_Scale>
    33cc:	70 93 14 15 	sts	0x1514, r23	; 0x801514 <AI_Volt_Scale+0x1>
    33d0:	80 93 15 15 	sts	0x1515, r24	; 0x801515 <AI_Volt_Scale+0x2>
    33d4:	90 93 16 15 	sts	0x1516, r25	; 0x801516 <AI_Volt_Scale+0x3>
    33d8:	84 e7       	ldi	r24, 0x74	; 116
    33da:	91 e0       	ldi	r25, 0x01	; 1
    33dc:	c8 df       	rcall	.-112    	; 0x336e <EEPROM_READ_FLOAT>
    33de:	60 93 08 15 	sts	0x1508, r22	; 0x801508 <AI_Volt_R_Leak>
    33e2:	70 93 09 15 	sts	0x1509, r23	; 0x801509 <AI_Volt_R_Leak+0x1>
    33e6:	80 93 0a 15 	sts	0x150A, r24	; 0x80150a <AI_Volt_R_Leak+0x2>
    33ea:	90 93 0b 15 	sts	0x150B, r25	; 0x80150b <AI_Volt_R_Leak+0x3>
    33ee:	88 e7       	ldi	r24, 0x78	; 120
    33f0:	91 e0       	ldi	r25, 0x01	; 1
    33f2:	25 c0       	rjmp	.+74     	; 0x343e <EEPROM_LOAD_VOLTAGE_RANGE+0xa0>
    33f4:	81 30       	cpi	r24, 0x01	; 1
    33f6:	69 f5       	brne	.+90     	; 0x3452 <EEPROM_LOAD_VOLTAGE_RANGE+0xb4>
    33f8:	80 e7       	ldi	r24, 0x70	; 112
    33fa:	91 e0       	ldi	r25, 0x01	; 1
    33fc:	b8 df       	rcall	.-144    	; 0x336e <EEPROM_READ_FLOAT>
    33fe:	60 93 64 15 	sts	0x1564, r22	; 0x801564 <AI_Volt_Offset>
    3402:	70 93 65 15 	sts	0x1565, r23	; 0x801565 <AI_Volt_Offset+0x1>
    3406:	80 93 66 15 	sts	0x1566, r24	; 0x801566 <AI_Volt_Offset+0x2>
    340a:	90 93 67 15 	sts	0x1567, r25	; 0x801567 <AI_Volt_Offset+0x3>
    340e:	8c e6       	ldi	r24, 0x6C	; 108
    3410:	91 e0       	ldi	r25, 0x01	; 1
    3412:	ad df       	rcall	.-166    	; 0x336e <EEPROM_READ_FLOAT>
    3414:	60 93 13 15 	sts	0x1513, r22	; 0x801513 <AI_Volt_Scale>
    3418:	70 93 14 15 	sts	0x1514, r23	; 0x801514 <AI_Volt_Scale+0x1>
    341c:	80 93 15 15 	sts	0x1515, r24	; 0x801515 <AI_Volt_Scale+0x2>
    3420:	90 93 16 15 	sts	0x1516, r25	; 0x801516 <AI_Volt_Scale+0x3>
    3424:	84 e6       	ldi	r24, 0x64	; 100
    3426:	91 e0       	ldi	r25, 0x01	; 1
    3428:	a2 df       	rcall	.-188    	; 0x336e <EEPROM_READ_FLOAT>
    342a:	60 93 08 15 	sts	0x1508, r22	; 0x801508 <AI_Volt_R_Leak>
    342e:	70 93 09 15 	sts	0x1509, r23	; 0x801509 <AI_Volt_R_Leak+0x1>
    3432:	80 93 0a 15 	sts	0x150A, r24	; 0x80150a <AI_Volt_R_Leak+0x2>
    3436:	90 93 0b 15 	sts	0x150B, r25	; 0x80150b <AI_Volt_R_Leak+0x3>
    343a:	88 e6       	ldi	r24, 0x68	; 104
    343c:	91 e0       	ldi	r25, 0x01	; 1
    343e:	97 df       	rcall	.-210    	; 0x336e <EEPROM_READ_FLOAT>
    3440:	60 93 60 15 	sts	0x1560, r22	; 0x801560 <AI_Volt_Range_Val>
    3444:	70 93 61 15 	sts	0x1561, r23	; 0x801561 <AI_Volt_Range_Val+0x1>
    3448:	80 93 62 15 	sts	0x1562, r24	; 0x801562 <AI_Volt_Range_Val+0x2>
    344c:	90 93 63 15 	sts	0x1563, r25	; 0x801563 <AI_Volt_Range_Val+0x3>
    3450:	94 c0       	rjmp	.+296    	; 0x357a <EEPROM_LOAD_VOLTAGE_RANGE+0x1dc>
    3452:	82 30       	cpi	r24, 0x02	; 2
    3454:	21 f5       	brne	.+72     	; 0x349e <EEPROM_LOAD_VOLTAGE_RANGE+0x100>
    3456:	80 e6       	ldi	r24, 0x60	; 96
    3458:	91 e0       	ldi	r25, 0x01	; 1
    345a:	89 df       	rcall	.-238    	; 0x336e <EEPROM_READ_FLOAT>
    345c:	60 93 64 15 	sts	0x1564, r22	; 0x801564 <AI_Volt_Offset>
    3460:	70 93 65 15 	sts	0x1565, r23	; 0x801565 <AI_Volt_Offset+0x1>
    3464:	80 93 66 15 	sts	0x1566, r24	; 0x801566 <AI_Volt_Offset+0x2>
    3468:	90 93 67 15 	sts	0x1567, r25	; 0x801567 <AI_Volt_Offset+0x3>
    346c:	8c e5       	ldi	r24, 0x5C	; 92
    346e:	91 e0       	ldi	r25, 0x01	; 1
    3470:	7e df       	rcall	.-260    	; 0x336e <EEPROM_READ_FLOAT>
    3472:	60 93 13 15 	sts	0x1513, r22	; 0x801513 <AI_Volt_Scale>
    3476:	70 93 14 15 	sts	0x1514, r23	; 0x801514 <AI_Volt_Scale+0x1>
    347a:	80 93 15 15 	sts	0x1515, r24	; 0x801515 <AI_Volt_Scale+0x2>
    347e:	90 93 16 15 	sts	0x1516, r25	; 0x801516 <AI_Volt_Scale+0x3>
    3482:	84 e5       	ldi	r24, 0x54	; 84
    3484:	91 e0       	ldi	r25, 0x01	; 1
    3486:	73 df       	rcall	.-282    	; 0x336e <EEPROM_READ_FLOAT>
    3488:	60 93 08 15 	sts	0x1508, r22	; 0x801508 <AI_Volt_R_Leak>
    348c:	70 93 09 15 	sts	0x1509, r23	; 0x801509 <AI_Volt_R_Leak+0x1>
    3490:	80 93 0a 15 	sts	0x150A, r24	; 0x80150a <AI_Volt_R_Leak+0x2>
    3494:	90 93 0b 15 	sts	0x150B, r25	; 0x80150b <AI_Volt_R_Leak+0x3>
    3498:	88 e5       	ldi	r24, 0x58	; 88
    349a:	91 e0       	ldi	r25, 0x01	; 1
    349c:	d0 cf       	rjmp	.-96     	; 0x343e <EEPROM_LOAD_VOLTAGE_RANGE+0xa0>
    349e:	83 30       	cpi	r24, 0x03	; 3
    34a0:	21 f5       	brne	.+72     	; 0x34ea <EEPROM_LOAD_VOLTAGE_RANGE+0x14c>
    34a2:	80 e5       	ldi	r24, 0x50	; 80
    34a4:	91 e0       	ldi	r25, 0x01	; 1
    34a6:	63 df       	rcall	.-314    	; 0x336e <EEPROM_READ_FLOAT>
    34a8:	60 93 64 15 	sts	0x1564, r22	; 0x801564 <AI_Volt_Offset>
    34ac:	70 93 65 15 	sts	0x1565, r23	; 0x801565 <AI_Volt_Offset+0x1>
    34b0:	80 93 66 15 	sts	0x1566, r24	; 0x801566 <AI_Volt_Offset+0x2>
    34b4:	90 93 67 15 	sts	0x1567, r25	; 0x801567 <AI_Volt_Offset+0x3>
    34b8:	8c e4       	ldi	r24, 0x4C	; 76
    34ba:	91 e0       	ldi	r25, 0x01	; 1
    34bc:	58 df       	rcall	.-336    	; 0x336e <EEPROM_READ_FLOAT>
    34be:	60 93 13 15 	sts	0x1513, r22	; 0x801513 <AI_Volt_Scale>
    34c2:	70 93 14 15 	sts	0x1514, r23	; 0x801514 <AI_Volt_Scale+0x1>
    34c6:	80 93 15 15 	sts	0x1515, r24	; 0x801515 <AI_Volt_Scale+0x2>
    34ca:	90 93 16 15 	sts	0x1516, r25	; 0x801516 <AI_Volt_Scale+0x3>
    34ce:	84 e4       	ldi	r24, 0x44	; 68
    34d0:	91 e0       	ldi	r25, 0x01	; 1
    34d2:	4d df       	rcall	.-358    	; 0x336e <EEPROM_READ_FLOAT>
    34d4:	60 93 08 15 	sts	0x1508, r22	; 0x801508 <AI_Volt_R_Leak>
    34d8:	70 93 09 15 	sts	0x1509, r23	; 0x801509 <AI_Volt_R_Leak+0x1>
    34dc:	80 93 0a 15 	sts	0x150A, r24	; 0x80150a <AI_Volt_R_Leak+0x2>
    34e0:	90 93 0b 15 	sts	0x150B, r25	; 0x80150b <AI_Volt_R_Leak+0x3>
    34e4:	88 e4       	ldi	r24, 0x48	; 72
    34e6:	91 e0       	ldi	r25, 0x01	; 1
    34e8:	aa cf       	rjmp	.-172    	; 0x343e <EEPROM_LOAD_VOLTAGE_RANGE+0xa0>
    34ea:	80 e4       	ldi	r24, 0x40	; 64
    34ec:	91 e0       	ldi	r25, 0x01	; 1
    34ee:	3f df       	rcall	.-386    	; 0x336e <EEPROM_READ_FLOAT>
    34f0:	60 93 64 15 	sts	0x1564, r22	; 0x801564 <AI_Volt_Offset>
    34f4:	70 93 65 15 	sts	0x1565, r23	; 0x801565 <AI_Volt_Offset+0x1>
    34f8:	80 93 66 15 	sts	0x1566, r24	; 0x801566 <AI_Volt_Offset+0x2>
    34fc:	90 93 67 15 	sts	0x1567, r25	; 0x801567 <AI_Volt_Offset+0x3>
    3500:	8c e3       	ldi	r24, 0x3C	; 60
    3502:	91 e0       	ldi	r25, 0x01	; 1
    3504:	34 df       	rcall	.-408    	; 0x336e <EEPROM_READ_FLOAT>
    3506:	60 93 13 15 	sts	0x1513, r22	; 0x801513 <AI_Volt_Scale>
    350a:	70 93 14 15 	sts	0x1514, r23	; 0x801514 <AI_Volt_Scale+0x1>
    350e:	80 93 15 15 	sts	0x1515, r24	; 0x801515 <AI_Volt_Scale+0x2>
    3512:	90 93 16 15 	sts	0x1516, r25	; 0x801516 <AI_Volt_Scale+0x3>
    3516:	84 e3       	ldi	r24, 0x34	; 52
    3518:	91 e0       	ldi	r25, 0x01	; 1
    351a:	29 df       	rcall	.-430    	; 0x336e <EEPROM_READ_FLOAT>
    351c:	60 93 08 15 	sts	0x1508, r22	; 0x801508 <AI_Volt_R_Leak>
    3520:	70 93 09 15 	sts	0x1509, r23	; 0x801509 <AI_Volt_R_Leak+0x1>
    3524:	80 93 0a 15 	sts	0x150A, r24	; 0x80150a <AI_Volt_R_Leak+0x2>
    3528:	90 93 0b 15 	sts	0x150B, r25	; 0x80150b <AI_Volt_R_Leak+0x3>
    352c:	88 e3       	ldi	r24, 0x38	; 56
    352e:	91 e0       	ldi	r25, 0x01	; 1
    3530:	86 cf       	rjmp	.-244    	; 0x343e <EEPROM_LOAD_VOLTAGE_RANGE+0xa0>
    3532:	10 92 64 15 	sts	0x1564, r1	; 0x801564 <AI_Volt_Offset>
    3536:	10 92 65 15 	sts	0x1565, r1	; 0x801565 <AI_Volt_Offset+0x1>
    353a:	10 92 66 15 	sts	0x1566, r1	; 0x801566 <AI_Volt_Offset+0x2>
    353e:	10 92 67 15 	sts	0x1567, r1	; 0x801567 <AI_Volt_Offset+0x3>
    3542:	80 e0       	ldi	r24, 0x00	; 0
    3544:	90 e0       	ldi	r25, 0x00	; 0
    3546:	a0 e8       	ldi	r26, 0x80	; 128
    3548:	bf e3       	ldi	r27, 0x3F	; 63
    354a:	80 93 13 15 	sts	0x1513, r24	; 0x801513 <AI_Volt_Scale>
    354e:	90 93 14 15 	sts	0x1514, r25	; 0x801514 <AI_Volt_Scale+0x1>
    3552:	a0 93 15 15 	sts	0x1515, r26	; 0x801515 <AI_Volt_Scale+0x2>
    3556:	b0 93 16 15 	sts	0x1516, r27	; 0x801516 <AI_Volt_Scale+0x3>
    355a:	10 92 08 15 	sts	0x1508, r1	; 0x801508 <AI_Volt_R_Leak>
    355e:	10 92 09 15 	sts	0x1509, r1	; 0x801509 <AI_Volt_R_Leak+0x1>
    3562:	10 92 0a 15 	sts	0x150A, r1	; 0x80150a <AI_Volt_R_Leak+0x2>
    3566:	10 92 0b 15 	sts	0x150B, r1	; 0x80150b <AI_Volt_R_Leak+0x3>
    356a:	10 92 60 15 	sts	0x1560, r1	; 0x801560 <AI_Volt_Range_Val>
    356e:	10 92 61 15 	sts	0x1561, r1	; 0x801561 <AI_Volt_Range_Val+0x1>
    3572:	10 92 62 15 	sts	0x1562, r1	; 0x801562 <AI_Volt_Range_Val+0x2>
    3576:	10 92 63 15 	sts	0x1563, r1	; 0x801563 <AI_Volt_Range_Val+0x3>
    357a:	80 91 2b 14 	lds	r24, 0x142B	; 0x80142b <SysControl>
    357e:	87 ff       	sbrs	r24, 7
    3580:	18 c0       	rjmp	.+48     	; 0x35b2 <EEPROM_LOAD_VOLTAGE_RANGE+0x214>
    3582:	80 91 ec 14 	lds	r24, 0x14EC	; 0x8014ec <Range_Status_A>
    3586:	82 ff       	sbrs	r24, 2
    3588:	14 c0       	rjmp	.+40     	; 0x35b2 <EEPROM_LOAD_VOLTAGE_RANGE+0x214>
    358a:	10 92 64 15 	sts	0x1564, r1	; 0x801564 <AI_Volt_Offset>
    358e:	10 92 65 15 	sts	0x1565, r1	; 0x801565 <AI_Volt_Offset+0x1>
    3592:	10 92 66 15 	sts	0x1566, r1	; 0x801566 <AI_Volt_Offset+0x2>
    3596:	10 92 67 15 	sts	0x1567, r1	; 0x801567 <AI_Volt_Offset+0x3>
    359a:	80 e0       	ldi	r24, 0x00	; 0
    359c:	90 e0       	ldi	r25, 0x00	; 0
    359e:	a0 e8       	ldi	r26, 0x80	; 128
    35a0:	bf e3       	ldi	r27, 0x3F	; 63
    35a2:	80 93 13 15 	sts	0x1513, r24	; 0x801513 <AI_Volt_Scale>
    35a6:	90 93 14 15 	sts	0x1514, r25	; 0x801514 <AI_Volt_Scale+0x1>
    35aa:	a0 93 15 15 	sts	0x1515, r26	; 0x801515 <AI_Volt_Scale+0x2>
    35ae:	b0 93 16 15 	sts	0x1516, r27	; 0x801516 <AI_Volt_Scale+0x3>
    35b2:	08 95       	ret

000035b4 <EEPROM_LOAD_CURRENT_RANGE>:
    35b4:	90 91 32 14 	lds	r25, 0x1432	; 0x801432 <EEMEM_Written>
    35b8:	95 3a       	cpi	r25, 0xA5	; 165
    35ba:	09 f0       	breq	.+2      	; 0x35be <EEPROM_LOAD_CURRENT_RANGE+0xa>
    35bc:	a9 c0       	rjmp	.+338    	; 0x3710 <EEPROM_LOAD_CURRENT_RANGE+0x15c>
    35be:	81 11       	cpse	r24, r1
    35c0:	19 c0       	rjmp	.+50     	; 0x35f4 <EEPROM_LOAD_CURRENT_RANGE+0x40>
    35c2:	80 e3       	ldi	r24, 0x30	; 48
    35c4:	91 e0       	ldi	r25, 0x01	; 1
    35c6:	d3 de       	rcall	.-602    	; 0x336e <EEPROM_READ_FLOAT>
    35c8:	60 93 e0 14 	sts	0x14E0, r22	; 0x8014e0 <AI_Curr_Offset>
    35cc:	70 93 e1 14 	sts	0x14E1, r23	; 0x8014e1 <AI_Curr_Offset+0x1>
    35d0:	80 93 e2 14 	sts	0x14E2, r24	; 0x8014e2 <AI_Curr_Offset+0x2>
    35d4:	90 93 e3 14 	sts	0x14E3, r25	; 0x8014e3 <AI_Curr_Offset+0x3>
    35d8:	8c e2       	ldi	r24, 0x2C	; 44
    35da:	91 e0       	ldi	r25, 0x01	; 1
    35dc:	c8 de       	rcall	.-624    	; 0x336e <EEPROM_READ_FLOAT>
    35de:	60 93 dc 14 	sts	0x14DC, r22	; 0x8014dc <AI_Curr_Scale>
    35e2:	70 93 dd 14 	sts	0x14DD, r23	; 0x8014dd <AI_Curr_Scale+0x1>
    35e6:	80 93 de 14 	sts	0x14DE, r24	; 0x8014de <AI_Curr_Scale+0x2>
    35ea:	90 93 df 14 	sts	0x14DF, r25	; 0x8014df <AI_Curr_Scale+0x3>
    35ee:	88 e2       	ldi	r24, 0x28	; 40
    35f0:	91 e0       	ldi	r25, 0x01	; 1
    35f2:	1a c0       	rjmp	.+52     	; 0x3628 <EEPROM_LOAD_CURRENT_RANGE+0x74>
    35f4:	81 30       	cpi	r24, 0x01	; 1
    35f6:	11 f5       	brne	.+68     	; 0x363c <EEPROM_LOAD_CURRENT_RANGE+0x88>
    35f8:	84 e2       	ldi	r24, 0x24	; 36
    35fa:	91 e0       	ldi	r25, 0x01	; 1
    35fc:	b8 de       	rcall	.-656    	; 0x336e <EEPROM_READ_FLOAT>
    35fe:	60 93 e0 14 	sts	0x14E0, r22	; 0x8014e0 <AI_Curr_Offset>
    3602:	70 93 e1 14 	sts	0x14E1, r23	; 0x8014e1 <AI_Curr_Offset+0x1>
    3606:	80 93 e2 14 	sts	0x14E2, r24	; 0x8014e2 <AI_Curr_Offset+0x2>
    360a:	90 93 e3 14 	sts	0x14E3, r25	; 0x8014e3 <AI_Curr_Offset+0x3>
    360e:	80 e2       	ldi	r24, 0x20	; 32
    3610:	91 e0       	ldi	r25, 0x01	; 1
    3612:	ad de       	rcall	.-678    	; 0x336e <EEPROM_READ_FLOAT>
    3614:	60 93 dc 14 	sts	0x14DC, r22	; 0x8014dc <AI_Curr_Scale>
    3618:	70 93 dd 14 	sts	0x14DD, r23	; 0x8014dd <AI_Curr_Scale+0x1>
    361c:	80 93 de 14 	sts	0x14DE, r24	; 0x8014de <AI_Curr_Scale+0x2>
    3620:	90 93 df 14 	sts	0x14DF, r25	; 0x8014df <AI_Curr_Scale+0x3>
    3624:	8c e1       	ldi	r24, 0x1C	; 28
    3626:	91 e0       	ldi	r25, 0x01	; 1
    3628:	a2 de       	rcall	.-700    	; 0x336e <EEPROM_READ_FLOAT>
    362a:	60 93 d8 14 	sts	0x14D8, r22	; 0x8014d8 <AI_Curr_Range_Val>
    362e:	70 93 d9 14 	sts	0x14D9, r23	; 0x8014d9 <AI_Curr_Range_Val+0x1>
    3632:	80 93 da 14 	sts	0x14DA, r24	; 0x8014da <AI_Curr_Range_Val+0x2>
    3636:	90 93 db 14 	sts	0x14DB, r25	; 0x8014db <AI_Curr_Range_Val+0x3>
    363a:	86 c0       	rjmp	.+268    	; 0x3748 <EEPROM_LOAD_CURRENT_RANGE+0x194>
    363c:	82 30       	cpi	r24, 0x02	; 2
    363e:	c9 f4       	brne	.+50     	; 0x3672 <EEPROM_LOAD_CURRENT_RANGE+0xbe>
    3640:	88 e1       	ldi	r24, 0x18	; 24
    3642:	91 e0       	ldi	r25, 0x01	; 1
    3644:	94 de       	rcall	.-728    	; 0x336e <EEPROM_READ_FLOAT>
    3646:	60 93 e0 14 	sts	0x14E0, r22	; 0x8014e0 <AI_Curr_Offset>
    364a:	70 93 e1 14 	sts	0x14E1, r23	; 0x8014e1 <AI_Curr_Offset+0x1>
    364e:	80 93 e2 14 	sts	0x14E2, r24	; 0x8014e2 <AI_Curr_Offset+0x2>
    3652:	90 93 e3 14 	sts	0x14E3, r25	; 0x8014e3 <AI_Curr_Offset+0x3>
    3656:	84 e1       	ldi	r24, 0x14	; 20
    3658:	91 e0       	ldi	r25, 0x01	; 1
    365a:	89 de       	rcall	.-750    	; 0x336e <EEPROM_READ_FLOAT>
    365c:	60 93 dc 14 	sts	0x14DC, r22	; 0x8014dc <AI_Curr_Scale>
    3660:	70 93 dd 14 	sts	0x14DD, r23	; 0x8014dd <AI_Curr_Scale+0x1>
    3664:	80 93 de 14 	sts	0x14DE, r24	; 0x8014de <AI_Curr_Scale+0x2>
    3668:	90 93 df 14 	sts	0x14DF, r25	; 0x8014df <AI_Curr_Scale+0x3>
    366c:	80 e1       	ldi	r24, 0x10	; 16
    366e:	91 e0       	ldi	r25, 0x01	; 1
    3670:	db cf       	rjmp	.-74     	; 0x3628 <EEPROM_LOAD_CURRENT_RANGE+0x74>
    3672:	83 30       	cpi	r24, 0x03	; 3
    3674:	c9 f4       	brne	.+50     	; 0x36a8 <EEPROM_LOAD_CURRENT_RANGE+0xf4>
    3676:	8c e0       	ldi	r24, 0x0C	; 12
    3678:	91 e0       	ldi	r25, 0x01	; 1
    367a:	79 de       	rcall	.-782    	; 0x336e <EEPROM_READ_FLOAT>
    367c:	60 93 e0 14 	sts	0x14E0, r22	; 0x8014e0 <AI_Curr_Offset>
    3680:	70 93 e1 14 	sts	0x14E1, r23	; 0x8014e1 <AI_Curr_Offset+0x1>
    3684:	80 93 e2 14 	sts	0x14E2, r24	; 0x8014e2 <AI_Curr_Offset+0x2>
    3688:	90 93 e3 14 	sts	0x14E3, r25	; 0x8014e3 <AI_Curr_Offset+0x3>
    368c:	88 e0       	ldi	r24, 0x08	; 8
    368e:	91 e0       	ldi	r25, 0x01	; 1
    3690:	6e de       	rcall	.-804    	; 0x336e <EEPROM_READ_FLOAT>
    3692:	60 93 dc 14 	sts	0x14DC, r22	; 0x8014dc <AI_Curr_Scale>
    3696:	70 93 dd 14 	sts	0x14DD, r23	; 0x8014dd <AI_Curr_Scale+0x1>
    369a:	80 93 de 14 	sts	0x14DE, r24	; 0x8014de <AI_Curr_Scale+0x2>
    369e:	90 93 df 14 	sts	0x14DF, r25	; 0x8014df <AI_Curr_Scale+0x3>
    36a2:	84 e0       	ldi	r24, 0x04	; 4
    36a4:	91 e0       	ldi	r25, 0x01	; 1
    36a6:	c0 cf       	rjmp	.-128    	; 0x3628 <EEPROM_LOAD_CURRENT_RANGE+0x74>
    36a8:	84 30       	cpi	r24, 0x04	; 4
    36aa:	c9 f4       	brne	.+50     	; 0x36de <EEPROM_LOAD_CURRENT_RANGE+0x12a>
    36ac:	80 e0       	ldi	r24, 0x00	; 0
    36ae:	91 e0       	ldi	r25, 0x01	; 1
    36b0:	5e de       	rcall	.-836    	; 0x336e <EEPROM_READ_FLOAT>
    36b2:	60 93 e0 14 	sts	0x14E0, r22	; 0x8014e0 <AI_Curr_Offset>
    36b6:	70 93 e1 14 	sts	0x14E1, r23	; 0x8014e1 <AI_Curr_Offset+0x1>
    36ba:	80 93 e2 14 	sts	0x14E2, r24	; 0x8014e2 <AI_Curr_Offset+0x2>
    36be:	90 93 e3 14 	sts	0x14E3, r25	; 0x8014e3 <AI_Curr_Offset+0x3>
    36c2:	8c ef       	ldi	r24, 0xFC	; 252
    36c4:	90 e0       	ldi	r25, 0x00	; 0
    36c6:	53 de       	rcall	.-858    	; 0x336e <EEPROM_READ_FLOAT>
    36c8:	60 93 dc 14 	sts	0x14DC, r22	; 0x8014dc <AI_Curr_Scale>
    36cc:	70 93 dd 14 	sts	0x14DD, r23	; 0x8014dd <AI_Curr_Scale+0x1>
    36d0:	80 93 de 14 	sts	0x14DE, r24	; 0x8014de <AI_Curr_Scale+0x2>
    36d4:	90 93 df 14 	sts	0x14DF, r25	; 0x8014df <AI_Curr_Scale+0x3>
    36d8:	88 ef       	ldi	r24, 0xF8	; 248
    36da:	90 e0       	ldi	r25, 0x00	; 0
    36dc:	a5 cf       	rjmp	.-182    	; 0x3628 <EEPROM_LOAD_CURRENT_RANGE+0x74>
    36de:	84 ef       	ldi	r24, 0xF4	; 244
    36e0:	90 e0       	ldi	r25, 0x00	; 0
    36e2:	45 de       	rcall	.-886    	; 0x336e <EEPROM_READ_FLOAT>
    36e4:	60 93 e0 14 	sts	0x14E0, r22	; 0x8014e0 <AI_Curr_Offset>
    36e8:	70 93 e1 14 	sts	0x14E1, r23	; 0x8014e1 <AI_Curr_Offset+0x1>
    36ec:	80 93 e2 14 	sts	0x14E2, r24	; 0x8014e2 <AI_Curr_Offset+0x2>
    36f0:	90 93 e3 14 	sts	0x14E3, r25	; 0x8014e3 <AI_Curr_Offset+0x3>
    36f4:	80 ef       	ldi	r24, 0xF0	; 240
    36f6:	90 e0       	ldi	r25, 0x00	; 0
    36f8:	3a de       	rcall	.-908    	; 0x336e <EEPROM_READ_FLOAT>
    36fa:	60 93 dc 14 	sts	0x14DC, r22	; 0x8014dc <AI_Curr_Scale>
    36fe:	70 93 dd 14 	sts	0x14DD, r23	; 0x8014dd <AI_Curr_Scale+0x1>
    3702:	80 93 de 14 	sts	0x14DE, r24	; 0x8014de <AI_Curr_Scale+0x2>
    3706:	90 93 df 14 	sts	0x14DF, r25	; 0x8014df <AI_Curr_Scale+0x3>
    370a:	8c ee       	ldi	r24, 0xEC	; 236
    370c:	90 e0       	ldi	r25, 0x00	; 0
    370e:	8c cf       	rjmp	.-232    	; 0x3628 <EEPROM_LOAD_CURRENT_RANGE+0x74>
    3710:	10 92 e0 14 	sts	0x14E0, r1	; 0x8014e0 <AI_Curr_Offset>
    3714:	10 92 e1 14 	sts	0x14E1, r1	; 0x8014e1 <AI_Curr_Offset+0x1>
    3718:	10 92 e2 14 	sts	0x14E2, r1	; 0x8014e2 <AI_Curr_Offset+0x2>
    371c:	10 92 e3 14 	sts	0x14E3, r1	; 0x8014e3 <AI_Curr_Offset+0x3>
    3720:	80 e0       	ldi	r24, 0x00	; 0
    3722:	90 e0       	ldi	r25, 0x00	; 0
    3724:	a0 e8       	ldi	r26, 0x80	; 128
    3726:	bf e3       	ldi	r27, 0x3F	; 63
    3728:	80 93 dc 14 	sts	0x14DC, r24	; 0x8014dc <AI_Curr_Scale>
    372c:	90 93 dd 14 	sts	0x14DD, r25	; 0x8014dd <AI_Curr_Scale+0x1>
    3730:	a0 93 de 14 	sts	0x14DE, r26	; 0x8014de <AI_Curr_Scale+0x2>
    3734:	b0 93 df 14 	sts	0x14DF, r27	; 0x8014df <AI_Curr_Scale+0x3>
    3738:	10 92 d8 14 	sts	0x14D8, r1	; 0x8014d8 <AI_Curr_Range_Val>
    373c:	10 92 d9 14 	sts	0x14D9, r1	; 0x8014d9 <AI_Curr_Range_Val+0x1>
    3740:	10 92 da 14 	sts	0x14DA, r1	; 0x8014da <AI_Curr_Range_Val+0x2>
    3744:	10 92 db 14 	sts	0x14DB, r1	; 0x8014db <AI_Curr_Range_Val+0x3>
    3748:	80 91 2b 14 	lds	r24, 0x142B	; 0x80142b <SysControl>
    374c:	87 ff       	sbrs	r24, 7
    374e:	18 c0       	rjmp	.+48     	; 0x3780 <EEPROM_LOAD_CURRENT_RANGE+0x1cc>
    3750:	80 91 ec 14 	lds	r24, 0x14EC	; 0x8014ec <Range_Status_A>
    3754:	83 ff       	sbrs	r24, 3
    3756:	14 c0       	rjmp	.+40     	; 0x3780 <EEPROM_LOAD_CURRENT_RANGE+0x1cc>
    3758:	10 92 e0 14 	sts	0x14E0, r1	; 0x8014e0 <AI_Curr_Offset>
    375c:	10 92 e1 14 	sts	0x14E1, r1	; 0x8014e1 <AI_Curr_Offset+0x1>
    3760:	10 92 e2 14 	sts	0x14E2, r1	; 0x8014e2 <AI_Curr_Offset+0x2>
    3764:	10 92 e3 14 	sts	0x14E3, r1	; 0x8014e3 <AI_Curr_Offset+0x3>
    3768:	80 e0       	ldi	r24, 0x00	; 0
    376a:	90 e0       	ldi	r25, 0x00	; 0
    376c:	a0 e8       	ldi	r26, 0x80	; 128
    376e:	bf e3       	ldi	r27, 0x3F	; 63
    3770:	80 93 dc 14 	sts	0x14DC, r24	; 0x8014dc <AI_Curr_Scale>
    3774:	90 93 dd 14 	sts	0x14DD, r25	; 0x8014dd <AI_Curr_Scale+0x1>
    3778:	a0 93 de 14 	sts	0x14DE, r26	; 0x8014de <AI_Curr_Scale+0x2>
    377c:	b0 93 df 14 	sts	0x14DF, r27	; 0x8014df <AI_Curr_Scale+0x3>
    3780:	08 95       	ret

00003782 <EEPROM_Range_Cal_Get_Scale>:
    3782:	80 91 26 14 	lds	r24, 0x1426	; 0x801426 <SysStatus_A>
    3786:	81 ff       	sbrs	r24, 1
    3788:	55 c0       	rjmp	.+170    	; 0x3834 <EEPROM_Range_Cal_Get_Scale+0xb2>
    378a:	80 91 ec 14 	lds	r24, 0x14EC	; 0x8014ec <Range_Status_A>
    378e:	82 ff       	sbrs	r24, 2
    3790:	23 c0       	rjmp	.+70     	; 0x37d8 <EEPROM_Range_Cal_Get_Scale+0x56>
    3792:	80 91 e5 14 	lds	r24, 0x14E5	; 0x8014e5 <Range_Volt_ID_Act>
    3796:	81 11       	cpse	r24, r1
    3798:	03 c0       	rjmp	.+6      	; 0x37a0 <EEPROM_Range_Cal_Get_Scale+0x1e>
    379a:	8c e7       	ldi	r24, 0x7C	; 124
    379c:	91 e0       	ldi	r25, 0x01	; 1
    379e:	49 c0       	rjmp	.+146    	; 0x3832 <EEPROM_Range_Cal_Get_Scale+0xb0>
    37a0:	80 91 e5 14 	lds	r24, 0x14E5	; 0x8014e5 <Range_Volt_ID_Act>
    37a4:	81 30       	cpi	r24, 0x01	; 1
    37a6:	19 f4       	brne	.+6      	; 0x37ae <EEPROM_Range_Cal_Get_Scale+0x2c>
    37a8:	8c e6       	ldi	r24, 0x6C	; 108
    37aa:	91 e0       	ldi	r25, 0x01	; 1
    37ac:	42 c0       	rjmp	.+132    	; 0x3832 <EEPROM_Range_Cal_Get_Scale+0xb0>
    37ae:	80 91 e5 14 	lds	r24, 0x14E5	; 0x8014e5 <Range_Volt_ID_Act>
    37b2:	82 30       	cpi	r24, 0x02	; 2
    37b4:	19 f4       	brne	.+6      	; 0x37bc <EEPROM_Range_Cal_Get_Scale+0x3a>
    37b6:	8c e5       	ldi	r24, 0x5C	; 92
    37b8:	91 e0       	ldi	r25, 0x01	; 1
    37ba:	3b c0       	rjmp	.+118    	; 0x3832 <EEPROM_Range_Cal_Get_Scale+0xb0>
    37bc:	80 91 e5 14 	lds	r24, 0x14E5	; 0x8014e5 <Range_Volt_ID_Act>
    37c0:	83 30       	cpi	r24, 0x03	; 3
    37c2:	19 f4       	brne	.+6      	; 0x37ca <EEPROM_Range_Cal_Get_Scale+0x48>
    37c4:	8c e4       	ldi	r24, 0x4C	; 76
    37c6:	91 e0       	ldi	r25, 0x01	; 1
    37c8:	34 c0       	rjmp	.+104    	; 0x3832 <EEPROM_Range_Cal_Get_Scale+0xb0>
    37ca:	80 91 e5 14 	lds	r24, 0x14E5	; 0x8014e5 <Range_Volt_ID_Act>
    37ce:	84 30       	cpi	r24, 0x04	; 4
    37d0:	89 f5       	brne	.+98     	; 0x3834 <EEPROM_Range_Cal_Get_Scale+0xb2>
    37d2:	8c e3       	ldi	r24, 0x3C	; 60
    37d4:	91 e0       	ldi	r25, 0x01	; 1
    37d6:	2d c0       	rjmp	.+90     	; 0x3832 <EEPROM_Range_Cal_Get_Scale+0xb0>
    37d8:	80 91 ec 14 	lds	r24, 0x14EC	; 0x8014ec <Range_Status_A>
    37dc:	83 ff       	sbrs	r24, 3
    37de:	2a c0       	rjmp	.+84     	; 0x3834 <EEPROM_Range_Cal_Get_Scale+0xb2>
    37e0:	80 91 5c 15 	lds	r24, 0x155C	; 0x80155c <Range_Curr_ID_Act>
    37e4:	81 11       	cpse	r24, r1
    37e6:	03 c0       	rjmp	.+6      	; 0x37ee <EEPROM_Range_Cal_Get_Scale+0x6c>
    37e8:	8c e2       	ldi	r24, 0x2C	; 44
    37ea:	91 e0       	ldi	r25, 0x01	; 1
    37ec:	22 c0       	rjmp	.+68     	; 0x3832 <EEPROM_Range_Cal_Get_Scale+0xb0>
    37ee:	80 91 5c 15 	lds	r24, 0x155C	; 0x80155c <Range_Curr_ID_Act>
    37f2:	81 30       	cpi	r24, 0x01	; 1
    37f4:	19 f4       	brne	.+6      	; 0x37fc <EEPROM_Range_Cal_Get_Scale+0x7a>
    37f6:	80 e2       	ldi	r24, 0x20	; 32
    37f8:	91 e0       	ldi	r25, 0x01	; 1
    37fa:	1b c0       	rjmp	.+54     	; 0x3832 <EEPROM_Range_Cal_Get_Scale+0xb0>
    37fc:	80 91 5c 15 	lds	r24, 0x155C	; 0x80155c <Range_Curr_ID_Act>
    3800:	82 30       	cpi	r24, 0x02	; 2
    3802:	19 f4       	brne	.+6      	; 0x380a <EEPROM_Range_Cal_Get_Scale+0x88>
    3804:	84 e1       	ldi	r24, 0x14	; 20
    3806:	91 e0       	ldi	r25, 0x01	; 1
    3808:	14 c0       	rjmp	.+40     	; 0x3832 <EEPROM_Range_Cal_Get_Scale+0xb0>
    380a:	80 91 5c 15 	lds	r24, 0x155C	; 0x80155c <Range_Curr_ID_Act>
    380e:	83 30       	cpi	r24, 0x03	; 3
    3810:	19 f4       	brne	.+6      	; 0x3818 <EEPROM_Range_Cal_Get_Scale+0x96>
    3812:	88 e0       	ldi	r24, 0x08	; 8
    3814:	91 e0       	ldi	r25, 0x01	; 1
    3816:	0d c0       	rjmp	.+26     	; 0x3832 <EEPROM_Range_Cal_Get_Scale+0xb0>
    3818:	80 91 5c 15 	lds	r24, 0x155C	; 0x80155c <Range_Curr_ID_Act>
    381c:	84 30       	cpi	r24, 0x04	; 4
    381e:	19 f4       	brne	.+6      	; 0x3826 <EEPROM_Range_Cal_Get_Scale+0xa4>
    3820:	8c ef       	ldi	r24, 0xFC	; 252
    3822:	90 e0       	ldi	r25, 0x00	; 0
    3824:	06 c0       	rjmp	.+12     	; 0x3832 <EEPROM_Range_Cal_Get_Scale+0xb0>
    3826:	80 91 5c 15 	lds	r24, 0x155C	; 0x80155c <Range_Curr_ID_Act>
    382a:	85 30       	cpi	r24, 0x05	; 5
    382c:	19 f4       	brne	.+6      	; 0x3834 <EEPROM_Range_Cal_Get_Scale+0xb2>
    382e:	80 ef       	ldi	r24, 0xF0	; 240
    3830:	90 e0       	ldi	r25, 0x00	; 0
    3832:	9d cd       	rjmp	.-1222   	; 0x336e <EEPROM_READ_FLOAT>
    3834:	60 e0       	ldi	r22, 0x00	; 0
    3836:	70 e0       	ldi	r23, 0x00	; 0
    3838:	80 e8       	ldi	r24, 0x80	; 128
    383a:	9f eb       	ldi	r25, 0xBF	; 191
    383c:	08 95       	ret

0000383e <EEPROM_Range_Cal_Get_Offset>:
    383e:	80 91 26 14 	lds	r24, 0x1426	; 0x801426 <SysStatus_A>
    3842:	81 ff       	sbrs	r24, 1
    3844:	55 c0       	rjmp	.+170    	; 0x38f0 <EEPROM_Range_Cal_Get_Offset+0xb2>
    3846:	80 91 ec 14 	lds	r24, 0x14EC	; 0x8014ec <Range_Status_A>
    384a:	82 ff       	sbrs	r24, 2
    384c:	23 c0       	rjmp	.+70     	; 0x3894 <EEPROM_Range_Cal_Get_Offset+0x56>
    384e:	80 91 e5 14 	lds	r24, 0x14E5	; 0x8014e5 <Range_Volt_ID_Act>
    3852:	81 11       	cpse	r24, r1
    3854:	03 c0       	rjmp	.+6      	; 0x385c <EEPROM_Range_Cal_Get_Offset+0x1e>
    3856:	80 e8       	ldi	r24, 0x80	; 128
    3858:	91 e0       	ldi	r25, 0x01	; 1
    385a:	49 c0       	rjmp	.+146    	; 0x38ee <EEPROM_Range_Cal_Get_Offset+0xb0>
    385c:	80 91 e5 14 	lds	r24, 0x14E5	; 0x8014e5 <Range_Volt_ID_Act>
    3860:	81 30       	cpi	r24, 0x01	; 1
    3862:	19 f4       	brne	.+6      	; 0x386a <EEPROM_Range_Cal_Get_Offset+0x2c>
    3864:	80 e7       	ldi	r24, 0x70	; 112
    3866:	91 e0       	ldi	r25, 0x01	; 1
    3868:	42 c0       	rjmp	.+132    	; 0x38ee <EEPROM_Range_Cal_Get_Offset+0xb0>
    386a:	80 91 e5 14 	lds	r24, 0x14E5	; 0x8014e5 <Range_Volt_ID_Act>
    386e:	82 30       	cpi	r24, 0x02	; 2
    3870:	19 f4       	brne	.+6      	; 0x3878 <EEPROM_Range_Cal_Get_Offset+0x3a>
    3872:	80 e6       	ldi	r24, 0x60	; 96
    3874:	91 e0       	ldi	r25, 0x01	; 1
    3876:	3b c0       	rjmp	.+118    	; 0x38ee <EEPROM_Range_Cal_Get_Offset+0xb0>
    3878:	80 91 e5 14 	lds	r24, 0x14E5	; 0x8014e5 <Range_Volt_ID_Act>
    387c:	83 30       	cpi	r24, 0x03	; 3
    387e:	19 f4       	brne	.+6      	; 0x3886 <EEPROM_Range_Cal_Get_Offset+0x48>
    3880:	80 e5       	ldi	r24, 0x50	; 80
    3882:	91 e0       	ldi	r25, 0x01	; 1
    3884:	34 c0       	rjmp	.+104    	; 0x38ee <EEPROM_Range_Cal_Get_Offset+0xb0>
    3886:	80 91 e5 14 	lds	r24, 0x14E5	; 0x8014e5 <Range_Volt_ID_Act>
    388a:	84 30       	cpi	r24, 0x04	; 4
    388c:	89 f5       	brne	.+98     	; 0x38f0 <EEPROM_Range_Cal_Get_Offset+0xb2>
    388e:	80 e4       	ldi	r24, 0x40	; 64
    3890:	91 e0       	ldi	r25, 0x01	; 1
    3892:	2d c0       	rjmp	.+90     	; 0x38ee <EEPROM_Range_Cal_Get_Offset+0xb0>
    3894:	80 91 ec 14 	lds	r24, 0x14EC	; 0x8014ec <Range_Status_A>
    3898:	83 ff       	sbrs	r24, 3
    389a:	2a c0       	rjmp	.+84     	; 0x38f0 <EEPROM_Range_Cal_Get_Offset+0xb2>
    389c:	80 91 5c 15 	lds	r24, 0x155C	; 0x80155c <Range_Curr_ID_Act>
    38a0:	81 11       	cpse	r24, r1
    38a2:	03 c0       	rjmp	.+6      	; 0x38aa <EEPROM_Range_Cal_Get_Offset+0x6c>
    38a4:	80 e3       	ldi	r24, 0x30	; 48
    38a6:	91 e0       	ldi	r25, 0x01	; 1
    38a8:	22 c0       	rjmp	.+68     	; 0x38ee <EEPROM_Range_Cal_Get_Offset+0xb0>
    38aa:	80 91 5c 15 	lds	r24, 0x155C	; 0x80155c <Range_Curr_ID_Act>
    38ae:	81 30       	cpi	r24, 0x01	; 1
    38b0:	19 f4       	brne	.+6      	; 0x38b8 <EEPROM_Range_Cal_Get_Offset+0x7a>
    38b2:	84 e2       	ldi	r24, 0x24	; 36
    38b4:	91 e0       	ldi	r25, 0x01	; 1
    38b6:	1b c0       	rjmp	.+54     	; 0x38ee <EEPROM_Range_Cal_Get_Offset+0xb0>
    38b8:	80 91 5c 15 	lds	r24, 0x155C	; 0x80155c <Range_Curr_ID_Act>
    38bc:	82 30       	cpi	r24, 0x02	; 2
    38be:	19 f4       	brne	.+6      	; 0x38c6 <EEPROM_Range_Cal_Get_Offset+0x88>
    38c0:	88 e1       	ldi	r24, 0x18	; 24
    38c2:	91 e0       	ldi	r25, 0x01	; 1
    38c4:	14 c0       	rjmp	.+40     	; 0x38ee <EEPROM_Range_Cal_Get_Offset+0xb0>
    38c6:	80 91 5c 15 	lds	r24, 0x155C	; 0x80155c <Range_Curr_ID_Act>
    38ca:	83 30       	cpi	r24, 0x03	; 3
    38cc:	19 f4       	brne	.+6      	; 0x38d4 <EEPROM_Range_Cal_Get_Offset+0x96>
    38ce:	8c e0       	ldi	r24, 0x0C	; 12
    38d0:	91 e0       	ldi	r25, 0x01	; 1
    38d2:	0d c0       	rjmp	.+26     	; 0x38ee <EEPROM_Range_Cal_Get_Offset+0xb0>
    38d4:	80 91 5c 15 	lds	r24, 0x155C	; 0x80155c <Range_Curr_ID_Act>
    38d8:	84 30       	cpi	r24, 0x04	; 4
    38da:	19 f4       	brne	.+6      	; 0x38e2 <EEPROM_Range_Cal_Get_Offset+0xa4>
    38dc:	80 e0       	ldi	r24, 0x00	; 0
    38de:	91 e0       	ldi	r25, 0x01	; 1
    38e0:	06 c0       	rjmp	.+12     	; 0x38ee <EEPROM_Range_Cal_Get_Offset+0xb0>
    38e2:	80 91 5c 15 	lds	r24, 0x155C	; 0x80155c <Range_Curr_ID_Act>
    38e6:	85 30       	cpi	r24, 0x05	; 5
    38e8:	19 f4       	brne	.+6      	; 0x38f0 <EEPROM_Range_Cal_Get_Offset+0xb2>
    38ea:	84 ef       	ldi	r24, 0xF4	; 244
    38ec:	90 e0       	ldi	r25, 0x00	; 0
    38ee:	3f cd       	rjmp	.-1410   	; 0x336e <EEPROM_READ_FLOAT>
    38f0:	60 e0       	ldi	r22, 0x00	; 0
    38f2:	70 e0       	ldi	r23, 0x00	; 0
    38f4:	80 e8       	ldi	r24, 0x80	; 128
    38f6:	9f eb       	ldi	r25, 0xBF	; 191
    38f8:	08 95       	ret

000038fa <EEPROM_READ_UINT16>:
    38fa:	cf 93       	push	r28
    38fc:	df 93       	push	r29
    38fe:	00 d0       	rcall	.+0      	; 0x3900 <EEPROM_READ_UINT16+0x6>
    3900:	cd b7       	in	r28, 0x3d	; 61
    3902:	de b7       	in	r29, 0x3e	; 62
    3904:	42 e0       	ldi	r20, 0x02	; 2
    3906:	50 e0       	ldi	r21, 0x00	; 0
    3908:	bc 01       	movw	r22, r24
    390a:	ce 01       	movw	r24, r28
    390c:	01 96       	adiw	r24, 0x01	; 1
    390e:	0e 94 fd 4d 	call	0x9bfa	; 0x9bfa <eeprom_read_block>
    3912:	89 81       	ldd	r24, Y+1	; 0x01
    3914:	9a 81       	ldd	r25, Y+2	; 0x02
    3916:	0f 90       	pop	r0
    3918:	0f 90       	pop	r0
    391a:	df 91       	pop	r29
    391c:	cf 91       	pop	r28
    391e:	08 95       	ret

00003920 <EEROM_LOAD_TIMER_1_CM>:
    3920:	80 91 32 14 	lds	r24, 0x1432	; 0x801432 <EEMEM_Written>
    3924:	85 3a       	cpi	r24, 0xA5	; 165
    3926:	19 f4       	brne	.+6      	; 0x392e <EEROM_LOAD_TIMER_1_CM+0xe>
    3928:	8b e5       	ldi	r24, 0x5B	; 91
    392a:	90 e0       	ldi	r25, 0x00	; 0
    392c:	e6 cf       	rjmp	.-52     	; 0x38fa <EEPROM_READ_UINT16>
    392e:	81 ee       	ldi	r24, 0xE1	; 225
    3930:	94 e0       	ldi	r25, 0x04	; 4
    3932:	08 95       	ret

00003934 <EEPROM_READ_INT32>:
    3934:	cf 93       	push	r28
    3936:	df 93       	push	r29
    3938:	00 d0       	rcall	.+0      	; 0x393a <EEPROM_READ_INT32+0x6>
    393a:	00 d0       	rcall	.+0      	; 0x393c <EEPROM_READ_INT32+0x8>
    393c:	cd b7       	in	r28, 0x3d	; 61
    393e:	de b7       	in	r29, 0x3e	; 62
    3940:	44 e0       	ldi	r20, 0x04	; 4
    3942:	50 e0       	ldi	r21, 0x00	; 0
    3944:	bc 01       	movw	r22, r24
    3946:	ce 01       	movw	r24, r28
    3948:	01 96       	adiw	r24, 0x01	; 1
    394a:	0e 94 fd 4d 	call	0x9bfa	; 0x9bfa <eeprom_read_block>
    394e:	69 81       	ldd	r22, Y+1	; 0x01
    3950:	7a 81       	ldd	r23, Y+2	; 0x02
    3952:	8b 81       	ldd	r24, Y+3	; 0x03
    3954:	9c 81       	ldd	r25, Y+4	; 0x04
    3956:	0f 90       	pop	r0
    3958:	0f 90       	pop	r0
    395a:	0f 90       	pop	r0
    395c:	0f 90       	pop	r0
    395e:	df 91       	pop	r29
    3960:	cf 91       	pop	r28
    3962:	08 95       	ret

00003964 <EEPROM_READ_STRING>:
    3964:	cf 92       	push	r12
    3966:	df 92       	push	r13
    3968:	ef 92       	push	r14
    396a:	ff 92       	push	r15
    396c:	0f 93       	push	r16
    396e:	1f 93       	push	r17
    3970:	cf 93       	push	r28
    3972:	df 93       	push	r29
    3974:	cd b7       	in	r28, 0x3d	; 61
    3976:	de b7       	in	r29, 0x3e	; 62
    3978:	6c 01       	movw	r12, r24
    397a:	ed b6       	in	r14, 0x3d	; 61
    397c:	fe b6       	in	r15, 0x3e	; 62
    397e:	50 e0       	ldi	r21, 0x00	; 0
    3980:	8d b7       	in	r24, 0x3d	; 61
    3982:	9e b7       	in	r25, 0x3e	; 62
    3984:	84 1b       	sub	r24, r20
    3986:	95 0b       	sbc	r25, r21
    3988:	0f b6       	in	r0, 0x3f	; 63
    398a:	f8 94       	cli
    398c:	9e bf       	out	0x3e, r25	; 62
    398e:	0f be       	out	0x3f, r0	; 63
    3990:	8d bf       	out	0x3d, r24	; 61
    3992:	0d b7       	in	r16, 0x3d	; 61
    3994:	1e b7       	in	r17, 0x3e	; 62
    3996:	0f 5f       	subi	r16, 0xFF	; 255
    3998:	1f 4f       	sbci	r17, 0xFF	; 255
    399a:	c8 01       	movw	r24, r16
    399c:	0e 94 fd 4d 	call	0x9bfa	; 0x9bfa <eeprom_read_block>
    39a0:	b8 01       	movw	r22, r16
    39a2:	c6 01       	movw	r24, r12
    39a4:	0e 94 09 0c 	call	0x1812	; 0x1812 <Copy_String>
    39a8:	0f b6       	in	r0, 0x3f	; 63
    39aa:	f8 94       	cli
    39ac:	fe be       	out	0x3e, r15	; 62
    39ae:	0f be       	out	0x3f, r0	; 63
    39b0:	ed be       	out	0x3d, r14	; 61
    39b2:	df 91       	pop	r29
    39b4:	cf 91       	pop	r28
    39b6:	1f 91       	pop	r17
    39b8:	0f 91       	pop	r16
    39ba:	ff 90       	pop	r15
    39bc:	ef 90       	pop	r14
    39be:	df 90       	pop	r13
    39c0:	cf 90       	pop	r12
    39c2:	08 95       	ret

000039c4 <EEPROM_LOAD_VAL_CONFIG>:
    39c4:	4f 92       	push	r4
    39c6:	5f 92       	push	r5
    39c8:	6f 92       	push	r6
    39ca:	7f 92       	push	r7
    39cc:	8f 92       	push	r8
    39ce:	9f 92       	push	r9
    39d0:	af 92       	push	r10
    39d2:	bf 92       	push	r11
    39d4:	cf 92       	push	r12
    39d6:	df 92       	push	r13
    39d8:	ef 92       	push	r14
    39da:	ff 92       	push	r15
    39dc:	0f 93       	push	r16
    39de:	1f 93       	push	r17
    39e0:	80 e1       	ldi	r24, 0x10	; 16
    39e2:	90 e0       	ldi	r25, 0x00	; 0
    39e4:	0e 94 0d 4e 	call	0x9c1a	; 0x9c1a <eeprom_read_byte>
    39e8:	80 93 32 14 	sts	0x1432, r24	; 0x801432 <EEMEM_Written>
    39ec:	80 91 32 14 	lds	r24, 0x1432	; 0x801432 <EEMEM_Written>
    39f0:	85 3a       	cpi	r24, 0xA5	; 165
    39f2:	09 f0       	breq	.+2      	; 0x39f6 <EEPROM_LOAD_VAL_CONFIG+0x32>
    39f4:	da c2       	rjmp	.+1460   	; 0x3faa <EEPROM_LOAD_VAL_CONFIG+0x5e6>
    39f6:	45 e1       	ldi	r20, 0x15	; 21
    39f8:	63 ed       	ldi	r22, 0xD3	; 211
    39fa:	70 e0       	ldi	r23, 0x00	; 0
    39fc:	8d e3       	ldi	r24, 0x3D	; 61
    39fe:	94 e1       	ldi	r25, 0x14	; 20
    3a00:	b1 df       	rcall	.-158    	; 0x3964 <EEPROM_READ_STRING>
    3a02:	88 e5       	ldi	r24, 0x58	; 88
    3a04:	90 e0       	ldi	r25, 0x00	; 0
    3a06:	0e 94 0d 4e 	call	0x9c1a	; 0x9c1a <eeprom_read_byte>
    3a0a:	80 93 2d 14 	sts	0x142D, r24	; 0x80142d <SysConfig>
    3a0e:	86 e5       	ldi	r24, 0x56	; 86
    3a10:	90 e0       	ldi	r25, 0x00	; 0
    3a12:	0e 94 0d 4e 	call	0x9c1a	; 0x9c1a <eeprom_read_byte>
    3a16:	80 93 21 14 	sts	0x1421, r24	; 0x801421 <Temp_Sensor_Type>
    3a1a:	88 ee       	ldi	r24, 0xE8	; 232
    3a1c:	90 e0       	ldi	r25, 0x00	; 0
    3a1e:	8a df       	rcall	.-236    	; 0x3934 <EEPROM_READ_INT32>
    3a20:	60 93 9b 14 	sts	0x149B, r22	; 0x80149b <F_CPU_CAL>
    3a24:	70 93 9c 14 	sts	0x149C, r23	; 0x80149c <F_CPU_CAL+0x1>
    3a28:	80 93 9d 14 	sts	0x149D, r24	; 0x80149d <F_CPU_CAL+0x2>
    3a2c:	90 93 9e 14 	sts	0x149E, r25	; 0x80149e <F_CPU_CAL+0x3>
    3a30:	8a e5       	ldi	r24, 0x5A	; 90
    3a32:	90 e0       	ldi	r25, 0x00	; 0
    3a34:	0e 94 0d 4e 	call	0x9c1a	; 0x9c1a <eeprom_read_byte>
    3a38:	80 93 30 14 	sts	0x1430, r24	; 0x801430 <Timer_Control_Match>
    3a3c:	89 e5       	ldi	r24, 0x59	; 89
    3a3e:	90 e0       	ldi	r25, 0x00	; 0
    3a40:	0e 94 0d 4e 	call	0x9c1a	; 0x9c1a <eeprom_read_byte>
    3a44:	80 93 2e 14 	sts	0x142E, r24	; 0x80142e <Timer_Temp_Meas_Match>
    3a48:	8d e0       	ldi	r24, 0x0D	; 13
    3a4a:	90 e0       	ldi	r25, 0x00	; 0
    3a4c:	0e 94 0d 4e 	call	0x9c1a	; 0x9c1a <eeprom_read_byte>
    3a50:	80 93 b7 06 	sts	0x06B7, r24	; 0x8006b7 <IV_Meas_Points>
    3a54:	8f e4       	ldi	r24, 0x4F	; 79
    3a56:	90 e0       	ldi	r25, 0x00	; 0
    3a58:	50 df       	rcall	.-352    	; 0x38fa <EEPROM_READ_UINT16>
    3a5a:	90 93 8d 10 	sts	0x108D, r25	; 0x80108d <ADC_Num_Avr_VoltCurr+0x1>
    3a5e:	80 93 8c 10 	sts	0x108C, r24	; 0x80108c <ADC_Num_Avr_VoltCurr>
    3a62:	8e e4       	ldi	r24, 0x4E	; 78
    3a64:	90 e0       	ldi	r25, 0x00	; 0
    3a66:	0e 94 0d 4e 	call	0x9c1a	; 0x9c1a <eeprom_read_byte>
    3a6a:	80 93 10 14 	sts	0x1410, r24	; 0x801410 <ADC_Cycl_Avr_VoltCurr>
    3a6e:	8d e4       	ldi	r24, 0x4D	; 77
    3a70:	90 e0       	ldi	r25, 0x00	; 0
    3a72:	0e 94 0d 4e 	call	0x9c1a	; 0x9c1a <eeprom_read_byte>
    3a76:	80 93 48 12 	sts	0x1248, r24	; 0x801248 <ADC_Num_Avr_Other>
    3a7a:	8e e8       	ldi	r24, 0x8E	; 142
    3a7c:	91 e0       	ldi	r25, 0x01	; 1
    3a7e:	0e 94 0d 4e 	call	0x9c1a	; 0x9c1a <eeprom_read_byte>
    3a82:	80 93 ec 14 	sts	0x14EC, r24	; 0x8014ec <Range_Status_A>
    3a86:	8d e8       	ldi	r24, 0x8D	; 141
    3a88:	91 e0       	ldi	r25, 0x01	; 1
    3a8a:	0e 94 0d 4e 	call	0x9c1a	; 0x9c1a <eeprom_read_byte>
    3a8e:	80 93 10 15 	sts	0x1510, r24	; 0x801510 <Range_Volt_ID_Man>
    3a92:	8c e8       	ldi	r24, 0x8C	; 140
    3a94:	91 e0       	ldi	r25, 0x01	; 1
    3a96:	0e 94 0d 4e 	call	0x9c1a	; 0x9c1a <eeprom_read_byte>
    3a9a:	80 93 12 15 	sts	0x1512, r24	; 0x801512 <Range_Curr_ID_Man>
    3a9e:	8b e8       	ldi	r24, 0x8B	; 139
    3aa0:	91 e0       	ldi	r25, 0x01	; 1
    3aa2:	0e 94 0d 4e 	call	0x9c1a	; 0x9c1a <eeprom_read_byte>
    3aa6:	80 93 46 15 	sts	0x1546, r24	; 0x801546 <Range_Volt_Enable>
    3aaa:	8a e8       	ldi	r24, 0x8A	; 138
    3aac:	91 e0       	ldi	r25, 0x01	; 1
    3aae:	0e 94 0d 4e 	call	0x9c1a	; 0x9c1a <eeprom_read_byte>
    3ab2:	80 93 07 15 	sts	0x1507, r24	; 0x801507 <Range_Curr_Enable>
    3ab6:	86 e8       	ldi	r24, 0x86	; 134
    3ab8:	91 e0       	ldi	r25, 0x01	; 1
    3aba:	1f df       	rcall	.-450    	; 0x38fa <EEPROM_READ_UINT16>
    3abc:	90 93 5f 15 	sts	0x155F, r25	; 0x80155f <Range_Volt_Switch_Freq_Ctr_Max+0x1>
    3ac0:	80 93 5e 15 	sts	0x155E, r24	; 0x80155e <Range_Volt_Switch_Freq_Ctr_Max>
    3ac4:	88 e8       	ldi	r24, 0x88	; 136
    3ac6:	91 e0       	ldi	r25, 0x01	; 1
    3ac8:	18 df       	rcall	.-464    	; 0x38fa <EEPROM_READ_UINT16>
    3aca:	90 93 ee 14 	sts	0x14EE, r25	; 0x8014ee <Range_Curr_Switch_Freq_Ctr_Max+0x1>
    3ace:	80 93 ed 14 	sts	0x14ED, r24	; 0x8014ed <Range_Curr_Switch_Freq_Ctr_Max>
    3ad2:	84 e8       	ldi	r24, 0x84	; 132
    3ad4:	91 e0       	ldi	r25, 0x01	; 1
    3ad6:	0e 94 0d 4e 	call	0x9c1a	; 0x9c1a <eeprom_read_byte>
    3ada:	80 93 11 15 	sts	0x1511, r24	; 0x801511 <Range_Volt_Switch_Delay_Ctr_Max>
    3ade:	85 e8       	ldi	r24, 0x85	; 133
    3ae0:	91 e0       	ldi	r25, 0x01	; 1
    3ae2:	0e 94 0d 4e 	call	0x9c1a	; 0x9c1a <eeprom_read_byte>
    3ae6:	80 93 31 15 	sts	0x1531, r24	; 0x801531 <Range_Curr_Switch_Delay_Ctr_Max>
    3aea:	8c e0       	ldi	r24, 0x0C	; 12
    3aec:	90 e0       	ldi	r25, 0x00	; 0
    3aee:	0e 94 0d 4e 	call	0x9c1a	; 0x9c1a <eeprom_read_byte>
    3af2:	80 93 c6 02 	sts	0x02C6, r24	; 0x8002c6 <IV_Mode>
    3af6:	88 e0       	ldi	r24, 0x08	; 8
    3af8:	90 e0       	ldi	r25, 0x00	; 0
    3afa:	39 dc       	rcall	.-1934   	; 0x336e <EEPROM_READ_FLOAT>
    3afc:	60 93 ae 02 	sts	0x02AE, r22	; 0x8002ae <IV_Cos_Max_Phase>
    3b00:	70 93 af 02 	sts	0x02AF, r23	; 0x8002af <IV_Cos_Max_Phase+0x1>
    3b04:	80 93 b0 02 	sts	0x02B0, r24	; 0x8002b0 <IV_Cos_Max_Phase+0x2>
    3b08:	90 93 b1 02 	sts	0x02B1, r25	; 0x8002b1 <IV_Cos_Max_Phase+0x3>
    3b0c:	84 e0       	ldi	r24, 0x04	; 4
    3b0e:	90 e0       	ldi	r25, 0x00	; 0
    3b10:	2e dc       	rcall	.-1956   	; 0x336e <EEPROM_READ_FLOAT>
    3b12:	60 93 a9 0a 	sts	0x0AA9, r22	; 0x800aa9 <IV_Voc_Overshoot_Fact>
    3b16:	70 93 aa 0a 	sts	0x0AAA, r23	; 0x800aaa <IV_Voc_Overshoot_Fact+0x1>
    3b1a:	80 93 ab 0a 	sts	0x0AAB, r24	; 0x800aab <IV_Voc_Overshoot_Fact+0x2>
    3b1e:	90 93 ac 0a 	sts	0x0AAC, r25	; 0x800aac <IV_Voc_Overshoot_Fact+0x3>
    3b22:	81 e0       	ldi	r24, 0x01	; 1
    3b24:	90 e0       	ldi	r25, 0x00	; 0
    3b26:	0e 94 0d 4e 	call	0x9c1a	; 0x9c1a <eeprom_read_byte>
    3b2a:	80 93 c1 02 	sts	0x02C1, r24	; 0x8002c1 <IV_Point_Meas_Nu_AVR_Sets>
    3b2e:	80 e0       	ldi	r24, 0x00	; 0
    3b30:	90 e0       	ldi	r25, 0x00	; 0
    3b32:	0e 94 0d 4e 	call	0x9c1a	; 0x9c1a <eeprom_read_byte>
    3b36:	80 93 b2 02 	sts	0x02B2, r24	; 0x8002b2 <IV_Point_Meas_Nu_AVR_VoltCurr>
    3b3a:	82 e0       	ldi	r24, 0x02	; 2
    3b3c:	90 e0       	ldi	r25, 0x00	; 0
    3b3e:	dd de       	rcall	.-582    	; 0x38fa <EEPROM_READ_UINT16>
    3b40:	90 93 b9 02 	sts	0x02B9, r25	; 0x8002b9 <IV_Point_Set_Delay_ms+0x1>
    3b44:	80 93 b8 02 	sts	0x02B8, r24	; 0x8002b8 <IV_Point_Set_Delay_ms>
    3b48:	8f e0       	ldi	r24, 0x0F	; 15
    3b4a:	90 e0       	ldi	r25, 0x00	; 0
    3b4c:	0e 94 0d 4e 	call	0x9c1a	; 0x9c1a <eeprom_read_byte>
    3b50:	80 93 9a 0e 	sts	0x0E9A, r24	; 0x800e9a <PI_CTR_Prop_ID_Man>
    3b54:	8e e0       	ldi	r24, 0x0E	; 14
    3b56:	90 e0       	ldi	r25, 0x00	; 0
    3b58:	0e 94 0d 4e 	call	0x9c1a	; 0x9c1a <eeprom_read_byte>
    3b5c:	80 93 9b 0e 	sts	0x0E9B, r24	; 0x800e9b <PI_CTR_Int_ID_Man>
    3b60:	89 e4       	ldi	r24, 0x49	; 73
    3b62:	90 e0       	ldi	r25, 0x00	; 0
    3b64:	04 dc       	rcall	.-2040   	; 0x336e <EEPROM_READ_FLOAT>
    3b66:	60 93 fb 13 	sts	0x13FB, r22	; 0x8013fb <CAL_Bias_A0>
    3b6a:	70 93 fc 13 	sts	0x13FC, r23	; 0x8013fc <CAL_Bias_A0+0x1>
    3b6e:	80 93 fd 13 	sts	0x13FD, r24	; 0x8013fd <CAL_Bias_A0+0x2>
    3b72:	90 93 fe 13 	sts	0x13FE, r25	; 0x8013fe <CAL_Bias_A0+0x3>
    3b76:	85 e4       	ldi	r24, 0x45	; 69
    3b78:	90 e0       	ldi	r25, 0x00	; 0
    3b7a:	f9 db       	rcall	.-2062   	; 0x336e <EEPROM_READ_FLOAT>
    3b7c:	60 93 43 12 	sts	0x1243, r22	; 0x801243 <CAL_Bias_A1>
    3b80:	70 93 44 12 	sts	0x1244, r23	; 0x801244 <CAL_Bias_A1+0x1>
    3b84:	80 93 45 12 	sts	0x1245, r24	; 0x801245 <CAL_Bias_A1+0x2>
    3b88:	90 93 46 12 	sts	0x1246, r25	; 0x801246 <CAL_Bias_A1+0x3>
    3b8c:	81 e4       	ldi	r24, 0x41	; 65
    3b8e:	90 e0       	ldi	r25, 0x00	; 0
    3b90:	ee db       	rcall	.-2084   	; 0x336e <EEPROM_READ_FLOAT>
    3b92:	60 93 62 12 	sts	0x1262, r22	; 0x801262 <CAL_RTD_A0>
    3b96:	70 93 63 12 	sts	0x1263, r23	; 0x801263 <CAL_RTD_A0+0x1>
    3b9a:	80 93 64 12 	sts	0x1264, r24	; 0x801264 <CAL_RTD_A0+0x2>
    3b9e:	90 93 65 12 	sts	0x1265, r25	; 0x801265 <CAL_RTD_A0+0x3>
    3ba2:	8d e3       	ldi	r24, 0x3D	; 61
    3ba4:	90 e0       	ldi	r25, 0x00	; 0
    3ba6:	e3 db       	rcall	.-2106   	; 0x336e <EEPROM_READ_FLOAT>
    3ba8:	60 93 3f 12 	sts	0x123F, r22	; 0x80123f <CAL_RTD_A1>
    3bac:	70 93 40 12 	sts	0x1240, r23	; 0x801240 <CAL_RTD_A1+0x1>
    3bb0:	80 93 41 12 	sts	0x1241, r24	; 0x801241 <CAL_RTD_A1+0x2>
    3bb4:	90 93 42 12 	sts	0x1242, r25	; 0x801242 <CAL_RTD_A1+0x3>
    3bb8:	89 e3       	ldi	r24, 0x39	; 57
    3bba:	90 e0       	ldi	r25, 0x00	; 0
    3bbc:	d8 db       	rcall	.-2128   	; 0x336e <EEPROM_READ_FLOAT>
    3bbe:	60 93 ff 13 	sts	0x13FF, r22	; 0x8013ff <CAL_RTD_A2>
    3bc2:	70 93 00 14 	sts	0x1400, r23	; 0x801400 <CAL_RTD_A2+0x1>
    3bc6:	80 93 01 14 	sts	0x1401, r24	; 0x801401 <CAL_RTD_A2+0x2>
    3bca:	90 93 02 14 	sts	0x1402, r25	; 0x801402 <CAL_RTD_A2+0x3>
    3bce:	85 e3       	ldi	r24, 0x35	; 53
    3bd0:	90 e0       	ldi	r25, 0x00	; 0
    3bd2:	cd db       	rcall	.-2150   	; 0x336e <EEPROM_READ_FLOAT>
    3bd4:	60 93 19 14 	sts	0x1419, r22	; 0x801419 <CAL_NTC_1_InvGain>
    3bd8:	70 93 1a 14 	sts	0x141A, r23	; 0x80141a <CAL_NTC_1_InvGain+0x1>
    3bdc:	80 93 1b 14 	sts	0x141B, r24	; 0x80141b <CAL_NTC_1_InvGain+0x2>
    3be0:	90 93 1c 14 	sts	0x141C, r25	; 0x80141c <CAL_NTC_1_InvGain+0x3>
    3be4:	81 e3       	ldi	r24, 0x31	; 49
    3be6:	90 e0       	ldi	r25, 0x00	; 0
    3be8:	c2 db       	rcall	.-2172   	; 0x336e <EEPROM_READ_FLOAT>
    3bea:	60 93 0c 14 	sts	0x140C, r22	; 0x80140c <CAL_NTC_1_RSer>
    3bee:	70 93 0d 14 	sts	0x140D, r23	; 0x80140d <CAL_NTC_1_RSer+0x1>
    3bf2:	80 93 0e 14 	sts	0x140E, r24	; 0x80140e <CAL_NTC_1_RSer+0x2>
    3bf6:	90 93 0f 14 	sts	0x140F, r25	; 0x80140f <CAL_NTC_1_RSer+0x3>
    3bfa:	8d e2       	ldi	r24, 0x2D	; 45
    3bfc:	90 e0       	ldi	r25, 0x00	; 0
    3bfe:	b7 db       	rcall	.-2194   	; 0x336e <EEPROM_READ_FLOAT>
    3c00:	60 93 8e 10 	sts	0x108E, r22	; 0x80108e <CAL_NTC_1_InvR25>
    3c04:	70 93 8f 10 	sts	0x108F, r23	; 0x80108f <CAL_NTC_1_InvR25+0x1>
    3c08:	80 93 90 10 	sts	0x1090, r24	; 0x801090 <CAL_NTC_1_InvR25+0x2>
    3c0c:	90 93 91 10 	sts	0x1091, r25	; 0x801091 <CAL_NTC_1_InvR25+0x3>
    3c10:	89 e2       	ldi	r24, 0x29	; 41
    3c12:	90 e0       	ldi	r25, 0x00	; 0
    3c14:	ac db       	rcall	.-2216   	; 0x336e <EEPROM_READ_FLOAT>
    3c16:	60 93 04 14 	sts	0x1404, r22	; 0x801404 <CAL_NTC_1_InvBeta>
    3c1a:	70 93 05 14 	sts	0x1405, r23	; 0x801405 <CAL_NTC_1_InvBeta+0x1>
    3c1e:	80 93 06 14 	sts	0x1406, r24	; 0x801406 <CAL_NTC_1_InvBeta+0x2>
    3c22:	90 93 07 14 	sts	0x1407, r25	; 0x801407 <CAL_NTC_1_InvBeta+0x3>
    3c26:	85 e2       	ldi	r24, 0x25	; 37
    3c28:	90 e0       	ldi	r25, 0x00	; 0
    3c2a:	a1 db       	rcall	.-2238   	; 0x336e <EEPROM_READ_FLOAT>
    3c2c:	60 93 1d 14 	sts	0x141D, r22	; 0x80141d <CAL_NTC_2_InvGain>
    3c30:	70 93 1e 14 	sts	0x141E, r23	; 0x80141e <CAL_NTC_2_InvGain+0x1>
    3c34:	80 93 1f 14 	sts	0x141F, r24	; 0x80141f <CAL_NTC_2_InvGain+0x2>
    3c38:	90 93 20 14 	sts	0x1420, r25	; 0x801420 <CAL_NTC_2_InvGain+0x3>
    3c3c:	81 e2       	ldi	r24, 0x21	; 33
    3c3e:	90 e0       	ldi	r25, 0x00	; 0
    3c40:	96 db       	rcall	.-2260   	; 0x336e <EEPROM_READ_FLOAT>
    3c42:	60 93 9f 10 	sts	0x109F, r22	; 0x80109f <CAL_NTC_2_RSer>
    3c46:	70 93 a0 10 	sts	0x10A0, r23	; 0x8010a0 <CAL_NTC_2_RSer+0x1>
    3c4a:	80 93 a1 10 	sts	0x10A1, r24	; 0x8010a1 <CAL_NTC_2_RSer+0x2>
    3c4e:	90 93 a2 10 	sts	0x10A2, r25	; 0x8010a2 <CAL_NTC_2_RSer+0x3>
    3c52:	8d e1       	ldi	r24, 0x1D	; 29
    3c54:	90 e0       	ldi	r25, 0x00	; 0
    3c56:	8b db       	rcall	.-2282   	; 0x336e <EEPROM_READ_FLOAT>
    3c58:	60 93 5e 12 	sts	0x125E, r22	; 0x80125e <CAL_NTC_2_InvR25>
    3c5c:	70 93 5f 12 	sts	0x125F, r23	; 0x80125f <CAL_NTC_2_InvR25+0x1>
    3c60:	80 93 60 12 	sts	0x1260, r24	; 0x801260 <CAL_NTC_2_InvR25+0x2>
    3c64:	90 93 61 12 	sts	0x1261, r25	; 0x801261 <CAL_NTC_2_InvR25+0x3>
    3c68:	89 e1       	ldi	r24, 0x19	; 25
    3c6a:	90 e0       	ldi	r25, 0x00	; 0
    3c6c:	80 db       	rcall	.-2304   	; 0x336e <EEPROM_READ_FLOAT>
    3c6e:	60 93 52 12 	sts	0x1252, r22	; 0x801252 <CAL_NTC_2_InvBeta>
    3c72:	70 93 53 12 	sts	0x1253, r23	; 0x801253 <CAL_NTC_2_InvBeta+0x1>
    3c76:	80 93 54 12 	sts	0x1254, r24	; 0x801254 <CAL_NTC_2_InvBeta+0x2>
    3c7a:	90 93 55 12 	sts	0x1255, r25	; 0x801255 <CAL_NTC_2_InvBeta+0x3>
    3c7e:	85 e1       	ldi	r24, 0x15	; 21
    3c80:	90 e0       	ldi	r25, 0x00	; 0
    3c82:	75 db       	rcall	.-2326   	; 0x336e <EEPROM_READ_FLOAT>
    3c84:	60 93 08 14 	sts	0x1408, r22	; 0x801408 <CAL_DAC_A0>
    3c88:	70 93 09 14 	sts	0x1409, r23	; 0x801409 <CAL_DAC_A0+0x1>
    3c8c:	80 93 0a 14 	sts	0x140A, r24	; 0x80140a <CAL_DAC_A0+0x2>
    3c90:	90 93 0b 14 	sts	0x140B, r25	; 0x80140b <CAL_DAC_A0+0x3>
    3c94:	81 e1       	ldi	r24, 0x11	; 17
    3c96:	90 e0       	ldi	r25, 0x00	; 0
    3c98:	6a db       	rcall	.-2348   	; 0x336e <EEPROM_READ_FLOAT>
    3c9a:	60 93 93 10 	sts	0x1093, r22	; 0x801093 <CAL_DAC_A1>
    3c9e:	70 93 94 10 	sts	0x1094, r23	; 0x801094 <CAL_DAC_A1+0x1>
    3ca2:	80 93 95 10 	sts	0x1095, r24	; 0x801095 <CAL_DAC_A1+0x2>
    3ca6:	90 93 96 10 	sts	0x1096, r25	; 0x801096 <CAL_DAC_A1+0x3>
    3caa:	8f ec       	ldi	r24, 0xCF	; 207
    3cac:	90 e0       	ldi	r25, 0x00	; 0
    3cae:	5f db       	rcall	.-2370   	; 0x336e <EEPROM_READ_FLOAT>
    3cb0:	60 93 a3 14 	sts	0x14A3, r22	; 0x8014a3 <Temp_NTC1_MIN_DisCon>
    3cb4:	70 93 a4 14 	sts	0x14A4, r23	; 0x8014a4 <Temp_NTC1_MIN_DisCon+0x1>
    3cb8:	80 93 a5 14 	sts	0x14A5, r24	; 0x8014a5 <Temp_NTC1_MIN_DisCon+0x2>
    3cbc:	90 93 a6 14 	sts	0x14A6, r25	; 0x8014a6 <Temp_NTC1_MIN_DisCon+0x3>
    3cc0:	8b ec       	ldi	r24, 0xCB	; 203
    3cc2:	90 e0       	ldi	r25, 0x00	; 0
    3cc4:	54 db       	rcall	.-2392   	; 0x336e <EEPROM_READ_FLOAT>
    3cc6:	60 93 61 14 	sts	0x1461, r22	; 0x801461 <Temp_NTC1_MAX_DisCon>
    3cca:	70 93 62 14 	sts	0x1462, r23	; 0x801462 <Temp_NTC1_MAX_DisCon+0x1>
    3cce:	80 93 63 14 	sts	0x1463, r24	; 0x801463 <Temp_NTC1_MAX_DisCon+0x2>
    3cd2:	90 93 64 14 	sts	0x1464, r25	; 0x801464 <Temp_NTC1_MAX_DisCon+0x3>
    3cd6:	87 ec       	ldi	r24, 0xC7	; 199
    3cd8:	90 e0       	ldi	r25, 0x00	; 0
    3cda:	49 db       	rcall	.-2414   	; 0x336e <EEPROM_READ_FLOAT>
    3cdc:	60 93 6a 14 	sts	0x146A, r22	; 0x80146a <Temp_NTC1_MIN_ReCon>
    3ce0:	70 93 6b 14 	sts	0x146B, r23	; 0x80146b <Temp_NTC1_MIN_ReCon+0x1>
    3ce4:	80 93 6c 14 	sts	0x146C, r24	; 0x80146c <Temp_NTC1_MIN_ReCon+0x2>
    3ce8:	90 93 6d 14 	sts	0x146D, r25	; 0x80146d <Temp_NTC1_MIN_ReCon+0x3>
    3cec:	83 ec       	ldi	r24, 0xC3	; 195
    3cee:	90 e0       	ldi	r25, 0x00	; 0
    3cf0:	3e db       	rcall	.-2436   	; 0x336e <EEPROM_READ_FLOAT>
    3cf2:	60 93 76 14 	sts	0x1476, r22	; 0x801476 <Temp_NTC1_MAX_ReCon>
    3cf6:	70 93 77 14 	sts	0x1477, r23	; 0x801477 <Temp_NTC1_MAX_ReCon+0x1>
    3cfa:	80 93 78 14 	sts	0x1478, r24	; 0x801478 <Temp_NTC1_MAX_ReCon+0x2>
    3cfe:	90 93 79 14 	sts	0x1479, r25	; 0x801479 <Temp_NTC1_MAX_ReCon+0x3>
    3d02:	8f eb       	ldi	r24, 0xBF	; 191
    3d04:	90 e0       	ldi	r25, 0x00	; 0
    3d06:	33 db       	rcall	.-2458   	; 0x336e <EEPROM_READ_FLOAT>
    3d08:	60 93 93 14 	sts	0x1493, r22	; 0x801493 <Temp_NTC2_MIN_DisCon>
    3d0c:	70 93 94 14 	sts	0x1494, r23	; 0x801494 <Temp_NTC2_MIN_DisCon+0x1>
    3d10:	80 93 95 14 	sts	0x1495, r24	; 0x801495 <Temp_NTC2_MIN_DisCon+0x2>
    3d14:	90 93 96 14 	sts	0x1496, r25	; 0x801496 <Temp_NTC2_MIN_DisCon+0x3>
    3d18:	8b eb       	ldi	r24, 0xBB	; 187
    3d1a:	90 e0       	ldi	r25, 0x00	; 0
    3d1c:	28 db       	rcall	.-2480   	; 0x336e <EEPROM_READ_FLOAT>
    3d1e:	60 93 39 14 	sts	0x1439, r22	; 0x801439 <Temp_NTC2_MAX_DisCon>
    3d22:	70 93 3a 14 	sts	0x143A, r23	; 0x80143a <Temp_NTC2_MAX_DisCon+0x1>
    3d26:	80 93 3b 14 	sts	0x143B, r24	; 0x80143b <Temp_NTC2_MAX_DisCon+0x2>
    3d2a:	90 93 3c 14 	sts	0x143C, r25	; 0x80143c <Temp_NTC2_MAX_DisCon+0x3>
    3d2e:	87 eb       	ldi	r24, 0xB7	; 183
    3d30:	90 e0       	ldi	r25, 0x00	; 0
    3d32:	1d db       	rcall	.-2502   	; 0x336e <EEPROM_READ_FLOAT>
    3d34:	60 93 d0 14 	sts	0x14D0, r22	; 0x8014d0 <Temp_NTC2_MIN_ReCon>
    3d38:	70 93 d1 14 	sts	0x14D1, r23	; 0x8014d1 <Temp_NTC2_MIN_ReCon+0x1>
    3d3c:	80 93 d2 14 	sts	0x14D2, r24	; 0x8014d2 <Temp_NTC2_MIN_ReCon+0x2>
    3d40:	90 93 d3 14 	sts	0x14D3, r25	; 0x8014d3 <Temp_NTC2_MIN_ReCon+0x3>
    3d44:	83 eb       	ldi	r24, 0xB3	; 179
    3d46:	90 e0       	ldi	r25, 0x00	; 0
    3d48:	12 db       	rcall	.-2524   	; 0x336e <EEPROM_READ_FLOAT>
    3d4a:	60 93 9f 14 	sts	0x149F, r22	; 0x80149f <Temp_NTC2_MAX_ReCon>
    3d4e:	70 93 a0 14 	sts	0x14A0, r23	; 0x8014a0 <Temp_NTC2_MAX_ReCon+0x1>
    3d52:	80 93 a1 14 	sts	0x14A1, r24	; 0x8014a1 <Temp_NTC2_MAX_ReCon+0x2>
    3d56:	90 93 a2 14 	sts	0x14A2, r25	; 0x8014a2 <Temp_NTC2_MAX_ReCon+0x3>
    3d5a:	8f ea       	ldi	r24, 0xAF	; 175
    3d5c:	90 e0       	ldi	r25, 0x00	; 0
    3d5e:	07 db       	rcall	.-2546   	; 0x336e <EEPROM_READ_FLOAT>
    3d60:	60 93 ba 02 	sts	0x02BA, r22	; 0x8002ba <BiasV_Range_Min>
    3d64:	70 93 bb 02 	sts	0x02BB, r23	; 0x8002bb <BiasV_Range_Min+0x1>
    3d68:	80 93 bc 02 	sts	0x02BC, r24	; 0x8002bc <BiasV_Range_Min+0x2>
    3d6c:	90 93 bd 02 	sts	0x02BD, r25	; 0x8002bd <BiasV_Range_Min+0x3>
    3d70:	8b ea       	ldi	r24, 0xAB	; 171
    3d72:	90 e0       	ldi	r25, 0x00	; 0
    3d74:	fc da       	rcall	.-2568   	; 0x336e <EEPROM_READ_FLOAT>
    3d76:	60 93 aa 02 	sts	0x02AA, r22	; 0x8002aa <__data_end>
    3d7a:	70 93 ab 02 	sts	0x02AB, r23	; 0x8002ab <__data_end+0x1>
    3d7e:	80 93 ac 02 	sts	0x02AC, r24	; 0x8002ac <__data_end+0x2>
    3d82:	90 93 ad 02 	sts	0x02AD, r25	; 0x8002ad <__data_end+0x3>
    3d86:	87 ea       	ldi	r24, 0xA7	; 167
    3d88:	90 e0       	ldi	r25, 0x00	; 0
    3d8a:	f1 da       	rcall	.-2590   	; 0x336e <EEPROM_READ_FLOAT>
    3d8c:	60 93 8e 14 	sts	0x148E, r22	; 0x80148e <LOAD_MPPT_Max_Step_CND>
    3d90:	70 93 8f 14 	sts	0x148F, r23	; 0x80148f <LOAD_MPPT_Max_Step_CND+0x1>
    3d94:	80 93 90 14 	sts	0x1490, r24	; 0x801490 <LOAD_MPPT_Max_Step_CND+0x2>
    3d98:	90 93 91 14 	sts	0x1491, r25	; 0x801491 <LOAD_MPPT_Max_Step_CND+0x3>
    3d9c:	83 ea       	ldi	r24, 0xA3	; 163
    3d9e:	90 e0       	ldi	r25, 0x00	; 0
    3da0:	e6 da       	rcall	.-2612   	; 0x336e <EEPROM_READ_FLOAT>
    3da2:	60 93 c1 14 	sts	0x14C1, r22	; 0x8014c1 <LOAD_MPPT_Min_Step_CND>
    3da6:	70 93 c2 14 	sts	0x14C2, r23	; 0x8014c2 <LOAD_MPPT_Min_Step_CND+0x1>
    3daa:	80 93 c3 14 	sts	0x14C3, r24	; 0x8014c3 <LOAD_MPPT_Min_Step_CND+0x2>
    3dae:	90 93 c4 14 	sts	0x14C4, r25	; 0x8014c4 <LOAD_MPPT_Min_Step_CND+0x3>
    3db2:	8f e9       	ldi	r24, 0x9F	; 159
    3db4:	90 e0       	ldi	r25, 0x00	; 0
    3db6:	db da       	rcall	.-2634   	; 0x336e <EEPROM_READ_FLOAT>
    3db8:	60 93 7e 14 	sts	0x147E, r22	; 0x80147e <LOAD_MPPT_Step_Increase_Fact>
    3dbc:	70 93 7f 14 	sts	0x147F, r23	; 0x80147f <LOAD_MPPT_Step_Increase_Fact+0x1>
    3dc0:	80 93 80 14 	sts	0x1480, r24	; 0x801480 <LOAD_MPPT_Step_Increase_Fact+0x2>
    3dc4:	90 93 81 14 	sts	0x1481, r25	; 0x801481 <LOAD_MPPT_Step_Increase_Fact+0x3>
    3dc8:	8b e9       	ldi	r24, 0x9B	; 155
    3dca:	90 e0       	ldi	r25, 0x00	; 0
    3dcc:	d0 da       	rcall	.-2656   	; 0x336e <EEPROM_READ_FLOAT>
    3dce:	60 93 ac 14 	sts	0x14AC, r22	; 0x8014ac <LOAD_MPPT_Step_Reduction_Fact>
    3dd2:	70 93 ad 14 	sts	0x14AD, r23	; 0x8014ad <LOAD_MPPT_Step_Reduction_Fact+0x1>
    3dd6:	80 93 ae 14 	sts	0x14AE, r24	; 0x8014ae <LOAD_MPPT_Step_Reduction_Fact+0x2>
    3dda:	90 93 af 14 	sts	0x14AF, r25	; 0x8014af <LOAD_MPPT_Step_Reduction_Fact+0x3>
    3dde:	87 e9       	ldi	r24, 0x97	; 151
    3de0:	90 e0       	ldi	r25, 0x00	; 0
    3de2:	c5 da       	rcall	.-2678   	; 0x336e <EEPROM_READ_FLOAT>
    3de4:	60 93 b9 14 	sts	0x14B9, r22	; 0x8014b9 <LOAD_MPPT_Tolerance_CND>
    3de8:	70 93 ba 14 	sts	0x14BA, r23	; 0x8014ba <LOAD_MPPT_Tolerance_CND+0x1>
    3dec:	80 93 bb 14 	sts	0x14BB, r24	; 0x8014bb <LOAD_MPPT_Tolerance_CND+0x2>
    3df0:	90 93 bc 14 	sts	0x14BC, r25	; 0x8014bc <LOAD_MPPT_Tolerance_CND+0x3>
    3df4:	60 91 b9 14 	lds	r22, 0x14B9	; 0x8014b9 <LOAD_MPPT_Tolerance_CND>
    3df8:	70 91 ba 14 	lds	r23, 0x14BA	; 0x8014ba <LOAD_MPPT_Tolerance_CND+0x1>
    3dfc:	80 91 bb 14 	lds	r24, 0x14BB	; 0x8014bb <LOAD_MPPT_Tolerance_CND+0x2>
    3e00:	90 91 bc 14 	lds	r25, 0x14BC	; 0x8014bc <LOAD_MPPT_Tolerance_CND+0x3>
    3e04:	20 91 b9 14 	lds	r18, 0x14B9	; 0x8014b9 <LOAD_MPPT_Tolerance_CND>
    3e08:	30 91 ba 14 	lds	r19, 0x14BA	; 0x8014ba <LOAD_MPPT_Tolerance_CND+0x1>
    3e0c:	40 91 bb 14 	lds	r20, 0x14BB	; 0x8014bb <LOAD_MPPT_Tolerance_CND+0x2>
    3e10:	50 91 bc 14 	lds	r21, 0x14BC	; 0x8014bc <LOAD_MPPT_Tolerance_CND+0x3>
    3e14:	0e 94 62 49 	call	0x92c4	; 0x92c4 <__mulsf3>
    3e18:	60 93 b9 14 	sts	0x14B9, r22	; 0x8014b9 <LOAD_MPPT_Tolerance_CND>
    3e1c:	70 93 ba 14 	sts	0x14BA, r23	; 0x8014ba <LOAD_MPPT_Tolerance_CND+0x1>
    3e20:	80 93 bb 14 	sts	0x14BB, r24	; 0x8014bb <LOAD_MPPT_Tolerance_CND+0x2>
    3e24:	90 93 bc 14 	sts	0x14BC, r25	; 0x8014bc <LOAD_MPPT_Tolerance_CND+0x3>
    3e28:	85 e9       	ldi	r24, 0x95	; 149
    3e2a:	90 e0       	ldi	r25, 0x00	; 0
    3e2c:	66 dd       	rcall	.-1332   	; 0x38fa <EEPROM_READ_UINT16>
    3e2e:	90 93 c6 14 	sts	0x14C6, r25	; 0x8014c6 <LOAD_MPPT_Timer_Update_Delay+0x1>
    3e32:	80 93 c5 14 	sts	0x14C5, r24	; 0x8014c5 <LOAD_MPPT_Timer_Update_Delay>
    3e36:	81 e9       	ldi	r24, 0x91	; 145
    3e38:	90 e0       	ldi	r25, 0x00	; 0
    3e3a:	99 da       	rcall	.-2766   	; 0x336e <EEPROM_READ_FLOAT>
    3e3c:	60 93 86 14 	sts	0x1486, r22	; 0x801486 <LOAD_CurrT_Max_Step_CND>
    3e40:	70 93 87 14 	sts	0x1487, r23	; 0x801487 <LOAD_CurrT_Max_Step_CND+0x1>
    3e44:	80 93 88 14 	sts	0x1488, r24	; 0x801488 <LOAD_CurrT_Max_Step_CND+0x2>
    3e48:	90 93 89 14 	sts	0x1489, r25	; 0x801489 <LOAD_CurrT_Max_Step_CND+0x3>
    3e4c:	8d e8       	ldi	r24, 0x8D	; 141
    3e4e:	90 e0       	ldi	r25, 0x00	; 0
    3e50:	8e da       	rcall	.-2788   	; 0x336e <EEPROM_READ_FLOAT>
    3e52:	60 93 35 14 	sts	0x1435, r22	; 0x801435 <LOAD_CurrT_Min_Step_CND>
    3e56:	70 93 36 14 	sts	0x1436, r23	; 0x801436 <LOAD_CurrT_Min_Step_CND+0x1>
    3e5a:	80 93 37 14 	sts	0x1437, r24	; 0x801437 <LOAD_CurrT_Min_Step_CND+0x2>
    3e5e:	90 93 38 14 	sts	0x1438, r25	; 0x801438 <LOAD_CurrT_Min_Step_CND+0x3>
    3e62:	89 e8       	ldi	r24, 0x89	; 137
    3e64:	90 e0       	ldi	r25, 0x00	; 0
    3e66:	83 da       	rcall	.-2810   	; 0x336e <EEPROM_READ_FLOAT>
    3e68:	60 93 65 14 	sts	0x1465, r22	; 0x801465 <LOAD_CurrT_Step_Increase_Fact>
    3e6c:	70 93 66 14 	sts	0x1466, r23	; 0x801466 <LOAD_CurrT_Step_Increase_Fact+0x1>
    3e70:	80 93 67 14 	sts	0x1467, r24	; 0x801467 <LOAD_CurrT_Step_Increase_Fact+0x2>
    3e74:	90 93 68 14 	sts	0x1468, r25	; 0x801468 <LOAD_CurrT_Step_Increase_Fact+0x3>
    3e78:	85 e8       	ldi	r24, 0x85	; 133
    3e7a:	90 e0       	ldi	r25, 0x00	; 0
    3e7c:	78 da       	rcall	.-2832   	; 0x336e <EEPROM_READ_FLOAT>
    3e7e:	60 93 b5 14 	sts	0x14B5, r22	; 0x8014b5 <LOAD_CurrT_Step_Reduction_Fact>
    3e82:	70 93 b6 14 	sts	0x14B6, r23	; 0x8014b6 <LOAD_CurrT_Step_Reduction_Fact+0x1>
    3e86:	80 93 b7 14 	sts	0x14B7, r24	; 0x8014b7 <LOAD_CurrT_Step_Reduction_Fact+0x2>
    3e8a:	90 93 b8 14 	sts	0x14B8, r25	; 0x8014b8 <LOAD_CurrT_Step_Reduction_Fact+0x3>
    3e8e:	81 e8       	ldi	r24, 0x81	; 129
    3e90:	90 e0       	ldi	r25, 0x00	; 0
    3e92:	6d da       	rcall	.-2854   	; 0x336e <EEPROM_READ_FLOAT>
    3e94:	60 93 6e 14 	sts	0x146E, r22	; 0x80146e <LOAD_CurrT_Tolerance_CND>
    3e98:	70 93 6f 14 	sts	0x146F, r23	; 0x80146f <LOAD_CurrT_Tolerance_CND+0x1>
    3e9c:	80 93 70 14 	sts	0x1470, r24	; 0x801470 <LOAD_CurrT_Tolerance_CND+0x2>
    3ea0:	90 93 71 14 	sts	0x1471, r25	; 0x801471 <LOAD_CurrT_Tolerance_CND+0x3>
    3ea4:	87 e5       	ldi	r24, 0x57	; 87
    3ea6:	90 e0       	ldi	r25, 0x00	; 0
    3ea8:	0e 94 0d 4e 	call	0x9c1a	; 0x9c1a <eeprom_read_byte>
    3eac:	80 93 2b 14 	sts	0x142B, r24	; 0x80142b <SysControl>
    3eb0:	80 e8       	ldi	r24, 0x80	; 128
    3eb2:	90 e0       	ldi	r25, 0x00	; 0
    3eb4:	0e 94 0d 4e 	call	0x9c1a	; 0x9c1a <eeprom_read_byte>
    3eb8:	80 93 a9 14 	sts	0x14A9, r24	; 0x8014a9 <PV_Mode_CTR>
    3ebc:	8c e7       	ldi	r24, 0x7C	; 124
    3ebe:	90 e0       	ldi	r25, 0x00	; 0
    3ec0:	56 da       	rcall	.-2900   	; 0x336e <EEPROM_READ_FLOAT>
    3ec2:	60 93 56 14 	sts	0x1456, r22	; 0x801456 <PV_Volt_Setpoint>
    3ec6:	70 93 57 14 	sts	0x1457, r23	; 0x801457 <PV_Volt_Setpoint+0x1>
    3eca:	80 93 58 14 	sts	0x1458, r24	; 0x801458 <PV_Volt_Setpoint+0x2>
    3ece:	90 93 59 14 	sts	0x1459, r25	; 0x801459 <PV_Volt_Setpoint+0x3>
    3ed2:	88 e7       	ldi	r24, 0x78	; 120
    3ed4:	90 e0       	ldi	r25, 0x00	; 0
    3ed6:	4b da       	rcall	.-2922   	; 0x336e <EEPROM_READ_FLOAT>
    3ed8:	60 93 b1 14 	sts	0x14B1, r22	; 0x8014b1 <PV_Curr_Setpoint>
    3edc:	70 93 b2 14 	sts	0x14B2, r23	; 0x8014b2 <PV_Curr_Setpoint+0x1>
    3ee0:	80 93 b3 14 	sts	0x14B3, r24	; 0x8014b3 <PV_Curr_Setpoint+0x2>
    3ee4:	90 93 b4 14 	sts	0x14B4, r25	; 0x8014b4 <PV_Curr_Setpoint+0x3>
    3ee8:	87 e7       	ldi	r24, 0x77	; 119
    3eea:	90 e0       	ldi	r25, 0x00	; 0
    3eec:	0e 94 0d 4e 	call	0x9c1a	; 0x9c1a <eeprom_read_byte>
    3ef0:	80 93 cb 14 	sts	0x14CB, r24	; 0x8014cb <FAN_CTR_State>
    3ef4:	83 e7       	ldi	r24, 0x73	; 115
    3ef6:	90 e0       	ldi	r25, 0x00	; 0
    3ef8:	3a da       	rcall	.-2956   	; 0x336e <EEPROM_READ_FLOAT>
    3efa:	60 93 52 14 	sts	0x1452, r22	; 0x801452 <FAN_NTC1_T_On>
    3efe:	70 93 53 14 	sts	0x1453, r23	; 0x801453 <FAN_NTC1_T_On+0x1>
    3f02:	80 93 54 14 	sts	0x1454, r24	; 0x801454 <FAN_NTC1_T_On+0x2>
    3f06:	90 93 55 14 	sts	0x1455, r25	; 0x801455 <FAN_NTC1_T_On+0x3>
    3f0a:	8f e6       	ldi	r24, 0x6F	; 111
    3f0c:	90 e0       	ldi	r25, 0x00	; 0
    3f0e:	2f da       	rcall	.-2978   	; 0x336e <EEPROM_READ_FLOAT>
    3f10:	60 93 82 14 	sts	0x1482, r22	; 0x801482 <FAN_NTC1_T_Off>
    3f14:	70 93 83 14 	sts	0x1483, r23	; 0x801483 <FAN_NTC1_T_Off+0x1>
    3f18:	80 93 84 14 	sts	0x1484, r24	; 0x801484 <FAN_NTC1_T_Off+0x2>
    3f1c:	90 93 85 14 	sts	0x1485, r25	; 0x801485 <FAN_NTC1_T_Off+0x3>
    3f20:	8b e6       	ldi	r24, 0x6B	; 107
    3f22:	90 e0       	ldi	r25, 0x00	; 0
    3f24:	24 da       	rcall	.-3000   	; 0x336e <EEPROM_READ_FLOAT>
    3f26:	60 93 72 14 	sts	0x1472, r22	; 0x801472 <FAN_NTC2_T_On>
    3f2a:	70 93 73 14 	sts	0x1473, r23	; 0x801473 <FAN_NTC2_T_On+0x1>
    3f2e:	80 93 74 14 	sts	0x1474, r24	; 0x801474 <FAN_NTC2_T_On+0x2>
    3f32:	90 93 75 14 	sts	0x1475, r25	; 0x801475 <FAN_NTC2_T_On+0x3>
    3f36:	87 e6       	ldi	r24, 0x67	; 103
    3f38:	90 e0       	ldi	r25, 0x00	; 0
    3f3a:	19 da       	rcall	.-3022   	; 0x336e <EEPROM_READ_FLOAT>
    3f3c:	60 93 cc 14 	sts	0x14CC, r22	; 0x8014cc <FAN_NTC2_T_Off>
    3f40:	70 93 cd 14 	sts	0x14CD, r23	; 0x8014cd <FAN_NTC2_T_Off+0x1>
    3f44:	80 93 ce 14 	sts	0x14CE, r24	; 0x8014ce <FAN_NTC2_T_Off+0x2>
    3f48:	90 93 cf 14 	sts	0x14CF, r25	; 0x8014cf <FAN_NTC2_T_Off+0x3>
    3f4c:	83 e6       	ldi	r24, 0x63	; 99
    3f4e:	90 e0       	ldi	r25, 0x00	; 0
    3f50:	0e da       	rcall	.-3044   	; 0x336e <EEPROM_READ_FLOAT>
    3f52:	60 93 8a 14 	sts	0x148A, r22	; 0x80148a <FAN_Power_On>
    3f56:	70 93 8b 14 	sts	0x148B, r23	; 0x80148b <FAN_Power_On+0x1>
    3f5a:	80 93 8c 14 	sts	0x148C, r24	; 0x80148c <FAN_Power_On+0x2>
    3f5e:	90 93 8d 14 	sts	0x148D, r25	; 0x80148d <FAN_Power_On+0x3>
    3f62:	8f e5       	ldi	r24, 0x5F	; 95
    3f64:	90 e0       	ldi	r25, 0x00	; 0
    3f66:	03 da       	rcall	.-3066   	; 0x336e <EEPROM_READ_FLOAT>
    3f68:	60 93 7a 14 	sts	0x147A, r22	; 0x80147a <FAN_Power_Off>
    3f6c:	70 93 7b 14 	sts	0x147B, r23	; 0x80147b <FAN_Power_Off+0x1>
    3f70:	80 93 7c 14 	sts	0x147C, r24	; 0x80147c <FAN_Power_Off+0x2>
    3f74:	90 93 7d 14 	sts	0x147D, r25	; 0x80147d <FAN_Power_Off+0x3>
    3f78:	8d e5       	ldi	r24, 0x5D	; 93
    3f7a:	90 e0       	ldi	r25, 0x00	; 0
    3f7c:	be dc       	rcall	.-1668   	; 0x38fa <EEPROM_READ_UINT16>
    3f7e:	90 93 a8 14 	sts	0x14A8, r25	; 0x8014a8 <FAN_Switch_Timer_Max+0x1>
    3f82:	80 93 a7 14 	sts	0x14A7, r24	; 0x8014a7 <FAN_Switch_Timer_Max>
    3f86:	82 e5       	ldi	r24, 0x52	; 82
    3f88:	90 e0       	ldi	r25, 0x00	; 0
    3f8a:	f1 d9       	rcall	.-3102   	; 0x336e <EEPROM_READ_FLOAT>
    3f8c:	60 93 22 14 	sts	0x1422, r22	; 0x801422 <TEMP_MAX_Heat_NTC>
    3f90:	70 93 23 14 	sts	0x1423, r23	; 0x801423 <TEMP_MAX_Heat_NTC+0x1>
    3f94:	80 93 24 14 	sts	0x1424, r24	; 0x801424 <TEMP_MAX_Heat_NTC+0x2>
    3f98:	90 93 25 14 	sts	0x1425, r25	; 0x801425 <TEMP_MAX_Heat_NTC+0x3>
    3f9c:	81 e5       	ldi	r24, 0x51	; 81
    3f9e:	90 e0       	ldi	r25, 0x00	; 0
    3fa0:	0e 94 0d 4e 	call	0x9c1a	; 0x9c1a <eeprom_read_byte>
    3fa4:	80 93 34 14 	sts	0x1434, r24	; 0x801434 <TEMP_Heat_dissipation_devices>
    3fa8:	5f c2       	rjmp	.+1214   	; 0x4468 <__stack+0x369>
    3faa:	68 e7       	ldi	r22, 0x78	; 120
    3fac:	72 e0       	ldi	r23, 0x02	; 2
    3fae:	8d e3       	ldi	r24, 0x3D	; 61
    3fb0:	94 e1       	ldi	r25, 0x14	; 20
    3fb2:	0e 94 09 0c 	call	0x1812	; 0x1812 <Copy_String>
    3fb6:	81 e0       	ldi	r24, 0x01	; 1
    3fb8:	80 93 2d 14 	sts	0x142D, r24	; 0x80142d <SysConfig>
    3fbc:	93 e0       	ldi	r25, 0x03	; 3
    3fbe:	90 93 21 14 	sts	0x1421, r25	; 0x801421 <Temp_Sensor_Type>
    3fc2:	40 e0       	ldi	r20, 0x00	; 0
    3fc4:	54 e2       	ldi	r21, 0x24	; 36
    3fc6:	64 ef       	ldi	r22, 0xF4	; 244
    3fc8:	70 e0       	ldi	r23, 0x00	; 0
    3fca:	40 93 9b 14 	sts	0x149B, r20	; 0x80149b <F_CPU_CAL>
    3fce:	50 93 9c 14 	sts	0x149C, r21	; 0x80149c <F_CPU_CAL+0x1>
    3fd2:	60 93 9d 14 	sts	0x149D, r22	; 0x80149d <F_CPU_CAL+0x2>
    3fd6:	70 93 9e 14 	sts	0x149E, r23	; 0x80149e <F_CPU_CAL+0x3>
    3fda:	95 e0       	ldi	r25, 0x05	; 5
    3fdc:	90 93 30 14 	sts	0x1430, r25	; 0x801430 <Timer_Control_Match>
    3fe0:	24 e6       	ldi	r18, 0x64	; 100
    3fe2:	20 93 2e 14 	sts	0x142E, r18	; 0x80142e <Timer_Temp_Meas_Match>
    3fe6:	2a e0       	ldi	r18, 0x0A	; 10
    3fe8:	20 93 b7 06 	sts	0x06B7, r18	; 0x8006b7 <IV_Meas_Points>
    3fec:	e1 e0       	ldi	r30, 0x01	; 1
    3fee:	f0 e0       	ldi	r31, 0x00	; 0
    3ff0:	f0 93 8d 10 	sts	0x108D, r31	; 0x80108d <ADC_Num_Avr_VoltCurr+0x1>
    3ff4:	e0 93 8c 10 	sts	0x108C, r30	; 0x80108c <ADC_Num_Avr_VoltCurr>
    3ff8:	80 93 10 14 	sts	0x1410, r24	; 0x801410 <ADC_Cycl_Avr_VoltCurr>
    3ffc:	80 93 48 12 	sts	0x1248, r24	; 0x801248 <ADC_Num_Avr_Other>
    4000:	10 92 ec 14 	sts	0x14EC, r1	; 0x8014ec <Range_Status_A>
    4004:	24 e0       	ldi	r18, 0x04	; 4
    4006:	20 93 10 15 	sts	0x1510, r18	; 0x801510 <Range_Volt_ID_Man>
    400a:	90 93 12 15 	sts	0x1512, r25	; 0x801512 <Range_Curr_ID_Man>
    400e:	9f ef       	ldi	r25, 0xFF	; 255
    4010:	90 93 46 15 	sts	0x1546, r25	; 0x801546 <Range_Volt_Enable>
    4014:	90 93 07 15 	sts	0x1507, r25	; 0x801507 <Range_Curr_Enable>
    4018:	2a ef       	ldi	r18, 0xFA	; 250
    401a:	30 e0       	ldi	r19, 0x00	; 0
    401c:	30 93 5f 15 	sts	0x155F, r19	; 0x80155f <Range_Volt_Switch_Freq_Ctr_Max+0x1>
    4020:	20 93 5e 15 	sts	0x155E, r18	; 0x80155e <Range_Volt_Switch_Freq_Ctr_Max>
    4024:	30 93 ee 14 	sts	0x14EE, r19	; 0x8014ee <Range_Curr_Switch_Freq_Ctr_Max+0x1>
    4028:	20 93 ed 14 	sts	0x14ED, r18	; 0x8014ed <Range_Curr_Switch_Freq_Ctr_Max>
    402c:	24 e6       	ldi	r18, 0x64	; 100
    402e:	30 e0       	ldi	r19, 0x00	; 0
    4030:	30 93 5f 15 	sts	0x155F, r19	; 0x80155f <Range_Volt_Switch_Freq_Ctr_Max+0x1>
    4034:	20 93 5e 15 	sts	0x155E, r18	; 0x80155e <Range_Volt_Switch_Freq_Ctr_Max>
    4038:	30 93 ee 14 	sts	0x14EE, r19	; 0x8014ee <Range_Curr_Switch_Freq_Ctr_Max+0x1>
    403c:	20 93 ed 14 	sts	0x14ED, r18	; 0x8014ed <Range_Curr_Switch_Freq_Ctr_Max>
    4040:	10 92 c6 02 	sts	0x02C6, r1	; 0x8002c6 <IV_Mode>
    4044:	46 ea       	ldi	r20, 0xA6	; 166
    4046:	5f e0       	ldi	r21, 0x0F	; 15
    4048:	69 ec       	ldi	r22, 0xC9	; 201
    404a:	7f e3       	ldi	r23, 0x3F	; 63
    404c:	40 93 ae 02 	sts	0x02AE, r20	; 0x8002ae <IV_Cos_Max_Phase>
    4050:	50 93 af 02 	sts	0x02AF, r21	; 0x8002af <IV_Cos_Max_Phase+0x1>
    4054:	60 93 b0 02 	sts	0x02B0, r22	; 0x8002b0 <IV_Cos_Max_Phase+0x2>
    4058:	70 93 b1 02 	sts	0x02B1, r23	; 0x8002b1 <IV_Cos_Max_Phase+0x3>
    405c:	4e ea       	ldi	r20, 0xAE	; 174
    405e:	57 e4       	ldi	r21, 0x47	; 71
    4060:	61 e8       	ldi	r22, 0x81	; 129
    4062:	7f e3       	ldi	r23, 0x3F	; 63
    4064:	40 93 a9 0a 	sts	0x0AA9, r20	; 0x800aa9 <IV_Voc_Overshoot_Fact>
    4068:	50 93 aa 0a 	sts	0x0AAA, r21	; 0x800aaa <IV_Voc_Overshoot_Fact+0x1>
    406c:	60 93 ab 0a 	sts	0x0AAB, r22	; 0x800aab <IV_Voc_Overshoot_Fact+0x2>
    4070:	70 93 ac 0a 	sts	0x0AAC, r23	; 0x800aac <IV_Voc_Overshoot_Fact+0x3>
    4074:	80 93 c1 02 	sts	0x02C1, r24	; 0x8002c1 <IV_Point_Meas_Nu_AVR_Sets>
    4078:	80 93 b2 02 	sts	0x02B2, r24	; 0x8002b2 <IV_Point_Meas_Nu_AVR_VoltCurr>
    407c:	85 e0       	ldi	r24, 0x05	; 5
    407e:	90 e0       	ldi	r25, 0x00	; 0
    4080:	90 93 b9 02 	sts	0x02B9, r25	; 0x8002b9 <IV_Point_Set_Delay_ms+0x1>
    4084:	80 93 b8 02 	sts	0x02B8, r24	; 0x8002b8 <IV_Point_Set_Delay_ms>
    4088:	10 92 9a 0e 	sts	0x0E9A, r1	; 0x800e9a <PI_CTR_Prop_ID_Man>
    408c:	10 92 9b 0e 	sts	0x0E9B, r1	; 0x800e9b <PI_CTR_Int_ID_Man>
    4090:	10 92 fb 13 	sts	0x13FB, r1	; 0x8013fb <CAL_Bias_A0>
    4094:	10 92 fc 13 	sts	0x13FC, r1	; 0x8013fc <CAL_Bias_A0+0x1>
    4098:	10 92 fd 13 	sts	0x13FD, r1	; 0x8013fd <CAL_Bias_A0+0x2>
    409c:	10 92 fe 13 	sts	0x13FE, r1	; 0x8013fe <CAL_Bias_A0+0x3>
    40a0:	80 e0       	ldi	r24, 0x00	; 0
    40a2:	90 e0       	ldi	r25, 0x00	; 0
    40a4:	a0 e8       	ldi	r26, 0x80	; 128
    40a6:	bf e3       	ldi	r27, 0x3F	; 63
    40a8:	80 93 43 12 	sts	0x1243, r24	; 0x801243 <CAL_Bias_A1>
    40ac:	90 93 44 12 	sts	0x1244, r25	; 0x801244 <CAL_Bias_A1+0x1>
    40b0:	a0 93 45 12 	sts	0x1245, r26	; 0x801245 <CAL_Bias_A1+0x2>
    40b4:	b0 93 46 12 	sts	0x1246, r27	; 0x801246 <CAL_Bias_A1+0x3>
    40b8:	10 92 62 12 	sts	0x1262, r1	; 0x801262 <CAL_RTD_A0>
    40bc:	10 92 63 12 	sts	0x1263, r1	; 0x801263 <CAL_RTD_A0+0x1>
    40c0:	10 92 64 12 	sts	0x1264, r1	; 0x801264 <CAL_RTD_A0+0x2>
    40c4:	10 92 65 12 	sts	0x1265, r1	; 0x801265 <CAL_RTD_A0+0x3>
    40c8:	80 93 3f 12 	sts	0x123F, r24	; 0x80123f <CAL_RTD_A1>
    40cc:	90 93 40 12 	sts	0x1240, r25	; 0x801240 <CAL_RTD_A1+0x1>
    40d0:	a0 93 41 12 	sts	0x1241, r26	; 0x801241 <CAL_RTD_A1+0x2>
    40d4:	b0 93 42 12 	sts	0x1242, r27	; 0x801242 <CAL_RTD_A1+0x3>
    40d8:	10 92 ff 13 	sts	0x13FF, r1	; 0x8013ff <CAL_RTD_A2>
    40dc:	10 92 00 14 	sts	0x1400, r1	; 0x801400 <CAL_RTD_A2+0x1>
    40e0:	10 92 01 14 	sts	0x1401, r1	; 0x801401 <CAL_RTD_A2+0x2>
    40e4:	10 92 02 14 	sts	0x1402, r1	; 0x801402 <CAL_RTD_A2+0x3>
    40e8:	2f ea       	ldi	r18, 0xAF	; 175
    40ea:	c2 2e       	mov	r12, r18
    40ec:	23 e2       	ldi	r18, 0x23	; 35
    40ee:	d2 2e       	mov	r13, r18
    40f0:	2e ee       	ldi	r18, 0xEE	; 238
    40f2:	e2 2e       	mov	r14, r18
    40f4:	2e e3       	ldi	r18, 0x3E	; 62
    40f6:	f2 2e       	mov	r15, r18
    40f8:	c0 92 19 14 	sts	0x1419, r12	; 0x801419 <CAL_NTC_1_InvGain>
    40fc:	d0 92 1a 14 	sts	0x141A, r13	; 0x80141a <CAL_NTC_1_InvGain+0x1>
    4100:	e0 92 1b 14 	sts	0x141B, r14	; 0x80141b <CAL_NTC_1_InvGain+0x2>
    4104:	f0 92 1c 14 	sts	0x141C, r15	; 0x80141c <CAL_NTC_1_InvGain+0x3>
    4108:	00 e0       	ldi	r16, 0x00	; 0
    410a:	10 e5       	ldi	r17, 0x50	; 80
    410c:	23 e4       	ldi	r18, 0x43	; 67
    410e:	37 e4       	ldi	r19, 0x47	; 71
    4110:	00 93 0c 14 	sts	0x140C, r16	; 0x80140c <CAL_NTC_1_RSer>
    4114:	10 93 0d 14 	sts	0x140D, r17	; 0x80140d <CAL_NTC_1_RSer+0x1>
    4118:	20 93 0e 14 	sts	0x140E, r18	; 0x80140e <CAL_NTC_1_RSer+0x2>
    411c:	30 93 0f 14 	sts	0x140F, r19	; 0x80140f <CAL_NTC_1_RSer+0x3>
    4120:	47 e1       	ldi	r20, 0x17	; 23
    4122:	57 eb       	ldi	r21, 0xB7	; 183
    4124:	61 ed       	ldi	r22, 0xD1	; 209
    4126:	78 e3       	ldi	r23, 0x38	; 56
    4128:	40 93 8e 10 	sts	0x108E, r20	; 0x80108e <CAL_NTC_1_InvR25>
    412c:	50 93 8f 10 	sts	0x108F, r21	; 0x80108f <CAL_NTC_1_InvR25+0x1>
    4130:	60 93 90 10 	sts	0x1090, r22	; 0x801090 <CAL_NTC_1_InvR25+0x2>
    4134:	70 93 91 10 	sts	0x1091, r23	; 0x801091 <CAL_NTC_1_InvR25+0x3>
    4138:	0f 2e       	mov	r0, r31
    413a:	f9 e9       	ldi	r31, 0x99	; 153
    413c:	8f 2e       	mov	r8, r31
    413e:	f1 ea       	ldi	r31, 0xA1	; 161
    4140:	9f 2e       	mov	r9, r31
    4142:	f8 e9       	ldi	r31, 0x98	; 152
    4144:	af 2e       	mov	r10, r31
    4146:	f9 e3       	ldi	r31, 0x39	; 57
    4148:	bf 2e       	mov	r11, r31
    414a:	f0 2d       	mov	r31, r0
    414c:	80 92 04 14 	sts	0x1404, r8	; 0x801404 <CAL_NTC_1_InvBeta>
    4150:	90 92 05 14 	sts	0x1405, r9	; 0x801405 <CAL_NTC_1_InvBeta+0x1>
    4154:	a0 92 06 14 	sts	0x1406, r10	; 0x801406 <CAL_NTC_1_InvBeta+0x2>
    4158:	b0 92 07 14 	sts	0x1407, r11	; 0x801407 <CAL_NTC_1_InvBeta+0x3>
    415c:	c0 92 1d 14 	sts	0x141D, r12	; 0x80141d <CAL_NTC_2_InvGain>
    4160:	d0 92 1e 14 	sts	0x141E, r13	; 0x80141e <CAL_NTC_2_InvGain+0x1>
    4164:	e0 92 1f 14 	sts	0x141F, r14	; 0x80141f <CAL_NTC_2_InvGain+0x2>
    4168:	f0 92 20 14 	sts	0x1420, r15	; 0x801420 <CAL_NTC_2_InvGain+0x3>
    416c:	00 93 9f 10 	sts	0x109F, r16	; 0x80109f <CAL_NTC_2_RSer>
    4170:	10 93 a0 10 	sts	0x10A0, r17	; 0x8010a0 <CAL_NTC_2_RSer+0x1>
    4174:	20 93 a1 10 	sts	0x10A1, r18	; 0x8010a1 <CAL_NTC_2_RSer+0x2>
    4178:	30 93 a2 10 	sts	0x10A2, r19	; 0x8010a2 <CAL_NTC_2_RSer+0x3>
    417c:	40 93 5e 12 	sts	0x125E, r20	; 0x80125e <CAL_NTC_2_InvR25>
    4180:	50 93 5f 12 	sts	0x125F, r21	; 0x80125f <CAL_NTC_2_InvR25+0x1>
    4184:	60 93 60 12 	sts	0x1260, r22	; 0x801260 <CAL_NTC_2_InvR25+0x2>
    4188:	70 93 61 12 	sts	0x1261, r23	; 0x801261 <CAL_NTC_2_InvR25+0x3>
    418c:	4d e5       	ldi	r20, 0x5D	; 93
    418e:	57 e7       	ldi	r21, 0x77	; 119
    4190:	63 e8       	ldi	r22, 0x83	; 131
    4192:	79 e3       	ldi	r23, 0x39	; 57
    4194:	40 93 52 12 	sts	0x1252, r20	; 0x801252 <CAL_NTC_2_InvBeta>
    4198:	50 93 53 12 	sts	0x1253, r21	; 0x801253 <CAL_NTC_2_InvBeta+0x1>
    419c:	60 93 54 12 	sts	0x1254, r22	; 0x801254 <CAL_NTC_2_InvBeta+0x2>
    41a0:	70 93 55 12 	sts	0x1255, r23	; 0x801255 <CAL_NTC_2_InvBeta+0x3>
    41a4:	40 e0       	ldi	r20, 0x00	; 0
    41a6:	50 e0       	ldi	r21, 0x00	; 0
    41a8:	62 e2       	ldi	r22, 0x22	; 34
    41aa:	74 e4       	ldi	r23, 0x44	; 68
    41ac:	40 93 08 14 	sts	0x1408, r20	; 0x801408 <CAL_DAC_A0>
    41b0:	50 93 09 14 	sts	0x1409, r21	; 0x801409 <CAL_DAC_A0+0x1>
    41b4:	60 93 0a 14 	sts	0x140A, r22	; 0x80140a <CAL_DAC_A0+0x2>
    41b8:	70 93 0b 14 	sts	0x140B, r23	; 0x80140b <CAL_DAC_A0+0x3>
    41bc:	80 93 93 10 	sts	0x1093, r24	; 0x801093 <CAL_DAC_A1>
    41c0:	90 93 94 10 	sts	0x1094, r25	; 0x801094 <CAL_DAC_A1+0x1>
    41c4:	a0 93 95 10 	sts	0x1095, r26	; 0x801095 <CAL_DAC_A1+0x2>
    41c8:	b0 93 96 10 	sts	0x1096, r27	; 0x801096 <CAL_DAC_A1+0x3>
    41cc:	10 92 a3 14 	sts	0x14A3, r1	; 0x8014a3 <Temp_NTC1_MIN_DisCon>
    41d0:	10 92 a4 14 	sts	0x14A4, r1	; 0x8014a4 <Temp_NTC1_MIN_DisCon+0x1>
    41d4:	10 92 a5 14 	sts	0x14A5, r1	; 0x8014a5 <Temp_NTC1_MIN_DisCon+0x2>
    41d8:	10 92 a6 14 	sts	0x14A6, r1	; 0x8014a6 <Temp_NTC1_MIN_DisCon+0x3>
    41dc:	40 e0       	ldi	r20, 0x00	; 0
    41de:	50 e0       	ldi	r21, 0x00	; 0
    41e0:	60 e2       	ldi	r22, 0x20	; 32
    41e2:	72 e4       	ldi	r23, 0x42	; 66
    41e4:	40 93 61 14 	sts	0x1461, r20	; 0x801461 <Temp_NTC1_MAX_DisCon>
    41e8:	50 93 62 14 	sts	0x1462, r21	; 0x801462 <Temp_NTC1_MAX_DisCon+0x1>
    41ec:	60 93 63 14 	sts	0x1463, r22	; 0x801463 <Temp_NTC1_MAX_DisCon+0x2>
    41f0:	70 93 64 14 	sts	0x1464, r23	; 0x801464 <Temp_NTC1_MAX_DisCon+0x3>
    41f4:	40 e0       	ldi	r20, 0x00	; 0
    41f6:	50 e0       	ldi	r21, 0x00	; 0
    41f8:	60 ea       	ldi	r22, 0xA0	; 160
    41fa:	70 e4       	ldi	r23, 0x40	; 64
    41fc:	40 93 6a 14 	sts	0x146A, r20	; 0x80146a <Temp_NTC1_MIN_ReCon>
    4200:	50 93 6b 14 	sts	0x146B, r21	; 0x80146b <Temp_NTC1_MIN_ReCon+0x1>
    4204:	60 93 6c 14 	sts	0x146C, r22	; 0x80146c <Temp_NTC1_MIN_ReCon+0x2>
    4208:	70 93 6d 14 	sts	0x146D, r23	; 0x80146d <Temp_NTC1_MIN_ReCon+0x3>
    420c:	00 e0       	ldi	r16, 0x00	; 0
    420e:	10 e0       	ldi	r17, 0x00	; 0
    4210:	2c e0       	ldi	r18, 0x0C	; 12
    4212:	32 e4       	ldi	r19, 0x42	; 66
    4214:	00 93 76 14 	sts	0x1476, r16	; 0x801476 <Temp_NTC1_MAX_ReCon>
    4218:	10 93 77 14 	sts	0x1477, r17	; 0x801477 <Temp_NTC1_MAX_ReCon+0x1>
    421c:	20 93 78 14 	sts	0x1478, r18	; 0x801478 <Temp_NTC1_MAX_ReCon+0x2>
    4220:	30 93 79 14 	sts	0x1479, r19	; 0x801479 <Temp_NTC1_MAX_ReCon+0x3>
    4224:	10 92 93 14 	sts	0x1493, r1	; 0x801493 <Temp_NTC2_MIN_DisCon>
    4228:	10 92 94 14 	sts	0x1494, r1	; 0x801494 <Temp_NTC2_MIN_DisCon+0x1>
    422c:	10 92 95 14 	sts	0x1495, r1	; 0x801495 <Temp_NTC2_MIN_DisCon+0x2>
    4230:	10 92 96 14 	sts	0x1496, r1	; 0x801496 <Temp_NTC2_MIN_DisCon+0x3>
    4234:	00 e0       	ldi	r16, 0x00	; 0
    4236:	10 e0       	ldi	r17, 0x00	; 0
    4238:	20 ea       	ldi	r18, 0xA0	; 160
    423a:	32 e4       	ldi	r19, 0x42	; 66
    423c:	00 93 39 14 	sts	0x1439, r16	; 0x801439 <Temp_NTC2_MAX_DisCon>
    4240:	10 93 3a 14 	sts	0x143A, r17	; 0x80143a <Temp_NTC2_MAX_DisCon+0x1>
    4244:	20 93 3b 14 	sts	0x143B, r18	; 0x80143b <Temp_NTC2_MAX_DisCon+0x2>
    4248:	30 93 3c 14 	sts	0x143C, r19	; 0x80143c <Temp_NTC2_MAX_DisCon+0x3>
    424c:	40 93 d0 14 	sts	0x14D0, r20	; 0x8014d0 <Temp_NTC2_MIN_ReCon>
    4250:	50 93 d1 14 	sts	0x14D1, r21	; 0x8014d1 <Temp_NTC2_MIN_ReCon+0x1>
    4254:	60 93 d2 14 	sts	0x14D2, r22	; 0x8014d2 <Temp_NTC2_MIN_ReCon+0x2>
    4258:	70 93 d3 14 	sts	0x14D3, r23	; 0x8014d3 <Temp_NTC2_MIN_ReCon+0x3>
    425c:	00 e0       	ldi	r16, 0x00	; 0
    425e:	10 e0       	ldi	r17, 0x00	; 0
    4260:	20 e7       	ldi	r18, 0x70	; 112
    4262:	32 e4       	ldi	r19, 0x42	; 66
    4264:	00 93 9f 14 	sts	0x149F, r16	; 0x80149f <Temp_NTC2_MAX_ReCon>
    4268:	10 93 a0 14 	sts	0x14A0, r17	; 0x8014a0 <Temp_NTC2_MAX_ReCon+0x1>
    426c:	20 93 a1 14 	sts	0x14A1, r18	; 0x8014a1 <Temp_NTC2_MAX_ReCon+0x2>
    4270:	30 93 a2 14 	sts	0x14A2, r19	; 0x8014a2 <Temp_NTC2_MAX_ReCon+0x3>
    4274:	00 e0       	ldi	r16, 0x00	; 0
    4276:	10 e6       	ldi	r17, 0x60	; 96
    4278:	2a e6       	ldi	r18, 0x6A	; 106
    427a:	36 e4       	ldi	r19, 0x46	; 70
    427c:	00 93 ba 02 	sts	0x02BA, r16	; 0x8002ba <BiasV_Range_Min>
    4280:	10 93 bb 02 	sts	0x02BB, r17	; 0x8002bb <BiasV_Range_Min+0x1>
    4284:	20 93 bc 02 	sts	0x02BC, r18	; 0x8002bc <BiasV_Range_Min+0x2>
    4288:	30 93 bd 02 	sts	0x02BD, r19	; 0x8002bd <BiasV_Range_Min+0x3>
    428c:	00 e0       	ldi	r16, 0x00	; 0
    428e:	18 ec       	ldi	r17, 0xC8	; 200
    4290:	2f e2       	ldi	r18, 0x2F	; 47
    4292:	37 e4       	ldi	r19, 0x47	; 71
    4294:	00 93 aa 02 	sts	0x02AA, r16	; 0x8002aa <__data_end>
    4298:	10 93 ab 02 	sts	0x02AB, r17	; 0x8002ab <__data_end+0x1>
    429c:	20 93 ac 02 	sts	0x02AC, r18	; 0x8002ac <__data_end+0x2>
    42a0:	30 93 ad 02 	sts	0x02AD, r19	; 0x8002ad <__data_end+0x3>
    42a4:	41 2c       	mov	r4, r1
    42a6:	51 2c       	mov	r5, r1
    42a8:	2a e7       	ldi	r18, 0x7A	; 122
    42aa:	62 2e       	mov	r6, r18
    42ac:	24 e4       	ldi	r18, 0x44	; 68
    42ae:	72 2e       	mov	r7, r18
    42b0:	40 92 8e 14 	sts	0x148E, r4	; 0x80148e <LOAD_MPPT_Max_Step_CND>
    42b4:	50 92 8f 14 	sts	0x148F, r5	; 0x80148f <LOAD_MPPT_Max_Step_CND+0x1>
    42b8:	60 92 90 14 	sts	0x1490, r6	; 0x801490 <LOAD_MPPT_Max_Step_CND+0x2>
    42bc:	70 92 91 14 	sts	0x1491, r7	; 0x801491 <LOAD_MPPT_Max_Step_CND+0x3>
    42c0:	00 e0       	ldi	r16, 0x00	; 0
    42c2:	10 e0       	ldi	r17, 0x00	; 0
    42c4:	20 e2       	ldi	r18, 0x20	; 32
    42c6:	31 e4       	ldi	r19, 0x41	; 65
    42c8:	00 93 c1 14 	sts	0x14C1, r16	; 0x8014c1 <LOAD_MPPT_Min_Step_CND>
    42cc:	10 93 c2 14 	sts	0x14C2, r17	; 0x8014c2 <LOAD_MPPT_Min_Step_CND+0x1>
    42d0:	20 93 c3 14 	sts	0x14C3, r18	; 0x8014c3 <LOAD_MPPT_Min_Step_CND+0x2>
    42d4:	30 93 c4 14 	sts	0x14C4, r19	; 0x8014c4 <LOAD_MPPT_Min_Step_CND+0x3>
    42d8:	0f 2e       	mov	r0, r31
    42da:	fa e9       	ldi	r31, 0x9A	; 154
    42dc:	8f 2e       	mov	r8, r31
    42de:	f9 e9       	ldi	r31, 0x99	; 153
    42e0:	9f 2e       	mov	r9, r31
    42e2:	a9 2c       	mov	r10, r9
    42e4:	ff e3       	ldi	r31, 0x3F	; 63
    42e6:	bf 2e       	mov	r11, r31
    42e8:	f0 2d       	mov	r31, r0
    42ea:	80 92 7e 14 	sts	0x147E, r8	; 0x80147e <LOAD_MPPT_Step_Increase_Fact>
    42ee:	90 92 7f 14 	sts	0x147F, r9	; 0x80147f <LOAD_MPPT_Step_Increase_Fact+0x1>
    42f2:	a0 92 80 14 	sts	0x1480, r10	; 0x801480 <LOAD_MPPT_Step_Increase_Fact+0x2>
    42f6:	b0 92 81 14 	sts	0x1481, r11	; 0x801481 <LOAD_MPPT_Step_Increase_Fact+0x3>
    42fa:	0f 2e       	mov	r0, r31
    42fc:	fa e9       	ldi	r31, 0x9A	; 154
    42fe:	cf 2e       	mov	r12, r31
    4300:	f9 e9       	ldi	r31, 0x99	; 153
    4302:	df 2e       	mov	r13, r31
    4304:	f9 e1       	ldi	r31, 0x19	; 25
    4306:	ef 2e       	mov	r14, r31
    4308:	ff e3       	ldi	r31, 0x3F	; 63
    430a:	ff 2e       	mov	r15, r31
    430c:	f0 2d       	mov	r31, r0
    430e:	c0 92 ac 14 	sts	0x14AC, r12	; 0x8014ac <LOAD_MPPT_Step_Reduction_Fact>
    4312:	d0 92 ad 14 	sts	0x14AD, r13	; 0x8014ad <LOAD_MPPT_Step_Reduction_Fact+0x1>
    4316:	e0 92 ae 14 	sts	0x14AE, r14	; 0x8014ae <LOAD_MPPT_Step_Reduction_Fact+0x2>
    431a:	f0 92 af 14 	sts	0x14AF, r15	; 0x8014af <LOAD_MPPT_Step_Reduction_Fact+0x3>
    431e:	0f 2e       	mov	r0, r31
    4320:	c1 2c       	mov	r12, r1
    4322:	f4 e2       	ldi	r31, 0x24	; 36
    4324:	df 2e       	mov	r13, r31
    4326:	f4 e7       	ldi	r31, 0x74	; 116
    4328:	ef 2e       	mov	r14, r31
    432a:	f9 e4       	ldi	r31, 0x49	; 73
    432c:	ff 2e       	mov	r15, r31
    432e:	f0 2d       	mov	r31, r0
    4330:	c0 92 b9 14 	sts	0x14B9, r12	; 0x8014b9 <LOAD_MPPT_Tolerance_CND>
    4334:	d0 92 ba 14 	sts	0x14BA, r13	; 0x8014ba <LOAD_MPPT_Tolerance_CND+0x1>
    4338:	e0 92 bb 14 	sts	0x14BB, r14	; 0x8014bb <LOAD_MPPT_Tolerance_CND+0x2>
    433c:	f0 92 bc 14 	sts	0x14BC, r15	; 0x8014bc <LOAD_MPPT_Tolerance_CND+0x3>
    4340:	f0 93 c6 14 	sts	0x14C6, r31	; 0x8014c6 <LOAD_MPPT_Timer_Update_Delay+0x1>
    4344:	e0 93 c5 14 	sts	0x14C5, r30	; 0x8014c5 <LOAD_MPPT_Timer_Update_Delay>
    4348:	40 92 86 14 	sts	0x1486, r4	; 0x801486 <LOAD_CurrT_Max_Step_CND>
    434c:	50 92 87 14 	sts	0x1487, r5	; 0x801487 <LOAD_CurrT_Max_Step_CND+0x1>
    4350:	60 92 88 14 	sts	0x1488, r6	; 0x801488 <LOAD_CurrT_Max_Step_CND+0x2>
    4354:	70 92 89 14 	sts	0x1489, r7	; 0x801489 <LOAD_CurrT_Max_Step_CND+0x3>
    4358:	80 93 35 14 	sts	0x1435, r24	; 0x801435 <LOAD_CurrT_Min_Step_CND>
    435c:	90 93 36 14 	sts	0x1436, r25	; 0x801436 <LOAD_CurrT_Min_Step_CND+0x1>
    4360:	a0 93 37 14 	sts	0x1437, r26	; 0x801437 <LOAD_CurrT_Min_Step_CND+0x2>
    4364:	b0 93 38 14 	sts	0x1438, r27	; 0x801438 <LOAD_CurrT_Min_Step_CND+0x3>
    4368:	80 92 65 14 	sts	0x1465, r8	; 0x801465 <LOAD_CurrT_Step_Increase_Fact>
    436c:	90 92 66 14 	sts	0x1466, r9	; 0x801466 <LOAD_CurrT_Step_Increase_Fact+0x1>
    4370:	a0 92 67 14 	sts	0x1467, r10	; 0x801467 <LOAD_CurrT_Step_Increase_Fact+0x2>
    4374:	b0 92 68 14 	sts	0x1468, r11	; 0x801468 <LOAD_CurrT_Step_Increase_Fact+0x3>
    4378:	8a e9       	ldi	r24, 0x9A	; 154
    437a:	99 e9       	ldi	r25, 0x99	; 153
    437c:	a9 e1       	ldi	r26, 0x19	; 25
    437e:	bf e3       	ldi	r27, 0x3F	; 63
    4380:	80 93 b5 14 	sts	0x14B5, r24	; 0x8014b5 <LOAD_CurrT_Step_Reduction_Fact>
    4384:	90 93 b6 14 	sts	0x14B6, r25	; 0x8014b6 <LOAD_CurrT_Step_Reduction_Fact+0x1>
    4388:	a0 93 b7 14 	sts	0x14B7, r26	; 0x8014b7 <LOAD_CurrT_Step_Reduction_Fact+0x2>
    438c:	b0 93 b8 14 	sts	0x14B8, r27	; 0x8014b8 <LOAD_CurrT_Step_Reduction_Fact+0x3>
    4390:	00 93 6e 14 	sts	0x146E, r16	; 0x80146e <LOAD_CurrT_Tolerance_CND>
    4394:	10 93 6f 14 	sts	0x146F, r17	; 0x80146f <LOAD_CurrT_Tolerance_CND+0x1>
    4398:	20 93 70 14 	sts	0x1470, r18	; 0x801470 <LOAD_CurrT_Tolerance_CND+0x2>
    439c:	30 93 71 14 	sts	0x1471, r19	; 0x801471 <LOAD_CurrT_Tolerance_CND+0x3>
    43a0:	10 92 2b 14 	sts	0x142B, r1	; 0x80142b <SysControl>
    43a4:	10 92 a9 14 	sts	0x14A9, r1	; 0x8014a9 <PV_Mode_CTR>
    43a8:	10 92 56 14 	sts	0x1456, r1	; 0x801456 <PV_Volt_Setpoint>
    43ac:	10 92 57 14 	sts	0x1457, r1	; 0x801457 <PV_Volt_Setpoint+0x1>
    43b0:	10 92 58 14 	sts	0x1458, r1	; 0x801458 <PV_Volt_Setpoint+0x2>
    43b4:	10 92 59 14 	sts	0x1459, r1	; 0x801459 <PV_Volt_Setpoint+0x3>
    43b8:	10 92 b1 14 	sts	0x14B1, r1	; 0x8014b1 <PV_Curr_Setpoint>
    43bc:	10 92 b2 14 	sts	0x14B2, r1	; 0x8014b2 <PV_Curr_Setpoint+0x1>
    43c0:	10 92 b3 14 	sts	0x14B3, r1	; 0x8014b3 <PV_Curr_Setpoint+0x2>
    43c4:	10 92 b4 14 	sts	0x14B4, r1	; 0x8014b4 <PV_Curr_Setpoint+0x3>
    43c8:	10 92 cb 14 	sts	0x14CB, r1	; 0x8014cb <FAN_CTR_State>
    43cc:	c1 2c       	mov	r12, r1
    43ce:	d1 2c       	mov	r13, r1
    43d0:	80 ef       	ldi	r24, 0xF0	; 240
    43d2:	e8 2e       	mov	r14, r24
    43d4:	81 e4       	ldi	r24, 0x41	; 65
    43d6:	f8 2e       	mov	r15, r24
    43d8:	c0 92 52 14 	sts	0x1452, r12	; 0x801452 <FAN_NTC1_T_On>
    43dc:	d0 92 53 14 	sts	0x1453, r13	; 0x801453 <FAN_NTC1_T_On+0x1>
    43e0:	e0 92 54 14 	sts	0x1454, r14	; 0x801454 <FAN_NTC1_T_On+0x2>
    43e4:	f0 92 55 14 	sts	0x1455, r15	; 0x801455 <FAN_NTC1_T_On+0x3>
    43e8:	80 e0       	ldi	r24, 0x00	; 0
    43ea:	90 e0       	ldi	r25, 0x00	; 0
    43ec:	a8 ec       	ldi	r26, 0xC8	; 200
    43ee:	b1 e4       	ldi	r27, 0x41	; 65
    43f0:	80 93 82 14 	sts	0x1482, r24	; 0x801482 <FAN_NTC1_T_Off>
    43f4:	90 93 83 14 	sts	0x1483, r25	; 0x801483 <FAN_NTC1_T_Off+0x1>
    43f8:	a0 93 84 14 	sts	0x1484, r26	; 0x801484 <FAN_NTC1_T_Off+0x2>
    43fc:	b0 93 85 14 	sts	0x1485, r27	; 0x801485 <FAN_NTC1_T_Off+0x3>
    4400:	c0 92 72 14 	sts	0x1472, r12	; 0x801472 <FAN_NTC2_T_On>
    4404:	d0 92 73 14 	sts	0x1473, r13	; 0x801473 <FAN_NTC2_T_On+0x1>
    4408:	e0 92 74 14 	sts	0x1474, r14	; 0x801474 <FAN_NTC2_T_On+0x2>
    440c:	f0 92 75 14 	sts	0x1475, r15	; 0x801475 <FAN_NTC2_T_On+0x3>
    4410:	80 93 cc 14 	sts	0x14CC, r24	; 0x8014cc <FAN_NTC2_T_Off>
    4414:	90 93 cd 14 	sts	0x14CD, r25	; 0x8014cd <FAN_NTC2_T_Off+0x1>
    4418:	a0 93 ce 14 	sts	0x14CE, r26	; 0x8014ce <FAN_NTC2_T_Off+0x2>
    441c:	b0 93 cf 14 	sts	0x14CF, r27	; 0x8014cf <FAN_NTC2_T_Off+0x3>
    4420:	00 93 8a 14 	sts	0x148A, r16	; 0x80148a <FAN_Power_On>
    4424:	10 93 8b 14 	sts	0x148B, r17	; 0x80148b <FAN_Power_On+0x1>
    4428:	20 93 8c 14 	sts	0x148C, r18	; 0x80148c <FAN_Power_On+0x2>
    442c:	30 93 8d 14 	sts	0x148D, r19	; 0x80148d <FAN_Power_On+0x3>
    4430:	40 93 7a 14 	sts	0x147A, r20	; 0x80147a <FAN_Power_Off>
    4434:	50 93 7b 14 	sts	0x147B, r21	; 0x80147b <FAN_Power_Off+0x1>
    4438:	60 93 7c 14 	sts	0x147C, r22	; 0x80147c <FAN_Power_Off+0x2>
    443c:	70 93 7d 14 	sts	0x147D, r23	; 0x80147d <FAN_Power_Off+0x3>
    4440:	80 e6       	ldi	r24, 0x60	; 96
    4442:	99 e0       	ldi	r25, 0x09	; 9
    4444:	90 93 a8 14 	sts	0x14A8, r25	; 0x8014a8 <FAN_Switch_Timer_Max+0x1>
    4448:	80 93 a7 14 	sts	0x14A7, r24	; 0x8014a7 <FAN_Switch_Timer_Max>
    444c:	80 e0       	ldi	r24, 0x00	; 0
    444e:	90 e0       	ldi	r25, 0x00	; 0
    4450:	ac e8       	ldi	r26, 0x8C	; 140
    4452:	b2 e4       	ldi	r27, 0x42	; 66
    4454:	80 93 22 14 	sts	0x1422, r24	; 0x801422 <TEMP_MAX_Heat_NTC>
    4458:	90 93 23 14 	sts	0x1423, r25	; 0x801423 <TEMP_MAX_Heat_NTC+0x1>
    445c:	a0 93 24 14 	sts	0x1424, r26	; 0x801424 <TEMP_MAX_Heat_NTC+0x2>
    4460:	b0 93 25 14 	sts	0x1425, r27	; 0x801425 <TEMP_MAX_Heat_NTC+0x3>
    4464:	10 92 34 14 	sts	0x1434, r1	; 0x801434 <TEMP_Heat_dissipation_devices>
    4468:	60 91 8c 10 	lds	r22, 0x108C	; 0x80108c <ADC_Num_Avr_VoltCurr>
    446c:	70 91 8d 10 	lds	r23, 0x108D	; 0x80108d <ADC_Num_Avr_VoltCurr+0x1>
    4470:	10 91 10 14 	lds	r17, 0x1410	; 0x801410 <ADC_Cycl_Avr_VoltCurr>
    4474:	80 e0       	ldi	r24, 0x00	; 0
    4476:	90 e0       	ldi	r25, 0x00	; 0
    4478:	0e 94 d2 47 	call	0x8fa4	; 0x8fa4 <__floatunsisf>
    447c:	6b 01       	movw	r12, r22
    447e:	7c 01       	movw	r14, r24
    4480:	61 2f       	mov	r22, r17
    4482:	70 e0       	ldi	r23, 0x00	; 0
    4484:	80 e0       	ldi	r24, 0x00	; 0
    4486:	90 e0       	ldi	r25, 0x00	; 0
    4488:	0e 94 d2 47 	call	0x8fa4	; 0x8fa4 <__floatunsisf>
    448c:	9b 01       	movw	r18, r22
    448e:	ac 01       	movw	r20, r24
    4490:	c7 01       	movw	r24, r14
    4492:	b6 01       	movw	r22, r12
    4494:	0e 94 62 49 	call	0x92c4	; 0x92c4 <__mulsf3>
    4498:	9b 01       	movw	r18, r22
    449a:	ac 01       	movw	r20, r24
    449c:	60 e0       	ldi	r22, 0x00	; 0
    449e:	70 e0       	ldi	r23, 0x00	; 0
    44a0:	80 e8       	ldi	r24, 0x80	; 128
    44a2:	9f e3       	ldi	r25, 0x3F	; 63
    44a4:	0e 94 08 47 	call	0x8e10	; 0x8e10 <__divsf3>
    44a8:	60 93 a3 10 	sts	0x10A3, r22	; 0x8010a3 <ADC_Avr_Mult_VoltCurr>
    44ac:	70 93 a4 10 	sts	0x10A4, r23	; 0x8010a4 <ADC_Avr_Mult_VoltCurr+0x1>
    44b0:	80 93 a5 10 	sts	0x10A5, r24	; 0x8010a5 <ADC_Avr_Mult_VoltCurr+0x2>
    44b4:	90 93 a6 10 	sts	0x10A6, r25	; 0x8010a6 <ADC_Avr_Mult_VoltCurr+0x3>
    44b8:	60 91 48 12 	lds	r22, 0x1248	; 0x801248 <ADC_Num_Avr_Other>
    44bc:	70 e0       	ldi	r23, 0x00	; 0
    44be:	80 e0       	ldi	r24, 0x00	; 0
    44c0:	90 e0       	ldi	r25, 0x00	; 0
    44c2:	0e 94 d2 47 	call	0x8fa4	; 0x8fa4 <__floatunsisf>
    44c6:	9b 01       	movw	r18, r22
    44c8:	ac 01       	movw	r20, r24
    44ca:	60 e0       	ldi	r22, 0x00	; 0
    44cc:	70 e0       	ldi	r23, 0x00	; 0
    44ce:	80 e8       	ldi	r24, 0x80	; 128
    44d0:	9f e3       	ldi	r25, 0x3F	; 63
    44d2:	0e 94 08 47 	call	0x8e10	; 0x8e10 <__divsf3>
    44d6:	60 93 5a 12 	sts	0x125A, r22	; 0x80125a <ADC_Avr_Mult_Other>
    44da:	70 93 5b 12 	sts	0x125B, r23	; 0x80125b <ADC_Avr_Mult_Other+0x1>
    44de:	80 93 5c 12 	sts	0x125C, r24	; 0x80125c <ADC_Avr_Mult_Other+0x2>
    44e2:	90 93 5d 12 	sts	0x125D, r25	; 0x80125d <ADC_Avr_Mult_Other+0x3>
    44e6:	60 91 9b 14 	lds	r22, 0x149B	; 0x80149b <F_CPU_CAL>
    44ea:	70 91 9c 14 	lds	r23, 0x149C	; 0x80149c <F_CPU_CAL+0x1>
    44ee:	80 91 9d 14 	lds	r24, 0x149D	; 0x80149d <F_CPU_CAL+0x2>
    44f2:	90 91 9e 14 	lds	r25, 0x149E	; 0x80149e <F_CPU_CAL+0x3>
    44f6:	0e 94 d4 47 	call	0x8fa8	; 0x8fa8 <__floatsisf>
    44fa:	20 e0       	ldi	r18, 0x00	; 0
    44fc:	34 e2       	ldi	r19, 0x24	; 36
    44fe:	44 e7       	ldi	r20, 0x74	; 116
    4500:	59 e4       	ldi	r21, 0x49	; 73
    4502:	0e 94 08 47 	call	0x8e10	; 0x8e10 <__divsf3>
    4506:	9b 01       	movw	r18, r22
    4508:	ac 01       	movw	r20, r24
    450a:	60 e0       	ldi	r22, 0x00	; 0
    450c:	70 e0       	ldi	r23, 0x00	; 0
    450e:	80 e8       	ldi	r24, 0x80	; 128
    4510:	9f e3       	ldi	r25, 0x3F	; 63
    4512:	0e 94 08 47 	call	0x8e10	; 0x8e10 <__divsf3>
    4516:	20 e0       	ldi	r18, 0x00	; 0
    4518:	30 e0       	ldi	r19, 0x00	; 0
    451a:	4d e3       	ldi	r20, 0x3D	; 61
    451c:	53 e4       	ldi	r21, 0x43	; 67
    451e:	0e 94 62 49 	call	0x92c4	; 0x92c4 <__mulsf3>
    4522:	60 93 c7 02 	sts	0x02C7, r22	; 0x8002c7 <Trs_Meas_Time_us>
    4526:	70 93 c8 02 	sts	0x02C8, r23	; 0x8002c8 <Trs_Meas_Time_us+0x1>
    452a:	80 93 c9 02 	sts	0x02C9, r24	; 0x8002c9 <Trs_Meas_Time_us+0x2>
    452e:	90 93 ca 02 	sts	0x02CA, r25	; 0x8002ca <Trs_Meas_Time_us+0x3>
    4532:	60 91 9b 14 	lds	r22, 0x149B	; 0x80149b <F_CPU_CAL>
    4536:	70 91 9c 14 	lds	r23, 0x149C	; 0x80149c <F_CPU_CAL+0x1>
    453a:	80 91 9d 14 	lds	r24, 0x149D	; 0x80149d <F_CPU_CAL+0x2>
    453e:	90 91 9e 14 	lds	r25, 0x149E	; 0x80149e <F_CPU_CAL+0x3>
    4542:	0e 94 d4 47 	call	0x8fa8	; 0x8fa8 <__floatsisf>
    4546:	20 e0       	ldi	r18, 0x00	; 0
    4548:	34 e2       	ldi	r19, 0x24	; 36
    454a:	44 e7       	ldi	r20, 0x74	; 116
    454c:	59 e4       	ldi	r21, 0x49	; 73
    454e:	0e 94 08 47 	call	0x8e10	; 0x8e10 <__divsf3>
    4552:	9b 01       	movw	r18, r22
    4554:	ac 01       	movw	r20, r24
    4556:	60 e0       	ldi	r22, 0x00	; 0
    4558:	70 e0       	ldi	r23, 0x00	; 0
    455a:	80 e8       	ldi	r24, 0x80	; 128
    455c:	9f e3       	ldi	r25, 0x3F	; 63
    455e:	0e 94 08 47 	call	0x8e10	; 0x8e10 <__divsf3>
    4562:	20 e0       	ldi	r18, 0x00	; 0
    4564:	30 e0       	ldi	r19, 0x00	; 0
    4566:	40 e0       	ldi	r20, 0x00	; 0
    4568:	51 e4       	ldi	r21, 0x41	; 65
    456a:	0e 94 62 49 	call	0x92c4	; 0x92c4 <__mulsf3>
    456e:	60 93 b4 02 	sts	0x02B4, r22	; 0x8002b4 <Trs_Delay_Res_us>
    4572:	70 93 b5 02 	sts	0x02B5, r23	; 0x8002b5 <Trs_Delay_Res_us+0x1>
    4576:	80 93 b6 02 	sts	0x02B6, r24	; 0x8002b6 <Trs_Delay_Res_us+0x2>
    457a:	90 93 b7 02 	sts	0x02B7, r25	; 0x8002b7 <Trs_Delay_Res_us+0x3>
    457e:	1f 91       	pop	r17
    4580:	0f 91       	pop	r16
    4582:	ff 90       	pop	r15
    4584:	ef 90       	pop	r14
    4586:	df 90       	pop	r13
    4588:	cf 90       	pop	r12
    458a:	bf 90       	pop	r11
    458c:	af 90       	pop	r10
    458e:	9f 90       	pop	r9
    4590:	8f 90       	pop	r8
    4592:	7f 90       	pop	r7
    4594:	6f 90       	pop	r6
    4596:	5f 90       	pop	r5
    4598:	4f 90       	pop	r4
    459a:	08 95       	ret

0000459c <EEPROM_ACCESS_UART>:
    459c:	8f 92       	push	r8
    459e:	9f 92       	push	r9
    45a0:	af 92       	push	r10
    45a2:	bf 92       	push	r11
    45a4:	df 92       	push	r13
    45a6:	ef 92       	push	r14
    45a8:	ff 92       	push	r15
    45aa:	0f 93       	push	r16
    45ac:	1f 93       	push	r17
    45ae:	cf 93       	push	r28
    45b0:	df 93       	push	r29
    45b2:	cd b7       	in	r28, 0x3d	; 61
    45b4:	de b7       	in	r29, 0x3e	; 62
    45b6:	c5 57       	subi	r28, 0x75	; 117
    45b8:	d1 09       	sbc	r29, r1
    45ba:	0f b6       	in	r0, 0x3f	; 63
    45bc:	f8 94       	cli
    45be:	de bf       	out	0x3e, r29	; 62
    45c0:	0f be       	out	0x3f, r0	; 63
    45c2:	cd bf       	out	0x3d, r28	; 61
    45c4:	8c 01       	movw	r16, r24
    45c6:	f6 2e       	mov	r15, r22
    45c8:	81 e0       	ldi	r24, 0x01	; 1
    45ca:	68 13       	cpse	r22, r24
    45cc:	3d c0       	rjmp	.+122    	; 0x4648 <EEPROM_ACCESS_UART+0xac>
    45ce:	f8 01       	movw	r30, r16
    45d0:	ce 01       	movw	r24, r28
    45d2:	01 96       	adiw	r24, 0x01	; 1
    45d4:	4c 01       	movw	r8, r24
    45d6:	dc 01       	movw	r26, r24
    45d8:	d1 2c       	mov	r13, r1
    45da:	5c 01       	movw	r10, r24
    45dc:	81 91       	ld	r24, Z+
    45de:	89 30       	cpi	r24, 0x09	; 9
    45e0:	69 f0       	breq	.+26     	; 0x45fc <EEPROM_ACCESS_UART+0x60>
    45e2:	81 11       	cpse	r24, r1
    45e4:	05 c0       	rjmp	.+10     	; 0x45f0 <EEPROM_ACCESS_UART+0x54>
    45e6:	80 e8       	ldi	r24, 0x80	; 128
    45e8:	92 e0       	ldi	r25, 0x02	; 2
    45ea:	0e 94 1d 0b 	call	0x163a	; 0x163a <UART_WriteString>
    45ee:	5d c6       	rjmp	.+3258   	; 0x52aa <EEPROM_ACCESS_UART+0xd0e>
    45f0:	8d 93       	st	X+, r24
    45f2:	d3 94       	inc	r13
    45f4:	96 e0       	ldi	r25, 0x06	; 6
    45f6:	d9 12       	cpse	r13, r25
    45f8:	f1 cf       	rjmp	.-30     	; 0x45dc <EEPROM_ACCESS_UART+0x40>
    45fa:	f5 cf       	rjmp	.-22     	; 0x45e6 <EEPROM_ACCESS_UART+0x4a>
    45fc:	f4 01       	movw	r30, r8
    45fe:	ed 0d       	add	r30, r13
    4600:	f1 1d       	adc	r31, r1
    4602:	10 82       	st	Z, r1
    4604:	c4 01       	movw	r24, r8
    4606:	0e 94 e6 4a 	call	0x95cc	; 0x95cc <atoi>
    460a:	e8 2e       	mov	r14, r24
    460c:	d3 94       	inc	r13
    460e:	90 e0       	ldi	r25, 0x00	; 0
    4610:	f8 01       	movw	r30, r16
    4612:	ed 0d       	add	r30, r13
    4614:	f1 1d       	adc	r31, r1
    4616:	20 81       	ld	r18, Z
    4618:	22 23       	and	r18, r18
    461a:	61 f0       	breq	.+24     	; 0x4634 <EEPROM_ACCESS_UART+0x98>
    461c:	f4 01       	movw	r30, r8
    461e:	21 93       	st	Z+, r18
    4620:	4f 01       	movw	r8, r30
    4622:	d3 94       	inc	r13
    4624:	9f 5f       	subi	r25, 0xFF	; 255
    4626:	91 36       	cpi	r25, 0x61	; 97
    4628:	99 f7       	brne	.-26     	; 0x4610 <EEPROM_ACCESS_UART+0x74>
    462a:	80 e9       	ldi	r24, 0x90	; 144
    462c:	92 e0       	ldi	r25, 0x02	; 2
    462e:	0e 94 1d 0b 	call	0x163a	; 0x163a <UART_WriteString>
    4632:	3b c6       	rjmp	.+3190   	; 0x52aa <EEPROM_ACCESS_UART+0xd0e>
    4634:	f5 01       	movw	r30, r10
    4636:	e9 0f       	add	r30, r25
    4638:	f1 1d       	adc	r31, r1
    463a:	10 82       	st	Z, r1
    463c:	4a e0       	ldi	r20, 0x0A	; 10
    463e:	b8 01       	movw	r22, r16
    4640:	90 e0       	ldi	r25, 0x00	; 0
    4642:	0e 94 08 4c 	call	0x9810	; 0x9810 <__itoa_ncheck>
    4646:	04 c0       	rjmp	.+8      	; 0x4650 <EEPROM_ACCESS_UART+0xb4>
    4648:	c8 01       	movw	r24, r16
    464a:	0e 94 e6 4a 	call	0x95cc	; 0x95cc <atoi>
    464e:	e8 2e       	mov	r14, r24
    4650:	60 ea       	ldi	r22, 0xA0	; 160
    4652:	72 e0       	ldi	r23, 0x02	; 2
    4654:	c8 01       	movw	r24, r16
    4656:	0e 94 1a 0c 	call	0x1834	; 0x1834 <AddEnd_String>
    465a:	e1 10       	cpse	r14, r1
    465c:	0a c0       	rjmp	.+20     	; 0x4672 <EEPROM_ACCESS_UART+0xd6>
    465e:	98 01       	movw	r18, r16
    4660:	ae 01       	movw	r20, r28
    4662:	4f 5f       	subi	r20, 0xFF	; 255
    4664:	5f 4f       	sbci	r21, 0xFF	; 255
    4666:	6f 2d       	mov	r22, r15
    4668:	80 e1       	ldi	r24, 0x10	; 16
    466a:	90 e0       	ldi	r25, 0x00	; 0
    466c:	0e 94 3f 19 	call	0x327e	; 0x327e <COM_EROM_ACCESS_UINT8>
    4670:	1c c6       	rjmp	.+3128   	; 0x52aa <EEPROM_ACCESS_UART+0xd0e>
    4672:	f1 e0       	ldi	r31, 0x01	; 1
    4674:	ef 12       	cpse	r14, r31
    4676:	21 c0       	rjmp	.+66     	; 0x46ba <EEPROM_ACCESS_UART+0x11e>
    4678:	ff 12       	cpse	r15, r31
    467a:	11 c0       	rjmp	.+34     	; 0x469e <EEPROM_ACCESS_UART+0x102>
    467c:	be 01       	movw	r22, r28
    467e:	6f 5f       	subi	r22, 0xFF	; 255
    4680:	7f 4f       	sbci	r23, 0xFF	; 255
    4682:	ce 01       	movw	r24, r28
    4684:	8f 59       	subi	r24, 0x9F	; 159
    4686:	9f 4f       	sbci	r25, 0xFF	; 255
    4688:	0e 94 09 0c 	call	0x1812	; 0x1812 <Copy_String>
    468c:	44 e1       	ldi	r20, 0x14	; 20
    468e:	50 e0       	ldi	r21, 0x00	; 0
    4690:	63 ed       	ldi	r22, 0xD3	; 211
    4692:	70 e0       	ldi	r23, 0x00	; 0
    4694:	ce 01       	movw	r24, r28
    4696:	8f 59       	subi	r24, 0x9F	; 159
    4698:	9f 4f       	sbci	r25, 0xFF	; 255
    469a:	0e 94 15 4e 	call	0x9c2a	; 0x9c2a <eeprom_write_block>
    469e:	44 e1       	ldi	r20, 0x14	; 20
    46a0:	63 ed       	ldi	r22, 0xD3	; 211
    46a2:	70 e0       	ldi	r23, 0x00	; 0
    46a4:	ce 01       	movw	r24, r28
    46a6:	8f 59       	subi	r24, 0x9F	; 159
    46a8:	9f 4f       	sbci	r25, 0xFF	; 255
    46aa:	5c d9       	rcall	.-3400   	; 0x3964 <EEPROM_READ_STRING>
    46ac:	be 01       	movw	r22, r28
    46ae:	6f 59       	subi	r22, 0x9F	; 159
    46b0:	7f 4f       	sbci	r23, 0xFF	; 255
    46b2:	c8 01       	movw	r24, r16
    46b4:	0e 94 1a 0c 	call	0x1834	; 0x1834 <AddEnd_String>
    46b8:	f8 c5       	rjmp	.+3056   	; 0x52aa <EEPROM_ACCESS_UART+0xd0e>
    46ba:	82 e0       	ldi	r24, 0x02	; 2
    46bc:	e8 12       	cpse	r14, r24
    46be:	0a c0       	rjmp	.+20     	; 0x46d4 <EEPROM_ACCESS_UART+0x138>
    46c0:	98 01       	movw	r18, r16
    46c2:	ae 01       	movw	r20, r28
    46c4:	4f 5f       	subi	r20, 0xFF	; 255
    46c6:	5f 4f       	sbci	r21, 0xFF	; 255
    46c8:	6f 2d       	mov	r22, r15
    46ca:	88 e5       	ldi	r24, 0x58	; 88
    46cc:	90 e0       	ldi	r25, 0x00	; 0
    46ce:	0e 94 3f 19 	call	0x327e	; 0x327e <COM_EROM_ACCESS_UINT8>
    46d2:	eb c5       	rjmp	.+3030   	; 0x52aa <EEPROM_ACCESS_UART+0xd0e>
    46d4:	93 e0       	ldi	r25, 0x03	; 3
    46d6:	e9 12       	cpse	r14, r25
    46d8:	0a c0       	rjmp	.+20     	; 0x46ee <EEPROM_ACCESS_UART+0x152>
    46da:	98 01       	movw	r18, r16
    46dc:	ae 01       	movw	r20, r28
    46de:	4f 5f       	subi	r20, 0xFF	; 255
    46e0:	5f 4f       	sbci	r21, 0xFF	; 255
    46e2:	6f 2d       	mov	r22, r15
    46e4:	86 e5       	ldi	r24, 0x56	; 86
    46e6:	90 e0       	ldi	r25, 0x00	; 0
    46e8:	0e 94 3f 19 	call	0x327e	; 0x327e <COM_EROM_ACCESS_UINT8>
    46ec:	de c5       	rjmp	.+3004   	; 0x52aa <EEPROM_ACCESS_UART+0xd0e>
    46ee:	e5 e0       	ldi	r30, 0x05	; 5
    46f0:	ee 12       	cpse	r14, r30
    46f2:	26 c0       	rjmp	.+76     	; 0x4740 <EEPROM_ACCESS_UART+0x1a4>
    46f4:	f1 e0       	ldi	r31, 0x01	; 1
    46f6:	ff 12       	cpse	r15, r31
    46f8:	13 c0       	rjmp	.+38     	; 0x4720 <EEPROM_ACCESS_UART+0x184>
    46fa:	ce 01       	movw	r24, r28
    46fc:	01 96       	adiw	r24, 0x01	; 1
    46fe:	0e 94 03 4b 	call	0x9606	; 0x9606 <atol>
    4702:	a5 96       	adiw	r28, 0x25	; 37
    4704:	6c af       	std	Y+60, r22	; 0x3c
    4706:	7d af       	std	Y+61, r23	; 0x3d
    4708:	8e af       	std	Y+62, r24	; 0x3e
    470a:	9f af       	std	Y+63, r25	; 0x3f
    470c:	a5 97       	sbiw	r28, 0x25	; 37
    470e:	44 e0       	ldi	r20, 0x04	; 4
    4710:	50 e0       	ldi	r21, 0x00	; 0
    4712:	68 ee       	ldi	r22, 0xE8	; 232
    4714:	70 e0       	ldi	r23, 0x00	; 0
    4716:	ce 01       	movw	r24, r28
    4718:	8f 59       	subi	r24, 0x9F	; 159
    471a:	9f 4f       	sbci	r25, 0xFF	; 255
    471c:	0e 94 15 4e 	call	0x9c2a	; 0x9c2a <eeprom_write_block>
    4720:	88 ee       	ldi	r24, 0xE8	; 232
    4722:	90 e0       	ldi	r25, 0x00	; 0
    4724:	07 d9       	rcall	.-3570   	; 0x3934 <EEPROM_READ_INT32>
    4726:	2a e0       	ldi	r18, 0x0A	; 10
    4728:	ae 01       	movw	r20, r28
    472a:	4f 5f       	subi	r20, 0xFF	; 255
    472c:	5f 4f       	sbci	r21, 0xFF	; 255
    472e:	0e 94 12 4c 	call	0x9824	; 0x9824 <__ltoa_ncheck>
    4732:	be 01       	movw	r22, r28
    4734:	6f 5f       	subi	r22, 0xFF	; 255
    4736:	7f 4f       	sbci	r23, 0xFF	; 255
    4738:	c8 01       	movw	r24, r16
    473a:	0e 94 1a 0c 	call	0x1834	; 0x1834 <AddEnd_String>
    473e:	b5 c5       	rjmp	.+2922   	; 0x52aa <EEPROM_ACCESS_UART+0xd0e>
    4740:	86 e0       	ldi	r24, 0x06	; 6
    4742:	e8 12       	cpse	r14, r24
    4744:	0a c0       	rjmp	.+20     	; 0x475a <EEPROM_ACCESS_UART+0x1be>
    4746:	98 01       	movw	r18, r16
    4748:	ae 01       	movw	r20, r28
    474a:	4f 5f       	subi	r20, 0xFF	; 255
    474c:	5f 4f       	sbci	r21, 0xFF	; 255
    474e:	6f 2d       	mov	r22, r15
    4750:	8b e5       	ldi	r24, 0x5B	; 91
    4752:	90 e0       	ldi	r25, 0x00	; 0
    4754:	0e 94 6d 19 	call	0x32da	; 0x32da <COM_EROM_ACCESS_UINT16>
    4758:	a8 c5       	rjmp	.+2896   	; 0x52aa <EEPROM_ACCESS_UART+0xd0e>
    475a:	97 e0       	ldi	r25, 0x07	; 7
    475c:	e9 12       	cpse	r14, r25
    475e:	0a c0       	rjmp	.+20     	; 0x4774 <EEPROM_ACCESS_UART+0x1d8>
    4760:	98 01       	movw	r18, r16
    4762:	ae 01       	movw	r20, r28
    4764:	4f 5f       	subi	r20, 0xFF	; 255
    4766:	5f 4f       	sbci	r21, 0xFF	; 255
    4768:	6f 2d       	mov	r22, r15
    476a:	8a e5       	ldi	r24, 0x5A	; 90
    476c:	90 e0       	ldi	r25, 0x00	; 0
    476e:	0e 94 3f 19 	call	0x327e	; 0x327e <COM_EROM_ACCESS_UINT8>
    4772:	9b c5       	rjmp	.+2870   	; 0x52aa <EEPROM_ACCESS_UART+0xd0e>
    4774:	e8 e0       	ldi	r30, 0x08	; 8
    4776:	ee 12       	cpse	r14, r30
    4778:	0a c0       	rjmp	.+20     	; 0x478e <EEPROM_ACCESS_UART+0x1f2>
    477a:	98 01       	movw	r18, r16
    477c:	ae 01       	movw	r20, r28
    477e:	4f 5f       	subi	r20, 0xFF	; 255
    4780:	5f 4f       	sbci	r21, 0xFF	; 255
    4782:	6f 2d       	mov	r22, r15
    4784:	89 e5       	ldi	r24, 0x59	; 89
    4786:	90 e0       	ldi	r25, 0x00	; 0
    4788:	0e 94 3f 19 	call	0x327e	; 0x327e <COM_EROM_ACCESS_UINT8>
    478c:	8e c5       	rjmp	.+2844   	; 0x52aa <EEPROM_ACCESS_UART+0xd0e>
    478e:	fa e0       	ldi	r31, 0x0A	; 10
    4790:	ef 12       	cpse	r14, r31
    4792:	0a c0       	rjmp	.+20     	; 0x47a8 <EEPROM_ACCESS_UART+0x20c>
    4794:	98 01       	movw	r18, r16
    4796:	ae 01       	movw	r20, r28
    4798:	4f 5f       	subi	r20, 0xFF	; 255
    479a:	5f 4f       	sbci	r21, 0xFF	; 255
    479c:	6f 2d       	mov	r22, r15
    479e:	8f e4       	ldi	r24, 0x4F	; 79
    47a0:	90 e0       	ldi	r25, 0x00	; 0
    47a2:	0e 94 6d 19 	call	0x32da	; 0x32da <COM_EROM_ACCESS_UINT16>
    47a6:	81 c5       	rjmp	.+2818   	; 0x52aa <EEPROM_ACCESS_UART+0xd0e>
    47a8:	8b e0       	ldi	r24, 0x0B	; 11
    47aa:	e8 12       	cpse	r14, r24
    47ac:	0a c0       	rjmp	.+20     	; 0x47c2 <EEPROM_ACCESS_UART+0x226>
    47ae:	98 01       	movw	r18, r16
    47b0:	ae 01       	movw	r20, r28
    47b2:	4f 5f       	subi	r20, 0xFF	; 255
    47b4:	5f 4f       	sbci	r21, 0xFF	; 255
    47b6:	6f 2d       	mov	r22, r15
    47b8:	8d e4       	ldi	r24, 0x4D	; 77
    47ba:	90 e0       	ldi	r25, 0x00	; 0
    47bc:	0e 94 3f 19 	call	0x327e	; 0x327e <COM_EROM_ACCESS_UINT8>
    47c0:	74 c5       	rjmp	.+2792   	; 0x52aa <EEPROM_ACCESS_UART+0xd0e>
    47c2:	9c e0       	ldi	r25, 0x0C	; 12
    47c4:	e9 12       	cpse	r14, r25
    47c6:	0a c0       	rjmp	.+20     	; 0x47dc <EEPROM_ACCESS_UART+0x240>
    47c8:	98 01       	movw	r18, r16
    47ca:	ae 01       	movw	r20, r28
    47cc:	4f 5f       	subi	r20, 0xFF	; 255
    47ce:	5f 4f       	sbci	r21, 0xFF	; 255
    47d0:	6f 2d       	mov	r22, r15
    47d2:	8e e4       	ldi	r24, 0x4E	; 78
    47d4:	90 e0       	ldi	r25, 0x00	; 0
    47d6:	0e 94 3f 19 	call	0x327e	; 0x327e <COM_EROM_ACCESS_UINT8>
    47da:	67 c5       	rjmp	.+2766   	; 0x52aa <EEPROM_ACCESS_UART+0xd0e>
    47dc:	e4 e1       	ldi	r30, 0x14	; 20
    47de:	ee 12       	cpse	r14, r30
    47e0:	0a c0       	rjmp	.+20     	; 0x47f6 <EEPROM_ACCESS_UART+0x25a>
    47e2:	98 01       	movw	r18, r16
    47e4:	ae 01       	movw	r20, r28
    47e6:	4f 5f       	subi	r20, 0xFF	; 255
    47e8:	5f 4f       	sbci	r21, 0xFF	; 255
    47ea:	6f 2d       	mov	r22, r15
    47ec:	8e e8       	ldi	r24, 0x8E	; 142
    47ee:	91 e0       	ldi	r25, 0x01	; 1
    47f0:	0e 94 3f 19 	call	0x327e	; 0x327e <COM_EROM_ACCESS_UINT8>
    47f4:	5a c5       	rjmp	.+2740   	; 0x52aa <EEPROM_ACCESS_UART+0xd0e>
    47f6:	f5 e1       	ldi	r31, 0x15	; 21
    47f8:	ef 12       	cpse	r14, r31
    47fa:	0a c0       	rjmp	.+20     	; 0x4810 <EEPROM_ACCESS_UART+0x274>
    47fc:	98 01       	movw	r18, r16
    47fe:	ae 01       	movw	r20, r28
    4800:	4f 5f       	subi	r20, 0xFF	; 255
    4802:	5f 4f       	sbci	r21, 0xFF	; 255
    4804:	6f 2d       	mov	r22, r15
    4806:	8d e8       	ldi	r24, 0x8D	; 141
    4808:	91 e0       	ldi	r25, 0x01	; 1
    480a:	0e 94 3f 19 	call	0x327e	; 0x327e <COM_EROM_ACCESS_UINT8>
    480e:	4d c5       	rjmp	.+2714   	; 0x52aa <EEPROM_ACCESS_UART+0xd0e>
    4810:	86 e1       	ldi	r24, 0x16	; 22
    4812:	e8 12       	cpse	r14, r24
    4814:	0a c0       	rjmp	.+20     	; 0x482a <EEPROM_ACCESS_UART+0x28e>
    4816:	98 01       	movw	r18, r16
    4818:	ae 01       	movw	r20, r28
    481a:	4f 5f       	subi	r20, 0xFF	; 255
    481c:	5f 4f       	sbci	r21, 0xFF	; 255
    481e:	6f 2d       	mov	r22, r15
    4820:	8c e8       	ldi	r24, 0x8C	; 140
    4822:	91 e0       	ldi	r25, 0x01	; 1
    4824:	0e 94 3f 19 	call	0x327e	; 0x327e <COM_EROM_ACCESS_UINT8>
    4828:	40 c5       	rjmp	.+2688   	; 0x52aa <EEPROM_ACCESS_UART+0xd0e>
    482a:	97 e1       	ldi	r25, 0x17	; 23
    482c:	e9 12       	cpse	r14, r25
    482e:	0a c0       	rjmp	.+20     	; 0x4844 <EEPROM_ACCESS_UART+0x2a8>
    4830:	98 01       	movw	r18, r16
    4832:	ae 01       	movw	r20, r28
    4834:	4f 5f       	subi	r20, 0xFF	; 255
    4836:	5f 4f       	sbci	r21, 0xFF	; 255
    4838:	6f 2d       	mov	r22, r15
    483a:	86 e8       	ldi	r24, 0x86	; 134
    483c:	91 e0       	ldi	r25, 0x01	; 1
    483e:	0e 94 6d 19 	call	0x32da	; 0x32da <COM_EROM_ACCESS_UINT16>
    4842:	33 c5       	rjmp	.+2662   	; 0x52aa <EEPROM_ACCESS_UART+0xd0e>
    4844:	e8 e1       	ldi	r30, 0x18	; 24
    4846:	ee 12       	cpse	r14, r30
    4848:	0a c0       	rjmp	.+20     	; 0x485e <EEPROM_ACCESS_UART+0x2c2>
    484a:	98 01       	movw	r18, r16
    484c:	ae 01       	movw	r20, r28
    484e:	4f 5f       	subi	r20, 0xFF	; 255
    4850:	5f 4f       	sbci	r21, 0xFF	; 255
    4852:	6f 2d       	mov	r22, r15
    4854:	88 e8       	ldi	r24, 0x88	; 136
    4856:	91 e0       	ldi	r25, 0x01	; 1
    4858:	0e 94 6d 19 	call	0x32da	; 0x32da <COM_EROM_ACCESS_UINT16>
    485c:	26 c5       	rjmp	.+2636   	; 0x52aa <EEPROM_ACCESS_UART+0xd0e>
    485e:	f5 e5       	ldi	r31, 0x55	; 85
    4860:	ef 12       	cpse	r14, r31
    4862:	0a c0       	rjmp	.+20     	; 0x4878 <EEPROM_ACCESS_UART+0x2dc>
    4864:	98 01       	movw	r18, r16
    4866:	ae 01       	movw	r20, r28
    4868:	4f 5f       	subi	r20, 0xFF	; 255
    486a:	5f 4f       	sbci	r21, 0xFF	; 255
    486c:	6f 2d       	mov	r22, r15
    486e:	84 e8       	ldi	r24, 0x84	; 132
    4870:	91 e0       	ldi	r25, 0x01	; 1
    4872:	0e 94 3f 19 	call	0x327e	; 0x327e <COM_EROM_ACCESS_UINT8>
    4876:	19 c5       	rjmp	.+2610   	; 0x52aa <EEPROM_ACCESS_UART+0xd0e>
    4878:	86 e5       	ldi	r24, 0x56	; 86
    487a:	e8 12       	cpse	r14, r24
    487c:	0a c0       	rjmp	.+20     	; 0x4892 <EEPROM_ACCESS_UART+0x2f6>
    487e:	98 01       	movw	r18, r16
    4880:	ae 01       	movw	r20, r28
    4882:	4f 5f       	subi	r20, 0xFF	; 255
    4884:	5f 4f       	sbci	r21, 0xFF	; 255
    4886:	6f 2d       	mov	r22, r15
    4888:	85 e8       	ldi	r24, 0x85	; 133
    488a:	91 e0       	ldi	r25, 0x01	; 1
    488c:	0e 94 3f 19 	call	0x327e	; 0x327e <COM_EROM_ACCESS_UINT8>
    4890:	0c c5       	rjmp	.+2584   	; 0x52aa <EEPROM_ACCESS_UART+0xd0e>
    4892:	99 e1       	ldi	r25, 0x19	; 25
    4894:	e9 12       	cpse	r14, r25
    4896:	0a c0       	rjmp	.+20     	; 0x48ac <EEPROM_ACCESS_UART+0x310>
    4898:	98 01       	movw	r18, r16
    489a:	ae 01       	movw	r20, r28
    489c:	4f 5f       	subi	r20, 0xFF	; 255
    489e:	5f 4f       	sbci	r21, 0xFF	; 255
    48a0:	6f 2d       	mov	r22, r15
    48a2:	80 e8       	ldi	r24, 0x80	; 128
    48a4:	91 e0       	ldi	r25, 0x01	; 1
    48a6:	0e 94 02 19 	call	0x3204	; 0x3204 <COM_EROM_ACCESS_FLOAT>
    48aa:	ff c4       	rjmp	.+2558   	; 0x52aa <EEPROM_ACCESS_UART+0xd0e>
    48ac:	ea e1       	ldi	r30, 0x1A	; 26
    48ae:	ee 12       	cpse	r14, r30
    48b0:	0a c0       	rjmp	.+20     	; 0x48c6 <EEPROM_ACCESS_UART+0x32a>
    48b2:	98 01       	movw	r18, r16
    48b4:	ae 01       	movw	r20, r28
    48b6:	4f 5f       	subi	r20, 0xFF	; 255
    48b8:	5f 4f       	sbci	r21, 0xFF	; 255
    48ba:	6f 2d       	mov	r22, r15
    48bc:	8c e7       	ldi	r24, 0x7C	; 124
    48be:	91 e0       	ldi	r25, 0x01	; 1
    48c0:	0e 94 02 19 	call	0x3204	; 0x3204 <COM_EROM_ACCESS_FLOAT>
    48c4:	f2 c4       	rjmp	.+2532   	; 0x52aa <EEPROM_ACCESS_UART+0xd0e>
    48c6:	fb e1       	ldi	r31, 0x1B	; 27
    48c8:	ef 12       	cpse	r14, r31
    48ca:	0a c0       	rjmp	.+20     	; 0x48e0 <EEPROM_ACCESS_UART+0x344>
    48cc:	98 01       	movw	r18, r16
    48ce:	ae 01       	movw	r20, r28
    48d0:	4f 5f       	subi	r20, 0xFF	; 255
    48d2:	5f 4f       	sbci	r21, 0xFF	; 255
    48d4:	6f 2d       	mov	r22, r15
    48d6:	88 e7       	ldi	r24, 0x78	; 120
    48d8:	91 e0       	ldi	r25, 0x01	; 1
    48da:	0e 94 02 19 	call	0x3204	; 0x3204 <COM_EROM_ACCESS_FLOAT>
    48de:	e5 c4       	rjmp	.+2506   	; 0x52aa <EEPROM_ACCESS_UART+0xd0e>
    48e0:	8c e1       	ldi	r24, 0x1C	; 28
    48e2:	e8 12       	cpse	r14, r24
    48e4:	0a c0       	rjmp	.+20     	; 0x48fa <EEPROM_ACCESS_UART+0x35e>
    48e6:	98 01       	movw	r18, r16
    48e8:	ae 01       	movw	r20, r28
    48ea:	4f 5f       	subi	r20, 0xFF	; 255
    48ec:	5f 4f       	sbci	r21, 0xFF	; 255
    48ee:	6f 2d       	mov	r22, r15
    48f0:	84 e7       	ldi	r24, 0x74	; 116
    48f2:	91 e0       	ldi	r25, 0x01	; 1
    48f4:	0e 94 02 19 	call	0x3204	; 0x3204 <COM_EROM_ACCESS_FLOAT>
    48f8:	d8 c4       	rjmp	.+2480   	; 0x52aa <EEPROM_ACCESS_UART+0xd0e>
    48fa:	9e e1       	ldi	r25, 0x1E	; 30
    48fc:	e9 12       	cpse	r14, r25
    48fe:	0a c0       	rjmp	.+20     	; 0x4914 <EEPROM_ACCESS_UART+0x378>
    4900:	98 01       	movw	r18, r16
    4902:	ae 01       	movw	r20, r28
    4904:	4f 5f       	subi	r20, 0xFF	; 255
    4906:	5f 4f       	sbci	r21, 0xFF	; 255
    4908:	6f 2d       	mov	r22, r15
    490a:	80 e7       	ldi	r24, 0x70	; 112
    490c:	91 e0       	ldi	r25, 0x01	; 1
    490e:	0e 94 02 19 	call	0x3204	; 0x3204 <COM_EROM_ACCESS_FLOAT>
    4912:	cb c4       	rjmp	.+2454   	; 0x52aa <EEPROM_ACCESS_UART+0xd0e>
    4914:	ef e1       	ldi	r30, 0x1F	; 31
    4916:	ee 12       	cpse	r14, r30
    4918:	0a c0       	rjmp	.+20     	; 0x492e <EEPROM_ACCESS_UART+0x392>
    491a:	98 01       	movw	r18, r16
    491c:	ae 01       	movw	r20, r28
    491e:	4f 5f       	subi	r20, 0xFF	; 255
    4920:	5f 4f       	sbci	r21, 0xFF	; 255
    4922:	6f 2d       	mov	r22, r15
    4924:	8c e6       	ldi	r24, 0x6C	; 108
    4926:	91 e0       	ldi	r25, 0x01	; 1
    4928:	0e 94 02 19 	call	0x3204	; 0x3204 <COM_EROM_ACCESS_FLOAT>
    492c:	be c4       	rjmp	.+2428   	; 0x52aa <EEPROM_ACCESS_UART+0xd0e>
    492e:	f0 e2       	ldi	r31, 0x20	; 32
    4930:	ef 12       	cpse	r14, r31
    4932:	0a c0       	rjmp	.+20     	; 0x4948 <EEPROM_ACCESS_UART+0x3ac>
    4934:	98 01       	movw	r18, r16
    4936:	ae 01       	movw	r20, r28
    4938:	4f 5f       	subi	r20, 0xFF	; 255
    493a:	5f 4f       	sbci	r21, 0xFF	; 255
    493c:	6f 2d       	mov	r22, r15
    493e:	88 e6       	ldi	r24, 0x68	; 104
    4940:	91 e0       	ldi	r25, 0x01	; 1
    4942:	0e 94 02 19 	call	0x3204	; 0x3204 <COM_EROM_ACCESS_FLOAT>
    4946:	b1 c4       	rjmp	.+2402   	; 0x52aa <EEPROM_ACCESS_UART+0xd0e>
    4948:	81 e2       	ldi	r24, 0x21	; 33
    494a:	e8 12       	cpse	r14, r24
    494c:	0a c0       	rjmp	.+20     	; 0x4962 <EEPROM_ACCESS_UART+0x3c6>
    494e:	98 01       	movw	r18, r16
    4950:	ae 01       	movw	r20, r28
    4952:	4f 5f       	subi	r20, 0xFF	; 255
    4954:	5f 4f       	sbci	r21, 0xFF	; 255
    4956:	6f 2d       	mov	r22, r15
    4958:	84 e6       	ldi	r24, 0x64	; 100
    495a:	91 e0       	ldi	r25, 0x01	; 1
    495c:	0e 94 02 19 	call	0x3204	; 0x3204 <COM_EROM_ACCESS_FLOAT>
    4960:	a4 c4       	rjmp	.+2376   	; 0x52aa <EEPROM_ACCESS_UART+0xd0e>
    4962:	93 e2       	ldi	r25, 0x23	; 35
    4964:	e9 12       	cpse	r14, r25
    4966:	0a c0       	rjmp	.+20     	; 0x497c <EEPROM_ACCESS_UART+0x3e0>
    4968:	98 01       	movw	r18, r16
    496a:	ae 01       	movw	r20, r28
    496c:	4f 5f       	subi	r20, 0xFF	; 255
    496e:	5f 4f       	sbci	r21, 0xFF	; 255
    4970:	6f 2d       	mov	r22, r15
    4972:	80 e6       	ldi	r24, 0x60	; 96
    4974:	91 e0       	ldi	r25, 0x01	; 1
    4976:	0e 94 02 19 	call	0x3204	; 0x3204 <COM_EROM_ACCESS_FLOAT>
    497a:	97 c4       	rjmp	.+2350   	; 0x52aa <EEPROM_ACCESS_UART+0xd0e>
    497c:	e4 e2       	ldi	r30, 0x24	; 36
    497e:	ee 12       	cpse	r14, r30
    4980:	0a c0       	rjmp	.+20     	; 0x4996 <EEPROM_ACCESS_UART+0x3fa>
    4982:	98 01       	movw	r18, r16
    4984:	ae 01       	movw	r20, r28
    4986:	4f 5f       	subi	r20, 0xFF	; 255
    4988:	5f 4f       	sbci	r21, 0xFF	; 255
    498a:	6f 2d       	mov	r22, r15
    498c:	8c e5       	ldi	r24, 0x5C	; 92
    498e:	91 e0       	ldi	r25, 0x01	; 1
    4990:	0e 94 02 19 	call	0x3204	; 0x3204 <COM_EROM_ACCESS_FLOAT>
    4994:	8a c4       	rjmp	.+2324   	; 0x52aa <EEPROM_ACCESS_UART+0xd0e>
    4996:	f5 e2       	ldi	r31, 0x25	; 37
    4998:	ef 12       	cpse	r14, r31
    499a:	0a c0       	rjmp	.+20     	; 0x49b0 <EEPROM_ACCESS_UART+0x414>
    499c:	98 01       	movw	r18, r16
    499e:	ae 01       	movw	r20, r28
    49a0:	4f 5f       	subi	r20, 0xFF	; 255
    49a2:	5f 4f       	sbci	r21, 0xFF	; 255
    49a4:	6f 2d       	mov	r22, r15
    49a6:	88 e5       	ldi	r24, 0x58	; 88
    49a8:	91 e0       	ldi	r25, 0x01	; 1
    49aa:	0e 94 02 19 	call	0x3204	; 0x3204 <COM_EROM_ACCESS_FLOAT>
    49ae:	7d c4       	rjmp	.+2298   	; 0x52aa <EEPROM_ACCESS_UART+0xd0e>
    49b0:	86 e2       	ldi	r24, 0x26	; 38
    49b2:	e8 12       	cpse	r14, r24
    49b4:	0a c0       	rjmp	.+20     	; 0x49ca <EEPROM_ACCESS_UART+0x42e>
    49b6:	98 01       	movw	r18, r16
    49b8:	ae 01       	movw	r20, r28
    49ba:	4f 5f       	subi	r20, 0xFF	; 255
    49bc:	5f 4f       	sbci	r21, 0xFF	; 255
    49be:	6f 2d       	mov	r22, r15
    49c0:	84 e5       	ldi	r24, 0x54	; 84
    49c2:	91 e0       	ldi	r25, 0x01	; 1
    49c4:	0e 94 02 19 	call	0x3204	; 0x3204 <COM_EROM_ACCESS_FLOAT>
    49c8:	70 c4       	rjmp	.+2272   	; 0x52aa <EEPROM_ACCESS_UART+0xd0e>
    49ca:	98 e2       	ldi	r25, 0x28	; 40
    49cc:	e9 12       	cpse	r14, r25
    49ce:	0a c0       	rjmp	.+20     	; 0x49e4 <EEPROM_ACCESS_UART+0x448>
    49d0:	98 01       	movw	r18, r16
    49d2:	ae 01       	movw	r20, r28
    49d4:	4f 5f       	subi	r20, 0xFF	; 255
    49d6:	5f 4f       	sbci	r21, 0xFF	; 255
    49d8:	6f 2d       	mov	r22, r15
    49da:	80 e5       	ldi	r24, 0x50	; 80
    49dc:	91 e0       	ldi	r25, 0x01	; 1
    49de:	0e 94 02 19 	call	0x3204	; 0x3204 <COM_EROM_ACCESS_FLOAT>
    49e2:	63 c4       	rjmp	.+2246   	; 0x52aa <EEPROM_ACCESS_UART+0xd0e>
    49e4:	e9 e2       	ldi	r30, 0x29	; 41
    49e6:	ee 12       	cpse	r14, r30
    49e8:	0a c0       	rjmp	.+20     	; 0x49fe <EEPROM_ACCESS_UART+0x462>
    49ea:	98 01       	movw	r18, r16
    49ec:	ae 01       	movw	r20, r28
    49ee:	4f 5f       	subi	r20, 0xFF	; 255
    49f0:	5f 4f       	sbci	r21, 0xFF	; 255
    49f2:	6f 2d       	mov	r22, r15
    49f4:	8c e4       	ldi	r24, 0x4C	; 76
    49f6:	91 e0       	ldi	r25, 0x01	; 1
    49f8:	0e 94 02 19 	call	0x3204	; 0x3204 <COM_EROM_ACCESS_FLOAT>
    49fc:	56 c4       	rjmp	.+2220   	; 0x52aa <EEPROM_ACCESS_UART+0xd0e>
    49fe:	fa e2       	ldi	r31, 0x2A	; 42
    4a00:	ef 12       	cpse	r14, r31
    4a02:	0a c0       	rjmp	.+20     	; 0x4a18 <EEPROM_ACCESS_UART+0x47c>
    4a04:	98 01       	movw	r18, r16
    4a06:	ae 01       	movw	r20, r28
    4a08:	4f 5f       	subi	r20, 0xFF	; 255
    4a0a:	5f 4f       	sbci	r21, 0xFF	; 255
    4a0c:	6f 2d       	mov	r22, r15
    4a0e:	88 e4       	ldi	r24, 0x48	; 72
    4a10:	91 e0       	ldi	r25, 0x01	; 1
    4a12:	0e 94 02 19 	call	0x3204	; 0x3204 <COM_EROM_ACCESS_FLOAT>
    4a16:	49 c4       	rjmp	.+2194   	; 0x52aa <EEPROM_ACCESS_UART+0xd0e>
    4a18:	8b e2       	ldi	r24, 0x2B	; 43
    4a1a:	e8 12       	cpse	r14, r24
    4a1c:	0a c0       	rjmp	.+20     	; 0x4a32 <EEPROM_ACCESS_UART+0x496>
    4a1e:	98 01       	movw	r18, r16
    4a20:	ae 01       	movw	r20, r28
    4a22:	4f 5f       	subi	r20, 0xFF	; 255
    4a24:	5f 4f       	sbci	r21, 0xFF	; 255
    4a26:	6f 2d       	mov	r22, r15
    4a28:	84 e4       	ldi	r24, 0x44	; 68
    4a2a:	91 e0       	ldi	r25, 0x01	; 1
    4a2c:	0e 94 02 19 	call	0x3204	; 0x3204 <COM_EROM_ACCESS_FLOAT>
    4a30:	3c c4       	rjmp	.+2168   	; 0x52aa <EEPROM_ACCESS_UART+0xd0e>
    4a32:	9d e2       	ldi	r25, 0x2D	; 45
    4a34:	e9 12       	cpse	r14, r25
    4a36:	0a c0       	rjmp	.+20     	; 0x4a4c <EEPROM_ACCESS_UART+0x4b0>
    4a38:	98 01       	movw	r18, r16
    4a3a:	ae 01       	movw	r20, r28
    4a3c:	4f 5f       	subi	r20, 0xFF	; 255
    4a3e:	5f 4f       	sbci	r21, 0xFF	; 255
    4a40:	6f 2d       	mov	r22, r15
    4a42:	80 e4       	ldi	r24, 0x40	; 64
    4a44:	91 e0       	ldi	r25, 0x01	; 1
    4a46:	0e 94 02 19 	call	0x3204	; 0x3204 <COM_EROM_ACCESS_FLOAT>
    4a4a:	2f c4       	rjmp	.+2142   	; 0x52aa <EEPROM_ACCESS_UART+0xd0e>
    4a4c:	ee e2       	ldi	r30, 0x2E	; 46
    4a4e:	ee 12       	cpse	r14, r30
    4a50:	0a c0       	rjmp	.+20     	; 0x4a66 <EEPROM_ACCESS_UART+0x4ca>
    4a52:	98 01       	movw	r18, r16
    4a54:	ae 01       	movw	r20, r28
    4a56:	4f 5f       	subi	r20, 0xFF	; 255
    4a58:	5f 4f       	sbci	r21, 0xFF	; 255
    4a5a:	6f 2d       	mov	r22, r15
    4a5c:	8c e3       	ldi	r24, 0x3C	; 60
    4a5e:	91 e0       	ldi	r25, 0x01	; 1
    4a60:	0e 94 02 19 	call	0x3204	; 0x3204 <COM_EROM_ACCESS_FLOAT>
    4a64:	22 c4       	rjmp	.+2116   	; 0x52aa <EEPROM_ACCESS_UART+0xd0e>
    4a66:	ff e2       	ldi	r31, 0x2F	; 47
    4a68:	ef 12       	cpse	r14, r31
    4a6a:	0a c0       	rjmp	.+20     	; 0x4a80 <EEPROM_ACCESS_UART+0x4e4>
    4a6c:	98 01       	movw	r18, r16
    4a6e:	ae 01       	movw	r20, r28
    4a70:	4f 5f       	subi	r20, 0xFF	; 255
    4a72:	5f 4f       	sbci	r21, 0xFF	; 255
    4a74:	6f 2d       	mov	r22, r15
    4a76:	88 e3       	ldi	r24, 0x38	; 56
    4a78:	91 e0       	ldi	r25, 0x01	; 1
    4a7a:	0e 94 02 19 	call	0x3204	; 0x3204 <COM_EROM_ACCESS_FLOAT>
    4a7e:	15 c4       	rjmp	.+2090   	; 0x52aa <EEPROM_ACCESS_UART+0xd0e>
    4a80:	80 e3       	ldi	r24, 0x30	; 48
    4a82:	e8 12       	cpse	r14, r24
    4a84:	0a c0       	rjmp	.+20     	; 0x4a9a <EEPROM_ACCESS_UART+0x4fe>
    4a86:	98 01       	movw	r18, r16
    4a88:	ae 01       	movw	r20, r28
    4a8a:	4f 5f       	subi	r20, 0xFF	; 255
    4a8c:	5f 4f       	sbci	r21, 0xFF	; 255
    4a8e:	6f 2d       	mov	r22, r15
    4a90:	84 e3       	ldi	r24, 0x34	; 52
    4a92:	91 e0       	ldi	r25, 0x01	; 1
    4a94:	0e 94 02 19 	call	0x3204	; 0x3204 <COM_EROM_ACCESS_FLOAT>
    4a98:	08 c4       	rjmp	.+2064   	; 0x52aa <EEPROM_ACCESS_UART+0xd0e>
    4a9a:	97 e3       	ldi	r25, 0x37	; 55
    4a9c:	e9 12       	cpse	r14, r25
    4a9e:	0a c0       	rjmp	.+20     	; 0x4ab4 <EEPROM_ACCESS_UART+0x518>
    4aa0:	98 01       	movw	r18, r16
    4aa2:	ae 01       	movw	r20, r28
    4aa4:	4f 5f       	subi	r20, 0xFF	; 255
    4aa6:	5f 4f       	sbci	r21, 0xFF	; 255
    4aa8:	6f 2d       	mov	r22, r15
    4aaa:	80 e3       	ldi	r24, 0x30	; 48
    4aac:	91 e0       	ldi	r25, 0x01	; 1
    4aae:	0e 94 02 19 	call	0x3204	; 0x3204 <COM_EROM_ACCESS_FLOAT>
    4ab2:	fb c3       	rjmp	.+2038   	; 0x52aa <EEPROM_ACCESS_UART+0xd0e>
    4ab4:	e8 e3       	ldi	r30, 0x38	; 56
    4ab6:	ee 12       	cpse	r14, r30
    4ab8:	0a c0       	rjmp	.+20     	; 0x4ace <EEPROM_ACCESS_UART+0x532>
    4aba:	98 01       	movw	r18, r16
    4abc:	ae 01       	movw	r20, r28
    4abe:	4f 5f       	subi	r20, 0xFF	; 255
    4ac0:	5f 4f       	sbci	r21, 0xFF	; 255
    4ac2:	6f 2d       	mov	r22, r15
    4ac4:	8c e2       	ldi	r24, 0x2C	; 44
    4ac6:	91 e0       	ldi	r25, 0x01	; 1
    4ac8:	0e 94 02 19 	call	0x3204	; 0x3204 <COM_EROM_ACCESS_FLOAT>
    4acc:	ee c3       	rjmp	.+2012   	; 0x52aa <EEPROM_ACCESS_UART+0xd0e>
    4ace:	f9 e3       	ldi	r31, 0x39	; 57
    4ad0:	ef 12       	cpse	r14, r31
    4ad2:	0a c0       	rjmp	.+20     	; 0x4ae8 <EEPROM_ACCESS_UART+0x54c>
    4ad4:	98 01       	movw	r18, r16
    4ad6:	ae 01       	movw	r20, r28
    4ad8:	4f 5f       	subi	r20, 0xFF	; 255
    4ada:	5f 4f       	sbci	r21, 0xFF	; 255
    4adc:	6f 2d       	mov	r22, r15
    4ade:	88 e2       	ldi	r24, 0x28	; 40
    4ae0:	91 e0       	ldi	r25, 0x01	; 1
    4ae2:	0e 94 02 19 	call	0x3204	; 0x3204 <COM_EROM_ACCESS_FLOAT>
    4ae6:	e1 c3       	rjmp	.+1986   	; 0x52aa <EEPROM_ACCESS_UART+0xd0e>
    4ae8:	8c e3       	ldi	r24, 0x3C	; 60
    4aea:	e8 12       	cpse	r14, r24
    4aec:	0a c0       	rjmp	.+20     	; 0x4b02 <EEPROM_ACCESS_UART+0x566>
    4aee:	98 01       	movw	r18, r16
    4af0:	ae 01       	movw	r20, r28
    4af2:	4f 5f       	subi	r20, 0xFF	; 255
    4af4:	5f 4f       	sbci	r21, 0xFF	; 255
    4af6:	6f 2d       	mov	r22, r15
    4af8:	84 e2       	ldi	r24, 0x24	; 36
    4afa:	91 e0       	ldi	r25, 0x01	; 1
    4afc:	0e 94 02 19 	call	0x3204	; 0x3204 <COM_EROM_ACCESS_FLOAT>
    4b00:	d4 c3       	rjmp	.+1960   	; 0x52aa <EEPROM_ACCESS_UART+0xd0e>
    4b02:	9d e3       	ldi	r25, 0x3D	; 61
    4b04:	e9 12       	cpse	r14, r25
    4b06:	0a c0       	rjmp	.+20     	; 0x4b1c <EEPROM_ACCESS_UART+0x580>
    4b08:	98 01       	movw	r18, r16
    4b0a:	ae 01       	movw	r20, r28
    4b0c:	4f 5f       	subi	r20, 0xFF	; 255
    4b0e:	5f 4f       	sbci	r21, 0xFF	; 255
    4b10:	6f 2d       	mov	r22, r15
    4b12:	80 e2       	ldi	r24, 0x20	; 32
    4b14:	91 e0       	ldi	r25, 0x01	; 1
    4b16:	0e 94 02 19 	call	0x3204	; 0x3204 <COM_EROM_ACCESS_FLOAT>
    4b1a:	c7 c3       	rjmp	.+1934   	; 0x52aa <EEPROM_ACCESS_UART+0xd0e>
    4b1c:	ee e3       	ldi	r30, 0x3E	; 62
    4b1e:	ee 12       	cpse	r14, r30
    4b20:	0a c0       	rjmp	.+20     	; 0x4b36 <EEPROM_ACCESS_UART+0x59a>
    4b22:	98 01       	movw	r18, r16
    4b24:	ae 01       	movw	r20, r28
    4b26:	4f 5f       	subi	r20, 0xFF	; 255
    4b28:	5f 4f       	sbci	r21, 0xFF	; 255
    4b2a:	6f 2d       	mov	r22, r15
    4b2c:	8c e1       	ldi	r24, 0x1C	; 28
    4b2e:	91 e0       	ldi	r25, 0x01	; 1
    4b30:	0e 94 02 19 	call	0x3204	; 0x3204 <COM_EROM_ACCESS_FLOAT>
    4b34:	ba c3       	rjmp	.+1908   	; 0x52aa <EEPROM_ACCESS_UART+0xd0e>
    4b36:	f1 e4       	ldi	r31, 0x41	; 65
    4b38:	ef 12       	cpse	r14, r31
    4b3a:	0a c0       	rjmp	.+20     	; 0x4b50 <EEPROM_ACCESS_UART+0x5b4>
    4b3c:	98 01       	movw	r18, r16
    4b3e:	ae 01       	movw	r20, r28
    4b40:	4f 5f       	subi	r20, 0xFF	; 255
    4b42:	5f 4f       	sbci	r21, 0xFF	; 255
    4b44:	6f 2d       	mov	r22, r15
    4b46:	88 e1       	ldi	r24, 0x18	; 24
    4b48:	91 e0       	ldi	r25, 0x01	; 1
    4b4a:	0e 94 02 19 	call	0x3204	; 0x3204 <COM_EROM_ACCESS_FLOAT>
    4b4e:	ad c3       	rjmp	.+1882   	; 0x52aa <EEPROM_ACCESS_UART+0xd0e>
    4b50:	82 e4       	ldi	r24, 0x42	; 66
    4b52:	e8 12       	cpse	r14, r24
    4b54:	0a c0       	rjmp	.+20     	; 0x4b6a <EEPROM_ACCESS_UART+0x5ce>
    4b56:	98 01       	movw	r18, r16
    4b58:	ae 01       	movw	r20, r28
    4b5a:	4f 5f       	subi	r20, 0xFF	; 255
    4b5c:	5f 4f       	sbci	r21, 0xFF	; 255
    4b5e:	6f 2d       	mov	r22, r15
    4b60:	84 e1       	ldi	r24, 0x14	; 20
    4b62:	91 e0       	ldi	r25, 0x01	; 1
    4b64:	0e 94 02 19 	call	0x3204	; 0x3204 <COM_EROM_ACCESS_FLOAT>
    4b68:	a0 c3       	rjmp	.+1856   	; 0x52aa <EEPROM_ACCESS_UART+0xd0e>
    4b6a:	93 e4       	ldi	r25, 0x43	; 67
    4b6c:	e9 12       	cpse	r14, r25
    4b6e:	0a c0       	rjmp	.+20     	; 0x4b84 <EEPROM_ACCESS_UART+0x5e8>
    4b70:	98 01       	movw	r18, r16
    4b72:	ae 01       	movw	r20, r28
    4b74:	4f 5f       	subi	r20, 0xFF	; 255
    4b76:	5f 4f       	sbci	r21, 0xFF	; 255
    4b78:	6f 2d       	mov	r22, r15
    4b7a:	80 e1       	ldi	r24, 0x10	; 16
    4b7c:	91 e0       	ldi	r25, 0x01	; 1
    4b7e:	0e 94 02 19 	call	0x3204	; 0x3204 <COM_EROM_ACCESS_FLOAT>
    4b82:	93 c3       	rjmp	.+1830   	; 0x52aa <EEPROM_ACCESS_UART+0xd0e>
    4b84:	e6 e4       	ldi	r30, 0x46	; 70
    4b86:	ee 12       	cpse	r14, r30
    4b88:	0a c0       	rjmp	.+20     	; 0x4b9e <EEPROM_ACCESS_UART+0x602>
    4b8a:	98 01       	movw	r18, r16
    4b8c:	ae 01       	movw	r20, r28
    4b8e:	4f 5f       	subi	r20, 0xFF	; 255
    4b90:	5f 4f       	sbci	r21, 0xFF	; 255
    4b92:	6f 2d       	mov	r22, r15
    4b94:	8c e0       	ldi	r24, 0x0C	; 12
    4b96:	91 e0       	ldi	r25, 0x01	; 1
    4b98:	0e 94 02 19 	call	0x3204	; 0x3204 <COM_EROM_ACCESS_FLOAT>
    4b9c:	86 c3       	rjmp	.+1804   	; 0x52aa <EEPROM_ACCESS_UART+0xd0e>
    4b9e:	f7 e4       	ldi	r31, 0x47	; 71
    4ba0:	ef 12       	cpse	r14, r31
    4ba2:	0a c0       	rjmp	.+20     	; 0x4bb8 <EEPROM_ACCESS_UART+0x61c>
    4ba4:	98 01       	movw	r18, r16
    4ba6:	ae 01       	movw	r20, r28
    4ba8:	4f 5f       	subi	r20, 0xFF	; 255
    4baa:	5f 4f       	sbci	r21, 0xFF	; 255
    4bac:	6f 2d       	mov	r22, r15
    4bae:	88 e0       	ldi	r24, 0x08	; 8
    4bb0:	91 e0       	ldi	r25, 0x01	; 1
    4bb2:	0e 94 02 19 	call	0x3204	; 0x3204 <COM_EROM_ACCESS_FLOAT>
    4bb6:	79 c3       	rjmp	.+1778   	; 0x52aa <EEPROM_ACCESS_UART+0xd0e>
    4bb8:	88 e4       	ldi	r24, 0x48	; 72
    4bba:	e8 12       	cpse	r14, r24
    4bbc:	0a c0       	rjmp	.+20     	; 0x4bd2 <EEPROM_ACCESS_UART+0x636>
    4bbe:	98 01       	movw	r18, r16
    4bc0:	ae 01       	movw	r20, r28
    4bc2:	4f 5f       	subi	r20, 0xFF	; 255
    4bc4:	5f 4f       	sbci	r21, 0xFF	; 255
    4bc6:	6f 2d       	mov	r22, r15
    4bc8:	84 e0       	ldi	r24, 0x04	; 4
    4bca:	91 e0       	ldi	r25, 0x01	; 1
    4bcc:	0e 94 02 19 	call	0x3204	; 0x3204 <COM_EROM_ACCESS_FLOAT>
    4bd0:	6c c3       	rjmp	.+1752   	; 0x52aa <EEPROM_ACCESS_UART+0xd0e>
    4bd2:	9b e4       	ldi	r25, 0x4B	; 75
    4bd4:	e9 12       	cpse	r14, r25
    4bd6:	0a c0       	rjmp	.+20     	; 0x4bec <EEPROM_ACCESS_UART+0x650>
    4bd8:	98 01       	movw	r18, r16
    4bda:	ae 01       	movw	r20, r28
    4bdc:	4f 5f       	subi	r20, 0xFF	; 255
    4bde:	5f 4f       	sbci	r21, 0xFF	; 255
    4be0:	6f 2d       	mov	r22, r15
    4be2:	80 e0       	ldi	r24, 0x00	; 0
    4be4:	91 e0       	ldi	r25, 0x01	; 1
    4be6:	0e 94 02 19 	call	0x3204	; 0x3204 <COM_EROM_ACCESS_FLOAT>
    4bea:	5f c3       	rjmp	.+1726   	; 0x52aa <EEPROM_ACCESS_UART+0xd0e>
    4bec:	ec e4       	ldi	r30, 0x4C	; 76
    4bee:	ee 12       	cpse	r14, r30
    4bf0:	0a c0       	rjmp	.+20     	; 0x4c06 <EEPROM_ACCESS_UART+0x66a>
    4bf2:	98 01       	movw	r18, r16
    4bf4:	ae 01       	movw	r20, r28
    4bf6:	4f 5f       	subi	r20, 0xFF	; 255
    4bf8:	5f 4f       	sbci	r21, 0xFF	; 255
    4bfa:	6f 2d       	mov	r22, r15
    4bfc:	8c ef       	ldi	r24, 0xFC	; 252
    4bfe:	90 e0       	ldi	r25, 0x00	; 0
    4c00:	0e 94 02 19 	call	0x3204	; 0x3204 <COM_EROM_ACCESS_FLOAT>
    4c04:	52 c3       	rjmp	.+1700   	; 0x52aa <EEPROM_ACCESS_UART+0xd0e>
    4c06:	fd e4       	ldi	r31, 0x4D	; 77
    4c08:	ef 12       	cpse	r14, r31
    4c0a:	0a c0       	rjmp	.+20     	; 0x4c20 <EEPROM_ACCESS_UART+0x684>
    4c0c:	98 01       	movw	r18, r16
    4c0e:	ae 01       	movw	r20, r28
    4c10:	4f 5f       	subi	r20, 0xFF	; 255
    4c12:	5f 4f       	sbci	r21, 0xFF	; 255
    4c14:	6f 2d       	mov	r22, r15
    4c16:	88 ef       	ldi	r24, 0xF8	; 248
    4c18:	90 e0       	ldi	r25, 0x00	; 0
    4c1a:	0e 94 02 19 	call	0x3204	; 0x3204 <COM_EROM_ACCESS_FLOAT>
    4c1e:	45 c3       	rjmp	.+1674   	; 0x52aa <EEPROM_ACCESS_UART+0xd0e>
    4c20:	80 e5       	ldi	r24, 0x50	; 80
    4c22:	e8 12       	cpse	r14, r24
    4c24:	0a c0       	rjmp	.+20     	; 0x4c3a <EEPROM_ACCESS_UART+0x69e>
    4c26:	98 01       	movw	r18, r16
    4c28:	ae 01       	movw	r20, r28
    4c2a:	4f 5f       	subi	r20, 0xFF	; 255
    4c2c:	5f 4f       	sbci	r21, 0xFF	; 255
    4c2e:	6f 2d       	mov	r22, r15
    4c30:	84 ef       	ldi	r24, 0xF4	; 244
    4c32:	90 e0       	ldi	r25, 0x00	; 0
    4c34:	0e 94 02 19 	call	0x3204	; 0x3204 <COM_EROM_ACCESS_FLOAT>
    4c38:	38 c3       	rjmp	.+1648   	; 0x52aa <EEPROM_ACCESS_UART+0xd0e>
    4c3a:	91 e5       	ldi	r25, 0x51	; 81
    4c3c:	e9 12       	cpse	r14, r25
    4c3e:	0a c0       	rjmp	.+20     	; 0x4c54 <EEPROM_ACCESS_UART+0x6b8>
    4c40:	98 01       	movw	r18, r16
    4c42:	ae 01       	movw	r20, r28
    4c44:	4f 5f       	subi	r20, 0xFF	; 255
    4c46:	5f 4f       	sbci	r21, 0xFF	; 255
    4c48:	6f 2d       	mov	r22, r15
    4c4a:	80 ef       	ldi	r24, 0xF0	; 240
    4c4c:	90 e0       	ldi	r25, 0x00	; 0
    4c4e:	0e 94 02 19 	call	0x3204	; 0x3204 <COM_EROM_ACCESS_FLOAT>
    4c52:	2b c3       	rjmp	.+1622   	; 0x52aa <EEPROM_ACCESS_UART+0xd0e>
    4c54:	e2 e5       	ldi	r30, 0x52	; 82
    4c56:	ee 12       	cpse	r14, r30
    4c58:	0a c0       	rjmp	.+20     	; 0x4c6e <EEPROM_ACCESS_UART+0x6d2>
    4c5a:	98 01       	movw	r18, r16
    4c5c:	ae 01       	movw	r20, r28
    4c5e:	4f 5f       	subi	r20, 0xFF	; 255
    4c60:	5f 4f       	sbci	r21, 0xFF	; 255
    4c62:	6f 2d       	mov	r22, r15
    4c64:	8c ee       	ldi	r24, 0xEC	; 236
    4c66:	90 e0       	ldi	r25, 0x00	; 0
    4c68:	0e 94 02 19 	call	0x3204	; 0x3204 <COM_EROM_ACCESS_FLOAT>
    4c6c:	1e c3       	rjmp	.+1596   	; 0x52aa <EEPROM_ACCESS_UART+0xd0e>
    4c6e:	f3 e5       	ldi	r31, 0x53	; 83
    4c70:	ef 12       	cpse	r14, r31
    4c72:	0a c0       	rjmp	.+20     	; 0x4c88 <EEPROM_ACCESS_UART+0x6ec>
    4c74:	98 01       	movw	r18, r16
    4c76:	ae 01       	movw	r20, r28
    4c78:	4f 5f       	subi	r20, 0xFF	; 255
    4c7a:	5f 4f       	sbci	r21, 0xFF	; 255
    4c7c:	6f 2d       	mov	r22, r15
    4c7e:	8b e8       	ldi	r24, 0x8B	; 139
    4c80:	91 e0       	ldi	r25, 0x01	; 1
    4c82:	0e 94 3f 19 	call	0x327e	; 0x327e <COM_EROM_ACCESS_UINT8>
    4c86:	11 c3       	rjmp	.+1570   	; 0x52aa <EEPROM_ACCESS_UART+0xd0e>
    4c88:	84 e5       	ldi	r24, 0x54	; 84
    4c8a:	e8 12       	cpse	r14, r24
    4c8c:	0a c0       	rjmp	.+20     	; 0x4ca2 <EEPROM_ACCESS_UART+0x706>
    4c8e:	98 01       	movw	r18, r16
    4c90:	ae 01       	movw	r20, r28
    4c92:	4f 5f       	subi	r20, 0xFF	; 255
    4c94:	5f 4f       	sbci	r21, 0xFF	; 255
    4c96:	6f 2d       	mov	r22, r15
    4c98:	8a e8       	ldi	r24, 0x8A	; 138
    4c9a:	91 e0       	ldi	r25, 0x01	; 1
    4c9c:	0e 94 3f 19 	call	0x327e	; 0x327e <COM_EROM_ACCESS_UINT8>
    4ca0:	04 c3       	rjmp	.+1544   	; 0x52aa <EEPROM_ACCESS_UART+0xd0e>
    4ca2:	9a e5       	ldi	r25, 0x5A	; 90
    4ca4:	e9 12       	cpse	r14, r25
    4ca6:	0a c0       	rjmp	.+20     	; 0x4cbc <EEPROM_ACCESS_UART+0x720>
    4ca8:	98 01       	movw	r18, r16
    4caa:	ae 01       	movw	r20, r28
    4cac:	4f 5f       	subi	r20, 0xFF	; 255
    4cae:	5f 4f       	sbci	r21, 0xFF	; 255
    4cb0:	6f 2d       	mov	r22, r15
    4cb2:	89 e4       	ldi	r24, 0x49	; 73
    4cb4:	90 e0       	ldi	r25, 0x00	; 0
    4cb6:	0e 94 02 19 	call	0x3204	; 0x3204 <COM_EROM_ACCESS_FLOAT>
    4cba:	f7 c2       	rjmp	.+1518   	; 0x52aa <EEPROM_ACCESS_UART+0xd0e>
    4cbc:	eb e5       	ldi	r30, 0x5B	; 91
    4cbe:	ee 12       	cpse	r14, r30
    4cc0:	0a c0       	rjmp	.+20     	; 0x4cd6 <EEPROM_ACCESS_UART+0x73a>
    4cc2:	98 01       	movw	r18, r16
    4cc4:	ae 01       	movw	r20, r28
    4cc6:	4f 5f       	subi	r20, 0xFF	; 255
    4cc8:	5f 4f       	sbci	r21, 0xFF	; 255
    4cca:	6f 2d       	mov	r22, r15
    4ccc:	85 e4       	ldi	r24, 0x45	; 69
    4cce:	90 e0       	ldi	r25, 0x00	; 0
    4cd0:	0e 94 02 19 	call	0x3204	; 0x3204 <COM_EROM_ACCESS_FLOAT>
    4cd4:	ea c2       	rjmp	.+1492   	; 0x52aa <EEPROM_ACCESS_UART+0xd0e>
    4cd6:	ff e5       	ldi	r31, 0x5F	; 95
    4cd8:	ef 12       	cpse	r14, r31
    4cda:	0a c0       	rjmp	.+20     	; 0x4cf0 <EEPROM_ACCESS_UART+0x754>
    4cdc:	98 01       	movw	r18, r16
    4cde:	ae 01       	movw	r20, r28
    4ce0:	4f 5f       	subi	r20, 0xFF	; 255
    4ce2:	5f 4f       	sbci	r21, 0xFF	; 255
    4ce4:	6f 2d       	mov	r22, r15
    4ce6:	81 e4       	ldi	r24, 0x41	; 65
    4ce8:	90 e0       	ldi	r25, 0x00	; 0
    4cea:	0e 94 02 19 	call	0x3204	; 0x3204 <COM_EROM_ACCESS_FLOAT>
    4cee:	dd c2       	rjmp	.+1466   	; 0x52aa <EEPROM_ACCESS_UART+0xd0e>
    4cf0:	80 e6       	ldi	r24, 0x60	; 96
    4cf2:	e8 12       	cpse	r14, r24
    4cf4:	0a c0       	rjmp	.+20     	; 0x4d0a <EEPROM_ACCESS_UART+0x76e>
    4cf6:	98 01       	movw	r18, r16
    4cf8:	ae 01       	movw	r20, r28
    4cfa:	4f 5f       	subi	r20, 0xFF	; 255
    4cfc:	5f 4f       	sbci	r21, 0xFF	; 255
    4cfe:	6f 2d       	mov	r22, r15
    4d00:	8d e3       	ldi	r24, 0x3D	; 61
    4d02:	90 e0       	ldi	r25, 0x00	; 0
    4d04:	0e 94 02 19 	call	0x3204	; 0x3204 <COM_EROM_ACCESS_FLOAT>
    4d08:	d0 c2       	rjmp	.+1440   	; 0x52aa <EEPROM_ACCESS_UART+0xd0e>
    4d0a:	91 e6       	ldi	r25, 0x61	; 97
    4d0c:	e9 12       	cpse	r14, r25
    4d0e:	0a c0       	rjmp	.+20     	; 0x4d24 <EEPROM_ACCESS_UART+0x788>
    4d10:	98 01       	movw	r18, r16
    4d12:	ae 01       	movw	r20, r28
    4d14:	4f 5f       	subi	r20, 0xFF	; 255
    4d16:	5f 4f       	sbci	r21, 0xFF	; 255
    4d18:	6f 2d       	mov	r22, r15
    4d1a:	89 e3       	ldi	r24, 0x39	; 57
    4d1c:	90 e0       	ldi	r25, 0x00	; 0
    4d1e:	0e 94 02 19 	call	0x3204	; 0x3204 <COM_EROM_ACCESS_FLOAT>
    4d22:	c3 c2       	rjmp	.+1414   	; 0x52aa <EEPROM_ACCESS_UART+0xd0e>
    4d24:	e4 e6       	ldi	r30, 0x64	; 100
    4d26:	ee 12       	cpse	r14, r30
    4d28:	0a c0       	rjmp	.+20     	; 0x4d3e <EEPROM_ACCESS_UART+0x7a2>
    4d2a:	98 01       	movw	r18, r16
    4d2c:	ae 01       	movw	r20, r28
    4d2e:	4f 5f       	subi	r20, 0xFF	; 255
    4d30:	5f 4f       	sbci	r21, 0xFF	; 255
    4d32:	6f 2d       	mov	r22, r15
    4d34:	85 e3       	ldi	r24, 0x35	; 53
    4d36:	90 e0       	ldi	r25, 0x00	; 0
    4d38:	0e 94 02 19 	call	0x3204	; 0x3204 <COM_EROM_ACCESS_FLOAT>
    4d3c:	b6 c2       	rjmp	.+1388   	; 0x52aa <EEPROM_ACCESS_UART+0xd0e>
    4d3e:	f5 e6       	ldi	r31, 0x65	; 101
    4d40:	ef 12       	cpse	r14, r31
    4d42:	0a c0       	rjmp	.+20     	; 0x4d58 <EEPROM_ACCESS_UART+0x7bc>
    4d44:	98 01       	movw	r18, r16
    4d46:	ae 01       	movw	r20, r28
    4d48:	4f 5f       	subi	r20, 0xFF	; 255
    4d4a:	5f 4f       	sbci	r21, 0xFF	; 255
    4d4c:	6f 2d       	mov	r22, r15
    4d4e:	81 e3       	ldi	r24, 0x31	; 49
    4d50:	90 e0       	ldi	r25, 0x00	; 0
    4d52:	0e 94 02 19 	call	0x3204	; 0x3204 <COM_EROM_ACCESS_FLOAT>
    4d56:	a9 c2       	rjmp	.+1362   	; 0x52aa <EEPROM_ACCESS_UART+0xd0e>
    4d58:	86 e6       	ldi	r24, 0x66	; 102
    4d5a:	e8 12       	cpse	r14, r24
    4d5c:	0a c0       	rjmp	.+20     	; 0x4d72 <EEPROM_ACCESS_UART+0x7d6>
    4d5e:	98 01       	movw	r18, r16
    4d60:	ae 01       	movw	r20, r28
    4d62:	4f 5f       	subi	r20, 0xFF	; 255
    4d64:	5f 4f       	sbci	r21, 0xFF	; 255
    4d66:	6f 2d       	mov	r22, r15
    4d68:	8d e2       	ldi	r24, 0x2D	; 45
    4d6a:	90 e0       	ldi	r25, 0x00	; 0
    4d6c:	0e 94 02 19 	call	0x3204	; 0x3204 <COM_EROM_ACCESS_FLOAT>
    4d70:	9c c2       	rjmp	.+1336   	; 0x52aa <EEPROM_ACCESS_UART+0xd0e>
    4d72:	97 e6       	ldi	r25, 0x67	; 103
    4d74:	e9 12       	cpse	r14, r25
    4d76:	0a c0       	rjmp	.+20     	; 0x4d8c <EEPROM_ACCESS_UART+0x7f0>
    4d78:	98 01       	movw	r18, r16
    4d7a:	ae 01       	movw	r20, r28
    4d7c:	4f 5f       	subi	r20, 0xFF	; 255
    4d7e:	5f 4f       	sbci	r21, 0xFF	; 255
    4d80:	6f 2d       	mov	r22, r15
    4d82:	89 e2       	ldi	r24, 0x29	; 41
    4d84:	90 e0       	ldi	r25, 0x00	; 0
    4d86:	0e 94 02 19 	call	0x3204	; 0x3204 <COM_EROM_ACCESS_FLOAT>
    4d8a:	8f c2       	rjmp	.+1310   	; 0x52aa <EEPROM_ACCESS_UART+0xd0e>
    4d8c:	e9 e6       	ldi	r30, 0x69	; 105
    4d8e:	ee 12       	cpse	r14, r30
    4d90:	0a c0       	rjmp	.+20     	; 0x4da6 <EEPROM_ACCESS_UART+0x80a>
    4d92:	98 01       	movw	r18, r16
    4d94:	ae 01       	movw	r20, r28
    4d96:	4f 5f       	subi	r20, 0xFF	; 255
    4d98:	5f 4f       	sbci	r21, 0xFF	; 255
    4d9a:	6f 2d       	mov	r22, r15
    4d9c:	85 e2       	ldi	r24, 0x25	; 37
    4d9e:	90 e0       	ldi	r25, 0x00	; 0
    4da0:	0e 94 02 19 	call	0x3204	; 0x3204 <COM_EROM_ACCESS_FLOAT>
    4da4:	82 c2       	rjmp	.+1284   	; 0x52aa <EEPROM_ACCESS_UART+0xd0e>
    4da6:	fa e6       	ldi	r31, 0x6A	; 106
    4da8:	ef 12       	cpse	r14, r31
    4daa:	0a c0       	rjmp	.+20     	; 0x4dc0 <EEPROM_ACCESS_UART+0x824>
    4dac:	98 01       	movw	r18, r16
    4dae:	ae 01       	movw	r20, r28
    4db0:	4f 5f       	subi	r20, 0xFF	; 255
    4db2:	5f 4f       	sbci	r21, 0xFF	; 255
    4db4:	6f 2d       	mov	r22, r15
    4db6:	81 e2       	ldi	r24, 0x21	; 33
    4db8:	90 e0       	ldi	r25, 0x00	; 0
    4dba:	0e 94 02 19 	call	0x3204	; 0x3204 <COM_EROM_ACCESS_FLOAT>
    4dbe:	75 c2       	rjmp	.+1258   	; 0x52aa <EEPROM_ACCESS_UART+0xd0e>
    4dc0:	8b e6       	ldi	r24, 0x6B	; 107
    4dc2:	e8 12       	cpse	r14, r24
    4dc4:	0a c0       	rjmp	.+20     	; 0x4dda <EEPROM_ACCESS_UART+0x83e>
    4dc6:	98 01       	movw	r18, r16
    4dc8:	ae 01       	movw	r20, r28
    4dca:	4f 5f       	subi	r20, 0xFF	; 255
    4dcc:	5f 4f       	sbci	r21, 0xFF	; 255
    4dce:	6f 2d       	mov	r22, r15
    4dd0:	8d e1       	ldi	r24, 0x1D	; 29
    4dd2:	90 e0       	ldi	r25, 0x00	; 0
    4dd4:	0e 94 02 19 	call	0x3204	; 0x3204 <COM_EROM_ACCESS_FLOAT>
    4dd8:	68 c2       	rjmp	.+1232   	; 0x52aa <EEPROM_ACCESS_UART+0xd0e>
    4dda:	9c e6       	ldi	r25, 0x6C	; 108
    4ddc:	e9 12       	cpse	r14, r25
    4dde:	0a c0       	rjmp	.+20     	; 0x4df4 <EEPROM_ACCESS_UART+0x858>
    4de0:	98 01       	movw	r18, r16
    4de2:	ae 01       	movw	r20, r28
    4de4:	4f 5f       	subi	r20, 0xFF	; 255
    4de6:	5f 4f       	sbci	r21, 0xFF	; 255
    4de8:	6f 2d       	mov	r22, r15
    4dea:	89 e1       	ldi	r24, 0x19	; 25
    4dec:	90 e0       	ldi	r25, 0x00	; 0
    4dee:	0e 94 02 19 	call	0x3204	; 0x3204 <COM_EROM_ACCESS_FLOAT>
    4df2:	5b c2       	rjmp	.+1206   	; 0x52aa <EEPROM_ACCESS_UART+0xd0e>
    4df4:	ee e6       	ldi	r30, 0x6E	; 110
    4df6:	ee 12       	cpse	r14, r30
    4df8:	0a c0       	rjmp	.+20     	; 0x4e0e <EEPROM_ACCESS_UART+0x872>
    4dfa:	98 01       	movw	r18, r16
    4dfc:	ae 01       	movw	r20, r28
    4dfe:	4f 5f       	subi	r20, 0xFF	; 255
    4e00:	5f 4f       	sbci	r21, 0xFF	; 255
    4e02:	6f 2d       	mov	r22, r15
    4e04:	85 e1       	ldi	r24, 0x15	; 21
    4e06:	90 e0       	ldi	r25, 0x00	; 0
    4e08:	0e 94 02 19 	call	0x3204	; 0x3204 <COM_EROM_ACCESS_FLOAT>
    4e0c:	4e c2       	rjmp	.+1180   	; 0x52aa <EEPROM_ACCESS_UART+0xd0e>
    4e0e:	ff e6       	ldi	r31, 0x6F	; 111
    4e10:	ef 12       	cpse	r14, r31
    4e12:	0a c0       	rjmp	.+20     	; 0x4e28 <EEPROM_ACCESS_UART+0x88c>
    4e14:	98 01       	movw	r18, r16
    4e16:	ae 01       	movw	r20, r28
    4e18:	4f 5f       	subi	r20, 0xFF	; 255
    4e1a:	5f 4f       	sbci	r21, 0xFF	; 255
    4e1c:	6f 2d       	mov	r22, r15
    4e1e:	81 e1       	ldi	r24, 0x11	; 17
    4e20:	90 e0       	ldi	r25, 0x00	; 0
    4e22:	0e 94 02 19 	call	0x3204	; 0x3204 <COM_EROM_ACCESS_FLOAT>
    4e26:	41 c2       	rjmp	.+1154   	; 0x52aa <EEPROM_ACCESS_UART+0xd0e>
    4e28:	83 e7       	ldi	r24, 0x73	; 115
    4e2a:	e8 12       	cpse	r14, r24
    4e2c:	0a c0       	rjmp	.+20     	; 0x4e42 <EEPROM_ACCESS_UART+0x8a6>
    4e2e:	98 01       	movw	r18, r16
    4e30:	ae 01       	movw	r20, r28
    4e32:	4f 5f       	subi	r20, 0xFF	; 255
    4e34:	5f 4f       	sbci	r21, 0xFF	; 255
    4e36:	6f 2d       	mov	r22, r15
    4e38:	8f e0       	ldi	r24, 0x0F	; 15
    4e3a:	90 e0       	ldi	r25, 0x00	; 0
    4e3c:	0e 94 3f 19 	call	0x327e	; 0x327e <COM_EROM_ACCESS_UINT8>
    4e40:	34 c2       	rjmp	.+1128   	; 0x52aa <EEPROM_ACCESS_UART+0xd0e>
    4e42:	94 e7       	ldi	r25, 0x74	; 116
    4e44:	e9 12       	cpse	r14, r25
    4e46:	0a c0       	rjmp	.+20     	; 0x4e5c <EEPROM_ACCESS_UART+0x8c0>
    4e48:	98 01       	movw	r18, r16
    4e4a:	ae 01       	movw	r20, r28
    4e4c:	4f 5f       	subi	r20, 0xFF	; 255
    4e4e:	5f 4f       	sbci	r21, 0xFF	; 255
    4e50:	6f 2d       	mov	r22, r15
    4e52:	8e e0       	ldi	r24, 0x0E	; 14
    4e54:	90 e0       	ldi	r25, 0x00	; 0
    4e56:	0e 94 3f 19 	call	0x327e	; 0x327e <COM_EROM_ACCESS_UINT8>
    4e5a:	27 c2       	rjmp	.+1102   	; 0x52aa <EEPROM_ACCESS_UART+0xd0e>
    4e5c:	ed e7       	ldi	r30, 0x7D	; 125
    4e5e:	ee 12       	cpse	r14, r30
    4e60:	0a c0       	rjmp	.+20     	; 0x4e76 <EEPROM_ACCESS_UART+0x8da>
    4e62:	98 01       	movw	r18, r16
    4e64:	ae 01       	movw	r20, r28
    4e66:	4f 5f       	subi	r20, 0xFF	; 255
    4e68:	5f 4f       	sbci	r21, 0xFF	; 255
    4e6a:	6f 2d       	mov	r22, r15
    4e6c:	8f ec       	ldi	r24, 0xCF	; 207
    4e6e:	90 e0       	ldi	r25, 0x00	; 0
    4e70:	0e 94 02 19 	call	0x3204	; 0x3204 <COM_EROM_ACCESS_FLOAT>
    4e74:	1a c2       	rjmp	.+1076   	; 0x52aa <EEPROM_ACCESS_UART+0xd0e>
    4e76:	fe e7       	ldi	r31, 0x7E	; 126
    4e78:	ef 12       	cpse	r14, r31
    4e7a:	0a c0       	rjmp	.+20     	; 0x4e90 <EEPROM_ACCESS_UART+0x8f4>
    4e7c:	98 01       	movw	r18, r16
    4e7e:	ae 01       	movw	r20, r28
    4e80:	4f 5f       	subi	r20, 0xFF	; 255
    4e82:	5f 4f       	sbci	r21, 0xFF	; 255
    4e84:	6f 2d       	mov	r22, r15
    4e86:	8b ec       	ldi	r24, 0xCB	; 203
    4e88:	90 e0       	ldi	r25, 0x00	; 0
    4e8a:	0e 94 02 19 	call	0x3204	; 0x3204 <COM_EROM_ACCESS_FLOAT>
    4e8e:	0d c2       	rjmp	.+1050   	; 0x52aa <EEPROM_ACCESS_UART+0xd0e>
    4e90:	8f e7       	ldi	r24, 0x7F	; 127
    4e92:	e8 12       	cpse	r14, r24
    4e94:	0a c0       	rjmp	.+20     	; 0x4eaa <EEPROM_ACCESS_UART+0x90e>
    4e96:	98 01       	movw	r18, r16
    4e98:	ae 01       	movw	r20, r28
    4e9a:	4f 5f       	subi	r20, 0xFF	; 255
    4e9c:	5f 4f       	sbci	r21, 0xFF	; 255
    4e9e:	6f 2d       	mov	r22, r15
    4ea0:	87 ec       	ldi	r24, 0xC7	; 199
    4ea2:	90 e0       	ldi	r25, 0x00	; 0
    4ea4:	0e 94 02 19 	call	0x3204	; 0x3204 <COM_EROM_ACCESS_FLOAT>
    4ea8:	00 c2       	rjmp	.+1024   	; 0x52aa <EEPROM_ACCESS_UART+0xd0e>
    4eaa:	90 e8       	ldi	r25, 0x80	; 128
    4eac:	e9 12       	cpse	r14, r25
    4eae:	0a c0       	rjmp	.+20     	; 0x4ec4 <EEPROM_ACCESS_UART+0x928>
    4eb0:	98 01       	movw	r18, r16
    4eb2:	ae 01       	movw	r20, r28
    4eb4:	4f 5f       	subi	r20, 0xFF	; 255
    4eb6:	5f 4f       	sbci	r21, 0xFF	; 255
    4eb8:	6f 2d       	mov	r22, r15
    4eba:	83 ec       	ldi	r24, 0xC3	; 195
    4ebc:	90 e0       	ldi	r25, 0x00	; 0
    4ebe:	0e 94 02 19 	call	0x3204	; 0x3204 <COM_EROM_ACCESS_FLOAT>
    4ec2:	f3 c1       	rjmp	.+998    	; 0x52aa <EEPROM_ACCESS_UART+0xd0e>
    4ec4:	e2 e8       	ldi	r30, 0x82	; 130
    4ec6:	ee 12       	cpse	r14, r30
    4ec8:	0a c0       	rjmp	.+20     	; 0x4ede <EEPROM_ACCESS_UART+0x942>
    4eca:	98 01       	movw	r18, r16
    4ecc:	ae 01       	movw	r20, r28
    4ece:	4f 5f       	subi	r20, 0xFF	; 255
    4ed0:	5f 4f       	sbci	r21, 0xFF	; 255
    4ed2:	6f 2d       	mov	r22, r15
    4ed4:	8f eb       	ldi	r24, 0xBF	; 191
    4ed6:	90 e0       	ldi	r25, 0x00	; 0
    4ed8:	0e 94 02 19 	call	0x3204	; 0x3204 <COM_EROM_ACCESS_FLOAT>
    4edc:	e6 c1       	rjmp	.+972    	; 0x52aa <EEPROM_ACCESS_UART+0xd0e>
    4ede:	f3 e8       	ldi	r31, 0x83	; 131
    4ee0:	ef 12       	cpse	r14, r31
    4ee2:	0a c0       	rjmp	.+20     	; 0x4ef8 <EEPROM_ACCESS_UART+0x95c>
    4ee4:	98 01       	movw	r18, r16
    4ee6:	ae 01       	movw	r20, r28
    4ee8:	4f 5f       	subi	r20, 0xFF	; 255
    4eea:	5f 4f       	sbci	r21, 0xFF	; 255
    4eec:	6f 2d       	mov	r22, r15
    4eee:	8b eb       	ldi	r24, 0xBB	; 187
    4ef0:	90 e0       	ldi	r25, 0x00	; 0
    4ef2:	0e 94 02 19 	call	0x3204	; 0x3204 <COM_EROM_ACCESS_FLOAT>
    4ef6:	d9 c1       	rjmp	.+946    	; 0x52aa <EEPROM_ACCESS_UART+0xd0e>
    4ef8:	84 e8       	ldi	r24, 0x84	; 132
    4efa:	e8 12       	cpse	r14, r24
    4efc:	0a c0       	rjmp	.+20     	; 0x4f12 <EEPROM_ACCESS_UART+0x976>
    4efe:	98 01       	movw	r18, r16
    4f00:	ae 01       	movw	r20, r28
    4f02:	4f 5f       	subi	r20, 0xFF	; 255
    4f04:	5f 4f       	sbci	r21, 0xFF	; 255
    4f06:	6f 2d       	mov	r22, r15
    4f08:	87 eb       	ldi	r24, 0xB7	; 183
    4f0a:	90 e0       	ldi	r25, 0x00	; 0
    4f0c:	0e 94 02 19 	call	0x3204	; 0x3204 <COM_EROM_ACCESS_FLOAT>
    4f10:	cc c1       	rjmp	.+920    	; 0x52aa <EEPROM_ACCESS_UART+0xd0e>
    4f12:	95 e8       	ldi	r25, 0x85	; 133
    4f14:	e9 12       	cpse	r14, r25
    4f16:	0a c0       	rjmp	.+20     	; 0x4f2c <EEPROM_ACCESS_UART+0x990>
    4f18:	98 01       	movw	r18, r16
    4f1a:	ae 01       	movw	r20, r28
    4f1c:	4f 5f       	subi	r20, 0xFF	; 255
    4f1e:	5f 4f       	sbci	r21, 0xFF	; 255
    4f20:	6f 2d       	mov	r22, r15
    4f22:	83 eb       	ldi	r24, 0xB3	; 179
    4f24:	90 e0       	ldi	r25, 0x00	; 0
    4f26:	0e 94 02 19 	call	0x3204	; 0x3204 <COM_EROM_ACCESS_FLOAT>
    4f2a:	bf c1       	rjmp	.+894    	; 0x52aa <EEPROM_ACCESS_UART+0xd0e>
    4f2c:	e7 e8       	ldi	r30, 0x87	; 135
    4f2e:	ee 12       	cpse	r14, r30
    4f30:	0a c0       	rjmp	.+20     	; 0x4f46 <EEPROM_ACCESS_UART+0x9aa>
    4f32:	98 01       	movw	r18, r16
    4f34:	ae 01       	movw	r20, r28
    4f36:	4f 5f       	subi	r20, 0xFF	; 255
    4f38:	5f 4f       	sbci	r21, 0xFF	; 255
    4f3a:	6f 2d       	mov	r22, r15
    4f3c:	8f ea       	ldi	r24, 0xAF	; 175
    4f3e:	90 e0       	ldi	r25, 0x00	; 0
    4f40:	0e 94 02 19 	call	0x3204	; 0x3204 <COM_EROM_ACCESS_FLOAT>
    4f44:	b2 c1       	rjmp	.+868    	; 0x52aa <EEPROM_ACCESS_UART+0xd0e>
    4f46:	f8 e8       	ldi	r31, 0x88	; 136
    4f48:	ef 12       	cpse	r14, r31
    4f4a:	0a c0       	rjmp	.+20     	; 0x4f60 <EEPROM_ACCESS_UART+0x9c4>
    4f4c:	98 01       	movw	r18, r16
    4f4e:	ae 01       	movw	r20, r28
    4f50:	4f 5f       	subi	r20, 0xFF	; 255
    4f52:	5f 4f       	sbci	r21, 0xFF	; 255
    4f54:	6f 2d       	mov	r22, r15
    4f56:	8b ea       	ldi	r24, 0xAB	; 171
    4f58:	90 e0       	ldi	r25, 0x00	; 0
    4f5a:	0e 94 02 19 	call	0x3204	; 0x3204 <COM_EROM_ACCESS_FLOAT>
    4f5e:	a5 c1       	rjmp	.+842    	; 0x52aa <EEPROM_ACCESS_UART+0xd0e>
    4f60:	8c e8       	ldi	r24, 0x8C	; 140
    4f62:	e8 12       	cpse	r14, r24
    4f64:	0a c0       	rjmp	.+20     	; 0x4f7a <EEPROM_ACCESS_UART+0x9de>
    4f66:	98 01       	movw	r18, r16
    4f68:	ae 01       	movw	r20, r28
    4f6a:	4f 5f       	subi	r20, 0xFF	; 255
    4f6c:	5f 4f       	sbci	r21, 0xFF	; 255
    4f6e:	6f 2d       	mov	r22, r15
    4f70:	8d e0       	ldi	r24, 0x0D	; 13
    4f72:	90 e0       	ldi	r25, 0x00	; 0
    4f74:	0e 94 3f 19 	call	0x327e	; 0x327e <COM_EROM_ACCESS_UINT8>
    4f78:	98 c1       	rjmp	.+816    	; 0x52aa <EEPROM_ACCESS_UART+0xd0e>
    4f7a:	9d e8       	ldi	r25, 0x8D	; 141
    4f7c:	e9 12       	cpse	r14, r25
    4f7e:	0a c0       	rjmp	.+20     	; 0x4f94 <EEPROM_ACCESS_UART+0x9f8>
    4f80:	98 01       	movw	r18, r16
    4f82:	ae 01       	movw	r20, r28
    4f84:	4f 5f       	subi	r20, 0xFF	; 255
    4f86:	5f 4f       	sbci	r21, 0xFF	; 255
    4f88:	6f 2d       	mov	r22, r15
    4f8a:	8c e0       	ldi	r24, 0x0C	; 12
    4f8c:	90 e0       	ldi	r25, 0x00	; 0
    4f8e:	0e 94 3f 19 	call	0x327e	; 0x327e <COM_EROM_ACCESS_UINT8>
    4f92:	8b c1       	rjmp	.+790    	; 0x52aa <EEPROM_ACCESS_UART+0xd0e>
    4f94:	ee e8       	ldi	r30, 0x8E	; 142
    4f96:	ee 12       	cpse	r14, r30
    4f98:	0a c0       	rjmp	.+20     	; 0x4fae <EEPROM_ACCESS_UART+0xa12>
    4f9a:	98 01       	movw	r18, r16
    4f9c:	ae 01       	movw	r20, r28
    4f9e:	4f 5f       	subi	r20, 0xFF	; 255
    4fa0:	5f 4f       	sbci	r21, 0xFF	; 255
    4fa2:	6f 2d       	mov	r22, r15
    4fa4:	88 e0       	ldi	r24, 0x08	; 8
    4fa6:	90 e0       	ldi	r25, 0x00	; 0
    4fa8:	0e 94 02 19 	call	0x3204	; 0x3204 <COM_EROM_ACCESS_FLOAT>
    4fac:	7e c1       	rjmp	.+764    	; 0x52aa <EEPROM_ACCESS_UART+0xd0e>
    4fae:	ff e8       	ldi	r31, 0x8F	; 143
    4fb0:	ef 12       	cpse	r14, r31
    4fb2:	0a c0       	rjmp	.+20     	; 0x4fc8 <EEPROM_ACCESS_UART+0xa2c>
    4fb4:	98 01       	movw	r18, r16
    4fb6:	ae 01       	movw	r20, r28
    4fb8:	4f 5f       	subi	r20, 0xFF	; 255
    4fba:	5f 4f       	sbci	r21, 0xFF	; 255
    4fbc:	6f 2d       	mov	r22, r15
    4fbe:	84 e0       	ldi	r24, 0x04	; 4
    4fc0:	90 e0       	ldi	r25, 0x00	; 0
    4fc2:	0e 94 02 19 	call	0x3204	; 0x3204 <COM_EROM_ACCESS_FLOAT>
    4fc6:	71 c1       	rjmp	.+738    	; 0x52aa <EEPROM_ACCESS_UART+0xd0e>
    4fc8:	80 e9       	ldi	r24, 0x90	; 144
    4fca:	e8 12       	cpse	r14, r24
    4fcc:	0a c0       	rjmp	.+20     	; 0x4fe2 <EEPROM_ACCESS_UART+0xa46>
    4fce:	98 01       	movw	r18, r16
    4fd0:	ae 01       	movw	r20, r28
    4fd2:	4f 5f       	subi	r20, 0xFF	; 255
    4fd4:	5f 4f       	sbci	r21, 0xFF	; 255
    4fd6:	6f 2d       	mov	r22, r15
    4fd8:	82 e0       	ldi	r24, 0x02	; 2
    4fda:	90 e0       	ldi	r25, 0x00	; 0
    4fdc:	0e 94 6d 19 	call	0x32da	; 0x32da <COM_EROM_ACCESS_UINT16>
    4fe0:	64 c1       	rjmp	.+712    	; 0x52aa <EEPROM_ACCESS_UART+0xd0e>
    4fe2:	91 e9       	ldi	r25, 0x91	; 145
    4fe4:	e9 12       	cpse	r14, r25
    4fe6:	0a c0       	rjmp	.+20     	; 0x4ffc <EEPROM_ACCESS_UART+0xa60>
    4fe8:	98 01       	movw	r18, r16
    4fea:	ae 01       	movw	r20, r28
    4fec:	4f 5f       	subi	r20, 0xFF	; 255
    4fee:	5f 4f       	sbci	r21, 0xFF	; 255
    4ff0:	6f 2d       	mov	r22, r15
    4ff2:	81 e0       	ldi	r24, 0x01	; 1
    4ff4:	90 e0       	ldi	r25, 0x00	; 0
    4ff6:	0e 94 3f 19 	call	0x327e	; 0x327e <COM_EROM_ACCESS_UINT8>
    4ffa:	57 c1       	rjmp	.+686    	; 0x52aa <EEPROM_ACCESS_UART+0xd0e>
    4ffc:	e2 e9       	ldi	r30, 0x92	; 146
    4ffe:	ee 12       	cpse	r14, r30
    5000:	0a c0       	rjmp	.+20     	; 0x5016 <EEPROM_ACCESS_UART+0xa7a>
    5002:	98 01       	movw	r18, r16
    5004:	ae 01       	movw	r20, r28
    5006:	4f 5f       	subi	r20, 0xFF	; 255
    5008:	5f 4f       	sbci	r21, 0xFF	; 255
    500a:	6f 2d       	mov	r22, r15
    500c:	80 e0       	ldi	r24, 0x00	; 0
    500e:	90 e0       	ldi	r25, 0x00	; 0
    5010:	0e 94 3f 19 	call	0x327e	; 0x327e <COM_EROM_ACCESS_UINT8>
    5014:	4a c1       	rjmp	.+660    	; 0x52aa <EEPROM_ACCESS_UART+0xd0e>
    5016:	f6 e9       	ldi	r31, 0x96	; 150
    5018:	ef 12       	cpse	r14, r31
    501a:	0a c0       	rjmp	.+20     	; 0x5030 <EEPROM_ACCESS_UART+0xa94>
    501c:	98 01       	movw	r18, r16
    501e:	ae 01       	movw	r20, r28
    5020:	4f 5f       	subi	r20, 0xFF	; 255
    5022:	5f 4f       	sbci	r21, 0xFF	; 255
    5024:	6f 2d       	mov	r22, r15
    5026:	87 ea       	ldi	r24, 0xA7	; 167
    5028:	90 e0       	ldi	r25, 0x00	; 0
    502a:	0e 94 02 19 	call	0x3204	; 0x3204 <COM_EROM_ACCESS_FLOAT>
    502e:	3d c1       	rjmp	.+634    	; 0x52aa <EEPROM_ACCESS_UART+0xd0e>
    5030:	87 e9       	ldi	r24, 0x97	; 151
    5032:	e8 12       	cpse	r14, r24
    5034:	0a c0       	rjmp	.+20     	; 0x504a <EEPROM_ACCESS_UART+0xaae>
    5036:	98 01       	movw	r18, r16
    5038:	ae 01       	movw	r20, r28
    503a:	4f 5f       	subi	r20, 0xFF	; 255
    503c:	5f 4f       	sbci	r21, 0xFF	; 255
    503e:	6f 2d       	mov	r22, r15
    5040:	83 ea       	ldi	r24, 0xA3	; 163
    5042:	90 e0       	ldi	r25, 0x00	; 0
    5044:	0e 94 02 19 	call	0x3204	; 0x3204 <COM_EROM_ACCESS_FLOAT>
    5048:	30 c1       	rjmp	.+608    	; 0x52aa <EEPROM_ACCESS_UART+0xd0e>
    504a:	98 e9       	ldi	r25, 0x98	; 152
    504c:	e9 12       	cpse	r14, r25
    504e:	0a c0       	rjmp	.+20     	; 0x5064 <EEPROM_ACCESS_UART+0xac8>
    5050:	98 01       	movw	r18, r16
    5052:	ae 01       	movw	r20, r28
    5054:	4f 5f       	subi	r20, 0xFF	; 255
    5056:	5f 4f       	sbci	r21, 0xFF	; 255
    5058:	6f 2d       	mov	r22, r15
    505a:	8f e9       	ldi	r24, 0x9F	; 159
    505c:	90 e0       	ldi	r25, 0x00	; 0
    505e:	0e 94 02 19 	call	0x3204	; 0x3204 <COM_EROM_ACCESS_FLOAT>
    5062:	23 c1       	rjmp	.+582    	; 0x52aa <EEPROM_ACCESS_UART+0xd0e>
    5064:	e9 e9       	ldi	r30, 0x99	; 153
    5066:	ee 12       	cpse	r14, r30
    5068:	0a c0       	rjmp	.+20     	; 0x507e <EEPROM_ACCESS_UART+0xae2>
    506a:	98 01       	movw	r18, r16
    506c:	ae 01       	movw	r20, r28
    506e:	4f 5f       	subi	r20, 0xFF	; 255
    5070:	5f 4f       	sbci	r21, 0xFF	; 255
    5072:	6f 2d       	mov	r22, r15
    5074:	8b e9       	ldi	r24, 0x9B	; 155
    5076:	90 e0       	ldi	r25, 0x00	; 0
    5078:	0e 94 02 19 	call	0x3204	; 0x3204 <COM_EROM_ACCESS_FLOAT>
    507c:	16 c1       	rjmp	.+556    	; 0x52aa <EEPROM_ACCESS_UART+0xd0e>
    507e:	fa e9       	ldi	r31, 0x9A	; 154
    5080:	ef 12       	cpse	r14, r31
    5082:	0a c0       	rjmp	.+20     	; 0x5098 <EEPROM_ACCESS_UART+0xafc>
    5084:	98 01       	movw	r18, r16
    5086:	ae 01       	movw	r20, r28
    5088:	4f 5f       	subi	r20, 0xFF	; 255
    508a:	5f 4f       	sbci	r21, 0xFF	; 255
    508c:	6f 2d       	mov	r22, r15
    508e:	87 e9       	ldi	r24, 0x97	; 151
    5090:	90 e0       	ldi	r25, 0x00	; 0
    5092:	0e 94 02 19 	call	0x3204	; 0x3204 <COM_EROM_ACCESS_FLOAT>
    5096:	09 c1       	rjmp	.+530    	; 0x52aa <EEPROM_ACCESS_UART+0xd0e>
    5098:	8b e9       	ldi	r24, 0x9B	; 155
    509a:	e8 12       	cpse	r14, r24
    509c:	0a c0       	rjmp	.+20     	; 0x50b2 <EEPROM_ACCESS_UART+0xb16>
    509e:	98 01       	movw	r18, r16
    50a0:	ae 01       	movw	r20, r28
    50a2:	4f 5f       	subi	r20, 0xFF	; 255
    50a4:	5f 4f       	sbci	r21, 0xFF	; 255
    50a6:	6f 2d       	mov	r22, r15
    50a8:	85 e9       	ldi	r24, 0x95	; 149
    50aa:	90 e0       	ldi	r25, 0x00	; 0
    50ac:	0e 94 6d 19 	call	0x32da	; 0x32da <COM_EROM_ACCESS_UINT16>
    50b0:	fc c0       	rjmp	.+504    	; 0x52aa <EEPROM_ACCESS_UART+0xd0e>
    50b2:	90 ea       	ldi	r25, 0xA0	; 160
    50b4:	e9 12       	cpse	r14, r25
    50b6:	0a c0       	rjmp	.+20     	; 0x50cc <EEPROM_ACCESS_UART+0xb30>
    50b8:	98 01       	movw	r18, r16
    50ba:	ae 01       	movw	r20, r28
    50bc:	4f 5f       	subi	r20, 0xFF	; 255
    50be:	5f 4f       	sbci	r21, 0xFF	; 255
    50c0:	6f 2d       	mov	r22, r15
    50c2:	81 e9       	ldi	r24, 0x91	; 145
    50c4:	90 e0       	ldi	r25, 0x00	; 0
    50c6:	0e 94 02 19 	call	0x3204	; 0x3204 <COM_EROM_ACCESS_FLOAT>
    50ca:	ef c0       	rjmp	.+478    	; 0x52aa <EEPROM_ACCESS_UART+0xd0e>
    50cc:	e1 ea       	ldi	r30, 0xA1	; 161
    50ce:	ee 12       	cpse	r14, r30
    50d0:	0a c0       	rjmp	.+20     	; 0x50e6 <EEPROM_ACCESS_UART+0xb4a>
    50d2:	98 01       	movw	r18, r16
    50d4:	ae 01       	movw	r20, r28
    50d6:	4f 5f       	subi	r20, 0xFF	; 255
    50d8:	5f 4f       	sbci	r21, 0xFF	; 255
    50da:	6f 2d       	mov	r22, r15
    50dc:	8d e8       	ldi	r24, 0x8D	; 141
    50de:	90 e0       	ldi	r25, 0x00	; 0
    50e0:	0e 94 02 19 	call	0x3204	; 0x3204 <COM_EROM_ACCESS_FLOAT>
    50e4:	e2 c0       	rjmp	.+452    	; 0x52aa <EEPROM_ACCESS_UART+0xd0e>
    50e6:	f2 ea       	ldi	r31, 0xA2	; 162
    50e8:	ef 12       	cpse	r14, r31
    50ea:	0a c0       	rjmp	.+20     	; 0x5100 <EEPROM_ACCESS_UART+0xb64>
    50ec:	98 01       	movw	r18, r16
    50ee:	ae 01       	movw	r20, r28
    50f0:	4f 5f       	subi	r20, 0xFF	; 255
    50f2:	5f 4f       	sbci	r21, 0xFF	; 255
    50f4:	6f 2d       	mov	r22, r15
    50f6:	89 e8       	ldi	r24, 0x89	; 137
    50f8:	90 e0       	ldi	r25, 0x00	; 0
    50fa:	0e 94 02 19 	call	0x3204	; 0x3204 <COM_EROM_ACCESS_FLOAT>
    50fe:	d5 c0       	rjmp	.+426    	; 0x52aa <EEPROM_ACCESS_UART+0xd0e>
    5100:	83 ea       	ldi	r24, 0xA3	; 163
    5102:	e8 12       	cpse	r14, r24
    5104:	0a c0       	rjmp	.+20     	; 0x511a <EEPROM_ACCESS_UART+0xb7e>
    5106:	98 01       	movw	r18, r16
    5108:	ae 01       	movw	r20, r28
    510a:	4f 5f       	subi	r20, 0xFF	; 255
    510c:	5f 4f       	sbci	r21, 0xFF	; 255
    510e:	6f 2d       	mov	r22, r15
    5110:	85 e8       	ldi	r24, 0x85	; 133
    5112:	90 e0       	ldi	r25, 0x00	; 0
    5114:	0e 94 02 19 	call	0x3204	; 0x3204 <COM_EROM_ACCESS_FLOAT>
    5118:	c8 c0       	rjmp	.+400    	; 0x52aa <EEPROM_ACCESS_UART+0xd0e>
    511a:	94 ea       	ldi	r25, 0xA4	; 164
    511c:	e9 12       	cpse	r14, r25
    511e:	0a c0       	rjmp	.+20     	; 0x5134 <EEPROM_ACCESS_UART+0xb98>
    5120:	98 01       	movw	r18, r16
    5122:	ae 01       	movw	r20, r28
    5124:	4f 5f       	subi	r20, 0xFF	; 255
    5126:	5f 4f       	sbci	r21, 0xFF	; 255
    5128:	6f 2d       	mov	r22, r15
    512a:	81 e8       	ldi	r24, 0x81	; 129
    512c:	90 e0       	ldi	r25, 0x00	; 0
    512e:	0e 94 02 19 	call	0x3204	; 0x3204 <COM_EROM_ACCESS_FLOAT>
    5132:	bb c0       	rjmp	.+374    	; 0x52aa <EEPROM_ACCESS_UART+0xd0e>
    5134:	e5 ea       	ldi	r30, 0xA5	; 165
    5136:	ee 12       	cpse	r14, r30
    5138:	0a c0       	rjmp	.+20     	; 0x514e <EEPROM_ACCESS_UART+0xbb2>
    513a:	98 01       	movw	r18, r16
    513c:	ae 01       	movw	r20, r28
    513e:	4f 5f       	subi	r20, 0xFF	; 255
    5140:	5f 4f       	sbci	r21, 0xFF	; 255
    5142:	6f 2d       	mov	r22, r15
    5144:	87 e5       	ldi	r24, 0x57	; 87
    5146:	90 e0       	ldi	r25, 0x00	; 0
    5148:	0e 94 3f 19 	call	0x327e	; 0x327e <COM_EROM_ACCESS_UINT8>
    514c:	ae c0       	rjmp	.+348    	; 0x52aa <EEPROM_ACCESS_UART+0xd0e>
    514e:	f6 ea       	ldi	r31, 0xA6	; 166
    5150:	ef 12       	cpse	r14, r31
    5152:	0a c0       	rjmp	.+20     	; 0x5168 <EEPROM_ACCESS_UART+0xbcc>
    5154:	98 01       	movw	r18, r16
    5156:	ae 01       	movw	r20, r28
    5158:	4f 5f       	subi	r20, 0xFF	; 255
    515a:	5f 4f       	sbci	r21, 0xFF	; 255
    515c:	6f 2d       	mov	r22, r15
    515e:	80 e8       	ldi	r24, 0x80	; 128
    5160:	90 e0       	ldi	r25, 0x00	; 0
    5162:	0e 94 3f 19 	call	0x327e	; 0x327e <COM_EROM_ACCESS_UINT8>
    5166:	a1 c0       	rjmp	.+322    	; 0x52aa <EEPROM_ACCESS_UART+0xd0e>
    5168:	87 ea       	ldi	r24, 0xA7	; 167
    516a:	e8 12       	cpse	r14, r24
    516c:	0a c0       	rjmp	.+20     	; 0x5182 <EEPROM_ACCESS_UART+0xbe6>
    516e:	98 01       	movw	r18, r16
    5170:	ae 01       	movw	r20, r28
    5172:	4f 5f       	subi	r20, 0xFF	; 255
    5174:	5f 4f       	sbci	r21, 0xFF	; 255
    5176:	6f 2d       	mov	r22, r15
    5178:	8c e7       	ldi	r24, 0x7C	; 124
    517a:	90 e0       	ldi	r25, 0x00	; 0
    517c:	0e 94 02 19 	call	0x3204	; 0x3204 <COM_EROM_ACCESS_FLOAT>
    5180:	94 c0       	rjmp	.+296    	; 0x52aa <EEPROM_ACCESS_UART+0xd0e>
    5182:	98 ea       	ldi	r25, 0xA8	; 168
    5184:	e9 12       	cpse	r14, r25
    5186:	0a c0       	rjmp	.+20     	; 0x519c <EEPROM_ACCESS_UART+0xc00>
    5188:	98 01       	movw	r18, r16
    518a:	ae 01       	movw	r20, r28
    518c:	4f 5f       	subi	r20, 0xFF	; 255
    518e:	5f 4f       	sbci	r21, 0xFF	; 255
    5190:	6f 2d       	mov	r22, r15
    5192:	88 e7       	ldi	r24, 0x78	; 120
    5194:	90 e0       	ldi	r25, 0x00	; 0
    5196:	0e 94 02 19 	call	0x3204	; 0x3204 <COM_EROM_ACCESS_FLOAT>
    519a:	87 c0       	rjmp	.+270    	; 0x52aa <EEPROM_ACCESS_UART+0xd0e>
    519c:	ef ea       	ldi	r30, 0xAF	; 175
    519e:	ee 12       	cpse	r14, r30
    51a0:	0a c0       	rjmp	.+20     	; 0x51b6 <EEPROM_ACCESS_UART+0xc1a>
    51a2:	98 01       	movw	r18, r16
    51a4:	ae 01       	movw	r20, r28
    51a6:	4f 5f       	subi	r20, 0xFF	; 255
    51a8:	5f 4f       	sbci	r21, 0xFF	; 255
    51aa:	6f 2d       	mov	r22, r15
    51ac:	87 e7       	ldi	r24, 0x77	; 119
    51ae:	90 e0       	ldi	r25, 0x00	; 0
    51b0:	0e 94 3f 19 	call	0x327e	; 0x327e <COM_EROM_ACCESS_UINT8>
    51b4:	7a c0       	rjmp	.+244    	; 0x52aa <EEPROM_ACCESS_UART+0xd0e>
    51b6:	f0 eb       	ldi	r31, 0xB0	; 176
    51b8:	ef 12       	cpse	r14, r31
    51ba:	0a c0       	rjmp	.+20     	; 0x51d0 <EEPROM_ACCESS_UART+0xc34>
    51bc:	98 01       	movw	r18, r16
    51be:	ae 01       	movw	r20, r28
    51c0:	4f 5f       	subi	r20, 0xFF	; 255
    51c2:	5f 4f       	sbci	r21, 0xFF	; 255
    51c4:	6f 2d       	mov	r22, r15
    51c6:	83 e7       	ldi	r24, 0x73	; 115
    51c8:	90 e0       	ldi	r25, 0x00	; 0
    51ca:	0e 94 02 19 	call	0x3204	; 0x3204 <COM_EROM_ACCESS_FLOAT>
    51ce:	6d c0       	rjmp	.+218    	; 0x52aa <EEPROM_ACCESS_UART+0xd0e>
    51d0:	81 eb       	ldi	r24, 0xB1	; 177
    51d2:	e8 12       	cpse	r14, r24
    51d4:	0a c0       	rjmp	.+20     	; 0x51ea <EEPROM_ACCESS_UART+0xc4e>
    51d6:	98 01       	movw	r18, r16
    51d8:	ae 01       	movw	r20, r28
    51da:	4f 5f       	subi	r20, 0xFF	; 255
    51dc:	5f 4f       	sbci	r21, 0xFF	; 255
    51de:	6f 2d       	mov	r22, r15
    51e0:	8f e6       	ldi	r24, 0x6F	; 111
    51e2:	90 e0       	ldi	r25, 0x00	; 0
    51e4:	0e 94 02 19 	call	0x3204	; 0x3204 <COM_EROM_ACCESS_FLOAT>
    51e8:	60 c0       	rjmp	.+192    	; 0x52aa <EEPROM_ACCESS_UART+0xd0e>
    51ea:	92 eb       	ldi	r25, 0xB2	; 178
    51ec:	e9 12       	cpse	r14, r25
    51ee:	0a c0       	rjmp	.+20     	; 0x5204 <EEPROM_ACCESS_UART+0xc68>
    51f0:	98 01       	movw	r18, r16
    51f2:	ae 01       	movw	r20, r28
    51f4:	4f 5f       	subi	r20, 0xFF	; 255
    51f6:	5f 4f       	sbci	r21, 0xFF	; 255
    51f8:	6f 2d       	mov	r22, r15
    51fa:	8b e6       	ldi	r24, 0x6B	; 107
    51fc:	90 e0       	ldi	r25, 0x00	; 0
    51fe:	0e 94 02 19 	call	0x3204	; 0x3204 <COM_EROM_ACCESS_FLOAT>
    5202:	53 c0       	rjmp	.+166    	; 0x52aa <EEPROM_ACCESS_UART+0xd0e>
    5204:	e3 eb       	ldi	r30, 0xB3	; 179
    5206:	ee 12       	cpse	r14, r30
    5208:	0a c0       	rjmp	.+20     	; 0x521e <EEPROM_ACCESS_UART+0xc82>
    520a:	98 01       	movw	r18, r16
    520c:	ae 01       	movw	r20, r28
    520e:	4f 5f       	subi	r20, 0xFF	; 255
    5210:	5f 4f       	sbci	r21, 0xFF	; 255
    5212:	6f 2d       	mov	r22, r15
    5214:	87 e6       	ldi	r24, 0x67	; 103
    5216:	90 e0       	ldi	r25, 0x00	; 0
    5218:	0e 94 02 19 	call	0x3204	; 0x3204 <COM_EROM_ACCESS_FLOAT>
    521c:	46 c0       	rjmp	.+140    	; 0x52aa <EEPROM_ACCESS_UART+0xd0e>
    521e:	f4 eb       	ldi	r31, 0xB4	; 180
    5220:	ef 12       	cpse	r14, r31
    5222:	0a c0       	rjmp	.+20     	; 0x5238 <EEPROM_ACCESS_UART+0xc9c>
    5224:	98 01       	movw	r18, r16
    5226:	ae 01       	movw	r20, r28
    5228:	4f 5f       	subi	r20, 0xFF	; 255
    522a:	5f 4f       	sbci	r21, 0xFF	; 255
    522c:	6f 2d       	mov	r22, r15
    522e:	83 e6       	ldi	r24, 0x63	; 99
    5230:	90 e0       	ldi	r25, 0x00	; 0
    5232:	0e 94 02 19 	call	0x3204	; 0x3204 <COM_EROM_ACCESS_FLOAT>
    5236:	39 c0       	rjmp	.+114    	; 0x52aa <EEPROM_ACCESS_UART+0xd0e>
    5238:	85 eb       	ldi	r24, 0xB5	; 181
    523a:	e8 12       	cpse	r14, r24
    523c:	0a c0       	rjmp	.+20     	; 0x5252 <EEPROM_ACCESS_UART+0xcb6>
    523e:	98 01       	movw	r18, r16
    5240:	ae 01       	movw	r20, r28
    5242:	4f 5f       	subi	r20, 0xFF	; 255
    5244:	5f 4f       	sbci	r21, 0xFF	; 255
    5246:	6f 2d       	mov	r22, r15
    5248:	8f e5       	ldi	r24, 0x5F	; 95
    524a:	90 e0       	ldi	r25, 0x00	; 0
    524c:	0e 94 02 19 	call	0x3204	; 0x3204 <COM_EROM_ACCESS_FLOAT>
    5250:	2c c0       	rjmp	.+88     	; 0x52aa <EEPROM_ACCESS_UART+0xd0e>
    5252:	96 eb       	ldi	r25, 0xB6	; 182
    5254:	e9 12       	cpse	r14, r25
    5256:	0a c0       	rjmp	.+20     	; 0x526c <EEPROM_ACCESS_UART+0xcd0>
    5258:	98 01       	movw	r18, r16
    525a:	ae 01       	movw	r20, r28
    525c:	4f 5f       	subi	r20, 0xFF	; 255
    525e:	5f 4f       	sbci	r21, 0xFF	; 255
    5260:	6f 2d       	mov	r22, r15
    5262:	8d e5       	ldi	r24, 0x5D	; 93
    5264:	90 e0       	ldi	r25, 0x00	; 0
    5266:	0e 94 6d 19 	call	0x32da	; 0x32da <COM_EROM_ACCESS_UINT16>
    526a:	1f c0       	rjmp	.+62     	; 0x52aa <EEPROM_ACCESS_UART+0xd0e>
    526c:	e7 eb       	ldi	r30, 0xB7	; 183
    526e:	ee 12       	cpse	r14, r30
    5270:	0a c0       	rjmp	.+20     	; 0x5286 <EEPROM_ACCESS_UART+0xcea>
    5272:	98 01       	movw	r18, r16
    5274:	ae 01       	movw	r20, r28
    5276:	4f 5f       	subi	r20, 0xFF	; 255
    5278:	5f 4f       	sbci	r21, 0xFF	; 255
    527a:	6f 2d       	mov	r22, r15
    527c:	82 e5       	ldi	r24, 0x52	; 82
    527e:	90 e0       	ldi	r25, 0x00	; 0
    5280:	0e 94 02 19 	call	0x3204	; 0x3204 <COM_EROM_ACCESS_FLOAT>
    5284:	12 c0       	rjmp	.+36     	; 0x52aa <EEPROM_ACCESS_UART+0xd0e>
    5286:	f8 eb       	ldi	r31, 0xB8	; 184
    5288:	ef 12       	cpse	r14, r31
    528a:	0a c0       	rjmp	.+20     	; 0x52a0 <EEPROM_ACCESS_UART+0xd04>
    528c:	98 01       	movw	r18, r16
    528e:	ae 01       	movw	r20, r28
    5290:	4f 5f       	subi	r20, 0xFF	; 255
    5292:	5f 4f       	sbci	r21, 0xFF	; 255
    5294:	6f 2d       	mov	r22, r15
    5296:	81 e5       	ldi	r24, 0x51	; 81
    5298:	90 e0       	ldi	r25, 0x00	; 0
    529a:	0e 94 3f 19 	call	0x327e	; 0x327e <COM_EROM_ACCESS_UINT8>
    529e:	05 c0       	rjmp	.+10     	; 0x52aa <EEPROM_ACCESS_UART+0xd0e>
    52a0:	69 e1       	ldi	r22, 0x19	; 25
    52a2:	71 e0       	ldi	r23, 0x01	; 1
    52a4:	c8 01       	movw	r24, r16
    52a6:	0e 94 1a 0c 	call	0x1834	; 0x1834 <AddEnd_String>
    52aa:	cb 58       	subi	r28, 0x8B	; 139
    52ac:	df 4f       	sbci	r29, 0xFF	; 255
    52ae:	0f b6       	in	r0, 0x3f	; 63
    52b0:	f8 94       	cli
    52b2:	de bf       	out	0x3e, r29	; 62
    52b4:	0f be       	out	0x3f, r0	; 63
    52b6:	cd bf       	out	0x3d, r28	; 61
    52b8:	df 91       	pop	r29
    52ba:	cf 91       	pop	r28
    52bc:	1f 91       	pop	r17
    52be:	0f 91       	pop	r16
    52c0:	ff 90       	pop	r15
    52c2:	ef 90       	pop	r14
    52c4:	df 90       	pop	r13
    52c6:	bf 90       	pop	r11
    52c8:	af 90       	pop	r10
    52ca:	9f 90       	pop	r9
    52cc:	8f 90       	pop	r8
    52ce:	08 95       	ret

000052d0 <ADC_Convert_MAX11163>:
    52d0:	85 e0       	ldi	r24, 0x05	; 5
    52d2:	8a 95       	dec	r24
    52d4:	f1 f7       	brne	.-4      	; 0x52d2 <ADC_Convert_MAX11163+0x2>
    52d6:	00 00       	nop
    52d8:	2a 9a       	sbi	0x05, 2	; 5
    52da:	80 e1       	ldi	r24, 0x10	; 16
    52dc:	8a 95       	dec	r24
    52de:	f1 f7       	brne	.-4      	; 0x52dc <ADC_Convert_MAX11163+0xc>
    52e0:	2a 98       	cbi	0x05, 2	; 5
    52e2:	1e bc       	out	0x2e, r1	; 46
    52e4:	0d b4       	in	r0, 0x2d	; 45
    52e6:	07 fe       	sbrs	r0, 7
    52e8:	fd cf       	rjmp	.-6      	; 0x52e4 <ADC_Convert_MAX11163+0x14>
    52ea:	9e b5       	in	r25, 0x2e	; 46
    52ec:	1e bc       	out	0x2e, r1	; 46
    52ee:	0d b4       	in	r0, 0x2d	; 45
    52f0:	07 fe       	sbrs	r0, 7
    52f2:	fd cf       	rjmp	.-6      	; 0x52ee <ADC_Convert_MAX11163+0x1e>
    52f4:	8e b5       	in	r24, 0x2e	; 46
    52f6:	08 95       	ret

000052f8 <ADC_Convert_Avr_MAX11163>:
    52f8:	cf 92       	push	r12
    52fa:	df 92       	push	r13
    52fc:	ef 92       	push	r14
    52fe:	ff 92       	push	r15
    5300:	9c 01       	movw	r18, r24
    5302:	c1 2c       	mov	r12, r1
    5304:	d1 2c       	mov	r13, r1
    5306:	76 01       	movw	r14, r12
    5308:	60 e0       	ldi	r22, 0x00	; 0
    530a:	70 e0       	ldi	r23, 0x00	; 0
    530c:	cb 01       	movw	r24, r22
    530e:	21 15       	cp	r18, r1
    5310:	31 05       	cpc	r19, r1
    5312:	e1 f0       	breq	.+56     	; 0x534c <ADC_Convert_Avr_MAX11163+0x54>
    5314:	21 50       	subi	r18, 0x01	; 1
    5316:	31 09       	sbc	r19, r1
    5318:	45 e0       	ldi	r20, 0x05	; 5
    531a:	4a 95       	dec	r20
    531c:	f1 f7       	brne	.-4      	; 0x531a <ADC_Convert_Avr_MAX11163+0x22>
    531e:	00 00       	nop
    5320:	2a 9a       	sbi	0x05, 2	; 5
    5322:	40 e1       	ldi	r20, 0x10	; 16
    5324:	4a 95       	dec	r20
    5326:	f1 f7       	brne	.-4      	; 0x5324 <ADC_Convert_Avr_MAX11163+0x2c>
    5328:	2a 98       	cbi	0x05, 2	; 5
    532a:	1e bc       	out	0x2e, r1	; 46
    532c:	0d b4       	in	r0, 0x2d	; 45
    532e:	07 fe       	sbrs	r0, 7
    5330:	fd cf       	rjmp	.-6      	; 0x532c <ADC_Convert_Avr_MAX11163+0x34>
    5332:	4e b5       	in	r20, 0x2e	; 46
    5334:	d4 2e       	mov	r13, r20
    5336:	1e bc       	out	0x2e, r1	; 46
    5338:	0d b4       	in	r0, 0x2d	; 45
    533a:	07 fe       	sbrs	r0, 7
    533c:	fd cf       	rjmp	.-6      	; 0x5338 <ADC_Convert_Avr_MAX11163+0x40>
    533e:	4e b5       	in	r20, 0x2e	; 46
    5340:	c4 2e       	mov	r12, r20
    5342:	6c 0d       	add	r22, r12
    5344:	7d 1d       	adc	r23, r13
    5346:	8e 1d       	adc	r24, r14
    5348:	9f 1d       	adc	r25, r15
    534a:	e1 cf       	rjmp	.-62     	; 0x530e <ADC_Convert_Avr_MAX11163+0x16>
    534c:	ff 90       	pop	r15
    534e:	ef 90       	pop	r14
    5350:	df 90       	pop	r13
    5352:	cf 90       	pop	r12
    5354:	08 95       	ret

00005356 <ADC_Convert_Avr_OLUL_MAX11163>:
    5356:	cf 92       	push	r12
    5358:	df 92       	push	r13
    535a:	ef 92       	push	r14
    535c:	ff 92       	push	r15
    535e:	9c 01       	movw	r18, r24
    5360:	c1 2c       	mov	r12, r1
    5362:	d1 2c       	mov	r13, r1
    5364:	76 01       	movw	r14, r12
    5366:	10 92 92 10 	sts	0x1092, r1	; 0x801092 <AI_Over_Load>
    536a:	10 92 03 14 	sts	0x1403, r1	; 0x801403 <AI_Under_Load>
    536e:	60 e0       	ldi	r22, 0x00	; 0
    5370:	70 e0       	ldi	r23, 0x00	; 0
    5372:	cb 01       	movw	r24, r22
    5374:	f1 e0       	ldi	r31, 0x01	; 1
    5376:	21 15       	cp	r18, r1
    5378:	31 05       	cpc	r19, r1
    537a:	51 f1       	breq	.+84     	; 0x53d0 <ADC_Convert_Avr_OLUL_MAX11163+0x7a>
    537c:	21 50       	subi	r18, 0x01	; 1
    537e:	31 09       	sbc	r19, r1
    5380:	45 e0       	ldi	r20, 0x05	; 5
    5382:	4a 95       	dec	r20
    5384:	f1 f7       	brne	.-4      	; 0x5382 <ADC_Convert_Avr_OLUL_MAX11163+0x2c>
    5386:	00 00       	nop
    5388:	2a 9a       	sbi	0x05, 2	; 5
    538a:	40 e1       	ldi	r20, 0x10	; 16
    538c:	4a 95       	dec	r20
    538e:	f1 f7       	brne	.-4      	; 0x538c <ADC_Convert_Avr_OLUL_MAX11163+0x36>
    5390:	2a 98       	cbi	0x05, 2	; 5
    5392:	1e bc       	out	0x2e, r1	; 46
    5394:	0d b4       	in	r0, 0x2d	; 45
    5396:	07 fe       	sbrs	r0, 7
    5398:	fd cf       	rjmp	.-6      	; 0x5394 <ADC_Convert_Avr_OLUL_MAX11163+0x3e>
    539a:	ee b5       	in	r30, 0x2e	; 46
    539c:	de 2e       	mov	r13, r30
    539e:	1e bc       	out	0x2e, r1	; 46
    53a0:	0d b4       	in	r0, 0x2d	; 45
    53a2:	07 fe       	sbrs	r0, 7
    53a4:	fd cf       	rjmp	.-6      	; 0x53a0 <ADC_Convert_Avr_OLUL_MAX11163+0x4a>
    53a6:	ee b5       	in	r30, 0x2e	; 46
    53a8:	ce 2e       	mov	r12, r30
    53aa:	ad 2d       	mov	r26, r13
    53ac:	d1 10       	cpse	r13, r1
    53ae:	05 c0       	rjmp	.+10     	; 0x53ba <ADC_Convert_Avr_OLUL_MAX11163+0x64>
    53b0:	e1 11       	cpse	r30, r1
    53b2:	09 c0       	rjmp	.+18     	; 0x53c6 <ADC_Convert_Avr_OLUL_MAX11163+0x70>
    53b4:	f0 93 03 14 	sts	0x1403, r31	; 0x801403 <AI_Under_Load>
    53b8:	06 c0       	rjmp	.+12     	; 0x53c6 <ADC_Convert_Avr_OLUL_MAX11163+0x70>
    53ba:	af 3f       	cpi	r26, 0xFF	; 255
    53bc:	21 f4       	brne	.+8      	; 0x53c6 <ADC_Convert_Avr_OLUL_MAX11163+0x70>
    53be:	ef 3f       	cpi	r30, 0xFF	; 255
    53c0:	11 f4       	brne	.+4      	; 0x53c6 <ADC_Convert_Avr_OLUL_MAX11163+0x70>
    53c2:	f0 93 92 10 	sts	0x1092, r31	; 0x801092 <AI_Over_Load>
    53c6:	6c 0d       	add	r22, r12
    53c8:	7d 1d       	adc	r23, r13
    53ca:	8e 1d       	adc	r24, r14
    53cc:	9f 1d       	adc	r25, r15
    53ce:	d3 cf       	rjmp	.-90     	; 0x5376 <ADC_Convert_Avr_OLUL_MAX11163+0x20>
    53d0:	ff 90       	pop	r15
    53d2:	ef 90       	pop	r14
    53d4:	df 90       	pop	r13
    53d6:	cf 90       	pop	r12
    53d8:	08 95       	ret

000053da <Meas_Analog_Inputs>:
    53da:	4f 92       	push	r4
    53dc:	5f 92       	push	r5
    53de:	6f 92       	push	r6
    53e0:	7f 92       	push	r7
    53e2:	8f 92       	push	r8
    53e4:	9f 92       	push	r9
    53e6:	af 92       	push	r10
    53e8:	bf 92       	push	r11
    53ea:	cf 92       	push	r12
    53ec:	df 92       	push	r13
    53ee:	ef 92       	push	r14
    53f0:	ff 92       	push	r15
    53f2:	80 91 8c 10 	lds	r24, 0x108C	; 0x80108c <ADC_Num_Avr_VoltCurr>
    53f6:	90 91 8d 10 	lds	r25, 0x108D	; 0x80108d <ADC_Num_Avr_VoltCurr+0x1>
    53fa:	ad df       	rcall	.-166    	; 0x5356 <ADC_Convert_Avr_OLUL_MAX11163>
    53fc:	13 9a       	sbi	0x02, 3	; 2
    53fe:	12 98       	cbi	0x02, 2	; 2
    5400:	11 98       	cbi	0x02, 1	; 2
    5402:	30 91 4d 12 	lds	r19, 0x124D	; 0x80124d <ADC_Cycl_Avr_Counter>
    5406:	20 91 10 14 	lds	r18, 0x1410	; 0x801410 <ADC_Cycl_Avr_VoltCurr>
    540a:	32 17       	cp	r19, r18
    540c:	10 f0       	brcs	.+4      	; 0x5412 <Meas_Analog_Inputs+0x38>
    540e:	10 92 4d 12 	sts	0x124D, r1	; 0x80124d <ADC_Cycl_Avr_Counter>
    5412:	20 91 e4 14 	lds	r18, 0x14E4	; 0x8014e4 <Range_Status_B>
    5416:	20 ff       	sbrs	r18, 0
    5418:	15 c0       	rjmp	.+42     	; 0x5444 <Meas_Analog_Inputs+0x6a>
    541a:	20 91 e4 14 	lds	r18, 0x14E4	; 0x8014e4 <Range_Status_B>
    541e:	2e 7f       	andi	r18, 0xFE	; 254
    5420:	20 93 e4 14 	sts	0x14E4, r18	; 0x8014e4 <Range_Status_B>
    5424:	20 91 10 14 	lds	r18, 0x1410	; 0x801410 <ADC_Cycl_Avr_VoltCurr>
    5428:	22 23       	and	r18, r18
    542a:	c1 f0       	breq	.+48     	; 0x545c <Meas_Analog_Inputs+0x82>
    542c:	21 50       	subi	r18, 0x01	; 1
    542e:	34 e0       	ldi	r19, 0x04	; 4
    5430:	23 9f       	mul	r18, r19
    5432:	f0 01       	movw	r30, r0
    5434:	11 24       	eor	r1, r1
    5436:	e5 55       	subi	r30, 0x55	; 85
    5438:	ff 4e       	sbci	r31, 0xEF	; 239
    543a:	60 83       	st	Z, r22
    543c:	71 83       	std	Z+1, r23	; 0x01
    543e:	82 83       	std	Z+2, r24	; 0x02
    5440:	93 83       	std	Z+3, r25	; 0x03
    5442:	f2 cf       	rjmp	.-28     	; 0x5428 <Meas_Analog_Inputs+0x4e>
    5444:	e0 91 4d 12 	lds	r30, 0x124D	; 0x80124d <ADC_Cycl_Avr_Counter>
    5448:	24 e0       	ldi	r18, 0x04	; 4
    544a:	e2 9f       	mul	r30, r18
    544c:	f0 01       	movw	r30, r0
    544e:	11 24       	eor	r1, r1
    5450:	e5 55       	subi	r30, 0x55	; 85
    5452:	ff 4e       	sbci	r31, 0xEF	; 239
    5454:	60 83       	st	Z, r22
    5456:	71 83       	std	Z+1, r23	; 0x01
    5458:	82 83       	std	Z+2, r24	; 0x02
    545a:	93 83       	std	Z+3, r25	; 0x03
    545c:	20 91 10 14 	lds	r18, 0x1410	; 0x801410 <ADC_Cycl_Avr_VoltCurr>
    5460:	60 e0       	ldi	r22, 0x00	; 0
    5462:	70 e0       	ldi	r23, 0x00	; 0
    5464:	cb 01       	movw	r24, r22
    5466:	22 23       	and	r18, r18
    5468:	81 f0       	breq	.+32     	; 0x548a <Meas_Analog_Inputs+0xb0>
    546a:	21 50       	subi	r18, 0x01	; 1
    546c:	34 e0       	ldi	r19, 0x04	; 4
    546e:	23 9f       	mul	r18, r19
    5470:	f0 01       	movw	r30, r0
    5472:	11 24       	eor	r1, r1
    5474:	e5 55       	subi	r30, 0x55	; 85
    5476:	ff 4e       	sbci	r31, 0xEF	; 239
    5478:	c0 80       	ld	r12, Z
    547a:	d1 80       	ldd	r13, Z+1	; 0x01
    547c:	e2 80       	ldd	r14, Z+2	; 0x02
    547e:	f3 80       	ldd	r15, Z+3	; 0x03
    5480:	6c 0d       	add	r22, r12
    5482:	7d 1d       	adc	r23, r13
    5484:	8e 1d       	adc	r24, r14
    5486:	9f 1d       	adc	r25, r15
    5488:	ee cf       	rjmp	.-36     	; 0x5466 <Meas_Analog_Inputs+0x8c>
    548a:	40 90 a3 10 	lds	r4, 0x10A3	; 0x8010a3 <ADC_Avr_Mult_VoltCurr>
    548e:	50 90 a4 10 	lds	r5, 0x10A4	; 0x8010a4 <ADC_Avr_Mult_VoltCurr+0x1>
    5492:	60 90 a5 10 	lds	r6, 0x10A5	; 0x8010a5 <ADC_Avr_Mult_VoltCurr+0x2>
    5496:	70 90 a6 10 	lds	r7, 0x10A6	; 0x8010a6 <ADC_Avr_Mult_VoltCurr+0x3>
    549a:	80 90 64 15 	lds	r8, 0x1564	; 0x801564 <AI_Volt_Offset>
    549e:	90 90 65 15 	lds	r9, 0x1565	; 0x801565 <AI_Volt_Offset+0x1>
    54a2:	a0 90 66 15 	lds	r10, 0x1566	; 0x801566 <AI_Volt_Offset+0x2>
    54a6:	b0 90 67 15 	lds	r11, 0x1567	; 0x801567 <AI_Volt_Offset+0x3>
    54aa:	c0 90 13 15 	lds	r12, 0x1513	; 0x801513 <AI_Volt_Scale>
    54ae:	d0 90 14 15 	lds	r13, 0x1514	; 0x801514 <AI_Volt_Scale+0x1>
    54b2:	e0 90 15 15 	lds	r14, 0x1515	; 0x801515 <AI_Volt_Scale+0x2>
    54b6:	f0 90 16 15 	lds	r15, 0x1516	; 0x801516 <AI_Volt_Scale+0x3>
    54ba:	0e 94 d2 47 	call	0x8fa4	; 0x8fa4 <__floatunsisf>
    54be:	a3 01       	movw	r20, r6
    54c0:	92 01       	movw	r18, r4
    54c2:	0e 94 62 49 	call	0x92c4	; 0x92c4 <__mulsf3>
    54c6:	a5 01       	movw	r20, r10
    54c8:	94 01       	movw	r18, r8
    54ca:	0e 94 a0 46 	call	0x8d40	; 0x8d40 <__addsf3>
    54ce:	a7 01       	movw	r20, r14
    54d0:	96 01       	movw	r18, r12
    54d2:	0e 94 62 49 	call	0x92c4	; 0x92c4 <__mulsf3>
    54d6:	60 93 97 10 	sts	0x1097, r22	; 0x801097 <AI_Volt>
    54da:	70 93 98 10 	sts	0x1098, r23	; 0x801098 <AI_Volt+0x1>
    54de:	80 93 99 10 	sts	0x1099, r24	; 0x801099 <AI_Volt+0x2>
    54e2:	90 93 9a 10 	sts	0x109A, r25	; 0x80109a <AI_Volt+0x3>
    54e6:	80 91 03 14 	lds	r24, 0x1403	; 0x801403 <AI_Under_Load>
    54ea:	88 23       	and	r24, r24
    54ec:	49 f0       	breq	.+18     	; 0x5500 <Meas_Analog_Inputs+0x126>
    54ee:	80 91 26 14 	lds	r24, 0x1426	; 0x801426 <SysStatus_A>
    54f2:	84 60       	ori	r24, 0x04	; 4
    54f4:	80 93 26 14 	sts	0x1426, r24	; 0x801426 <SysStatus_A>
    54f8:	80 91 ec 14 	lds	r24, 0x14EC	; 0x8014ec <Range_Status_A>
    54fc:	80 62       	ori	r24, 0x20	; 32
    54fe:	1a c0       	rjmp	.+52     	; 0x5534 <Meas_Analog_Inputs+0x15a>
    5500:	80 91 92 10 	lds	r24, 0x1092	; 0x801092 <AI_Over_Load>
    5504:	88 23       	and	r24, r24
    5506:	71 f0       	breq	.+28     	; 0x5524 <Meas_Analog_Inputs+0x14a>
    5508:	80 91 26 14 	lds	r24, 0x1426	; 0x801426 <SysStatus_A>
    550c:	84 60       	ori	r24, 0x04	; 4
    550e:	80 93 26 14 	sts	0x1426, r24	; 0x801426 <SysStatus_A>
    5512:	80 91 ec 14 	lds	r24, 0x14EC	; 0x8014ec <Range_Status_A>
    5516:	80 61       	ori	r24, 0x10	; 16
    5518:	80 93 ec 14 	sts	0x14EC, r24	; 0x8014ec <Range_Status_A>
    551c:	80 91 ec 14 	lds	r24, 0x14EC	; 0x8014ec <Range_Status_A>
    5520:	8f 7d       	andi	r24, 0xDF	; 223
    5522:	0d c0       	rjmp	.+26     	; 0x553e <Meas_Analog_Inputs+0x164>
    5524:	80 91 26 14 	lds	r24, 0x1426	; 0x801426 <SysStatus_A>
    5528:	8b 7f       	andi	r24, 0xFB	; 251
    552a:	80 93 26 14 	sts	0x1426, r24	; 0x801426 <SysStatus_A>
    552e:	80 91 ec 14 	lds	r24, 0x14EC	; 0x8014ec <Range_Status_A>
    5532:	8f 7d       	andi	r24, 0xDF	; 223
    5534:	80 93 ec 14 	sts	0x14EC, r24	; 0x8014ec <Range_Status_A>
    5538:	80 91 ec 14 	lds	r24, 0x14EC	; 0x8014ec <Range_Status_A>
    553c:	8f 7e       	andi	r24, 0xEF	; 239
    553e:	80 93 ec 14 	sts	0x14EC, r24	; 0x8014ec <Range_Status_A>
    5542:	87 ef       	ldi	r24, 0xF7	; 247
    5544:	90 e0       	ldi	r25, 0x00	; 0
    5546:	01 97       	sbiw	r24, 0x01	; 1
    5548:	f1 f7       	brne	.-4      	; 0x5546 <Meas_Analog_Inputs+0x16c>
    554a:	00 c0       	rjmp	.+0      	; 0x554c <Meas_Analog_Inputs+0x172>
    554c:	00 00       	nop
    554e:	80 91 8c 10 	lds	r24, 0x108C	; 0x80108c <ADC_Num_Avr_VoltCurr>
    5552:	90 91 8d 10 	lds	r25, 0x108D	; 0x80108d <ADC_Num_Avr_VoltCurr+0x1>
    5556:	ff de       	rcall	.-514    	; 0x5356 <ADC_Convert_Avr_OLUL_MAX11163>
    5558:	13 98       	cbi	0x02, 3	; 2
    555a:	12 9a       	sbi	0x02, 2	; 2
    555c:	11 98       	cbi	0x02, 1	; 2
    555e:	20 91 e4 14 	lds	r18, 0x14E4	; 0x8014e4 <Range_Status_B>
    5562:	21 ff       	sbrs	r18, 1
    5564:	15 c0       	rjmp	.+42     	; 0x5590 <Meas_Analog_Inputs+0x1b6>
    5566:	20 91 e4 14 	lds	r18, 0x14E4	; 0x8014e4 <Range_Status_B>
    556a:	2d 7f       	andi	r18, 0xFD	; 253
    556c:	20 93 e4 14 	sts	0x14E4, r18	; 0x8014e4 <Range_Status_B>
    5570:	20 91 10 14 	lds	r18, 0x1410	; 0x801410 <ADC_Cycl_Avr_VoltCurr>
    5574:	22 23       	and	r18, r18
    5576:	c1 f0       	breq	.+48     	; 0x55a8 <Meas_Analog_Inputs+0x1ce>
    5578:	21 50       	subi	r18, 0x01	; 1
    557a:	34 e0       	ldi	r19, 0x04	; 4
    557c:	23 9f       	mul	r18, r19
    557e:	f0 01       	movw	r30, r0
    5580:	11 24       	eor	r1, r1
    5582:	ea 59       	subi	r30, 0x9A	; 154
    5584:	fd 4e       	sbci	r31, 0xED	; 237
    5586:	60 83       	st	Z, r22
    5588:	71 83       	std	Z+1, r23	; 0x01
    558a:	82 83       	std	Z+2, r24	; 0x02
    558c:	93 83       	std	Z+3, r25	; 0x03
    558e:	f2 cf       	rjmp	.-28     	; 0x5574 <Meas_Analog_Inputs+0x19a>
    5590:	e0 91 4d 12 	lds	r30, 0x124D	; 0x80124d <ADC_Cycl_Avr_Counter>
    5594:	24 e0       	ldi	r18, 0x04	; 4
    5596:	e2 9f       	mul	r30, r18
    5598:	f0 01       	movw	r30, r0
    559a:	11 24       	eor	r1, r1
    559c:	ea 59       	subi	r30, 0x9A	; 154
    559e:	fd 4e       	sbci	r31, 0xED	; 237
    55a0:	60 83       	st	Z, r22
    55a2:	71 83       	std	Z+1, r23	; 0x01
    55a4:	82 83       	std	Z+2, r24	; 0x02
    55a6:	93 83       	std	Z+3, r25	; 0x03
    55a8:	80 91 4d 12 	lds	r24, 0x124D	; 0x80124d <ADC_Cycl_Avr_Counter>
    55ac:	8f 5f       	subi	r24, 0xFF	; 255
    55ae:	80 93 4d 12 	sts	0x124D, r24	; 0x80124d <ADC_Cycl_Avr_Counter>
    55b2:	20 91 10 14 	lds	r18, 0x1410	; 0x801410 <ADC_Cycl_Avr_VoltCurr>
    55b6:	60 e0       	ldi	r22, 0x00	; 0
    55b8:	70 e0       	ldi	r23, 0x00	; 0
    55ba:	cb 01       	movw	r24, r22
    55bc:	22 23       	and	r18, r18
    55be:	81 f0       	breq	.+32     	; 0x55e0 <Meas_Analog_Inputs+0x206>
    55c0:	21 50       	subi	r18, 0x01	; 1
    55c2:	34 e0       	ldi	r19, 0x04	; 4
    55c4:	23 9f       	mul	r18, r19
    55c6:	f0 01       	movw	r30, r0
    55c8:	11 24       	eor	r1, r1
    55ca:	ea 59       	subi	r30, 0x9A	; 154
    55cc:	fd 4e       	sbci	r31, 0xED	; 237
    55ce:	c0 80       	ld	r12, Z
    55d0:	d1 80       	ldd	r13, Z+1	; 0x01
    55d2:	e2 80       	ldd	r14, Z+2	; 0x02
    55d4:	f3 80       	ldd	r15, Z+3	; 0x03
    55d6:	6c 0d       	add	r22, r12
    55d8:	7d 1d       	adc	r23, r13
    55da:	8e 1d       	adc	r24, r14
    55dc:	9f 1d       	adc	r25, r15
    55de:	ee cf       	rjmp	.-36     	; 0x55bc <Meas_Analog_Inputs+0x1e2>
    55e0:	40 90 a3 10 	lds	r4, 0x10A3	; 0x8010a3 <ADC_Avr_Mult_VoltCurr>
    55e4:	50 90 a4 10 	lds	r5, 0x10A4	; 0x8010a4 <ADC_Avr_Mult_VoltCurr+0x1>
    55e8:	60 90 a5 10 	lds	r6, 0x10A5	; 0x8010a5 <ADC_Avr_Mult_VoltCurr+0x2>
    55ec:	70 90 a6 10 	lds	r7, 0x10A6	; 0x8010a6 <ADC_Avr_Mult_VoltCurr+0x3>
    55f0:	80 90 e0 14 	lds	r8, 0x14E0	; 0x8014e0 <AI_Curr_Offset>
    55f4:	90 90 e1 14 	lds	r9, 0x14E1	; 0x8014e1 <AI_Curr_Offset+0x1>
    55f8:	a0 90 e2 14 	lds	r10, 0x14E2	; 0x8014e2 <AI_Curr_Offset+0x2>
    55fc:	b0 90 e3 14 	lds	r11, 0x14E3	; 0x8014e3 <AI_Curr_Offset+0x3>
    5600:	c0 90 dc 14 	lds	r12, 0x14DC	; 0x8014dc <AI_Curr_Scale>
    5604:	d0 90 dd 14 	lds	r13, 0x14DD	; 0x8014dd <AI_Curr_Scale+0x1>
    5608:	e0 90 de 14 	lds	r14, 0x14DE	; 0x8014de <AI_Curr_Scale+0x2>
    560c:	f0 90 df 14 	lds	r15, 0x14DF	; 0x8014df <AI_Curr_Scale+0x3>
    5610:	0e 94 d2 47 	call	0x8fa4	; 0x8fa4 <__floatunsisf>
    5614:	a3 01       	movw	r20, r6
    5616:	92 01       	movw	r18, r4
    5618:	0e 94 62 49 	call	0x92c4	; 0x92c4 <__mulsf3>
    561c:	a5 01       	movw	r20, r10
    561e:	94 01       	movw	r18, r8
    5620:	0e 94 a0 46 	call	0x8d40	; 0x8d40 <__addsf3>
    5624:	a7 01       	movw	r20, r14
    5626:	96 01       	movw	r18, r12
    5628:	0e 94 62 49 	call	0x92c4	; 0x92c4 <__mulsf3>
    562c:	60 93 4e 12 	sts	0x124E, r22	; 0x80124e <AI_Curr>
    5630:	70 93 4f 12 	sts	0x124F, r23	; 0x80124f <AI_Curr+0x1>
    5634:	80 93 50 12 	sts	0x1250, r24	; 0x801250 <AI_Curr+0x2>
    5638:	90 93 51 12 	sts	0x1251, r25	; 0x801251 <AI_Curr+0x3>
    563c:	60 91 97 10 	lds	r22, 0x1097	; 0x801097 <AI_Volt>
    5640:	70 91 98 10 	lds	r23, 0x1098	; 0x801098 <AI_Volt+0x1>
    5644:	80 91 99 10 	lds	r24, 0x1099	; 0x801099 <AI_Volt+0x2>
    5648:	90 91 9a 10 	lds	r25, 0x109A	; 0x80109a <AI_Volt+0x3>
    564c:	20 91 08 15 	lds	r18, 0x1508	; 0x801508 <AI_Volt_R_Leak>
    5650:	30 91 09 15 	lds	r19, 0x1509	; 0x801509 <AI_Volt_R_Leak+0x1>
    5654:	40 91 0a 15 	lds	r20, 0x150A	; 0x80150a <AI_Volt_R_Leak+0x2>
    5658:	50 91 0b 15 	lds	r21, 0x150B	; 0x80150b <AI_Volt_R_Leak+0x3>
    565c:	c0 90 4e 12 	lds	r12, 0x124E	; 0x80124e <AI_Curr>
    5660:	d0 90 4f 12 	lds	r13, 0x124F	; 0x80124f <AI_Curr+0x1>
    5664:	e0 90 50 12 	lds	r14, 0x1250	; 0x801250 <AI_Curr+0x2>
    5668:	f0 90 51 12 	lds	r15, 0x1251	; 0x801251 <AI_Curr+0x3>
    566c:	0e 94 62 49 	call	0x92c4	; 0x92c4 <__mulsf3>
    5670:	a7 01       	movw	r20, r14
    5672:	96 01       	movw	r18, r12
    5674:	0e 94 a0 46 	call	0x8d40	; 0x8d40 <__addsf3>
    5678:	60 93 49 12 	sts	0x1249, r22	; 0x801249 <AI_Curr_Corr>
    567c:	70 93 4a 12 	sts	0x124A, r23	; 0x80124a <AI_Curr_Corr+0x1>
    5680:	80 93 4b 12 	sts	0x124B, r24	; 0x80124b <AI_Curr_Corr+0x2>
    5684:	90 93 4c 12 	sts	0x124C, r25	; 0x80124c <AI_Curr_Corr+0x3>
    5688:	80 91 03 14 	lds	r24, 0x1403	; 0x801403 <AI_Under_Load>
    568c:	88 23       	and	r24, r24
    568e:	49 f0       	breq	.+18     	; 0x56a2 <Meas_Analog_Inputs+0x2c8>
    5690:	80 91 26 14 	lds	r24, 0x1426	; 0x801426 <SysStatus_A>
    5694:	88 60       	ori	r24, 0x08	; 8
    5696:	80 93 26 14 	sts	0x1426, r24	; 0x801426 <SysStatus_A>
    569a:	80 91 ec 14 	lds	r24, 0x14EC	; 0x8014ec <Range_Status_A>
    569e:	80 68       	ori	r24, 0x80	; 128
    56a0:	1a c0       	rjmp	.+52     	; 0x56d6 <Meas_Analog_Inputs+0x2fc>
    56a2:	80 91 92 10 	lds	r24, 0x1092	; 0x801092 <AI_Over_Load>
    56a6:	88 23       	and	r24, r24
    56a8:	71 f0       	breq	.+28     	; 0x56c6 <Meas_Analog_Inputs+0x2ec>
    56aa:	80 91 26 14 	lds	r24, 0x1426	; 0x801426 <SysStatus_A>
    56ae:	88 60       	ori	r24, 0x08	; 8
    56b0:	80 93 26 14 	sts	0x1426, r24	; 0x801426 <SysStatus_A>
    56b4:	80 91 ec 14 	lds	r24, 0x14EC	; 0x8014ec <Range_Status_A>
    56b8:	80 64       	ori	r24, 0x40	; 64
    56ba:	80 93 ec 14 	sts	0x14EC, r24	; 0x8014ec <Range_Status_A>
    56be:	80 91 ec 14 	lds	r24, 0x14EC	; 0x8014ec <Range_Status_A>
    56c2:	8f 77       	andi	r24, 0x7F	; 127
    56c4:	0d c0       	rjmp	.+26     	; 0x56e0 <Meas_Analog_Inputs+0x306>
    56c6:	80 91 26 14 	lds	r24, 0x1426	; 0x801426 <SysStatus_A>
    56ca:	87 7f       	andi	r24, 0xF7	; 247
    56cc:	80 93 26 14 	sts	0x1426, r24	; 0x801426 <SysStatus_A>
    56d0:	80 91 ec 14 	lds	r24, 0x14EC	; 0x8014ec <Range_Status_A>
    56d4:	8f 77       	andi	r24, 0x7F	; 127
    56d6:	80 93 ec 14 	sts	0x14EC, r24	; 0x8014ec <Range_Status_A>
    56da:	80 91 ec 14 	lds	r24, 0x14EC	; 0x8014ec <Range_Status_A>
    56de:	8f 7b       	andi	r24, 0xBF	; 191
    56e0:	80 93 ec 14 	sts	0x14EC, r24	; 0x8014ec <Range_Status_A>
    56e4:	85 ed       	ldi	r24, 0xD5	; 213
    56e6:	8a 95       	dec	r24
    56e8:	f1 f7       	brne	.-4      	; 0x56e6 <Meas_Analog_Inputs+0x30c>
    56ea:	00 00       	nop
    56ec:	80 91 48 12 	lds	r24, 0x1248	; 0x801248 <ADC_Num_Avr_Other>
    56f0:	90 e0       	ldi	r25, 0x00	; 0
    56f2:	02 de       	rcall	.-1020   	; 0x52f8 <ADC_Convert_Avr_MAX11163>
    56f4:	13 9a       	sbi	0x02, 3	; 2
    56f6:	12 9a       	sbi	0x02, 2	; 2
    56f8:	11 98       	cbi	0x02, 1	; 2
    56fa:	c0 90 5a 12 	lds	r12, 0x125A	; 0x80125a <ADC_Avr_Mult_Other>
    56fe:	d0 90 5b 12 	lds	r13, 0x125B	; 0x80125b <ADC_Avr_Mult_Other+0x1>
    5702:	e0 90 5c 12 	lds	r14, 0x125C	; 0x80125c <ADC_Avr_Mult_Other+0x2>
    5706:	f0 90 5d 12 	lds	r15, 0x125D	; 0x80125d <ADC_Avr_Mult_Other+0x3>
    570a:	0e 94 d2 47 	call	0x8fa4	; 0x8fa4 <__floatunsisf>
    570e:	a7 01       	movw	r20, r14
    5710:	96 01       	movw	r18, r12
    5712:	0e 94 62 49 	call	0x92c4	; 0x92c4 <__mulsf3>
    5716:	60 93 9b 10 	sts	0x109B, r22	; 0x80109b <AI_Offset>
    571a:	70 93 9c 10 	sts	0x109C, r23	; 0x80109c <AI_Offset+0x1>
    571e:	80 93 9d 10 	sts	0x109D, r24	; 0x80109d <AI_Offset+0x2>
    5722:	90 93 9e 10 	sts	0x109E, r25	; 0x80109e <AI_Offset+0x3>
    5726:	8f e5       	ldi	r24, 0x5F	; 95
    5728:	91 e0       	ldi	r25, 0x01	; 1
    572a:	01 97       	sbiw	r24, 0x01	; 1
    572c:	f1 f7       	brne	.-4      	; 0x572a <Meas_Analog_Inputs+0x350>
    572e:	00 c0       	rjmp	.+0      	; 0x5730 <Meas_Analog_Inputs+0x356>
    5730:	00 00       	nop
    5732:	80 91 48 12 	lds	r24, 0x1248	; 0x801248 <ADC_Num_Avr_Other>
    5736:	90 e0       	ldi	r25, 0x00	; 0
    5738:	df dd       	rcall	.-1090   	; 0x52f8 <ADC_Convert_Avr_MAX11163>
    573a:	13 9a       	sbi	0x02, 3	; 2
    573c:	12 98       	cbi	0x02, 2	; 2
    573e:	11 9a       	sbi	0x02, 1	; 2
    5740:	40 90 5a 12 	lds	r4, 0x125A	; 0x80125a <ADC_Avr_Mult_Other>
    5744:	50 90 5b 12 	lds	r5, 0x125B	; 0x80125b <ADC_Avr_Mult_Other+0x1>
    5748:	60 90 5c 12 	lds	r6, 0x125C	; 0x80125c <ADC_Avr_Mult_Other+0x2>
    574c:	70 90 5d 12 	lds	r7, 0x125D	; 0x80125d <ADC_Avr_Mult_Other+0x3>
    5750:	80 90 43 12 	lds	r8, 0x1243	; 0x801243 <CAL_Bias_A1>
    5754:	90 90 44 12 	lds	r9, 0x1244	; 0x801244 <CAL_Bias_A1+0x1>
    5758:	a0 90 45 12 	lds	r10, 0x1245	; 0x801245 <CAL_Bias_A1+0x2>
    575c:	b0 90 46 12 	lds	r11, 0x1246	; 0x801246 <CAL_Bias_A1+0x3>
    5760:	c0 90 fb 13 	lds	r12, 0x13FB	; 0x8013fb <CAL_Bias_A0>
    5764:	d0 90 fc 13 	lds	r13, 0x13FC	; 0x8013fc <CAL_Bias_A0+0x1>
    5768:	e0 90 fd 13 	lds	r14, 0x13FD	; 0x8013fd <CAL_Bias_A0+0x2>
    576c:	f0 90 fe 13 	lds	r15, 0x13FE	; 0x8013fe <CAL_Bias_A0+0x3>
    5770:	0e 94 d2 47 	call	0x8fa4	; 0x8fa4 <__floatunsisf>
    5774:	a3 01       	movw	r20, r6
    5776:	92 01       	movw	r18, r4
    5778:	0e 94 62 49 	call	0x92c4	; 0x92c4 <__mulsf3>
    577c:	a5 01       	movw	r20, r10
    577e:	94 01       	movw	r18, r8
    5780:	0e 94 62 49 	call	0x92c4	; 0x92c4 <__mulsf3>
    5784:	a7 01       	movw	r20, r14
    5786:	96 01       	movw	r18, r12
    5788:	0e 94 a0 46 	call	0x8d40	; 0x8d40 <__addsf3>
    578c:	60 93 11 14 	sts	0x1411, r22	; 0x801411 <AI_Bias>
    5790:	70 93 12 14 	sts	0x1412, r23	; 0x801412 <AI_Bias+0x1>
    5794:	80 93 13 14 	sts	0x1413, r24	; 0x801413 <AI_Bias+0x2>
    5798:	90 93 14 14 	sts	0x1414, r25	; 0x801414 <AI_Bias+0x3>
    579c:	83 e2       	ldi	r24, 0x23	; 35
    579e:	91 e0       	ldi	r25, 0x01	; 1
    57a0:	01 97       	sbiw	r24, 0x01	; 1
    57a2:	f1 f7       	brne	.-4      	; 0x57a0 <Meas_Analog_Inputs+0x3c6>
    57a4:	00 c0       	rjmp	.+0      	; 0x57a6 <Meas_Analog_Inputs+0x3cc>
    57a6:	00 00       	nop
    57a8:	80 91 48 12 	lds	r24, 0x1248	; 0x801248 <ADC_Num_Avr_Other>
    57ac:	90 e0       	ldi	r25, 0x00	; 0
    57ae:	a4 dd       	rcall	.-1208   	; 0x52f8 <ADC_Convert_Avr_MAX11163>
    57b0:	13 98       	cbi	0x02, 3	; 2
    57b2:	12 98       	cbi	0x02, 2	; 2
    57b4:	11 9a       	sbi	0x02, 1	; 2
    57b6:	c0 90 5a 12 	lds	r12, 0x125A	; 0x80125a <ADC_Avr_Mult_Other>
    57ba:	d0 90 5b 12 	lds	r13, 0x125B	; 0x80125b <ADC_Avr_Mult_Other+0x1>
    57be:	e0 90 5c 12 	lds	r14, 0x125C	; 0x80125c <ADC_Avr_Mult_Other+0x2>
    57c2:	f0 90 5d 12 	lds	r15, 0x125D	; 0x80125d <ADC_Avr_Mult_Other+0x3>
    57c6:	0e 94 d2 47 	call	0x8fa4	; 0x8fa4 <__floatunsisf>
    57ca:	a7 01       	movw	r20, r14
    57cc:	96 01       	movw	r18, r12
    57ce:	0e 94 62 49 	call	0x92c4	; 0x92c4 <__mulsf3>
    57d2:	20 91 19 14 	lds	r18, 0x1419	; 0x801419 <CAL_NTC_1_InvGain>
    57d6:	30 91 1a 14 	lds	r19, 0x141A	; 0x80141a <CAL_NTC_1_InvGain+0x1>
    57da:	40 91 1b 14 	lds	r20, 0x141B	; 0x80141b <CAL_NTC_1_InvGain+0x2>
    57de:	50 91 1c 14 	lds	r21, 0x141C	; 0x80141c <CAL_NTC_1_InvGain+0x3>
    57e2:	0e 94 62 49 	call	0x92c4	; 0x92c4 <__mulsf3>
    57e6:	6b 01       	movw	r12, r22
    57e8:	7c 01       	movw	r14, r24
    57ea:	9b 01       	movw	r18, r22
    57ec:	ac 01       	movw	r20, r24
    57ee:	60 e0       	ldi	r22, 0x00	; 0
    57f0:	70 e0       	ldi	r23, 0x00	; 0
    57f2:	80 e8       	ldi	r24, 0x80	; 128
    57f4:	97 e4       	ldi	r25, 0x47	; 71
    57f6:	0e 94 9f 46 	call	0x8d3e	; 0x8d3e <__subsf3>
    57fa:	9b 01       	movw	r18, r22
    57fc:	ac 01       	movw	r20, r24
    57fe:	c7 01       	movw	r24, r14
    5800:	b6 01       	movw	r22, r12
    5802:	0e 94 08 47 	call	0x8e10	; 0x8e10 <__divsf3>
    5806:	20 91 0c 14 	lds	r18, 0x140C	; 0x80140c <CAL_NTC_1_RSer>
    580a:	30 91 0d 14 	lds	r19, 0x140D	; 0x80140d <CAL_NTC_1_RSer+0x1>
    580e:	40 91 0e 14 	lds	r20, 0x140E	; 0x80140e <CAL_NTC_1_RSer+0x2>
    5812:	50 91 0f 14 	lds	r21, 0x140F	; 0x80140f <CAL_NTC_1_RSer+0x3>
    5816:	c0 90 8e 10 	lds	r12, 0x108E	; 0x80108e <CAL_NTC_1_InvR25>
    581a:	d0 90 8f 10 	lds	r13, 0x108F	; 0x80108f <CAL_NTC_1_InvR25+0x1>
    581e:	e0 90 90 10 	lds	r14, 0x1090	; 0x801090 <CAL_NTC_1_InvR25+0x2>
    5822:	f0 90 91 10 	lds	r15, 0x1091	; 0x801091 <CAL_NTC_1_InvR25+0x3>
    5826:	0e 94 62 49 	call	0x92c4	; 0x92c4 <__mulsf3>
    582a:	a7 01       	movw	r20, r14
    582c:	96 01       	movw	r18, r12
    582e:	0e 94 62 49 	call	0x92c4	; 0x92c4 <__mulsf3>
    5832:	0e 94 ef 48 	call	0x91de	; 0x91de <log>
    5836:	20 91 04 14 	lds	r18, 0x1404	; 0x801404 <CAL_NTC_1_InvBeta>
    583a:	30 91 05 14 	lds	r19, 0x1405	; 0x801405 <CAL_NTC_1_InvBeta+0x1>
    583e:	40 91 06 14 	lds	r20, 0x1406	; 0x801406 <CAL_NTC_1_InvBeta+0x2>
    5842:	50 91 07 14 	lds	r21, 0x1407	; 0x801407 <CAL_NTC_1_InvBeta+0x3>
    5846:	0e 94 62 49 	call	0x92c4	; 0x92c4 <__mulsf3>
    584a:	2e e1       	ldi	r18, 0x1E	; 30
    584c:	3f ec       	ldi	r19, 0xCF	; 207
    584e:	4b e5       	ldi	r20, 0x5B	; 91
    5850:	5b e3       	ldi	r21, 0x3B	; 59
    5852:	0e 94 a0 46 	call	0x8d40	; 0x8d40 <__addsf3>
    5856:	9b 01       	movw	r18, r22
    5858:	ac 01       	movw	r20, r24
    585a:	60 e0       	ldi	r22, 0x00	; 0
    585c:	70 e0       	ldi	r23, 0x00	; 0
    585e:	80 e8       	ldi	r24, 0x80	; 128
    5860:	9f e3       	ldi	r25, 0x3F	; 63
    5862:	0e 94 08 47 	call	0x8e10	; 0x8e10 <__divsf3>
    5866:	23 e3       	ldi	r18, 0x33	; 51
    5868:	33 e9       	ldi	r19, 0x93	; 147
    586a:	48 e8       	ldi	r20, 0x88	; 136
    586c:	53 e4       	ldi	r21, 0x43	; 67
    586e:	0e 94 9f 46 	call	0x8d3e	; 0x8d3e <__subsf3>
    5872:	60 93 a7 10 	sts	0x10A7, r22	; 0x8010a7 <AI_NTC_Temp_1>
    5876:	70 93 a8 10 	sts	0x10A8, r23	; 0x8010a8 <AI_NTC_Temp_1+0x1>
    587a:	80 93 a9 10 	sts	0x10A9, r24	; 0x8010a9 <AI_NTC_Temp_1+0x2>
    587e:	90 93 aa 10 	sts	0x10AA, r25	; 0x8010aa <AI_NTC_Temp_1+0x3>
    5882:	80 91 48 12 	lds	r24, 0x1248	; 0x801248 <ADC_Num_Avr_Other>
    5886:	90 e0       	ldi	r25, 0x00	; 0
    5888:	37 dd       	rcall	.-1426   	; 0x52f8 <ADC_Convert_Avr_MAX11163>
    588a:	13 98       	cbi	0x02, 3	; 2
    588c:	12 98       	cbi	0x02, 2	; 2
    588e:	11 98       	cbi	0x02, 1	; 2
    5890:	c0 90 5a 12 	lds	r12, 0x125A	; 0x80125a <ADC_Avr_Mult_Other>
    5894:	d0 90 5b 12 	lds	r13, 0x125B	; 0x80125b <ADC_Avr_Mult_Other+0x1>
    5898:	e0 90 5c 12 	lds	r14, 0x125C	; 0x80125c <ADC_Avr_Mult_Other+0x2>
    589c:	f0 90 5d 12 	lds	r15, 0x125D	; 0x80125d <ADC_Avr_Mult_Other+0x3>
    58a0:	0e 94 d2 47 	call	0x8fa4	; 0x8fa4 <__floatunsisf>
    58a4:	a7 01       	movw	r20, r14
    58a6:	96 01       	movw	r18, r12
    58a8:	0e 94 62 49 	call	0x92c4	; 0x92c4 <__mulsf3>
    58ac:	20 91 1d 14 	lds	r18, 0x141D	; 0x80141d <CAL_NTC_2_InvGain>
    58b0:	30 91 1e 14 	lds	r19, 0x141E	; 0x80141e <CAL_NTC_2_InvGain+0x1>
    58b4:	40 91 1f 14 	lds	r20, 0x141F	; 0x80141f <CAL_NTC_2_InvGain+0x2>
    58b8:	50 91 20 14 	lds	r21, 0x1420	; 0x801420 <CAL_NTC_2_InvGain+0x3>
    58bc:	0e 94 62 49 	call	0x92c4	; 0x92c4 <__mulsf3>
    58c0:	6b 01       	movw	r12, r22
    58c2:	7c 01       	movw	r14, r24
    58c4:	9b 01       	movw	r18, r22
    58c6:	ac 01       	movw	r20, r24
    58c8:	60 e0       	ldi	r22, 0x00	; 0
    58ca:	70 e0       	ldi	r23, 0x00	; 0
    58cc:	80 e8       	ldi	r24, 0x80	; 128
    58ce:	97 e4       	ldi	r25, 0x47	; 71
    58d0:	0e 94 9f 46 	call	0x8d3e	; 0x8d3e <__subsf3>
    58d4:	9b 01       	movw	r18, r22
    58d6:	ac 01       	movw	r20, r24
    58d8:	c7 01       	movw	r24, r14
    58da:	b6 01       	movw	r22, r12
    58dc:	0e 94 08 47 	call	0x8e10	; 0x8e10 <__divsf3>
    58e0:	20 91 9f 10 	lds	r18, 0x109F	; 0x80109f <CAL_NTC_2_RSer>
    58e4:	30 91 a0 10 	lds	r19, 0x10A0	; 0x8010a0 <CAL_NTC_2_RSer+0x1>
    58e8:	40 91 a1 10 	lds	r20, 0x10A1	; 0x8010a1 <CAL_NTC_2_RSer+0x2>
    58ec:	50 91 a2 10 	lds	r21, 0x10A2	; 0x8010a2 <CAL_NTC_2_RSer+0x3>
    58f0:	c0 90 5e 12 	lds	r12, 0x125E	; 0x80125e <CAL_NTC_2_InvR25>
    58f4:	d0 90 5f 12 	lds	r13, 0x125F	; 0x80125f <CAL_NTC_2_InvR25+0x1>
    58f8:	e0 90 60 12 	lds	r14, 0x1260	; 0x801260 <CAL_NTC_2_InvR25+0x2>
    58fc:	f0 90 61 12 	lds	r15, 0x1261	; 0x801261 <CAL_NTC_2_InvR25+0x3>
    5900:	0e 94 62 49 	call	0x92c4	; 0x92c4 <__mulsf3>
    5904:	a7 01       	movw	r20, r14
    5906:	96 01       	movw	r18, r12
    5908:	0e 94 62 49 	call	0x92c4	; 0x92c4 <__mulsf3>
    590c:	0e 94 ef 48 	call	0x91de	; 0x91de <log>
    5910:	20 91 52 12 	lds	r18, 0x1252	; 0x801252 <CAL_NTC_2_InvBeta>
    5914:	30 91 53 12 	lds	r19, 0x1253	; 0x801253 <CAL_NTC_2_InvBeta+0x1>
    5918:	40 91 54 12 	lds	r20, 0x1254	; 0x801254 <CAL_NTC_2_InvBeta+0x2>
    591c:	50 91 55 12 	lds	r21, 0x1255	; 0x801255 <CAL_NTC_2_InvBeta+0x3>
    5920:	0e 94 62 49 	call	0x92c4	; 0x92c4 <__mulsf3>
    5924:	2e e1       	ldi	r18, 0x1E	; 30
    5926:	3f ec       	ldi	r19, 0xCF	; 207
    5928:	4b e5       	ldi	r20, 0x5B	; 91
    592a:	5b e3       	ldi	r21, 0x3B	; 59
    592c:	0e 94 a0 46 	call	0x8d40	; 0x8d40 <__addsf3>
    5930:	9b 01       	movw	r18, r22
    5932:	ac 01       	movw	r20, r24
    5934:	60 e0       	ldi	r22, 0x00	; 0
    5936:	70 e0       	ldi	r23, 0x00	; 0
    5938:	80 e8       	ldi	r24, 0x80	; 128
    593a:	9f e3       	ldi	r25, 0x3F	; 63
    593c:	0e 94 08 47 	call	0x8e10	; 0x8e10 <__divsf3>
    5940:	23 e3       	ldi	r18, 0x33	; 51
    5942:	33 e9       	ldi	r19, 0x93	; 147
    5944:	48 e8       	ldi	r20, 0x88	; 136
    5946:	53 e4       	ldi	r21, 0x43	; 67
    5948:	0e 94 9f 46 	call	0x8d3e	; 0x8d3e <__subsf3>
    594c:	60 93 15 14 	sts	0x1415, r22	; 0x801415 <AI_NTC_Temp_2>
    5950:	70 93 16 14 	sts	0x1416, r23	; 0x801416 <AI_NTC_Temp_2+0x1>
    5954:	80 93 17 14 	sts	0x1417, r24	; 0x801417 <AI_NTC_Temp_2+0x2>
    5958:	90 93 18 14 	sts	0x1418, r25	; 0x801418 <AI_NTC_Temp_2+0x3>
    595c:	ff 90       	pop	r15
    595e:	ef 90       	pop	r14
    5960:	df 90       	pop	r13
    5962:	cf 90       	pop	r12
    5964:	bf 90       	pop	r11
    5966:	af 90       	pop	r10
    5968:	9f 90       	pop	r9
    596a:	8f 90       	pop	r8
    596c:	7f 90       	pop	r7
    596e:	6f 90       	pop	r6
    5970:	5f 90       	pop	r5
    5972:	4f 90       	pop	r4
    5974:	08 95       	ret

00005976 <Meas_AI_Volt_Only>:
    5976:	4f 92       	push	r4
    5978:	5f 92       	push	r5
    597a:	6f 92       	push	r6
    597c:	7f 92       	push	r7
    597e:	8f 92       	push	r8
    5980:	9f 92       	push	r9
    5982:	af 92       	push	r10
    5984:	bf 92       	push	r11
    5986:	cf 92       	push	r12
    5988:	df 92       	push	r13
    598a:	ef 92       	push	r14
    598c:	ff 92       	push	r15
    598e:	13 98       	cbi	0x02, 3	; 2
    5990:	12 98       	cbi	0x02, 2	; 2
    5992:	11 98       	cbi	0x02, 1	; 2
    5994:	8f e8       	ldi	r24, 0x8F	; 143
    5996:	91 e0       	ldi	r25, 0x01	; 1
    5998:	01 97       	sbiw	r24, 0x01	; 1
    599a:	f1 f7       	brne	.-4      	; 0x5998 <Meas_AI_Volt_Only+0x22>
    599c:	00 c0       	rjmp	.+0      	; 0x599e <Meas_AI_Volt_Only+0x28>
    599e:	00 00       	nop
    59a0:	20 91 10 14 	lds	r18, 0x1410	; 0x801410 <ADC_Cycl_Avr_VoltCurr>
    59a4:	80 91 8c 10 	lds	r24, 0x108C	; 0x80108c <ADC_Num_Avr_VoltCurr>
    59a8:	90 91 8d 10 	lds	r25, 0x108D	; 0x80108d <ADC_Num_Avr_VoltCurr+0x1>
    59ac:	ac 01       	movw	r20, r24
    59ae:	24 9f       	mul	r18, r20
    59b0:	c0 01       	movw	r24, r0
    59b2:	25 9f       	mul	r18, r21
    59b4:	90 0d       	add	r25, r0
    59b6:	11 24       	eor	r1, r1
    59b8:	ce dc       	rcall	.-1636   	; 0x5356 <ADC_Convert_Avr_OLUL_MAX11163>
    59ba:	40 90 a3 10 	lds	r4, 0x10A3	; 0x8010a3 <ADC_Avr_Mult_VoltCurr>
    59be:	50 90 a4 10 	lds	r5, 0x10A4	; 0x8010a4 <ADC_Avr_Mult_VoltCurr+0x1>
    59c2:	60 90 a5 10 	lds	r6, 0x10A5	; 0x8010a5 <ADC_Avr_Mult_VoltCurr+0x2>
    59c6:	70 90 a6 10 	lds	r7, 0x10A6	; 0x8010a6 <ADC_Avr_Mult_VoltCurr+0x3>
    59ca:	80 90 64 15 	lds	r8, 0x1564	; 0x801564 <AI_Volt_Offset>
    59ce:	90 90 65 15 	lds	r9, 0x1565	; 0x801565 <AI_Volt_Offset+0x1>
    59d2:	a0 90 66 15 	lds	r10, 0x1566	; 0x801566 <AI_Volt_Offset+0x2>
    59d6:	b0 90 67 15 	lds	r11, 0x1567	; 0x801567 <AI_Volt_Offset+0x3>
    59da:	c0 90 13 15 	lds	r12, 0x1513	; 0x801513 <AI_Volt_Scale>
    59de:	d0 90 14 15 	lds	r13, 0x1514	; 0x801514 <AI_Volt_Scale+0x1>
    59e2:	e0 90 15 15 	lds	r14, 0x1515	; 0x801515 <AI_Volt_Scale+0x2>
    59e6:	f0 90 16 15 	lds	r15, 0x1516	; 0x801516 <AI_Volt_Scale+0x3>
    59ea:	0e 94 d2 47 	call	0x8fa4	; 0x8fa4 <__floatunsisf>
    59ee:	a3 01       	movw	r20, r6
    59f0:	92 01       	movw	r18, r4
    59f2:	0e 94 62 49 	call	0x92c4	; 0x92c4 <__mulsf3>
    59f6:	a5 01       	movw	r20, r10
    59f8:	94 01       	movw	r18, r8
    59fa:	0e 94 a0 46 	call	0x8d40	; 0x8d40 <__addsf3>
    59fe:	a7 01       	movw	r20, r14
    5a00:	96 01       	movw	r18, r12
    5a02:	0e 94 62 49 	call	0x92c4	; 0x92c4 <__mulsf3>
    5a06:	60 93 97 10 	sts	0x1097, r22	; 0x801097 <AI_Volt>
    5a0a:	70 93 98 10 	sts	0x1098, r23	; 0x801098 <AI_Volt+0x1>
    5a0e:	80 93 99 10 	sts	0x1099, r24	; 0x801099 <AI_Volt+0x2>
    5a12:	90 93 9a 10 	sts	0x109A, r25	; 0x80109a <AI_Volt+0x3>
    5a16:	80 91 03 14 	lds	r24, 0x1403	; 0x801403 <AI_Under_Load>
    5a1a:	88 23       	and	r24, r24
    5a1c:	21 f0       	breq	.+8      	; 0x5a26 <Meas_AI_Volt_Only+0xb0>
    5a1e:	80 91 ec 14 	lds	r24, 0x14EC	; 0x8014ec <Range_Status_A>
    5a22:	80 62       	ori	r24, 0x20	; 32
    5a24:	10 c0       	rjmp	.+32     	; 0x5a46 <Meas_AI_Volt_Only+0xd0>
    5a26:	80 91 92 10 	lds	r24, 0x1092	; 0x801092 <AI_Over_Load>
    5a2a:	88 23       	and	r24, r24
    5a2c:	49 f0       	breq	.+18     	; 0x5a40 <Meas_AI_Volt_Only+0xca>
    5a2e:	80 91 ec 14 	lds	r24, 0x14EC	; 0x8014ec <Range_Status_A>
    5a32:	80 61       	ori	r24, 0x10	; 16
    5a34:	80 93 ec 14 	sts	0x14EC, r24	; 0x8014ec <Range_Status_A>
    5a38:	80 91 ec 14 	lds	r24, 0x14EC	; 0x8014ec <Range_Status_A>
    5a3c:	8f 7d       	andi	r24, 0xDF	; 223
    5a3e:	08 c0       	rjmp	.+16     	; 0x5a50 <Meas_AI_Volt_Only+0xda>
    5a40:	80 91 ec 14 	lds	r24, 0x14EC	; 0x8014ec <Range_Status_A>
    5a44:	8f 7d       	andi	r24, 0xDF	; 223
    5a46:	80 93 ec 14 	sts	0x14EC, r24	; 0x8014ec <Range_Status_A>
    5a4a:	80 91 ec 14 	lds	r24, 0x14EC	; 0x8014ec <Range_Status_A>
    5a4e:	8f 7e       	andi	r24, 0xEF	; 239
    5a50:	80 93 ec 14 	sts	0x14EC, r24	; 0x8014ec <Range_Status_A>
    5a54:	13 9a       	sbi	0x02, 3	; 2
    5a56:	12 9a       	sbi	0x02, 2	; 2
    5a58:	11 9a       	sbi	0x02, 1	; 2
    5a5a:	ff 90       	pop	r15
    5a5c:	ef 90       	pop	r14
    5a5e:	df 90       	pop	r13
    5a60:	cf 90       	pop	r12
    5a62:	bf 90       	pop	r11
    5a64:	af 90       	pop	r10
    5a66:	9f 90       	pop	r9
    5a68:	8f 90       	pop	r8
    5a6a:	7f 90       	pop	r7
    5a6c:	6f 90       	pop	r6
    5a6e:	5f 90       	pop	r5
    5a70:	4f 90       	pop	r4
    5a72:	08 95       	ret

00005a74 <Meas_AI_Curr_Only>:
    5a74:	4f 92       	push	r4
    5a76:	5f 92       	push	r5
    5a78:	6f 92       	push	r6
    5a7a:	7f 92       	push	r7
    5a7c:	8f 92       	push	r8
    5a7e:	9f 92       	push	r9
    5a80:	af 92       	push	r10
    5a82:	bf 92       	push	r11
    5a84:	cf 92       	push	r12
    5a86:	df 92       	push	r13
    5a88:	ef 92       	push	r14
    5a8a:	ff 92       	push	r15
    5a8c:	13 9a       	sbi	0x02, 3	; 2
    5a8e:	12 98       	cbi	0x02, 2	; 2
    5a90:	11 98       	cbi	0x02, 1	; 2
    5a92:	8f e8       	ldi	r24, 0x8F	; 143
    5a94:	91 e0       	ldi	r25, 0x01	; 1
    5a96:	01 97       	sbiw	r24, 0x01	; 1
    5a98:	f1 f7       	brne	.-4      	; 0x5a96 <Meas_AI_Curr_Only+0x22>
    5a9a:	00 c0       	rjmp	.+0      	; 0x5a9c <Meas_AI_Curr_Only+0x28>
    5a9c:	00 00       	nop
    5a9e:	20 91 10 14 	lds	r18, 0x1410	; 0x801410 <ADC_Cycl_Avr_VoltCurr>
    5aa2:	80 91 8c 10 	lds	r24, 0x108C	; 0x80108c <ADC_Num_Avr_VoltCurr>
    5aa6:	90 91 8d 10 	lds	r25, 0x108D	; 0x80108d <ADC_Num_Avr_VoltCurr+0x1>
    5aaa:	ac 01       	movw	r20, r24
    5aac:	24 9f       	mul	r18, r20
    5aae:	c0 01       	movw	r24, r0
    5ab0:	25 9f       	mul	r18, r21
    5ab2:	90 0d       	add	r25, r0
    5ab4:	11 24       	eor	r1, r1
    5ab6:	4f dc       	rcall	.-1890   	; 0x5356 <ADC_Convert_Avr_OLUL_MAX11163>
    5ab8:	40 90 a3 10 	lds	r4, 0x10A3	; 0x8010a3 <ADC_Avr_Mult_VoltCurr>
    5abc:	50 90 a4 10 	lds	r5, 0x10A4	; 0x8010a4 <ADC_Avr_Mult_VoltCurr+0x1>
    5ac0:	60 90 a5 10 	lds	r6, 0x10A5	; 0x8010a5 <ADC_Avr_Mult_VoltCurr+0x2>
    5ac4:	70 90 a6 10 	lds	r7, 0x10A6	; 0x8010a6 <ADC_Avr_Mult_VoltCurr+0x3>
    5ac8:	80 90 e0 14 	lds	r8, 0x14E0	; 0x8014e0 <AI_Curr_Offset>
    5acc:	90 90 e1 14 	lds	r9, 0x14E1	; 0x8014e1 <AI_Curr_Offset+0x1>
    5ad0:	a0 90 e2 14 	lds	r10, 0x14E2	; 0x8014e2 <AI_Curr_Offset+0x2>
    5ad4:	b0 90 e3 14 	lds	r11, 0x14E3	; 0x8014e3 <AI_Curr_Offset+0x3>
    5ad8:	c0 90 dc 14 	lds	r12, 0x14DC	; 0x8014dc <AI_Curr_Scale>
    5adc:	d0 90 dd 14 	lds	r13, 0x14DD	; 0x8014dd <AI_Curr_Scale+0x1>
    5ae0:	e0 90 de 14 	lds	r14, 0x14DE	; 0x8014de <AI_Curr_Scale+0x2>
    5ae4:	f0 90 df 14 	lds	r15, 0x14DF	; 0x8014df <AI_Curr_Scale+0x3>
    5ae8:	0e 94 d2 47 	call	0x8fa4	; 0x8fa4 <__floatunsisf>
    5aec:	a3 01       	movw	r20, r6
    5aee:	92 01       	movw	r18, r4
    5af0:	0e 94 62 49 	call	0x92c4	; 0x92c4 <__mulsf3>
    5af4:	a5 01       	movw	r20, r10
    5af6:	94 01       	movw	r18, r8
    5af8:	0e 94 a0 46 	call	0x8d40	; 0x8d40 <__addsf3>
    5afc:	a7 01       	movw	r20, r14
    5afe:	96 01       	movw	r18, r12
    5b00:	0e 94 62 49 	call	0x92c4	; 0x92c4 <__mulsf3>
    5b04:	60 93 4e 12 	sts	0x124E, r22	; 0x80124e <AI_Curr>
    5b08:	70 93 4f 12 	sts	0x124F, r23	; 0x80124f <AI_Curr+0x1>
    5b0c:	80 93 50 12 	sts	0x1250, r24	; 0x801250 <AI_Curr+0x2>
    5b10:	90 93 51 12 	sts	0x1251, r25	; 0x801251 <AI_Curr+0x3>
    5b14:	80 91 03 14 	lds	r24, 0x1403	; 0x801403 <AI_Under_Load>
    5b18:	88 23       	and	r24, r24
    5b1a:	21 f0       	breq	.+8      	; 0x5b24 <Meas_AI_Curr_Only+0xb0>
    5b1c:	80 91 ec 14 	lds	r24, 0x14EC	; 0x8014ec <Range_Status_A>
    5b20:	80 68       	ori	r24, 0x80	; 128
    5b22:	10 c0       	rjmp	.+32     	; 0x5b44 <Meas_AI_Curr_Only+0xd0>
    5b24:	80 91 92 10 	lds	r24, 0x1092	; 0x801092 <AI_Over_Load>
    5b28:	88 23       	and	r24, r24
    5b2a:	49 f0       	breq	.+18     	; 0x5b3e <Meas_AI_Curr_Only+0xca>
    5b2c:	80 91 ec 14 	lds	r24, 0x14EC	; 0x8014ec <Range_Status_A>
    5b30:	80 64       	ori	r24, 0x40	; 64
    5b32:	80 93 ec 14 	sts	0x14EC, r24	; 0x8014ec <Range_Status_A>
    5b36:	80 91 ec 14 	lds	r24, 0x14EC	; 0x8014ec <Range_Status_A>
    5b3a:	8f 77       	andi	r24, 0x7F	; 127
    5b3c:	08 c0       	rjmp	.+16     	; 0x5b4e <Meas_AI_Curr_Only+0xda>
    5b3e:	80 91 ec 14 	lds	r24, 0x14EC	; 0x8014ec <Range_Status_A>
    5b42:	8f 77       	andi	r24, 0x7F	; 127
    5b44:	80 93 ec 14 	sts	0x14EC, r24	; 0x8014ec <Range_Status_A>
    5b48:	80 91 ec 14 	lds	r24, 0x14EC	; 0x8014ec <Range_Status_A>
    5b4c:	8f 7b       	andi	r24, 0xBF	; 191
    5b4e:	80 93 ec 14 	sts	0x14EC, r24	; 0x8014ec <Range_Status_A>
    5b52:	13 9a       	sbi	0x02, 3	; 2
    5b54:	12 9a       	sbi	0x02, 2	; 2
    5b56:	11 9a       	sbi	0x02, 1	; 2
    5b58:	ff 90       	pop	r15
    5b5a:	ef 90       	pop	r14
    5b5c:	df 90       	pop	r13
    5b5e:	cf 90       	pop	r12
    5b60:	bf 90       	pop	r11
    5b62:	af 90       	pop	r10
    5b64:	9f 90       	pop	r9
    5b66:	8f 90       	pop	r8
    5b68:	7f 90       	pop	r7
    5b6a:	6f 90       	pop	r6
    5b6c:	5f 90       	pop	r5
    5b6e:	4f 90       	pop	r4
    5b70:	08 95       	ret

00005b72 <Set_DAC_Output_RAW>:
    5b72:	2c b5       	in	r18, 0x2c	; 44
    5b74:	28 60       	ori	r18, 0x08	; 8
    5b76:	2c bd       	out	0x2c, r18	; 44
    5b78:	8f 5f       	subi	r24, 0xFF	; 255
    5b7a:	9f 47       	sbci	r25, 0x7F	; 127
    5b7c:	2c 98       	cbi	0x05, 4	; 5
    5b7e:	1e bc       	out	0x2e, r1	; 46
    5b80:	0d b4       	in	r0, 0x2d	; 45
    5b82:	07 fe       	sbrs	r0, 7
    5b84:	fd cf       	rjmp	.-6      	; 0x5b80 <Set_DAC_Output_RAW+0xe>
    5b86:	9e bd       	out	0x2e, r25	; 46
    5b88:	0d b4       	in	r0, 0x2d	; 45
    5b8a:	07 fe       	sbrs	r0, 7
    5b8c:	fd cf       	rjmp	.-6      	; 0x5b88 <Set_DAC_Output_RAW+0x16>
    5b8e:	8e bd       	out	0x2e, r24	; 46
    5b90:	0d b4       	in	r0, 0x2d	; 45
    5b92:	07 fe       	sbrs	r0, 7
    5b94:	fd cf       	rjmp	.-6      	; 0x5b90 <Set_DAC_Output_RAW+0x1e>
    5b96:	2c 9a       	sbi	0x05, 4	; 5
    5b98:	8c b5       	in	r24, 0x2c	; 44
    5b9a:	87 7f       	andi	r24, 0xF7	; 247
    5b9c:	8c bd       	out	0x2c, r24	; 44
    5b9e:	08 95       	ret

00005ba0 <Set_DAC_Output_Volts>:
    5ba0:	4f 92       	push	r4
    5ba2:	5f 92       	push	r5
    5ba4:	6f 92       	push	r6
    5ba6:	7f 92       	push	r7
    5ba8:	8f 92       	push	r8
    5baa:	9f 92       	push	r9
    5bac:	af 92       	push	r10
    5bae:	bf 92       	push	r11
    5bb0:	cf 92       	push	r12
    5bb2:	df 92       	push	r13
    5bb4:	ef 92       	push	r14
    5bb6:	ff 92       	push	r15
    5bb8:	4b 01       	movw	r8, r22
    5bba:	5c 01       	movw	r10, r24
    5bbc:	20 91 13 15 	lds	r18, 0x1513	; 0x801513 <AI_Volt_Scale>
    5bc0:	30 91 14 15 	lds	r19, 0x1514	; 0x801514 <AI_Volt_Scale+0x1>
    5bc4:	40 91 15 15 	lds	r20, 0x1515	; 0x801515 <AI_Volt_Scale+0x2>
    5bc8:	50 91 16 15 	lds	r21, 0x1516	; 0x801516 <AI_Volt_Scale+0x3>
    5bcc:	40 90 93 10 	lds	r4, 0x1093	; 0x801093 <CAL_DAC_A1>
    5bd0:	50 90 94 10 	lds	r5, 0x1094	; 0x801094 <CAL_DAC_A1+0x1>
    5bd4:	60 90 95 10 	lds	r6, 0x1095	; 0x801095 <CAL_DAC_A1+0x2>
    5bd8:	70 90 96 10 	lds	r7, 0x1096	; 0x801096 <CAL_DAC_A1+0x3>
    5bdc:	c0 90 08 14 	lds	r12, 0x1408	; 0x801408 <CAL_DAC_A0>
    5be0:	d0 90 09 14 	lds	r13, 0x1409	; 0x801409 <CAL_DAC_A0+0x1>
    5be4:	e0 90 0a 14 	lds	r14, 0x140A	; 0x80140a <CAL_DAC_A0+0x2>
    5be8:	f0 90 0b 14 	lds	r15, 0x140B	; 0x80140b <CAL_DAC_A0+0x3>
    5bec:	0e 94 08 47 	call	0x8e10	; 0x8e10 <__divsf3>
    5bf0:	a3 01       	movw	r20, r6
    5bf2:	92 01       	movw	r18, r4
    5bf4:	0e 94 62 49 	call	0x92c4	; 0x92c4 <__mulsf3>
    5bf8:	a7 01       	movw	r20, r14
    5bfa:	96 01       	movw	r18, r12
    5bfc:	0e 94 a0 46 	call	0x8d40	; 0x8d40 <__addsf3>
    5c00:	6b 01       	movw	r12, r22
    5c02:	7c 01       	movw	r14, r24
    5c04:	20 e0       	ldi	r18, 0x00	; 0
    5c06:	3a ef       	ldi	r19, 0xFA	; 250
    5c08:	4f e7       	ldi	r20, 0x7F	; 127
    5c0a:	57 e4       	ldi	r21, 0x47	; 71
    5c0c:	0e 94 a9 48 	call	0x9152	; 0x9152 <__gesf2>
    5c10:	87 ff       	sbrs	r24, 7
    5c12:	17 c0       	rjmp	.+46     	; 0x5c42 <Set_DAC_Output_Volts+0xa2>
    5c14:	20 91 08 14 	lds	r18, 0x1408	; 0x801408 <CAL_DAC_A0>
    5c18:	30 91 09 14 	lds	r19, 0x1409	; 0x801409 <CAL_DAC_A0+0x1>
    5c1c:	40 91 0a 14 	lds	r20, 0x140A	; 0x80140a <CAL_DAC_A0+0x2>
    5c20:	50 91 0b 14 	lds	r21, 0x140B	; 0x80140b <CAL_DAC_A0+0x3>
    5c24:	c7 01       	movw	r24, r14
    5c26:	b6 01       	movw	r22, r12
    5c28:	0e 94 04 47 	call	0x8e08	; 0x8e08 <__cmpsf2>
    5c2c:	87 ff       	sbrs	r24, 7
    5c2e:	10 c0       	rjmp	.+32     	; 0x5c50 <Set_DAC_Output_Volts+0xb0>
    5c30:	c0 90 08 14 	lds	r12, 0x1408	; 0x801408 <CAL_DAC_A0>
    5c34:	d0 90 09 14 	lds	r13, 0x1409	; 0x801409 <CAL_DAC_A0+0x1>
    5c38:	e0 90 0a 14 	lds	r14, 0x140A	; 0x80140a <CAL_DAC_A0+0x2>
    5c3c:	f0 90 0b 14 	lds	r15, 0x140B	; 0x80140b <CAL_DAC_A0+0x3>
    5c40:	07 c0       	rjmp	.+14     	; 0x5c50 <Set_DAC_Output_Volts+0xb0>
    5c42:	c1 2c       	mov	r12, r1
    5c44:	8a ef       	ldi	r24, 0xFA	; 250
    5c46:	d8 2e       	mov	r13, r24
    5c48:	8f e7       	ldi	r24, 0x7F	; 127
    5c4a:	e8 2e       	mov	r14, r24
    5c4c:	87 e4       	ldi	r24, 0x47	; 71
    5c4e:	f8 2e       	mov	r15, r24
    5c50:	80 92 97 14 	sts	0x1497, r8	; 0x801497 <PV_Volt_DAC_ACT>
    5c54:	90 92 98 14 	sts	0x1498, r9	; 0x801498 <PV_Volt_DAC_ACT+0x1>
    5c58:	a0 92 99 14 	sts	0x1499, r10	; 0x801499 <PV_Volt_DAC_ACT+0x2>
    5c5c:	b0 92 9a 14 	sts	0x149A, r11	; 0x80149a <PV_Volt_DAC_ACT+0x3>
    5c60:	c7 01       	movw	r24, r14
    5c62:	b6 01       	movw	r22, r12
    5c64:	0e 94 a6 47 	call	0x8f4c	; 0x8f4c <__fixunssfsi>
    5c68:	cb 01       	movw	r24, r22
    5c6a:	ff 90       	pop	r15
    5c6c:	ef 90       	pop	r14
    5c6e:	df 90       	pop	r13
    5c70:	cf 90       	pop	r12
    5c72:	bf 90       	pop	r11
    5c74:	af 90       	pop	r10
    5c76:	9f 90       	pop	r9
    5c78:	8f 90       	pop	r8
    5c7a:	7f 90       	pop	r7
    5c7c:	6f 90       	pop	r6
    5c7e:	5f 90       	pop	r5
    5c80:	4f 90       	pop	r4
    5c82:	77 cf       	rjmp	.-274    	; 0x5b72 <Set_DAC_Output_RAW>

00005c84 <TEMP_MAX31865_Setup>:
    5c84:	8c b5       	in	r24, 0x2c	; 44
    5c86:	81 60       	ori	r24, 0x01	; 1
    5c88:	8c bd       	out	0x2c, r24	; 44
    5c8a:	8c b5       	in	r24, 0x2c	; 44
    5c8c:	82 60       	ori	r24, 0x02	; 2
    5c8e:	8c bd       	out	0x2c, r24	; 44
    5c90:	8c b5       	in	r24, 0x2c	; 44
    5c92:	84 60       	ori	r24, 0x04	; 4
    5c94:	8c bd       	out	0x2c, r24	; 44
    5c96:	14 98       	cbi	0x02, 4	; 2
    5c98:	80 e8       	ldi	r24, 0x80	; 128
    5c9a:	8e bd       	out	0x2e, r24	; 46
    5c9c:	0d b4       	in	r0, 0x2d	; 45
    5c9e:	07 fe       	sbrs	r0, 7
    5ca0:	fd cf       	rjmp	.-6      	; 0x5c9c <TEMP_MAX31865_Setup+0x18>
    5ca2:	81 ee       	ldi	r24, 0xE1	; 225
    5ca4:	8e bd       	out	0x2e, r24	; 46
    5ca6:	0d b4       	in	r0, 0x2d	; 45
    5ca8:	07 fe       	sbrs	r0, 7
    5caa:	fd cf       	rjmp	.-6      	; 0x5ca6 <TEMP_MAX31865_Setup+0x22>
    5cac:	14 9a       	sbi	0x02, 4	; 2
    5cae:	8c b5       	in	r24, 0x2c	; 44
    5cb0:	8b 7f       	andi	r24, 0xFB	; 251
    5cb2:	8c bd       	out	0x2c, r24	; 44
    5cb4:	8c b5       	in	r24, 0x2c	; 44
    5cb6:	8e 7f       	andi	r24, 0xFE	; 254
    5cb8:	8c bd       	out	0x2c, r24	; 44
    5cba:	08 95       	ret

00005cbc <TEMP_MAX31865_Measure>:
    5cbc:	8c b5       	in	r24, 0x2c	; 44
    5cbe:	81 60       	ori	r24, 0x01	; 1
    5cc0:	8c bd       	out	0x2c, r24	; 44
    5cc2:	8c b5       	in	r24, 0x2c	; 44
    5cc4:	82 60       	ori	r24, 0x02	; 2
    5cc6:	8c bd       	out	0x2c, r24	; 44
    5cc8:	8c b5       	in	r24, 0x2c	; 44
    5cca:	84 60       	ori	r24, 0x04	; 4
    5ccc:	8c bd       	out	0x2c, r24	; 44
    5cce:	14 98       	cbi	0x02, 4	; 2
    5cd0:	81 e0       	ldi	r24, 0x01	; 1
    5cd2:	8e bd       	out	0x2e, r24	; 46
    5cd4:	0d b4       	in	r0, 0x2d	; 45
    5cd6:	07 fe       	sbrs	r0, 7
    5cd8:	fd cf       	rjmp	.-6      	; 0x5cd4 <TEMP_MAX31865_Measure+0x18>
    5cda:	8f ef       	ldi	r24, 0xFF	; 255
    5cdc:	8e bd       	out	0x2e, r24	; 46
    5cde:	0d b4       	in	r0, 0x2d	; 45
    5ce0:	07 fe       	sbrs	r0, 7
    5ce2:	fd cf       	rjmp	.-6      	; 0x5cde <TEMP_MAX31865_Measure+0x22>
    5ce4:	2e b5       	in	r18, 0x2e	; 46
    5ce6:	60 e0       	ldi	r22, 0x00	; 0
    5ce8:	70 e0       	ldi	r23, 0x00	; 0
    5cea:	cb 01       	movw	r24, r22
    5cec:	72 2f       	mov	r23, r18
    5cee:	2f ef       	ldi	r18, 0xFF	; 255
    5cf0:	2e bd       	out	0x2e, r18	; 46
    5cf2:	0d b4       	in	r0, 0x2d	; 45
    5cf4:	07 fe       	sbrs	r0, 7
    5cf6:	fd cf       	rjmp	.-6      	; 0x5cf2 <TEMP_MAX31865_Measure+0x36>
    5cf8:	2e b5       	in	r18, 0x2e	; 46
    5cfa:	62 2f       	mov	r22, r18
    5cfc:	96 95       	lsr	r25
    5cfe:	87 95       	ror	r24
    5d00:	77 95       	ror	r23
    5d02:	67 95       	ror	r22
    5d04:	14 9a       	sbi	0x02, 4	; 2
    5d06:	2c b5       	in	r18, 0x2c	; 44
    5d08:	2b 7f       	andi	r18, 0xFB	; 251
    5d0a:	2c bd       	out	0x2c, r18	; 44
    5d0c:	2c b5       	in	r18, 0x2c	; 44
    5d0e:	2e 7f       	andi	r18, 0xFE	; 254
    5d10:	2c bd       	out	0x2c, r18	; 44
    5d12:	08 95       	ret

00005d14 <TEMP_MAX31856_Setup>:
    5d14:	8c b5       	in	r24, 0x2c	; 44
    5d16:	81 60       	ori	r24, 0x01	; 1
    5d18:	8c bd       	out	0x2c, r24	; 44
    5d1a:	8c b5       	in	r24, 0x2c	; 44
    5d1c:	82 60       	ori	r24, 0x02	; 2
    5d1e:	8c bd       	out	0x2c, r24	; 44
    5d20:	8c b5       	in	r24, 0x2c	; 44
    5d22:	84 60       	ori	r24, 0x04	; 4
    5d24:	8c bd       	out	0x2c, r24	; 44
    5d26:	14 98       	cbi	0x02, 4	; 2
    5d28:	80 e8       	ldi	r24, 0x80	; 128
    5d2a:	8e bd       	out	0x2e, r24	; 46
    5d2c:	0d b4       	in	r0, 0x2d	; 45
    5d2e:	07 fe       	sbrs	r0, 7
    5d30:	fd cf       	rjmp	.-6      	; 0x5d2c <TEMP_MAX31856_Setup+0x18>
    5d32:	83 e0       	ldi	r24, 0x03	; 3
    5d34:	8e bd       	out	0x2e, r24	; 46
    5d36:	0d b4       	in	r0, 0x2d	; 45
    5d38:	07 fe       	sbrs	r0, 7
    5d3a:	fd cf       	rjmp	.-6      	; 0x5d36 <TEMP_MAX31856_Setup+0x22>
    5d3c:	14 9a       	sbi	0x02, 4	; 2
    5d3e:	14 98       	cbi	0x02, 4	; 2
    5d40:	81 e8       	ldi	r24, 0x81	; 129
    5d42:	8e bd       	out	0x2e, r24	; 46
    5d44:	0d b4       	in	r0, 0x2d	; 45
    5d46:	07 fe       	sbrs	r0, 7
    5d48:	fd cf       	rjmp	.-6      	; 0x5d44 <TEMP_MAX31856_Setup+0x30>
    5d4a:	87 e7       	ldi	r24, 0x77	; 119
    5d4c:	8e bd       	out	0x2e, r24	; 46
    5d4e:	0d b4       	in	r0, 0x2d	; 45
    5d50:	07 fe       	sbrs	r0, 7
    5d52:	fd cf       	rjmp	.-6      	; 0x5d4e <TEMP_MAX31856_Setup+0x3a>
    5d54:	14 9a       	sbi	0x02, 4	; 2
    5d56:	14 98       	cbi	0x02, 4	; 2
    5d58:	80 e8       	ldi	r24, 0x80	; 128
    5d5a:	8e bd       	out	0x2e, r24	; 46
    5d5c:	0d b4       	in	r0, 0x2d	; 45
    5d5e:	07 fe       	sbrs	r0, 7
    5d60:	fd cf       	rjmp	.-6      	; 0x5d5c <TEMP_MAX31856_Setup+0x48>
    5d62:	81 e8       	ldi	r24, 0x81	; 129
    5d64:	8e bd       	out	0x2e, r24	; 46
    5d66:	0d b4       	in	r0, 0x2d	; 45
    5d68:	07 fe       	sbrs	r0, 7
    5d6a:	fd cf       	rjmp	.-6      	; 0x5d66 <TEMP_MAX31856_Setup+0x52>
    5d6c:	14 9a       	sbi	0x02, 4	; 2
    5d6e:	8c b5       	in	r24, 0x2c	; 44
    5d70:	8b 7f       	andi	r24, 0xFB	; 251
    5d72:	8c bd       	out	0x2c, r24	; 44
    5d74:	8c b5       	in	r24, 0x2c	; 44
    5d76:	8d 7f       	andi	r24, 0xFD	; 253
    5d78:	8c bd       	out	0x2c, r24	; 44
    5d7a:	08 95       	ret

00005d7c <TEMP_MAX31856_Measure>:
    5d7c:	8c b5       	in	r24, 0x2c	; 44
    5d7e:	81 60       	ori	r24, 0x01	; 1
    5d80:	8c bd       	out	0x2c, r24	; 44
    5d82:	8c b5       	in	r24, 0x2c	; 44
    5d84:	8d 7f       	andi	r24, 0xFD	; 253
    5d86:	8c bd       	out	0x2c, r24	; 44
    5d88:	8c b5       	in	r24, 0x2c	; 44
    5d8a:	84 60       	ori	r24, 0x04	; 4
    5d8c:	8c bd       	out	0x2c, r24	; 44
    5d8e:	14 98       	cbi	0x02, 4	; 2
    5d90:	8c e0       	ldi	r24, 0x0C	; 12
    5d92:	8e bd       	out	0x2e, r24	; 46
    5d94:	0d b4       	in	r0, 0x2d	; 45
    5d96:	07 fe       	sbrs	r0, 7
    5d98:	fd cf       	rjmp	.-6      	; 0x5d94 <TEMP_MAX31856_Measure+0x18>
    5d9a:	8f ef       	ldi	r24, 0xFF	; 255
    5d9c:	8e bd       	out	0x2e, r24	; 46
    5d9e:	0d b4       	in	r0, 0x2d	; 45
    5da0:	07 fe       	sbrs	r0, 7
    5da2:	fd cf       	rjmp	.-6      	; 0x5d9e <TEMP_MAX31856_Measure+0x22>
    5da4:	3e b5       	in	r19, 0x2e	; 46
    5da6:	8f ef       	ldi	r24, 0xFF	; 255
    5da8:	8e bd       	out	0x2e, r24	; 46
    5daa:	0d b4       	in	r0, 0x2d	; 45
    5dac:	07 fe       	sbrs	r0, 7
    5dae:	fd cf       	rjmp	.-6      	; 0x5daa <TEMP_MAX31856_Measure+0x2e>
    5db0:	6e b5       	in	r22, 0x2e	; 46
    5db2:	8f ef       	ldi	r24, 0xFF	; 255
    5db4:	8e bd       	out	0x2e, r24	; 46
    5db6:	0d b4       	in	r0, 0x2d	; 45
    5db8:	07 fe       	sbrs	r0, 7
    5dba:	fd cf       	rjmp	.-6      	; 0x5db6 <TEMP_MAX31856_Measure+0x3a>
    5dbc:	2e b5       	in	r18, 0x2e	; 46
    5dbe:	14 9a       	sbi	0x02, 4	; 2
    5dc0:	8c b5       	in	r24, 0x2c	; 44
    5dc2:	8b 7f       	andi	r24, 0xFB	; 251
    5dc4:	8c bd       	out	0x2c, r24	; 44
    5dc6:	8c b5       	in	r24, 0x2c	; 44
    5dc8:	8d 7f       	andi	r24, 0xFD	; 253
    5dca:	8c bd       	out	0x2c, r24	; 44
    5dcc:	86 2f       	mov	r24, r22
    5dce:	90 e0       	ldi	r25, 0x00	; 0
    5dd0:	a0 e0       	ldi	r26, 0x00	; 0
    5dd2:	b0 e0       	ldi	r27, 0x00	; 0
    5dd4:	ba 2f       	mov	r27, r26
    5dd6:	a9 2f       	mov	r26, r25
    5dd8:	98 2f       	mov	r25, r24
    5dda:	88 27       	eor	r24, r24
    5ddc:	a3 2b       	or	r26, r19
    5dde:	82 2b       	or	r24, r18
    5de0:	bc 01       	movw	r22, r24
    5de2:	cd 01       	movw	r24, r26
    5de4:	55 e0       	ldi	r21, 0x05	; 5
    5de6:	95 95       	asr	r25
    5de8:	87 95       	ror	r24
    5dea:	77 95       	ror	r23
    5dec:	67 95       	ror	r22
    5dee:	5a 95       	dec	r21
    5df0:	d1 f7       	brne	.-12     	; 0x5de6 <TEMP_MAX31856_Measure+0x6a>
    5df2:	82 ff       	sbrs	r24, 2
    5df4:	02 c0       	rjmp	.+4      	; 0x5dfa <TEMP_MAX31856_Measure+0x7e>
    5df6:	88 6f       	ori	r24, 0xF8	; 248
    5df8:	9f 6f       	ori	r25, 0xFF	; 255
    5dfa:	0e 94 d4 47 	call	0x8fa8	; 0x8fa8 <__floatsisf>
    5dfe:	20 e0       	ldi	r18, 0x00	; 0
    5e00:	30 e0       	ldi	r19, 0x00	; 0
    5e02:	40 e0       	ldi	r20, 0x00	; 0
    5e04:	5c e3       	ldi	r21, 0x3C	; 60
    5e06:	0c 94 62 49 	jmp	0x92c4	; 0x92c4 <__mulsf3>

00005e0a <TEMP_MCP9600_Setup>:
    5e0a:	84 ea       	ldi	r24, 0xA4	; 164
    5e0c:	80 93 bc 00 	sts	0x00BC, r24	; 0x8000bc <__TEXT_REGION_LENGTH__+0x7e00bc>
    5e10:	80 91 bc 00 	lds	r24, 0x00BC	; 0x8000bc <__TEXT_REGION_LENGTH__+0x7e00bc>
    5e14:	87 ff       	sbrs	r24, 7
    5e16:	fc cf       	rjmp	.-8      	; 0x5e10 <TEMP_MCP9600_Setup+0x6>
    5e18:	80 91 b9 00 	lds	r24, 0x00B9	; 0x8000b9 <__TEXT_REGION_LENGTH__+0x7e00b9>
    5e1c:	88 7f       	andi	r24, 0xF8	; 248
    5e1e:	88 30       	cpi	r24, 0x08	; 8
    5e20:	09 f0       	breq	.+2      	; 0x5e24 <TEMP_MCP9600_Setup+0x1a>
    5e22:	8e c0       	rjmp	.+284    	; 0x5f40 <TEMP_MCP9600_Setup+0x136>
    5e24:	85 e3       	ldi	r24, 0x35	; 53
    5e26:	8a 95       	dec	r24
    5e28:	f1 f7       	brne	.-4      	; 0x5e26 <TEMP_MCP9600_Setup+0x1c>
    5e2a:	00 00       	nop
    5e2c:	80 ec       	ldi	r24, 0xC0	; 192
    5e2e:	80 93 bb 00 	sts	0x00BB, r24	; 0x8000bb <__TEXT_REGION_LENGTH__+0x7e00bb>
    5e32:	84 e8       	ldi	r24, 0x84	; 132
    5e34:	80 93 bc 00 	sts	0x00BC, r24	; 0x8000bc <__TEXT_REGION_LENGTH__+0x7e00bc>
    5e38:	80 91 bc 00 	lds	r24, 0x00BC	; 0x8000bc <__TEXT_REGION_LENGTH__+0x7e00bc>
    5e3c:	87 ff       	sbrs	r24, 7
    5e3e:	fc cf       	rjmp	.-8      	; 0x5e38 <TEMP_MCP9600_Setup+0x2e>
    5e40:	80 91 b9 00 	lds	r24, 0x00B9	; 0x8000b9 <__TEXT_REGION_LENGTH__+0x7e00b9>
    5e44:	88 7f       	andi	r24, 0xF8	; 248
    5e46:	88 31       	cpi	r24, 0x18	; 24
    5e48:	09 f0       	breq	.+2      	; 0x5e4c <TEMP_MCP9600_Setup+0x42>
    5e4a:	7a c0       	rjmp	.+244    	; 0x5f40 <TEMP_MCP9600_Setup+0x136>
    5e4c:	85 e3       	ldi	r24, 0x35	; 53
    5e4e:	8a 95       	dec	r24
    5e50:	f1 f7       	brne	.-4      	; 0x5e4e <TEMP_MCP9600_Setup+0x44>
    5e52:	00 00       	nop
    5e54:	85 e0       	ldi	r24, 0x05	; 5
    5e56:	80 93 bb 00 	sts	0x00BB, r24	; 0x8000bb <__TEXT_REGION_LENGTH__+0x7e00bb>
    5e5a:	84 e8       	ldi	r24, 0x84	; 132
    5e5c:	80 93 bc 00 	sts	0x00BC, r24	; 0x8000bc <__TEXT_REGION_LENGTH__+0x7e00bc>
    5e60:	80 91 bc 00 	lds	r24, 0x00BC	; 0x8000bc <__TEXT_REGION_LENGTH__+0x7e00bc>
    5e64:	87 ff       	sbrs	r24, 7
    5e66:	fc cf       	rjmp	.-8      	; 0x5e60 <TEMP_MCP9600_Setup+0x56>
    5e68:	80 91 b9 00 	lds	r24, 0x00B9	; 0x8000b9 <__TEXT_REGION_LENGTH__+0x7e00b9>
    5e6c:	88 7f       	andi	r24, 0xF8	; 248
    5e6e:	88 32       	cpi	r24, 0x28	; 40
    5e70:	09 f0       	breq	.+2      	; 0x5e74 <TEMP_MCP9600_Setup+0x6a>
    5e72:	66 c0       	rjmp	.+204    	; 0x5f40 <TEMP_MCP9600_Setup+0x136>
    5e74:	85 e3       	ldi	r24, 0x35	; 53
    5e76:	8a 95       	dec	r24
    5e78:	f1 f7       	brne	.-4      	; 0x5e76 <TEMP_MCP9600_Setup+0x6c>
    5e7a:	00 00       	nop
    5e7c:	10 92 bb 00 	sts	0x00BB, r1	; 0x8000bb <__TEXT_REGION_LENGTH__+0x7e00bb>
    5e80:	84 e8       	ldi	r24, 0x84	; 132
    5e82:	80 93 bc 00 	sts	0x00BC, r24	; 0x8000bc <__TEXT_REGION_LENGTH__+0x7e00bc>
    5e86:	80 91 bc 00 	lds	r24, 0x00BC	; 0x8000bc <__TEXT_REGION_LENGTH__+0x7e00bc>
    5e8a:	87 ff       	sbrs	r24, 7
    5e8c:	fc cf       	rjmp	.-8      	; 0x5e86 <TEMP_MCP9600_Setup+0x7c>
    5e8e:	80 91 b9 00 	lds	r24, 0x00B9	; 0x8000b9 <__TEXT_REGION_LENGTH__+0x7e00b9>
    5e92:	88 7f       	andi	r24, 0xF8	; 248
    5e94:	88 32       	cpi	r24, 0x28	; 40
    5e96:	09 f0       	breq	.+2      	; 0x5e9a <TEMP_MCP9600_Setup+0x90>
    5e98:	53 c0       	rjmp	.+166    	; 0x5f40 <TEMP_MCP9600_Setup+0x136>
    5e9a:	85 e3       	ldi	r24, 0x35	; 53
    5e9c:	8a 95       	dec	r24
    5e9e:	f1 f7       	brne	.-4      	; 0x5e9c <TEMP_MCP9600_Setup+0x92>
    5ea0:	00 00       	nop
    5ea2:	84 e9       	ldi	r24, 0x94	; 148
    5ea4:	80 93 bc 00 	sts	0x00BC, r24	; 0x8000bc <__TEXT_REGION_LENGTH__+0x7e00bc>
    5ea8:	85 e3       	ldi	r24, 0x35	; 53
    5eaa:	8a 95       	dec	r24
    5eac:	f1 f7       	brne	.-4      	; 0x5eaa <TEMP_MCP9600_Setup+0xa0>
    5eae:	00 00       	nop
    5eb0:	84 ea       	ldi	r24, 0xA4	; 164
    5eb2:	80 93 bc 00 	sts	0x00BC, r24	; 0x8000bc <__TEXT_REGION_LENGTH__+0x7e00bc>
    5eb6:	80 91 bc 00 	lds	r24, 0x00BC	; 0x8000bc <__TEXT_REGION_LENGTH__+0x7e00bc>
    5eba:	87 ff       	sbrs	r24, 7
    5ebc:	fc cf       	rjmp	.-8      	; 0x5eb6 <TEMP_MCP9600_Setup+0xac>
    5ebe:	80 91 b9 00 	lds	r24, 0x00B9	; 0x8000b9 <__TEXT_REGION_LENGTH__+0x7e00b9>
    5ec2:	88 7f       	andi	r24, 0xF8	; 248
    5ec4:	88 30       	cpi	r24, 0x08	; 8
    5ec6:	e1 f5       	brne	.+120    	; 0x5f40 <TEMP_MCP9600_Setup+0x136>
    5ec8:	85 e3       	ldi	r24, 0x35	; 53
    5eca:	8a 95       	dec	r24
    5ecc:	f1 f7       	brne	.-4      	; 0x5eca <TEMP_MCP9600_Setup+0xc0>
    5ece:	00 00       	nop
    5ed0:	80 ec       	ldi	r24, 0xC0	; 192
    5ed2:	80 93 bb 00 	sts	0x00BB, r24	; 0x8000bb <__TEXT_REGION_LENGTH__+0x7e00bb>
    5ed6:	84 e8       	ldi	r24, 0x84	; 132
    5ed8:	80 93 bc 00 	sts	0x00BC, r24	; 0x8000bc <__TEXT_REGION_LENGTH__+0x7e00bc>
    5edc:	80 91 bc 00 	lds	r24, 0x00BC	; 0x8000bc <__TEXT_REGION_LENGTH__+0x7e00bc>
    5ee0:	87 ff       	sbrs	r24, 7
    5ee2:	fc cf       	rjmp	.-8      	; 0x5edc <TEMP_MCP9600_Setup+0xd2>
    5ee4:	80 91 b9 00 	lds	r24, 0x00B9	; 0x8000b9 <__TEXT_REGION_LENGTH__+0x7e00b9>
    5ee8:	88 7f       	andi	r24, 0xF8	; 248
    5eea:	88 31       	cpi	r24, 0x18	; 24
    5eec:	49 f5       	brne	.+82     	; 0x5f40 <TEMP_MCP9600_Setup+0x136>
    5eee:	85 e3       	ldi	r24, 0x35	; 53
    5ef0:	8a 95       	dec	r24
    5ef2:	f1 f7       	brne	.-4      	; 0x5ef0 <TEMP_MCP9600_Setup+0xe6>
    5ef4:	00 00       	nop
    5ef6:	86 e0       	ldi	r24, 0x06	; 6
    5ef8:	80 93 bb 00 	sts	0x00BB, r24	; 0x8000bb <__TEXT_REGION_LENGTH__+0x7e00bb>
    5efc:	84 e8       	ldi	r24, 0x84	; 132
    5efe:	80 93 bc 00 	sts	0x00BC, r24	; 0x8000bc <__TEXT_REGION_LENGTH__+0x7e00bc>
    5f02:	80 91 bc 00 	lds	r24, 0x00BC	; 0x8000bc <__TEXT_REGION_LENGTH__+0x7e00bc>
    5f06:	87 ff       	sbrs	r24, 7
    5f08:	fc cf       	rjmp	.-8      	; 0x5f02 <TEMP_MCP9600_Setup+0xf8>
    5f0a:	80 91 b9 00 	lds	r24, 0x00B9	; 0x8000b9 <__TEXT_REGION_LENGTH__+0x7e00b9>
    5f0e:	88 7f       	andi	r24, 0xF8	; 248
    5f10:	88 32       	cpi	r24, 0x28	; 40
    5f12:	b1 f4       	brne	.+44     	; 0x5f40 <TEMP_MCP9600_Setup+0x136>
    5f14:	85 e3       	ldi	r24, 0x35	; 53
    5f16:	8a 95       	dec	r24
    5f18:	f1 f7       	brne	.-4      	; 0x5f16 <TEMP_MCP9600_Setup+0x10c>
    5f1a:	00 00       	nop
    5f1c:	10 92 bb 00 	sts	0x00BB, r1	; 0x8000bb <__TEXT_REGION_LENGTH__+0x7e00bb>
    5f20:	84 e8       	ldi	r24, 0x84	; 132
    5f22:	80 93 bc 00 	sts	0x00BC, r24	; 0x8000bc <__TEXT_REGION_LENGTH__+0x7e00bc>
    5f26:	80 91 bc 00 	lds	r24, 0x00BC	; 0x8000bc <__TEXT_REGION_LENGTH__+0x7e00bc>
    5f2a:	87 ff       	sbrs	r24, 7
    5f2c:	fc cf       	rjmp	.-8      	; 0x5f26 <TEMP_MCP9600_Setup+0x11c>
    5f2e:	80 91 b9 00 	lds	r24, 0x00B9	; 0x8000b9 <__TEXT_REGION_LENGTH__+0x7e00b9>
    5f32:	88 7f       	andi	r24, 0xF8	; 248
    5f34:	88 32       	cpi	r24, 0x28	; 40
    5f36:	21 f4       	brne	.+8      	; 0x5f40 <TEMP_MCP9600_Setup+0x136>
    5f38:	85 e3       	ldi	r24, 0x35	; 53
    5f3a:	8a 95       	dec	r24
    5f3c:	f1 f7       	brne	.-4      	; 0x5f3a <TEMP_MCP9600_Setup+0x130>
    5f3e:	00 00       	nop
    5f40:	84 e9       	ldi	r24, 0x94	; 148
    5f42:	80 93 bc 00 	sts	0x00BC, r24	; 0x8000bc <__TEXT_REGION_LENGTH__+0x7e00bc>
    5f46:	85 e3       	ldi	r24, 0x35	; 53
    5f48:	8a 95       	dec	r24
    5f4a:	f1 f7       	brne	.-4      	; 0x5f48 <TEMP_MCP9600_Setup+0x13e>
    5f4c:	00 00       	nop
    5f4e:	08 95       	ret

00005f50 <TEMP_MCP9600_Measure>:
    5f50:	48 ee       	ldi	r20, 0xE8	; 232
    5f52:	5d ef       	ldi	r21, 0xFD	; 253
    5f54:	24 ea       	ldi	r18, 0xA4	; 164
    5f56:	20 93 bc 00 	sts	0x00BC, r18	; 0x8000bc <__TEXT_REGION_LENGTH__+0x7e00bc>
    5f5a:	20 91 bc 00 	lds	r18, 0x00BC	; 0x8000bc <__TEXT_REGION_LENGTH__+0x7e00bc>
    5f5e:	27 ff       	sbrs	r18, 7
    5f60:	fc cf       	rjmp	.-8      	; 0x5f5a <TEMP_MCP9600_Measure+0xa>
    5f62:	20 91 b9 00 	lds	r18, 0x00B9	; 0x8000b9 <__TEXT_REGION_LENGTH__+0x7e00b9>
    5f66:	28 7f       	andi	r18, 0xF8	; 248
    5f68:	28 30       	cpi	r18, 0x08	; 8
    5f6a:	09 f0       	breq	.+2      	; 0x5f6e <TEMP_MCP9600_Measure+0x1e>
    5f6c:	6f c0       	rjmp	.+222    	; 0x604c <TEMP_MCP9600_Measure+0xfc>
    5f6e:	85 e3       	ldi	r24, 0x35	; 53
    5f70:	8a 95       	dec	r24
    5f72:	f1 f7       	brne	.-4      	; 0x5f70 <TEMP_MCP9600_Measure+0x20>
    5f74:	00 00       	nop
    5f76:	20 ec       	ldi	r18, 0xC0	; 192
    5f78:	20 93 bb 00 	sts	0x00BB, r18	; 0x8000bb <__TEXT_REGION_LENGTH__+0x7e00bb>
    5f7c:	24 e8       	ldi	r18, 0x84	; 132
    5f7e:	20 93 bc 00 	sts	0x00BC, r18	; 0x8000bc <__TEXT_REGION_LENGTH__+0x7e00bc>
    5f82:	20 91 bc 00 	lds	r18, 0x00BC	; 0x8000bc <__TEXT_REGION_LENGTH__+0x7e00bc>
    5f86:	27 ff       	sbrs	r18, 7
    5f88:	fc cf       	rjmp	.-8      	; 0x5f82 <TEMP_MCP9600_Measure+0x32>
    5f8a:	20 91 b9 00 	lds	r18, 0x00B9	; 0x8000b9 <__TEXT_REGION_LENGTH__+0x7e00b9>
    5f8e:	28 7f       	andi	r18, 0xF8	; 248
    5f90:	28 31       	cpi	r18, 0x18	; 24
    5f92:	09 f0       	breq	.+2      	; 0x5f96 <TEMP_MCP9600_Measure+0x46>
    5f94:	5b c0       	rjmp	.+182    	; 0x604c <TEMP_MCP9600_Measure+0xfc>
    5f96:	85 e3       	ldi	r24, 0x35	; 53
    5f98:	8a 95       	dec	r24
    5f9a:	f1 f7       	brne	.-4      	; 0x5f98 <TEMP_MCP9600_Measure+0x48>
    5f9c:	00 00       	nop
    5f9e:	10 92 bb 00 	sts	0x00BB, r1	; 0x8000bb <__TEXT_REGION_LENGTH__+0x7e00bb>
    5fa2:	24 e8       	ldi	r18, 0x84	; 132
    5fa4:	20 93 bc 00 	sts	0x00BC, r18	; 0x8000bc <__TEXT_REGION_LENGTH__+0x7e00bc>
    5fa8:	20 91 bc 00 	lds	r18, 0x00BC	; 0x8000bc <__TEXT_REGION_LENGTH__+0x7e00bc>
    5fac:	27 ff       	sbrs	r18, 7
    5fae:	fc cf       	rjmp	.-8      	; 0x5fa8 <TEMP_MCP9600_Measure+0x58>
    5fb0:	20 91 b9 00 	lds	r18, 0x00B9	; 0x8000b9 <__TEXT_REGION_LENGTH__+0x7e00b9>
    5fb4:	28 7f       	andi	r18, 0xF8	; 248
    5fb6:	28 32       	cpi	r18, 0x28	; 40
    5fb8:	09 f0       	breq	.+2      	; 0x5fbc <TEMP_MCP9600_Measure+0x6c>
    5fba:	48 c0       	rjmp	.+144    	; 0x604c <TEMP_MCP9600_Measure+0xfc>
    5fbc:	85 e3       	ldi	r24, 0x35	; 53
    5fbe:	8a 95       	dec	r24
    5fc0:	f1 f7       	brne	.-4      	; 0x5fbe <TEMP_MCP9600_Measure+0x6e>
    5fc2:	00 00       	nop
    5fc4:	24 e9       	ldi	r18, 0x94	; 148
    5fc6:	20 93 bc 00 	sts	0x00BC, r18	; 0x8000bc <__TEXT_REGION_LENGTH__+0x7e00bc>
    5fca:	8a e6       	ldi	r24, 0x6A	; 106
    5fcc:	8a 95       	dec	r24
    5fce:	f1 f7       	brne	.-4      	; 0x5fcc <TEMP_MCP9600_Measure+0x7c>
    5fd0:	00 c0       	rjmp	.+0      	; 0x5fd2 <TEMP_MCP9600_Measure+0x82>
    5fd2:	24 ea       	ldi	r18, 0xA4	; 164
    5fd4:	20 93 bc 00 	sts	0x00BC, r18	; 0x8000bc <__TEXT_REGION_LENGTH__+0x7e00bc>
    5fd8:	20 91 bc 00 	lds	r18, 0x00BC	; 0x8000bc <__TEXT_REGION_LENGTH__+0x7e00bc>
    5fdc:	27 ff       	sbrs	r18, 7
    5fde:	fc cf       	rjmp	.-8      	; 0x5fd8 <TEMP_MCP9600_Measure+0x88>
    5fe0:	20 91 b9 00 	lds	r18, 0x00B9	; 0x8000b9 <__TEXT_REGION_LENGTH__+0x7e00b9>
    5fe4:	28 7f       	andi	r18, 0xF8	; 248
    5fe6:	28 30       	cpi	r18, 0x08	; 8
    5fe8:	89 f5       	brne	.+98     	; 0x604c <TEMP_MCP9600_Measure+0xfc>
    5fea:	85 e3       	ldi	r24, 0x35	; 53
    5fec:	8a 95       	dec	r24
    5fee:	f1 f7       	brne	.-4      	; 0x5fec <TEMP_MCP9600_Measure+0x9c>
    5ff0:	00 00       	nop
    5ff2:	21 ec       	ldi	r18, 0xC1	; 193
    5ff4:	20 93 bb 00 	sts	0x00BB, r18	; 0x8000bb <__TEXT_REGION_LENGTH__+0x7e00bb>
    5ff8:	24 e8       	ldi	r18, 0x84	; 132
    5ffa:	20 93 bc 00 	sts	0x00BC, r18	; 0x8000bc <__TEXT_REGION_LENGTH__+0x7e00bc>
    5ffe:	20 91 bc 00 	lds	r18, 0x00BC	; 0x8000bc <__TEXT_REGION_LENGTH__+0x7e00bc>
    6002:	27 ff       	sbrs	r18, 7
    6004:	fc cf       	rjmp	.-8      	; 0x5ffe <TEMP_MCP9600_Measure+0xae>
    6006:	20 91 b9 00 	lds	r18, 0x00B9	; 0x8000b9 <__TEXT_REGION_LENGTH__+0x7e00b9>
    600a:	28 7f       	andi	r18, 0xF8	; 248
    600c:	20 34       	cpi	r18, 0x40	; 64
    600e:	f1 f4       	brne	.+60     	; 0x604c <TEMP_MCP9600_Measure+0xfc>
    6010:	24 ec       	ldi	r18, 0xC4	; 196
    6012:	20 93 bc 00 	sts	0x00BC, r18	; 0x8000bc <__TEXT_REGION_LENGTH__+0x7e00bc>
    6016:	20 91 bc 00 	lds	r18, 0x00BC	; 0x8000bc <__TEXT_REGION_LENGTH__+0x7e00bc>
    601a:	27 ff       	sbrs	r18, 7
    601c:	fc cf       	rjmp	.-8      	; 0x6016 <TEMP_MCP9600_Measure+0xc6>
    601e:	20 91 b9 00 	lds	r18, 0x00B9	; 0x8000b9 <__TEXT_REGION_LENGTH__+0x7e00b9>
    6022:	28 7f       	andi	r18, 0xF8	; 248
    6024:	20 35       	cpi	r18, 0x50	; 80
    6026:	91 f4       	brne	.+36     	; 0x604c <TEMP_MCP9600_Measure+0xfc>
    6028:	20 91 bb 00 	lds	r18, 0x00BB	; 0x8000bb <__TEXT_REGION_LENGTH__+0x7e00bb>
    602c:	52 2f       	mov	r21, r18
    602e:	24 e8       	ldi	r18, 0x84	; 132
    6030:	20 93 bc 00 	sts	0x00BC, r18	; 0x8000bc <__TEXT_REGION_LENGTH__+0x7e00bc>
    6034:	20 91 bc 00 	lds	r18, 0x00BC	; 0x8000bc <__TEXT_REGION_LENGTH__+0x7e00bc>
    6038:	27 ff       	sbrs	r18, 7
    603a:	fc cf       	rjmp	.-8      	; 0x6034 <TEMP_MCP9600_Measure+0xe4>
    603c:	20 91 b9 00 	lds	r18, 0x00B9	; 0x8000b9 <__TEXT_REGION_LENGTH__+0x7e00b9>
    6040:	28 7f       	andi	r18, 0xF8	; 248
    6042:	28 35       	cpi	r18, 0x58	; 88
    6044:	19 f4       	brne	.+6      	; 0x604c <TEMP_MCP9600_Measure+0xfc>
    6046:	20 91 bb 00 	lds	r18, 0x00BB	; 0x8000bb <__TEXT_REGION_LENGTH__+0x7e00bb>
    604a:	42 2f       	mov	r20, r18
    604c:	24 e9       	ldi	r18, 0x94	; 148
    604e:	20 93 bc 00 	sts	0x00BC, r18	; 0x8000bc <__TEXT_REGION_LENGTH__+0x7e00bc>
    6052:	ba 01       	movw	r22, r20
    6054:	80 e0       	ldi	r24, 0x00	; 0
    6056:	90 e0       	ldi	r25, 0x00	; 0
    6058:	57 ff       	sbrs	r21, 7
    605a:	0e c0       	rjmp	.+28     	; 0x6078 <TEMP_MCP9600_Measure+0x128>
    605c:	0e 94 d2 47 	call	0x8fa4	; 0x8fa4 <__floatunsisf>
    6060:	20 e0       	ldi	r18, 0x00	; 0
    6062:	30 e0       	ldi	r19, 0x00	; 0
    6064:	40 e8       	ldi	r20, 0x80	; 128
    6066:	5d e3       	ldi	r21, 0x3D	; 61
    6068:	0e 94 62 49 	call	0x92c4	; 0x92c4 <__mulsf3>
    606c:	20 e0       	ldi	r18, 0x00	; 0
    606e:	30 e0       	ldi	r19, 0x00	; 0
    6070:	40 e8       	ldi	r20, 0x80	; 128
    6072:	55 e4       	ldi	r21, 0x45	; 69
    6074:	0c 94 9f 46 	jmp	0x8d3e	; 0x8d3e <__subsf3>
    6078:	0e 94 d2 47 	call	0x8fa4	; 0x8fa4 <__floatunsisf>
    607c:	20 e0       	ldi	r18, 0x00	; 0
    607e:	30 e0       	ldi	r19, 0x00	; 0
    6080:	40 e8       	ldi	r20, 0x80	; 128
    6082:	5d e3       	ldi	r21, 0x3D	; 61
    6084:	0c 94 62 49 	jmp	0x92c4	; 0x92c4 <__mulsf3>

00006088 <DIOExp_Write_Outputs>:
    6088:	94 ea       	ldi	r25, 0xA4	; 164
    608a:	90 93 bc 00 	sts	0x00BC, r25	; 0x8000bc <__TEXT_REGION_LENGTH__+0x7e00bc>
    608e:	90 91 bc 00 	lds	r25, 0x00BC	; 0x8000bc <__TEXT_REGION_LENGTH__+0x7e00bc>
    6092:	97 ff       	sbrs	r25, 7
    6094:	fc cf       	rjmp	.-8      	; 0x608e <DIOExp_Write_Outputs+0x6>
    6096:	90 91 b9 00 	lds	r25, 0x00B9	; 0x8000b9 <__TEXT_REGION_LENGTH__+0x7e00b9>
    609a:	98 7f       	andi	r25, 0xF8	; 248
    609c:	98 30       	cpi	r25, 0x08	; 8
    609e:	b1 f5       	brne	.+108    	; 0x610c <DIOExp_Write_Outputs+0x84>
    60a0:	90 e4       	ldi	r25, 0x40	; 64
    60a2:	90 93 bb 00 	sts	0x00BB, r25	; 0x8000bb <__TEXT_REGION_LENGTH__+0x7e00bb>
    60a6:	94 e8       	ldi	r25, 0x84	; 132
    60a8:	90 93 bc 00 	sts	0x00BC, r25	; 0x8000bc <__TEXT_REGION_LENGTH__+0x7e00bc>
    60ac:	90 91 bc 00 	lds	r25, 0x00BC	; 0x8000bc <__TEXT_REGION_LENGTH__+0x7e00bc>
    60b0:	97 ff       	sbrs	r25, 7
    60b2:	fc cf       	rjmp	.-8      	; 0x60ac <DIOExp_Write_Outputs+0x24>
    60b4:	90 91 b9 00 	lds	r25, 0x00B9	; 0x8000b9 <__TEXT_REGION_LENGTH__+0x7e00b9>
    60b8:	98 7f       	andi	r25, 0xF8	; 248
    60ba:	98 31       	cpi	r25, 0x18	; 24
    60bc:	39 f5       	brne	.+78     	; 0x610c <DIOExp_Write_Outputs+0x84>
    60be:	80 93 bb 00 	sts	0x00BB, r24	; 0x8000bb <__TEXT_REGION_LENGTH__+0x7e00bb>
    60c2:	84 e8       	ldi	r24, 0x84	; 132
    60c4:	80 93 bc 00 	sts	0x00BC, r24	; 0x8000bc <__TEXT_REGION_LENGTH__+0x7e00bc>
    60c8:	80 91 bc 00 	lds	r24, 0x00BC	; 0x8000bc <__TEXT_REGION_LENGTH__+0x7e00bc>
    60cc:	87 ff       	sbrs	r24, 7
    60ce:	fc cf       	rjmp	.-8      	; 0x60c8 <DIOExp_Write_Outputs+0x40>
    60d0:	80 91 b9 00 	lds	r24, 0x00B9	; 0x8000b9 <__TEXT_REGION_LENGTH__+0x7e00b9>
    60d4:	88 7f       	andi	r24, 0xF8	; 248
    60d6:	88 32       	cpi	r24, 0x28	; 40
    60d8:	c9 f4       	brne	.+50     	; 0x610c <DIOExp_Write_Outputs+0x84>
    60da:	60 93 bb 00 	sts	0x00BB, r22	; 0x8000bb <__TEXT_REGION_LENGTH__+0x7e00bb>
    60de:	84 e8       	ldi	r24, 0x84	; 132
    60e0:	80 93 bc 00 	sts	0x00BC, r24	; 0x8000bc <__TEXT_REGION_LENGTH__+0x7e00bc>
    60e4:	80 91 bc 00 	lds	r24, 0x00BC	; 0x8000bc <__TEXT_REGION_LENGTH__+0x7e00bc>
    60e8:	87 ff       	sbrs	r24, 7
    60ea:	fc cf       	rjmp	.-8      	; 0x60e4 <DIOExp_Write_Outputs+0x5c>
    60ec:	80 91 b9 00 	lds	r24, 0x00B9	; 0x8000b9 <__TEXT_REGION_LENGTH__+0x7e00b9>
    60f0:	88 7f       	andi	r24, 0xF8	; 248
    60f2:	88 32       	cpi	r24, 0x28	; 40
    60f4:	59 f4       	brne	.+22     	; 0x610c <DIOExp_Write_Outputs+0x84>
    60f6:	40 93 bb 00 	sts	0x00BB, r20	; 0x8000bb <__TEXT_REGION_LENGTH__+0x7e00bb>
    60fa:	84 e8       	ldi	r24, 0x84	; 132
    60fc:	80 93 bc 00 	sts	0x00BC, r24	; 0x8000bc <__TEXT_REGION_LENGTH__+0x7e00bc>
    6100:	80 91 bc 00 	lds	r24, 0x00BC	; 0x8000bc <__TEXT_REGION_LENGTH__+0x7e00bc>
    6104:	87 ff       	sbrs	r24, 7
    6106:	fc cf       	rjmp	.-8      	; 0x6100 <DIOExp_Write_Outputs+0x78>
    6108:	80 91 b9 00 	lds	r24, 0x00B9	; 0x8000b9 <__TEXT_REGION_LENGTH__+0x7e00b9>
    610c:	84 e9       	ldi	r24, 0x94	; 148
    610e:	80 93 bc 00 	sts	0x00BC, r24	; 0x8000bc <__TEXT_REGION_LENGTH__+0x7e00bc>
    6112:	8a e6       	ldi	r24, 0x6A	; 106
    6114:	8a 95       	dec	r24
    6116:	f1 f7       	brne	.-4      	; 0x6114 <DIOExp_Write_Outputs+0x8c>
    6118:	00 c0       	rjmp	.+0      	; 0x611a <DIOExp_Write_Outputs+0x92>
    611a:	08 95       	ret

0000611c <DIOExp_config_init>:
    611c:	80 e4       	ldi	r24, 0x40	; 64
    611e:	80 93 b8 00 	sts	0x00B8, r24	; 0x8000b8 <__TEXT_REGION_LENGTH__+0x7e00b8>
    6122:	e9 eb       	ldi	r30, 0xB9	; 185
    6124:	f0 e0       	ldi	r31, 0x00	; 0
    6126:	80 81       	ld	r24, Z
    6128:	8d 7f       	andi	r24, 0xFD	; 253
    612a:	80 83       	st	Z, r24
    612c:	80 81       	ld	r24, Z
    612e:	8e 7f       	andi	r24, 0xFE	; 254
    6130:	80 83       	st	Z, r24
    6132:	40 91 fa 13 	lds	r20, 0x13FA	; 0x8013fa <DIOE_PORT_B_STATE>
    6136:	60 91 47 12 	lds	r22, 0x1247	; 0x801247 <DIOE_PORT_A_STATE>
    613a:	82 e0       	ldi	r24, 0x02	; 2
    613c:	a5 df       	rcall	.-182    	; 0x6088 <DIOExp_Write_Outputs>
    613e:	40 e0       	ldi	r20, 0x00	; 0
    6140:	60 e0       	ldi	r22, 0x00	; 0
    6142:	86 e0       	ldi	r24, 0x06	; 6
    6144:	a1 cf       	rjmp	.-190    	; 0x6088 <DIOExp_Write_Outputs>

00006146 <Set_DDR_and_Default_State>:
    6146:	2c 9a       	sbi	0x05, 4	; 5
    6148:	24 9a       	sbi	0x04, 4	; 4
    614a:	2b 9a       	sbi	0x05, 3	; 5
    614c:	23 9a       	sbi	0x04, 3	; 4
    614e:	2a 98       	cbi	0x05, 2	; 5
    6150:	22 9a       	sbi	0x04, 2	; 4
    6152:	80 91 2d 14 	lds	r24, 0x142D	; 0x80142d <SysConfig>
    6156:	80 ff       	sbrs	r24, 0
    6158:	14 c0       	rjmp	.+40     	; 0x6182 <Set_DDR_and_Default_State+0x3c>
    615a:	80 91 21 14 	lds	r24, 0x1421	; 0x801421 <Temp_Sensor_Type>
    615e:	81 30       	cpi	r24, 0x01	; 1
    6160:	21 f0       	breq	.+8      	; 0x616a <Set_DDR_and_Default_State+0x24>
    6162:	80 91 21 14 	lds	r24, 0x1421	; 0x801421 <Temp_Sensor_Type>
    6166:	83 30       	cpi	r24, 0x03	; 3
    6168:	21 f4       	brne	.+8      	; 0x6172 <Set_DDR_and_Default_State+0x2c>
    616a:	14 9a       	sbi	0x02, 4	; 2
    616c:	0c 9a       	sbi	0x01, 4	; 1
    616e:	55 98       	cbi	0x0a, 5	; 10
    6170:	08 c0       	rjmp	.+16     	; 0x6182 <Set_DDR_and_Default_State+0x3c>
    6172:	80 91 21 14 	lds	r24, 0x1421	; 0x801421 <Temp_Sensor_Type>
    6176:	82 30       	cpi	r24, 0x02	; 2
    6178:	21 f4       	brne	.+8      	; 0x6182 <Set_DDR_and_Default_State+0x3c>
    617a:	0c 98       	cbi	0x01, 4	; 1
    617c:	0d 98       	cbi	0x01, 5	; 1
    617e:	55 98       	cbi	0x0a, 5	; 10
    6180:	56 98       	cbi	0x0a, 6	; 10
    6182:	80 91 2d 14 	lds	r24, 0x142D	; 0x80142d <SysConfig>
    6186:	82 ff       	sbrs	r24, 2
    6188:	02 c0       	rjmp	.+4      	; 0x618e <Set_DDR_and_Default_State+0x48>
    618a:	0d 98       	cbi	0x01, 5	; 1
    618c:	15 98       	cbi	0x02, 5	; 2
    618e:	0e 9a       	sbi	0x01, 6	; 1
    6190:	0f 9a       	sbi	0x01, 7	; 1
    6192:	3e 98       	cbi	0x07, 6	; 7
    6194:	3d 98       	cbi	0x07, 5	; 7
    6196:	3b 98       	cbi	0x07, 3	; 7
    6198:	3c 98       	cbi	0x07, 4	; 7
    619a:	3a 98       	cbi	0x07, 2	; 7
    619c:	13 98       	cbi	0x02, 3	; 2
    619e:	0b 9a       	sbi	0x01, 3	; 1
    61a0:	12 98       	cbi	0x02, 2	; 2
    61a2:	0a 9a       	sbi	0x01, 2	; 1
    61a4:	11 98       	cbi	0x02, 1	; 2
    61a6:	09 9a       	sbi	0x01, 1	; 1
    61a8:	5a 98       	cbi	0x0b, 2	; 11
    61aa:	52 9a       	sbi	0x0a, 2	; 10
    61ac:	08 98       	cbi	0x01, 0	; 1
    61ae:	20 9a       	sbi	0x04, 0	; 4
    61b0:	28 98       	cbi	0x05, 0	; 5
    61b2:	29 98       	cbi	0x05, 1	; 5
    61b4:	09 9a       	sbi	0x01, 1	; 1
    61b6:	3f 9a       	sbi	0x07, 7	; 7
    61b8:	47 98       	cbi	0x08, 7	; 8
    61ba:	57 9a       	sbi	0x0a, 7	; 10
    61bc:	5f 98       	cbi	0x0b, 7	; 11
    61be:	08 95       	ret

000061c0 <RS485_get_com_address_external_pins>:
    61c0:	80 e4       	ldi	r24, 0x40	; 64
    61c2:	80 93 9f 0e 	sts	0x0E9F, r24	; 0x800e9f <Com_ID>
    61c6:	36 99       	sbic	0x06, 6	; 6
    61c8:	05 c0       	rjmp	.+10     	; 0x61d4 <RS485_get_com_address_external_pins+0x14>
    61ca:	80 91 9f 0e 	lds	r24, 0x0E9F	; 0x800e9f <Com_ID>
    61ce:	8f 5f       	subi	r24, 0xFF	; 255
    61d0:	80 93 9f 0e 	sts	0x0E9F, r24	; 0x800e9f <Com_ID>
    61d4:	35 99       	sbic	0x06, 5	; 6
    61d6:	05 c0       	rjmp	.+10     	; 0x61e2 <RS485_get_com_address_external_pins+0x22>
    61d8:	80 91 9f 0e 	lds	r24, 0x0E9F	; 0x800e9f <Com_ID>
    61dc:	8e 5f       	subi	r24, 0xFE	; 254
    61de:	80 93 9f 0e 	sts	0x0E9F, r24	; 0x800e9f <Com_ID>
    61e2:	33 99       	sbic	0x06, 3	; 6
    61e4:	05 c0       	rjmp	.+10     	; 0x61f0 <RS485_get_com_address_external_pins+0x30>
    61e6:	80 91 9f 0e 	lds	r24, 0x0E9F	; 0x800e9f <Com_ID>
    61ea:	8c 5f       	subi	r24, 0xFC	; 252
    61ec:	80 93 9f 0e 	sts	0x0E9F, r24	; 0x800e9f <Com_ID>
    61f0:	34 99       	sbic	0x06, 4	; 6
    61f2:	05 c0       	rjmp	.+10     	; 0x61fe <RS485_get_com_address_external_pins+0x3e>
    61f4:	80 91 9f 0e 	lds	r24, 0x0E9F	; 0x800e9f <Com_ID>
    61f8:	88 5f       	subi	r24, 0xF8	; 248
    61fa:	80 93 9f 0e 	sts	0x0E9F, r24	; 0x800e9f <Com_ID>
    61fe:	32 99       	sbic	0x06, 2	; 6
    6200:	05 c0       	rjmp	.+10     	; 0x620c <RS485_get_com_address_external_pins+0x4c>
    6202:	80 91 9f 0e 	lds	r24, 0x0E9F	; 0x800e9f <Com_ID>
    6206:	80 5f       	subi	r24, 0xF0	; 240
    6208:	80 93 9f 0e 	sts	0x0E9F, r24	; 0x800e9f <Com_ID>
    620c:	08 95       	ret

0000620e <main>:
    620e:	cf 93       	push	r28
    6210:	df 93       	push	r29
    6212:	00 d0       	rcall	.+0      	; 0x6214 <main+0x6>
    6214:	00 d0       	rcall	.+0      	; 0x6216 <main+0x8>
    6216:	00 d0       	rcall	.+0      	; 0x6218 <main+0xa>
    6218:	cd b7       	in	r28, 0x3d	; 61
    621a:	de b7       	in	r29, 0x3e	; 62
    621c:	f8 94       	cli
    621e:	a8 95       	wdr
    6220:	84 b7       	in	r24, 0x34	; 52
    6222:	87 7f       	andi	r24, 0xF7	; 247
    6224:	84 bf       	out	0x34, r24	; 52
    6226:	0f b6       	in	r0, 0x3f	; 63
    6228:	f8 94       	cli
    622a:	a8 95       	wdr
    622c:	80 91 60 00 	lds	r24, 0x0060	; 0x800060 <__TEXT_REGION_LENGTH__+0x7e0060>
    6230:	88 61       	ori	r24, 0x18	; 24
    6232:	80 93 60 00 	sts	0x0060, r24	; 0x800060 <__TEXT_REGION_LENGTH__+0x7e0060>
    6236:	10 92 60 00 	sts	0x0060, r1	; 0x800060 <__TEXT_REGION_LENGTH__+0x7e0060>
    623a:	0f be       	out	0x3f, r0	; 63
    623c:	10 92 2f 14 	sts	0x142F, r1	; 0x80142f <TimerMeas_Count>
    6240:	10 92 33 14 	sts	0x1433, r1	; 0x801433 <Timer_Control_Counter>
    6244:	10 92 26 14 	sts	0x1426, r1	; 0x801426 <SysStatus_A>
    6248:	10 92 2b 14 	sts	0x142B, r1	; 0x80142b <SysControl>
    624c:	10 92 2d 14 	sts	0x142D, r1	; 0x80142d <SysConfig>
    6250:	10 92 31 14 	sts	0x1431, r1	; 0x801431 <Timer_CTR>
    6254:	10 92 29 14 	sts	0x1429, r1	; 0x801429 <UartStatus>
    6258:	10 92 2c 14 	sts	0x142C, r1	; 0x80142c <PV_Status>
    625c:	10 92 a9 14 	sts	0x14A9, r1	; 0x8014a9 <PV_Mode_CTR>
    6260:	10 92 92 14 	sts	0x1492, r1	; 0x801492 <PV_Mode_ACT>
    6264:	10 92 56 14 	sts	0x1456, r1	; 0x801456 <PV_Volt_Setpoint>
    6268:	10 92 57 14 	sts	0x1457, r1	; 0x801457 <PV_Volt_Setpoint+0x1>
    626c:	10 92 58 14 	sts	0x1458, r1	; 0x801458 <PV_Volt_Setpoint+0x2>
    6270:	10 92 59 14 	sts	0x1459, r1	; 0x801459 <PV_Volt_Setpoint+0x3>
    6274:	10 92 bd 14 	sts	0x14BD, r1	; 0x8014bd <PV_Volt_DAQ_New>
    6278:	10 92 be 14 	sts	0x14BE, r1	; 0x8014be <PV_Volt_DAQ_New+0x1>
    627c:	10 92 bf 14 	sts	0x14BF, r1	; 0x8014bf <PV_Volt_DAQ_New+0x2>
    6280:	10 92 c0 14 	sts	0x14C0, r1	; 0x8014c0 <PV_Volt_DAQ_New+0x3>
    6284:	10 92 b1 14 	sts	0x14B1, r1	; 0x8014b1 <PV_Curr_Setpoint>
    6288:	10 92 b2 14 	sts	0x14B2, r1	; 0x8014b2 <PV_Curr_Setpoint+0x1>
    628c:	10 92 b3 14 	sts	0x14B3, r1	; 0x8014b3 <PV_Curr_Setpoint+0x2>
    6290:	10 92 b4 14 	sts	0x14B4, r1	; 0x8014b4 <PV_Curr_Setpoint+0x3>
    6294:	10 92 47 12 	sts	0x1247, r1	; 0x801247 <DIOE_PORT_A_STATE>
    6298:	10 92 fa 13 	sts	0x13FA, r1	; 0x8013fa <DIOE_PORT_B_STATE>
    629c:	2f ef       	ldi	r18, 0xFF	; 255
    629e:	84 e3       	ldi	r24, 0x34	; 52
    62a0:	9c e0       	ldi	r25, 0x0C	; 12
    62a2:	21 50       	subi	r18, 0x01	; 1
    62a4:	80 40       	sbci	r24, 0x00	; 0
    62a6:	90 40       	sbci	r25, 0x00	; 0
    62a8:	e1 f7       	brne	.-8      	; 0x62a2 <main+0x94>
    62aa:	00 c0       	rjmp	.+0      	; 0x62ac <main+0x9e>
    62ac:	00 00       	nop
    62ae:	0e 94 e2 1c 	call	0x39c4	; 0x39c4 <EEPROM_LOAD_VAL_CONFIG>
    62b2:	49 df       	rcall	.-366    	; 0x6146 <Set_DDR_and_Default_State>
    62b4:	9f e0       	ldi	r25, 0x0F	; 15
    62b6:	88 e1       	ldi	r24, 0x18	; 24
    62b8:	0f b6       	in	r0, 0x3f	; 63
    62ba:	f8 94       	cli
    62bc:	a8 95       	wdr
    62be:	80 93 60 00 	sts	0x0060, r24	; 0x800060 <__TEXT_REGION_LENGTH__+0x7e0060>
    62c2:	0f be       	out	0x3f, r0	; 63
    62c4:	90 93 60 00 	sts	0x0060, r25	; 0x800060 <__TEXT_REGION_LENGTH__+0x7e0060>
    62c8:	a8 95       	wdr
    62ca:	28 df       	rcall	.-432    	; 0x611c <DIOExp_config_init>
    62cc:	40 91 fa 13 	lds	r20, 0x13FA	; 0x8013fa <DIOE_PORT_B_STATE>
    62d0:	60 91 47 12 	lds	r22, 0x1247	; 0x801247 <DIOE_PORT_A_STATE>
    62d4:	82 e0       	ldi	r24, 0x02	; 2
    62d6:	d8 de       	rcall	.-592    	; 0x6088 <DIOExp_Write_Outputs>
    62d8:	73 df       	rcall	.-282    	; 0x61c0 <RS485_get_com_address_external_pins>
    62da:	84 b1       	in	r24, 0x04	; 4
    62dc:	80 6b       	ori	r24, 0xB0	; 176
    62de:	84 b9       	out	0x04, r24	; 4
    62e0:	8c b5       	in	r24, 0x2c	; 44
    62e2:	80 65       	ori	r24, 0x50	; 80
    62e4:	8c bd       	out	0x2c, r24	; 44
    62e6:	8c b5       	in	r24, 0x2c	; 44
    62e8:	8d 7f       	andi	r24, 0xFD	; 253
    62ea:	8c bd       	out	0x2c, r24	; 44
    62ec:	8c b5       	in	r24, 0x2c	; 44
    62ee:	8e 7f       	andi	r24, 0xFE	; 254
    62f0:	8c bd       	out	0x2c, r24	; 44
    62f2:	8d b5       	in	r24, 0x2d	; 45
    62f4:	8e 7f       	andi	r24, 0xFE	; 254
    62f6:	8d bd       	out	0x2d, r24	; 45
    62f8:	2c 98       	cbi	0x05, 4	; 5
    62fa:	80 91 c1 00 	lds	r24, 0x00C1	; 0x8000c1 <__TEXT_REGION_LENGTH__+0x7e00c1>
    62fe:	88 61       	ori	r24, 0x18	; 24
    6300:	80 93 c1 00 	sts	0x00C1, r24	; 0x8000c1 <__TEXT_REGION_LENGTH__+0x7e00c1>
    6304:	80 91 c2 00 	lds	r24, 0x00C2	; 0x8000c2 <__TEXT_REGION_LENGTH__+0x7e00c2>
    6308:	86 60       	ori	r24, 0x06	; 6
    630a:	80 93 c2 00 	sts	0x00C2, r24	; 0x8000c2 <__TEXT_REGION_LENGTH__+0x7e00c2>
    630e:	10 92 c5 00 	sts	0x00C5, r1	; 0x8000c5 <__TEXT_REGION_LENGTH__+0x7e00c5>
    6312:	84 e0       	ldi	r24, 0x04	; 4
    6314:	80 93 c4 00 	sts	0x00C4, r24	; 0x8000c4 <__TEXT_REGION_LENGTH__+0x7e00c4>
    6318:	80 91 c1 00 	lds	r24, 0x00C1	; 0x8000c1 <__TEXT_REGION_LENGTH__+0x7e00c1>
    631c:	80 68       	ori	r24, 0x80	; 128
    631e:	80 93 c1 00 	sts	0x00C1, r24	; 0x8000c1 <__TEXT_REGION_LENGTH__+0x7e00c1>
    6322:	5a 98       	cbi	0x0b, 2	; 11
    6324:	52 9a       	sbi	0x0a, 2	; 10
    6326:	10 92 8b 10 	sts	0x108B, r1	; 0x80108b <UART_In_Buff_L>
    632a:	10 92 94 0f 	sts	0x0F94, r1	; 0x800f94 <UART_Comand_L>
    632e:	80 91 80 00 	lds	r24, 0x0080	; 0x800080 <__TEXT_REGION_LENGTH__+0x7e0080>
    6332:	80 93 80 00 	sts	0x0080, r24	; 0x800080 <__TEXT_REGION_LENGTH__+0x7e0080>
    6336:	80 91 81 00 	lds	r24, 0x0081	; 0x800081 <__TEXT_REGION_LENGTH__+0x7e0081>
    633a:	8b 60       	ori	r24, 0x0B	; 11
    633c:	80 93 81 00 	sts	0x0081, r24	; 0x800081 <__TEXT_REGION_LENGTH__+0x7e0081>
    6340:	10 92 8b 00 	sts	0x008B, r1	; 0x80008b <__TEXT_REGION_LENGTH__+0x7e008b>
    6344:	10 92 8a 00 	sts	0x008A, r1	; 0x80008a <__TEXT_REGION_LENGTH__+0x7e008a>
    6348:	0e 94 90 1c 	call	0x3920	; 0x3920 <EEROM_LOAD_TIMER_1_CM>
    634c:	90 93 89 00 	sts	0x0089, r25	; 0x800089 <__TEXT_REGION_LENGTH__+0x7e0089>
    6350:	80 93 88 00 	sts	0x0088, r24	; 0x800088 <__TEXT_REGION_LENGTH__+0x7e0088>
    6354:	80 91 6f 00 	lds	r24, 0x006F	; 0x80006f <__TEXT_REGION_LENGTH__+0x7e006f>
    6358:	82 60       	ori	r24, 0x02	; 2
    635a:	80 93 6f 00 	sts	0x006F, r24	; 0x80006f <__TEXT_REGION_LENGTH__+0x7e006f>
    635e:	0e 94 a6 3d 	call	0x7b4c	; 0x7b4c <Reset_Over_Current_Clamp>
    6362:	85 e0       	ldi	r24, 0x05	; 5
    6364:	80 93 e5 14 	sts	0x14E5, r24	; 0x8014e5 <Range_Volt_ID_Act>
    6368:	86 e0       	ldi	r24, 0x06	; 6
    636a:	80 93 5c 15 	sts	0x155C, r24	; 0x80155c <Range_Curr_ID_Act>
    636e:	84 e0       	ldi	r24, 0x04	; 4
    6370:	0e 94 fc 3f 	call	0x7ff8	; 0x7ff8 <SET_VOLTAGE_RANGE>
    6374:	85 e0       	ldi	r24, 0x05	; 5
    6376:	0e 94 fa 40 	call	0x81f4	; 0x81f4 <SET_CURRENT_RANGE>
    637a:	0e 94 cb 3d 	call	0x7b96	; 0x7b96 <Preare_Auto_Range_Selection>
    637e:	6d d4       	rcall	.+2266   	; 0x6c5a <Reset_Fan_Control>
    6380:	0e 94 0a 0b 	call	0x1614	; 0x1614 <PI_CRT__Process_Controller_Settings>
    6384:	80 91 2d 14 	lds	r24, 0x142D	; 0x80142d <SysConfig>
    6388:	80 ff       	sbrs	r24, 0
    638a:	11 c0       	rjmp	.+34     	; 0x63ae <main+0x1a0>
    638c:	80 91 21 14 	lds	r24, 0x1421	; 0x801421 <Temp_Sensor_Type>
    6390:	81 30       	cpi	r24, 0x01	; 1
    6392:	11 f4       	brne	.+4      	; 0x6398 <main+0x18a>
    6394:	77 dc       	rcall	.-1810   	; 0x5c84 <TEMP_MAX31865_Setup>
    6396:	0b c0       	rjmp	.+22     	; 0x63ae <main+0x1a0>
    6398:	80 91 21 14 	lds	r24, 0x1421	; 0x801421 <Temp_Sensor_Type>
    639c:	82 30       	cpi	r24, 0x02	; 2
    639e:	11 f4       	brne	.+4      	; 0x63a4 <main+0x196>
    63a0:	34 dd       	rcall	.-1432   	; 0x5e0a <TEMP_MCP9600_Setup>
    63a2:	05 c0       	rjmp	.+10     	; 0x63ae <main+0x1a0>
    63a4:	80 91 21 14 	lds	r24, 0x1421	; 0x801421 <Temp_Sensor_Type>
    63a8:	83 30       	cpi	r24, 0x03	; 3
    63aa:	09 f4       	brne	.+2      	; 0x63ae <main+0x1a0>
    63ac:	b3 dc       	rcall	.-1690   	; 0x5d14 <TEMP_MAX31856_Setup>
    63ae:	80 91 2d 14 	lds	r24, 0x142D	; 0x80142d <SysConfig>
    63b2:	82 fd       	sbrc	r24, 2
    63b4:	0e 94 53 46 	call	0x8ca6	; 0x8ca6 <Temp_monitoring_Setup>
    63b8:	8f ef       	ldi	r24, 0xFF	; 255
    63ba:	9f ef       	ldi	r25, 0xFF	; 255
    63bc:	da db       	rcall	.-2124   	; 0x5b72 <Set_DAC_Output_RAW>
    63be:	0d d8       	rcall	.-4070   	; 0x53da <Meas_Analog_Inputs>
    63c0:	80 91 31 14 	lds	r24, 0x1431	; 0x801431 <Timer_CTR>
    63c4:	8e 7f       	andi	r24, 0xFE	; 254
    63c6:	80 93 31 14 	sts	0x1431, r24	; 0x801431 <Timer_CTR>
    63ca:	78 94       	sei
    63cc:	1d 82       	std	Y+5, r1	; 0x05
    63ce:	a1 e0       	ldi	r26, 0x01	; 1
    63d0:	ae 83       	std	Y+6, r26	; 0x06
    63d2:	33 24       	eor	r3, r3
    63d4:	33 94       	inc	r3
    63d6:	01 e0       	ldi	r16, 0x01	; 1
    63d8:	10 e0       	ldi	r17, 0x00	; 0
    63da:	a8 95       	wdr
    63dc:	80 91 31 14 	lds	r24, 0x1431	; 0x801431 <Timer_CTR>
    63e0:	80 ff       	sbrs	r24, 0
    63e2:	68 c1       	rjmp	.+720    	; 0x66b4 <main+0x4a6>
    63e4:	0e 94 ed 29 	call	0x53da	; 0x53da <Meas_Analog_Inputs>
    63e8:	0e 94 9b 42 	call	0x8536	; 0x8536 <Check_Input_Range_Selection>
    63ec:	0e 94 0a 0b 	call	0x1614	; 0x1614 <PI_CRT__Process_Controller_Settings>
    63f0:	80 91 31 14 	lds	r24, 0x1431	; 0x801431 <Timer_CTR>
    63f4:	81 ff       	sbrs	r24, 1
    63f6:	06 c0       	rjmp	.+12     	; 0x6404 <main+0x1f6>
    63f8:	0e 94 78 3b 	call	0x76f0	; 0x76f0 <LOAD_CTR_MAIN>
    63fc:	80 91 31 14 	lds	r24, 0x1431	; 0x801431 <Timer_CTR>
    6400:	8d 7f       	andi	r24, 0xFD	; 253
    6402:	51 c1       	rjmp	.+674    	; 0x66a6 <main+0x498>
    6404:	80 91 94 0f 	lds	r24, 0x0F94	; 0x800f94 <UART_Comand_L>
    6408:	88 23       	and	r24, r24
    640a:	89 f0       	breq	.+34     	; 0x642e <main+0x220>
    640c:	80 91 29 14 	lds	r24, 0x1429	; 0x801429 <UartStatus>
    6410:	86 fd       	sbrc	r24, 6
    6412:	4b c1       	rjmp	.+662    	; 0x66aa <main+0x49c>
    6414:	80 91 2b 14 	lds	r24, 0x142B	; 0x80142b <SysControl>
    6418:	81 fd       	sbrc	r24, 1
    641a:	47 c1       	rjmp	.+654    	; 0x66aa <main+0x49c>
    641c:	80 91 2b 14 	lds	r24, 0x142B	; 0x80142b <SysControl>
    6420:	82 fd       	sbrc	r24, 2
    6422:	43 c1       	rjmp	.+646    	; 0x66aa <main+0x49c>
    6424:	0e 94 00 17 	call	0x2e00	; 0x2e00 <UART_Process_Input>
    6428:	10 92 94 0f 	sts	0x0F94, r1	; 0x800f94 <UART_Comand_L>
    642c:	3e c1       	rjmp	.+636    	; 0x66aa <main+0x49c>
    642e:	80 91 31 14 	lds	r24, 0x1431	; 0x801431 <Timer_CTR>
    6432:	83 ff       	sbrs	r24, 3
    6434:	3a c1       	rjmp	.+628    	; 0x66aa <main+0x49c>
    6436:	80 91 2d 14 	lds	r24, 0x142D	; 0x80142d <SysConfig>
    643a:	80 ff       	sbrs	r24, 0
    643c:	5e c0       	rjmp	.+188    	; 0x64fa <main+0x2ec>
    643e:	be 81       	ldd	r27, Y+6	; 0x06
    6440:	bb 23       	and	r27, r27
    6442:	09 f4       	brne	.+2      	; 0x6446 <main+0x238>
    6444:	5a c0       	rjmp	.+180    	; 0x64fa <main+0x2ec>
    6446:	80 91 21 14 	lds	r24, 0x1421	; 0x801421 <Temp_Sensor_Type>
    644a:	81 30       	cpi	r24, 0x01	; 1
    644c:	09 f0       	breq	.+2      	; 0x6450 <main+0x242>
    644e:	42 c0       	rjmp	.+132    	; 0x64d4 <main+0x2c6>
    6450:	4d 99       	sbic	0x09, 5	; 9
    6452:	53 c0       	rjmp	.+166    	; 0x64fa <main+0x2ec>
    6454:	33 dc       	rcall	.-1946   	; 0x5cbc <TEMP_MAX31865_Measure>
    6456:	0e 94 d2 47 	call	0x8fa4	; 0x8fa4 <__floatunsisf>
    645a:	6b 01       	movw	r12, r22
    645c:	7c 01       	movw	r14, r24
    645e:	80 90 ff 13 	lds	r8, 0x13FF	; 0x8013ff <CAL_RTD_A2>
    6462:	90 90 00 14 	lds	r9, 0x1400	; 0x801400 <CAL_RTD_A2+0x1>
    6466:	a0 90 01 14 	lds	r10, 0x1401	; 0x801401 <CAL_RTD_A2+0x2>
    646a:	b0 90 02 14 	lds	r11, 0x1402	; 0x801402 <CAL_RTD_A2+0x3>
    646e:	40 90 3f 12 	lds	r4, 0x123F	; 0x80123f <CAL_RTD_A1>
    6472:	50 90 40 12 	lds	r5, 0x1240	; 0x801240 <CAL_RTD_A1+0x1>
    6476:	60 90 41 12 	lds	r6, 0x1241	; 0x801241 <CAL_RTD_A1+0x2>
    647a:	70 90 42 12 	lds	r7, 0x1242	; 0x801242 <CAL_RTD_A1+0x3>
    647e:	80 91 62 12 	lds	r24, 0x1262	; 0x801262 <CAL_RTD_A0>
    6482:	90 91 63 12 	lds	r25, 0x1263	; 0x801263 <CAL_RTD_A0+0x1>
    6486:	a0 91 64 12 	lds	r26, 0x1264	; 0x801264 <CAL_RTD_A0+0x2>
    648a:	b0 91 65 12 	lds	r27, 0x1265	; 0x801265 <CAL_RTD_A0+0x3>
    648e:	89 83       	std	Y+1, r24	; 0x01
    6490:	9a 83       	std	Y+2, r25	; 0x02
    6492:	ab 83       	std	Y+3, r26	; 0x03
    6494:	bc 83       	std	Y+4, r27	; 0x04
    6496:	a7 01       	movw	r20, r14
    6498:	96 01       	movw	r18, r12
    649a:	c7 01       	movw	r24, r14
    649c:	b6 01       	movw	r22, r12
    649e:	0e 94 62 49 	call	0x92c4	; 0x92c4 <__mulsf3>
    64a2:	a5 01       	movw	r20, r10
    64a4:	94 01       	movw	r18, r8
    64a6:	0e 94 62 49 	call	0x92c4	; 0x92c4 <__mulsf3>
    64aa:	4b 01       	movw	r8, r22
    64ac:	5c 01       	movw	r10, r24
    64ae:	a3 01       	movw	r20, r6
    64b0:	92 01       	movw	r18, r4
    64b2:	c7 01       	movw	r24, r14
    64b4:	b6 01       	movw	r22, r12
    64b6:	0e 94 62 49 	call	0x92c4	; 0x92c4 <__mulsf3>
    64ba:	9b 01       	movw	r18, r22
    64bc:	ac 01       	movw	r20, r24
    64be:	c5 01       	movw	r24, r10
    64c0:	b4 01       	movw	r22, r8
    64c2:	0e 94 a0 46 	call	0x8d40	; 0x8d40 <__addsf3>
    64c6:	29 81       	ldd	r18, Y+1	; 0x01
    64c8:	3a 81       	ldd	r19, Y+2	; 0x02
    64ca:	4b 81       	ldd	r20, Y+3	; 0x03
    64cc:	5c 81       	ldd	r21, Y+4	; 0x04
    64ce:	0e 94 a0 46 	call	0x8d40	; 0x8d40 <__addsf3>
    64d2:	0b c0       	rjmp	.+22     	; 0x64ea <main+0x2dc>
    64d4:	80 91 21 14 	lds	r24, 0x1421	; 0x801421 <Temp_Sensor_Type>
    64d8:	82 30       	cpi	r24, 0x02	; 2
    64da:	11 f4       	brne	.+4      	; 0x64e0 <main+0x2d2>
    64dc:	39 dd       	rcall	.-1422   	; 0x5f50 <TEMP_MCP9600_Measure>
    64de:	05 c0       	rjmp	.+10     	; 0x64ea <main+0x2dc>
    64e0:	80 91 21 14 	lds	r24, 0x1421	; 0x801421 <Temp_Sensor_Type>
    64e4:	83 30       	cpi	r24, 0x03	; 3
    64e6:	49 f4       	brne	.+18     	; 0x64fa <main+0x2ec>
    64e8:	49 dc       	rcall	.-1902   	; 0x5d7c <TEMP_MAX31856_Measure>
    64ea:	60 93 56 12 	sts	0x1256, r22	; 0x801256 <AI_RTD_Temp>
    64ee:	70 93 57 12 	sts	0x1257, r23	; 0x801257 <AI_RTD_Temp+0x1>
    64f2:	80 93 58 12 	sts	0x1258, r24	; 0x801258 <AI_RTD_Temp+0x2>
    64f6:	90 93 59 12 	sts	0x1259, r25	; 0x801259 <AI_RTD_Temp+0x3>
    64fa:	80 91 2d 14 	lds	r24, 0x142D	; 0x80142d <SysConfig>
    64fe:	82 ff       	sbrs	r24, 2
    6500:	b5 c0       	rjmp	.+362    	; 0x666c <main+0x45e>
    6502:	9e 81       	ldd	r25, Y+6	; 0x06
    6504:	91 11       	cpse	r25, r1
    6506:	b2 c0       	rjmp	.+356    	; 0x666c <main+0x45e>
    6508:	80 91 69 15 	lds	r24, 0x1569	; 0x801569 <AI_HEAT_ADC_Present_Mask>
    650c:	90 e0       	ldi	r25, 0x00	; 0
    650e:	0d 80       	ldd	r0, Y+5	; 0x05
    6510:	02 c0       	rjmp	.+4      	; 0x6516 <main+0x308>
    6512:	95 95       	asr	r25
    6514:	87 95       	ror	r24
    6516:	0a 94       	dec	r0
    6518:	e2 f7       	brpl	.-8      	; 0x6512 <main+0x304>
    651a:	80 ff       	sbrs	r24, 0
    651c:	03 c0       	rjmp	.+6      	; 0x6524 <main+0x316>
    651e:	8d 81       	ldd	r24, Y+5	; 0x05
    6520:	0e 94 95 44 	call	0x892a	; 0x892a <Read_Temp_ADC121C021>
    6524:	ad 81       	ldd	r26, Y+5	; 0x05
    6526:	af 5f       	subi	r26, 0xFF	; 255
    6528:	ad 83       	std	Y+5, r26	; 0x05
    652a:	a8 30       	cpi	r26, 0x08	; 8
    652c:	08 f0       	brcs	.+2      	; 0x6530 <main+0x322>
    652e:	1d 82       	std	Y+5, r1	; 0x05
    6530:	e1 2c       	mov	r14, r1
    6532:	f1 2c       	mov	r15, r1
    6534:	b1 2c       	mov	r11, r1
    6536:	80 91 69 15 	lds	r24, 0x1569	; 0x801569 <AI_HEAT_ADC_Present_Mask>
    653a:	90 e0       	ldi	r25, 0x00	; 0
    653c:	0e 2c       	mov	r0, r14
    653e:	02 c0       	rjmp	.+4      	; 0x6544 <main+0x336>
    6540:	95 95       	asr	r25
    6542:	87 95       	ror	r24
    6544:	0a 94       	dec	r0
    6546:	e2 f7       	brpl	.-8      	; 0x6540 <main+0x332>
    6548:	80 ff       	sbrs	r24, 0
    654a:	4f c0       	rjmp	.+158    	; 0x65ea <main+0x3dc>
    654c:	80 91 2a 14 	lds	r24, 0x142A	; 0x80142a <SysStatus_B>
    6550:	67 01       	movw	r12, r14
    6552:	cc 0c       	add	r12, r12
    6554:	dd 1c       	adc	r13, r13
    6556:	cc 0c       	add	r12, r12
    6558:	dd 1c       	adc	r13, r13
    655a:	f6 01       	movw	r30, r12
    655c:	e6 59       	subi	r30, 0x96	; 150
    655e:	fa 4e       	sbci	r31, 0xEA	; 234
    6560:	84 ff       	sbrs	r24, 4
    6562:	17 c0       	rjmp	.+46     	; 0x6592 <main+0x384>
    6564:	40 80       	ld	r4, Z
    6566:	51 80       	ldd	r5, Z+1	; 0x01
    6568:	62 80       	ldd	r6, Z+2	; 0x02
    656a:	73 80       	ldd	r7, Z+3	; 0x03
    656c:	60 91 22 14 	lds	r22, 0x1422	; 0x801422 <TEMP_MAX_Heat_NTC>
    6570:	70 91 23 14 	lds	r23, 0x1423	; 0x801423 <TEMP_MAX_Heat_NTC+0x1>
    6574:	80 91 24 14 	lds	r24, 0x1424	; 0x801424 <TEMP_MAX_Heat_NTC+0x2>
    6578:	90 91 25 14 	lds	r25, 0x1425	; 0x801425 <TEMP_MAX_Heat_NTC+0x3>
    657c:	20 e0       	ldi	r18, 0x00	; 0
    657e:	30 e0       	ldi	r19, 0x00	; 0
    6580:	40 ea       	ldi	r20, 0xA0	; 160
    6582:	50 e4       	ldi	r21, 0x40	; 64
    6584:	0e 94 9f 46 	call	0x8d3e	; 0x8d3e <__subsf3>
    6588:	9b 01       	movw	r18, r22
    658a:	ac 01       	movw	r20, r24
    658c:	c3 01       	movw	r24, r6
    658e:	b2 01       	movw	r22, r4
    6590:	0c c0       	rjmp	.+24     	; 0x65aa <main+0x39c>
    6592:	60 81       	ld	r22, Z
    6594:	71 81       	ldd	r23, Z+1	; 0x01
    6596:	82 81       	ldd	r24, Z+2	; 0x02
    6598:	93 81       	ldd	r25, Z+3	; 0x03
    659a:	20 91 22 14 	lds	r18, 0x1422	; 0x801422 <TEMP_MAX_Heat_NTC>
    659e:	30 91 23 14 	lds	r19, 0x1423	; 0x801423 <TEMP_MAX_Heat_NTC+0x1>
    65a2:	40 91 24 14 	lds	r20, 0x1424	; 0x801424 <TEMP_MAX_Heat_NTC+0x2>
    65a6:	50 91 25 14 	lds	r21, 0x1425	; 0x801425 <TEMP_MAX_Heat_NTC+0x3>
    65aa:	0e 94 a9 48 	call	0x9152	; 0x9152 <__gesf2>
    65ae:	87 fd       	sbrc	r24, 7
    65b0:	02 c0       	rjmp	.+4      	; 0x65b6 <main+0x3a8>
    65b2:	bb 24       	eor	r11, r11
    65b4:	b3 94       	inc	r11
    65b6:	f6 01       	movw	r30, r12
    65b8:	e6 59       	subi	r30, 0x96	; 150
    65ba:	fa 4e       	sbci	r31, 0xEA	; 234
    65bc:	60 81       	ld	r22, Z
    65be:	71 81       	ldd	r23, Z+1	; 0x01
    65c0:	82 81       	ldd	r24, Z+2	; 0x02
    65c2:	93 81       	ldd	r25, Z+3	; 0x03
    65c4:	20 e0       	ldi	r18, 0x00	; 0
    65c6:	30 e0       	ldi	r19, 0x00	; 0
    65c8:	40 e2       	ldi	r20, 0x20	; 32
    65ca:	51 ec       	ldi	r21, 0xC1	; 193
    65cc:	0e 94 04 47 	call	0x8e08	; 0x8e08 <__cmpsf2>
    65d0:	18 16       	cp	r1, r24
    65d2:	5c f0       	brlt	.+22     	; 0x65ea <main+0x3dc>
    65d4:	20 91 68 15 	lds	r18, 0x1568	; 0x801568 <AI_HEAT_ADC_Fault_Mask>
    65d8:	c8 01       	movw	r24, r16
    65da:	0e 2c       	mov	r0, r14
    65dc:	01 c0       	rjmp	.+2      	; 0x65e0 <main+0x3d2>
    65de:	88 0f       	add	r24, r24
    65e0:	0a 94       	dec	r0
    65e2:	ea f7       	brpl	.-6      	; 0x65de <main+0x3d0>
    65e4:	82 2b       	or	r24, r18
    65e6:	80 93 68 15 	sts	0x1568, r24	; 0x801568 <AI_HEAT_ADC_Fault_Mask>
    65ea:	bf ef       	ldi	r27, 0xFF	; 255
    65ec:	eb 1a       	sub	r14, r27
    65ee:	fb 0a       	sbc	r15, r27
    65f0:	28 e0       	ldi	r18, 0x08	; 8
    65f2:	e2 16       	cp	r14, r18
    65f4:	f1 04       	cpc	r15, r1
    65f6:	09 f0       	breq	.+2      	; 0x65fa <main+0x3ec>
    65f8:	9e cf       	rjmp	.-196    	; 0x6536 <main+0x328>
    65fa:	80 91 2a 14 	lds	r24, 0x142A	; 0x80142a <SysStatus_B>
    65fe:	bb 20       	and	r11, r11
    6600:	11 f0       	breq	.+4      	; 0x6606 <main+0x3f8>
    6602:	80 61       	ori	r24, 0x10	; 16
    6604:	01 c0       	rjmp	.+2      	; 0x6608 <main+0x3fa>
    6606:	8f 7e       	andi	r24, 0xEF	; 239
    6608:	80 93 2a 14 	sts	0x142A, r24	; 0x80142a <SysStatus_B>
    660c:	05 99       	sbic	0x00, 5	; 0
    660e:	04 c0       	rjmp	.+8      	; 0x6618 <main+0x40a>
    6610:	80 91 2a 14 	lds	r24, 0x142A	; 0x80142a <SysStatus_B>
    6614:	80 62       	ori	r24, 0x20	; 32
    6616:	03 c0       	rjmp	.+6      	; 0x661e <main+0x410>
    6618:	80 91 2a 14 	lds	r24, 0x142A	; 0x80142a <SysStatus_B>
    661c:	8f 7d       	andi	r24, 0xDF	; 223
    661e:	80 93 2a 14 	sts	0x142A, r24	; 0x80142a <SysStatus_B>
    6622:	20 e0       	ldi	r18, 0x00	; 0
    6624:	30 e0       	ldi	r19, 0x00	; 0
    6626:	40 e0       	ldi	r20, 0x00	; 0
    6628:	80 91 69 15 	lds	r24, 0x1569	; 0x801569 <AI_HEAT_ADC_Present_Mask>
    662c:	90 e0       	ldi	r25, 0x00	; 0
    662e:	02 2e       	mov	r0, r18
    6630:	02 c0       	rjmp	.+4      	; 0x6636 <main+0x428>
    6632:	95 95       	asr	r25
    6634:	87 95       	ror	r24
    6636:	0a 94       	dec	r0
    6638:	e2 f7       	brpl	.-8      	; 0x6632 <main+0x424>
    663a:	80 fd       	sbrc	r24, 0
    663c:	4f 5f       	subi	r20, 0xFF	; 255
    663e:	2f 5f       	subi	r18, 0xFF	; 255
    6640:	3f 4f       	sbci	r19, 0xFF	; 255
    6642:	28 30       	cpi	r18, 0x08	; 8
    6644:	31 05       	cpc	r19, r1
    6646:	81 f7       	brne	.-32     	; 0x6628 <main+0x41a>
    6648:	80 91 34 14 	lds	r24, 0x1434	; 0x801434 <TEMP_Heat_dissipation_devices>
    664c:	48 17       	cp	r20, r24
    664e:	20 f0       	brcs	.+8      	; 0x6658 <main+0x44a>
    6650:	80 91 68 15 	lds	r24, 0x1568	; 0x801568 <AI_HEAT_ADC_Fault_Mask>
    6654:	88 23       	and	r24, r24
    6656:	21 f0       	breq	.+8      	; 0x6660 <main+0x452>
    6658:	80 91 2a 14 	lds	r24, 0x142A	; 0x80142a <SysStatus_B>
    665c:	80 64       	ori	r24, 0x40	; 64
    665e:	03 c0       	rjmp	.+6      	; 0x6666 <main+0x458>
    6660:	80 91 2a 14 	lds	r24, 0x142A	; 0x80142a <SysStatus_B>
    6664:	8f 7b       	andi	r24, 0xBF	; 191
    6666:	80 93 2a 14 	sts	0x142A, r24	; 0x80142a <SysStatus_B>
    666a:	17 c0       	rjmp	.+46     	; 0x669a <main+0x48c>
    666c:	80 91 2d 14 	lds	r24, 0x142D	; 0x80142d <SysConfig>
    6670:	82 fd       	sbrc	r24, 2
    6672:	13 c0       	rjmp	.+38     	; 0x669a <main+0x48c>
    6674:	80 91 2a 14 	lds	r24, 0x142A	; 0x80142a <SysStatus_B>
    6678:	8f 7e       	andi	r24, 0xEF	; 239
    667a:	80 93 2a 14 	sts	0x142A, r24	; 0x80142a <SysStatus_B>
    667e:	80 91 2a 14 	lds	r24, 0x142A	; 0x80142a <SysStatus_B>
    6682:	8f 7d       	andi	r24, 0xDF	; 223
    6684:	80 93 2a 14 	sts	0x142A, r24	; 0x80142a <SysStatus_B>
    6688:	80 91 2a 14 	lds	r24, 0x142A	; 0x80142a <SysStatus_B>
    668c:	8f 7b       	andi	r24, 0xBF	; 191
    668e:	80 93 2a 14 	sts	0x142A, r24	; 0x80142a <SysStatus_B>
    6692:	10 92 69 15 	sts	0x1569, r1	; 0x801569 <AI_HEAT_ADC_Present_Mask>
    6696:	10 92 68 15 	sts	0x1568, r1	; 0x801568 <AI_HEAT_ADC_Fault_Mask>
    669a:	8e 81       	ldd	r24, Y+6	; 0x06
    669c:	83 25       	eor	r24, r3
    669e:	8e 83       	std	Y+6, r24	; 0x06
    66a0:	80 91 31 14 	lds	r24, 0x1431	; 0x801431 <Timer_CTR>
    66a4:	87 7f       	andi	r24, 0xF7	; 247
    66a6:	80 93 31 14 	sts	0x1431, r24	; 0x801431 <Timer_CTR>
    66aa:	80 91 31 14 	lds	r24, 0x1431	; 0x801431 <Timer_CTR>
    66ae:	8e 7f       	andi	r24, 0xFE	; 254
    66b0:	80 93 31 14 	sts	0x1431, r24	; 0x801431 <Timer_CTR>
    66b4:	80 91 29 14 	lds	r24, 0x1429	; 0x801429 <UartStatus>
    66b8:	86 fd       	sbrc	r24, 6
    66ba:	0e 94 47 0c 	call	0x188e	; 0x188e <UART_Transfer_IV>
    66be:	a8 95       	wdr
    66c0:	8c ce       	rjmp	.-744    	; 0x63da <main+0x1cc>

000066c2 <__vector_20>:
    66c2:	1f 92       	push	r1
    66c4:	0f 92       	push	r0
    66c6:	0f b6       	in	r0, 0x3f	; 63
    66c8:	0f 92       	push	r0
    66ca:	11 24       	eor	r1, r1
    66cc:	0b b6       	in	r0, 0x3b	; 59
    66ce:	0f 92       	push	r0
    66d0:	2f 93       	push	r18
    66d2:	3f 93       	push	r19
    66d4:	4f 93       	push	r20
    66d6:	5f 93       	push	r21
    66d8:	8f 93       	push	r24
    66da:	9f 93       	push	r25
    66dc:	af 93       	push	r26
    66de:	bf 93       	push	r27
    66e0:	ef 93       	push	r30
    66e2:	ff 93       	push	r31
    66e4:	3f b7       	in	r19, 0x3f	; 63
    66e6:	80 91 c0 00 	lds	r24, 0x00C0	; 0x8000c0 <__TEXT_REGION_LENGTH__+0x7e00c0>
    66ea:	87 ff       	sbrs	r24, 7
    66ec:	fc cf       	rjmp	.-8      	; 0x66e6 <__vector_20+0x24>
    66ee:	80 91 c6 00 	lds	r24, 0x00C6	; 0x8000c6 <__TEXT_REGION_LENGTH__+0x7e00c6>
    66f2:	8a 30       	cpi	r24, 0x0A	; 10
    66f4:	29 f5       	brne	.+74     	; 0x6740 <__vector_20+0x7e>
    66f6:	80 91 1b 0f 	lds	r24, 0x0F1B	; 0x800f1b <UART_In_Buff+0x1>
    66fa:	83 32       	cpi	r24, 0x23	; 35
    66fc:	91 f5       	brne	.+100    	; 0x6762 <__vector_20+0xa0>
    66fe:	90 91 1a 0f 	lds	r25, 0x0F1A	; 0x800f1a <UART_In_Buff>
    6702:	80 91 9f 0e 	lds	r24, 0x0E9F	; 0x800e9f <Com_ID>
    6706:	98 13       	cpse	r25, r24
    6708:	2c c0       	rjmp	.+88     	; 0x6762 <__vector_20+0xa0>
    670a:	80 91 94 0f 	lds	r24, 0x0F94	; 0x800f94 <UART_Comand_L>
    670e:	81 11       	cpse	r24, r1
    6710:	28 c0       	rjmp	.+80     	; 0x6762 <__vector_20+0xa0>
    6712:	20 e0       	ldi	r18, 0x00	; 0
    6714:	40 91 8b 10 	lds	r20, 0x108B	; 0x80108b <UART_In_Buff_L>
    6718:	82 2f       	mov	r24, r18
    671a:	90 e0       	ldi	r25, 0x00	; 0
    671c:	50 e0       	ldi	r21, 0x00	; 0
    671e:	fc 01       	movw	r30, r24
    6720:	e0 5f       	subi	r30, 0xF0	; 240
    6722:	ff 4e       	sbci	r31, 0xEF	; 239
    6724:	84 17       	cp	r24, r20
    6726:	95 07       	cpc	r25, r21
    6728:	3c f4       	brge	.+14     	; 0x6738 <__vector_20+0x76>
    672a:	dc 01       	movw	r26, r24
    672c:	a6 5e       	subi	r26, 0xE6	; 230
    672e:	b0 4f       	sbci	r27, 0xF0	; 240
    6730:	8c 91       	ld	r24, X
    6732:	80 83       	st	Z, r24
    6734:	2f 5f       	subi	r18, 0xFF	; 255
    6736:	ee cf       	rjmp	.-36     	; 0x6714 <__vector_20+0x52>
    6738:	10 82       	st	Z, r1
    673a:	20 93 94 0f 	sts	0x0F94, r18	; 0x800f94 <UART_Comand_L>
    673e:	11 c0       	rjmp	.+34     	; 0x6762 <__vector_20+0xa0>
    6740:	88 23       	and	r24, r24
    6742:	89 f0       	breq	.+34     	; 0x6766 <__vector_20+0xa4>
    6744:	e0 91 8b 10 	lds	r30, 0x108B	; 0x80108b <UART_In_Buff_L>
    6748:	f0 e0       	ldi	r31, 0x00	; 0
    674a:	e6 5e       	subi	r30, 0xE6	; 230
    674c:	f0 4f       	sbci	r31, 0xF0	; 240
    674e:	80 83       	st	Z, r24
    6750:	80 91 8b 10 	lds	r24, 0x108B	; 0x80108b <UART_In_Buff_L>
    6754:	8f 5f       	subi	r24, 0xFF	; 255
    6756:	80 93 8b 10 	sts	0x108B, r24	; 0x80108b <UART_In_Buff_L>
    675a:	80 91 8b 10 	lds	r24, 0x108B	; 0x80108b <UART_In_Buff_L>
    675e:	89 37       	cpi	r24, 0x79	; 121
    6760:	10 f0       	brcs	.+4      	; 0x6766 <__vector_20+0xa4>
    6762:	10 92 8b 10 	sts	0x108B, r1	; 0x80108b <UART_In_Buff_L>
    6766:	3f bf       	out	0x3f, r19	; 63
    6768:	ff 91       	pop	r31
    676a:	ef 91       	pop	r30
    676c:	bf 91       	pop	r27
    676e:	af 91       	pop	r26
    6770:	9f 91       	pop	r25
    6772:	8f 91       	pop	r24
    6774:	5f 91       	pop	r21
    6776:	4f 91       	pop	r20
    6778:	3f 91       	pop	r19
    677a:	2f 91       	pop	r18
    677c:	0f 90       	pop	r0
    677e:	0b be       	out	0x3b, r0	; 59
    6780:	0f 90       	pop	r0
    6782:	0f be       	out	0x3f, r0	; 63
    6784:	0f 90       	pop	r0
    6786:	1f 90       	pop	r1
    6788:	18 95       	reti

0000678a <__vector_22>:
    678a:	1f 92       	push	r1
    678c:	0f 92       	push	r0
    678e:	0f b6       	in	r0, 0x3f	; 63
    6790:	0f 92       	push	r0
    6792:	11 24       	eor	r1, r1
    6794:	0b b6       	in	r0, 0x3b	; 59
    6796:	0f 92       	push	r0
    6798:	2f 93       	push	r18
    679a:	8f 93       	push	r24
    679c:	9f 93       	push	r25
    679e:	ef 93       	push	r30
    67a0:	ff 93       	push	r31
    67a2:	9f b7       	in	r25, 0x3f	; 63
    67a4:	20 91 95 0f 	lds	r18, 0x0F95	; 0x800f95 <UART_Reply_P>
    67a8:	80 91 9e 0e 	lds	r24, 0x0E9E	; 0x800e9e <UART_Reply_L>
    67ac:	28 17       	cp	r18, r24
    67ae:	58 f0       	brcs	.+22     	; 0x67c6 <__vector_22+0x3c>
    67b0:	80 91 c1 00 	lds	r24, 0x00C1	; 0x8000c1 <__TEXT_REGION_LENGTH__+0x7e00c1>
    67b4:	8f 7b       	andi	r24, 0xBF	; 191
    67b6:	80 93 c1 00 	sts	0x00C1, r24	; 0x8000c1 <__TEXT_REGION_LENGTH__+0x7e00c1>
    67ba:	5a 98       	cbi	0x0b, 2	; 11
    67bc:	10 92 9e 0e 	sts	0x0E9E, r1	; 0x800e9e <UART_Reply_L>
    67c0:	10 92 95 0f 	sts	0x0F95, r1	; 0x800f95 <UART_Reply_P>
    67c4:	0d c0       	rjmp	.+26     	; 0x67e0 <__vector_22+0x56>
    67c6:	e0 91 95 0f 	lds	r30, 0x0F95	; 0x800f95 <UART_Reply_P>
    67ca:	f0 e0       	ldi	r31, 0x00	; 0
    67cc:	ea 56       	subi	r30, 0x6A	; 106
    67ce:	f0 4f       	sbci	r31, 0xF0	; 240
    67d0:	80 81       	ld	r24, Z
    67d2:	80 93 c6 00 	sts	0x00C6, r24	; 0x8000c6 <__TEXT_REGION_LENGTH__+0x7e00c6>
    67d6:	80 91 95 0f 	lds	r24, 0x0F95	; 0x800f95 <UART_Reply_P>
    67da:	8f 5f       	subi	r24, 0xFF	; 255
    67dc:	80 93 95 0f 	sts	0x0F95, r24	; 0x800f95 <UART_Reply_P>
    67e0:	9f bf       	out	0x3f, r25	; 63
    67e2:	ff 91       	pop	r31
    67e4:	ef 91       	pop	r30
    67e6:	9f 91       	pop	r25
    67e8:	8f 91       	pop	r24
    67ea:	2f 91       	pop	r18
    67ec:	0f 90       	pop	r0
    67ee:	0b be       	out	0x3b, r0	; 59
    67f0:	0f 90       	pop	r0
    67f2:	0f be       	out	0x3f, r0	; 63
    67f4:	0f 90       	pop	r0
    67f6:	1f 90       	pop	r1
    67f8:	18 95       	reti

000067fa <__vector_13>:
    67fa:	1f 92       	push	r1
    67fc:	0f 92       	push	r0
    67fe:	0f b6       	in	r0, 0x3f	; 63
    6800:	0f 92       	push	r0
    6802:	11 24       	eor	r1, r1
    6804:	2f 93       	push	r18
    6806:	4f 93       	push	r20
    6808:	5f 93       	push	r21
    680a:	8f 93       	push	r24
    680c:	9f 93       	push	r25
    680e:	2f b7       	in	r18, 0x3f	; 63
    6810:	80 91 31 14 	lds	r24, 0x1431	; 0x801431 <Timer_CTR>
    6814:	80 ff       	sbrs	r24, 0
    6816:	05 c0       	rjmp	.+10     	; 0x6822 <__vector_13+0x28>
    6818:	80 91 2a 14 	lds	r24, 0x142A	; 0x80142a <SysStatus_B>
    681c:	81 60       	ori	r24, 0x01	; 1
    681e:	80 93 2a 14 	sts	0x142A, r24	; 0x80142a <SysStatus_B>
    6822:	80 91 31 14 	lds	r24, 0x1431	; 0x801431 <Timer_CTR>
    6826:	81 60       	ori	r24, 0x01	; 1
    6828:	80 93 31 14 	sts	0x1431, r24	; 0x801431 <Timer_CTR>
    682c:	80 91 33 14 	lds	r24, 0x1433	; 0x801433 <Timer_Control_Counter>
    6830:	8f 5f       	subi	r24, 0xFF	; 255
    6832:	80 93 33 14 	sts	0x1433, r24	; 0x801433 <Timer_Control_Counter>
    6836:	90 91 33 14 	lds	r25, 0x1433	; 0x801433 <Timer_Control_Counter>
    683a:	80 91 30 14 	lds	r24, 0x1430	; 0x801430 <Timer_Control_Match>
    683e:	98 13       	cpse	r25, r24
    6840:	07 c0       	rjmp	.+14     	; 0x6850 <__vector_13+0x56>
    6842:	80 91 31 14 	lds	r24, 0x1431	; 0x801431 <Timer_CTR>
    6846:	82 60       	ori	r24, 0x02	; 2
    6848:	80 93 31 14 	sts	0x1431, r24	; 0x801431 <Timer_CTR>
    684c:	10 92 33 14 	sts	0x1433, r1	; 0x801433 <Timer_Control_Counter>
    6850:	80 91 27 14 	lds	r24, 0x1427	; 0x801427 <Timer_Temp_Meas_Counter>
    6854:	90 91 28 14 	lds	r25, 0x1428	; 0x801428 <Timer_Temp_Meas_Counter+0x1>
    6858:	01 96       	adiw	r24, 0x01	; 1
    685a:	90 93 28 14 	sts	0x1428, r25	; 0x801428 <Timer_Temp_Meas_Counter+0x1>
    685e:	80 93 27 14 	sts	0x1427, r24	; 0x801427 <Timer_Temp_Meas_Counter>
    6862:	80 91 2e 14 	lds	r24, 0x142E	; 0x80142e <Timer_Temp_Meas_Match>
    6866:	40 91 27 14 	lds	r20, 0x1427	; 0x801427 <Timer_Temp_Meas_Counter>
    686a:	50 91 28 14 	lds	r21, 0x1428	; 0x801428 <Timer_Temp_Meas_Counter+0x1>
    686e:	90 e0       	ldi	r25, 0x00	; 0
    6870:	84 17       	cp	r24, r20
    6872:	95 07       	cpc	r25, r21
    6874:	49 f4       	brne	.+18     	; 0x6888 <__vector_13+0x8e>
    6876:	80 91 31 14 	lds	r24, 0x1431	; 0x801431 <Timer_CTR>
    687a:	88 60       	ori	r24, 0x08	; 8
    687c:	80 93 31 14 	sts	0x1431, r24	; 0x801431 <Timer_CTR>
    6880:	10 92 28 14 	sts	0x1428, r1	; 0x801428 <Timer_Temp_Meas_Counter+0x1>
    6884:	10 92 27 14 	sts	0x1427, r1	; 0x801427 <Timer_Temp_Meas_Counter>
    6888:	2f bf       	out	0x3f, r18	; 63
    688a:	9f 91       	pop	r25
    688c:	8f 91       	pop	r24
    688e:	5f 91       	pop	r21
    6890:	4f 91       	pop	r20
    6892:	2f 91       	pop	r18
    6894:	0f 90       	pop	r0
    6896:	0f be       	out	0x3f, r0	; 63
    6898:	0f 90       	pop	r0
    689a:	1f 90       	pop	r1
    689c:	18 95       	reti

0000689e <Process_Operating_Temperature_State>:
    689e:	80 91 26 14 	lds	r24, 0x1426	; 0x801426 <SysStatus_A>
    68a2:	86 ff       	sbrs	r24, 6
    68a4:	2d c0       	rjmp	.+90     	; 0x6900 <Process_Operating_Temperature_State+0x62>
    68a6:	60 91 a7 10 	lds	r22, 0x10A7	; 0x8010a7 <AI_NTC_Temp_1>
    68aa:	70 91 a8 10 	lds	r23, 0x10A8	; 0x8010a8 <AI_NTC_Temp_1+0x1>
    68ae:	80 91 a9 10 	lds	r24, 0x10A9	; 0x8010a9 <AI_NTC_Temp_1+0x2>
    68b2:	90 91 aa 10 	lds	r25, 0x10AA	; 0x8010aa <AI_NTC_Temp_1+0x3>
    68b6:	20 91 6a 14 	lds	r18, 0x146A	; 0x80146a <Temp_NTC1_MIN_ReCon>
    68ba:	30 91 6b 14 	lds	r19, 0x146B	; 0x80146b <Temp_NTC1_MIN_ReCon+0x1>
    68be:	40 91 6c 14 	lds	r20, 0x146C	; 0x80146c <Temp_NTC1_MIN_ReCon+0x2>
    68c2:	50 91 6d 14 	lds	r21, 0x146D	; 0x80146d <Temp_NTC1_MIN_ReCon+0x3>
    68c6:	0e 94 a9 48 	call	0x9152	; 0x9152 <__gesf2>
    68ca:	18 16       	cp	r1, r24
    68cc:	0c f0       	brlt	.+2      	; 0x68d0 <Process_Operating_Temperature_State+0x32>
    68ce:	45 c0       	rjmp	.+138    	; 0x695a <Process_Operating_Temperature_State+0xbc>
    68d0:	60 91 a7 10 	lds	r22, 0x10A7	; 0x8010a7 <AI_NTC_Temp_1>
    68d4:	70 91 a8 10 	lds	r23, 0x10A8	; 0x8010a8 <AI_NTC_Temp_1+0x1>
    68d8:	80 91 a9 10 	lds	r24, 0x10A9	; 0x8010a9 <AI_NTC_Temp_1+0x2>
    68dc:	90 91 aa 10 	lds	r25, 0x10AA	; 0x8010aa <AI_NTC_Temp_1+0x3>
    68e0:	20 91 76 14 	lds	r18, 0x1476	; 0x801476 <Temp_NTC1_MAX_ReCon>
    68e4:	30 91 77 14 	lds	r19, 0x1477	; 0x801477 <Temp_NTC1_MAX_ReCon+0x1>
    68e8:	40 91 78 14 	lds	r20, 0x1478	; 0x801478 <Temp_NTC1_MAX_ReCon+0x2>
    68ec:	50 91 79 14 	lds	r21, 0x1479	; 0x801479 <Temp_NTC1_MAX_ReCon+0x3>
    68f0:	0e 94 04 47 	call	0x8e08	; 0x8e08 <__cmpsf2>
    68f4:	87 ff       	sbrs	r24, 7
    68f6:	31 c0       	rjmp	.+98     	; 0x695a <Process_Operating_Temperature_State+0xbc>
    68f8:	80 91 26 14 	lds	r24, 0x1426	; 0x801426 <SysStatus_A>
    68fc:	8f 7b       	andi	r24, 0xBF	; 191
    68fe:	2b c0       	rjmp	.+86     	; 0x6956 <Process_Operating_Temperature_State+0xb8>
    6900:	60 91 a7 10 	lds	r22, 0x10A7	; 0x8010a7 <AI_NTC_Temp_1>
    6904:	70 91 a8 10 	lds	r23, 0x10A8	; 0x8010a8 <AI_NTC_Temp_1+0x1>
    6908:	80 91 a9 10 	lds	r24, 0x10A9	; 0x8010a9 <AI_NTC_Temp_1+0x2>
    690c:	90 91 aa 10 	lds	r25, 0x10AA	; 0x8010aa <AI_NTC_Temp_1+0x3>
    6910:	20 91 a3 14 	lds	r18, 0x14A3	; 0x8014a3 <Temp_NTC1_MIN_DisCon>
    6914:	30 91 a4 14 	lds	r19, 0x14A4	; 0x8014a4 <Temp_NTC1_MIN_DisCon+0x1>
    6918:	40 91 a5 14 	lds	r20, 0x14A5	; 0x8014a5 <Temp_NTC1_MIN_DisCon+0x2>
    691c:	50 91 a6 14 	lds	r21, 0x14A6	; 0x8014a6 <Temp_NTC1_MIN_DisCon+0x3>
    6920:	0e 94 04 47 	call	0x8e08	; 0x8e08 <__cmpsf2>
    6924:	87 fd       	sbrc	r24, 7
    6926:	14 c0       	rjmp	.+40     	; 0x6950 <Process_Operating_Temperature_State+0xb2>
    6928:	60 91 a7 10 	lds	r22, 0x10A7	; 0x8010a7 <AI_NTC_Temp_1>
    692c:	70 91 a8 10 	lds	r23, 0x10A8	; 0x8010a8 <AI_NTC_Temp_1+0x1>
    6930:	80 91 a9 10 	lds	r24, 0x10A9	; 0x8010a9 <AI_NTC_Temp_1+0x2>
    6934:	90 91 aa 10 	lds	r25, 0x10AA	; 0x8010aa <AI_NTC_Temp_1+0x3>
    6938:	20 91 61 14 	lds	r18, 0x1461	; 0x801461 <Temp_NTC1_MAX_DisCon>
    693c:	30 91 62 14 	lds	r19, 0x1462	; 0x801462 <Temp_NTC1_MAX_DisCon+0x1>
    6940:	40 91 63 14 	lds	r20, 0x1463	; 0x801463 <Temp_NTC1_MAX_DisCon+0x2>
    6944:	50 91 64 14 	lds	r21, 0x1464	; 0x801464 <Temp_NTC1_MAX_DisCon+0x3>
    6948:	0e 94 a9 48 	call	0x9152	; 0x9152 <__gesf2>
    694c:	18 16       	cp	r1, r24
    694e:	2c f4       	brge	.+10     	; 0x695a <Process_Operating_Temperature_State+0xbc>
    6950:	80 91 26 14 	lds	r24, 0x1426	; 0x801426 <SysStatus_A>
    6954:	80 64       	ori	r24, 0x40	; 64
    6956:	80 93 26 14 	sts	0x1426, r24	; 0x801426 <SysStatus_A>
    695a:	80 91 26 14 	lds	r24, 0x1426	; 0x801426 <SysStatus_A>
    695e:	87 ff       	sbrs	r24, 7
    6960:	2d c0       	rjmp	.+90     	; 0x69bc <Process_Operating_Temperature_State+0x11e>
    6962:	60 91 15 14 	lds	r22, 0x1415	; 0x801415 <AI_NTC_Temp_2>
    6966:	70 91 16 14 	lds	r23, 0x1416	; 0x801416 <AI_NTC_Temp_2+0x1>
    696a:	80 91 17 14 	lds	r24, 0x1417	; 0x801417 <AI_NTC_Temp_2+0x2>
    696e:	90 91 18 14 	lds	r25, 0x1418	; 0x801418 <AI_NTC_Temp_2+0x3>
    6972:	20 91 d0 14 	lds	r18, 0x14D0	; 0x8014d0 <Temp_NTC2_MIN_ReCon>
    6976:	30 91 d1 14 	lds	r19, 0x14D1	; 0x8014d1 <Temp_NTC2_MIN_ReCon+0x1>
    697a:	40 91 d2 14 	lds	r20, 0x14D2	; 0x8014d2 <Temp_NTC2_MIN_ReCon+0x2>
    697e:	50 91 d3 14 	lds	r21, 0x14D3	; 0x8014d3 <Temp_NTC2_MIN_ReCon+0x3>
    6982:	0e 94 a9 48 	call	0x9152	; 0x9152 <__gesf2>
    6986:	18 16       	cp	r1, r24
    6988:	0c f0       	brlt	.+2      	; 0x698c <Process_Operating_Temperature_State+0xee>
    698a:	45 c0       	rjmp	.+138    	; 0x6a16 <Process_Operating_Temperature_State+0x178>
    698c:	60 91 15 14 	lds	r22, 0x1415	; 0x801415 <AI_NTC_Temp_2>
    6990:	70 91 16 14 	lds	r23, 0x1416	; 0x801416 <AI_NTC_Temp_2+0x1>
    6994:	80 91 17 14 	lds	r24, 0x1417	; 0x801417 <AI_NTC_Temp_2+0x2>
    6998:	90 91 18 14 	lds	r25, 0x1418	; 0x801418 <AI_NTC_Temp_2+0x3>
    699c:	20 91 9f 14 	lds	r18, 0x149F	; 0x80149f <Temp_NTC2_MAX_ReCon>
    69a0:	30 91 a0 14 	lds	r19, 0x14A0	; 0x8014a0 <Temp_NTC2_MAX_ReCon+0x1>
    69a4:	40 91 a1 14 	lds	r20, 0x14A1	; 0x8014a1 <Temp_NTC2_MAX_ReCon+0x2>
    69a8:	50 91 a2 14 	lds	r21, 0x14A2	; 0x8014a2 <Temp_NTC2_MAX_ReCon+0x3>
    69ac:	0e 94 04 47 	call	0x8e08	; 0x8e08 <__cmpsf2>
    69b0:	87 ff       	sbrs	r24, 7
    69b2:	31 c0       	rjmp	.+98     	; 0x6a16 <Process_Operating_Temperature_State+0x178>
    69b4:	80 91 26 14 	lds	r24, 0x1426	; 0x801426 <SysStatus_A>
    69b8:	8f 77       	andi	r24, 0x7F	; 127
    69ba:	2b c0       	rjmp	.+86     	; 0x6a12 <Process_Operating_Temperature_State+0x174>
    69bc:	60 91 15 14 	lds	r22, 0x1415	; 0x801415 <AI_NTC_Temp_2>
    69c0:	70 91 16 14 	lds	r23, 0x1416	; 0x801416 <AI_NTC_Temp_2+0x1>
    69c4:	80 91 17 14 	lds	r24, 0x1417	; 0x801417 <AI_NTC_Temp_2+0x2>
    69c8:	90 91 18 14 	lds	r25, 0x1418	; 0x801418 <AI_NTC_Temp_2+0x3>
    69cc:	20 91 93 14 	lds	r18, 0x1493	; 0x801493 <Temp_NTC2_MIN_DisCon>
    69d0:	30 91 94 14 	lds	r19, 0x1494	; 0x801494 <Temp_NTC2_MIN_DisCon+0x1>
    69d4:	40 91 95 14 	lds	r20, 0x1495	; 0x801495 <Temp_NTC2_MIN_DisCon+0x2>
    69d8:	50 91 96 14 	lds	r21, 0x1496	; 0x801496 <Temp_NTC2_MIN_DisCon+0x3>
    69dc:	0e 94 04 47 	call	0x8e08	; 0x8e08 <__cmpsf2>
    69e0:	87 fd       	sbrc	r24, 7
    69e2:	14 c0       	rjmp	.+40     	; 0x6a0c <Process_Operating_Temperature_State+0x16e>
    69e4:	60 91 15 14 	lds	r22, 0x1415	; 0x801415 <AI_NTC_Temp_2>
    69e8:	70 91 16 14 	lds	r23, 0x1416	; 0x801416 <AI_NTC_Temp_2+0x1>
    69ec:	80 91 17 14 	lds	r24, 0x1417	; 0x801417 <AI_NTC_Temp_2+0x2>
    69f0:	90 91 18 14 	lds	r25, 0x1418	; 0x801418 <AI_NTC_Temp_2+0x3>
    69f4:	20 91 39 14 	lds	r18, 0x1439	; 0x801439 <Temp_NTC2_MAX_DisCon>
    69f8:	30 91 3a 14 	lds	r19, 0x143A	; 0x80143a <Temp_NTC2_MAX_DisCon+0x1>
    69fc:	40 91 3b 14 	lds	r20, 0x143B	; 0x80143b <Temp_NTC2_MAX_DisCon+0x2>
    6a00:	50 91 3c 14 	lds	r21, 0x143C	; 0x80143c <Temp_NTC2_MAX_DisCon+0x3>
    6a04:	0e 94 a9 48 	call	0x9152	; 0x9152 <__gesf2>
    6a08:	18 16       	cp	r1, r24
    6a0a:	2c f4       	brge	.+10     	; 0x6a16 <Process_Operating_Temperature_State+0x178>
    6a0c:	80 91 26 14 	lds	r24, 0x1426	; 0x801426 <SysStatus_A>
    6a10:	80 68       	ori	r24, 0x80	; 128
    6a12:	80 93 26 14 	sts	0x1426, r24	; 0x801426 <SysStatus_A>
    6a16:	08 95       	ret

00006a18 <Process_Bias_Voltage_State>:
    6a18:	60 91 11 14 	lds	r22, 0x1411	; 0x801411 <AI_Bias>
    6a1c:	70 91 12 14 	lds	r23, 0x1412	; 0x801412 <AI_Bias+0x1>
    6a20:	80 91 13 14 	lds	r24, 0x1413	; 0x801413 <AI_Bias+0x2>
    6a24:	90 91 14 14 	lds	r25, 0x1414	; 0x801414 <AI_Bias+0x3>
    6a28:	20 91 ba 02 	lds	r18, 0x02BA	; 0x8002ba <BiasV_Range_Min>
    6a2c:	30 91 bb 02 	lds	r19, 0x02BB	; 0x8002bb <BiasV_Range_Min+0x1>
    6a30:	40 91 bc 02 	lds	r20, 0x02BC	; 0x8002bc <BiasV_Range_Min+0x2>
    6a34:	50 91 bd 02 	lds	r21, 0x02BD	; 0x8002bd <BiasV_Range_Min+0x3>
    6a38:	0e 94 04 47 	call	0x8e08	; 0x8e08 <__cmpsf2>
    6a3c:	87 fd       	sbrc	r24, 7
    6a3e:	14 c0       	rjmp	.+40     	; 0x6a68 <Process_Bias_Voltage_State+0x50>
    6a40:	60 91 11 14 	lds	r22, 0x1411	; 0x801411 <AI_Bias>
    6a44:	70 91 12 14 	lds	r23, 0x1412	; 0x801412 <AI_Bias+0x1>
    6a48:	80 91 13 14 	lds	r24, 0x1413	; 0x801413 <AI_Bias+0x2>
    6a4c:	90 91 14 14 	lds	r25, 0x1414	; 0x801414 <AI_Bias+0x3>
    6a50:	20 91 aa 02 	lds	r18, 0x02AA	; 0x8002aa <__data_end>
    6a54:	30 91 ab 02 	lds	r19, 0x02AB	; 0x8002ab <__data_end+0x1>
    6a58:	40 91 ac 02 	lds	r20, 0x02AC	; 0x8002ac <__data_end+0x2>
    6a5c:	50 91 ad 02 	lds	r21, 0x02AD	; 0x8002ad <__data_end+0x3>
    6a60:	0e 94 a9 48 	call	0x9152	; 0x9152 <__gesf2>
    6a64:	18 16       	cp	r1, r24
    6a66:	8c f4       	brge	.+34     	; 0x6a8a <Process_Bias_Voltage_State+0x72>
    6a68:	80 91 5a 14 	lds	r24, 0x145A	; 0x80145a <BiasV_Error_Delay_Counter>
    6a6c:	88 23       	and	r24, r24
    6a6e:	21 f0       	breq	.+8      	; 0x6a78 <Process_Bias_Voltage_State+0x60>
    6a70:	80 91 5a 14 	lds	r24, 0x145A	; 0x80145a <BiasV_Error_Delay_Counter>
    6a74:	81 50       	subi	r24, 0x01	; 1
    6a76:	19 c0       	rjmp	.+50     	; 0x6aaa <Process_Bias_Voltage_State+0x92>
    6a78:	80 91 26 14 	lds	r24, 0x1426	; 0x801426 <SysStatus_A>
    6a7c:	80 62       	ori	r24, 0x20	; 32
    6a7e:	80 93 26 14 	sts	0x1426, r24	; 0x801426 <SysStatus_A>
    6a82:	88 ec       	ldi	r24, 0xC8	; 200
    6a84:	80 93 b0 14 	sts	0x14B0, r24	; 0x8014b0 <BiasV_Error_Timout_Counter>
    6a88:	08 95       	ret
    6a8a:	80 91 b0 14 	lds	r24, 0x14B0	; 0x8014b0 <BiasV_Error_Timout_Counter>
    6a8e:	88 23       	and	r24, r24
    6a90:	31 f0       	breq	.+12     	; 0x6a9e <Process_Bias_Voltage_State+0x86>
    6a92:	80 91 b0 14 	lds	r24, 0x14B0	; 0x8014b0 <BiasV_Error_Timout_Counter>
    6a96:	81 50       	subi	r24, 0x01	; 1
    6a98:	80 93 b0 14 	sts	0x14B0, r24	; 0x8014b0 <BiasV_Error_Timout_Counter>
    6a9c:	05 c0       	rjmp	.+10     	; 0x6aa8 <Process_Bias_Voltage_State+0x90>
    6a9e:	80 91 26 14 	lds	r24, 0x1426	; 0x801426 <SysStatus_A>
    6aa2:	8f 7d       	andi	r24, 0xDF	; 223
    6aa4:	80 93 26 14 	sts	0x1426, r24	; 0x801426 <SysStatus_A>
    6aa8:	84 e1       	ldi	r24, 0x14	; 20
    6aaa:	80 93 5a 14 	sts	0x145A, r24	; 0x80145a <BiasV_Error_Delay_Counter>
    6aae:	08 95       	ret

00006ab0 <Process_Fan_Control>:
    6ab0:	80 91 cb 14 	lds	r24, 0x14CB	; 0x8014cb <FAN_CTR_State>
    6ab4:	87 fd       	sbrc	r24, 7
    6ab6:	a7 c0       	rjmp	.+334    	; 0x6c06 <Process_Fan_Control+0x156>
    6ab8:	80 91 5b 14 	lds	r24, 0x145B	; 0x80145b <FAN_Switch_Counter>
    6abc:	90 91 5c 14 	lds	r25, 0x145C	; 0x80145c <FAN_Switch_Counter+0x1>
    6ac0:	89 2b       	or	r24, r25
    6ac2:	49 f0       	breq	.+18     	; 0x6ad6 <Process_Fan_Control+0x26>
    6ac4:	80 91 5b 14 	lds	r24, 0x145B	; 0x80145b <FAN_Switch_Counter>
    6ac8:	90 91 5c 14 	lds	r25, 0x145C	; 0x80145c <FAN_Switch_Counter+0x1>
    6acc:	01 97       	sbiw	r24, 0x01	; 1
    6ace:	90 93 5c 14 	sts	0x145C, r25	; 0x80145c <FAN_Switch_Counter+0x1>
    6ad2:	80 93 5b 14 	sts	0x145B, r24	; 0x80145b <FAN_Switch_Counter>
    6ad6:	80 91 cb 14 	lds	r24, 0x14CB	; 0x8014cb <FAN_CTR_State>
    6ada:	80 fd       	sbrc	r24, 0
    6adc:	49 c0       	rjmp	.+146    	; 0x6b70 <Process_Fan_Control+0xc0>
    6ade:	60 91 15 14 	lds	r22, 0x1415	; 0x801415 <AI_NTC_Temp_2>
    6ae2:	70 91 16 14 	lds	r23, 0x1416	; 0x801416 <AI_NTC_Temp_2+0x1>
    6ae6:	80 91 17 14 	lds	r24, 0x1417	; 0x801417 <AI_NTC_Temp_2+0x2>
    6aea:	90 91 18 14 	lds	r25, 0x1418	; 0x801418 <AI_NTC_Temp_2+0x3>
    6aee:	20 91 72 14 	lds	r18, 0x1472	; 0x801472 <FAN_NTC2_T_On>
    6af2:	30 91 73 14 	lds	r19, 0x1473	; 0x801473 <FAN_NTC2_T_On+0x1>
    6af6:	40 91 74 14 	lds	r20, 0x1474	; 0x801474 <FAN_NTC2_T_On+0x2>
    6afa:	50 91 75 14 	lds	r21, 0x1475	; 0x801475 <FAN_NTC2_T_On+0x3>
    6afe:	0e 94 a9 48 	call	0x9152	; 0x9152 <__gesf2>
    6b02:	18 16       	cp	r1, r24
    6b04:	44 f1       	brlt	.+80     	; 0x6b56 <Process_Fan_Control+0xa6>
    6b06:	60 91 a7 10 	lds	r22, 0x10A7	; 0x8010a7 <AI_NTC_Temp_1>
    6b0a:	70 91 a8 10 	lds	r23, 0x10A8	; 0x8010a8 <AI_NTC_Temp_1+0x1>
    6b0e:	80 91 a9 10 	lds	r24, 0x10A9	; 0x8010a9 <AI_NTC_Temp_1+0x2>
    6b12:	90 91 aa 10 	lds	r25, 0x10AA	; 0x8010aa <AI_NTC_Temp_1+0x3>
    6b16:	20 91 52 14 	lds	r18, 0x1452	; 0x801452 <FAN_NTC1_T_On>
    6b1a:	30 91 53 14 	lds	r19, 0x1453	; 0x801453 <FAN_NTC1_T_On+0x1>
    6b1e:	40 91 54 14 	lds	r20, 0x1454	; 0x801454 <FAN_NTC1_T_On+0x2>
    6b22:	50 91 55 14 	lds	r21, 0x1455	; 0x801455 <FAN_NTC1_T_On+0x3>
    6b26:	0e 94 a9 48 	call	0x9152	; 0x9152 <__gesf2>
    6b2a:	18 16       	cp	r1, r24
    6b2c:	a4 f0       	brlt	.+40     	; 0x6b56 <Process_Fan_Control+0xa6>
    6b2e:	60 91 d4 14 	lds	r22, 0x14D4	; 0x8014d4 <PV_Active_Load_Power>
    6b32:	70 91 d5 14 	lds	r23, 0x14D5	; 0x8014d5 <PV_Active_Load_Power+0x1>
    6b36:	80 91 d6 14 	lds	r24, 0x14D6	; 0x8014d6 <PV_Active_Load_Power+0x2>
    6b3a:	90 91 d7 14 	lds	r25, 0x14D7	; 0x8014d7 <PV_Active_Load_Power+0x3>
    6b3e:	20 91 8a 14 	lds	r18, 0x148A	; 0x80148a <FAN_Power_On>
    6b42:	30 91 8b 14 	lds	r19, 0x148B	; 0x80148b <FAN_Power_On+0x1>
    6b46:	40 91 8c 14 	lds	r20, 0x148C	; 0x80148c <FAN_Power_On+0x2>
    6b4a:	50 91 8d 14 	lds	r21, 0x148D	; 0x80148d <FAN_Power_On+0x3>
    6b4e:	0e 94 a9 48 	call	0x9152	; 0x9152 <__gesf2>
    6b52:	18 16       	cp	r1, r24
    6b54:	6c f4       	brge	.+26     	; 0x6b70 <Process_Fan_Control+0xc0>
    6b56:	80 91 cb 14 	lds	r24, 0x14CB	; 0x8014cb <FAN_CTR_State>
    6b5a:	82 60       	ori	r24, 0x02	; 2
    6b5c:	80 93 cb 14 	sts	0x14CB, r24	; 0x8014cb <FAN_CTR_State>
    6b60:	80 91 a7 14 	lds	r24, 0x14A7	; 0x8014a7 <FAN_Switch_Timer_Max>
    6b64:	90 91 a8 14 	lds	r25, 0x14A8	; 0x8014a8 <FAN_Switch_Timer_Max+0x1>
    6b68:	90 93 5c 14 	sts	0x145C, r25	; 0x80145c <FAN_Switch_Counter+0x1>
    6b6c:	80 93 5b 14 	sts	0x145B, r24	; 0x80145b <FAN_Switch_Counter>
    6b70:	80 91 cb 14 	lds	r24, 0x14CB	; 0x8014cb <FAN_CTR_State>
    6b74:	80 ff       	sbrs	r24, 0
    6b76:	47 c0       	rjmp	.+142    	; 0x6c06 <Process_Fan_Control+0x156>
    6b78:	60 91 15 14 	lds	r22, 0x1415	; 0x801415 <AI_NTC_Temp_2>
    6b7c:	70 91 16 14 	lds	r23, 0x1416	; 0x801416 <AI_NTC_Temp_2+0x1>
    6b80:	80 91 17 14 	lds	r24, 0x1417	; 0x801417 <AI_NTC_Temp_2+0x2>
    6b84:	90 91 18 14 	lds	r25, 0x1418	; 0x801418 <AI_NTC_Temp_2+0x3>
    6b88:	20 91 cc 14 	lds	r18, 0x14CC	; 0x8014cc <FAN_NTC2_T_Off>
    6b8c:	30 91 cd 14 	lds	r19, 0x14CD	; 0x8014cd <FAN_NTC2_T_Off+0x1>
    6b90:	40 91 ce 14 	lds	r20, 0x14CE	; 0x8014ce <FAN_NTC2_T_Off+0x2>
    6b94:	50 91 cf 14 	lds	r21, 0x14CF	; 0x8014cf <FAN_NTC2_T_Off+0x3>
    6b98:	0e 94 04 47 	call	0x8e08	; 0x8e08 <__cmpsf2>
    6b9c:	87 ff       	sbrs	r24, 7
    6b9e:	33 c0       	rjmp	.+102    	; 0x6c06 <Process_Fan_Control+0x156>
    6ba0:	60 91 a7 10 	lds	r22, 0x10A7	; 0x8010a7 <AI_NTC_Temp_1>
    6ba4:	70 91 a8 10 	lds	r23, 0x10A8	; 0x8010a8 <AI_NTC_Temp_1+0x1>
    6ba8:	80 91 a9 10 	lds	r24, 0x10A9	; 0x8010a9 <AI_NTC_Temp_1+0x2>
    6bac:	90 91 aa 10 	lds	r25, 0x10AA	; 0x8010aa <AI_NTC_Temp_1+0x3>
    6bb0:	20 91 82 14 	lds	r18, 0x1482	; 0x801482 <FAN_NTC1_T_Off>
    6bb4:	30 91 83 14 	lds	r19, 0x1483	; 0x801483 <FAN_NTC1_T_Off+0x1>
    6bb8:	40 91 84 14 	lds	r20, 0x1484	; 0x801484 <FAN_NTC1_T_Off+0x2>
    6bbc:	50 91 85 14 	lds	r21, 0x1485	; 0x801485 <FAN_NTC1_T_Off+0x3>
    6bc0:	0e 94 04 47 	call	0x8e08	; 0x8e08 <__cmpsf2>
    6bc4:	87 ff       	sbrs	r24, 7
    6bc6:	1f c0       	rjmp	.+62     	; 0x6c06 <Process_Fan_Control+0x156>
    6bc8:	60 91 d4 14 	lds	r22, 0x14D4	; 0x8014d4 <PV_Active_Load_Power>
    6bcc:	70 91 d5 14 	lds	r23, 0x14D5	; 0x8014d5 <PV_Active_Load_Power+0x1>
    6bd0:	80 91 d6 14 	lds	r24, 0x14D6	; 0x8014d6 <PV_Active_Load_Power+0x2>
    6bd4:	90 91 d7 14 	lds	r25, 0x14D7	; 0x8014d7 <PV_Active_Load_Power+0x3>
    6bd8:	20 91 7a 14 	lds	r18, 0x147A	; 0x80147a <FAN_Power_Off>
    6bdc:	30 91 7b 14 	lds	r19, 0x147B	; 0x80147b <FAN_Power_Off+0x1>
    6be0:	40 91 7c 14 	lds	r20, 0x147C	; 0x80147c <FAN_Power_Off+0x2>
    6be4:	50 91 7d 14 	lds	r21, 0x147D	; 0x80147d <FAN_Power_Off+0x3>
    6be8:	0e 94 04 47 	call	0x8e08	; 0x8e08 <__cmpsf2>
    6bec:	87 ff       	sbrs	r24, 7
    6bee:	0b c0       	rjmp	.+22     	; 0x6c06 <Process_Fan_Control+0x156>
    6bf0:	80 91 5b 14 	lds	r24, 0x145B	; 0x80145b <FAN_Switch_Counter>
    6bf4:	90 91 5c 14 	lds	r25, 0x145C	; 0x80145c <FAN_Switch_Counter+0x1>
    6bf8:	89 2b       	or	r24, r25
    6bfa:	29 f4       	brne	.+10     	; 0x6c06 <Process_Fan_Control+0x156>
    6bfc:	80 91 cb 14 	lds	r24, 0x14CB	; 0x8014cb <FAN_CTR_State>
    6c00:	8d 7f       	andi	r24, 0xFD	; 253
    6c02:	80 93 cb 14 	sts	0x14CB, r24	; 0x8014cb <FAN_CTR_State>
    6c06:	80 91 cb 14 	lds	r24, 0x14CB	; 0x8014cb <FAN_CTR_State>
    6c0a:	81 ff       	sbrs	r24, 1
    6c0c:	04 c0       	rjmp	.+8      	; 0x6c16 <Process_Fan_Control+0x166>
    6c0e:	80 91 cb 14 	lds	r24, 0x14CB	; 0x8014cb <FAN_CTR_State>
    6c12:	80 ff       	sbrs	r24, 0
    6c14:	08 c0       	rjmp	.+16     	; 0x6c26 <Process_Fan_Control+0x176>
    6c16:	80 91 cb 14 	lds	r24, 0x14CB	; 0x8014cb <FAN_CTR_State>
    6c1a:	81 fd       	sbrc	r24, 1
    6c1c:	1d c0       	rjmp	.+58     	; 0x6c58 <Process_Fan_Control+0x1a8>
    6c1e:	80 91 cb 14 	lds	r24, 0x14CB	; 0x8014cb <FAN_CTR_State>
    6c22:	80 ff       	sbrs	r24, 0
    6c24:	19 c0       	rjmp	.+50     	; 0x6c58 <Process_Fan_Control+0x1a8>
    6c26:	80 91 cb 14 	lds	r24, 0x14CB	; 0x8014cb <FAN_CTR_State>
    6c2a:	81 ff       	sbrs	r24, 1
    6c2c:	06 c0       	rjmp	.+12     	; 0x6c3a <Process_Fan_Control+0x18a>
    6c2e:	16 98       	cbi	0x02, 6	; 2
    6c30:	17 9a       	sbi	0x02, 7	; 2
    6c32:	80 91 cb 14 	lds	r24, 0x14CB	; 0x8014cb <FAN_CTR_State>
    6c36:	81 60       	ori	r24, 0x01	; 1
    6c38:	05 c0       	rjmp	.+10     	; 0x6c44 <Process_Fan_Control+0x194>
    6c3a:	16 9a       	sbi	0x02, 6	; 2
    6c3c:	17 98       	cbi	0x02, 7	; 2
    6c3e:	80 91 cb 14 	lds	r24, 0x14CB	; 0x8014cb <FAN_CTR_State>
    6c42:	8e 7f       	andi	r24, 0xFE	; 254
    6c44:	80 93 cb 14 	sts	0x14CB, r24	; 0x8014cb <FAN_CTR_State>
    6c48:	8f e1       	ldi	r24, 0x1F	; 31
    6c4a:	9e e4       	ldi	r25, 0x4E	; 78
    6c4c:	01 97       	sbiw	r24, 0x01	; 1
    6c4e:	f1 f7       	brne	.-4      	; 0x6c4c <Process_Fan_Control+0x19c>
    6c50:	00 c0       	rjmp	.+0      	; 0x6c52 <Process_Fan_Control+0x1a2>
    6c52:	00 00       	nop
    6c54:	16 9a       	sbi	0x02, 6	; 2
    6c56:	17 9a       	sbi	0x02, 7	; 2
    6c58:	08 95       	ret

00006c5a <Reset_Fan_Control>:
    6c5a:	10 92 5c 14 	sts	0x145C, r1	; 0x80145c <FAN_Switch_Counter+0x1>
    6c5e:	10 92 5b 14 	sts	0x145B, r1	; 0x80145b <FAN_Switch_Counter>
    6c62:	16 9a       	sbi	0x02, 6	; 2
    6c64:	17 98       	cbi	0x02, 7	; 2
    6c66:	80 91 cb 14 	lds	r24, 0x14CB	; 0x8014cb <FAN_CTR_State>
    6c6a:	8e 7f       	andi	r24, 0xFE	; 254
    6c6c:	80 93 cb 14 	sts	0x14CB, r24	; 0x8014cb <FAN_CTR_State>
    6c70:	8f e1       	ldi	r24, 0x1F	; 31
    6c72:	9e e4       	ldi	r25, 0x4E	; 78
    6c74:	01 97       	sbiw	r24, 0x01	; 1
    6c76:	f1 f7       	brne	.-4      	; 0x6c74 <Reset_Fan_Control+0x1a>
    6c78:	00 c0       	rjmp	.+0      	; 0x6c7a <Reset_Fan_Control+0x20>
    6c7a:	00 00       	nop
    6c7c:	16 9a       	sbi	0x02, 6	; 2
    6c7e:	17 9a       	sbi	0x02, 7	; 2
    6c80:	08 95       	ret

00006c82 <Check_if_Active_Errors_Output_Disabled>:
    6c82:	80 91 26 14 	lds	r24, 0x1426	; 0x801426 <SysStatus_A>
    6c86:	86 fd       	sbrc	r24, 6
    6c88:	16 c0       	rjmp	.+44     	; 0x6cb6 <Check_if_Active_Errors_Output_Disabled+0x34>
    6c8a:	80 91 26 14 	lds	r24, 0x1426	; 0x801426 <SysStatus_A>
    6c8e:	87 fd       	sbrc	r24, 7
    6c90:	12 c0       	rjmp	.+36     	; 0x6cb6 <Check_if_Active_Errors_Output_Disabled+0x34>
    6c92:	80 91 26 14 	lds	r24, 0x1426	; 0x801426 <SysStatus_A>
    6c96:	85 fd       	sbrc	r24, 5
    6c98:	0e c0       	rjmp	.+28     	; 0x6cb6 <Check_if_Active_Errors_Output_Disabled+0x34>
    6c9a:	80 91 2a 14 	lds	r24, 0x142A	; 0x80142a <SysStatus_B>
    6c9e:	84 fd       	sbrc	r24, 4
    6ca0:	0a c0       	rjmp	.+20     	; 0x6cb6 <Check_if_Active_Errors_Output_Disabled+0x34>
    6ca2:	80 91 2a 14 	lds	r24, 0x142A	; 0x80142a <SysStatus_B>
    6ca6:	85 fd       	sbrc	r24, 5
    6ca8:	06 c0       	rjmp	.+12     	; 0x6cb6 <Check_if_Active_Errors_Output_Disabled+0x34>
    6caa:	80 91 2a 14 	lds	r24, 0x142A	; 0x80142a <SysStatus_B>
    6cae:	86 fb       	bst	r24, 6
    6cb0:	88 27       	eor	r24, r24
    6cb2:	80 f9       	bld	r24, 0
    6cb4:	08 95       	ret
    6cb6:	81 e0       	ldi	r24, 0x01	; 1
    6cb8:	08 95       	ret

00006cba <Process_Error_LED_State>:
    6cba:	e3 df       	rcall	.-58     	; 0x6c82 <Check_if_Active_Errors_Output_Disabled>
    6cbc:	81 11       	cpse	r24, r1
    6cbe:	0c c0       	rjmp	.+24     	; 0x6cd8 <Process_Error_LED_State+0x1e>
    6cc0:	80 91 26 14 	lds	r24, 0x1426	; 0x801426 <SysStatus_A>
    6cc4:	84 fd       	sbrc	r24, 4
    6cc6:	08 c0       	rjmp	.+16     	; 0x6cd8 <Process_Error_LED_State+0x1e>
    6cc8:	80 91 26 14 	lds	r24, 0x1426	; 0x801426 <SysStatus_A>
    6ccc:	82 fd       	sbrc	r24, 2
    6cce:	04 c0       	rjmp	.+8      	; 0x6cd8 <Process_Error_LED_State+0x1e>
    6cd0:	80 91 26 14 	lds	r24, 0x1426	; 0x801426 <SysStatus_A>
    6cd4:	83 ff       	sbrs	r24, 3
    6cd6:	02 c0       	rjmp	.+4      	; 0x6cdc <Process_Error_LED_State+0x22>
    6cd8:	5f 9a       	sbi	0x0b, 7	; 11
    6cda:	08 95       	ret
    6cdc:	5f 98       	cbi	0x0b, 7	; 11
    6cde:	08 95       	ret

00006ce0 <Check_Temp_Disconnect_State>:
    6ce0:	cf 93       	push	r28
    6ce2:	60 91 a7 10 	lds	r22, 0x10A7	; 0x8010a7 <AI_NTC_Temp_1>
    6ce6:	70 91 a8 10 	lds	r23, 0x10A8	; 0x8010a8 <AI_NTC_Temp_1+0x1>
    6cea:	80 91 a9 10 	lds	r24, 0x10A9	; 0x8010a9 <AI_NTC_Temp_1+0x2>
    6cee:	90 91 aa 10 	lds	r25, 0x10AA	; 0x8010aa <AI_NTC_Temp_1+0x3>
    6cf2:	20 91 a3 14 	lds	r18, 0x14A3	; 0x8014a3 <Temp_NTC1_MIN_DisCon>
    6cf6:	30 91 a4 14 	lds	r19, 0x14A4	; 0x8014a4 <Temp_NTC1_MIN_DisCon+0x1>
    6cfa:	40 91 a5 14 	lds	r20, 0x14A5	; 0x8014a5 <Temp_NTC1_MIN_DisCon+0x2>
    6cfe:	50 91 a6 14 	lds	r21, 0x14A6	; 0x8014a6 <Temp_NTC1_MIN_DisCon+0x3>
    6d02:	0e 94 04 47 	call	0x8e08	; 0x8e08 <__cmpsf2>
    6d06:	87 fd       	sbrc	r24, 7
    6d08:	17 c0       	rjmp	.+46     	; 0x6d38 <Check_Temp_Disconnect_State+0x58>
    6d0a:	60 91 a7 10 	lds	r22, 0x10A7	; 0x8010a7 <AI_NTC_Temp_1>
    6d0e:	70 91 a8 10 	lds	r23, 0x10A8	; 0x8010a8 <AI_NTC_Temp_1+0x1>
    6d12:	80 91 a9 10 	lds	r24, 0x10A9	; 0x8010a9 <AI_NTC_Temp_1+0x2>
    6d16:	90 91 aa 10 	lds	r25, 0x10AA	; 0x8010aa <AI_NTC_Temp_1+0x3>
    6d1a:	20 91 61 14 	lds	r18, 0x1461	; 0x801461 <Temp_NTC1_MAX_DisCon>
    6d1e:	30 91 62 14 	lds	r19, 0x1462	; 0x801462 <Temp_NTC1_MAX_DisCon+0x1>
    6d22:	40 91 63 14 	lds	r20, 0x1463	; 0x801463 <Temp_NTC1_MAX_DisCon+0x2>
    6d26:	50 91 64 14 	lds	r21, 0x1464	; 0x801464 <Temp_NTC1_MAX_DisCon+0x3>
    6d2a:	c1 e0       	ldi	r28, 0x01	; 1
    6d2c:	0e 94 a9 48 	call	0x9152	; 0x9152 <__gesf2>
    6d30:	18 16       	cp	r1, r24
    6d32:	1c f0       	brlt	.+6      	; 0x6d3a <Check_Temp_Disconnect_State+0x5a>
    6d34:	c0 e0       	ldi	r28, 0x00	; 0
    6d36:	01 c0       	rjmp	.+2      	; 0x6d3a <Check_Temp_Disconnect_State+0x5a>
    6d38:	c1 e0       	ldi	r28, 0x01	; 1
    6d3a:	60 91 15 14 	lds	r22, 0x1415	; 0x801415 <AI_NTC_Temp_2>
    6d3e:	70 91 16 14 	lds	r23, 0x1416	; 0x801416 <AI_NTC_Temp_2+0x1>
    6d42:	80 91 17 14 	lds	r24, 0x1417	; 0x801417 <AI_NTC_Temp_2+0x2>
    6d46:	90 91 18 14 	lds	r25, 0x1418	; 0x801418 <AI_NTC_Temp_2+0x3>
    6d4a:	20 91 93 14 	lds	r18, 0x1493	; 0x801493 <Temp_NTC2_MIN_DisCon>
    6d4e:	30 91 94 14 	lds	r19, 0x1494	; 0x801494 <Temp_NTC2_MIN_DisCon+0x1>
    6d52:	40 91 95 14 	lds	r20, 0x1495	; 0x801495 <Temp_NTC2_MIN_DisCon+0x2>
    6d56:	50 91 96 14 	lds	r21, 0x1496	; 0x801496 <Temp_NTC2_MIN_DisCon+0x3>
    6d5a:	0e 94 04 47 	call	0x8e08	; 0x8e08 <__cmpsf2>
    6d5e:	87 fd       	sbrc	r24, 7
    6d60:	14 c0       	rjmp	.+40     	; 0x6d8a <Check_Temp_Disconnect_State+0xaa>
    6d62:	60 91 15 14 	lds	r22, 0x1415	; 0x801415 <AI_NTC_Temp_2>
    6d66:	70 91 16 14 	lds	r23, 0x1416	; 0x801416 <AI_NTC_Temp_2+0x1>
    6d6a:	80 91 17 14 	lds	r24, 0x1417	; 0x801417 <AI_NTC_Temp_2+0x2>
    6d6e:	90 91 18 14 	lds	r25, 0x1418	; 0x801418 <AI_NTC_Temp_2+0x3>
    6d72:	20 91 39 14 	lds	r18, 0x1439	; 0x801439 <Temp_NTC2_MAX_DisCon>
    6d76:	30 91 3a 14 	lds	r19, 0x143A	; 0x80143a <Temp_NTC2_MAX_DisCon+0x1>
    6d7a:	40 91 3b 14 	lds	r20, 0x143B	; 0x80143b <Temp_NTC2_MAX_DisCon+0x2>
    6d7e:	50 91 3c 14 	lds	r21, 0x143C	; 0x80143c <Temp_NTC2_MAX_DisCon+0x3>
    6d82:	0e 94 a9 48 	call	0x9152	; 0x9152 <__gesf2>
    6d86:	18 16       	cp	r1, r24
    6d88:	0c f4       	brge	.+2      	; 0x6d8c <Check_Temp_Disconnect_State+0xac>
    6d8a:	c1 e0       	ldi	r28, 0x01	; 1
    6d8c:	8c 2f       	mov	r24, r28
    6d8e:	cf 91       	pop	r28
    6d90:	08 95       	ret

00006d92 <PV_Mode__Constant_Current_Init>:
    6d92:	10 92 69 14 	sts	0x1469, r1	; 0x801469 <Track_Status>
    6d96:	80 91 a9 14 	lds	r24, 0x14A9	; 0x8014a9 <PV_Mode_CTR>
    6d9a:	80 93 92 14 	sts	0x1492, r24	; 0x801492 <PV_Mode_ACT>
    6d9e:	10 92 bd 14 	sts	0x14BD, r1	; 0x8014bd <PV_Volt_DAQ_New>
    6da2:	10 92 be 14 	sts	0x14BE, r1	; 0x8014be <PV_Volt_DAQ_New+0x1>
    6da6:	10 92 bf 14 	sts	0x14BF, r1	; 0x8014bf <PV_Volt_DAQ_New+0x2>
    6daa:	10 92 c0 14 	sts	0x14C0, r1	; 0x8014c0 <PV_Volt_DAQ_New+0x3>
    6dae:	80 91 69 14 	lds	r24, 0x1469	; 0x801469 <Track_Status>
    6db2:	81 60       	ori	r24, 0x01	; 1
    6db4:	80 93 69 14 	sts	0x1469, r24	; 0x801469 <Track_Status>
    6db8:	60 91 13 15 	lds	r22, 0x1513	; 0x801513 <AI_Volt_Scale>
    6dbc:	70 91 14 15 	lds	r23, 0x1514	; 0x801514 <AI_Volt_Scale+0x1>
    6dc0:	80 91 15 15 	lds	r24, 0x1515	; 0x801515 <AI_Volt_Scale+0x2>
    6dc4:	90 91 16 15 	lds	r25, 0x1516	; 0x801516 <AI_Volt_Scale+0x3>
    6dc8:	20 91 86 14 	lds	r18, 0x1486	; 0x801486 <LOAD_CurrT_Max_Step_CND>
    6dcc:	30 91 87 14 	lds	r19, 0x1487	; 0x801487 <LOAD_CurrT_Max_Step_CND+0x1>
    6dd0:	40 91 88 14 	lds	r20, 0x1488	; 0x801488 <LOAD_CurrT_Max_Step_CND+0x2>
    6dd4:	50 91 89 14 	lds	r21, 0x1489	; 0x801489 <LOAD_CurrT_Max_Step_CND+0x3>
    6dd8:	0e 94 62 49 	call	0x92c4	; 0x92c4 <__mulsf3>
    6ddc:	60 93 c7 14 	sts	0x14C7, r22	; 0x8014c7 <Track_Volt_Step_Size>
    6de0:	70 93 c8 14 	sts	0x14C8, r23	; 0x8014c8 <Track_Volt_Step_Size+0x1>
    6de4:	80 93 c9 14 	sts	0x14C9, r24	; 0x8014c9 <Track_Volt_Step_Size+0x2>
    6de8:	90 93 ca 14 	sts	0x14CA, r25	; 0x8014ca <Track_Volt_Step_Size+0x3>
    6dec:	08 95       	ret

00006dee <PV_Mode__Constant_Current_Main>:
    6dee:	8f 92       	push	r8
    6df0:	9f 92       	push	r9
    6df2:	af 92       	push	r10
    6df4:	bf 92       	push	r11
    6df6:	cf 92       	push	r12
    6df8:	df 92       	push	r13
    6dfa:	ef 92       	push	r14
    6dfc:	ff 92       	push	r15
    6dfe:	60 91 13 15 	lds	r22, 0x1513	; 0x801513 <AI_Volt_Scale>
    6e02:	70 91 14 15 	lds	r23, 0x1514	; 0x801514 <AI_Volt_Scale+0x1>
    6e06:	80 91 15 15 	lds	r24, 0x1515	; 0x801515 <AI_Volt_Scale+0x2>
    6e0a:	90 91 16 15 	lds	r25, 0x1516	; 0x801516 <AI_Volt_Scale+0x3>
    6e0e:	80 90 97 10 	lds	r8, 0x1097	; 0x801097 <AI_Volt>
    6e12:	90 90 98 10 	lds	r9, 0x1098	; 0x801098 <AI_Volt+0x1>
    6e16:	a0 90 99 10 	lds	r10, 0x1099	; 0x801099 <AI_Volt+0x2>
    6e1a:	b0 90 9a 10 	lds	r11, 0x109A	; 0x80109a <AI_Volt+0x3>
    6e1e:	c0 90 bd 14 	lds	r12, 0x14BD	; 0x8014bd <PV_Volt_DAQ_New>
    6e22:	d0 90 be 14 	lds	r13, 0x14BE	; 0x8014be <PV_Volt_DAQ_New+0x1>
    6e26:	e0 90 bf 14 	lds	r14, 0x14BF	; 0x8014bf <PV_Volt_DAQ_New+0x2>
    6e2a:	f0 90 c0 14 	lds	r15, 0x14C0	; 0x8014c0 <PV_Volt_DAQ_New+0x3>
    6e2e:	20 e0       	ldi	r18, 0x00	; 0
    6e30:	30 e0       	ldi	r19, 0x00	; 0
    6e32:	4a ef       	ldi	r20, 0xFA	; 250
    6e34:	53 e4       	ldi	r21, 0x43	; 67
    6e36:	0e 94 62 49 	call	0x92c4	; 0x92c4 <__mulsf3>
    6e3a:	a5 01       	movw	r20, r10
    6e3c:	94 01       	movw	r18, r8
    6e3e:	0e 94 a0 46 	call	0x8d40	; 0x8d40 <__addsf3>
    6e42:	a7 01       	movw	r20, r14
    6e44:	96 01       	movw	r18, r12
    6e46:	0e 94 04 47 	call	0x8e08	; 0x8e08 <__cmpsf2>
    6e4a:	87 ff       	sbrs	r24, 7
    6e4c:	15 c0       	rjmp	.+42     	; 0x6e78 <PV_Mode__Constant_Current_Main+0x8a>
    6e4e:	80 91 97 10 	lds	r24, 0x1097	; 0x801097 <AI_Volt>
    6e52:	90 91 98 10 	lds	r25, 0x1098	; 0x801098 <AI_Volt+0x1>
    6e56:	a0 91 99 10 	lds	r26, 0x1099	; 0x801099 <AI_Volt+0x2>
    6e5a:	b0 91 9a 10 	lds	r27, 0x109A	; 0x80109a <AI_Volt+0x3>
    6e5e:	80 93 bd 14 	sts	0x14BD, r24	; 0x8014bd <PV_Volt_DAQ_New>
    6e62:	90 93 be 14 	sts	0x14BE, r25	; 0x8014be <PV_Volt_DAQ_New+0x1>
    6e66:	a0 93 bf 14 	sts	0x14BF, r26	; 0x8014bf <PV_Volt_DAQ_New+0x2>
    6e6a:	b0 93 c0 14 	sts	0x14C0, r27	; 0x8014c0 <PV_Volt_DAQ_New+0x3>
    6e6e:	80 91 69 14 	lds	r24, 0x1469	; 0x801469 <Track_Status>
    6e72:	8e 7f       	andi	r24, 0xFE	; 254
    6e74:	80 93 69 14 	sts	0x1469, r24	; 0x801469 <Track_Status>
    6e78:	80 90 b1 14 	lds	r8, 0x14B1	; 0x8014b1 <PV_Curr_Setpoint>
    6e7c:	90 90 b2 14 	lds	r9, 0x14B2	; 0x8014b2 <PV_Curr_Setpoint+0x1>
    6e80:	a0 90 b3 14 	lds	r10, 0x14B3	; 0x8014b3 <PV_Curr_Setpoint+0x2>
    6e84:	b0 90 b4 14 	lds	r11, 0x14B4	; 0x8014b4 <PV_Curr_Setpoint+0x3>
    6e88:	60 91 dc 14 	lds	r22, 0x14DC	; 0x8014dc <AI_Curr_Scale>
    6e8c:	70 91 dd 14 	lds	r23, 0x14DD	; 0x8014dd <AI_Curr_Scale+0x1>
    6e90:	80 91 de 14 	lds	r24, 0x14DE	; 0x8014de <AI_Curr_Scale+0x2>
    6e94:	90 91 df 14 	lds	r25, 0x14DF	; 0x8014df <AI_Curr_Scale+0x3>
    6e98:	20 91 6e 14 	lds	r18, 0x146E	; 0x80146e <LOAD_CurrT_Tolerance_CND>
    6e9c:	30 91 6f 14 	lds	r19, 0x146F	; 0x80146f <LOAD_CurrT_Tolerance_CND+0x1>
    6ea0:	40 91 70 14 	lds	r20, 0x1470	; 0x801470 <LOAD_CurrT_Tolerance_CND+0x2>
    6ea4:	50 91 71 14 	lds	r21, 0x1471	; 0x801471 <LOAD_CurrT_Tolerance_CND+0x3>
    6ea8:	c0 90 49 12 	lds	r12, 0x1249	; 0x801249 <AI_Curr_Corr>
    6eac:	d0 90 4a 12 	lds	r13, 0x124A	; 0x80124a <AI_Curr_Corr+0x1>
    6eb0:	e0 90 4b 12 	lds	r14, 0x124B	; 0x80124b <AI_Curr_Corr+0x2>
    6eb4:	f0 90 4c 12 	lds	r15, 0x124C	; 0x80124c <AI_Curr_Corr+0x3>
    6eb8:	0e 94 62 49 	call	0x92c4	; 0x92c4 <__mulsf3>
    6ebc:	9b 01       	movw	r18, r22
    6ebe:	ac 01       	movw	r20, r24
    6ec0:	c5 01       	movw	r24, r10
    6ec2:	b4 01       	movw	r22, r8
    6ec4:	0e 94 9f 46 	call	0x8d3e	; 0x8d3e <__subsf3>
    6ec8:	a7 01       	movw	r20, r14
    6eca:	96 01       	movw	r18, r12
    6ecc:	0e 94 a9 48 	call	0x9152	; 0x9152 <__gesf2>
    6ed0:	18 16       	cp	r1, r24
    6ed2:	14 f5       	brge	.+68     	; 0x6f18 <PV_Mode__Constant_Current_Main+0x12a>
    6ed4:	60 91 bd 14 	lds	r22, 0x14BD	; 0x8014bd <PV_Volt_DAQ_New>
    6ed8:	70 91 be 14 	lds	r23, 0x14BE	; 0x8014be <PV_Volt_DAQ_New+0x1>
    6edc:	80 91 bf 14 	lds	r24, 0x14BF	; 0x8014bf <PV_Volt_DAQ_New+0x2>
    6ee0:	90 91 c0 14 	lds	r25, 0x14C0	; 0x8014c0 <PV_Volt_DAQ_New+0x3>
    6ee4:	20 91 c7 14 	lds	r18, 0x14C7	; 0x8014c7 <Track_Volt_Step_Size>
    6ee8:	30 91 c8 14 	lds	r19, 0x14C8	; 0x8014c8 <Track_Volt_Step_Size+0x1>
    6eec:	40 91 c9 14 	lds	r20, 0x14C9	; 0x8014c9 <Track_Volt_Step_Size+0x2>
    6ef0:	50 91 ca 14 	lds	r21, 0x14CA	; 0x8014ca <Track_Volt_Step_Size+0x3>
    6ef4:	0e 94 9f 46 	call	0x8d3e	; 0x8d3e <__subsf3>
    6ef8:	60 93 bd 14 	sts	0x14BD, r22	; 0x8014bd <PV_Volt_DAQ_New>
    6efc:	70 93 be 14 	sts	0x14BE, r23	; 0x8014be <PV_Volt_DAQ_New+0x1>
    6f00:	80 93 bf 14 	sts	0x14BF, r24	; 0x8014bf <PV_Volt_DAQ_New+0x2>
    6f04:	90 93 c0 14 	sts	0x14C0, r25	; 0x8014c0 <PV_Volt_DAQ_New+0x3>
    6f08:	80 91 69 14 	lds	r24, 0x1469	; 0x801469 <Track_Status>
    6f0c:	80 ff       	sbrs	r24, 0
    6f0e:	64 c0       	rjmp	.+200    	; 0x6fd8 <PV_Mode__Constant_Current_Main+0x1ea>
    6f10:	80 91 69 14 	lds	r24, 0x1469	; 0x801469 <Track_Status>
    6f14:	8e 7f       	andi	r24, 0xFE	; 254
    6f16:	4d c0       	rjmp	.+154    	; 0x6fb2 <PV_Mode__Constant_Current_Main+0x1c4>
    6f18:	60 91 dc 14 	lds	r22, 0x14DC	; 0x8014dc <AI_Curr_Scale>
    6f1c:	70 91 dd 14 	lds	r23, 0x14DD	; 0x8014dd <AI_Curr_Scale+0x1>
    6f20:	80 91 de 14 	lds	r24, 0x14DE	; 0x8014de <AI_Curr_Scale+0x2>
    6f24:	90 91 df 14 	lds	r25, 0x14DF	; 0x8014df <AI_Curr_Scale+0x3>
    6f28:	20 91 6e 14 	lds	r18, 0x146E	; 0x80146e <LOAD_CurrT_Tolerance_CND>
    6f2c:	30 91 6f 14 	lds	r19, 0x146F	; 0x80146f <LOAD_CurrT_Tolerance_CND+0x1>
    6f30:	40 91 70 14 	lds	r20, 0x1470	; 0x801470 <LOAD_CurrT_Tolerance_CND+0x2>
    6f34:	50 91 71 14 	lds	r21, 0x1471	; 0x801471 <LOAD_CurrT_Tolerance_CND+0x3>
    6f38:	80 90 b1 14 	lds	r8, 0x14B1	; 0x8014b1 <PV_Curr_Setpoint>
    6f3c:	90 90 b2 14 	lds	r9, 0x14B2	; 0x8014b2 <PV_Curr_Setpoint+0x1>
    6f40:	a0 90 b3 14 	lds	r10, 0x14B3	; 0x8014b3 <PV_Curr_Setpoint+0x2>
    6f44:	b0 90 b4 14 	lds	r11, 0x14B4	; 0x8014b4 <PV_Curr_Setpoint+0x3>
    6f48:	c0 90 49 12 	lds	r12, 0x1249	; 0x801249 <AI_Curr_Corr>
    6f4c:	d0 90 4a 12 	lds	r13, 0x124A	; 0x80124a <AI_Curr_Corr+0x1>
    6f50:	e0 90 4b 12 	lds	r14, 0x124B	; 0x80124b <AI_Curr_Corr+0x2>
    6f54:	f0 90 4c 12 	lds	r15, 0x124C	; 0x80124c <AI_Curr_Corr+0x3>
    6f58:	0e 94 62 49 	call	0x92c4	; 0x92c4 <__mulsf3>
    6f5c:	a5 01       	movw	r20, r10
    6f5e:	94 01       	movw	r18, r8
    6f60:	0e 94 a0 46 	call	0x8d40	; 0x8d40 <__addsf3>
    6f64:	a7 01       	movw	r20, r14
    6f66:	96 01       	movw	r18, r12
    6f68:	0e 94 04 47 	call	0x8e08	; 0x8e08 <__cmpsf2>
    6f6c:	87 ff       	sbrs	r24, 7
    6f6e:	4e c0       	rjmp	.+156    	; 0x700c <PV_Mode__Constant_Current_Main+0x21e>
    6f70:	60 91 bd 14 	lds	r22, 0x14BD	; 0x8014bd <PV_Volt_DAQ_New>
    6f74:	70 91 be 14 	lds	r23, 0x14BE	; 0x8014be <PV_Volt_DAQ_New+0x1>
    6f78:	80 91 bf 14 	lds	r24, 0x14BF	; 0x8014bf <PV_Volt_DAQ_New+0x2>
    6f7c:	90 91 c0 14 	lds	r25, 0x14C0	; 0x8014c0 <PV_Volt_DAQ_New+0x3>
    6f80:	20 91 c7 14 	lds	r18, 0x14C7	; 0x8014c7 <Track_Volt_Step_Size>
    6f84:	30 91 c8 14 	lds	r19, 0x14C8	; 0x8014c8 <Track_Volt_Step_Size+0x1>
    6f88:	40 91 c9 14 	lds	r20, 0x14C9	; 0x8014c9 <Track_Volt_Step_Size+0x2>
    6f8c:	50 91 ca 14 	lds	r21, 0x14CA	; 0x8014ca <Track_Volt_Step_Size+0x3>
    6f90:	0e 94 a0 46 	call	0x8d40	; 0x8d40 <__addsf3>
    6f94:	60 93 bd 14 	sts	0x14BD, r22	; 0x8014bd <PV_Volt_DAQ_New>
    6f98:	70 93 be 14 	sts	0x14BE, r23	; 0x8014be <PV_Volt_DAQ_New+0x1>
    6f9c:	80 93 bf 14 	sts	0x14BF, r24	; 0x8014bf <PV_Volt_DAQ_New+0x2>
    6fa0:	90 93 c0 14 	sts	0x14C0, r25	; 0x8014c0 <PV_Volt_DAQ_New+0x3>
    6fa4:	80 91 69 14 	lds	r24, 0x1469	; 0x801469 <Track_Status>
    6fa8:	80 fd       	sbrc	r24, 0
    6faa:	16 c0       	rjmp	.+44     	; 0x6fd8 <PV_Mode__Constant_Current_Main+0x1ea>
    6fac:	80 91 69 14 	lds	r24, 0x1469	; 0x801469 <Track_Status>
    6fb0:	81 60       	ori	r24, 0x01	; 1
    6fb2:	80 93 69 14 	sts	0x1469, r24	; 0x801469 <Track_Status>
    6fb6:	60 91 c7 14 	lds	r22, 0x14C7	; 0x8014c7 <Track_Volt_Step_Size>
    6fba:	70 91 c8 14 	lds	r23, 0x14C8	; 0x8014c8 <Track_Volt_Step_Size+0x1>
    6fbe:	80 91 c9 14 	lds	r24, 0x14C9	; 0x8014c9 <Track_Volt_Step_Size+0x2>
    6fc2:	90 91 ca 14 	lds	r25, 0x14CA	; 0x8014ca <Track_Volt_Step_Size+0x3>
    6fc6:	20 91 b5 14 	lds	r18, 0x14B5	; 0x8014b5 <LOAD_CurrT_Step_Reduction_Fact>
    6fca:	30 91 b6 14 	lds	r19, 0x14B6	; 0x8014b6 <LOAD_CurrT_Step_Reduction_Fact+0x1>
    6fce:	40 91 b7 14 	lds	r20, 0x14B7	; 0x8014b7 <LOAD_CurrT_Step_Reduction_Fact+0x2>
    6fd2:	50 91 b8 14 	lds	r21, 0x14B8	; 0x8014b8 <LOAD_CurrT_Step_Reduction_Fact+0x3>
    6fd6:	10 c0       	rjmp	.+32     	; 0x6ff8 <PV_Mode__Constant_Current_Main+0x20a>
    6fd8:	60 91 c7 14 	lds	r22, 0x14C7	; 0x8014c7 <Track_Volt_Step_Size>
    6fdc:	70 91 c8 14 	lds	r23, 0x14C8	; 0x8014c8 <Track_Volt_Step_Size+0x1>
    6fe0:	80 91 c9 14 	lds	r24, 0x14C9	; 0x8014c9 <Track_Volt_Step_Size+0x2>
    6fe4:	90 91 ca 14 	lds	r25, 0x14CA	; 0x8014ca <Track_Volt_Step_Size+0x3>
    6fe8:	20 91 65 14 	lds	r18, 0x1465	; 0x801465 <LOAD_CurrT_Step_Increase_Fact>
    6fec:	30 91 66 14 	lds	r19, 0x1466	; 0x801466 <LOAD_CurrT_Step_Increase_Fact+0x1>
    6ff0:	40 91 67 14 	lds	r20, 0x1467	; 0x801467 <LOAD_CurrT_Step_Increase_Fact+0x2>
    6ff4:	50 91 68 14 	lds	r21, 0x1468	; 0x801468 <LOAD_CurrT_Step_Increase_Fact+0x3>
    6ff8:	0e 94 62 49 	call	0x92c4	; 0x92c4 <__mulsf3>
    6ffc:	60 93 c7 14 	sts	0x14C7, r22	; 0x8014c7 <Track_Volt_Step_Size>
    7000:	70 93 c8 14 	sts	0x14C8, r23	; 0x8014c8 <Track_Volt_Step_Size+0x1>
    7004:	80 93 c9 14 	sts	0x14C9, r24	; 0x8014c9 <Track_Volt_Step_Size+0x2>
    7008:	90 93 ca 14 	sts	0x14CA, r25	; 0x8014ca <Track_Volt_Step_Size+0x3>
    700c:	60 91 13 15 	lds	r22, 0x1513	; 0x801513 <AI_Volt_Scale>
    7010:	70 91 14 15 	lds	r23, 0x1514	; 0x801514 <AI_Volt_Scale+0x1>
    7014:	80 91 15 15 	lds	r24, 0x1515	; 0x801515 <AI_Volt_Scale+0x2>
    7018:	90 91 16 15 	lds	r25, 0x1516	; 0x801516 <AI_Volt_Scale+0x3>
    701c:	20 91 86 14 	lds	r18, 0x1486	; 0x801486 <LOAD_CurrT_Max_Step_CND>
    7020:	30 91 87 14 	lds	r19, 0x1487	; 0x801487 <LOAD_CurrT_Max_Step_CND+0x1>
    7024:	40 91 88 14 	lds	r20, 0x1488	; 0x801488 <LOAD_CurrT_Max_Step_CND+0x2>
    7028:	50 91 89 14 	lds	r21, 0x1489	; 0x801489 <LOAD_CurrT_Max_Step_CND+0x3>
    702c:	c0 90 c7 14 	lds	r12, 0x14C7	; 0x8014c7 <Track_Volt_Step_Size>
    7030:	d0 90 c8 14 	lds	r13, 0x14C8	; 0x8014c8 <Track_Volt_Step_Size+0x1>
    7034:	e0 90 c9 14 	lds	r14, 0x14C9	; 0x8014c9 <Track_Volt_Step_Size+0x2>
    7038:	f0 90 ca 14 	lds	r15, 0x14CA	; 0x8014ca <Track_Volt_Step_Size+0x3>
    703c:	0e 94 62 49 	call	0x92c4	; 0x92c4 <__mulsf3>
    7040:	a7 01       	movw	r20, r14
    7042:	96 01       	movw	r18, r12
    7044:	0e 94 04 47 	call	0x8e08	; 0x8e08 <__cmpsf2>
    7048:	87 ff       	sbrs	r24, 7
    704a:	11 c0       	rjmp	.+34     	; 0x706e <PV_Mode__Constant_Current_Main+0x280>
    704c:	60 91 13 15 	lds	r22, 0x1513	; 0x801513 <AI_Volt_Scale>
    7050:	70 91 14 15 	lds	r23, 0x1514	; 0x801514 <AI_Volt_Scale+0x1>
    7054:	80 91 15 15 	lds	r24, 0x1515	; 0x801515 <AI_Volt_Scale+0x2>
    7058:	90 91 16 15 	lds	r25, 0x1516	; 0x801516 <AI_Volt_Scale+0x3>
    705c:	20 91 86 14 	lds	r18, 0x1486	; 0x801486 <LOAD_CurrT_Max_Step_CND>
    7060:	30 91 87 14 	lds	r19, 0x1487	; 0x801487 <LOAD_CurrT_Max_Step_CND+0x1>
    7064:	40 91 88 14 	lds	r20, 0x1488	; 0x801488 <LOAD_CurrT_Max_Step_CND+0x2>
    7068:	50 91 89 14 	lds	r21, 0x1489	; 0x801489 <LOAD_CurrT_Max_Step_CND+0x3>
    706c:	30 c0       	rjmp	.+96     	; 0x70ce <PV_Mode__Constant_Current_Main+0x2e0>
    706e:	60 91 13 15 	lds	r22, 0x1513	; 0x801513 <AI_Volt_Scale>
    7072:	70 91 14 15 	lds	r23, 0x1514	; 0x801514 <AI_Volt_Scale+0x1>
    7076:	80 91 15 15 	lds	r24, 0x1515	; 0x801515 <AI_Volt_Scale+0x2>
    707a:	90 91 16 15 	lds	r25, 0x1516	; 0x801516 <AI_Volt_Scale+0x3>
    707e:	20 91 35 14 	lds	r18, 0x1435	; 0x801435 <LOAD_CurrT_Min_Step_CND>
    7082:	30 91 36 14 	lds	r19, 0x1436	; 0x801436 <LOAD_CurrT_Min_Step_CND+0x1>
    7086:	40 91 37 14 	lds	r20, 0x1437	; 0x801437 <LOAD_CurrT_Min_Step_CND+0x2>
    708a:	50 91 38 14 	lds	r21, 0x1438	; 0x801438 <LOAD_CurrT_Min_Step_CND+0x3>
    708e:	c0 90 c7 14 	lds	r12, 0x14C7	; 0x8014c7 <Track_Volt_Step_Size>
    7092:	d0 90 c8 14 	lds	r13, 0x14C8	; 0x8014c8 <Track_Volt_Step_Size+0x1>
    7096:	e0 90 c9 14 	lds	r14, 0x14C9	; 0x8014c9 <Track_Volt_Step_Size+0x2>
    709a:	f0 90 ca 14 	lds	r15, 0x14CA	; 0x8014ca <Track_Volt_Step_Size+0x3>
    709e:	0e 94 62 49 	call	0x92c4	; 0x92c4 <__mulsf3>
    70a2:	a7 01       	movw	r20, r14
    70a4:	96 01       	movw	r18, r12
    70a6:	0e 94 a9 48 	call	0x9152	; 0x9152 <__gesf2>
    70aa:	18 16       	cp	r1, r24
    70ac:	d4 f4       	brge	.+52     	; 0x70e2 <PV_Mode__Constant_Current_Main+0x2f4>
    70ae:	60 91 13 15 	lds	r22, 0x1513	; 0x801513 <AI_Volt_Scale>
    70b2:	70 91 14 15 	lds	r23, 0x1514	; 0x801514 <AI_Volt_Scale+0x1>
    70b6:	80 91 15 15 	lds	r24, 0x1515	; 0x801515 <AI_Volt_Scale+0x2>
    70ba:	90 91 16 15 	lds	r25, 0x1516	; 0x801516 <AI_Volt_Scale+0x3>
    70be:	20 91 35 14 	lds	r18, 0x1435	; 0x801435 <LOAD_CurrT_Min_Step_CND>
    70c2:	30 91 36 14 	lds	r19, 0x1436	; 0x801436 <LOAD_CurrT_Min_Step_CND+0x1>
    70c6:	40 91 37 14 	lds	r20, 0x1437	; 0x801437 <LOAD_CurrT_Min_Step_CND+0x2>
    70ca:	50 91 38 14 	lds	r21, 0x1438	; 0x801438 <LOAD_CurrT_Min_Step_CND+0x3>
    70ce:	0e 94 62 49 	call	0x92c4	; 0x92c4 <__mulsf3>
    70d2:	60 93 c7 14 	sts	0x14C7, r22	; 0x8014c7 <Track_Volt_Step_Size>
    70d6:	70 93 c8 14 	sts	0x14C8, r23	; 0x8014c8 <Track_Volt_Step_Size+0x1>
    70da:	80 93 c9 14 	sts	0x14C9, r24	; 0x8014c9 <Track_Volt_Step_Size+0x2>
    70de:	90 93 ca 14 	sts	0x14CA, r25	; 0x8014ca <Track_Volt_Step_Size+0x3>
    70e2:	60 91 bd 14 	lds	r22, 0x14BD	; 0x8014bd <PV_Volt_DAQ_New>
    70e6:	70 91 be 14 	lds	r23, 0x14BE	; 0x8014be <PV_Volt_DAQ_New+0x1>
    70ea:	80 91 bf 14 	lds	r24, 0x14BF	; 0x8014bf <PV_Volt_DAQ_New+0x2>
    70ee:	90 91 c0 14 	lds	r25, 0x14C0	; 0x8014c0 <PV_Volt_DAQ_New+0x3>
    70f2:	20 e0       	ldi	r18, 0x00	; 0
    70f4:	30 e0       	ldi	r19, 0x00	; 0
    70f6:	a9 01       	movw	r20, r18
    70f8:	0e 94 04 47 	call	0x8e08	; 0x8e08 <__cmpsf2>
    70fc:	87 ff       	sbrs	r24, 7
    70fe:	0d c0       	rjmp	.+26     	; 0x711a <PV_Mode__Constant_Current_Main+0x32c>
    7100:	10 92 bd 14 	sts	0x14BD, r1	; 0x8014bd <PV_Volt_DAQ_New>
    7104:	10 92 be 14 	sts	0x14BE, r1	; 0x8014be <PV_Volt_DAQ_New+0x1>
    7108:	10 92 bf 14 	sts	0x14BF, r1	; 0x8014bf <PV_Volt_DAQ_New+0x2>
    710c:	10 92 c0 14 	sts	0x14C0, r1	; 0x8014c0 <PV_Volt_DAQ_New+0x3>
    7110:	80 91 69 14 	lds	r24, 0x1469	; 0x801469 <Track_Status>
    7114:	81 60       	ori	r24, 0x01	; 1
    7116:	80 93 69 14 	sts	0x1469, r24	; 0x801469 <Track_Status>
    711a:	ff 90       	pop	r15
    711c:	ef 90       	pop	r14
    711e:	df 90       	pop	r13
    7120:	cf 90       	pop	r12
    7122:	bf 90       	pop	r11
    7124:	af 90       	pop	r10
    7126:	9f 90       	pop	r9
    7128:	8f 90       	pop	r8
    712a:	08 95       	ret

0000712c <PV_Mode__MPPT_Simple_Init>:
    712c:	10 92 69 14 	sts	0x1469, r1	; 0x801469 <Track_Status>
    7130:	80 e0       	ldi	r24, 0x00	; 0
    7132:	90 e0       	ldi	r25, 0x00	; 0
    7134:	aa e7       	ldi	r26, 0x7A	; 122
    7136:	b4 ec       	ldi	r27, 0xC4	; 196
    7138:	80 93 5d 14 	sts	0x145D, r24	; 0x80145d <Track_Power_Old>
    713c:	90 93 5e 14 	sts	0x145E, r25	; 0x80145e <Track_Power_Old+0x1>
    7140:	a0 93 5f 14 	sts	0x145F, r26	; 0x80145f <Track_Power_Old+0x2>
    7144:	b0 93 60 14 	sts	0x1460, r27	; 0x801460 <Track_Power_Old+0x3>
    7148:	80 93 d4 14 	sts	0x14D4, r24	; 0x8014d4 <PV_Active_Load_Power>
    714c:	90 93 d5 14 	sts	0x14D5, r25	; 0x8014d5 <PV_Active_Load_Power+0x1>
    7150:	a0 93 d6 14 	sts	0x14D6, r26	; 0x8014d6 <PV_Active_Load_Power+0x2>
    7154:	b0 93 d7 14 	sts	0x14D7, r27	; 0x8014d7 <PV_Active_Load_Power+0x3>
    7158:	80 91 c5 14 	lds	r24, 0x14C5	; 0x8014c5 <LOAD_MPPT_Timer_Update_Delay>
    715c:	90 91 c6 14 	lds	r25, 0x14C6	; 0x8014c6 <LOAD_MPPT_Timer_Update_Delay+0x1>
    7160:	90 93 ab 14 	sts	0x14AB, r25	; 0x8014ab <LOAD_MPPT_Update_Counter+0x1>
    7164:	80 93 aa 14 	sts	0x14AA, r24	; 0x8014aa <LOAD_MPPT_Update_Counter>
    7168:	80 91 a9 14 	lds	r24, 0x14A9	; 0x8014a9 <PV_Mode_CTR>
    716c:	80 93 92 14 	sts	0x1492, r24	; 0x801492 <PV_Mode_ACT>
    7170:	0e 94 59 01 	call	0x2b2	; 0x2b2 <IV_MEAS__Get_Voc_Set_Optimum_Range>
    7174:	26 e6       	ldi	r18, 0x66	; 102
    7176:	36 e6       	ldi	r19, 0x66	; 102
    7178:	46 e2       	ldi	r20, 0x26	; 38
    717a:	5f e3       	ldi	r21, 0x3F	; 63
    717c:	0e 94 62 49 	call	0x92c4	; 0x92c4 <__mulsf3>
    7180:	60 93 bd 14 	sts	0x14BD, r22	; 0x8014bd <PV_Volt_DAQ_New>
    7184:	70 93 be 14 	sts	0x14BE, r23	; 0x8014be <PV_Volt_DAQ_New+0x1>
    7188:	80 93 bf 14 	sts	0x14BF, r24	; 0x8014bf <PV_Volt_DAQ_New+0x2>
    718c:	90 93 c0 14 	sts	0x14C0, r25	; 0x8014c0 <PV_Volt_DAQ_New+0x3>
    7190:	80 91 69 14 	lds	r24, 0x1469	; 0x801469 <Track_Status>
    7194:	81 60       	ori	r24, 0x01	; 1
    7196:	80 93 69 14 	sts	0x1469, r24	; 0x801469 <Track_Status>
    719a:	60 91 13 15 	lds	r22, 0x1513	; 0x801513 <AI_Volt_Scale>
    719e:	70 91 14 15 	lds	r23, 0x1514	; 0x801514 <AI_Volt_Scale+0x1>
    71a2:	80 91 15 15 	lds	r24, 0x1515	; 0x801515 <AI_Volt_Scale+0x2>
    71a6:	90 91 16 15 	lds	r25, 0x1516	; 0x801516 <AI_Volt_Scale+0x3>
    71aa:	20 91 8e 14 	lds	r18, 0x148E	; 0x80148e <LOAD_MPPT_Max_Step_CND>
    71ae:	30 91 8f 14 	lds	r19, 0x148F	; 0x80148f <LOAD_MPPT_Max_Step_CND+0x1>
    71b2:	40 91 90 14 	lds	r20, 0x1490	; 0x801490 <LOAD_MPPT_Max_Step_CND+0x2>
    71b6:	50 91 91 14 	lds	r21, 0x1491	; 0x801491 <LOAD_MPPT_Max_Step_CND+0x3>
    71ba:	0e 94 62 49 	call	0x92c4	; 0x92c4 <__mulsf3>
    71be:	60 93 c7 14 	sts	0x14C7, r22	; 0x8014c7 <Track_Volt_Step_Size>
    71c2:	70 93 c8 14 	sts	0x14C8, r23	; 0x8014c8 <Track_Volt_Step_Size+0x1>
    71c6:	80 93 c9 14 	sts	0x14C9, r24	; 0x8014c9 <Track_Volt_Step_Size+0x2>
    71ca:	90 93 ca 14 	sts	0x14CA, r25	; 0x8014ca <Track_Volt_Step_Size+0x3>
    71ce:	08 95       	ret

000071d0 <PV_Mode__MPPT_Simple_Main>:
    71d0:	4f 92       	push	r4
    71d2:	5f 92       	push	r5
    71d4:	6f 92       	push	r6
    71d6:	7f 92       	push	r7
    71d8:	8f 92       	push	r8
    71da:	9f 92       	push	r9
    71dc:	af 92       	push	r10
    71de:	bf 92       	push	r11
    71e0:	cf 92       	push	r12
    71e2:	df 92       	push	r13
    71e4:	ef 92       	push	r14
    71e6:	ff 92       	push	r15
    71e8:	80 91 aa 14 	lds	r24, 0x14AA	; 0x8014aa <LOAD_MPPT_Update_Counter>
    71ec:	90 91 ab 14 	lds	r25, 0x14AB	; 0x8014ab <LOAD_MPPT_Update_Counter+0x1>
    71f0:	01 97       	sbiw	r24, 0x01	; 1
    71f2:	90 93 ab 14 	sts	0x14AB, r25	; 0x8014ab <LOAD_MPPT_Update_Counter+0x1>
    71f6:	80 93 aa 14 	sts	0x14AA, r24	; 0x8014aa <LOAD_MPPT_Update_Counter>
    71fa:	80 91 aa 14 	lds	r24, 0x14AA	; 0x8014aa <LOAD_MPPT_Update_Counter>
    71fe:	90 91 ab 14 	lds	r25, 0x14AB	; 0x8014ab <LOAD_MPPT_Update_Counter+0x1>
    7202:	89 2b       	or	r24, r25
    7204:	09 f0       	breq	.+2      	; 0x7208 <PV_Mode__MPPT_Simple_Main+0x38>
    7206:	67 c2       	rjmp	.+1230   	; 0x76d6 <PV_Mode__MPPT_Simple_Main+0x506>
    7208:	80 91 c5 14 	lds	r24, 0x14C5	; 0x8014c5 <LOAD_MPPT_Timer_Update_Delay>
    720c:	90 91 c6 14 	lds	r25, 0x14C6	; 0x8014c6 <LOAD_MPPT_Timer_Update_Delay+0x1>
    7210:	90 93 ab 14 	sts	0x14AB, r25	; 0x8014ab <LOAD_MPPT_Update_Counter+0x1>
    7214:	80 93 aa 14 	sts	0x14AA, r24	; 0x8014aa <LOAD_MPPT_Update_Counter>
    7218:	80 91 69 14 	lds	r24, 0x1469	; 0x801469 <Track_Status>
    721c:	87 ff       	sbrs	r24, 7
    721e:	08 c0       	rjmp	.+16     	; 0x7230 <PV_Mode__MPPT_Simple_Main+0x60>
    7220:	80 91 69 14 	lds	r24, 0x1469	; 0x801469 <Track_Status>
    7224:	8f 77       	andi	r24, 0x7F	; 127
    7226:	80 93 69 14 	sts	0x1469, r24	; 0x801469 <Track_Status>
    722a:	0e 94 4a 05 	call	0xa94	; 0xa94 <get_DAC_Volt_at_Pmax_from_IV>
    722e:	92 c1       	rjmp	.+804    	; 0x7554 <PV_Mode__MPPT_Simple_Main+0x384>
    7230:	60 91 13 15 	lds	r22, 0x1513	; 0x801513 <AI_Volt_Scale>
    7234:	70 91 14 15 	lds	r23, 0x1514	; 0x801514 <AI_Volt_Scale+0x1>
    7238:	80 91 15 15 	lds	r24, 0x1515	; 0x801515 <AI_Volt_Scale+0x2>
    723c:	90 91 16 15 	lds	r25, 0x1516	; 0x801516 <AI_Volt_Scale+0x3>
    7240:	80 90 97 10 	lds	r8, 0x1097	; 0x801097 <AI_Volt>
    7244:	90 90 98 10 	lds	r9, 0x1098	; 0x801098 <AI_Volt+0x1>
    7248:	a0 90 99 10 	lds	r10, 0x1099	; 0x801099 <AI_Volt+0x2>
    724c:	b0 90 9a 10 	lds	r11, 0x109A	; 0x80109a <AI_Volt+0x3>
    7250:	c0 90 bd 14 	lds	r12, 0x14BD	; 0x8014bd <PV_Volt_DAQ_New>
    7254:	d0 90 be 14 	lds	r13, 0x14BE	; 0x8014be <PV_Volt_DAQ_New+0x1>
    7258:	e0 90 bf 14 	lds	r14, 0x14BF	; 0x8014bf <PV_Volt_DAQ_New+0x2>
    725c:	f0 90 c0 14 	lds	r15, 0x14C0	; 0x8014c0 <PV_Volt_DAQ_New+0x3>
    7260:	20 e0       	ldi	r18, 0x00	; 0
    7262:	30 e0       	ldi	r19, 0x00	; 0
    7264:	4a ef       	ldi	r20, 0xFA	; 250
    7266:	53 e4       	ldi	r21, 0x43	; 67
    7268:	0e 94 62 49 	call	0x92c4	; 0x92c4 <__mulsf3>
    726c:	a5 01       	movw	r20, r10
    726e:	94 01       	movw	r18, r8
    7270:	0e 94 a0 46 	call	0x8d40	; 0x8d40 <__addsf3>
    7274:	a7 01       	movw	r20, r14
    7276:	96 01       	movw	r18, r12
    7278:	0e 94 04 47 	call	0x8e08	; 0x8e08 <__cmpsf2>
    727c:	87 ff       	sbrs	r24, 7
    727e:	1c c0       	rjmp	.+56     	; 0x72b8 <PV_Mode__MPPT_Simple_Main+0xe8>
    7280:	60 91 97 10 	lds	r22, 0x1097	; 0x801097 <AI_Volt>
    7284:	70 91 98 10 	lds	r23, 0x1098	; 0x801098 <AI_Volt+0x1>
    7288:	80 91 99 10 	lds	r24, 0x1099	; 0x801099 <AI_Volt+0x2>
    728c:	90 91 9a 10 	lds	r25, 0x109A	; 0x80109a <AI_Volt+0x3>
    7290:	26 e6       	ldi	r18, 0x66	; 102
    7292:	36 e6       	ldi	r19, 0x66	; 102
    7294:	46 e6       	ldi	r20, 0x66	; 102
    7296:	5f e3       	ldi	r21, 0x3F	; 63
    7298:	0e 94 62 49 	call	0x92c4	; 0x92c4 <__mulsf3>
    729c:	60 93 bd 14 	sts	0x14BD, r22	; 0x8014bd <PV_Volt_DAQ_New>
    72a0:	70 93 be 14 	sts	0x14BE, r23	; 0x8014be <PV_Volt_DAQ_New+0x1>
    72a4:	80 93 bf 14 	sts	0x14BF, r24	; 0x8014bf <PV_Volt_DAQ_New+0x2>
    72a8:	90 93 c0 14 	sts	0x14C0, r25	; 0x8014c0 <PV_Volt_DAQ_New+0x3>
    72ac:	80 91 69 14 	lds	r24, 0x1469	; 0x801469 <Track_Status>
    72b0:	8e 7f       	andi	r24, 0xFE	; 254
    72b2:	80 93 69 14 	sts	0x1469, r24	; 0x801469 <Track_Status>
    72b6:	69 c0       	rjmp	.+210    	; 0x738a <PV_Mode__MPPT_Simple_Main+0x1ba>
    72b8:	60 91 13 15 	lds	r22, 0x1513	; 0x801513 <AI_Volt_Scale>
    72bc:	70 91 14 15 	lds	r23, 0x1514	; 0x801514 <AI_Volt_Scale+0x1>
    72c0:	80 91 15 15 	lds	r24, 0x1515	; 0x801515 <AI_Volt_Scale+0x2>
    72c4:	90 91 16 15 	lds	r25, 0x1516	; 0x801516 <AI_Volt_Scale+0x3>
    72c8:	20 91 dc 14 	lds	r18, 0x14DC	; 0x8014dc <AI_Curr_Scale>
    72cc:	30 91 dd 14 	lds	r19, 0x14DD	; 0x8014dd <AI_Curr_Scale+0x1>
    72d0:	40 91 de 14 	lds	r20, 0x14DE	; 0x8014de <AI_Curr_Scale+0x2>
    72d4:	50 91 df 14 	lds	r21, 0x14DF	; 0x8014df <AI_Curr_Scale+0x3>
    72d8:	40 90 b9 14 	lds	r4, 0x14B9	; 0x8014b9 <LOAD_MPPT_Tolerance_CND>
    72dc:	50 90 ba 14 	lds	r5, 0x14BA	; 0x8014ba <LOAD_MPPT_Tolerance_CND+0x1>
    72e0:	60 90 bb 14 	lds	r6, 0x14BB	; 0x8014bb <LOAD_MPPT_Tolerance_CND+0x2>
    72e4:	70 90 bc 14 	lds	r7, 0x14BC	; 0x8014bc <LOAD_MPPT_Tolerance_CND+0x3>
    72e8:	80 90 5d 14 	lds	r8, 0x145D	; 0x80145d <Track_Power_Old>
    72ec:	90 90 5e 14 	lds	r9, 0x145E	; 0x80145e <Track_Power_Old+0x1>
    72f0:	a0 90 5f 14 	lds	r10, 0x145F	; 0x80145f <Track_Power_Old+0x2>
    72f4:	b0 90 60 14 	lds	r11, 0x1460	; 0x801460 <Track_Power_Old+0x3>
    72f8:	c0 90 d4 14 	lds	r12, 0x14D4	; 0x8014d4 <PV_Active_Load_Power>
    72fc:	d0 90 d5 14 	lds	r13, 0x14D5	; 0x8014d5 <PV_Active_Load_Power+0x1>
    7300:	e0 90 d6 14 	lds	r14, 0x14D6	; 0x8014d6 <PV_Active_Load_Power+0x2>
    7304:	f0 90 d7 14 	lds	r15, 0x14D7	; 0x8014d7 <PV_Active_Load_Power+0x3>
    7308:	0e 94 62 49 	call	0x92c4	; 0x92c4 <__mulsf3>
    730c:	a3 01       	movw	r20, r6
    730e:	92 01       	movw	r18, r4
    7310:	0e 94 62 49 	call	0x92c4	; 0x92c4 <__mulsf3>
    7314:	a5 01       	movw	r20, r10
    7316:	94 01       	movw	r18, r8
    7318:	0e 94 a0 46 	call	0x8d40	; 0x8d40 <__addsf3>
    731c:	a7 01       	movw	r20, r14
    731e:	96 01       	movw	r18, r12
    7320:	0e 94 04 47 	call	0x8e08	; 0x8e08 <__cmpsf2>
    7324:	87 ff       	sbrs	r24, 7
    7326:	4c c0       	rjmp	.+152    	; 0x73c0 <PV_Mode__MPPT_Simple_Main+0x1f0>
    7328:	80 91 69 14 	lds	r24, 0x1469	; 0x801469 <Track_Status>
    732c:	80 ff       	sbrs	r24, 0
    732e:	13 c0       	rjmp	.+38     	; 0x7356 <PV_Mode__MPPT_Simple_Main+0x186>
    7330:	60 91 bd 14 	lds	r22, 0x14BD	; 0x8014bd <PV_Volt_DAQ_New>
    7334:	70 91 be 14 	lds	r23, 0x14BE	; 0x8014be <PV_Volt_DAQ_New+0x1>
    7338:	80 91 bf 14 	lds	r24, 0x14BF	; 0x8014bf <PV_Volt_DAQ_New+0x2>
    733c:	90 91 c0 14 	lds	r25, 0x14C0	; 0x8014c0 <PV_Volt_DAQ_New+0x3>
    7340:	20 91 c7 14 	lds	r18, 0x14C7	; 0x8014c7 <Track_Volt_Step_Size>
    7344:	30 91 c8 14 	lds	r19, 0x14C8	; 0x8014c8 <Track_Volt_Step_Size+0x1>
    7348:	40 91 c9 14 	lds	r20, 0x14C9	; 0x8014c9 <Track_Volt_Step_Size+0x2>
    734c:	50 91 ca 14 	lds	r21, 0x14CA	; 0x8014ca <Track_Volt_Step_Size+0x3>
    7350:	0e 94 a0 46 	call	0x8d40	; 0x8d40 <__addsf3>
    7354:	12 c0       	rjmp	.+36     	; 0x737a <PV_Mode__MPPT_Simple_Main+0x1aa>
    7356:	60 91 bd 14 	lds	r22, 0x14BD	; 0x8014bd <PV_Volt_DAQ_New>
    735a:	70 91 be 14 	lds	r23, 0x14BE	; 0x8014be <PV_Volt_DAQ_New+0x1>
    735e:	80 91 bf 14 	lds	r24, 0x14BF	; 0x8014bf <PV_Volt_DAQ_New+0x2>
    7362:	90 91 c0 14 	lds	r25, 0x14C0	; 0x8014c0 <PV_Volt_DAQ_New+0x3>
    7366:	20 91 c7 14 	lds	r18, 0x14C7	; 0x8014c7 <Track_Volt_Step_Size>
    736a:	30 91 c8 14 	lds	r19, 0x14C8	; 0x8014c8 <Track_Volt_Step_Size+0x1>
    736e:	40 91 c9 14 	lds	r20, 0x14C9	; 0x8014c9 <Track_Volt_Step_Size+0x2>
    7372:	50 91 ca 14 	lds	r21, 0x14CA	; 0x8014ca <Track_Volt_Step_Size+0x3>
    7376:	0e 94 9f 46 	call	0x8d3e	; 0x8d3e <__subsf3>
    737a:	60 93 bd 14 	sts	0x14BD, r22	; 0x8014bd <PV_Volt_DAQ_New>
    737e:	70 93 be 14 	sts	0x14BE, r23	; 0x8014be <PV_Volt_DAQ_New+0x1>
    7382:	80 93 bf 14 	sts	0x14BF, r24	; 0x8014bf <PV_Volt_DAQ_New+0x2>
    7386:	90 93 c0 14 	sts	0x14C0, r25	; 0x8014c0 <PV_Volt_DAQ_New+0x3>
    738a:	60 91 c7 14 	lds	r22, 0x14C7	; 0x8014c7 <Track_Volt_Step_Size>
    738e:	70 91 c8 14 	lds	r23, 0x14C8	; 0x8014c8 <Track_Volt_Step_Size+0x1>
    7392:	80 91 c9 14 	lds	r24, 0x14C9	; 0x8014c9 <Track_Volt_Step_Size+0x2>
    7396:	90 91 ca 14 	lds	r25, 0x14CA	; 0x8014ca <Track_Volt_Step_Size+0x3>
    739a:	20 91 7e 14 	lds	r18, 0x147E	; 0x80147e <LOAD_MPPT_Step_Increase_Fact>
    739e:	30 91 7f 14 	lds	r19, 0x147F	; 0x80147f <LOAD_MPPT_Step_Increase_Fact+0x1>
    73a2:	40 91 80 14 	lds	r20, 0x1480	; 0x801480 <LOAD_MPPT_Step_Increase_Fact+0x2>
    73a6:	50 91 81 14 	lds	r21, 0x1481	; 0x801481 <LOAD_MPPT_Step_Increase_Fact+0x3>
    73aa:	0e 94 62 49 	call	0x92c4	; 0x92c4 <__mulsf3>
    73ae:	60 93 c7 14 	sts	0x14C7, r22	; 0x8014c7 <Track_Volt_Step_Size>
    73b2:	70 93 c8 14 	sts	0x14C8, r23	; 0x8014c8 <Track_Volt_Step_Size+0x1>
    73b6:	80 93 c9 14 	sts	0x14C9, r24	; 0x8014c9 <Track_Volt_Step_Size+0x2>
    73ba:	90 93 ca 14 	sts	0x14CA, r25	; 0x8014ca <Track_Volt_Step_Size+0x3>
    73be:	90 c0       	rjmp	.+288    	; 0x74e0 <PV_Mode__MPPT_Simple_Main+0x310>
    73c0:	80 90 5d 14 	lds	r8, 0x145D	; 0x80145d <Track_Power_Old>
    73c4:	90 90 5e 14 	lds	r9, 0x145E	; 0x80145e <Track_Power_Old+0x1>
    73c8:	a0 90 5f 14 	lds	r10, 0x145F	; 0x80145f <Track_Power_Old+0x2>
    73cc:	b0 90 60 14 	lds	r11, 0x1460	; 0x801460 <Track_Power_Old+0x3>
    73d0:	60 91 13 15 	lds	r22, 0x1513	; 0x801513 <AI_Volt_Scale>
    73d4:	70 91 14 15 	lds	r23, 0x1514	; 0x801514 <AI_Volt_Scale+0x1>
    73d8:	80 91 15 15 	lds	r24, 0x1515	; 0x801515 <AI_Volt_Scale+0x2>
    73dc:	90 91 16 15 	lds	r25, 0x1516	; 0x801516 <AI_Volt_Scale+0x3>
    73e0:	20 91 dc 14 	lds	r18, 0x14DC	; 0x8014dc <AI_Curr_Scale>
    73e4:	30 91 dd 14 	lds	r19, 0x14DD	; 0x8014dd <AI_Curr_Scale+0x1>
    73e8:	40 91 de 14 	lds	r20, 0x14DE	; 0x8014de <AI_Curr_Scale+0x2>
    73ec:	50 91 df 14 	lds	r21, 0x14DF	; 0x8014df <AI_Curr_Scale+0x3>
    73f0:	40 90 b9 14 	lds	r4, 0x14B9	; 0x8014b9 <LOAD_MPPT_Tolerance_CND>
    73f4:	50 90 ba 14 	lds	r5, 0x14BA	; 0x8014ba <LOAD_MPPT_Tolerance_CND+0x1>
    73f8:	60 90 bb 14 	lds	r6, 0x14BB	; 0x8014bb <LOAD_MPPT_Tolerance_CND+0x2>
    73fc:	70 90 bc 14 	lds	r7, 0x14BC	; 0x8014bc <LOAD_MPPT_Tolerance_CND+0x3>
    7400:	c0 90 d4 14 	lds	r12, 0x14D4	; 0x8014d4 <PV_Active_Load_Power>
    7404:	d0 90 d5 14 	lds	r13, 0x14D5	; 0x8014d5 <PV_Active_Load_Power+0x1>
    7408:	e0 90 d6 14 	lds	r14, 0x14D6	; 0x8014d6 <PV_Active_Load_Power+0x2>
    740c:	f0 90 d7 14 	lds	r15, 0x14D7	; 0x8014d7 <PV_Active_Load_Power+0x3>
    7410:	0e 94 62 49 	call	0x92c4	; 0x92c4 <__mulsf3>
    7414:	a3 01       	movw	r20, r6
    7416:	92 01       	movw	r18, r4
    7418:	0e 94 62 49 	call	0x92c4	; 0x92c4 <__mulsf3>
    741c:	9b 01       	movw	r18, r22
    741e:	ac 01       	movw	r20, r24
    7420:	c5 01       	movw	r24, r10
    7422:	b4 01       	movw	r22, r8
    7424:	0e 94 9f 46 	call	0x8d3e	; 0x8d3e <__subsf3>
    7428:	a7 01       	movw	r20, r14
    742a:	96 01       	movw	r18, r12
    742c:	0e 94 a9 48 	call	0x9152	; 0x9152 <__gesf2>
    7430:	18 16       	cp	r1, r24
    7432:	0c f0       	brlt	.+2      	; 0x7436 <PV_Mode__MPPT_Simple_Main+0x266>
    7434:	66 c0       	rjmp	.+204    	; 0x7502 <PV_Mode__MPPT_Simple_Main+0x332>
    7436:	60 91 c7 14 	lds	r22, 0x14C7	; 0x8014c7 <Track_Volt_Step_Size>
    743a:	70 91 c8 14 	lds	r23, 0x14C8	; 0x8014c8 <Track_Volt_Step_Size+0x1>
    743e:	80 91 c9 14 	lds	r24, 0x14C9	; 0x8014c9 <Track_Volt_Step_Size+0x2>
    7442:	90 91 ca 14 	lds	r25, 0x14CA	; 0x8014ca <Track_Volt_Step_Size+0x3>
    7446:	20 91 ac 14 	lds	r18, 0x14AC	; 0x8014ac <LOAD_MPPT_Step_Reduction_Fact>
    744a:	30 91 ad 14 	lds	r19, 0x14AD	; 0x8014ad <LOAD_MPPT_Step_Reduction_Fact+0x1>
    744e:	40 91 ae 14 	lds	r20, 0x14AE	; 0x8014ae <LOAD_MPPT_Step_Reduction_Fact+0x2>
    7452:	50 91 af 14 	lds	r21, 0x14AF	; 0x8014af <LOAD_MPPT_Step_Reduction_Fact+0x3>
    7456:	0e 94 62 49 	call	0x92c4	; 0x92c4 <__mulsf3>
    745a:	60 93 c7 14 	sts	0x14C7, r22	; 0x8014c7 <Track_Volt_Step_Size>
    745e:	70 93 c8 14 	sts	0x14C8, r23	; 0x8014c8 <Track_Volt_Step_Size+0x1>
    7462:	80 93 c9 14 	sts	0x14C9, r24	; 0x8014c9 <Track_Volt_Step_Size+0x2>
    7466:	90 93 ca 14 	sts	0x14CA, r25	; 0x8014ca <Track_Volt_Step_Size+0x3>
    746a:	80 91 69 14 	lds	r24, 0x1469	; 0x801469 <Track_Status>
    746e:	80 ff       	sbrs	r24, 0
    7470:	18 c0       	rjmp	.+48     	; 0x74a2 <PV_Mode__MPPT_Simple_Main+0x2d2>
    7472:	80 91 69 14 	lds	r24, 0x1469	; 0x801469 <Track_Status>
    7476:	8e 7f       	andi	r24, 0xFE	; 254
    7478:	80 93 69 14 	sts	0x1469, r24	; 0x801469 <Track_Status>
    747c:	60 91 bd 14 	lds	r22, 0x14BD	; 0x8014bd <PV_Volt_DAQ_New>
    7480:	70 91 be 14 	lds	r23, 0x14BE	; 0x8014be <PV_Volt_DAQ_New+0x1>
    7484:	80 91 bf 14 	lds	r24, 0x14BF	; 0x8014bf <PV_Volt_DAQ_New+0x2>
    7488:	90 91 c0 14 	lds	r25, 0x14C0	; 0x8014c0 <PV_Volt_DAQ_New+0x3>
    748c:	20 91 c7 14 	lds	r18, 0x14C7	; 0x8014c7 <Track_Volt_Step_Size>
    7490:	30 91 c8 14 	lds	r19, 0x14C8	; 0x8014c8 <Track_Volt_Step_Size+0x1>
    7494:	40 91 c9 14 	lds	r20, 0x14C9	; 0x8014c9 <Track_Volt_Step_Size+0x2>
    7498:	50 91 ca 14 	lds	r21, 0x14CA	; 0x8014ca <Track_Volt_Step_Size+0x3>
    749c:	0e 94 9f 46 	call	0x8d3e	; 0x8d3e <__subsf3>
    74a0:	17 c0       	rjmp	.+46     	; 0x74d0 <PV_Mode__MPPT_Simple_Main+0x300>
    74a2:	80 91 69 14 	lds	r24, 0x1469	; 0x801469 <Track_Status>
    74a6:	81 60       	ori	r24, 0x01	; 1
    74a8:	80 93 69 14 	sts	0x1469, r24	; 0x801469 <Track_Status>
    74ac:	60 91 bd 14 	lds	r22, 0x14BD	; 0x8014bd <PV_Volt_DAQ_New>
    74b0:	70 91 be 14 	lds	r23, 0x14BE	; 0x8014be <PV_Volt_DAQ_New+0x1>
    74b4:	80 91 bf 14 	lds	r24, 0x14BF	; 0x8014bf <PV_Volt_DAQ_New+0x2>
    74b8:	90 91 c0 14 	lds	r25, 0x14C0	; 0x8014c0 <PV_Volt_DAQ_New+0x3>
    74bc:	20 91 c7 14 	lds	r18, 0x14C7	; 0x8014c7 <Track_Volt_Step_Size>
    74c0:	30 91 c8 14 	lds	r19, 0x14C8	; 0x8014c8 <Track_Volt_Step_Size+0x1>
    74c4:	40 91 c9 14 	lds	r20, 0x14C9	; 0x8014c9 <Track_Volt_Step_Size+0x2>
    74c8:	50 91 ca 14 	lds	r21, 0x14CA	; 0x8014ca <Track_Volt_Step_Size+0x3>
    74cc:	0e 94 a0 46 	call	0x8d40	; 0x8d40 <__addsf3>
    74d0:	60 93 bd 14 	sts	0x14BD, r22	; 0x8014bd <PV_Volt_DAQ_New>
    74d4:	70 93 be 14 	sts	0x14BE, r23	; 0x8014be <PV_Volt_DAQ_New+0x1>
    74d8:	80 93 bf 14 	sts	0x14BF, r24	; 0x8014bf <PV_Volt_DAQ_New+0x2>
    74dc:	90 93 c0 14 	sts	0x14C0, r25	; 0x8014c0 <PV_Volt_DAQ_New+0x3>
    74e0:	80 91 d4 14 	lds	r24, 0x14D4	; 0x8014d4 <PV_Active_Load_Power>
    74e4:	90 91 d5 14 	lds	r25, 0x14D5	; 0x8014d5 <PV_Active_Load_Power+0x1>
    74e8:	a0 91 d6 14 	lds	r26, 0x14D6	; 0x8014d6 <PV_Active_Load_Power+0x2>
    74ec:	b0 91 d7 14 	lds	r27, 0x14D7	; 0x8014d7 <PV_Active_Load_Power+0x3>
    74f0:	80 93 5d 14 	sts	0x145D, r24	; 0x80145d <Track_Power_Old>
    74f4:	90 93 5e 14 	sts	0x145E, r25	; 0x80145e <Track_Power_Old+0x1>
    74f8:	a0 93 5f 14 	sts	0x145F, r26	; 0x80145f <Track_Power_Old+0x2>
    74fc:	b0 93 60 14 	sts	0x1460, r27	; 0x801460 <Track_Power_Old+0x3>
    7500:	31 c0       	rjmp	.+98     	; 0x7564 <PV_Mode__MPPT_Simple_Main+0x394>
    7502:	80 91 69 14 	lds	r24, 0x1469	; 0x801469 <Track_Status>
    7506:	80 ff       	sbrs	r24, 0
    7508:	13 c0       	rjmp	.+38     	; 0x7530 <PV_Mode__MPPT_Simple_Main+0x360>
    750a:	60 91 bd 14 	lds	r22, 0x14BD	; 0x8014bd <PV_Volt_DAQ_New>
    750e:	70 91 be 14 	lds	r23, 0x14BE	; 0x8014be <PV_Volt_DAQ_New+0x1>
    7512:	80 91 bf 14 	lds	r24, 0x14BF	; 0x8014bf <PV_Volt_DAQ_New+0x2>
    7516:	90 91 c0 14 	lds	r25, 0x14C0	; 0x8014c0 <PV_Volt_DAQ_New+0x3>
    751a:	20 91 c7 14 	lds	r18, 0x14C7	; 0x8014c7 <Track_Volt_Step_Size>
    751e:	30 91 c8 14 	lds	r19, 0x14C8	; 0x8014c8 <Track_Volt_Step_Size+0x1>
    7522:	40 91 c9 14 	lds	r20, 0x14C9	; 0x8014c9 <Track_Volt_Step_Size+0x2>
    7526:	50 91 ca 14 	lds	r21, 0x14CA	; 0x8014ca <Track_Volt_Step_Size+0x3>
    752a:	0e 94 a0 46 	call	0x8d40	; 0x8d40 <__addsf3>
    752e:	12 c0       	rjmp	.+36     	; 0x7554 <PV_Mode__MPPT_Simple_Main+0x384>
    7530:	60 91 bd 14 	lds	r22, 0x14BD	; 0x8014bd <PV_Volt_DAQ_New>
    7534:	70 91 be 14 	lds	r23, 0x14BE	; 0x8014be <PV_Volt_DAQ_New+0x1>
    7538:	80 91 bf 14 	lds	r24, 0x14BF	; 0x8014bf <PV_Volt_DAQ_New+0x2>
    753c:	90 91 c0 14 	lds	r25, 0x14C0	; 0x8014c0 <PV_Volt_DAQ_New+0x3>
    7540:	20 91 c7 14 	lds	r18, 0x14C7	; 0x8014c7 <Track_Volt_Step_Size>
    7544:	30 91 c8 14 	lds	r19, 0x14C8	; 0x8014c8 <Track_Volt_Step_Size+0x1>
    7548:	40 91 c9 14 	lds	r20, 0x14C9	; 0x8014c9 <Track_Volt_Step_Size+0x2>
    754c:	50 91 ca 14 	lds	r21, 0x14CA	; 0x8014ca <Track_Volt_Step_Size+0x3>
    7550:	0e 94 9f 46 	call	0x8d3e	; 0x8d3e <__subsf3>
    7554:	60 93 bd 14 	sts	0x14BD, r22	; 0x8014bd <PV_Volt_DAQ_New>
    7558:	70 93 be 14 	sts	0x14BE, r23	; 0x8014be <PV_Volt_DAQ_New+0x1>
    755c:	80 93 bf 14 	sts	0x14BF, r24	; 0x8014bf <PV_Volt_DAQ_New+0x2>
    7560:	90 93 c0 14 	sts	0x14C0, r25	; 0x8014c0 <PV_Volt_DAQ_New+0x3>
    7564:	60 91 13 15 	lds	r22, 0x1513	; 0x801513 <AI_Volt_Scale>
    7568:	70 91 14 15 	lds	r23, 0x1514	; 0x801514 <AI_Volt_Scale+0x1>
    756c:	80 91 15 15 	lds	r24, 0x1515	; 0x801515 <AI_Volt_Scale+0x2>
    7570:	90 91 16 15 	lds	r25, 0x1516	; 0x801516 <AI_Volt_Scale+0x3>
    7574:	20 91 8e 14 	lds	r18, 0x148E	; 0x80148e <LOAD_MPPT_Max_Step_CND>
    7578:	30 91 8f 14 	lds	r19, 0x148F	; 0x80148f <LOAD_MPPT_Max_Step_CND+0x1>
    757c:	40 91 90 14 	lds	r20, 0x1490	; 0x801490 <LOAD_MPPT_Max_Step_CND+0x2>
    7580:	50 91 91 14 	lds	r21, 0x1491	; 0x801491 <LOAD_MPPT_Max_Step_CND+0x3>
    7584:	c0 90 c7 14 	lds	r12, 0x14C7	; 0x8014c7 <Track_Volt_Step_Size>
    7588:	d0 90 c8 14 	lds	r13, 0x14C8	; 0x8014c8 <Track_Volt_Step_Size+0x1>
    758c:	e0 90 c9 14 	lds	r14, 0x14C9	; 0x8014c9 <Track_Volt_Step_Size+0x2>
    7590:	f0 90 ca 14 	lds	r15, 0x14CA	; 0x8014ca <Track_Volt_Step_Size+0x3>
    7594:	0e 94 62 49 	call	0x92c4	; 0x92c4 <__mulsf3>
    7598:	a7 01       	movw	r20, r14
    759a:	96 01       	movw	r18, r12
    759c:	0e 94 04 47 	call	0x8e08	; 0x8e08 <__cmpsf2>
    75a0:	87 ff       	sbrs	r24, 7
    75a2:	11 c0       	rjmp	.+34     	; 0x75c6 <PV_Mode__MPPT_Simple_Main+0x3f6>
    75a4:	60 91 13 15 	lds	r22, 0x1513	; 0x801513 <AI_Volt_Scale>
    75a8:	70 91 14 15 	lds	r23, 0x1514	; 0x801514 <AI_Volt_Scale+0x1>
    75ac:	80 91 15 15 	lds	r24, 0x1515	; 0x801515 <AI_Volt_Scale+0x2>
    75b0:	90 91 16 15 	lds	r25, 0x1516	; 0x801516 <AI_Volt_Scale+0x3>
    75b4:	20 91 8e 14 	lds	r18, 0x148E	; 0x80148e <LOAD_MPPT_Max_Step_CND>
    75b8:	30 91 8f 14 	lds	r19, 0x148F	; 0x80148f <LOAD_MPPT_Max_Step_CND+0x1>
    75bc:	40 91 90 14 	lds	r20, 0x1490	; 0x801490 <LOAD_MPPT_Max_Step_CND+0x2>
    75c0:	50 91 91 14 	lds	r21, 0x1491	; 0x801491 <LOAD_MPPT_Max_Step_CND+0x3>
    75c4:	30 c0       	rjmp	.+96     	; 0x7626 <PV_Mode__MPPT_Simple_Main+0x456>
    75c6:	60 91 13 15 	lds	r22, 0x1513	; 0x801513 <AI_Volt_Scale>
    75ca:	70 91 14 15 	lds	r23, 0x1514	; 0x801514 <AI_Volt_Scale+0x1>
    75ce:	80 91 15 15 	lds	r24, 0x1515	; 0x801515 <AI_Volt_Scale+0x2>
    75d2:	90 91 16 15 	lds	r25, 0x1516	; 0x801516 <AI_Volt_Scale+0x3>
    75d6:	20 91 c1 14 	lds	r18, 0x14C1	; 0x8014c1 <LOAD_MPPT_Min_Step_CND>
    75da:	30 91 c2 14 	lds	r19, 0x14C2	; 0x8014c2 <LOAD_MPPT_Min_Step_CND+0x1>
    75de:	40 91 c3 14 	lds	r20, 0x14C3	; 0x8014c3 <LOAD_MPPT_Min_Step_CND+0x2>
    75e2:	50 91 c4 14 	lds	r21, 0x14C4	; 0x8014c4 <LOAD_MPPT_Min_Step_CND+0x3>
    75e6:	c0 90 c7 14 	lds	r12, 0x14C7	; 0x8014c7 <Track_Volt_Step_Size>
    75ea:	d0 90 c8 14 	lds	r13, 0x14C8	; 0x8014c8 <Track_Volt_Step_Size+0x1>
    75ee:	e0 90 c9 14 	lds	r14, 0x14C9	; 0x8014c9 <Track_Volt_Step_Size+0x2>
    75f2:	f0 90 ca 14 	lds	r15, 0x14CA	; 0x8014ca <Track_Volt_Step_Size+0x3>
    75f6:	0e 94 62 49 	call	0x92c4	; 0x92c4 <__mulsf3>
    75fa:	a7 01       	movw	r20, r14
    75fc:	96 01       	movw	r18, r12
    75fe:	0e 94 a9 48 	call	0x9152	; 0x9152 <__gesf2>
    7602:	18 16       	cp	r1, r24
    7604:	d4 f4       	brge	.+52     	; 0x763a <PV_Mode__MPPT_Simple_Main+0x46a>
    7606:	60 91 13 15 	lds	r22, 0x1513	; 0x801513 <AI_Volt_Scale>
    760a:	70 91 14 15 	lds	r23, 0x1514	; 0x801514 <AI_Volt_Scale+0x1>
    760e:	80 91 15 15 	lds	r24, 0x1515	; 0x801515 <AI_Volt_Scale+0x2>
    7612:	90 91 16 15 	lds	r25, 0x1516	; 0x801516 <AI_Volt_Scale+0x3>
    7616:	20 91 c1 14 	lds	r18, 0x14C1	; 0x8014c1 <LOAD_MPPT_Min_Step_CND>
    761a:	30 91 c2 14 	lds	r19, 0x14C2	; 0x8014c2 <LOAD_MPPT_Min_Step_CND+0x1>
    761e:	40 91 c3 14 	lds	r20, 0x14C3	; 0x8014c3 <LOAD_MPPT_Min_Step_CND+0x2>
    7622:	50 91 c4 14 	lds	r21, 0x14C4	; 0x8014c4 <LOAD_MPPT_Min_Step_CND+0x3>
    7626:	0e 94 62 49 	call	0x92c4	; 0x92c4 <__mulsf3>
    762a:	60 93 c7 14 	sts	0x14C7, r22	; 0x8014c7 <Track_Volt_Step_Size>
    762e:	70 93 c8 14 	sts	0x14C8, r23	; 0x8014c8 <Track_Volt_Step_Size+0x1>
    7632:	80 93 c9 14 	sts	0x14C9, r24	; 0x8014c9 <Track_Volt_Step_Size+0x2>
    7636:	90 93 ca 14 	sts	0x14CA, r25	; 0x8014ca <Track_Volt_Step_Size+0x3>
    763a:	60 91 bd 14 	lds	r22, 0x14BD	; 0x8014bd <PV_Volt_DAQ_New>
    763e:	70 91 be 14 	lds	r23, 0x14BE	; 0x8014be <PV_Volt_DAQ_New+0x1>
    7642:	80 91 bf 14 	lds	r24, 0x14BF	; 0x8014bf <PV_Volt_DAQ_New+0x2>
    7646:	90 91 c0 14 	lds	r25, 0x14C0	; 0x8014c0 <PV_Volt_DAQ_New+0x3>
    764a:	20 e0       	ldi	r18, 0x00	; 0
    764c:	30 e0       	ldi	r19, 0x00	; 0
    764e:	a9 01       	movw	r20, r18
    7650:	0e 94 04 47 	call	0x8e08	; 0x8e08 <__cmpsf2>
    7654:	87 ff       	sbrs	r24, 7
    7656:	3f c0       	rjmp	.+126    	; 0x76d6 <PV_Mode__MPPT_Simple_Main+0x506>
    7658:	80 91 69 14 	lds	r24, 0x1469	; 0x801469 <Track_Status>
    765c:	81 60       	ori	r24, 0x01	; 1
    765e:	80 93 69 14 	sts	0x1469, r24	; 0x801469 <Track_Status>
    7662:	60 91 13 15 	lds	r22, 0x1513	; 0x801513 <AI_Volt_Scale>
    7666:	70 91 14 15 	lds	r23, 0x1514	; 0x801514 <AI_Volt_Scale+0x1>
    766a:	80 91 15 15 	lds	r24, 0x1515	; 0x801515 <AI_Volt_Scale+0x2>
    766e:	90 91 16 15 	lds	r25, 0x1516	; 0x801516 <AI_Volt_Scale+0x3>
    7672:	20 91 8e 14 	lds	r18, 0x148E	; 0x80148e <LOAD_MPPT_Max_Step_CND>
    7676:	30 91 8f 14 	lds	r19, 0x148F	; 0x80148f <LOAD_MPPT_Max_Step_CND+0x1>
    767a:	40 91 90 14 	lds	r20, 0x1490	; 0x801490 <LOAD_MPPT_Max_Step_CND+0x2>
    767e:	50 91 91 14 	lds	r21, 0x1491	; 0x801491 <LOAD_MPPT_Max_Step_CND+0x3>
    7682:	0e 94 62 49 	call	0x92c4	; 0x92c4 <__mulsf3>
    7686:	60 93 c7 14 	sts	0x14C7, r22	; 0x8014c7 <Track_Volt_Step_Size>
    768a:	70 93 c8 14 	sts	0x14C8, r23	; 0x8014c8 <Track_Volt_Step_Size+0x1>
    768e:	80 93 c9 14 	sts	0x14C9, r24	; 0x8014c9 <Track_Volt_Step_Size+0x2>
    7692:	90 93 ca 14 	sts	0x14CA, r25	; 0x8014ca <Track_Volt_Step_Size+0x3>
    7696:	80 91 c7 14 	lds	r24, 0x14C7	; 0x8014c7 <Track_Volt_Step_Size>
    769a:	90 91 c8 14 	lds	r25, 0x14C8	; 0x8014c8 <Track_Volt_Step_Size+0x1>
    769e:	a0 91 c9 14 	lds	r26, 0x14C9	; 0x8014c9 <Track_Volt_Step_Size+0x2>
    76a2:	b0 91 ca 14 	lds	r27, 0x14CA	; 0x8014ca <Track_Volt_Step_Size+0x3>
    76a6:	80 93 bd 14 	sts	0x14BD, r24	; 0x8014bd <PV_Volt_DAQ_New>
    76aa:	90 93 be 14 	sts	0x14BE, r25	; 0x8014be <PV_Volt_DAQ_New+0x1>
    76ae:	a0 93 bf 14 	sts	0x14BF, r26	; 0x8014bf <PV_Volt_DAQ_New+0x2>
    76b2:	b0 93 c0 14 	sts	0x14C0, r27	; 0x8014c0 <PV_Volt_DAQ_New+0x3>
    76b6:	80 91 d4 14 	lds	r24, 0x14D4	; 0x8014d4 <PV_Active_Load_Power>
    76ba:	90 91 d5 14 	lds	r25, 0x14D5	; 0x8014d5 <PV_Active_Load_Power+0x1>
    76be:	a0 91 d6 14 	lds	r26, 0x14D6	; 0x8014d6 <PV_Active_Load_Power+0x2>
    76c2:	b0 91 d7 14 	lds	r27, 0x14D7	; 0x8014d7 <PV_Active_Load_Power+0x3>
    76c6:	80 93 5d 14 	sts	0x145D, r24	; 0x80145d <Track_Power_Old>
    76ca:	90 93 5e 14 	sts	0x145E, r25	; 0x80145e <Track_Power_Old+0x1>
    76ce:	a0 93 5f 14 	sts	0x145F, r26	; 0x80145f <Track_Power_Old+0x2>
    76d2:	b0 93 60 14 	sts	0x1460, r27	; 0x801460 <Track_Power_Old+0x3>
    76d6:	ff 90       	pop	r15
    76d8:	ef 90       	pop	r14
    76da:	df 90       	pop	r13
    76dc:	cf 90       	pop	r12
    76de:	bf 90       	pop	r11
    76e0:	af 90       	pop	r10
    76e2:	9f 90       	pop	r9
    76e4:	8f 90       	pop	r8
    76e6:	7f 90       	pop	r7
    76e8:	6f 90       	pop	r6
    76ea:	5f 90       	pop	r5
    76ec:	4f 90       	pop	r4
    76ee:	08 95       	ret

000076f0 <LOAD_CTR_MAIN>:
    76f0:	60 91 97 10 	lds	r22, 0x1097	; 0x801097 <AI_Volt>
    76f4:	70 91 98 10 	lds	r23, 0x1098	; 0x801098 <AI_Volt+0x1>
    76f8:	80 91 99 10 	lds	r24, 0x1099	; 0x801099 <AI_Volt+0x2>
    76fc:	90 91 9a 10 	lds	r25, 0x109A	; 0x80109a <AI_Volt+0x3>
    7700:	20 91 49 12 	lds	r18, 0x1249	; 0x801249 <AI_Curr_Corr>
    7704:	30 91 4a 12 	lds	r19, 0x124A	; 0x80124a <AI_Curr_Corr+0x1>
    7708:	40 91 4b 12 	lds	r20, 0x124B	; 0x80124b <AI_Curr_Corr+0x2>
    770c:	50 91 4c 12 	lds	r21, 0x124C	; 0x80124c <AI_Curr_Corr+0x3>
    7710:	0e 94 62 49 	call	0x92c4	; 0x92c4 <__mulsf3>
    7714:	60 93 d4 14 	sts	0x14D4, r22	; 0x8014d4 <PV_Active_Load_Power>
    7718:	70 93 d5 14 	sts	0x14D5, r23	; 0x8014d5 <PV_Active_Load_Power+0x1>
    771c:	80 93 d6 14 	sts	0x14D6, r24	; 0x8014d6 <PV_Active_Load_Power+0x2>
    7720:	90 93 d7 14 	sts	0x14D7, r25	; 0x8014d7 <PV_Active_Load_Power+0x3>
    7724:	80 91 2b 14 	lds	r24, 0x142B	; 0x80142b <SysControl>
    7728:	87 ff       	sbrs	r24, 7
    772a:	0b c0       	rjmp	.+22     	; 0x7742 <LOAD_CTR_MAIN+0x52>
    772c:	80 91 26 14 	lds	r24, 0x1426	; 0x801426 <SysStatus_A>
    7730:	82 60       	ori	r24, 0x02	; 2
    7732:	80 93 26 14 	sts	0x1426, r24	; 0x801426 <SysStatus_A>
    7736:	80 91 2b 14 	lds	r24, 0x142B	; 0x80142b <SysControl>
    773a:	8e 7f       	andi	r24, 0xFE	; 254
    773c:	80 93 2b 14 	sts	0x142B, r24	; 0x80142b <SysControl>
    7740:	05 c0       	rjmp	.+10     	; 0x774c <LOAD_CTR_MAIN+0x5c>
    7742:	80 91 26 14 	lds	r24, 0x1426	; 0x801426 <SysStatus_A>
    7746:	8d 7f       	andi	r24, 0xFD	; 253
    7748:	80 93 26 14 	sts	0x1426, r24	; 0x801426 <SysStatus_A>
    774c:	a8 d8       	rcall	.-3760   	; 0x689e <Process_Operating_Temperature_State>
    774e:	64 d9       	rcall	.-3384   	; 0x6a18 <Process_Bias_Voltage_State>
    7750:	af d9       	rcall	.-3234   	; 0x6ab0 <Process_Fan_Control>
    7752:	b3 da       	rcall	.-2714   	; 0x6cba <Process_Error_LED_State>
    7754:	80 91 2b 14 	lds	r24, 0x142B	; 0x80142b <SysControl>
    7758:	80 ff       	sbrs	r24, 0
    775a:	d4 c0       	rjmp	.+424    	; 0x7904 <LOAD_CTR_MAIN+0x214>
    775c:	80 91 2b 14 	lds	r24, 0x142B	; 0x80142b <SysControl>
    7760:	81 ff       	sbrs	r24, 1
    7762:	1c c0       	rjmp	.+56     	; 0x779c <LOAD_CTR_MAIN+0xac>
    7764:	bd da       	rcall	.-2694   	; 0x6ce0 <Check_Temp_Disconnect_State>
    7766:	81 11       	cpse	r24, r1
    7768:	04 c0       	rjmp	.+8      	; 0x7772 <LOAD_CTR_MAIN+0x82>
    776a:	80 91 26 14 	lds	r24, 0x1426	; 0x801426 <SysStatus_A>
    776e:	85 ff       	sbrs	r24, 5
    7770:	0b c0       	rjmp	.+22     	; 0x7788 <LOAD_CTR_MAIN+0x98>
    7772:	80 91 26 14 	lds	r24, 0x1426	; 0x801426 <SysStatus_A>
    7776:	8e 7f       	andi	r24, 0xFE	; 254
    7778:	80 93 26 14 	sts	0x1426, r24	; 0x801426 <SysStatus_A>
    777c:	47 98       	cbi	0x08, 7	; 8
    777e:	28 98       	cbi	0x05, 0	; 5
    7780:	80 91 2b 14 	lds	r24, 0x142B	; 0x80142b <SysControl>
    7784:	8d 7f       	andi	r24, 0xFD	; 253
    7786:	bb c0       	rjmp	.+374    	; 0x78fe <LOAD_CTR_MAIN+0x20e>
    7788:	80 91 26 14 	lds	r24, 0x1426	; 0x801426 <SysStatus_A>
    778c:	81 60       	ori	r24, 0x01	; 1
    778e:	80 93 26 14 	sts	0x1426, r24	; 0x801426 <SysStatus_A>
    7792:	47 9a       	sbi	0x08, 7	; 8
    7794:	28 9a       	sbi	0x05, 0	; 5
    7796:	0e 94 a8 07 	call	0xf50	; 0xf50 <PV_IV_MEAS>
    779a:	d3 c0       	rjmp	.+422    	; 0x7942 <LOAD_CTR_MAIN+0x252>
    779c:	80 91 2b 14 	lds	r24, 0x142B	; 0x80142b <SysControl>
    77a0:	82 ff       	sbrs	r24, 2
    77a2:	1c c0       	rjmp	.+56     	; 0x77dc <LOAD_CTR_MAIN+0xec>
    77a4:	9d da       	rcall	.-2758   	; 0x6ce0 <Check_Temp_Disconnect_State>
    77a6:	81 11       	cpse	r24, r1
    77a8:	04 c0       	rjmp	.+8      	; 0x77b2 <LOAD_CTR_MAIN+0xc2>
    77aa:	80 91 26 14 	lds	r24, 0x1426	; 0x801426 <SysStatus_A>
    77ae:	85 ff       	sbrs	r24, 5
    77b0:	0b c0       	rjmp	.+22     	; 0x77c8 <LOAD_CTR_MAIN+0xd8>
    77b2:	80 91 26 14 	lds	r24, 0x1426	; 0x801426 <SysStatus_A>
    77b6:	8e 7f       	andi	r24, 0xFE	; 254
    77b8:	80 93 26 14 	sts	0x1426, r24	; 0x801426 <SysStatus_A>
    77bc:	47 98       	cbi	0x08, 7	; 8
    77be:	28 98       	cbi	0x05, 0	; 5
    77c0:	80 91 2b 14 	lds	r24, 0x142B	; 0x80142b <SysControl>
    77c4:	8b 7f       	andi	r24, 0xFB	; 251
    77c6:	9b c0       	rjmp	.+310    	; 0x78fe <LOAD_CTR_MAIN+0x20e>
    77c8:	80 91 26 14 	lds	r24, 0x1426	; 0x801426 <SysStatus_A>
    77cc:	81 60       	ori	r24, 0x01	; 1
    77ce:	80 93 26 14 	sts	0x1426, r24	; 0x801426 <SysStatus_A>
    77d2:	47 9a       	sbi	0x08, 7	; 8
    77d4:	28 9a       	sbi	0x05, 0	; 5
    77d6:	0e 94 2c 02 	call	0x458	; 0x458 <PV_TRANS_MEAS>
    77da:	b3 c0       	rjmp	.+358    	; 0x7942 <LOAD_CTR_MAIN+0x252>
    77dc:	52 da       	rcall	.-2908   	; 0x6c82 <Check_if_Active_Errors_Output_Disabled>
    77de:	88 23       	and	r24, r24
    77e0:	c1 f0       	breq	.+48     	; 0x7812 <LOAD_CTR_MAIN+0x122>
    77e2:	80 91 26 14 	lds	r24, 0x1426	; 0x801426 <SysStatus_A>
    77e6:	81 60       	ori	r24, 0x01	; 1
    77e8:	80 93 26 14 	sts	0x1426, r24	; 0x801426 <SysStatus_A>
    77ec:	47 9a       	sbi	0x08, 7	; 8
    77ee:	28 98       	cbi	0x05, 0	; 5
    77f0:	80 91 5e 15 	lds	r24, 0x155E	; 0x80155e <Range_Volt_Switch_Freq_Ctr_Max>
    77f4:	90 91 5f 15 	lds	r25, 0x155F	; 0x80155f <Range_Volt_Switch_Freq_Ctr_Max+0x1>
    77f8:	90 93 30 15 	sts	0x1530, r25	; 0x801530 <Range_Volt_Switch_Freq_Counter+0x1>
    77fc:	80 93 2f 15 	sts	0x152F, r24	; 0x80152f <Range_Volt_Switch_Freq_Counter>
    7800:	80 91 ed 14 	lds	r24, 0x14ED	; 0x8014ed <Range_Curr_Switch_Freq_Ctr_Max>
    7804:	90 91 ee 14 	lds	r25, 0x14EE	; 0x8014ee <Range_Curr_Switch_Freq_Ctr_Max+0x1>
    7808:	90 93 eb 14 	sts	0x14EB, r25	; 0x8014eb <Range_Curr_Switch_Freq_Counter+0x1>
    780c:	80 93 ea 14 	sts	0x14EA, r24	; 0x8014ea <Range_Curr_Switch_Freq_Counter>
    7810:	98 c0       	rjmp	.+304    	; 0x7942 <LOAD_CTR_MAIN+0x252>
    7812:	80 91 a9 14 	lds	r24, 0x14A9	; 0x8014a9 <PV_Mode_CTR>
    7816:	81 30       	cpi	r24, 0x01	; 1
    7818:	61 f4       	brne	.+24     	; 0x7832 <LOAD_CTR_MAIN+0x142>
    781a:	80 91 a9 14 	lds	r24, 0x14A9	; 0x8014a9 <PV_Mode_CTR>
    781e:	80 93 92 14 	sts	0x1492, r24	; 0x801492 <PV_Mode_ACT>
    7822:	80 91 26 14 	lds	r24, 0x1426	; 0x801426 <SysStatus_A>
    7826:	81 60       	ori	r24, 0x01	; 1
    7828:	80 93 26 14 	sts	0x1426, r24	; 0x801426 <SysStatus_A>
    782c:	47 9a       	sbi	0x08, 7	; 8
    782e:	28 98       	cbi	0x05, 0	; 5
    7830:	88 c0       	rjmp	.+272    	; 0x7942 <LOAD_CTR_MAIN+0x252>
    7832:	80 91 a9 14 	lds	r24, 0x14A9	; 0x8014a9 <PV_Mode_CTR>
    7836:	82 30       	cpi	r24, 0x02	; 2
    7838:	a1 f4       	brne	.+40     	; 0x7862 <LOAD_CTR_MAIN+0x172>
    783a:	80 91 a9 14 	lds	r24, 0x14A9	; 0x8014a9 <PV_Mode_CTR>
    783e:	80 93 92 14 	sts	0x1492, r24	; 0x801492 <PV_Mode_ACT>
    7842:	80 91 26 14 	lds	r24, 0x1426	; 0x801426 <SysStatus_A>
    7846:	81 60       	ori	r24, 0x01	; 1
    7848:	80 93 26 14 	sts	0x1426, r24	; 0x801426 <SysStatus_A>
    784c:	47 9a       	sbi	0x08, 7	; 8
    784e:	28 9a       	sbi	0x05, 0	; 5
    7850:	10 92 bd 14 	sts	0x14BD, r1	; 0x8014bd <PV_Volt_DAQ_New>
    7854:	10 92 be 14 	sts	0x14BE, r1	; 0x8014be <PV_Volt_DAQ_New+0x1>
    7858:	10 92 bf 14 	sts	0x14BF, r1	; 0x8014bf <PV_Volt_DAQ_New+0x2>
    785c:	10 92 c0 14 	sts	0x14C0, r1	; 0x8014c0 <PV_Volt_DAQ_New+0x3>
    7860:	70 c0       	rjmp	.+224    	; 0x7942 <LOAD_CTR_MAIN+0x252>
    7862:	80 91 a9 14 	lds	r24, 0x14A9	; 0x8014a9 <PV_Mode_CTR>
    7866:	83 30       	cpi	r24, 0x03	; 3
    7868:	a1 f4       	brne	.+40     	; 0x7892 <LOAD_CTR_MAIN+0x1a2>
    786a:	80 91 a9 14 	lds	r24, 0x14A9	; 0x8014a9 <PV_Mode_CTR>
    786e:	80 93 92 14 	sts	0x1492, r24	; 0x801492 <PV_Mode_ACT>
    7872:	80 91 26 14 	lds	r24, 0x1426	; 0x801426 <SysStatus_A>
    7876:	81 60       	ori	r24, 0x01	; 1
    7878:	80 93 26 14 	sts	0x1426, r24	; 0x801426 <SysStatus_A>
    787c:	47 9a       	sbi	0x08, 7	; 8
    787e:	28 9a       	sbi	0x05, 0	; 5
    7880:	80 91 56 14 	lds	r24, 0x1456	; 0x801456 <PV_Volt_Setpoint>
    7884:	90 91 57 14 	lds	r25, 0x1457	; 0x801457 <PV_Volt_Setpoint+0x1>
    7888:	a0 91 58 14 	lds	r26, 0x1458	; 0x801458 <PV_Volt_Setpoint+0x2>
    788c:	b0 91 59 14 	lds	r27, 0x1459	; 0x801459 <PV_Volt_Setpoint+0x3>
    7890:	50 c0       	rjmp	.+160    	; 0x7932 <LOAD_CTR_MAIN+0x242>
    7892:	80 91 a9 14 	lds	r24, 0x14A9	; 0x8014a9 <PV_Mode_CTR>
    7896:	84 30       	cpi	r24, 0x04	; 4
    7898:	89 f4       	brne	.+34     	; 0x78bc <LOAD_CTR_MAIN+0x1cc>
    789a:	80 91 26 14 	lds	r24, 0x1426	; 0x801426 <SysStatus_A>
    789e:	81 60       	ori	r24, 0x01	; 1
    78a0:	80 93 26 14 	sts	0x1426, r24	; 0x801426 <SysStatus_A>
    78a4:	47 9a       	sbi	0x08, 7	; 8
    78a6:	28 9a       	sbi	0x05, 0	; 5
    78a8:	90 91 92 14 	lds	r25, 0x1492	; 0x801492 <PV_Mode_ACT>
    78ac:	80 91 a9 14 	lds	r24, 0x14A9	; 0x8014a9 <PV_Mode_CTR>
    78b0:	98 13       	cpse	r25, r24
    78b2:	02 c0       	rjmp	.+4      	; 0x78b8 <LOAD_CTR_MAIN+0x1c8>
    78b4:	9c da       	rcall	.-2760   	; 0x6dee <PV_Mode__Constant_Current_Main>
    78b6:	45 c0       	rjmp	.+138    	; 0x7942 <LOAD_CTR_MAIN+0x252>
    78b8:	6c da       	rcall	.-2856   	; 0x6d92 <PV_Mode__Constant_Current_Init>
    78ba:	43 c0       	rjmp	.+134    	; 0x7942 <LOAD_CTR_MAIN+0x252>
    78bc:	80 91 a9 14 	lds	r24, 0x14A9	; 0x8014a9 <PV_Mode_CTR>
    78c0:	85 30       	cpi	r24, 0x05	; 5
    78c2:	89 f4       	brne	.+34     	; 0x78e6 <LOAD_CTR_MAIN+0x1f6>
    78c4:	80 91 26 14 	lds	r24, 0x1426	; 0x801426 <SysStatus_A>
    78c8:	81 60       	ori	r24, 0x01	; 1
    78ca:	80 93 26 14 	sts	0x1426, r24	; 0x801426 <SysStatus_A>
    78ce:	47 9a       	sbi	0x08, 7	; 8
    78d0:	28 9a       	sbi	0x05, 0	; 5
    78d2:	90 91 92 14 	lds	r25, 0x1492	; 0x801492 <PV_Mode_ACT>
    78d6:	80 91 a9 14 	lds	r24, 0x14A9	; 0x8014a9 <PV_Mode_CTR>
    78da:	98 13       	cpse	r25, r24
    78dc:	02 c0       	rjmp	.+4      	; 0x78e2 <LOAD_CTR_MAIN+0x1f2>
    78de:	78 dc       	rcall	.-1808   	; 0x71d0 <PV_Mode__MPPT_Simple_Main>
    78e0:	30 c0       	rjmp	.+96     	; 0x7942 <LOAD_CTR_MAIN+0x252>
    78e2:	24 dc       	rcall	.-1976   	; 0x712c <PV_Mode__MPPT_Simple_Init>
    78e4:	2e c0       	rjmp	.+92     	; 0x7942 <LOAD_CTR_MAIN+0x252>
    78e6:	10 92 a9 14 	sts	0x14A9, r1	; 0x8014a9 <PV_Mode_CTR>
    78ea:	80 91 26 14 	lds	r24, 0x1426	; 0x801426 <SysStatus_A>
    78ee:	8e 7f       	andi	r24, 0xFE	; 254
    78f0:	80 93 26 14 	sts	0x1426, r24	; 0x801426 <SysStatus_A>
    78f4:	47 98       	cbi	0x08, 7	; 8
    78f6:	28 98       	cbi	0x05, 0	; 5
    78f8:	80 91 2b 14 	lds	r24, 0x142B	; 0x80142b <SysControl>
    78fc:	8e 7f       	andi	r24, 0xFE	; 254
    78fe:	80 93 2b 14 	sts	0x142B, r24	; 0x80142b <SysControl>
    7902:	1f c0       	rjmp	.+62     	; 0x7942 <LOAD_CTR_MAIN+0x252>
    7904:	80 91 26 14 	lds	r24, 0x1426	; 0x801426 <SysStatus_A>
    7908:	8e 7f       	andi	r24, 0xFE	; 254
    790a:	80 93 26 14 	sts	0x1426, r24	; 0x801426 <SysStatus_A>
    790e:	47 98       	cbi	0x08, 7	; 8
    7910:	28 98       	cbi	0x05, 0	; 5
    7912:	80 91 2b 14 	lds	r24, 0x142B	; 0x80142b <SysControl>
    7916:	8d 7f       	andi	r24, 0xFD	; 253
    7918:	80 93 2b 14 	sts	0x142B, r24	; 0x80142b <SysControl>
    791c:	80 91 2b 14 	lds	r24, 0x142B	; 0x80142b <SysControl>
    7920:	8b 7f       	andi	r24, 0xFB	; 251
    7922:	80 93 2b 14 	sts	0x142B, r24	; 0x80142b <SysControl>
    7926:	10 92 92 14 	sts	0x1492, r1	; 0x801492 <PV_Mode_ACT>
    792a:	80 e0       	ldi	r24, 0x00	; 0
    792c:	9a ef       	ldi	r25, 0xFA	; 250
    792e:	af e7       	ldi	r26, 0x7F	; 127
    7930:	b7 e4       	ldi	r27, 0x47	; 71
    7932:	80 93 bd 14 	sts	0x14BD, r24	; 0x8014bd <PV_Volt_DAQ_New>
    7936:	90 93 be 14 	sts	0x14BE, r25	; 0x8014be <PV_Volt_DAQ_New+0x1>
    793a:	a0 93 bf 14 	sts	0x14BF, r26	; 0x8014bf <PV_Volt_DAQ_New+0x2>
    793e:	b0 93 c0 14 	sts	0x14C0, r27	; 0x8014c0 <PV_Volt_DAQ_New+0x3>
    7942:	60 91 97 14 	lds	r22, 0x1497	; 0x801497 <PV_Volt_DAC_ACT>
    7946:	70 91 98 14 	lds	r23, 0x1498	; 0x801498 <PV_Volt_DAC_ACT+0x1>
    794a:	80 91 99 14 	lds	r24, 0x1499	; 0x801499 <PV_Volt_DAC_ACT+0x2>
    794e:	90 91 9a 14 	lds	r25, 0x149A	; 0x80149a <PV_Volt_DAC_ACT+0x3>
    7952:	20 91 bd 14 	lds	r18, 0x14BD	; 0x8014bd <PV_Volt_DAQ_New>
    7956:	30 91 be 14 	lds	r19, 0x14BE	; 0x8014be <PV_Volt_DAQ_New+0x1>
    795a:	40 91 bf 14 	lds	r20, 0x14BF	; 0x8014bf <PV_Volt_DAQ_New+0x2>
    795e:	50 91 c0 14 	lds	r21, 0x14C0	; 0x8014c0 <PV_Volt_DAQ_New+0x3>
    7962:	0e 94 04 47 	call	0x8e08	; 0x8e08 <__cmpsf2>
    7966:	88 23       	and	r24, r24
    7968:	51 f0       	breq	.+20     	; 0x797e <LOAD_CTR_MAIN+0x28e>
    796a:	60 91 bd 14 	lds	r22, 0x14BD	; 0x8014bd <PV_Volt_DAQ_New>
    796e:	70 91 be 14 	lds	r23, 0x14BE	; 0x8014be <PV_Volt_DAQ_New+0x1>
    7972:	80 91 bf 14 	lds	r24, 0x14BF	; 0x8014bf <PV_Volt_DAQ_New+0x2>
    7976:	90 91 c0 14 	lds	r25, 0x14C0	; 0x8014c0 <PV_Volt_DAQ_New+0x3>
    797a:	0c 94 d0 2d 	jmp	0x5ba0	; 0x5ba0 <Set_DAC_Output_Volts>
    797e:	08 95       	ret

00007980 <Get_Best_Voltage_Range_From_Value>:
    7980:	af 92       	push	r10
    7982:	bf 92       	push	r11
    7984:	cf 92       	push	r12
    7986:	df 92       	push	r13
    7988:	ef 92       	push	r14
    798a:	ff 92       	push	r15
    798c:	0f 93       	push	r16
    798e:	1f 93       	push	r17
    7990:	cf 93       	push	r28
    7992:	6b 01       	movw	r12, r22
    7994:	7c 01       	movw	r14, r24
    7996:	04 e0       	ldi	r16, 0x04	; 4
    7998:	10 e0       	ldi	r17, 0x00	; 0
    799a:	c0 2f       	mov	r28, r16
    799c:	58 01       	movw	r10, r16
    799e:	aa 0c       	add	r10, r10
    79a0:	bb 1c       	adc	r11, r11
    79a2:	aa 0c       	add	r10, r10
    79a4:	bb 1c       	adc	r11, r11
    79a6:	f5 01       	movw	r30, r10
    79a8:	ee 5c       	subi	r30, 0xCE	; 206
    79aa:	fa 4e       	sbci	r31, 0xEA	; 234
    79ac:	60 81       	ld	r22, Z
    79ae:	71 81       	ldd	r23, Z+1	; 0x01
    79b0:	82 81       	ldd	r24, Z+2	; 0x02
    79b2:	93 81       	ldd	r25, Z+3	; 0x03
    79b4:	a7 01       	movw	r20, r14
    79b6:	96 01       	movw	r18, r12
    79b8:	0e 94 a9 48 	call	0x9152	; 0x9152 <__gesf2>
    79bc:	18 16       	cp	r1, r24
    79be:	6c f4       	brge	.+26     	; 0x79da <Get_Best_Voltage_Range_From_Value+0x5a>
    79c0:	f5 01       	movw	r30, r10
    79c2:	e9 5b       	subi	r30, 0xB9	; 185
    79c4:	fa 4e       	sbci	r31, 0xEA	; 234
    79c6:	20 81       	ld	r18, Z
    79c8:	31 81       	ldd	r19, Z+1	; 0x01
    79ca:	42 81       	ldd	r20, Z+2	; 0x02
    79cc:	53 81       	ldd	r21, Z+3	; 0x03
    79ce:	c7 01       	movw	r24, r14
    79d0:	b6 01       	movw	r22, r12
    79d2:	0e 94 a9 48 	call	0x9152	; 0x9152 <__gesf2>
    79d6:	18 16       	cp	r1, r24
    79d8:	24 f0       	brlt	.+8      	; 0x79e2 <Get_Best_Voltage_Range_From_Value+0x62>
    79da:	01 50       	subi	r16, 0x01	; 1
    79dc:	11 09       	sbc	r17, r1
    79de:	e8 f6       	brcc	.-70     	; 0x799a <Get_Best_Voltage_Range_From_Value+0x1a>
    79e0:	c4 e0       	ldi	r28, 0x04	; 4
    79e2:	2c 2f       	mov	r18, r28
    79e4:	30 e0       	ldi	r19, 0x00	; 0
    79e6:	80 91 e5 14 	lds	r24, 0x14E5	; 0x8014e5 <Range_Volt_ID_Act>
    79ea:	90 e0       	ldi	r25, 0x00	; 0
    79ec:	01 96       	adiw	r24, 0x01	; 1
    79ee:	28 17       	cp	r18, r24
    79f0:	39 07       	cpc	r19, r25
    79f2:	99 f4       	brne	.+38     	; 0x7a1a <Get_Best_Voltage_Range_From_Value+0x9a>
    79f4:	e0 91 e5 14 	lds	r30, 0x14E5	; 0x8014e5 <Range_Volt_ID_Act>
    79f8:	84 e0       	ldi	r24, 0x04	; 4
    79fa:	e8 9f       	mul	r30, r24
    79fc:	f0 01       	movw	r30, r0
    79fe:	11 24       	eor	r1, r1
    7a00:	ee 5c       	subi	r30, 0xCE	; 206
    7a02:	fa 4e       	sbci	r31, 0xEA	; 234
    7a04:	20 81       	ld	r18, Z
    7a06:	31 81       	ldd	r19, Z+1	; 0x01
    7a08:	42 81       	ldd	r20, Z+2	; 0x02
    7a0a:	53 81       	ldd	r21, Z+3	; 0x03
    7a0c:	c7 01       	movw	r24, r14
    7a0e:	b6 01       	movw	r22, r12
    7a10:	0e 94 04 47 	call	0x8e08	; 0x8e08 <__cmpsf2>
    7a14:	87 ff       	sbrs	r24, 7
    7a16:	1c c0       	rjmp	.+56     	; 0x7a50 <Get_Best_Voltage_Range_From_Value+0xd0>
    7a18:	19 c0       	rjmp	.+50     	; 0x7a4c <Get_Best_Voltage_Range_From_Value+0xcc>
    7a1a:	80 91 e5 14 	lds	r24, 0x14E5	; 0x8014e5 <Range_Volt_ID_Act>
    7a1e:	90 e0       	ldi	r25, 0x00	; 0
    7a20:	01 97       	sbiw	r24, 0x01	; 1
    7a22:	28 17       	cp	r18, r24
    7a24:	39 07       	cpc	r19, r25
    7a26:	a1 f4       	brne	.+40     	; 0x7a50 <Get_Best_Voltage_Range_From_Value+0xd0>
    7a28:	e0 91 e5 14 	lds	r30, 0x14E5	; 0x8014e5 <Range_Volt_ID_Act>
    7a2c:	84 e0       	ldi	r24, 0x04	; 4
    7a2e:	e8 9f       	mul	r30, r24
    7a30:	f0 01       	movw	r30, r0
    7a32:	11 24       	eor	r1, r1
    7a34:	e9 5b       	subi	r30, 0xB9	; 185
    7a36:	fa 4e       	sbci	r31, 0xEA	; 234
    7a38:	20 81       	ld	r18, Z
    7a3a:	31 81       	ldd	r19, Z+1	; 0x01
    7a3c:	42 81       	ldd	r20, Z+2	; 0x02
    7a3e:	53 81       	ldd	r21, Z+3	; 0x03
    7a40:	c7 01       	movw	r24, r14
    7a42:	b6 01       	movw	r22, r12
    7a44:	0e 94 a9 48 	call	0x9152	; 0x9152 <__gesf2>
    7a48:	18 16       	cp	r1, r24
    7a4a:	14 f4       	brge	.+4      	; 0x7a50 <Get_Best_Voltage_Range_From_Value+0xd0>
    7a4c:	c0 91 e5 14 	lds	r28, 0x14E5	; 0x8014e5 <Range_Volt_ID_Act>
    7a50:	8c 2f       	mov	r24, r28
    7a52:	cf 91       	pop	r28
    7a54:	1f 91       	pop	r17
    7a56:	0f 91       	pop	r16
    7a58:	ff 90       	pop	r15
    7a5a:	ef 90       	pop	r14
    7a5c:	df 90       	pop	r13
    7a5e:	cf 90       	pop	r12
    7a60:	bf 90       	pop	r11
    7a62:	af 90       	pop	r10
    7a64:	08 95       	ret

00007a66 <Get_Best_Current_Range_From_Value>:
    7a66:	af 92       	push	r10
    7a68:	bf 92       	push	r11
    7a6a:	cf 92       	push	r12
    7a6c:	df 92       	push	r13
    7a6e:	ef 92       	push	r14
    7a70:	ff 92       	push	r15
    7a72:	0f 93       	push	r16
    7a74:	1f 93       	push	r17
    7a76:	cf 93       	push	r28
    7a78:	6b 01       	movw	r12, r22
    7a7a:	7c 01       	movw	r14, r24
    7a7c:	05 e0       	ldi	r16, 0x05	; 5
    7a7e:	10 e0       	ldi	r17, 0x00	; 0
    7a80:	c0 2f       	mov	r28, r16
    7a82:	58 01       	movw	r10, r16
    7a84:	aa 0c       	add	r10, r10
    7a86:	bb 1c       	adc	r11, r11
    7a88:	aa 0c       	add	r10, r10
    7a8a:	bb 1c       	adc	r11, r11
    7a8c:	f5 01       	movw	r30, r10
    7a8e:	e1 51       	subi	r30, 0x11	; 17
    7a90:	fb 4e       	sbci	r31, 0xEB	; 235
    7a92:	60 81       	ld	r22, Z
    7a94:	71 81       	ldd	r23, Z+1	; 0x01
    7a96:	82 81       	ldd	r24, Z+2	; 0x02
    7a98:	93 81       	ldd	r25, Z+3	; 0x03
    7a9a:	a7 01       	movw	r20, r14
    7a9c:	96 01       	movw	r18, r12
    7a9e:	0e 94 a9 48 	call	0x9152	; 0x9152 <__gesf2>
    7aa2:	18 16       	cp	r1, r24
    7aa4:	6c f4       	brge	.+26     	; 0x7ac0 <Get_Best_Current_Range_From_Value+0x5a>
    7aa6:	f5 01       	movw	r30, r10
    7aa8:	e9 5e       	subi	r30, 0xE9	; 233
    7aaa:	fa 4e       	sbci	r31, 0xEA	; 234
    7aac:	20 81       	ld	r18, Z
    7aae:	31 81       	ldd	r19, Z+1	; 0x01
    7ab0:	42 81       	ldd	r20, Z+2	; 0x02
    7ab2:	53 81       	ldd	r21, Z+3	; 0x03
    7ab4:	c7 01       	movw	r24, r14
    7ab6:	b6 01       	movw	r22, r12
    7ab8:	0e 94 a9 48 	call	0x9152	; 0x9152 <__gesf2>
    7abc:	18 16       	cp	r1, r24
    7abe:	24 f0       	brlt	.+8      	; 0x7ac8 <Get_Best_Current_Range_From_Value+0x62>
    7ac0:	01 50       	subi	r16, 0x01	; 1
    7ac2:	11 09       	sbc	r17, r1
    7ac4:	e8 f6       	brcc	.-70     	; 0x7a80 <Get_Best_Current_Range_From_Value+0x1a>
    7ac6:	c5 e0       	ldi	r28, 0x05	; 5
    7ac8:	2c 2f       	mov	r18, r28
    7aca:	30 e0       	ldi	r19, 0x00	; 0
    7acc:	80 91 5c 15 	lds	r24, 0x155C	; 0x80155c <Range_Curr_ID_Act>
    7ad0:	90 e0       	ldi	r25, 0x00	; 0
    7ad2:	01 96       	adiw	r24, 0x01	; 1
    7ad4:	28 17       	cp	r18, r24
    7ad6:	39 07       	cpc	r19, r25
    7ad8:	99 f4       	brne	.+38     	; 0x7b00 <Get_Best_Current_Range_From_Value+0x9a>
    7ada:	e0 91 5c 15 	lds	r30, 0x155C	; 0x80155c <Range_Curr_ID_Act>
    7ade:	84 e0       	ldi	r24, 0x04	; 4
    7ae0:	e8 9f       	mul	r30, r24
    7ae2:	f0 01       	movw	r30, r0
    7ae4:	11 24       	eor	r1, r1
    7ae6:	e1 51       	subi	r30, 0x11	; 17
    7ae8:	fb 4e       	sbci	r31, 0xEB	; 235
    7aea:	20 81       	ld	r18, Z
    7aec:	31 81       	ldd	r19, Z+1	; 0x01
    7aee:	42 81       	ldd	r20, Z+2	; 0x02
    7af0:	53 81       	ldd	r21, Z+3	; 0x03
    7af2:	c7 01       	movw	r24, r14
    7af4:	b6 01       	movw	r22, r12
    7af6:	0e 94 04 47 	call	0x8e08	; 0x8e08 <__cmpsf2>
    7afa:	87 ff       	sbrs	r24, 7
    7afc:	1c c0       	rjmp	.+56     	; 0x7b36 <Get_Best_Current_Range_From_Value+0xd0>
    7afe:	19 c0       	rjmp	.+50     	; 0x7b32 <Get_Best_Current_Range_From_Value+0xcc>
    7b00:	80 91 5c 15 	lds	r24, 0x155C	; 0x80155c <Range_Curr_ID_Act>
    7b04:	90 e0       	ldi	r25, 0x00	; 0
    7b06:	01 97       	sbiw	r24, 0x01	; 1
    7b08:	28 17       	cp	r18, r24
    7b0a:	39 07       	cpc	r19, r25
    7b0c:	a1 f4       	brne	.+40     	; 0x7b36 <Get_Best_Current_Range_From_Value+0xd0>
    7b0e:	e0 91 5c 15 	lds	r30, 0x155C	; 0x80155c <Range_Curr_ID_Act>
    7b12:	84 e0       	ldi	r24, 0x04	; 4
    7b14:	e8 9f       	mul	r30, r24
    7b16:	f0 01       	movw	r30, r0
    7b18:	11 24       	eor	r1, r1
    7b1a:	e9 5e       	subi	r30, 0xE9	; 233
    7b1c:	fa 4e       	sbci	r31, 0xEA	; 234
    7b1e:	20 81       	ld	r18, Z
    7b20:	31 81       	ldd	r19, Z+1	; 0x01
    7b22:	42 81       	ldd	r20, Z+2	; 0x02
    7b24:	53 81       	ldd	r21, Z+3	; 0x03
    7b26:	c7 01       	movw	r24, r14
    7b28:	b6 01       	movw	r22, r12
    7b2a:	0e 94 a9 48 	call	0x9152	; 0x9152 <__gesf2>
    7b2e:	18 16       	cp	r1, r24
    7b30:	14 f4       	brge	.+4      	; 0x7b36 <Get_Best_Current_Range_From_Value+0xd0>
    7b32:	c0 91 5c 15 	lds	r28, 0x155C	; 0x80155c <Range_Curr_ID_Act>
    7b36:	8c 2f       	mov	r24, r28
    7b38:	cf 91       	pop	r28
    7b3a:	1f 91       	pop	r17
    7b3c:	0f 91       	pop	r16
    7b3e:	ff 90       	pop	r15
    7b40:	ef 90       	pop	r14
    7b42:	df 90       	pop	r13
    7b44:	cf 90       	pop	r12
    7b46:	bf 90       	pop	r11
    7b48:	af 90       	pop	r10
    7b4a:	08 95       	ret

00007b4c <Reset_Over_Current_Clamp>:
    7b4c:	80 91 fa 13 	lds	r24, 0x13FA	; 0x8013fa <DIOE_PORT_B_STATE>
    7b50:	81 60       	ori	r24, 0x01	; 1
    7b52:	80 93 fa 13 	sts	0x13FA, r24	; 0x8013fa <DIOE_PORT_B_STATE>
    7b56:	40 91 fa 13 	lds	r20, 0x13FA	; 0x8013fa <DIOE_PORT_B_STATE>
    7b5a:	60 91 47 12 	lds	r22, 0x1247	; 0x801247 <DIOE_PORT_A_STATE>
    7b5e:	82 e0       	ldi	r24, 0x02	; 2
    7b60:	0e 94 44 30 	call	0x6088	; 0x6088 <DIOExp_Write_Outputs>
    7b64:	8f e8       	ldi	r24, 0x8F	; 143
    7b66:	91 e0       	ldi	r25, 0x01	; 1
    7b68:	01 97       	sbiw	r24, 0x01	; 1
    7b6a:	f1 f7       	brne	.-4      	; 0x7b68 <Reset_Over_Current_Clamp+0x1c>
    7b6c:	00 c0       	rjmp	.+0      	; 0x7b6e <Reset_Over_Current_Clamp+0x22>
    7b6e:	00 00       	nop
    7b70:	80 91 fa 13 	lds	r24, 0x13FA	; 0x8013fa <DIOE_PORT_B_STATE>
    7b74:	8e 7f       	andi	r24, 0xFE	; 254
    7b76:	80 93 fa 13 	sts	0x13FA, r24	; 0x8013fa <DIOE_PORT_B_STATE>
    7b7a:	40 91 fa 13 	lds	r20, 0x13FA	; 0x8013fa <DIOE_PORT_B_STATE>
    7b7e:	60 91 47 12 	lds	r22, 0x1247	; 0x801247 <DIOE_PORT_A_STATE>
    7b82:	82 e0       	ldi	r24, 0x02	; 2
    7b84:	0e 94 44 30 	call	0x6088	; 0x6088 <DIOExp_Write_Outputs>
    7b88:	8f e8       	ldi	r24, 0x8F	; 143
    7b8a:	91 e0       	ldi	r25, 0x01	; 1
    7b8c:	01 97       	sbiw	r24, 0x01	; 1
    7b8e:	f1 f7       	brne	.-4      	; 0x7b8c <Reset_Over_Current_Clamp+0x40>
    7b90:	00 c0       	rjmp	.+0      	; 0x7b92 <Reset_Over_Current_Clamp+0x46>
    7b92:	00 00       	nop
    7b94:	08 95       	ret

00007b96 <Preare_Auto_Range_Selection>:
    7b96:	4f 92       	push	r4
    7b98:	5f 92       	push	r5
    7b9a:	6f 92       	push	r6
    7b9c:	7f 92       	push	r7
    7b9e:	8f 92       	push	r8
    7ba0:	9f 92       	push	r9
    7ba2:	af 92       	push	r10
    7ba4:	bf 92       	push	r11
    7ba6:	cf 92       	push	r12
    7ba8:	df 92       	push	r13
    7baa:	ef 92       	push	r14
    7bac:	ff 92       	push	r15
    7bae:	cf 93       	push	r28
    7bb0:	df 93       	push	r29
    7bb2:	cd b7       	in	r28, 0x3d	; 61
    7bb4:	de b7       	in	r29, 0x3e	; 62
    7bb6:	a0 97       	sbiw	r28, 0x20	; 32
    7bb8:	0f b6       	in	r0, 0x3f	; 63
    7bba:	f8 94       	cli
    7bbc:	de bf       	out	0x3e, r29	; 62
    7bbe:	0f be       	out	0x3f, r0	; 63
    7bc0:	cd bf       	out	0x3d, r28	; 61
    7bc2:	10 92 30 15 	sts	0x1530, r1	; 0x801530 <Range_Volt_Switch_Freq_Counter+0x1>
    7bc6:	10 92 2f 15 	sts	0x152F, r1	; 0x80152f <Range_Volt_Switch_Freq_Counter>
    7bca:	10 92 eb 14 	sts	0x14EB, r1	; 0x8014eb <Range_Curr_Switch_Freq_Counter+0x1>
    7bce:	10 92 ea 14 	sts	0x14EA, r1	; 0x8014ea <Range_Curr_Switch_Freq_Counter>
    7bd2:	8c e7       	ldi	r24, 0x7C	; 124
    7bd4:	91 e0       	ldi	r25, 0x01	; 1
    7bd6:	0e 94 b7 19 	call	0x336e	; 0x336e <EEPROM_READ_FLOAT>
    7bda:	29 e1       	ldi	r18, 0x19	; 25
    7bdc:	36 e6       	ldi	r19, 0x66	; 102
    7bde:	47 e6       	ldi	r20, 0x67	; 103
    7be0:	56 e4       	ldi	r21, 0x46	; 70
    7be2:	0e 94 62 49 	call	0x92c4	; 0x92c4 <__mulsf3>
    7be6:	6b 01       	movw	r12, r22
    7be8:	7c 01       	movw	r14, r24
    7bea:	8c e6       	ldi	r24, 0x6C	; 108
    7bec:	91 e0       	ldi	r25, 0x01	; 1
    7bee:	0e 94 b7 19 	call	0x336e	; 0x336e <EEPROM_READ_FLOAT>
    7bf2:	20 e0       	ldi	r18, 0x00	; 0
    7bf4:	38 ef       	ldi	r19, 0xF8	; 248
    7bf6:	42 e7       	ldi	r20, 0x72	; 114
    7bf8:	57 e4       	ldi	r21, 0x47	; 71
    7bfa:	0e 94 62 49 	call	0x92c4	; 0x92c4 <__mulsf3>
    7bfe:	69 83       	std	Y+1, r22	; 0x01
    7c00:	7a 83       	std	Y+2, r23	; 0x02
    7c02:	8b 83       	std	Y+3, r24	; 0x03
    7c04:	9c 83       	std	Y+4, r25	; 0x04
    7c06:	8c e5       	ldi	r24, 0x5C	; 92
    7c08:	91 e0       	ldi	r25, 0x01	; 1
    7c0a:	0e 94 b7 19 	call	0x336e	; 0x336e <EEPROM_READ_FLOAT>
    7c0e:	20 e0       	ldi	r18, 0x00	; 0
    7c10:	38 ef       	ldi	r19, 0xF8	; 248
    7c12:	42 e7       	ldi	r20, 0x72	; 114
    7c14:	57 e4       	ldi	r21, 0x47	; 71
    7c16:	0e 94 62 49 	call	0x92c4	; 0x92c4 <__mulsf3>
    7c1a:	6d 83       	std	Y+5, r22	; 0x05
    7c1c:	7e 83       	std	Y+6, r23	; 0x06
    7c1e:	8f 83       	std	Y+7, r24	; 0x07
    7c20:	98 87       	std	Y+8, r25	; 0x08
    7c22:	8c e4       	ldi	r24, 0x4C	; 76
    7c24:	91 e0       	ldi	r25, 0x01	; 1
    7c26:	0e 94 b7 19 	call	0x336e	; 0x336e <EEPROM_READ_FLOAT>
    7c2a:	20 e0       	ldi	r18, 0x00	; 0
    7c2c:	38 ef       	ldi	r19, 0xF8	; 248
    7c2e:	42 e7       	ldi	r20, 0x72	; 114
    7c30:	57 e4       	ldi	r21, 0x47	; 71
    7c32:	0e 94 62 49 	call	0x92c4	; 0x92c4 <__mulsf3>
    7c36:	69 87       	std	Y+9, r22	; 0x09
    7c38:	7a 87       	std	Y+10, r23	; 0x0a
    7c3a:	8b 87       	std	Y+11, r24	; 0x0b
    7c3c:	9c 87       	std	Y+12, r25	; 0x0c
    7c3e:	8c e3       	ldi	r24, 0x3C	; 60
    7c40:	91 e0       	ldi	r25, 0x01	; 1
    7c42:	0e 94 b7 19 	call	0x336e	; 0x336e <EEPROM_READ_FLOAT>
    7c46:	69 8f       	std	Y+25, r22	; 0x19
    7c48:	7a 8f       	std	Y+26, r23	; 0x1a
    7c4a:	8b 8f       	std	Y+27, r24	; 0x1b
    7c4c:	9c 8f       	std	Y+28, r25	; 0x1c
    7c4e:	8c e2       	ldi	r24, 0x2C	; 44
    7c50:	91 e0       	ldi	r25, 0x01	; 1
    7c52:	0e 94 b7 19 	call	0x336e	; 0x336e <EEPROM_READ_FLOAT>
    7c56:	20 e0       	ldi	r18, 0x00	; 0
    7c58:	38 ef       	ldi	r19, 0xF8	; 248
    7c5a:	42 e7       	ldi	r20, 0x72	; 114
    7c5c:	57 e4       	ldi	r21, 0x47	; 71
    7c5e:	0e 94 62 49 	call	0x92c4	; 0x92c4 <__mulsf3>
    7c62:	4b 01       	movw	r8, r22
    7c64:	5c 01       	movw	r10, r24
    7c66:	80 e2       	ldi	r24, 0x20	; 32
    7c68:	91 e0       	ldi	r25, 0x01	; 1
    7c6a:	0e 94 b7 19 	call	0x336e	; 0x336e <EEPROM_READ_FLOAT>
    7c6e:	20 e0       	ldi	r18, 0x00	; 0
    7c70:	38 ef       	ldi	r19, 0xF8	; 248
    7c72:	42 e7       	ldi	r20, 0x72	; 114
    7c74:	57 e4       	ldi	r21, 0x47	; 71
    7c76:	0e 94 62 49 	call	0x92c4	; 0x92c4 <__mulsf3>
    7c7a:	6d 87       	std	Y+13, r22	; 0x0d
    7c7c:	7e 87       	std	Y+14, r23	; 0x0e
    7c7e:	8f 87       	std	Y+15, r24	; 0x0f
    7c80:	98 8b       	std	Y+16, r25	; 0x10
    7c82:	84 e1       	ldi	r24, 0x14	; 20
    7c84:	91 e0       	ldi	r25, 0x01	; 1
    7c86:	0e 94 b7 19 	call	0x336e	; 0x336e <EEPROM_READ_FLOAT>
    7c8a:	20 e0       	ldi	r18, 0x00	; 0
    7c8c:	38 ef       	ldi	r19, 0xF8	; 248
    7c8e:	42 e7       	ldi	r20, 0x72	; 114
    7c90:	57 e4       	ldi	r21, 0x47	; 71
    7c92:	0e 94 62 49 	call	0x92c4	; 0x92c4 <__mulsf3>
    7c96:	69 8b       	std	Y+17, r22	; 0x11
    7c98:	7a 8b       	std	Y+18, r23	; 0x12
    7c9a:	8b 8b       	std	Y+19, r24	; 0x13
    7c9c:	9c 8b       	std	Y+20, r25	; 0x14
    7c9e:	88 e0       	ldi	r24, 0x08	; 8
    7ca0:	91 e0       	ldi	r25, 0x01	; 1
    7ca2:	0e 94 b7 19 	call	0x336e	; 0x336e <EEPROM_READ_FLOAT>
    7ca6:	20 e0       	ldi	r18, 0x00	; 0
    7ca8:	38 ef       	ldi	r19, 0xF8	; 248
    7caa:	42 e7       	ldi	r20, 0x72	; 114
    7cac:	57 e4       	ldi	r21, 0x47	; 71
    7cae:	0e 94 62 49 	call	0x92c4	; 0x92c4 <__mulsf3>
    7cb2:	2b 01       	movw	r4, r22
    7cb4:	3c 01       	movw	r6, r24
    7cb6:	8c ef       	ldi	r24, 0xFC	; 252
    7cb8:	90 e0       	ldi	r25, 0x00	; 0
    7cba:	0e 94 b7 19 	call	0x336e	; 0x336e <EEPROM_READ_FLOAT>
    7cbe:	20 e0       	ldi	r18, 0x00	; 0
    7cc0:	38 ef       	ldi	r19, 0xF8	; 248
    7cc2:	42 e7       	ldi	r20, 0x72	; 114
    7cc4:	57 e4       	ldi	r21, 0x47	; 71
    7cc6:	0e 94 62 49 	call	0x92c4	; 0x92c4 <__mulsf3>
    7cca:	6d 8b       	std	Y+21, r22	; 0x15
    7ccc:	7e 8b       	std	Y+22, r23	; 0x16
    7cce:	8f 8b       	std	Y+23, r24	; 0x17
    7cd0:	98 8f       	std	Y+24, r25	; 0x18
    7cd2:	80 ef       	ldi	r24, 0xF0	; 240
    7cd4:	90 e0       	ldi	r25, 0x00	; 0
    7cd6:	0e 94 b7 19 	call	0x336e	; 0x336e <EEPROM_READ_FLOAT>
    7cda:	6d 8f       	std	Y+29, r22	; 0x1d
    7cdc:	7e 8f       	std	Y+30, r23	; 0x1e
    7cde:	8f 8f       	std	Y+31, r24	; 0x1f
    7ce0:	98 a3       	std	Y+32, r25	; 0x20
    7ce2:	2a e0       	ldi	r18, 0x0A	; 10
    7ce4:	37 ed       	ldi	r19, 0xD7	; 215
    7ce6:	43 e8       	ldi	r20, 0x83	; 131
    7ce8:	5f e3       	ldi	r21, 0x3F	; 63
    7cea:	c7 01       	movw	r24, r14
    7cec:	b6 01       	movw	r22, r12
    7cee:	0e 94 62 49 	call	0x92c4	; 0x92c4 <__mulsf3>
    7cf2:	e2 e3       	ldi	r30, 0x32	; 50
    7cf4:	f5 e1       	ldi	r31, 0x15	; 21
    7cf6:	60 83       	st	Z, r22
    7cf8:	71 83       	std	Z+1, r23	; 0x01
    7cfa:	82 83       	std	Z+2, r24	; 0x02
    7cfc:	93 83       	std	Z+3, r25	; 0x03
    7cfe:	2a e0       	ldi	r18, 0x0A	; 10
    7d00:	37 ed       	ldi	r19, 0xD7	; 215
    7d02:	43 e8       	ldi	r20, 0x83	; 131
    7d04:	5f e3       	ldi	r21, 0x3F	; 63
    7d06:	69 81       	ldd	r22, Y+1	; 0x01
    7d08:	7a 81       	ldd	r23, Y+2	; 0x02
    7d0a:	8b 81       	ldd	r24, Y+3	; 0x03
    7d0c:	9c 81       	ldd	r25, Y+4	; 0x04
    7d0e:	0e 94 62 49 	call	0x92c4	; 0x92c4 <__mulsf3>
    7d12:	60 93 36 15 	sts	0x1536, r22	; 0x801536 <Threshold_Volt_Over_Range+0x4>
    7d16:	70 93 37 15 	sts	0x1537, r23	; 0x801537 <Threshold_Volt_Over_Range+0x5>
    7d1a:	80 93 38 15 	sts	0x1538, r24	; 0x801538 <Threshold_Volt_Over_Range+0x6>
    7d1e:	90 93 39 15 	sts	0x1539, r25	; 0x801539 <Threshold_Volt_Over_Range+0x7>
    7d22:	2a e0       	ldi	r18, 0x0A	; 10
    7d24:	37 ed       	ldi	r19, 0xD7	; 215
    7d26:	43 e8       	ldi	r20, 0x83	; 131
    7d28:	5f e3       	ldi	r21, 0x3F	; 63
    7d2a:	6d 81       	ldd	r22, Y+5	; 0x05
    7d2c:	7e 81       	ldd	r23, Y+6	; 0x06
    7d2e:	8f 81       	ldd	r24, Y+7	; 0x07
    7d30:	98 85       	ldd	r25, Y+8	; 0x08
    7d32:	0e 94 62 49 	call	0x92c4	; 0x92c4 <__mulsf3>
    7d36:	60 93 3a 15 	sts	0x153A, r22	; 0x80153a <Threshold_Volt_Over_Range+0x8>
    7d3a:	70 93 3b 15 	sts	0x153B, r23	; 0x80153b <Threshold_Volt_Over_Range+0x9>
    7d3e:	80 93 3c 15 	sts	0x153C, r24	; 0x80153c <Threshold_Volt_Over_Range+0xa>
    7d42:	90 93 3d 15 	sts	0x153D, r25	; 0x80153d <Threshold_Volt_Over_Range+0xb>
    7d46:	2a e0       	ldi	r18, 0x0A	; 10
    7d48:	37 ed       	ldi	r19, 0xD7	; 215
    7d4a:	43 e8       	ldi	r20, 0x83	; 131
    7d4c:	5f e3       	ldi	r21, 0x3F	; 63
    7d4e:	69 85       	ldd	r22, Y+9	; 0x09
    7d50:	7a 85       	ldd	r23, Y+10	; 0x0a
    7d52:	8b 85       	ldd	r24, Y+11	; 0x0b
    7d54:	9c 85       	ldd	r25, Y+12	; 0x0c
    7d56:	0e 94 62 49 	call	0x92c4	; 0x92c4 <__mulsf3>
    7d5a:	60 93 3e 15 	sts	0x153E, r22	; 0x80153e <Threshold_Volt_Over_Range+0xc>
    7d5e:	70 93 3f 15 	sts	0x153F, r23	; 0x80153f <Threshold_Volt_Over_Range+0xd>
    7d62:	80 93 40 15 	sts	0x1540, r24	; 0x801540 <Threshold_Volt_Over_Range+0xe>
    7d66:	90 93 41 15 	sts	0x1541, r25	; 0x801541 <Threshold_Volt_Over_Range+0xf>
    7d6a:	20 e0       	ldi	r18, 0x00	; 0
    7d6c:	38 ef       	ldi	r19, 0xF8	; 248
    7d6e:	42 e7       	ldi	r20, 0x72	; 114
    7d70:	57 e4       	ldi	r21, 0x47	; 71
    7d72:	69 8d       	ldd	r22, Y+25	; 0x19
    7d74:	7a 8d       	ldd	r23, Y+26	; 0x1a
    7d76:	8b 8d       	ldd	r24, Y+27	; 0x1b
    7d78:	9c 8d       	ldd	r25, Y+28	; 0x1c
    7d7a:	0e 94 62 49 	call	0x92c4	; 0x92c4 <__mulsf3>
    7d7e:	2a e0       	ldi	r18, 0x0A	; 10
    7d80:	37 ed       	ldi	r19, 0xD7	; 215
    7d82:	43 e8       	ldi	r20, 0x83	; 131
    7d84:	5f e3       	ldi	r21, 0x3F	; 63
    7d86:	0e 94 62 49 	call	0x92c4	; 0x92c4 <__mulsf3>
    7d8a:	60 93 42 15 	sts	0x1542, r22	; 0x801542 <Threshold_Volt_Over_Range+0x10>
    7d8e:	70 93 43 15 	sts	0x1543, r23	; 0x801543 <Threshold_Volt_Over_Range+0x11>
    7d92:	80 93 44 15 	sts	0x1544, r24	; 0x801544 <Threshold_Volt_Over_Range+0x12>
    7d96:	90 93 45 15 	sts	0x1545, r25	; 0x801545 <Threshold_Volt_Over_Range+0x13>
    7d9a:	d7 01       	movw	r26, r14
    7d9c:	c6 01       	movw	r24, r12
    7d9e:	b0 58       	subi	r27, 0x80	; 128
    7da0:	e7 e4       	ldi	r30, 0x47	; 71
    7da2:	f5 e1       	ldi	r31, 0x15	; 21
    7da4:	80 83       	st	Z, r24
    7da6:	91 83       	std	Z+1, r25	; 0x01
    7da8:	a2 83       	std	Z+2, r26	; 0x02
    7daa:	b3 83       	std	Z+3, r27	; 0x03
    7dac:	26 e6       	ldi	r18, 0x66	; 102
    7dae:	36 e6       	ldi	r19, 0x66	; 102
    7db0:	46 e6       	ldi	r20, 0x66	; 102
    7db2:	5f e3       	ldi	r21, 0x3F	; 63
    7db4:	c7 01       	movw	r24, r14
    7db6:	b6 01       	movw	r22, r12
    7db8:	0e 94 62 49 	call	0x92c4	; 0x92c4 <__mulsf3>
    7dbc:	60 93 4b 15 	sts	0x154B, r22	; 0x80154b <Threshold_Volt_Under_Range+0x4>
    7dc0:	70 93 4c 15 	sts	0x154C, r23	; 0x80154c <Threshold_Volt_Under_Range+0x5>
    7dc4:	80 93 4d 15 	sts	0x154D, r24	; 0x80154d <Threshold_Volt_Under_Range+0x6>
    7dc8:	90 93 4e 15 	sts	0x154E, r25	; 0x80154e <Threshold_Volt_Under_Range+0x7>
    7dcc:	26 e6       	ldi	r18, 0x66	; 102
    7dce:	36 e6       	ldi	r19, 0x66	; 102
    7dd0:	46 e6       	ldi	r20, 0x66	; 102
    7dd2:	5f e3       	ldi	r21, 0x3F	; 63
    7dd4:	69 81       	ldd	r22, Y+1	; 0x01
    7dd6:	7a 81       	ldd	r23, Y+2	; 0x02
    7dd8:	8b 81       	ldd	r24, Y+3	; 0x03
    7dda:	9c 81       	ldd	r25, Y+4	; 0x04
    7ddc:	0e 94 62 49 	call	0x92c4	; 0x92c4 <__mulsf3>
    7de0:	60 93 4f 15 	sts	0x154F, r22	; 0x80154f <Threshold_Volt_Under_Range+0x8>
    7de4:	70 93 50 15 	sts	0x1550, r23	; 0x801550 <Threshold_Volt_Under_Range+0x9>
    7de8:	80 93 51 15 	sts	0x1551, r24	; 0x801551 <Threshold_Volt_Under_Range+0xa>
    7dec:	90 93 52 15 	sts	0x1552, r25	; 0x801552 <Threshold_Volt_Under_Range+0xb>
    7df0:	26 e6       	ldi	r18, 0x66	; 102
    7df2:	36 e6       	ldi	r19, 0x66	; 102
    7df4:	46 e6       	ldi	r20, 0x66	; 102
    7df6:	5f e3       	ldi	r21, 0x3F	; 63
    7df8:	6d 81       	ldd	r22, Y+5	; 0x05
    7dfa:	7e 81       	ldd	r23, Y+6	; 0x06
    7dfc:	8f 81       	ldd	r24, Y+7	; 0x07
    7dfe:	98 85       	ldd	r25, Y+8	; 0x08
    7e00:	0e 94 62 49 	call	0x92c4	; 0x92c4 <__mulsf3>
    7e04:	60 93 53 15 	sts	0x1553, r22	; 0x801553 <Threshold_Volt_Under_Range+0xc>
    7e08:	70 93 54 15 	sts	0x1554, r23	; 0x801554 <Threshold_Volt_Under_Range+0xd>
    7e0c:	80 93 55 15 	sts	0x1555, r24	; 0x801555 <Threshold_Volt_Under_Range+0xe>
    7e10:	90 93 56 15 	sts	0x1556, r25	; 0x801556 <Threshold_Volt_Under_Range+0xf>
    7e14:	26 e6       	ldi	r18, 0x66	; 102
    7e16:	36 e6       	ldi	r19, 0x66	; 102
    7e18:	46 e6       	ldi	r20, 0x66	; 102
    7e1a:	5f e3       	ldi	r21, 0x3F	; 63
    7e1c:	69 85       	ldd	r22, Y+9	; 0x09
    7e1e:	7a 85       	ldd	r23, Y+10	; 0x0a
    7e20:	8b 85       	ldd	r24, Y+11	; 0x0b
    7e22:	9c 85       	ldd	r25, Y+12	; 0x0c
    7e24:	0e 94 62 49 	call	0x92c4	; 0x92c4 <__mulsf3>
    7e28:	60 93 57 15 	sts	0x1557, r22	; 0x801557 <Threshold_Volt_Under_Range+0x10>
    7e2c:	70 93 58 15 	sts	0x1558, r23	; 0x801558 <Threshold_Volt_Under_Range+0x11>
    7e30:	80 93 59 15 	sts	0x1559, r24	; 0x801559 <Threshold_Volt_Under_Range+0x12>
    7e34:	90 93 5a 15 	sts	0x155A, r25	; 0x80155a <Threshold_Volt_Under_Range+0x13>
    7e38:	2a e0       	ldi	r18, 0x0A	; 10
    7e3a:	37 ed       	ldi	r19, 0xD7	; 215
    7e3c:	43 e8       	ldi	r20, 0x83	; 131
    7e3e:	5f e3       	ldi	r21, 0x3F	; 63
    7e40:	c5 01       	movw	r24, r10
    7e42:	b4 01       	movw	r22, r8
    7e44:	0e 94 62 49 	call	0x92c4	; 0x92c4 <__mulsf3>
    7e48:	ef ee       	ldi	r30, 0xEF	; 239
    7e4a:	f4 e1       	ldi	r31, 0x14	; 20
    7e4c:	60 83       	st	Z, r22
    7e4e:	71 83       	std	Z+1, r23	; 0x01
    7e50:	82 83       	std	Z+2, r24	; 0x02
    7e52:	93 83       	std	Z+3, r25	; 0x03
    7e54:	2a e0       	ldi	r18, 0x0A	; 10
    7e56:	37 ed       	ldi	r19, 0xD7	; 215
    7e58:	43 e8       	ldi	r20, 0x83	; 131
    7e5a:	5f e3       	ldi	r21, 0x3F	; 63
    7e5c:	6d 85       	ldd	r22, Y+13	; 0x0d
    7e5e:	7e 85       	ldd	r23, Y+14	; 0x0e
    7e60:	8f 85       	ldd	r24, Y+15	; 0x0f
    7e62:	98 89       	ldd	r25, Y+16	; 0x10
    7e64:	0e 94 62 49 	call	0x92c4	; 0x92c4 <__mulsf3>
    7e68:	60 93 f3 14 	sts	0x14F3, r22	; 0x8014f3 <Threshold_Curr_Over_Range+0x4>
    7e6c:	70 93 f4 14 	sts	0x14F4, r23	; 0x8014f4 <Threshold_Curr_Over_Range+0x5>
    7e70:	80 93 f5 14 	sts	0x14F5, r24	; 0x8014f5 <Threshold_Curr_Over_Range+0x6>
    7e74:	90 93 f6 14 	sts	0x14F6, r25	; 0x8014f6 <Threshold_Curr_Over_Range+0x7>
    7e78:	2a e0       	ldi	r18, 0x0A	; 10
    7e7a:	37 ed       	ldi	r19, 0xD7	; 215
    7e7c:	43 e8       	ldi	r20, 0x83	; 131
    7e7e:	5f e3       	ldi	r21, 0x3F	; 63
    7e80:	69 89       	ldd	r22, Y+17	; 0x11
    7e82:	7a 89       	ldd	r23, Y+18	; 0x12
    7e84:	8b 89       	ldd	r24, Y+19	; 0x13
    7e86:	9c 89       	ldd	r25, Y+20	; 0x14
    7e88:	0e 94 62 49 	call	0x92c4	; 0x92c4 <__mulsf3>
    7e8c:	60 93 f7 14 	sts	0x14F7, r22	; 0x8014f7 <Threshold_Curr_Over_Range+0x8>
    7e90:	70 93 f8 14 	sts	0x14F8, r23	; 0x8014f8 <Threshold_Curr_Over_Range+0x9>
    7e94:	80 93 f9 14 	sts	0x14F9, r24	; 0x8014f9 <Threshold_Curr_Over_Range+0xa>
    7e98:	90 93 fa 14 	sts	0x14FA, r25	; 0x8014fa <Threshold_Curr_Over_Range+0xb>
    7e9c:	2a e0       	ldi	r18, 0x0A	; 10
    7e9e:	37 ed       	ldi	r19, 0xD7	; 215
    7ea0:	43 e8       	ldi	r20, 0x83	; 131
    7ea2:	5f e3       	ldi	r21, 0x3F	; 63
    7ea4:	c3 01       	movw	r24, r6
    7ea6:	b2 01       	movw	r22, r4
    7ea8:	0e 94 62 49 	call	0x92c4	; 0x92c4 <__mulsf3>
    7eac:	60 93 fb 14 	sts	0x14FB, r22	; 0x8014fb <Threshold_Curr_Over_Range+0xc>
    7eb0:	70 93 fc 14 	sts	0x14FC, r23	; 0x8014fc <Threshold_Curr_Over_Range+0xd>
    7eb4:	80 93 fd 14 	sts	0x14FD, r24	; 0x8014fd <Threshold_Curr_Over_Range+0xe>
    7eb8:	90 93 fe 14 	sts	0x14FE, r25	; 0x8014fe <Threshold_Curr_Over_Range+0xf>
    7ebc:	2a e0       	ldi	r18, 0x0A	; 10
    7ebe:	37 ed       	ldi	r19, 0xD7	; 215
    7ec0:	43 e8       	ldi	r20, 0x83	; 131
    7ec2:	5f e3       	ldi	r21, 0x3F	; 63
    7ec4:	6d 89       	ldd	r22, Y+21	; 0x15
    7ec6:	7e 89       	ldd	r23, Y+22	; 0x16
    7ec8:	8f 89       	ldd	r24, Y+23	; 0x17
    7eca:	98 8d       	ldd	r25, Y+24	; 0x18
    7ecc:	0e 94 62 49 	call	0x92c4	; 0x92c4 <__mulsf3>
    7ed0:	60 93 ff 14 	sts	0x14FF, r22	; 0x8014ff <Threshold_Curr_Over_Range+0x10>
    7ed4:	70 93 00 15 	sts	0x1500, r23	; 0x801500 <Threshold_Curr_Over_Range+0x11>
    7ed8:	80 93 01 15 	sts	0x1501, r24	; 0x801501 <Threshold_Curr_Over_Range+0x12>
    7edc:	90 93 02 15 	sts	0x1502, r25	; 0x801502 <Threshold_Curr_Over_Range+0x13>
    7ee0:	20 e0       	ldi	r18, 0x00	; 0
    7ee2:	38 ef       	ldi	r19, 0xF8	; 248
    7ee4:	42 e7       	ldi	r20, 0x72	; 114
    7ee6:	57 e4       	ldi	r21, 0x47	; 71
    7ee8:	6d 8d       	ldd	r22, Y+29	; 0x1d
    7eea:	7e 8d       	ldd	r23, Y+30	; 0x1e
    7eec:	8f 8d       	ldd	r24, Y+31	; 0x1f
    7eee:	98 a1       	ldd	r25, Y+32	; 0x20
    7ef0:	0e 94 62 49 	call	0x92c4	; 0x92c4 <__mulsf3>
    7ef4:	2a e0       	ldi	r18, 0x0A	; 10
    7ef6:	37 ed       	ldi	r19, 0xD7	; 215
    7ef8:	43 e8       	ldi	r20, 0x83	; 131
    7efa:	5f e3       	ldi	r21, 0x3F	; 63
    7efc:	0e 94 62 49 	call	0x92c4	; 0x92c4 <__mulsf3>
    7f00:	60 93 03 15 	sts	0x1503, r22	; 0x801503 <Threshold_Curr_Over_Range+0x14>
    7f04:	70 93 04 15 	sts	0x1504, r23	; 0x801504 <Threshold_Curr_Over_Range+0x15>
    7f08:	80 93 05 15 	sts	0x1505, r24	; 0x801505 <Threshold_Curr_Over_Range+0x16>
    7f0c:	90 93 06 15 	sts	0x1506, r25	; 0x801506 <Threshold_Curr_Over_Range+0x17>
    7f10:	d5 01       	movw	r26, r10
    7f12:	c4 01       	movw	r24, r8
    7f14:	b0 58       	subi	r27, 0x80	; 128
    7f16:	e7 e1       	ldi	r30, 0x17	; 23
    7f18:	f5 e1       	ldi	r31, 0x15	; 21
    7f1a:	80 83       	st	Z, r24
    7f1c:	91 83       	std	Z+1, r25	; 0x01
    7f1e:	a2 83       	std	Z+2, r26	; 0x02
    7f20:	b3 83       	std	Z+3, r27	; 0x03
    7f22:	26 e6       	ldi	r18, 0x66	; 102
    7f24:	36 e6       	ldi	r19, 0x66	; 102
    7f26:	46 e6       	ldi	r20, 0x66	; 102
    7f28:	5f e3       	ldi	r21, 0x3F	; 63
    7f2a:	c5 01       	movw	r24, r10
    7f2c:	b4 01       	movw	r22, r8
    7f2e:	0e 94 62 49 	call	0x92c4	; 0x92c4 <__mulsf3>
    7f32:	60 93 1b 15 	sts	0x151B, r22	; 0x80151b <Threshold_Curr_Under_Range+0x4>
    7f36:	70 93 1c 15 	sts	0x151C, r23	; 0x80151c <Threshold_Curr_Under_Range+0x5>
    7f3a:	80 93 1d 15 	sts	0x151D, r24	; 0x80151d <Threshold_Curr_Under_Range+0x6>
    7f3e:	90 93 1e 15 	sts	0x151E, r25	; 0x80151e <Threshold_Curr_Under_Range+0x7>
    7f42:	26 e6       	ldi	r18, 0x66	; 102
    7f44:	36 e6       	ldi	r19, 0x66	; 102
    7f46:	46 e6       	ldi	r20, 0x66	; 102
    7f48:	5f e3       	ldi	r21, 0x3F	; 63
    7f4a:	6d 85       	ldd	r22, Y+13	; 0x0d
    7f4c:	7e 85       	ldd	r23, Y+14	; 0x0e
    7f4e:	8f 85       	ldd	r24, Y+15	; 0x0f
    7f50:	98 89       	ldd	r25, Y+16	; 0x10
    7f52:	0e 94 62 49 	call	0x92c4	; 0x92c4 <__mulsf3>
    7f56:	60 93 1f 15 	sts	0x151F, r22	; 0x80151f <Threshold_Curr_Under_Range+0x8>
    7f5a:	70 93 20 15 	sts	0x1520, r23	; 0x801520 <Threshold_Curr_Under_Range+0x9>
    7f5e:	80 93 21 15 	sts	0x1521, r24	; 0x801521 <Threshold_Curr_Under_Range+0xa>
    7f62:	90 93 22 15 	sts	0x1522, r25	; 0x801522 <Threshold_Curr_Under_Range+0xb>
    7f66:	26 e6       	ldi	r18, 0x66	; 102
    7f68:	36 e6       	ldi	r19, 0x66	; 102
    7f6a:	46 e6       	ldi	r20, 0x66	; 102
    7f6c:	5f e3       	ldi	r21, 0x3F	; 63
    7f6e:	69 89       	ldd	r22, Y+17	; 0x11
    7f70:	7a 89       	ldd	r23, Y+18	; 0x12
    7f72:	8b 89       	ldd	r24, Y+19	; 0x13
    7f74:	9c 89       	ldd	r25, Y+20	; 0x14
    7f76:	0e 94 62 49 	call	0x92c4	; 0x92c4 <__mulsf3>
    7f7a:	60 93 23 15 	sts	0x1523, r22	; 0x801523 <Threshold_Curr_Under_Range+0xc>
    7f7e:	70 93 24 15 	sts	0x1524, r23	; 0x801524 <Threshold_Curr_Under_Range+0xd>
    7f82:	80 93 25 15 	sts	0x1525, r24	; 0x801525 <Threshold_Curr_Under_Range+0xe>
    7f86:	90 93 26 15 	sts	0x1526, r25	; 0x801526 <Threshold_Curr_Under_Range+0xf>
    7f8a:	26 e6       	ldi	r18, 0x66	; 102
    7f8c:	36 e6       	ldi	r19, 0x66	; 102
    7f8e:	46 e6       	ldi	r20, 0x66	; 102
    7f90:	5f e3       	ldi	r21, 0x3F	; 63
    7f92:	c3 01       	movw	r24, r6
    7f94:	b2 01       	movw	r22, r4
    7f96:	0e 94 62 49 	call	0x92c4	; 0x92c4 <__mulsf3>
    7f9a:	60 93 27 15 	sts	0x1527, r22	; 0x801527 <Threshold_Curr_Under_Range+0x10>
    7f9e:	70 93 28 15 	sts	0x1528, r23	; 0x801528 <Threshold_Curr_Under_Range+0x11>
    7fa2:	80 93 29 15 	sts	0x1529, r24	; 0x801529 <Threshold_Curr_Under_Range+0x12>
    7fa6:	90 93 2a 15 	sts	0x152A, r25	; 0x80152a <Threshold_Curr_Under_Range+0x13>
    7faa:	26 e6       	ldi	r18, 0x66	; 102
    7fac:	36 e6       	ldi	r19, 0x66	; 102
    7fae:	46 e6       	ldi	r20, 0x66	; 102
    7fb0:	5f e3       	ldi	r21, 0x3F	; 63
    7fb2:	6d 89       	ldd	r22, Y+21	; 0x15
    7fb4:	7e 89       	ldd	r23, Y+22	; 0x16
    7fb6:	8f 89       	ldd	r24, Y+23	; 0x17
    7fb8:	98 8d       	ldd	r25, Y+24	; 0x18
    7fba:	0e 94 62 49 	call	0x92c4	; 0x92c4 <__mulsf3>
    7fbe:	60 93 2b 15 	sts	0x152B, r22	; 0x80152b <Threshold_Curr_Under_Range+0x14>
    7fc2:	70 93 2c 15 	sts	0x152C, r23	; 0x80152c <Threshold_Curr_Under_Range+0x15>
    7fc6:	80 93 2d 15 	sts	0x152D, r24	; 0x80152d <Threshold_Curr_Under_Range+0x16>
    7fca:	90 93 2e 15 	sts	0x152E, r25	; 0x80152e <Threshold_Curr_Under_Range+0x17>
    7fce:	a0 96       	adiw	r28, 0x20	; 32
    7fd0:	0f b6       	in	r0, 0x3f	; 63
    7fd2:	f8 94       	cli
    7fd4:	de bf       	out	0x3e, r29	; 62
    7fd6:	0f be       	out	0x3f, r0	; 63
    7fd8:	cd bf       	out	0x3d, r28	; 61
    7fda:	df 91       	pop	r29
    7fdc:	cf 91       	pop	r28
    7fde:	ff 90       	pop	r15
    7fe0:	ef 90       	pop	r14
    7fe2:	df 90       	pop	r13
    7fe4:	cf 90       	pop	r12
    7fe6:	bf 90       	pop	r11
    7fe8:	af 90       	pop	r10
    7fea:	9f 90       	pop	r9
    7fec:	8f 90       	pop	r8
    7fee:	7f 90       	pop	r7
    7ff0:	6f 90       	pop	r6
    7ff2:	5f 90       	pop	r5
    7ff4:	4f 90       	pop	r4
    7ff6:	08 95       	ret

00007ff8 <SET_VOLTAGE_RANGE>:
    7ff8:	cf 93       	push	r28
    7ffa:	c8 2f       	mov	r28, r24
    7ffc:	80 91 5e 15 	lds	r24, 0x155E	; 0x80155e <Range_Volt_Switch_Freq_Ctr_Max>
    8000:	90 91 5f 15 	lds	r25, 0x155F	; 0x80155f <Range_Volt_Switch_Freq_Ctr_Max+0x1>
    8004:	90 93 30 15 	sts	0x1530, r25	; 0x801530 <Range_Volt_Switch_Freq_Counter+0x1>
    8008:	80 93 2f 15 	sts	0x152F, r24	; 0x80152f <Range_Volt_Switch_Freq_Counter>
    800c:	80 91 11 15 	lds	r24, 0x1511	; 0x801511 <Range_Volt_Switch_Delay_Ctr_Max>
    8010:	80 93 5b 15 	sts	0x155B, r24	; 0x80155b <Range_Volt_Switch_Delay_Counter>
    8014:	8c 2f       	mov	r24, r28
    8016:	0e 94 cf 19 	call	0x339e	; 0x339e <EEPROM_LOAD_VOLTAGE_RANGE>
    801a:	80 91 e5 14 	lds	r24, 0x14E5	; 0x8014e5 <Range_Volt_ID_Act>
    801e:	88 23       	and	r24, r24
    8020:	41 f0       	breq	.+16     	; 0x8032 <SET_VOLTAGE_RANGE+0x3a>
    8022:	80 91 e5 14 	lds	r24, 0x14E5	; 0x8014e5 <Range_Volt_ID_Act>
    8026:	81 30       	cpi	r24, 0x01	; 1
    8028:	21 f0       	breq	.+8      	; 0x8032 <SET_VOLTAGE_RANGE+0x3a>
    802a:	80 91 e5 14 	lds	r24, 0x14E5	; 0x8014e5 <Range_Volt_ID_Act>
    802e:	82 30       	cpi	r24, 0x02	; 2
    8030:	21 f4       	brne	.+8      	; 0x803a <SET_VOLTAGE_RANGE+0x42>
    8032:	81 e0       	ldi	r24, 0x01	; 1
    8034:	c3 30       	cpi	r28, 0x03	; 3
    8036:	88 f4       	brcc	.+34     	; 0x805a <SET_VOLTAGE_RANGE+0x62>
    8038:	0d c0       	rjmp	.+26     	; 0x8054 <SET_VOLTAGE_RANGE+0x5c>
    803a:	80 91 e5 14 	lds	r24, 0x14E5	; 0x8014e5 <Range_Volt_ID_Act>
    803e:	83 30       	cpi	r24, 0x03	; 3
    8040:	21 f0       	breq	.+8      	; 0x804a <SET_VOLTAGE_RANGE+0x52>
    8042:	80 91 e5 14 	lds	r24, 0x14E5	; 0x8014e5 <Range_Volt_ID_Act>
    8046:	84 30       	cpi	r24, 0x04	; 4
    8048:	39 f4       	brne	.+14     	; 0x8058 <SET_VOLTAGE_RANGE+0x60>
    804a:	81 e0       	ldi	r24, 0x01	; 1
    804c:	9d ef       	ldi	r25, 0xFD	; 253
    804e:	9c 0f       	add	r25, r28
    8050:	92 30       	cpi	r25, 0x02	; 2
    8052:	18 f4       	brcc	.+6      	; 0x805a <SET_VOLTAGE_RANGE+0x62>
    8054:	80 e0       	ldi	r24, 0x00	; 0
    8056:	01 c0       	rjmp	.+2      	; 0x805a <SET_VOLTAGE_RANGE+0x62>
    8058:	81 e0       	ldi	r24, 0x01	; 1
    805a:	90 91 e5 14 	lds	r25, 0x14E5	; 0x8014e5 <Range_Volt_ID_Act>
    805e:	99 23       	and	r25, r25
    8060:	41 f0       	breq	.+16     	; 0x8072 <SET_VOLTAGE_RANGE+0x7a>
    8062:	90 91 e5 14 	lds	r25, 0x14E5	; 0x8014e5 <Range_Volt_ID_Act>
    8066:	91 30       	cpi	r25, 0x01	; 1
    8068:	21 f0       	breq	.+8      	; 0x8072 <SET_VOLTAGE_RANGE+0x7a>
    806a:	90 91 e5 14 	lds	r25, 0x14E5	; 0x8014e5 <Range_Volt_ID_Act>
    806e:	94 30       	cpi	r25, 0x04	; 4
    8070:	39 f4       	brne	.+14     	; 0x8080 <SET_VOLTAGE_RANGE+0x88>
    8072:	c2 30       	cpi	r28, 0x02	; 2
    8074:	08 f4       	brcc	.+2      	; 0x8078 <SET_VOLTAGE_RANGE+0x80>
    8076:	ab c0       	rjmp	.+342    	; 0x81ce <SET_VOLTAGE_RANGE+0x1d6>
    8078:	91 e0       	ldi	r25, 0x01	; 1
    807a:	c4 30       	cpi	r28, 0x04	; 4
    807c:	79 f4       	brne	.+30     	; 0x809c <SET_VOLTAGE_RANGE+0xa4>
    807e:	0d c0       	rjmp	.+26     	; 0x809a <SET_VOLTAGE_RANGE+0xa2>
    8080:	90 91 e5 14 	lds	r25, 0x14E5	; 0x8014e5 <Range_Volt_ID_Act>
    8084:	92 30       	cpi	r25, 0x02	; 2
    8086:	21 f0       	breq	.+8      	; 0x8090 <SET_VOLTAGE_RANGE+0x98>
    8088:	90 91 e5 14 	lds	r25, 0x14E5	; 0x8014e5 <Range_Volt_ID_Act>
    808c:	93 30       	cpi	r25, 0x03	; 3
    808e:	49 f4       	brne	.+18     	; 0x80a2 <SET_VOLTAGE_RANGE+0xaa>
    8090:	91 e0       	ldi	r25, 0x01	; 1
    8092:	2e ef       	ldi	r18, 0xFE	; 254
    8094:	2c 0f       	add	r18, r28
    8096:	22 30       	cpi	r18, 0x02	; 2
    8098:	08 f4       	brcc	.+2      	; 0x809c <SET_VOLTAGE_RANGE+0xa4>
    809a:	90 e0       	ldi	r25, 0x00	; 0
    809c:	81 30       	cpi	r24, 0x01	; 1
    809e:	71 f4       	brne	.+28     	; 0x80bc <SET_VOLTAGE_RANGE+0xc4>
    80a0:	03 c0       	rjmp	.+6      	; 0x80a8 <SET_VOLTAGE_RANGE+0xb0>
    80a2:	81 30       	cpi	r24, 0x01	; 1
    80a4:	71 f4       	brne	.+28     	; 0x80c2 <SET_VOLTAGE_RANGE+0xca>
    80a6:	91 e0       	ldi	r25, 0x01	; 1
    80a8:	20 91 47 12 	lds	r18, 0x1247	; 0x801247 <DIOE_PORT_A_STATE>
    80ac:	2e 7f       	andi	r18, 0xFE	; 254
    80ae:	20 93 47 12 	sts	0x1247, r18	; 0x801247 <DIOE_PORT_A_STATE>
    80b2:	20 91 47 12 	lds	r18, 0x1247	; 0x801247 <DIOE_PORT_A_STATE>
    80b6:	2d 7f       	andi	r18, 0xFD	; 253
    80b8:	20 93 47 12 	sts	0x1247, r18	; 0x801247 <DIOE_PORT_A_STATE>
    80bc:	91 30       	cpi	r25, 0x01	; 1
    80be:	09 f0       	breq	.+2      	; 0x80c2 <SET_VOLTAGE_RANGE+0xca>
    80c0:	82 c0       	rjmp	.+260    	; 0x81c6 <SET_VOLTAGE_RANGE+0x1ce>
    80c2:	90 91 47 12 	lds	r25, 0x1247	; 0x801247 <DIOE_PORT_A_STATE>
    80c6:	9b 7f       	andi	r25, 0xFB	; 251
    80c8:	90 93 47 12 	sts	0x1247, r25	; 0x801247 <DIOE_PORT_A_STATE>
    80cc:	90 91 47 12 	lds	r25, 0x1247	; 0x801247 <DIOE_PORT_A_STATE>
    80d0:	97 7f       	andi	r25, 0xF7	; 247
    80d2:	90 93 47 12 	sts	0x1247, r25	; 0x801247 <DIOE_PORT_A_STATE>
    80d6:	c1 11       	cpse	r28, r1
    80d8:	04 c0       	rjmp	.+8      	; 0x80e2 <SET_VOLTAGE_RANGE+0xea>
    80da:	90 91 47 12 	lds	r25, 0x1247	; 0x801247 <DIOE_PORT_A_STATE>
    80de:	98 60       	ori	r25, 0x08	; 8
    80e0:	07 c0       	rjmp	.+14     	; 0x80f0 <SET_VOLTAGE_RANGE+0xf8>
    80e2:	c1 30       	cpi	r28, 0x01	; 1
    80e4:	d1 f3       	breq	.-12     	; 0x80da <SET_VOLTAGE_RANGE+0xe2>
    80e6:	c2 30       	cpi	r28, 0x02	; 2
    80e8:	59 f4       	brne	.+22     	; 0x8100 <SET_VOLTAGE_RANGE+0x108>
    80ea:	90 91 47 12 	lds	r25, 0x1247	; 0x801247 <DIOE_PORT_A_STATE>
    80ee:	94 60       	ori	r25, 0x04	; 4
    80f0:	90 93 47 12 	sts	0x1247, r25	; 0x801247 <DIOE_PORT_A_STATE>
    80f4:	81 30       	cpi	r24, 0x01	; 1
    80f6:	b1 f4       	brne	.+44     	; 0x8124 <SET_VOLTAGE_RANGE+0x12c>
    80f8:	80 91 47 12 	lds	r24, 0x1247	; 0x801247 <DIOE_PORT_A_STATE>
    80fc:	81 60       	ori	r24, 0x01	; 1
    80fe:	10 c0       	rjmp	.+32     	; 0x8120 <SET_VOLTAGE_RANGE+0x128>
    8100:	91 e0       	ldi	r25, 0x01	; 1
    8102:	c3 30       	cpi	r28, 0x03	; 3
    8104:	09 f0       	breq	.+2      	; 0x8108 <SET_VOLTAGE_RANGE+0x110>
    8106:	6a c0       	rjmp	.+212    	; 0x81dc <SET_VOLTAGE_RANGE+0x1e4>
    8108:	91 30       	cpi	r25, 0x01	; 1
    810a:	29 f4       	brne	.+10     	; 0x8116 <SET_VOLTAGE_RANGE+0x11e>
    810c:	90 91 47 12 	lds	r25, 0x1247	; 0x801247 <DIOE_PORT_A_STATE>
    8110:	94 60       	ori	r25, 0x04	; 4
    8112:	90 93 47 12 	sts	0x1247, r25	; 0x801247 <DIOE_PORT_A_STATE>
    8116:	81 30       	cpi	r24, 0x01	; 1
    8118:	29 f4       	brne	.+10     	; 0x8124 <SET_VOLTAGE_RANGE+0x12c>
    811a:	80 91 47 12 	lds	r24, 0x1247	; 0x801247 <DIOE_PORT_A_STATE>
    811e:	82 60       	ori	r24, 0x02	; 2
    8120:	80 93 47 12 	sts	0x1247, r24	; 0x801247 <DIOE_PORT_A_STATE>
    8124:	40 91 fa 13 	lds	r20, 0x13FA	; 0x8013fa <DIOE_PORT_B_STATE>
    8128:	60 91 47 12 	lds	r22, 0x1247	; 0x801247 <DIOE_PORT_A_STATE>
    812c:	82 e0       	ldi	r24, 0x02	; 2
    812e:	0e 94 44 30 	call	0x6088	; 0x6088 <DIOExp_Write_Outputs>
    8132:	8f ed       	ldi	r24, 0xDF	; 223
    8134:	9e e2       	ldi	r25, 0x2E	; 46
    8136:	01 97       	sbiw	r24, 0x01	; 1
    8138:	f1 f7       	brne	.-4      	; 0x8136 <SET_VOLTAGE_RANGE+0x13e>
    813a:	00 c0       	rjmp	.+0      	; 0x813c <SET_VOLTAGE_RANGE+0x144>
    813c:	00 00       	nop
    813e:	60 91 97 14 	lds	r22, 0x1497	; 0x801497 <PV_Volt_DAC_ACT>
    8142:	70 91 98 14 	lds	r23, 0x1498	; 0x801498 <PV_Volt_DAC_ACT+0x1>
    8146:	80 91 99 14 	lds	r24, 0x1499	; 0x801499 <PV_Volt_DAC_ACT+0x2>
    814a:	90 91 9a 14 	lds	r25, 0x149A	; 0x80149a <PV_Volt_DAC_ACT+0x3>
    814e:	0e 94 d0 2d 	call	0x5ba0	; 0x5ba0 <Set_DAC_Output_Volts>
    8152:	8f e5       	ldi	r24, 0x5F	; 95
    8154:	9d e6       	ldi	r25, 0x6D	; 109
    8156:	01 97       	sbiw	r24, 0x01	; 1
    8158:	f1 f7       	brne	.-4      	; 0x8156 <SET_VOLTAGE_RANGE+0x15e>
    815a:	00 c0       	rjmp	.+0      	; 0x815c <SET_VOLTAGE_RANGE+0x164>
    815c:	00 00       	nop
    815e:	80 91 47 12 	lds	r24, 0x1247	; 0x801247 <DIOE_PORT_A_STATE>
    8162:	81 60       	ori	r24, 0x01	; 1
    8164:	80 93 47 12 	sts	0x1247, r24	; 0x801247 <DIOE_PORT_A_STATE>
    8168:	80 91 47 12 	lds	r24, 0x1247	; 0x801247 <DIOE_PORT_A_STATE>
    816c:	82 60       	ori	r24, 0x02	; 2
    816e:	80 93 47 12 	sts	0x1247, r24	; 0x801247 <DIOE_PORT_A_STATE>
    8172:	80 91 47 12 	lds	r24, 0x1247	; 0x801247 <DIOE_PORT_A_STATE>
    8176:	84 60       	ori	r24, 0x04	; 4
    8178:	80 93 47 12 	sts	0x1247, r24	; 0x801247 <DIOE_PORT_A_STATE>
    817c:	80 91 47 12 	lds	r24, 0x1247	; 0x801247 <DIOE_PORT_A_STATE>
    8180:	88 60       	ori	r24, 0x08	; 8
    8182:	80 93 47 12 	sts	0x1247, r24	; 0x801247 <DIOE_PORT_A_STATE>
    8186:	40 91 fa 13 	lds	r20, 0x13FA	; 0x8013fa <DIOE_PORT_B_STATE>
    818a:	60 91 47 12 	lds	r22, 0x1247	; 0x801247 <DIOE_PORT_A_STATE>
    818e:	82 e0       	ldi	r24, 0x02	; 2
    8190:	0e 94 44 30 	call	0x6088	; 0x6088 <DIOExp_Write_Outputs>
    8194:	8f e3       	ldi	r24, 0x3F	; 63
    8196:	9c e9       	ldi	r25, 0x9C	; 156
    8198:	01 97       	sbiw	r24, 0x01	; 1
    819a:	f1 f7       	brne	.-4      	; 0x8198 <SET_VOLTAGE_RANGE+0x1a0>
    819c:	00 c0       	rjmp	.+0      	; 0x819e <SET_VOLTAGE_RANGE+0x1a6>
    819e:	00 00       	nop
    81a0:	c0 93 e5 14 	sts	0x14E5, r28	; 0x8014e5 <Range_Volt_ID_Act>
    81a4:	80 91 e4 14 	lds	r24, 0x14E4	; 0x8014e4 <Range_Status_B>
    81a8:	81 60       	ori	r24, 0x01	; 1
    81aa:	80 93 e4 14 	sts	0x14E4, r24	; 0x8014e4 <Range_Status_B>
    81ae:	80 91 2a 14 	lds	r24, 0x142A	; 0x80142a <SysStatus_B>
    81b2:	8e 7f       	andi	r24, 0xFE	; 254
    81b4:	80 93 2a 14 	sts	0x142A, r24	; 0x80142a <SysStatus_B>
    81b8:	80 91 31 14 	lds	r24, 0x1431	; 0x801431 <Timer_CTR>
    81bc:	8e 7f       	andi	r24, 0xFE	; 254
    81be:	80 93 31 14 	sts	0x1431, r24	; 0x801431 <Timer_CTR>
    81c2:	cf 91       	pop	r28
    81c4:	08 95       	ret
    81c6:	cc 23       	and	r28, r28
    81c8:	09 f4       	brne	.+2      	; 0x81cc <SET_VOLTAGE_RANGE+0x1d4>
    81ca:	94 cf       	rjmp	.-216    	; 0x80f4 <SET_VOLTAGE_RANGE+0xfc>
    81cc:	04 c0       	rjmp	.+8      	; 0x81d6 <SET_VOLTAGE_RANGE+0x1de>
    81ce:	81 30       	cpi	r24, 0x01	; 1
    81d0:	d1 f7       	brne	.-12     	; 0x81c6 <SET_VOLTAGE_RANGE+0x1ce>
    81d2:	90 e0       	ldi	r25, 0x00	; 0
    81d4:	69 cf       	rjmp	.-302    	; 0x80a8 <SET_VOLTAGE_RANGE+0xb0>
    81d6:	c1 30       	cpi	r28, 0x01	; 1
    81d8:	41 f4       	brne	.+16     	; 0x81ea <SET_VOLTAGE_RANGE+0x1f2>
    81da:	8c cf       	rjmp	.-232    	; 0x80f4 <SET_VOLTAGE_RANGE+0xfc>
    81dc:	91 30       	cpi	r25, 0x01	; 1
    81de:	09 f0       	breq	.+2      	; 0x81e2 <SET_VOLTAGE_RANGE+0x1ea>
    81e0:	9a cf       	rjmp	.-204    	; 0x8116 <SET_VOLTAGE_RANGE+0x11e>
    81e2:	90 91 47 12 	lds	r25, 0x1247	; 0x801247 <DIOE_PORT_A_STATE>
    81e6:	98 60       	ori	r25, 0x08	; 8
    81e8:	94 cf       	rjmp	.-216    	; 0x8112 <SET_VOLTAGE_RANGE+0x11a>
    81ea:	c2 30       	cpi	r28, 0x02	; 2
    81ec:	09 f4       	brne	.+2      	; 0x81f0 <SET_VOLTAGE_RANGE+0x1f8>
    81ee:	82 cf       	rjmp	.-252    	; 0x80f4 <SET_VOLTAGE_RANGE+0xfc>
    81f0:	90 e0       	ldi	r25, 0x00	; 0
    81f2:	87 cf       	rjmp	.-242    	; 0x8102 <SET_VOLTAGE_RANGE+0x10a>

000081f4 <SET_CURRENT_RANGE>:
    81f4:	cf 93       	push	r28
    81f6:	c8 2f       	mov	r28, r24
    81f8:	80 91 5c 15 	lds	r24, 0x155C	; 0x80155c <Range_Curr_ID_Act>
    81fc:	81 30       	cpi	r24, 0x01	; 1
    81fe:	41 f0       	breq	.+16     	; 0x8210 <SET_CURRENT_RANGE+0x1c>
    8200:	80 91 5c 15 	lds	r24, 0x155C	; 0x80155c <Range_Curr_ID_Act>
    8204:	83 30       	cpi	r24, 0x03	; 3
    8206:	21 f0       	breq	.+8      	; 0x8210 <SET_CURRENT_RANGE+0x1c>
    8208:	80 91 5c 15 	lds	r24, 0x155C	; 0x80155c <Range_Curr_ID_Act>
    820c:	85 30       	cpi	r24, 0x05	; 5
    820e:	41 f4       	brne	.+16     	; 0x8220 <SET_CURRENT_RANGE+0x2c>
    8210:	8c 2f       	mov	r24, r28
    8212:	8d 7f       	andi	r24, 0xFD	; 253
    8214:	81 30       	cpi	r24, 0x01	; 1
    8216:	c9 f0       	breq	.+50     	; 0x824a <SET_CURRENT_RANGE+0x56>
    8218:	81 e0       	ldi	r24, 0x01	; 1
    821a:	c5 30       	cpi	r28, 0x05	; 5
    821c:	b9 f4       	brne	.+46     	; 0x824c <SET_CURRENT_RANGE+0x58>
    821e:	15 c0       	rjmp	.+42     	; 0x824a <SET_CURRENT_RANGE+0x56>
    8220:	80 91 5c 15 	lds	r24, 0x155C	; 0x80155c <Range_Curr_ID_Act>
    8224:	88 23       	and	r24, r24
    8226:	41 f0       	breq	.+16     	; 0x8238 <SET_CURRENT_RANGE+0x44>
    8228:	80 91 5c 15 	lds	r24, 0x155C	; 0x80155c <Range_Curr_ID_Act>
    822c:	82 30       	cpi	r24, 0x02	; 2
    822e:	21 f0       	breq	.+8      	; 0x8238 <SET_CURRENT_RANGE+0x44>
    8230:	80 91 5c 15 	lds	r24, 0x155C	; 0x80155c <Range_Curr_ID_Act>
    8234:	84 30       	cpi	r24, 0x04	; 4
    8236:	39 f4       	brne	.+14     	; 0x8246 <SET_CURRENT_RANGE+0x52>
    8238:	8c 2f       	mov	r24, r28
    823a:	8d 7f       	andi	r24, 0xFD	; 253
    823c:	31 f0       	breq	.+12     	; 0x824a <SET_CURRENT_RANGE+0x56>
    823e:	81 e0       	ldi	r24, 0x01	; 1
    8240:	c4 30       	cpi	r28, 0x04	; 4
    8242:	21 f4       	brne	.+8      	; 0x824c <SET_CURRENT_RANGE+0x58>
    8244:	02 c0       	rjmp	.+4      	; 0x824a <SET_CURRENT_RANGE+0x56>
    8246:	81 e0       	ldi	r24, 0x01	; 1
    8248:	01 c0       	rjmp	.+2      	; 0x824c <SET_CURRENT_RANGE+0x58>
    824a:	80 e0       	ldi	r24, 0x00	; 0
    824c:	20 91 ed 14 	lds	r18, 0x14ED	; 0x8014ed <Range_Curr_Switch_Freq_Ctr_Max>
    8250:	30 91 ee 14 	lds	r19, 0x14EE	; 0x8014ee <Range_Curr_Switch_Freq_Ctr_Max+0x1>
    8254:	30 93 eb 14 	sts	0x14EB, r19	; 0x8014eb <Range_Curr_Switch_Freq_Counter+0x1>
    8258:	20 93 ea 14 	sts	0x14EA, r18	; 0x8014ea <Range_Curr_Switch_Freq_Counter>
    825c:	90 91 31 15 	lds	r25, 0x1531	; 0x801531 <Range_Curr_Switch_Delay_Ctr_Max>
    8260:	90 93 5d 15 	sts	0x155D, r25	; 0x80155d <Range_Curr_Switch_Delay_Counter>
    8264:	90 91 fa 13 	lds	r25, 0x13FA	; 0x8013fa <DIOE_PORT_B_STATE>
    8268:	9e 7f       	andi	r25, 0xFE	; 254
    826a:	90 93 fa 13 	sts	0x13FA, r25	; 0x8013fa <DIOE_PORT_B_STATE>
    826e:	90 91 47 12 	lds	r25, 0x1247	; 0x801247 <DIOE_PORT_A_STATE>
    8272:	9f 7d       	andi	r25, 0xDF	; 223
    8274:	90 93 47 12 	sts	0x1247, r25	; 0x801247 <DIOE_PORT_A_STATE>
    8278:	90 91 47 12 	lds	r25, 0x1247	; 0x801247 <DIOE_PORT_A_STATE>
    827c:	9f 7e       	andi	r25, 0xEF	; 239
    827e:	90 93 47 12 	sts	0x1247, r25	; 0x801247 <DIOE_PORT_A_STATE>
    8282:	90 91 47 12 	lds	r25, 0x1247	; 0x801247 <DIOE_PORT_A_STATE>
    8286:	9f 77       	andi	r25, 0x7F	; 127
    8288:	90 93 47 12 	sts	0x1247, r25	; 0x801247 <DIOE_PORT_A_STATE>
    828c:	90 91 47 12 	lds	r25, 0x1247	; 0x801247 <DIOE_PORT_A_STATE>
    8290:	9f 7b       	andi	r25, 0xBF	; 191
    8292:	90 93 47 12 	sts	0x1247, r25	; 0x801247 <DIOE_PORT_A_STATE>
    8296:	90 91 fa 13 	lds	r25, 0x13FA	; 0x8013fa <DIOE_PORT_B_STATE>
    829a:	c1 11       	cpse	r28, r1
    829c:	09 c0       	rjmp	.+18     	; 0x82b0 <SET_CURRENT_RANGE+0xbc>
    829e:	98 60       	ori	r25, 0x08	; 8
    82a0:	90 93 fa 13 	sts	0x13FA, r25	; 0x8013fa <DIOE_PORT_B_STATE>
    82a4:	81 30       	cpi	r24, 0x01	; 1
    82a6:	81 f4       	brne	.+32     	; 0x82c8 <SET_CURRENT_RANGE+0xd4>
    82a8:	80 91 47 12 	lds	r24, 0x1247	; 0x801247 <DIOE_PORT_A_STATE>
    82ac:	80 64       	ori	r24, 0x40	; 64
    82ae:	0a c0       	rjmp	.+20     	; 0x82c4 <SET_CURRENT_RANGE+0xd0>
    82b0:	c1 30       	cpi	r28, 0x01	; 1
    82b2:	71 f4       	brne	.+28     	; 0x82d0 <SET_CURRENT_RANGE+0xdc>
    82b4:	98 60       	ori	r25, 0x08	; 8
    82b6:	90 93 fa 13 	sts	0x13FA, r25	; 0x8013fa <DIOE_PORT_B_STATE>
    82ba:	81 30       	cpi	r24, 0x01	; 1
    82bc:	29 f4       	brne	.+10     	; 0x82c8 <SET_CURRENT_RANGE+0xd4>
    82be:	80 91 47 12 	lds	r24, 0x1247	; 0x801247 <DIOE_PORT_A_STATE>
    82c2:	80 68       	ori	r24, 0x80	; 128
    82c4:	80 93 47 12 	sts	0x1247, r24	; 0x801247 <DIOE_PORT_A_STATE>
    82c8:	80 91 47 12 	lds	r24, 0x1247	; 0x801247 <DIOE_PORT_A_STATE>
    82cc:	80 61       	ori	r24, 0x10	; 16
    82ce:	2b c0       	rjmp	.+86     	; 0x8326 <SET_CURRENT_RANGE+0x132>
    82d0:	c2 30       	cpi	r28, 0x02	; 2
    82d2:	49 f4       	brne	.+18     	; 0x82e6 <SET_CURRENT_RANGE+0xf2>
    82d4:	94 60       	ori	r25, 0x04	; 4
    82d6:	90 93 fa 13 	sts	0x13FA, r25	; 0x8013fa <DIOE_PORT_B_STATE>
    82da:	81 30       	cpi	r24, 0x01	; 1
    82dc:	81 f4       	brne	.+32     	; 0x82fe <SET_CURRENT_RANGE+0x10a>
    82de:	80 91 47 12 	lds	r24, 0x1247	; 0x801247 <DIOE_PORT_A_STATE>
    82e2:	80 64       	ori	r24, 0x40	; 64
    82e4:	0a c0       	rjmp	.+20     	; 0x82fa <SET_CURRENT_RANGE+0x106>
    82e6:	c3 30       	cpi	r28, 0x03	; 3
    82e8:	71 f4       	brne	.+28     	; 0x8306 <SET_CURRENT_RANGE+0x112>
    82ea:	94 60       	ori	r25, 0x04	; 4
    82ec:	90 93 fa 13 	sts	0x13FA, r25	; 0x8013fa <DIOE_PORT_B_STATE>
    82f0:	81 30       	cpi	r24, 0x01	; 1
    82f2:	29 f4       	brne	.+10     	; 0x82fe <SET_CURRENT_RANGE+0x10a>
    82f4:	80 91 47 12 	lds	r24, 0x1247	; 0x801247 <DIOE_PORT_A_STATE>
    82f8:	80 68       	ori	r24, 0x80	; 128
    82fa:	80 93 47 12 	sts	0x1247, r24	; 0x801247 <DIOE_PORT_A_STATE>
    82fe:	80 91 47 12 	lds	r24, 0x1247	; 0x801247 <DIOE_PORT_A_STATE>
    8302:	80 62       	ori	r24, 0x20	; 32
    8304:	10 c0       	rjmp	.+32     	; 0x8326 <SET_CURRENT_RANGE+0x132>
    8306:	92 60       	ori	r25, 0x02	; 2
    8308:	90 93 fa 13 	sts	0x13FA, r25	; 0x8013fa <DIOE_PORT_B_STATE>
    830c:	c4 30       	cpi	r28, 0x04	; 4
    830e:	31 f4       	brne	.+12     	; 0x831c <SET_CURRENT_RANGE+0x128>
    8310:	81 30       	cpi	r24, 0x01	; 1
    8312:	59 f4       	brne	.+22     	; 0x832a <SET_CURRENT_RANGE+0x136>
    8314:	80 91 47 12 	lds	r24, 0x1247	; 0x801247 <DIOE_PORT_A_STATE>
    8318:	80 64       	ori	r24, 0x40	; 64
    831a:	05 c0       	rjmp	.+10     	; 0x8326 <SET_CURRENT_RANGE+0x132>
    831c:	81 30       	cpi	r24, 0x01	; 1
    831e:	29 f4       	brne	.+10     	; 0x832a <SET_CURRENT_RANGE+0x136>
    8320:	80 91 47 12 	lds	r24, 0x1247	; 0x801247 <DIOE_PORT_A_STATE>
    8324:	80 68       	ori	r24, 0x80	; 128
    8326:	80 93 47 12 	sts	0x1247, r24	; 0x801247 <DIOE_PORT_A_STATE>
    832a:	40 91 fa 13 	lds	r20, 0x13FA	; 0x8013fa <DIOE_PORT_B_STATE>
    832e:	60 91 47 12 	lds	r22, 0x1247	; 0x801247 <DIOE_PORT_A_STATE>
    8332:	82 e0       	ldi	r24, 0x02	; 2
    8334:	0e 94 44 30 	call	0x6088	; 0x6088 <DIOExp_Write_Outputs>
    8338:	8f e3       	ldi	r24, 0x3F	; 63
    833a:	9c e9       	ldi	r25, 0x9C	; 156
    833c:	01 97       	sbiw	r24, 0x01	; 1
    833e:	f1 f7       	brne	.-4      	; 0x833c <SET_CURRENT_RANGE+0x148>
    8340:	00 c0       	rjmp	.+0      	; 0x8342 <SET_CURRENT_RANGE+0x14e>
    8342:	00 00       	nop
    8344:	80 91 47 12 	lds	r24, 0x1247	; 0x801247 <DIOE_PORT_A_STATE>
    8348:	80 68       	ori	r24, 0x80	; 128
    834a:	80 93 47 12 	sts	0x1247, r24	; 0x801247 <DIOE_PORT_A_STATE>
    834e:	80 91 47 12 	lds	r24, 0x1247	; 0x801247 <DIOE_PORT_A_STATE>
    8352:	80 64       	ori	r24, 0x40	; 64
    8354:	80 93 47 12 	sts	0x1247, r24	; 0x801247 <DIOE_PORT_A_STATE>
    8358:	cc 23       	and	r28, r28
    835a:	11 f0       	breq	.+4      	; 0x8360 <SET_CURRENT_RANGE+0x16c>
    835c:	c1 30       	cpi	r28, 0x01	; 1
    835e:	49 f4       	brne	.+18     	; 0x8372 <SET_CURRENT_RANGE+0x17e>
    8360:	80 91 fa 13 	lds	r24, 0x13FA	; 0x8013fa <DIOE_PORT_B_STATE>
    8364:	8d 7f       	andi	r24, 0xFD	; 253
    8366:	80 93 fa 13 	sts	0x13FA, r24	; 0x8013fa <DIOE_PORT_B_STATE>
    836a:	80 91 fa 13 	lds	r24, 0x13FA	; 0x8013fa <DIOE_PORT_B_STATE>
    836e:	8b 7f       	andi	r24, 0xFB	; 251
    8370:	10 c0       	rjmp	.+32     	; 0x8392 <SET_CURRENT_RANGE+0x19e>
    8372:	c2 30       	cpi	r28, 0x02	; 2
    8374:	21 f4       	brne	.+8      	; 0x837e <SET_CURRENT_RANGE+0x18a>
    8376:	80 91 fa 13 	lds	r24, 0x13FA	; 0x8013fa <DIOE_PORT_B_STATE>
    837a:	8d 7f       	andi	r24, 0xFD	; 253
    837c:	05 c0       	rjmp	.+10     	; 0x8388 <SET_CURRENT_RANGE+0x194>
    837e:	c3 30       	cpi	r28, 0x03	; 3
    8380:	d1 f3       	breq	.-12     	; 0x8376 <SET_CURRENT_RANGE+0x182>
    8382:	80 91 fa 13 	lds	r24, 0x13FA	; 0x8013fa <DIOE_PORT_B_STATE>
    8386:	8b 7f       	andi	r24, 0xFB	; 251
    8388:	80 93 fa 13 	sts	0x13FA, r24	; 0x8013fa <DIOE_PORT_B_STATE>
    838c:	80 91 fa 13 	lds	r24, 0x13FA	; 0x8013fa <DIOE_PORT_B_STATE>
    8390:	87 7f       	andi	r24, 0xF7	; 247
    8392:	80 93 fa 13 	sts	0x13FA, r24	; 0x8013fa <DIOE_PORT_B_STATE>
    8396:	40 91 fa 13 	lds	r20, 0x13FA	; 0x8013fa <DIOE_PORT_B_STATE>
    839a:	60 91 47 12 	lds	r22, 0x1247	; 0x801247 <DIOE_PORT_A_STATE>
    839e:	82 e0       	ldi	r24, 0x02	; 2
    83a0:	0e 94 44 30 	call	0x6088	; 0x6088 <DIOExp_Write_Outputs>
    83a4:	8c 2f       	mov	r24, r28
    83a6:	0e 94 da 1a 	call	0x35b4	; 0x35b4 <EEPROM_LOAD_CURRENT_RANGE>
    83aa:	8f e3       	ldi	r24, 0x3F	; 63
    83ac:	9c e9       	ldi	r25, 0x9C	; 156
    83ae:	01 97       	sbiw	r24, 0x01	; 1
    83b0:	f1 f7       	brne	.-4      	; 0x83ae <SET_CURRENT_RANGE+0x1ba>
    83b2:	00 c0       	rjmp	.+0      	; 0x83b4 <SET_CURRENT_RANGE+0x1c0>
    83b4:	00 00       	nop
    83b6:	c0 93 5c 15 	sts	0x155C, r28	; 0x80155c <Range_Curr_ID_Act>
    83ba:	80 91 e4 14 	lds	r24, 0x14E4	; 0x8014e4 <Range_Status_B>
    83be:	82 60       	ori	r24, 0x02	; 2
    83c0:	80 93 e4 14 	sts	0x14E4, r24	; 0x8014e4 <Range_Status_B>
    83c4:	80 91 2a 14 	lds	r24, 0x142A	; 0x80142a <SysStatus_B>
    83c8:	8e 7f       	andi	r24, 0xFE	; 254
    83ca:	80 93 2a 14 	sts	0x142A, r24	; 0x80142a <SysStatus_B>
    83ce:	80 91 31 14 	lds	r24, 0x1431	; 0x801431 <Timer_CTR>
    83d2:	8e 7f       	andi	r24, 0xFE	; 254
    83d4:	80 93 31 14 	sts	0x1431, r24	; 0x801431 <Timer_CTR>
    83d8:	cf 91       	pop	r28
    83da:	08 95       	ret

000083dc <Check_Voltage_Range_Enabled_Correct>:
    83dc:	28 2f       	mov	r18, r24
    83de:	31 e0       	ldi	r19, 0x01	; 1
    83e0:	c9 01       	movw	r24, r18
    83e2:	99 23       	and	r25, r25
    83e4:	99 f0       	breq	.+38     	; 0x840c <Check_Voltage_Range_Enabled_Correct+0x30>
    83e6:	20 91 46 15 	lds	r18, 0x1546	; 0x801546 <Range_Volt_Enable>
    83ea:	30 e0       	ldi	r19, 0x00	; 0
    83ec:	08 2e       	mov	r0, r24
    83ee:	02 c0       	rjmp	.+4      	; 0x83f4 <Check_Voltage_Range_Enabled_Correct+0x18>
    83f0:	35 95       	asr	r19
    83f2:	27 95       	ror	r18
    83f4:	0a 94       	dec	r0
    83f6:	e2 f7       	brpl	.-8      	; 0x83f0 <Check_Voltage_Range_Enabled_Correct+0x14>
    83f8:	20 fd       	sbrc	r18, 0
    83fa:	02 c0       	rjmp	.+4      	; 0x8400 <Check_Voltage_Range_Enabled_Correct+0x24>
    83fc:	8f 5f       	subi	r24, 0xFF	; 255
    83fe:	01 c0       	rjmp	.+2      	; 0x8402 <Check_Voltage_Range_Enabled_Correct+0x26>
    8400:	90 e0       	ldi	r25, 0x00	; 0
    8402:	24 e0       	ldi	r18, 0x04	; 4
    8404:	30 e0       	ldi	r19, 0x00	; 0
    8406:	85 30       	cpi	r24, 0x05	; 5
    8408:	60 f3       	brcs	.-40     	; 0x83e2 <Check_Voltage_Range_Enabled_Correct+0x6>
    840a:	ea cf       	rjmp	.-44     	; 0x83e0 <Check_Voltage_Range_Enabled_Correct+0x4>
    840c:	08 95       	ret

0000840e <Process_Voltage_Auto_Range>:
    840e:	80 91 e5 14 	lds	r24, 0x14E5	; 0x8014e5 <Range_Volt_ID_Act>
    8412:	90 91 ec 14 	lds	r25, 0x14EC	; 0x8014ec <Range_Status_A>
    8416:	94 ff       	sbrs	r25, 4
    8418:	02 c0       	rjmp	.+4      	; 0x841e <Process_Voltage_Auto_Range+0x10>
    841a:	8f 5f       	subi	r24, 0xFF	; 255
    841c:	09 c0       	rjmp	.+18     	; 0x8430 <Process_Voltage_Auto_Range+0x22>
    841e:	60 91 97 10 	lds	r22, 0x1097	; 0x801097 <AI_Volt>
    8422:	70 91 98 10 	lds	r23, 0x1098	; 0x801098 <AI_Volt+0x1>
    8426:	80 91 99 10 	lds	r24, 0x1099	; 0x801099 <AI_Volt+0x2>
    842a:	90 91 9a 10 	lds	r25, 0x109A	; 0x80109a <AI_Volt+0x3>
    842e:	a8 da       	rcall	.-2736   	; 0x7980 <Get_Best_Voltage_Range_From_Value>
    8430:	d5 df       	rcall	.-86     	; 0x83dc <Check_Voltage_Range_Enabled_Correct>
    8432:	85 30       	cpi	r24, 0x05	; 5
    8434:	08 f0       	brcs	.+2      	; 0x8438 <Process_Voltage_Auto_Range+0x2a>
    8436:	84 e0       	ldi	r24, 0x04	; 4
    8438:	90 91 e5 14 	lds	r25, 0x14E5	; 0x8014e5 <Range_Volt_ID_Act>
    843c:	98 17       	cp	r25, r24
    843e:	40 f0       	brcs	.+16     	; 0x8450 <Process_Voltage_Auto_Range+0x42>
    8440:	90 91 e5 14 	lds	r25, 0x14E5	; 0x8014e5 <Range_Volt_ID_Act>
    8444:	89 17       	cp	r24, r25
    8446:	78 f4       	brcc	.+30     	; 0x8466 <Process_Voltage_Auto_Range+0x58>
    8448:	90 91 2a 14 	lds	r25, 0x142A	; 0x80142a <SysStatus_B>
    844c:	92 fd       	sbrc	r25, 2
    844e:	0b c0       	rjmp	.+22     	; 0x8466 <Process_Voltage_Auto_Range+0x58>
    8450:	90 91 5b 15 	lds	r25, 0x155B	; 0x80155b <Range_Volt_Switch_Delay_Counter>
    8454:	99 23       	and	r25, r25
    8456:	31 f0       	breq	.+12     	; 0x8464 <Process_Voltage_Auto_Range+0x56>
    8458:	80 91 5b 15 	lds	r24, 0x155B	; 0x80155b <Range_Volt_Switch_Delay_Counter>
    845c:	81 50       	subi	r24, 0x01	; 1
    845e:	80 93 5b 15 	sts	0x155B, r24	; 0x80155b <Range_Volt_Switch_Delay_Counter>
    8462:	08 95       	ret
    8464:	c9 cd       	rjmp	.-1134   	; 0x7ff8 <SET_VOLTAGE_RANGE>
    8466:	08 95       	ret

00008468 <Check_Current_Range_Enabled_Correct>:
    8468:	28 2f       	mov	r18, r24
    846a:	31 e0       	ldi	r19, 0x01	; 1
    846c:	c9 01       	movw	r24, r18
    846e:	99 23       	and	r25, r25
    8470:	99 f0       	breq	.+38     	; 0x8498 <Check_Current_Range_Enabled_Correct+0x30>
    8472:	20 91 07 15 	lds	r18, 0x1507	; 0x801507 <Range_Curr_Enable>
    8476:	30 e0       	ldi	r19, 0x00	; 0
    8478:	08 2e       	mov	r0, r24
    847a:	02 c0       	rjmp	.+4      	; 0x8480 <Check_Current_Range_Enabled_Correct+0x18>
    847c:	35 95       	asr	r19
    847e:	27 95       	ror	r18
    8480:	0a 94       	dec	r0
    8482:	e2 f7       	brpl	.-8      	; 0x847c <Check_Current_Range_Enabled_Correct+0x14>
    8484:	20 fd       	sbrc	r18, 0
    8486:	02 c0       	rjmp	.+4      	; 0x848c <Check_Current_Range_Enabled_Correct+0x24>
    8488:	8f 5f       	subi	r24, 0xFF	; 255
    848a:	01 c0       	rjmp	.+2      	; 0x848e <Check_Current_Range_Enabled_Correct+0x26>
    848c:	90 e0       	ldi	r25, 0x00	; 0
    848e:	25 e0       	ldi	r18, 0x05	; 5
    8490:	30 e0       	ldi	r19, 0x00	; 0
    8492:	86 30       	cpi	r24, 0x06	; 6
    8494:	60 f3       	brcs	.-40     	; 0x846e <Check_Current_Range_Enabled_Correct+0x6>
    8496:	ea cf       	rjmp	.-44     	; 0x846c <Check_Current_Range_Enabled_Correct+0x4>
    8498:	08 95       	ret

0000849a <Process_Current_Auto_Range>:
    849a:	cf 93       	push	r28
    849c:	c0 91 5c 15 	lds	r28, 0x155C	; 0x80155c <Range_Curr_ID_Act>
    84a0:	00 99       	sbic	0x00, 0	; 0
    84a2:	04 c0       	rjmp	.+8      	; 0x84ac <Process_Current_Auto_Range+0x12>
    84a4:	80 91 26 14 	lds	r24, 0x1426	; 0x801426 <SysStatus_A>
    84a8:	80 61       	ori	r24, 0x10	; 16
    84aa:	03 c0       	rjmp	.+6      	; 0x84b2 <Process_Current_Auto_Range+0x18>
    84ac:	80 91 26 14 	lds	r24, 0x1426	; 0x801426 <SysStatus_A>
    84b0:	8f 7e       	andi	r24, 0xEF	; 239
    84b2:	80 93 26 14 	sts	0x1426, r24	; 0x801426 <SysStatus_A>
    84b6:	80 91 ec 14 	lds	r24, 0x14EC	; 0x8014ec <Range_Status_A>
    84ba:	86 fd       	sbrc	r24, 6
    84bc:	04 c0       	rjmp	.+8      	; 0x84c6 <Process_Current_Auto_Range+0x2c>
    84be:	80 91 26 14 	lds	r24, 0x1426	; 0x801426 <SysStatus_A>
    84c2:	84 ff       	sbrs	r24, 4
    84c4:	0d c0       	rjmp	.+26     	; 0x84e0 <Process_Current_Auto_Range+0x46>
    84c6:	8c 2f       	mov	r24, r28
    84c8:	90 e0       	ldi	r25, 0x00	; 0
    84ca:	04 97       	sbiw	r24, 0x04	; 4
    84cc:	14 f4       	brge	.+4      	; 0x84d2 <Process_Current_Auto_Range+0x38>
    84ce:	ce 5f       	subi	r28, 0xFE	; 254
    84d0:	01 c0       	rjmp	.+2      	; 0x84d4 <Process_Current_Auto_Range+0x3a>
    84d2:	cf 5f       	subi	r28, 0xFF	; 255
    84d4:	80 91 26 14 	lds	r24, 0x1426	; 0x801426 <SysStatus_A>
    84d8:	84 ff       	sbrs	r24, 4
    84da:	0c c0       	rjmp	.+24     	; 0x84f4 <Process_Current_Auto_Range+0x5a>
    84dc:	37 db       	rcall	.-2450   	; 0x7b4c <Reset_Over_Current_Clamp>
    84de:	0a c0       	rjmp	.+20     	; 0x84f4 <Process_Current_Auto_Range+0x5a>
    84e0:	60 91 4e 12 	lds	r22, 0x124E	; 0x80124e <AI_Curr>
    84e4:	70 91 4f 12 	lds	r23, 0x124F	; 0x80124f <AI_Curr+0x1>
    84e8:	80 91 50 12 	lds	r24, 0x1250	; 0x801250 <AI_Curr+0x2>
    84ec:	90 91 51 12 	lds	r25, 0x1251	; 0x801251 <AI_Curr+0x3>
    84f0:	ba da       	rcall	.-2700   	; 0x7a66 <Get_Best_Current_Range_From_Value>
    84f2:	c8 2f       	mov	r28, r24
    84f4:	8c 2f       	mov	r24, r28
    84f6:	b8 df       	rcall	.-144    	; 0x8468 <Check_Current_Range_Enabled_Correct>
    84f8:	86 30       	cpi	r24, 0x06	; 6
    84fa:	08 f0       	brcs	.+2      	; 0x84fe <Process_Current_Auto_Range+0x64>
    84fc:	85 e0       	ldi	r24, 0x05	; 5
    84fe:	90 91 5c 15 	lds	r25, 0x155C	; 0x80155c <Range_Curr_ID_Act>
    8502:	98 17       	cp	r25, r24
    8504:	40 f0       	brcs	.+16     	; 0x8516 <Process_Current_Auto_Range+0x7c>
    8506:	90 91 5c 15 	lds	r25, 0x155C	; 0x80155c <Range_Curr_ID_Act>
    850a:	89 17       	cp	r24, r25
    850c:	70 f4       	brcc	.+28     	; 0x852a <Process_Current_Auto_Range+0x90>
    850e:	90 91 2a 14 	lds	r25, 0x142A	; 0x80142a <SysStatus_B>
    8512:	93 fd       	sbrc	r25, 3
    8514:	0e c0       	rjmp	.+28     	; 0x8532 <Process_Current_Auto_Range+0x98>
    8516:	90 91 5d 15 	lds	r25, 0x155D	; 0x80155d <Range_Curr_Switch_Delay_Counter>
    851a:	99 23       	and	r25, r25
    851c:	21 f0       	breq	.+8      	; 0x8526 <Process_Current_Auto_Range+0x8c>
    851e:	80 91 5d 15 	lds	r24, 0x155D	; 0x80155d <Range_Curr_Switch_Delay_Counter>
    8522:	81 50       	subi	r24, 0x01	; 1
    8524:	04 c0       	rjmp	.+8      	; 0x852e <Process_Current_Auto_Range+0x94>
    8526:	cf 91       	pop	r28
    8528:	65 ce       	rjmp	.-822    	; 0x81f4 <SET_CURRENT_RANGE>
    852a:	80 91 31 15 	lds	r24, 0x1531	; 0x801531 <Range_Curr_Switch_Delay_Ctr_Max>
    852e:	80 93 5d 15 	sts	0x155D, r24	; 0x80155d <Range_Curr_Switch_Delay_Counter>
    8532:	cf 91       	pop	r28
    8534:	08 95       	ret

00008536 <Check_Input_Range_Selection>:
    8536:	80 91 2f 15 	lds	r24, 0x152F	; 0x80152f <Range_Volt_Switch_Freq_Counter>
    853a:	90 91 30 15 	lds	r25, 0x1530	; 0x801530 <Range_Volt_Switch_Freq_Counter+0x1>
    853e:	89 2b       	or	r24, r25
    8540:	69 f0       	breq	.+26     	; 0x855c <Check_Input_Range_Selection+0x26>
    8542:	80 91 2f 15 	lds	r24, 0x152F	; 0x80152f <Range_Volt_Switch_Freq_Counter>
    8546:	90 91 30 15 	lds	r25, 0x1530	; 0x801530 <Range_Volt_Switch_Freq_Counter+0x1>
    854a:	01 97       	sbiw	r24, 0x01	; 1
    854c:	90 93 30 15 	sts	0x1530, r25	; 0x801530 <Range_Volt_Switch_Freq_Counter+0x1>
    8550:	80 93 2f 15 	sts	0x152F, r24	; 0x80152f <Range_Volt_Switch_Freq_Counter>
    8554:	80 91 2a 14 	lds	r24, 0x142A	; 0x80142a <SysStatus_B>
    8558:	84 60       	ori	r24, 0x04	; 4
    855a:	03 c0       	rjmp	.+6      	; 0x8562 <Check_Input_Range_Selection+0x2c>
    855c:	80 91 2a 14 	lds	r24, 0x142A	; 0x80142a <SysStatus_B>
    8560:	8b 7f       	andi	r24, 0xFB	; 251
    8562:	80 93 2a 14 	sts	0x142A, r24	; 0x80142a <SysStatus_B>
    8566:	80 91 ea 14 	lds	r24, 0x14EA	; 0x8014ea <Range_Curr_Switch_Freq_Counter>
    856a:	90 91 eb 14 	lds	r25, 0x14EB	; 0x8014eb <Range_Curr_Switch_Freq_Counter+0x1>
    856e:	89 2b       	or	r24, r25
    8570:	69 f0       	breq	.+26     	; 0x858c <Check_Input_Range_Selection+0x56>
    8572:	80 91 ea 14 	lds	r24, 0x14EA	; 0x8014ea <Range_Curr_Switch_Freq_Counter>
    8576:	90 91 eb 14 	lds	r25, 0x14EB	; 0x8014eb <Range_Curr_Switch_Freq_Counter+0x1>
    857a:	01 97       	sbiw	r24, 0x01	; 1
    857c:	90 93 eb 14 	sts	0x14EB, r25	; 0x8014eb <Range_Curr_Switch_Freq_Counter+0x1>
    8580:	80 93 ea 14 	sts	0x14EA, r24	; 0x8014ea <Range_Curr_Switch_Freq_Counter>
    8584:	80 91 2a 14 	lds	r24, 0x142A	; 0x80142a <SysStatus_B>
    8588:	88 60       	ori	r24, 0x08	; 8
    858a:	03 c0       	rjmp	.+6      	; 0x8592 <Check_Input_Range_Selection+0x5c>
    858c:	80 91 2a 14 	lds	r24, 0x142A	; 0x80142a <SysStatus_B>
    8590:	87 7f       	andi	r24, 0xF7	; 247
    8592:	80 93 2a 14 	sts	0x142A, r24	; 0x80142a <SysStatus_B>
    8596:	80 91 2b 14 	lds	r24, 0x142B	; 0x80142b <SysControl>
    859a:	87 ff       	sbrs	r24, 7
    859c:	09 c0       	rjmp	.+18     	; 0x85b0 <Check_Input_Range_Selection+0x7a>
    859e:	80 91 ec 14 	lds	r24, 0x14EC	; 0x8014ec <Range_Status_A>
    85a2:	82 ff       	sbrs	r24, 2
    85a4:	05 c0       	rjmp	.+10     	; 0x85b0 <Check_Input_Range_Selection+0x7a>
    85a6:	80 91 ec 14 	lds	r24, 0x14EC	; 0x8014ec <Range_Status_A>
    85aa:	81 60       	ori	r24, 0x01	; 1
    85ac:	80 93 ec 14 	sts	0x14EC, r24	; 0x8014ec <Range_Status_A>
    85b0:	80 91 ec 14 	lds	r24, 0x14EC	; 0x8014ec <Range_Status_A>
    85b4:	80 ff       	sbrs	r24, 0
    85b6:	09 c0       	rjmp	.+18     	; 0x85ca <Check_Input_Range_Selection+0x94>
    85b8:	90 91 e5 14 	lds	r25, 0x14E5	; 0x8014e5 <Range_Volt_ID_Act>
    85bc:	80 91 10 15 	lds	r24, 0x1510	; 0x801510 <Range_Volt_ID_Man>
    85c0:	98 17       	cp	r25, r24
    85c2:	b9 f0       	breq	.+46     	; 0x85f2 <Check_Input_Range_Selection+0xbc>
    85c4:	80 91 10 15 	lds	r24, 0x1510	; 0x801510 <Range_Volt_ID_Man>
    85c8:	13 c0       	rjmp	.+38     	; 0x85f0 <Check_Input_Range_Selection+0xba>
    85ca:	80 91 26 14 	lds	r24, 0x1426	; 0x801426 <SysStatus_A>
    85ce:	80 ff       	sbrs	r24, 0
    85d0:	02 c0       	rjmp	.+4      	; 0x85d6 <Check_Input_Range_Selection+0xa0>
    85d2:	1d df       	rcall	.-454    	; 0x840e <Process_Voltage_Auto_Range>
    85d4:	0e c0       	rjmp	.+28     	; 0x85f2 <Check_Input_Range_Selection+0xbc>
    85d6:	80 91 5e 15 	lds	r24, 0x155E	; 0x80155e <Range_Volt_Switch_Freq_Ctr_Max>
    85da:	90 91 5f 15 	lds	r25, 0x155F	; 0x80155f <Range_Volt_Switch_Freq_Ctr_Max+0x1>
    85de:	90 93 30 15 	sts	0x1530, r25	; 0x801530 <Range_Volt_Switch_Freq_Counter+0x1>
    85e2:	80 93 2f 15 	sts	0x152F, r24	; 0x80152f <Range_Volt_Switch_Freq_Counter>
    85e6:	80 91 e5 14 	lds	r24, 0x14E5	; 0x8014e5 <Range_Volt_ID_Act>
    85ea:	84 30       	cpi	r24, 0x04	; 4
    85ec:	11 f0       	breq	.+4      	; 0x85f2 <Check_Input_Range_Selection+0xbc>
    85ee:	84 e0       	ldi	r24, 0x04	; 4
    85f0:	03 dd       	rcall	.-1530   	; 0x7ff8 <SET_VOLTAGE_RANGE>
    85f2:	00 99       	sbic	0x00, 0	; 0
    85f4:	04 c0       	rjmp	.+8      	; 0x85fe <Check_Input_Range_Selection+0xc8>
    85f6:	80 91 26 14 	lds	r24, 0x1426	; 0x801426 <SysStatus_A>
    85fa:	80 61       	ori	r24, 0x10	; 16
    85fc:	03 c0       	rjmp	.+6      	; 0x8604 <Check_Input_Range_Selection+0xce>
    85fe:	80 91 26 14 	lds	r24, 0x1426	; 0x801426 <SysStatus_A>
    8602:	8f 7e       	andi	r24, 0xEF	; 239
    8604:	80 93 26 14 	sts	0x1426, r24	; 0x801426 <SysStatus_A>
    8608:	80 91 2b 14 	lds	r24, 0x142B	; 0x80142b <SysControl>
    860c:	87 ff       	sbrs	r24, 7
    860e:	09 c0       	rjmp	.+18     	; 0x8622 <Check_Input_Range_Selection+0xec>
    8610:	80 91 ec 14 	lds	r24, 0x14EC	; 0x8014ec <Range_Status_A>
    8614:	83 ff       	sbrs	r24, 3
    8616:	05 c0       	rjmp	.+10     	; 0x8622 <Check_Input_Range_Selection+0xec>
    8618:	80 91 ec 14 	lds	r24, 0x14EC	; 0x8014ec <Range_Status_A>
    861c:	82 60       	ori	r24, 0x02	; 2
    861e:	80 93 ec 14 	sts	0x14EC, r24	; 0x8014ec <Range_Status_A>
    8622:	80 91 ec 14 	lds	r24, 0x14EC	; 0x8014ec <Range_Status_A>
    8626:	81 ff       	sbrs	r24, 1
    8628:	09 c0       	rjmp	.+18     	; 0x863c <Check_Input_Range_Selection+0x106>
    862a:	90 91 5c 15 	lds	r25, 0x155C	; 0x80155c <Range_Curr_ID_Act>
    862e:	80 91 12 15 	lds	r24, 0x1512	; 0x801512 <Range_Curr_ID_Man>
    8632:	98 17       	cp	r25, r24
    8634:	d1 f0       	breq	.+52     	; 0x866a <Check_Input_Range_Selection+0x134>
    8636:	80 91 12 15 	lds	r24, 0x1512	; 0x801512 <Range_Curr_ID_Man>
    863a:	16 c0       	rjmp	.+44     	; 0x8668 <Check_Input_Range_Selection+0x132>
    863c:	80 91 26 14 	lds	r24, 0x1426	; 0x801426 <SysStatus_A>
    8640:	80 fd       	sbrc	r24, 0
    8642:	2b cf       	rjmp	.-426    	; 0x849a <Process_Current_Auto_Range>
    8644:	80 91 ed 14 	lds	r24, 0x14ED	; 0x8014ed <Range_Curr_Switch_Freq_Ctr_Max>
    8648:	90 91 ee 14 	lds	r25, 0x14EE	; 0x8014ee <Range_Curr_Switch_Freq_Ctr_Max+0x1>
    864c:	90 93 eb 14 	sts	0x14EB, r25	; 0x8014eb <Range_Curr_Switch_Freq_Counter+0x1>
    8650:	80 93 ea 14 	sts	0x14EA, r24	; 0x8014ea <Range_Curr_Switch_Freq_Counter>
    8654:	80 91 2a 14 	lds	r24, 0x142A	; 0x80142a <SysStatus_B>
    8658:	88 60       	ori	r24, 0x08	; 8
    865a:	80 93 2a 14 	sts	0x142A, r24	; 0x80142a <SysStatus_B>
    865e:	80 91 5c 15 	lds	r24, 0x155C	; 0x80155c <Range_Curr_ID_Act>
    8662:	85 30       	cpi	r24, 0x05	; 5
    8664:	11 f0       	breq	.+4      	; 0x866a <Check_Input_Range_Selection+0x134>
    8666:	85 e0       	ldi	r24, 0x05	; 5
    8668:	c5 cd       	rjmp	.-1142   	; 0x81f4 <SET_CURRENT_RANGE>
    866a:	08 95       	ret

0000866c <NTC_RawToTemp>:
    866c:	8f 92       	push	r8
    866e:	9f 92       	push	r9
    8670:	af 92       	push	r10
    8672:	bf 92       	push	r11
    8674:	cf 92       	push	r12
    8676:	df 92       	push	r13
    8678:	ef 92       	push	r14
    867a:	ff 92       	push	r15
    867c:	9c 01       	movw	r18, r24
    867e:	21 50       	subi	r18, 0x01	; 1
    8680:	31 09       	sbc	r19, r1
    8682:	2e 3f       	cpi	r18, 0xFE	; 254
    8684:	3f 40       	sbci	r19, 0x0F	; 15
    8686:	08 f0       	brcs	.+2      	; 0x868a <NTC_RawToTemp+0x1e>
    8688:	3b c0       	rjmp	.+118    	; 0x8700 <NTC_RawToTemp+0x94>
    868a:	bc 01       	movw	r22, r24
    868c:	80 e0       	ldi	r24, 0x00	; 0
    868e:	90 e0       	ldi	r25, 0x00	; 0
    8690:	89 d4       	rcall	.+2322   	; 0x8fa4 <__floatunsisf>
    8692:	20 e0       	ldi	r18, 0x00	; 0
    8694:	30 ef       	ldi	r19, 0xF0	; 240
    8696:	4f e7       	ldi	r20, 0x7F	; 127
    8698:	55 e4       	ldi	r21, 0x45	; 69
    869a:	ba d3       	rcall	.+1908   	; 0x8e10 <__divsf3>
    869c:	6b 01       	movw	r12, r22
    869e:	7c 01       	movw	r14, r24
    86a0:	20 e0       	ldi	r18, 0x00	; 0
    86a2:	30 e4       	ldi	r19, 0x40	; 64
    86a4:	4c e1       	ldi	r20, 0x1C	; 28
    86a6:	56 e4       	ldi	r21, 0x46	; 70
    86a8:	0d d6       	rcall	.+3098   	; 0x92c4 <__mulsf3>
    86aa:	4b 01       	movw	r8, r22
    86ac:	5c 01       	movw	r10, r24
    86ae:	a7 01       	movw	r20, r14
    86b0:	96 01       	movw	r18, r12
    86b2:	60 e0       	ldi	r22, 0x00	; 0
    86b4:	70 e0       	ldi	r23, 0x00	; 0
    86b6:	80 e8       	ldi	r24, 0x80	; 128
    86b8:	9f e3       	ldi	r25, 0x3F	; 63
    86ba:	41 d3       	rcall	.+1666   	; 0x8d3e <__subsf3>
    86bc:	9b 01       	movw	r18, r22
    86be:	ac 01       	movw	r20, r24
    86c0:	c5 01       	movw	r24, r10
    86c2:	b4 01       	movw	r22, r8
    86c4:	a5 d3       	rcall	.+1866   	; 0x8e10 <__divsf3>
    86c6:	20 e0       	ldi	r18, 0x00	; 0
    86c8:	30 e4       	ldi	r19, 0x40	; 64
    86ca:	4c e1       	ldi	r20, 0x1C	; 28
    86cc:	56 e4       	ldi	r21, 0x46	; 70
    86ce:	a0 d3       	rcall	.+1856   	; 0x8e10 <__divsf3>
    86d0:	86 d5       	rcall	.+2828   	; 0x91de <log>
    86d2:	20 e0       	ldi	r18, 0x00	; 0
    86d4:	30 e0       	ldi	r19, 0x00	; 0
    86d6:	49 e7       	ldi	r20, 0x79	; 121
    86d8:	55 e4       	ldi	r21, 0x45	; 69
    86da:	9a d3       	rcall	.+1844   	; 0x8e10 <__divsf3>
    86dc:	2f e0       	ldi	r18, 0x0F	; 15
    86de:	3f ec       	ldi	r19, 0xCF	; 207
    86e0:	4b e5       	ldi	r20, 0x5B	; 91
    86e2:	5b e3       	ldi	r21, 0x3B	; 59
    86e4:	2d d3       	rcall	.+1626   	; 0x8d40 <__addsf3>
    86e6:	9b 01       	movw	r18, r22
    86e8:	ac 01       	movw	r20, r24
    86ea:	60 e0       	ldi	r22, 0x00	; 0
    86ec:	70 e0       	ldi	r23, 0x00	; 0
    86ee:	80 e8       	ldi	r24, 0x80	; 128
    86f0:	9f e3       	ldi	r25, 0x3F	; 63
    86f2:	8e d3       	rcall	.+1820   	; 0x8e10 <__divsf3>
    86f4:	23 e3       	ldi	r18, 0x33	; 51
    86f6:	33 e9       	ldi	r19, 0x93	; 147
    86f8:	48 e8       	ldi	r20, 0x88	; 136
    86fa:	53 e4       	ldi	r21, 0x43	; 67
    86fc:	20 d3       	rcall	.+1600   	; 0x8d3e <__subsf3>
    86fe:	04 c0       	rjmp	.+8      	; 0x8708 <NTC_RawToTemp+0x9c>
    8700:	6d ec       	ldi	r22, 0xCD	; 205
    8702:	7c ec       	ldi	r23, 0xCC	; 204
    8704:	87 ec       	ldi	r24, 0xC7	; 199
    8706:	92 e4       	ldi	r25, 0x42	; 66
    8708:	ff 90       	pop	r15
    870a:	ef 90       	pop	r14
    870c:	df 90       	pop	r13
    870e:	cf 90       	pop	r12
    8710:	bf 90       	pop	r11
    8712:	af 90       	pop	r10
    8714:	9f 90       	pop	r9
    8716:	8f 90       	pop	r8
    8718:	08 95       	ret

0000871a <NTC_TempToRaw>:
    871a:	cf 92       	push	r12
    871c:	df 92       	push	r13
    871e:	ef 92       	push	r14
    8720:	ff 92       	push	r15
    8722:	23 e3       	ldi	r18, 0x33	; 51
    8724:	33 e9       	ldi	r19, 0x93	; 147
    8726:	48 e8       	ldi	r20, 0x88	; 136
    8728:	53 e4       	ldi	r21, 0x43	; 67
    872a:	0a d3       	rcall	.+1556   	; 0x8d40 <__addsf3>
    872c:	9b 01       	movw	r18, r22
    872e:	ac 01       	movw	r20, r24
    8730:	60 e0       	ldi	r22, 0x00	; 0
    8732:	70 e0       	ldi	r23, 0x00	; 0
    8734:	80 e8       	ldi	r24, 0x80	; 128
    8736:	9f e3       	ldi	r25, 0x3F	; 63
    8738:	6b d3       	rcall	.+1750   	; 0x8e10 <__divsf3>
    873a:	2f e0       	ldi	r18, 0x0F	; 15
    873c:	3f ec       	ldi	r19, 0xCF	; 207
    873e:	4b e5       	ldi	r20, 0x5B	; 91
    8740:	5b e3       	ldi	r21, 0x3B	; 59
    8742:	fd d2       	rcall	.+1530   	; 0x8d3e <__subsf3>
    8744:	20 e0       	ldi	r18, 0x00	; 0
    8746:	30 e0       	ldi	r19, 0x00	; 0
    8748:	49 e7       	ldi	r20, 0x79	; 121
    874a:	55 e4       	ldi	r21, 0x45	; 69
    874c:	bb d5       	rcall	.+2934   	; 0x92c4 <__mulsf3>
    874e:	cd d3       	rcall	.+1946   	; 0x8eea <exp>
    8750:	20 e0       	ldi	r18, 0x00	; 0
    8752:	30 e4       	ldi	r19, 0x40	; 64
    8754:	4c e1       	ldi	r20, 0x1C	; 28
    8756:	56 e4       	ldi	r21, 0x46	; 70
    8758:	b5 d5       	rcall	.+2922   	; 0x92c4 <__mulsf3>
    875a:	6b 01       	movw	r12, r22
    875c:	7c 01       	movw	r14, r24
    875e:	20 e0       	ldi	r18, 0x00	; 0
    8760:	30 e4       	ldi	r19, 0x40	; 64
    8762:	4c e1       	ldi	r20, 0x1C	; 28
    8764:	56 e4       	ldi	r21, 0x46	; 70
    8766:	ec d2       	rcall	.+1496   	; 0x8d40 <__addsf3>
    8768:	9b 01       	movw	r18, r22
    876a:	ac 01       	movw	r20, r24
    876c:	c7 01       	movw	r24, r14
    876e:	b6 01       	movw	r22, r12
    8770:	4f d3       	rcall	.+1694   	; 0x8e10 <__divsf3>
    8772:	20 e0       	ldi	r18, 0x00	; 0
    8774:	30 ef       	ldi	r19, 0xF0	; 240
    8776:	4f e7       	ldi	r20, 0x7F	; 127
    8778:	55 e4       	ldi	r21, 0x45	; 69
    877a:	a4 d5       	rcall	.+2888   	; 0x92c4 <__mulsf3>
    877c:	6b 01       	movw	r12, r22
    877e:	7c 01       	movw	r14, r24
    8780:	20 e0       	ldi	r18, 0x00	; 0
    8782:	30 e0       	ldi	r19, 0x00	; 0
    8784:	a9 01       	movw	r20, r18
    8786:	40 d3       	rcall	.+1664   	; 0x8e08 <__cmpsf2>
    8788:	87 fd       	sbrc	r24, 7
    878a:	11 c0       	rjmp	.+34     	; 0x87ae <NTC_TempToRaw+0x94>
    878c:	20 e0       	ldi	r18, 0x00	; 0
    878e:	30 ef       	ldi	r19, 0xF0	; 240
    8790:	4f e7       	ldi	r20, 0x7F	; 127
    8792:	55 e4       	ldi	r21, 0x45	; 69
    8794:	c7 01       	movw	r24, r14
    8796:	b6 01       	movw	r22, r12
    8798:	dc d4       	rcall	.+2488   	; 0x9152 <__gesf2>
    879a:	18 16       	cp	r1, r24
    879c:	5c f4       	brge	.+22     	; 0x87b4 <NTC_TempToRaw+0x9a>
    879e:	c1 2c       	mov	r12, r1
    87a0:	80 ef       	ldi	r24, 0xF0	; 240
    87a2:	d8 2e       	mov	r13, r24
    87a4:	8f e7       	ldi	r24, 0x7F	; 127
    87a6:	e8 2e       	mov	r14, r24
    87a8:	85 e4       	ldi	r24, 0x45	; 69
    87aa:	f8 2e       	mov	r15, r24
    87ac:	03 c0       	rjmp	.+6      	; 0x87b4 <NTC_TempToRaw+0x9a>
    87ae:	c1 2c       	mov	r12, r1
    87b0:	d1 2c       	mov	r13, r1
    87b2:	76 01       	movw	r14, r12
    87b4:	c7 01       	movw	r24, r14
    87b6:	b6 01       	movw	r22, r12
    87b8:	c9 d3       	rcall	.+1938   	; 0x8f4c <__fixunssfsi>
    87ba:	cb 01       	movw	r24, r22
    87bc:	ff 90       	pop	r15
    87be:	ef 90       	pop	r14
    87c0:	df 90       	pop	r13
    87c2:	cf 90       	pop	r12
    87c4:	08 95       	ret

000087c6 <I2C_Wait_TWINT>:
    87c6:	84 ef       	ldi	r24, 0xF4	; 244
    87c8:	91 e0       	ldi	r25, 0x01	; 1
    87ca:	20 91 bc 00 	lds	r18, 0x00BC	; 0x8000bc <__TEXT_REGION_LENGTH__+0x7e00bc>
    87ce:	27 fd       	sbrc	r18, 7
    87d0:	04 c0       	rjmp	.+8      	; 0x87da <I2C_Wait_TWINT+0x14>
    87d2:	01 97       	sbiw	r24, 0x01	; 1
    87d4:	d1 f7       	brne	.-12     	; 0x87ca <I2C_Wait_TWINT+0x4>
    87d6:	80 e0       	ldi	r24, 0x00	; 0
    87d8:	08 95       	ret
    87da:	81 e0       	ldi	r24, 0x01	; 1
    87dc:	08 95       	ret

000087de <ADC121C021_ReadRaw>:
    87de:	ff 92       	push	r15
    87e0:	0f 93       	push	r16
    87e2:	1f 93       	push	r17
    87e4:	cf 93       	push	r28
    87e6:	df 93       	push	r29
    87e8:	8b 01       	movw	r16, r22
    87ea:	e8 2f       	mov	r30, r24
    87ec:	f0 e0       	ldi	r31, 0x00	; 0
    87ee:	ee 55       	subi	r30, 0x5E	; 94
    87f0:	fd 4f       	sbci	r31, 0xFD	; 253
    87f2:	c0 81       	ld	r28, Z
    87f4:	8c e0       	ldi	r24, 0x0C	; 12
    87f6:	80 93 b8 00 	sts	0x00B8, r24	; 0x8000b8 <__TEXT_REGION_LENGTH__+0x7e00b8>
    87fa:	84 ea       	ldi	r24, 0xA4	; 164
    87fc:	f8 2e       	mov	r15, r24
    87fe:	f0 92 bc 00 	sts	0x00BC, r15	; 0x8000bc <__TEXT_REGION_LENGTH__+0x7e00bc>
    8802:	e1 df       	rcall	.-62     	; 0x87c6 <I2C_Wait_TWINT>
    8804:	88 23       	and	r24, r24
    8806:	09 f4       	brne	.+2      	; 0x880a <ADC121C021_ReadRaw+0x2c>
    8808:	7f c0       	rjmp	.+254    	; 0x8908 <ADC121C021_ReadRaw+0x12a>
    880a:	80 91 b9 00 	lds	r24, 0x00B9	; 0x8000b9 <__TEXT_REGION_LENGTH__+0x7e00b9>
    880e:	88 7f       	andi	r24, 0xF8	; 248
    8810:	88 30       	cpi	r24, 0x08	; 8
    8812:	09 f0       	breq	.+2      	; 0x8816 <ADC121C021_ReadRaw+0x38>
    8814:	79 c0       	rjmp	.+242    	; 0x8908 <ADC121C021_ReadRaw+0x12a>
    8816:	85 e3       	ldi	r24, 0x35	; 53
    8818:	8a 95       	dec	r24
    881a:	f1 f7       	brne	.-4      	; 0x8818 <ADC121C021_ReadRaw+0x3a>
    881c:	00 00       	nop
    881e:	8c 2f       	mov	r24, r28
    8820:	88 0f       	add	r24, r24
    8822:	80 93 bb 00 	sts	0x00BB, r24	; 0x8000bb <__TEXT_REGION_LENGTH__+0x7e00bb>
    8826:	d4 e8       	ldi	r29, 0x84	; 132
    8828:	d0 93 bc 00 	sts	0x00BC, r29	; 0x8000bc <__TEXT_REGION_LENGTH__+0x7e00bc>
    882c:	cc df       	rcall	.-104    	; 0x87c6 <I2C_Wait_TWINT>
    882e:	88 23       	and	r24, r24
    8830:	09 f4       	brne	.+2      	; 0x8834 <ADC121C021_ReadRaw+0x56>
    8832:	6a c0       	rjmp	.+212    	; 0x8908 <ADC121C021_ReadRaw+0x12a>
    8834:	80 91 b9 00 	lds	r24, 0x00B9	; 0x8000b9 <__TEXT_REGION_LENGTH__+0x7e00b9>
    8838:	88 7f       	andi	r24, 0xF8	; 248
    883a:	88 31       	cpi	r24, 0x18	; 24
    883c:	09 f0       	breq	.+2      	; 0x8840 <ADC121C021_ReadRaw+0x62>
    883e:	64 c0       	rjmp	.+200    	; 0x8908 <ADC121C021_ReadRaw+0x12a>
    8840:	95 e3       	ldi	r25, 0x35	; 53
    8842:	9a 95       	dec	r25
    8844:	f1 f7       	brne	.-4      	; 0x8842 <ADC121C021_ReadRaw+0x64>
    8846:	00 00       	nop
    8848:	10 92 bb 00 	sts	0x00BB, r1	; 0x8000bb <__TEXT_REGION_LENGTH__+0x7e00bb>
    884c:	d0 93 bc 00 	sts	0x00BC, r29	; 0x8000bc <__TEXT_REGION_LENGTH__+0x7e00bc>
    8850:	ba df       	rcall	.-140    	; 0x87c6 <I2C_Wait_TWINT>
    8852:	88 23       	and	r24, r24
    8854:	09 f4       	brne	.+2      	; 0x8858 <ADC121C021_ReadRaw+0x7a>
    8856:	58 c0       	rjmp	.+176    	; 0x8908 <ADC121C021_ReadRaw+0x12a>
    8858:	80 91 b9 00 	lds	r24, 0x00B9	; 0x8000b9 <__TEXT_REGION_LENGTH__+0x7e00b9>
    885c:	88 7f       	andi	r24, 0xF8	; 248
    885e:	88 32       	cpi	r24, 0x28	; 40
    8860:	09 f0       	breq	.+2      	; 0x8864 <ADC121C021_ReadRaw+0x86>
    8862:	52 c0       	rjmp	.+164    	; 0x8908 <ADC121C021_ReadRaw+0x12a>
    8864:	e5 e3       	ldi	r30, 0x35	; 53
    8866:	ea 95       	dec	r30
    8868:	f1 f7       	brne	.-4      	; 0x8866 <ADC121C021_ReadRaw+0x88>
    886a:	00 00       	nop
    886c:	f0 92 bc 00 	sts	0x00BC, r15	; 0x8000bc <__TEXT_REGION_LENGTH__+0x7e00bc>
    8870:	aa df       	rcall	.-172    	; 0x87c6 <I2C_Wait_TWINT>
    8872:	88 23       	and	r24, r24
    8874:	09 f4       	brne	.+2      	; 0x8878 <ADC121C021_ReadRaw+0x9a>
    8876:	48 c0       	rjmp	.+144    	; 0x8908 <ADC121C021_ReadRaw+0x12a>
    8878:	80 91 b9 00 	lds	r24, 0x00B9	; 0x8000b9 <__TEXT_REGION_LENGTH__+0x7e00b9>
    887c:	88 7f       	andi	r24, 0xF8	; 248
    887e:	80 31       	cpi	r24, 0x10	; 16
    8880:	09 f0       	breq	.+2      	; 0x8884 <ADC121C021_ReadRaw+0xa6>
    8882:	42 c0       	rjmp	.+132    	; 0x8908 <ADC121C021_ReadRaw+0x12a>
    8884:	f5 e3       	ldi	r31, 0x35	; 53
    8886:	fa 95       	dec	r31
    8888:	f1 f7       	brne	.-4      	; 0x8886 <ADC121C021_ReadRaw+0xa8>
    888a:	00 00       	nop
    888c:	cc 0f       	add	r28, r28
    888e:	c1 60       	ori	r28, 0x01	; 1
    8890:	c0 93 bb 00 	sts	0x00BB, r28	; 0x8000bb <__TEXT_REGION_LENGTH__+0x7e00bb>
    8894:	d0 93 bc 00 	sts	0x00BC, r29	; 0x8000bc <__TEXT_REGION_LENGTH__+0x7e00bc>
    8898:	96 df       	rcall	.-212    	; 0x87c6 <I2C_Wait_TWINT>
    889a:	88 23       	and	r24, r24
    889c:	a9 f1       	breq	.+106    	; 0x8908 <ADC121C021_ReadRaw+0x12a>
    889e:	80 91 b9 00 	lds	r24, 0x00B9	; 0x8000b9 <__TEXT_REGION_LENGTH__+0x7e00b9>
    88a2:	88 7f       	andi	r24, 0xF8	; 248
    88a4:	80 34       	cpi	r24, 0x40	; 64
    88a6:	81 f5       	brne	.+96     	; 0x8908 <ADC121C021_ReadRaw+0x12a>
    88a8:	85 e3       	ldi	r24, 0x35	; 53
    88aa:	8a 95       	dec	r24
    88ac:	f1 f7       	brne	.-4      	; 0x88aa <ADC121C021_ReadRaw+0xcc>
    88ae:	00 00       	nop
    88b0:	84 ec       	ldi	r24, 0xC4	; 196
    88b2:	80 93 bc 00 	sts	0x00BC, r24	; 0x8000bc <__TEXT_REGION_LENGTH__+0x7e00bc>
    88b6:	87 df       	rcall	.-242    	; 0x87c6 <I2C_Wait_TWINT>
    88b8:	88 23       	and	r24, r24
    88ba:	31 f1       	breq	.+76     	; 0x8908 <ADC121C021_ReadRaw+0x12a>
    88bc:	80 91 b9 00 	lds	r24, 0x00B9	; 0x8000b9 <__TEXT_REGION_LENGTH__+0x7e00b9>
    88c0:	88 7f       	andi	r24, 0xF8	; 248
    88c2:	80 35       	cpi	r24, 0x50	; 80
    88c4:	09 f5       	brne	.+66     	; 0x8908 <ADC121C021_ReadRaw+0x12a>
    88c6:	c0 91 bb 00 	lds	r28, 0x00BB	; 0x8000bb <__TEXT_REGION_LENGTH__+0x7e00bb>
    88ca:	84 e8       	ldi	r24, 0x84	; 132
    88cc:	80 93 bc 00 	sts	0x00BC, r24	; 0x8000bc <__TEXT_REGION_LENGTH__+0x7e00bc>
    88d0:	7a df       	rcall	.-268    	; 0x87c6 <I2C_Wait_TWINT>
    88d2:	88 23       	and	r24, r24
    88d4:	c9 f0       	breq	.+50     	; 0x8908 <ADC121C021_ReadRaw+0x12a>
    88d6:	80 91 b9 00 	lds	r24, 0x00B9	; 0x8000b9 <__TEXT_REGION_LENGTH__+0x7e00b9>
    88da:	88 7f       	andi	r24, 0xF8	; 248
    88dc:	88 35       	cpi	r24, 0x58	; 88
    88de:	a1 f4       	brne	.+40     	; 0x8908 <ADC121C021_ReadRaw+0x12a>
    88e0:	80 91 bb 00 	lds	r24, 0x00BB	; 0x8000bb <__TEXT_REGION_LENGTH__+0x7e00bb>
    88e4:	94 e9       	ldi	r25, 0x94	; 148
    88e6:	90 93 bc 00 	sts	0x00BC, r25	; 0x8000bc <__TEXT_REGION_LENGTH__+0x7e00bc>
    88ea:	95 e3       	ldi	r25, 0x35	; 53
    88ec:	9a 95       	dec	r25
    88ee:	f1 f7       	brne	.-4      	; 0x88ec <ADC121C021_ReadRaw+0x10e>
    88f0:	00 00       	nop
    88f2:	90 e0       	ldi	r25, 0x00	; 0
    88f4:	9c 2b       	or	r25, r28
    88f6:	9f 70       	andi	r25, 0x0F	; 15
    88f8:	f8 01       	movw	r30, r16
    88fa:	91 83       	std	Z+1, r25	; 0x01
    88fc:	80 83       	st	Z, r24
    88fe:	80 e4       	ldi	r24, 0x40	; 64
    8900:	80 93 b8 00 	sts	0x00B8, r24	; 0x8000b8 <__TEXT_REGION_LENGTH__+0x7e00b8>
    8904:	81 e0       	ldi	r24, 0x01	; 1
    8906:	0b c0       	rjmp	.+22     	; 0x891e <ADC121C021_ReadRaw+0x140>
    8908:	84 e9       	ldi	r24, 0x94	; 148
    890a:	80 93 bc 00 	sts	0x00BC, r24	; 0x8000bc <__TEXT_REGION_LENGTH__+0x7e00bc>
    890e:	f5 e3       	ldi	r31, 0x35	; 53
    8910:	fa 95       	dec	r31
    8912:	f1 f7       	brne	.-4      	; 0x8910 <ADC121C021_ReadRaw+0x132>
    8914:	00 00       	nop
    8916:	80 e4       	ldi	r24, 0x40	; 64
    8918:	80 93 b8 00 	sts	0x00B8, r24	; 0x8000b8 <__TEXT_REGION_LENGTH__+0x7e00b8>
    891c:	80 e0       	ldi	r24, 0x00	; 0
    891e:	df 91       	pop	r29
    8920:	cf 91       	pop	r28
    8922:	1f 91       	pop	r17
    8924:	0f 91       	pop	r16
    8926:	ff 90       	pop	r15
    8928:	08 95       	ret

0000892a <Read_Temp_ADC121C021>:
    892a:	ef 92       	push	r14
    892c:	ff 92       	push	r15
    892e:	1f 93       	push	r17
    8930:	cf 93       	push	r28
    8932:	df 93       	push	r29
    8934:	00 d0       	rcall	.+0      	; 0x8936 <Read_Temp_ADC121C021+0xc>
    8936:	cd b7       	in	r28, 0x3d	; 61
    8938:	de b7       	in	r29, 0x3e	; 62
    893a:	20 91 69 15 	lds	r18, 0x1569	; 0x801569 <AI_HEAT_ADC_Present_Mask>
    893e:	e8 2e       	mov	r14, r24
    8940:	f1 2c       	mov	r15, r1
    8942:	30 e0       	ldi	r19, 0x00	; 0
    8944:	08 2e       	mov	r0, r24
    8946:	02 c0       	rjmp	.+4      	; 0x894c <Read_Temp_ADC121C021+0x22>
    8948:	35 95       	asr	r19
    894a:	27 95       	ror	r18
    894c:	0a 94       	dec	r0
    894e:	e2 f7       	brpl	.-8      	; 0x8948 <Read_Temp_ADC121C021+0x1e>
    8950:	20 ff       	sbrs	r18, 0
    8952:	2a c0       	rjmp	.+84     	; 0x89a8 <Read_Temp_ADC121C021+0x7e>
    8954:	be 01       	movw	r22, r28
    8956:	6f 5f       	subi	r22, 0xFF	; 255
    8958:	7f 4f       	sbci	r23, 0xFF	; 255
    895a:	41 df       	rcall	.-382    	; 0x87de <ADC121C021_ReadRaw>
    895c:	88 23       	and	r24, r24
    895e:	c9 f0       	breq	.+50     	; 0x8992 <Read_Temp_ADC121C021+0x68>
    8960:	89 81       	ldd	r24, Y+1	; 0x01
    8962:	9a 81       	ldd	r25, Y+2	; 0x02
    8964:	83 de       	rcall	.-762    	; 0x866c <NTC_RawToTemp>
    8966:	f7 01       	movw	r30, r14
    8968:	ee 0f       	add	r30, r30
    896a:	ff 1f       	adc	r31, r31
    896c:	ee 0f       	add	r30, r30
    896e:	ff 1f       	adc	r31, r31
    8970:	e6 59       	subi	r30, 0x96	; 150
    8972:	fa 4e       	sbci	r31, 0xEA	; 234
    8974:	60 83       	st	Z, r22
    8976:	71 83       	std	Z+1, r23	; 0x01
    8978:	82 83       	std	Z+2, r24	; 0x02
    897a:	93 83       	std	Z+3, r25	; 0x03
    897c:	20 91 68 15 	lds	r18, 0x1568	; 0x801568 <AI_HEAT_ADC_Fault_Mask>
    8980:	81 e0       	ldi	r24, 0x01	; 1
    8982:	90 e0       	ldi	r25, 0x00	; 0
    8984:	01 c0       	rjmp	.+2      	; 0x8988 <Read_Temp_ADC121C021+0x5e>
    8986:	88 0f       	add	r24, r24
    8988:	ea 94       	dec	r14
    898a:	ea f7       	brpl	.-6      	; 0x8986 <Read_Temp_ADC121C021+0x5c>
    898c:	80 95       	com	r24
    898e:	82 23       	and	r24, r18
    8990:	09 c0       	rjmp	.+18     	; 0x89a4 <Read_Temp_ADC121C021+0x7a>
    8992:	20 91 68 15 	lds	r18, 0x1568	; 0x801568 <AI_HEAT_ADC_Fault_Mask>
    8996:	81 e0       	ldi	r24, 0x01	; 1
    8998:	90 e0       	ldi	r25, 0x00	; 0
    899a:	01 c0       	rjmp	.+2      	; 0x899e <Read_Temp_ADC121C021+0x74>
    899c:	88 0f       	add	r24, r24
    899e:	ea 94       	dec	r14
    89a0:	ea f7       	brpl	.-6      	; 0x899c <Read_Temp_ADC121C021+0x72>
    89a2:	82 2b       	or	r24, r18
    89a4:	80 93 68 15 	sts	0x1568, r24	; 0x801568 <AI_HEAT_ADC_Fault_Mask>
    89a8:	0f 90       	pop	r0
    89aa:	0f 90       	pop	r0
    89ac:	df 91       	pop	r29
    89ae:	cf 91       	pop	r28
    89b0:	1f 91       	pop	r17
    89b2:	ff 90       	pop	r15
    89b4:	ef 90       	pop	r14
    89b6:	08 95       	ret

000089b8 <ADC121C021_Set_Config>:
    89b8:	cf 93       	push	r28
    89ba:	c8 2f       	mov	r28, r24
    89bc:	84 ea       	ldi	r24, 0xA4	; 164
    89be:	80 93 bc 00 	sts	0x00BC, r24	; 0x8000bc <__TEXT_REGION_LENGTH__+0x7e00bc>
    89c2:	01 df       	rcall	.-510    	; 0x87c6 <I2C_Wait_TWINT>
    89c4:	88 23       	and	r24, r24
    89c6:	09 f4       	brne	.+2      	; 0x89ca <ADC121C021_Set_Config+0x12>
    89c8:	3d c0       	rjmp	.+122    	; 0x8a44 <ADC121C021_Set_Config+0x8c>
    89ca:	80 91 b9 00 	lds	r24, 0x00B9	; 0x8000b9 <__TEXT_REGION_LENGTH__+0x7e00b9>
    89ce:	88 7f       	andi	r24, 0xF8	; 248
    89d0:	88 30       	cpi	r24, 0x08	; 8
    89d2:	c1 f5       	brne	.+112    	; 0x8a44 <ADC121C021_Set_Config+0x8c>
    89d4:	85 e3       	ldi	r24, 0x35	; 53
    89d6:	8a 95       	dec	r24
    89d8:	f1 f7       	brne	.-4      	; 0x89d6 <ADC121C021_Set_Config+0x1e>
    89da:	00 00       	nop
    89dc:	cc 0f       	add	r28, r28
    89de:	c0 93 bb 00 	sts	0x00BB, r28	; 0x8000bb <__TEXT_REGION_LENGTH__+0x7e00bb>
    89e2:	c4 e8       	ldi	r28, 0x84	; 132
    89e4:	c0 93 bc 00 	sts	0x00BC, r28	; 0x8000bc <__TEXT_REGION_LENGTH__+0x7e00bc>
    89e8:	ee de       	rcall	.-548    	; 0x87c6 <I2C_Wait_TWINT>
    89ea:	88 23       	and	r24, r24
    89ec:	59 f1       	breq	.+86     	; 0x8a44 <ADC121C021_Set_Config+0x8c>
    89ee:	80 91 b9 00 	lds	r24, 0x00B9	; 0x8000b9 <__TEXT_REGION_LENGTH__+0x7e00b9>
    89f2:	88 7f       	andi	r24, 0xF8	; 248
    89f4:	88 31       	cpi	r24, 0x18	; 24
    89f6:	31 f5       	brne	.+76     	; 0x8a44 <ADC121C021_Set_Config+0x8c>
    89f8:	85 e3       	ldi	r24, 0x35	; 53
    89fa:	8a 95       	dec	r24
    89fc:	f1 f7       	brne	.-4      	; 0x89fa <ADC121C021_Set_Config+0x42>
    89fe:	00 00       	nop
    8a00:	82 e0       	ldi	r24, 0x02	; 2
    8a02:	80 93 bb 00 	sts	0x00BB, r24	; 0x8000bb <__TEXT_REGION_LENGTH__+0x7e00bb>
    8a06:	c0 93 bc 00 	sts	0x00BC, r28	; 0x8000bc <__TEXT_REGION_LENGTH__+0x7e00bc>
    8a0a:	dd de       	rcall	.-582    	; 0x87c6 <I2C_Wait_TWINT>
    8a0c:	88 23       	and	r24, r24
    8a0e:	d1 f0       	breq	.+52     	; 0x8a44 <ADC121C021_Set_Config+0x8c>
    8a10:	80 91 b9 00 	lds	r24, 0x00B9	; 0x8000b9 <__TEXT_REGION_LENGTH__+0x7e00b9>
    8a14:	88 7f       	andi	r24, 0xF8	; 248
    8a16:	88 32       	cpi	r24, 0x28	; 40
    8a18:	a9 f4       	brne	.+42     	; 0x8a44 <ADC121C021_Set_Config+0x8c>
    8a1a:	85 e3       	ldi	r24, 0x35	; 53
    8a1c:	8a 95       	dec	r24
    8a1e:	f1 f7       	brne	.-4      	; 0x8a1c <ADC121C021_Set_Config+0x64>
    8a20:	00 00       	nop
    8a22:	84 ee       	ldi	r24, 0xE4	; 228
    8a24:	80 93 bb 00 	sts	0x00BB, r24	; 0x8000bb <__TEXT_REGION_LENGTH__+0x7e00bb>
    8a28:	c0 93 bc 00 	sts	0x00BC, r28	; 0x8000bc <__TEXT_REGION_LENGTH__+0x7e00bc>
    8a2c:	cc de       	rcall	.-616    	; 0x87c6 <I2C_Wait_TWINT>
    8a2e:	88 23       	and	r24, r24
    8a30:	49 f0       	breq	.+18     	; 0x8a44 <ADC121C021_Set_Config+0x8c>
    8a32:	80 91 b9 00 	lds	r24, 0x00B9	; 0x8000b9 <__TEXT_REGION_LENGTH__+0x7e00b9>
    8a36:	88 7f       	andi	r24, 0xF8	; 248
    8a38:	88 32       	cpi	r24, 0x28	; 40
    8a3a:	21 f4       	brne	.+8      	; 0x8a44 <ADC121C021_Set_Config+0x8c>
    8a3c:	85 e3       	ldi	r24, 0x35	; 53
    8a3e:	8a 95       	dec	r24
    8a40:	f1 f7       	brne	.-4      	; 0x8a3e <ADC121C021_Set_Config+0x86>
    8a42:	00 00       	nop
    8a44:	84 e9       	ldi	r24, 0x94	; 148
    8a46:	80 93 bc 00 	sts	0x00BC, r24	; 0x8000bc <__TEXT_REGION_LENGTH__+0x7e00bc>
    8a4a:	85 e3       	ldi	r24, 0x35	; 53
    8a4c:	8a 95       	dec	r24
    8a4e:	f1 f7       	brne	.-4      	; 0x8a4c <ADC121C021_Set_Config+0x94>
    8a50:	00 00       	nop
    8a52:	cf 91       	pop	r28
    8a54:	08 95       	ret

00008a56 <ADC121C021_Set_Vlow>:
    8a56:	0f 93       	push	r16
    8a58:	1f 93       	push	r17
    8a5a:	cf 93       	push	r28
    8a5c:	c8 2f       	mov	r28, r24
    8a5e:	60 91 22 14 	lds	r22, 0x1422	; 0x801422 <TEMP_MAX_Heat_NTC>
    8a62:	70 91 23 14 	lds	r23, 0x1423	; 0x801423 <TEMP_MAX_Heat_NTC+0x1>
    8a66:	80 91 24 14 	lds	r24, 0x1424	; 0x801424 <TEMP_MAX_Heat_NTC+0x2>
    8a6a:	90 91 25 14 	lds	r25, 0x1425	; 0x801425 <TEMP_MAX_Heat_NTC+0x3>
    8a6e:	55 de       	rcall	.-854    	; 0x871a <NTC_TempToRaw>
    8a70:	8c 01       	movw	r16, r24
    8a72:	84 ea       	ldi	r24, 0xA4	; 164
    8a74:	80 93 bc 00 	sts	0x00BC, r24	; 0x8000bc <__TEXT_REGION_LENGTH__+0x7e00bc>
    8a78:	a6 de       	rcall	.-692    	; 0x87c6 <I2C_Wait_TWINT>
    8a7a:	88 23       	and	r24, r24
    8a7c:	09 f4       	brne	.+2      	; 0x8a80 <ADC121C021_Set_Vlow+0x2a>
    8a7e:	4e c0       	rjmp	.+156    	; 0x8b1c <ADC121C021_Set_Vlow+0xc6>
    8a80:	80 91 b9 00 	lds	r24, 0x00B9	; 0x8000b9 <__TEXT_REGION_LENGTH__+0x7e00b9>
    8a84:	88 7f       	andi	r24, 0xF8	; 248
    8a86:	88 30       	cpi	r24, 0x08	; 8
    8a88:	09 f0       	breq	.+2      	; 0x8a8c <ADC121C021_Set_Vlow+0x36>
    8a8a:	48 c0       	rjmp	.+144    	; 0x8b1c <ADC121C021_Set_Vlow+0xc6>
    8a8c:	85 e3       	ldi	r24, 0x35	; 53
    8a8e:	8a 95       	dec	r24
    8a90:	f1 f7       	brne	.-4      	; 0x8a8e <ADC121C021_Set_Vlow+0x38>
    8a92:	00 00       	nop
    8a94:	cc 0f       	add	r28, r28
    8a96:	c0 93 bb 00 	sts	0x00BB, r28	; 0x8000bb <__TEXT_REGION_LENGTH__+0x7e00bb>
    8a9a:	c4 e8       	ldi	r28, 0x84	; 132
    8a9c:	c0 93 bc 00 	sts	0x00BC, r28	; 0x8000bc <__TEXT_REGION_LENGTH__+0x7e00bc>
    8aa0:	92 de       	rcall	.-732    	; 0x87c6 <I2C_Wait_TWINT>
    8aa2:	88 23       	and	r24, r24
    8aa4:	d9 f1       	breq	.+118    	; 0x8b1c <ADC121C021_Set_Vlow+0xc6>
    8aa6:	80 91 b9 00 	lds	r24, 0x00B9	; 0x8000b9 <__TEXT_REGION_LENGTH__+0x7e00b9>
    8aaa:	88 7f       	andi	r24, 0xF8	; 248
    8aac:	88 31       	cpi	r24, 0x18	; 24
    8aae:	b1 f5       	brne	.+108    	; 0x8b1c <ADC121C021_Set_Vlow+0xc6>
    8ab0:	85 e3       	ldi	r24, 0x35	; 53
    8ab2:	8a 95       	dec	r24
    8ab4:	f1 f7       	brne	.-4      	; 0x8ab2 <ADC121C021_Set_Vlow+0x5c>
    8ab6:	00 00       	nop
    8ab8:	83 e0       	ldi	r24, 0x03	; 3
    8aba:	80 93 bb 00 	sts	0x00BB, r24	; 0x8000bb <__TEXT_REGION_LENGTH__+0x7e00bb>
    8abe:	c0 93 bc 00 	sts	0x00BC, r28	; 0x8000bc <__TEXT_REGION_LENGTH__+0x7e00bc>
    8ac2:	81 de       	rcall	.-766    	; 0x87c6 <I2C_Wait_TWINT>
    8ac4:	88 23       	and	r24, r24
    8ac6:	51 f1       	breq	.+84     	; 0x8b1c <ADC121C021_Set_Vlow+0xc6>
    8ac8:	80 91 b9 00 	lds	r24, 0x00B9	; 0x8000b9 <__TEXT_REGION_LENGTH__+0x7e00b9>
    8acc:	88 7f       	andi	r24, 0xF8	; 248
    8ace:	88 32       	cpi	r24, 0x28	; 40
    8ad0:	29 f5       	brne	.+74     	; 0x8b1c <ADC121C021_Set_Vlow+0xc6>
    8ad2:	1f 70       	andi	r17, 0x0F	; 15
    8ad4:	85 e3       	ldi	r24, 0x35	; 53
    8ad6:	8a 95       	dec	r24
    8ad8:	f1 f7       	brne	.-4      	; 0x8ad6 <ADC121C021_Set_Vlow+0x80>
    8ada:	00 00       	nop
    8adc:	10 93 bb 00 	sts	0x00BB, r17	; 0x8000bb <__TEXT_REGION_LENGTH__+0x7e00bb>
    8ae0:	c0 93 bc 00 	sts	0x00BC, r28	; 0x8000bc <__TEXT_REGION_LENGTH__+0x7e00bc>
    8ae4:	70 de       	rcall	.-800    	; 0x87c6 <I2C_Wait_TWINT>
    8ae6:	88 23       	and	r24, r24
    8ae8:	c9 f0       	breq	.+50     	; 0x8b1c <ADC121C021_Set_Vlow+0xc6>
    8aea:	80 91 b9 00 	lds	r24, 0x00B9	; 0x8000b9 <__TEXT_REGION_LENGTH__+0x7e00b9>
    8aee:	88 7f       	andi	r24, 0xF8	; 248
    8af0:	88 32       	cpi	r24, 0x28	; 40
    8af2:	a1 f4       	brne	.+40     	; 0x8b1c <ADC121C021_Set_Vlow+0xc6>
    8af4:	85 e3       	ldi	r24, 0x35	; 53
    8af6:	8a 95       	dec	r24
    8af8:	f1 f7       	brne	.-4      	; 0x8af6 <ADC121C021_Set_Vlow+0xa0>
    8afa:	00 00       	nop
    8afc:	00 93 bb 00 	sts	0x00BB, r16	; 0x8000bb <__TEXT_REGION_LENGTH__+0x7e00bb>
    8b00:	c0 93 bc 00 	sts	0x00BC, r28	; 0x8000bc <__TEXT_REGION_LENGTH__+0x7e00bc>
    8b04:	60 de       	rcall	.-832    	; 0x87c6 <I2C_Wait_TWINT>
    8b06:	88 23       	and	r24, r24
    8b08:	49 f0       	breq	.+18     	; 0x8b1c <ADC121C021_Set_Vlow+0xc6>
    8b0a:	80 91 b9 00 	lds	r24, 0x00B9	; 0x8000b9 <__TEXT_REGION_LENGTH__+0x7e00b9>
    8b0e:	88 7f       	andi	r24, 0xF8	; 248
    8b10:	88 32       	cpi	r24, 0x28	; 40
    8b12:	21 f4       	brne	.+8      	; 0x8b1c <ADC121C021_Set_Vlow+0xc6>
    8b14:	85 e3       	ldi	r24, 0x35	; 53
    8b16:	8a 95       	dec	r24
    8b18:	f1 f7       	brne	.-4      	; 0x8b16 <ADC121C021_Set_Vlow+0xc0>
    8b1a:	00 00       	nop
    8b1c:	84 e9       	ldi	r24, 0x94	; 148
    8b1e:	80 93 bc 00 	sts	0x00BC, r24	; 0x8000bc <__TEXT_REGION_LENGTH__+0x7e00bc>
    8b22:	85 e3       	ldi	r24, 0x35	; 53
    8b24:	8a 95       	dec	r24
    8b26:	f1 f7       	brne	.-4      	; 0x8b24 <ADC121C021_Set_Vlow+0xce>
    8b28:	00 00       	nop
    8b2a:	cf 91       	pop	r28
    8b2c:	1f 91       	pop	r17
    8b2e:	0f 91       	pop	r16
    8b30:	08 95       	ret

00008b32 <ADC121C021_Set_Vhyst>:
    8b32:	ef 92       	push	r14
    8b34:	ff 92       	push	r15
    8b36:	1f 93       	push	r17
    8b38:	cf 93       	push	r28
    8b3a:	df 93       	push	r29
    8b3c:	18 2f       	mov	r17, r24
    8b3e:	60 91 22 14 	lds	r22, 0x1422	; 0x801422 <TEMP_MAX_Heat_NTC>
    8b42:	70 91 23 14 	lds	r23, 0x1423	; 0x801423 <TEMP_MAX_Heat_NTC+0x1>
    8b46:	80 91 24 14 	lds	r24, 0x1424	; 0x801424 <TEMP_MAX_Heat_NTC+0x2>
    8b4a:	90 91 25 14 	lds	r25, 0x1425	; 0x801425 <TEMP_MAX_Heat_NTC+0x3>
    8b4e:	20 e0       	ldi	r18, 0x00	; 0
    8b50:	30 e0       	ldi	r19, 0x00	; 0
    8b52:	40 ea       	ldi	r20, 0xA0	; 160
    8b54:	50 e4       	ldi	r21, 0x40	; 64
    8b56:	f3 d0       	rcall	.+486    	; 0x8d3e <__subsf3>
    8b58:	e0 dd       	rcall	.-1088   	; 0x871a <NTC_TempToRaw>
    8b5a:	ec 01       	movw	r28, r24
    8b5c:	60 91 22 14 	lds	r22, 0x1422	; 0x801422 <TEMP_MAX_Heat_NTC>
    8b60:	70 91 23 14 	lds	r23, 0x1423	; 0x801423 <TEMP_MAX_Heat_NTC+0x1>
    8b64:	80 91 24 14 	lds	r24, 0x1424	; 0x801424 <TEMP_MAX_Heat_NTC+0x2>
    8b68:	90 91 25 14 	lds	r25, 0x1425	; 0x801425 <TEMP_MAX_Heat_NTC+0x3>
    8b6c:	d6 dd       	rcall	.-1108   	; 0x871a <NTC_TempToRaw>
    8b6e:	7c 01       	movw	r14, r24
    8b70:	84 ea       	ldi	r24, 0xA4	; 164
    8b72:	80 93 bc 00 	sts	0x00BC, r24	; 0x8000bc <__TEXT_REGION_LENGTH__+0x7e00bc>
    8b76:	27 de       	rcall	.-946    	; 0x87c6 <I2C_Wait_TWINT>
    8b78:	88 23       	and	r24, r24
    8b7a:	09 f4       	brne	.+2      	; 0x8b7e <ADC121C021_Set_Vhyst+0x4c>
    8b7c:	51 c0       	rjmp	.+162    	; 0x8c20 <ADC121C021_Set_Vhyst+0xee>
    8b7e:	80 91 b9 00 	lds	r24, 0x00B9	; 0x8000b9 <__TEXT_REGION_LENGTH__+0x7e00b9>
    8b82:	88 7f       	andi	r24, 0xF8	; 248
    8b84:	88 30       	cpi	r24, 0x08	; 8
    8b86:	09 f0       	breq	.+2      	; 0x8b8a <ADC121C021_Set_Vhyst+0x58>
    8b88:	4b c0       	rjmp	.+150    	; 0x8c20 <ADC121C021_Set_Vhyst+0xee>
    8b8a:	85 e3       	ldi	r24, 0x35	; 53
    8b8c:	8a 95       	dec	r24
    8b8e:	f1 f7       	brne	.-4      	; 0x8b8c <ADC121C021_Set_Vhyst+0x5a>
    8b90:	00 00       	nop
    8b92:	11 0f       	add	r17, r17
    8b94:	10 93 bb 00 	sts	0x00BB, r17	; 0x8000bb <__TEXT_REGION_LENGTH__+0x7e00bb>
    8b98:	14 e8       	ldi	r17, 0x84	; 132
    8b9a:	10 93 bc 00 	sts	0x00BC, r17	; 0x8000bc <__TEXT_REGION_LENGTH__+0x7e00bc>
    8b9e:	13 de       	rcall	.-986    	; 0x87c6 <I2C_Wait_TWINT>
    8ba0:	88 23       	and	r24, r24
    8ba2:	09 f4       	brne	.+2      	; 0x8ba6 <ADC121C021_Set_Vhyst+0x74>
    8ba4:	3d c0       	rjmp	.+122    	; 0x8c20 <ADC121C021_Set_Vhyst+0xee>
    8ba6:	80 91 b9 00 	lds	r24, 0x00B9	; 0x8000b9 <__TEXT_REGION_LENGTH__+0x7e00b9>
    8baa:	88 7f       	andi	r24, 0xF8	; 248
    8bac:	88 31       	cpi	r24, 0x18	; 24
    8bae:	c1 f5       	brne	.+112    	; 0x8c20 <ADC121C021_Set_Vhyst+0xee>
    8bb0:	85 e3       	ldi	r24, 0x35	; 53
    8bb2:	8a 95       	dec	r24
    8bb4:	f1 f7       	brne	.-4      	; 0x8bb2 <ADC121C021_Set_Vhyst+0x80>
    8bb6:	00 00       	nop
    8bb8:	85 e0       	ldi	r24, 0x05	; 5
    8bba:	80 93 bb 00 	sts	0x00BB, r24	; 0x8000bb <__TEXT_REGION_LENGTH__+0x7e00bb>
    8bbe:	10 93 bc 00 	sts	0x00BC, r17	; 0x8000bc <__TEXT_REGION_LENGTH__+0x7e00bc>
    8bc2:	01 de       	rcall	.-1022   	; 0x87c6 <I2C_Wait_TWINT>
    8bc4:	88 23       	and	r24, r24
    8bc6:	61 f1       	breq	.+88     	; 0x8c20 <ADC121C021_Set_Vhyst+0xee>
    8bc8:	80 91 b9 00 	lds	r24, 0x00B9	; 0x8000b9 <__TEXT_REGION_LENGTH__+0x7e00b9>
    8bcc:	88 7f       	andi	r24, 0xF8	; 248
    8bce:	88 32       	cpi	r24, 0x28	; 40
    8bd0:	39 f5       	brne	.+78     	; 0x8c20 <ADC121C021_Set_Vhyst+0xee>
    8bd2:	ce 19       	sub	r28, r14
    8bd4:	df 09       	sbc	r29, r15
    8bd6:	df 70       	andi	r29, 0x0F	; 15
    8bd8:	85 e3       	ldi	r24, 0x35	; 53
    8bda:	8a 95       	dec	r24
    8bdc:	f1 f7       	brne	.-4      	; 0x8bda <ADC121C021_Set_Vhyst+0xa8>
    8bde:	00 00       	nop
    8be0:	d0 93 bb 00 	sts	0x00BB, r29	; 0x8000bb <__TEXT_REGION_LENGTH__+0x7e00bb>
    8be4:	10 93 bc 00 	sts	0x00BC, r17	; 0x8000bc <__TEXT_REGION_LENGTH__+0x7e00bc>
    8be8:	ee dd       	rcall	.-1060   	; 0x87c6 <I2C_Wait_TWINT>
    8bea:	88 23       	and	r24, r24
    8bec:	c9 f0       	breq	.+50     	; 0x8c20 <ADC121C021_Set_Vhyst+0xee>
    8bee:	80 91 b9 00 	lds	r24, 0x00B9	; 0x8000b9 <__TEXT_REGION_LENGTH__+0x7e00b9>
    8bf2:	88 7f       	andi	r24, 0xF8	; 248
    8bf4:	88 32       	cpi	r24, 0x28	; 40
    8bf6:	a1 f4       	brne	.+40     	; 0x8c20 <ADC121C021_Set_Vhyst+0xee>
    8bf8:	85 e3       	ldi	r24, 0x35	; 53
    8bfa:	8a 95       	dec	r24
    8bfc:	f1 f7       	brne	.-4      	; 0x8bfa <ADC121C021_Set_Vhyst+0xc8>
    8bfe:	00 00       	nop
    8c00:	c0 93 bb 00 	sts	0x00BB, r28	; 0x8000bb <__TEXT_REGION_LENGTH__+0x7e00bb>
    8c04:	10 93 bc 00 	sts	0x00BC, r17	; 0x8000bc <__TEXT_REGION_LENGTH__+0x7e00bc>
    8c08:	de dd       	rcall	.-1092   	; 0x87c6 <I2C_Wait_TWINT>
    8c0a:	88 23       	and	r24, r24
    8c0c:	49 f0       	breq	.+18     	; 0x8c20 <ADC121C021_Set_Vhyst+0xee>
    8c0e:	80 91 b9 00 	lds	r24, 0x00B9	; 0x8000b9 <__TEXT_REGION_LENGTH__+0x7e00b9>
    8c12:	88 7f       	andi	r24, 0xF8	; 248
    8c14:	88 32       	cpi	r24, 0x28	; 40
    8c16:	21 f4       	brne	.+8      	; 0x8c20 <ADC121C021_Set_Vhyst+0xee>
    8c18:	85 e3       	ldi	r24, 0x35	; 53
    8c1a:	8a 95       	dec	r24
    8c1c:	f1 f7       	brne	.-4      	; 0x8c1a <ADC121C021_Set_Vhyst+0xe8>
    8c1e:	00 00       	nop
    8c20:	84 e9       	ldi	r24, 0x94	; 148
    8c22:	80 93 bc 00 	sts	0x00BC, r24	; 0x8000bc <__TEXT_REGION_LENGTH__+0x7e00bc>
    8c26:	85 e3       	ldi	r24, 0x35	; 53
    8c28:	8a 95       	dec	r24
    8c2a:	f1 f7       	brne	.-4      	; 0x8c28 <ADC121C021_Set_Vhyst+0xf6>
    8c2c:	00 00       	nop
    8c2e:	df 91       	pop	r29
    8c30:	cf 91       	pop	r28
    8c32:	1f 91       	pop	r17
    8c34:	ff 90       	pop	r15
    8c36:	ef 90       	pop	r14
    8c38:	08 95       	ret

00008c3a <ADC121C021_Setup>:
    8c3a:	cf 93       	push	r28
    8c3c:	c8 2f       	mov	r28, r24
    8c3e:	0b df       	rcall	.-490    	; 0x8a56 <ADC121C021_Set_Vlow>
    8c40:	8c 2f       	mov	r24, r28
    8c42:	77 df       	rcall	.-274    	; 0x8b32 <ADC121C021_Set_Vhyst>
    8c44:	8c 2f       	mov	r24, r28
    8c46:	cf 91       	pop	r28
    8c48:	b7 ce       	rjmp	.-658    	; 0x89b8 <ADC121C021_Set_Config>

00008c4a <ADC121C021_Is_Present>:
    8c4a:	cf 93       	push	r28
    8c4c:	c8 2f       	mov	r28, r24
    8c4e:	84 ea       	ldi	r24, 0xA4	; 164
    8c50:	80 93 bc 00 	sts	0x00BC, r24	; 0x8000bc <__TEXT_REGION_LENGTH__+0x7e00bc>
    8c54:	b8 dd       	rcall	.-1168   	; 0x87c6 <I2C_Wait_TWINT>
    8c56:	88 23       	and	r24, r24
    8c58:	e1 f0       	breq	.+56     	; 0x8c92 <ADC121C021_Is_Present+0x48>
    8c5a:	80 91 b9 00 	lds	r24, 0x00B9	; 0x8000b9 <__TEXT_REGION_LENGTH__+0x7e00b9>
    8c5e:	88 7f       	andi	r24, 0xF8	; 248
    8c60:	88 30       	cpi	r24, 0x08	; 8
    8c62:	b9 f4       	brne	.+46     	; 0x8c92 <ADC121C021_Is_Present+0x48>
    8c64:	cc 0f       	add	r28, r28
    8c66:	c0 93 bb 00 	sts	0x00BB, r28	; 0x8000bb <__TEXT_REGION_LENGTH__+0x7e00bb>
    8c6a:	84 e8       	ldi	r24, 0x84	; 132
    8c6c:	80 93 bc 00 	sts	0x00BC, r24	; 0x8000bc <__TEXT_REGION_LENGTH__+0x7e00bc>
    8c70:	aa dd       	rcall	.-1196   	; 0x87c6 <I2C_Wait_TWINT>
    8c72:	88 23       	and	r24, r24
    8c74:	71 f0       	breq	.+28     	; 0x8c92 <ADC121C021_Is_Present+0x48>
    8c76:	80 91 b9 00 	lds	r24, 0x00B9	; 0x8000b9 <__TEXT_REGION_LENGTH__+0x7e00b9>
    8c7a:	88 7f       	andi	r24, 0xF8	; 248
    8c7c:	88 31       	cpi	r24, 0x18	; 24
    8c7e:	49 f4       	brne	.+18     	; 0x8c92 <ADC121C021_Is_Present+0x48>
    8c80:	84 e9       	ldi	r24, 0x94	; 148
    8c82:	80 93 bc 00 	sts	0x00BC, r24	; 0x8000bc <__TEXT_REGION_LENGTH__+0x7e00bc>
    8c86:	85 e3       	ldi	r24, 0x35	; 53
    8c88:	8a 95       	dec	r24
    8c8a:	f1 f7       	brne	.-4      	; 0x8c88 <ADC121C021_Is_Present+0x3e>
    8c8c:	00 00       	nop
    8c8e:	81 e0       	ldi	r24, 0x01	; 1
    8c90:	08 c0       	rjmp	.+16     	; 0x8ca2 <ADC121C021_Is_Present+0x58>
    8c92:	84 e9       	ldi	r24, 0x94	; 148
    8c94:	80 93 bc 00 	sts	0x00BC, r24	; 0x8000bc <__TEXT_REGION_LENGTH__+0x7e00bc>
    8c98:	85 e3       	ldi	r24, 0x35	; 53
    8c9a:	8a 95       	dec	r24
    8c9c:	f1 f7       	brne	.-4      	; 0x8c9a <ADC121C021_Is_Present+0x50>
    8c9e:	00 00       	nop
    8ca0:	80 e0       	ldi	r24, 0x00	; 0
    8ca2:	cf 91       	pop	r28
    8ca4:	08 95       	ret

00008ca6 <Temp_monitoring_Setup>:
    8ca6:	8f 92       	push	r8
    8ca8:	9f 92       	push	r9
    8caa:	af 92       	push	r10
    8cac:	bf 92       	push	r11
    8cae:	df 92       	push	r13
    8cb0:	ef 92       	push	r14
    8cb2:	ff 92       	push	r15
    8cb4:	0f 93       	push	r16
    8cb6:	1f 93       	push	r17
    8cb8:	cf 93       	push	r28
    8cba:	df 93       	push	r29
    8cbc:	10 92 69 15 	sts	0x1569, r1	; 0x801569 <AI_HEAT_ADC_Present_Mask>
    8cc0:	10 92 68 15 	sts	0x1568, r1	; 0x801568 <AI_HEAT_ADC_Fault_Mask>
    8cc4:	02 ea       	ldi	r16, 0xA2	; 162
    8cc6:	12 e0       	ldi	r17, 0x02	; 2
    8cc8:	c0 e0       	ldi	r28, 0x00	; 0
    8cca:	d0 e0       	ldi	r29, 0x00	; 0
    8ccc:	ee 24       	eor	r14, r14
    8cce:	e3 94       	inc	r14
    8cd0:	f1 2c       	mov	r15, r1
    8cd2:	26 e6       	ldi	r18, 0x66	; 102
    8cd4:	82 2e       	mov	r8, r18
    8cd6:	98 2c       	mov	r9, r8
    8cd8:	2e e1       	ldi	r18, 0x1E	; 30
    8cda:	a2 2e       	mov	r10, r18
    8cdc:	21 ec       	ldi	r18, 0xC1	; 193
    8cde:	b2 2e       	mov	r11, r18
    8ce0:	f8 01       	movw	r30, r16
    8ce2:	d1 90       	ld	r13, Z+
    8ce4:	8f 01       	movw	r16, r30
    8ce6:	8d 2d       	mov	r24, r13
    8ce8:	b0 df       	rcall	.-160    	; 0x8c4a <ADC121C021_Is_Present>
    8cea:	88 23       	and	r24, r24
    8cec:	69 f0       	breq	.+26     	; 0x8d08 <Temp_monitoring_Setup+0x62>
    8cee:	20 91 69 15 	lds	r18, 0x1569	; 0x801569 <AI_HEAT_ADC_Present_Mask>
    8cf2:	c7 01       	movw	r24, r14
    8cf4:	0c 2e       	mov	r0, r28
    8cf6:	01 c0       	rjmp	.+2      	; 0x8cfa <Temp_monitoring_Setup+0x54>
    8cf8:	88 0f       	add	r24, r24
    8cfa:	0a 94       	dec	r0
    8cfc:	ea f7       	brpl	.-6      	; 0x8cf8 <Temp_monitoring_Setup+0x52>
    8cfe:	82 2b       	or	r24, r18
    8d00:	80 93 69 15 	sts	0x1569, r24	; 0x801569 <AI_HEAT_ADC_Present_Mask>
    8d04:	8d 2d       	mov	r24, r13
    8d06:	99 df       	rcall	.-206    	; 0x8c3a <ADC121C021_Setup>
    8d08:	fe 01       	movw	r30, r28
    8d0a:	ee 0f       	add	r30, r30
    8d0c:	ff 1f       	adc	r31, r31
    8d0e:	ee 0f       	add	r30, r30
    8d10:	ff 1f       	adc	r31, r31
    8d12:	e6 59       	subi	r30, 0x96	; 150
    8d14:	fa 4e       	sbci	r31, 0xEA	; 234
    8d16:	80 82       	st	Z, r8
    8d18:	91 82       	std	Z+1, r9	; 0x01
    8d1a:	a2 82       	std	Z+2, r10	; 0x02
    8d1c:	b3 82       	std	Z+3, r11	; 0x03
    8d1e:	21 96       	adiw	r28, 0x01	; 1
    8d20:	c8 30       	cpi	r28, 0x08	; 8
    8d22:	d1 05       	cpc	r29, r1
    8d24:	e9 f6       	brne	.-70     	; 0x8ce0 <Temp_monitoring_Setup+0x3a>
    8d26:	df 91       	pop	r29
    8d28:	cf 91       	pop	r28
    8d2a:	1f 91       	pop	r17
    8d2c:	0f 91       	pop	r16
    8d2e:	ff 90       	pop	r15
    8d30:	ef 90       	pop	r14
    8d32:	df 90       	pop	r13
    8d34:	bf 90       	pop	r11
    8d36:	af 90       	pop	r10
    8d38:	9f 90       	pop	r9
    8d3a:	8f 90       	pop	r8
    8d3c:	08 95       	ret

00008d3e <__subsf3>:
    8d3e:	50 58       	subi	r21, 0x80	; 128

00008d40 <__addsf3>:
    8d40:	bb 27       	eor	r27, r27
    8d42:	aa 27       	eor	r26, r26
    8d44:	0e d0       	rcall	.+28     	; 0x8d62 <__addsf3x>
    8d46:	cb c1       	rjmp	.+918    	; 0x90de <__fp_round>
    8d48:	bc d1       	rcall	.+888    	; 0x90c2 <__fp_pscA>
    8d4a:	30 f0       	brcs	.+12     	; 0x8d58 <__addsf3+0x18>
    8d4c:	c1 d1       	rcall	.+898    	; 0x90d0 <__fp_pscB>
    8d4e:	20 f0       	brcs	.+8      	; 0x8d58 <__addsf3+0x18>
    8d50:	31 f4       	brne	.+12     	; 0x8d5e <__addsf3+0x1e>
    8d52:	9f 3f       	cpi	r25, 0xFF	; 255
    8d54:	11 f4       	brne	.+4      	; 0x8d5a <__addsf3+0x1a>
    8d56:	1e f4       	brtc	.+6      	; 0x8d5e <__addsf3+0x1e>
    8d58:	8c c1       	rjmp	.+792    	; 0x9072 <__fp_nan>
    8d5a:	0e f4       	brtc	.+2      	; 0x8d5e <__addsf3+0x1e>
    8d5c:	e0 95       	com	r30
    8d5e:	e7 fb       	bst	r30, 7
    8d60:	82 c1       	rjmp	.+772    	; 0x9066 <__fp_inf>

00008d62 <__addsf3x>:
    8d62:	e9 2f       	mov	r30, r25
    8d64:	cd d1       	rcall	.+922    	; 0x9100 <__fp_split3>
    8d66:	80 f3       	brcs	.-32     	; 0x8d48 <__addsf3+0x8>
    8d68:	ba 17       	cp	r27, r26
    8d6a:	62 07       	cpc	r22, r18
    8d6c:	73 07       	cpc	r23, r19
    8d6e:	84 07       	cpc	r24, r20
    8d70:	95 07       	cpc	r25, r21
    8d72:	18 f0       	brcs	.+6      	; 0x8d7a <__addsf3x+0x18>
    8d74:	71 f4       	brne	.+28     	; 0x8d92 <__addsf3x+0x30>
    8d76:	9e f5       	brtc	.+102    	; 0x8dde <__addsf3x+0x7c>
    8d78:	e5 c1       	rjmp	.+970    	; 0x9144 <__fp_zero>
    8d7a:	0e f4       	brtc	.+2      	; 0x8d7e <__addsf3x+0x1c>
    8d7c:	e0 95       	com	r30
    8d7e:	0b 2e       	mov	r0, r27
    8d80:	ba 2f       	mov	r27, r26
    8d82:	a0 2d       	mov	r26, r0
    8d84:	0b 01       	movw	r0, r22
    8d86:	b9 01       	movw	r22, r18
    8d88:	90 01       	movw	r18, r0
    8d8a:	0c 01       	movw	r0, r24
    8d8c:	ca 01       	movw	r24, r20
    8d8e:	a0 01       	movw	r20, r0
    8d90:	11 24       	eor	r1, r1
    8d92:	ff 27       	eor	r31, r31
    8d94:	59 1b       	sub	r21, r25
    8d96:	99 f0       	breq	.+38     	; 0x8dbe <__addsf3x+0x5c>
    8d98:	59 3f       	cpi	r21, 0xF9	; 249
    8d9a:	50 f4       	brcc	.+20     	; 0x8db0 <__addsf3x+0x4e>
    8d9c:	50 3e       	cpi	r21, 0xE0	; 224
    8d9e:	68 f1       	brcs	.+90     	; 0x8dfa <__addsf3x+0x98>
    8da0:	1a 16       	cp	r1, r26
    8da2:	f0 40       	sbci	r31, 0x00	; 0
    8da4:	a2 2f       	mov	r26, r18
    8da6:	23 2f       	mov	r18, r19
    8da8:	34 2f       	mov	r19, r20
    8daa:	44 27       	eor	r20, r20
    8dac:	58 5f       	subi	r21, 0xF8	; 248
    8dae:	f3 cf       	rjmp	.-26     	; 0x8d96 <__addsf3x+0x34>
    8db0:	46 95       	lsr	r20
    8db2:	37 95       	ror	r19
    8db4:	27 95       	ror	r18
    8db6:	a7 95       	ror	r26
    8db8:	f0 40       	sbci	r31, 0x00	; 0
    8dba:	53 95       	inc	r21
    8dbc:	c9 f7       	brne	.-14     	; 0x8db0 <__addsf3x+0x4e>
    8dbe:	7e f4       	brtc	.+30     	; 0x8dde <__addsf3x+0x7c>
    8dc0:	1f 16       	cp	r1, r31
    8dc2:	ba 0b       	sbc	r27, r26
    8dc4:	62 0b       	sbc	r22, r18
    8dc6:	73 0b       	sbc	r23, r19
    8dc8:	84 0b       	sbc	r24, r20
    8dca:	ba f0       	brmi	.+46     	; 0x8dfa <__addsf3x+0x98>
    8dcc:	91 50       	subi	r25, 0x01	; 1
    8dce:	a1 f0       	breq	.+40     	; 0x8df8 <__addsf3x+0x96>
    8dd0:	ff 0f       	add	r31, r31
    8dd2:	bb 1f       	adc	r27, r27
    8dd4:	66 1f       	adc	r22, r22
    8dd6:	77 1f       	adc	r23, r23
    8dd8:	88 1f       	adc	r24, r24
    8dda:	c2 f7       	brpl	.-16     	; 0x8dcc <__addsf3x+0x6a>
    8ddc:	0e c0       	rjmp	.+28     	; 0x8dfa <__addsf3x+0x98>
    8dde:	ba 0f       	add	r27, r26
    8de0:	62 1f       	adc	r22, r18
    8de2:	73 1f       	adc	r23, r19
    8de4:	84 1f       	adc	r24, r20
    8de6:	48 f4       	brcc	.+18     	; 0x8dfa <__addsf3x+0x98>
    8de8:	87 95       	ror	r24
    8dea:	77 95       	ror	r23
    8dec:	67 95       	ror	r22
    8dee:	b7 95       	ror	r27
    8df0:	f7 95       	ror	r31
    8df2:	9e 3f       	cpi	r25, 0xFE	; 254
    8df4:	08 f0       	brcs	.+2      	; 0x8df8 <__addsf3x+0x96>
    8df6:	b3 cf       	rjmp	.-154    	; 0x8d5e <__addsf3+0x1e>
    8df8:	93 95       	inc	r25
    8dfa:	88 0f       	add	r24, r24
    8dfc:	08 f0       	brcs	.+2      	; 0x8e00 <__addsf3x+0x9e>
    8dfe:	99 27       	eor	r25, r25
    8e00:	ee 0f       	add	r30, r30
    8e02:	97 95       	ror	r25
    8e04:	87 95       	ror	r24
    8e06:	08 95       	ret

00008e08 <__cmpsf2>:
    8e08:	0a d1       	rcall	.+532    	; 0x901e <__fp_cmp>
    8e0a:	08 f4       	brcc	.+2      	; 0x8e0e <__cmpsf2+0x6>
    8e0c:	81 e0       	ldi	r24, 0x01	; 1
    8e0e:	08 95       	ret

00008e10 <__divsf3>:
    8e10:	0c d0       	rcall	.+24     	; 0x8e2a <__divsf3x>
    8e12:	65 c1       	rjmp	.+714    	; 0x90de <__fp_round>
    8e14:	5d d1       	rcall	.+698    	; 0x90d0 <__fp_pscB>
    8e16:	40 f0       	brcs	.+16     	; 0x8e28 <__divsf3+0x18>
    8e18:	54 d1       	rcall	.+680    	; 0x90c2 <__fp_pscA>
    8e1a:	30 f0       	brcs	.+12     	; 0x8e28 <__divsf3+0x18>
    8e1c:	21 f4       	brne	.+8      	; 0x8e26 <__divsf3+0x16>
    8e1e:	5f 3f       	cpi	r21, 0xFF	; 255
    8e20:	19 f0       	breq	.+6      	; 0x8e28 <__divsf3+0x18>
    8e22:	21 c1       	rjmp	.+578    	; 0x9066 <__fp_inf>
    8e24:	51 11       	cpse	r21, r1
    8e26:	8f c1       	rjmp	.+798    	; 0x9146 <__fp_szero>
    8e28:	24 c1       	rjmp	.+584    	; 0x9072 <__fp_nan>

00008e2a <__divsf3x>:
    8e2a:	6a d1       	rcall	.+724    	; 0x9100 <__fp_split3>
    8e2c:	98 f3       	brcs	.-26     	; 0x8e14 <__divsf3+0x4>

00008e2e <__divsf3_pse>:
    8e2e:	99 23       	and	r25, r25
    8e30:	c9 f3       	breq	.-14     	; 0x8e24 <__divsf3+0x14>
    8e32:	55 23       	and	r21, r21
    8e34:	b1 f3       	breq	.-20     	; 0x8e22 <__divsf3+0x12>
    8e36:	95 1b       	sub	r25, r21
    8e38:	55 0b       	sbc	r21, r21
    8e3a:	bb 27       	eor	r27, r27
    8e3c:	aa 27       	eor	r26, r26
    8e3e:	62 17       	cp	r22, r18
    8e40:	73 07       	cpc	r23, r19
    8e42:	84 07       	cpc	r24, r20
    8e44:	38 f0       	brcs	.+14     	; 0x8e54 <__divsf3_pse+0x26>
    8e46:	9f 5f       	subi	r25, 0xFF	; 255
    8e48:	5f 4f       	sbci	r21, 0xFF	; 255
    8e4a:	22 0f       	add	r18, r18
    8e4c:	33 1f       	adc	r19, r19
    8e4e:	44 1f       	adc	r20, r20
    8e50:	aa 1f       	adc	r26, r26
    8e52:	a9 f3       	breq	.-22     	; 0x8e3e <__divsf3_pse+0x10>
    8e54:	33 d0       	rcall	.+102    	; 0x8ebc <__divsf3_pse+0x8e>
    8e56:	0e 2e       	mov	r0, r30
    8e58:	3a f0       	brmi	.+14     	; 0x8e68 <__divsf3_pse+0x3a>
    8e5a:	e0 e8       	ldi	r30, 0x80	; 128
    8e5c:	30 d0       	rcall	.+96     	; 0x8ebe <__divsf3_pse+0x90>
    8e5e:	91 50       	subi	r25, 0x01	; 1
    8e60:	50 40       	sbci	r21, 0x00	; 0
    8e62:	e6 95       	lsr	r30
    8e64:	00 1c       	adc	r0, r0
    8e66:	ca f7       	brpl	.-14     	; 0x8e5a <__divsf3_pse+0x2c>
    8e68:	29 d0       	rcall	.+82     	; 0x8ebc <__divsf3_pse+0x8e>
    8e6a:	fe 2f       	mov	r31, r30
    8e6c:	27 d0       	rcall	.+78     	; 0x8ebc <__divsf3_pse+0x8e>
    8e6e:	66 0f       	add	r22, r22
    8e70:	77 1f       	adc	r23, r23
    8e72:	88 1f       	adc	r24, r24
    8e74:	bb 1f       	adc	r27, r27
    8e76:	26 17       	cp	r18, r22
    8e78:	37 07       	cpc	r19, r23
    8e7a:	48 07       	cpc	r20, r24
    8e7c:	ab 07       	cpc	r26, r27
    8e7e:	b0 e8       	ldi	r27, 0x80	; 128
    8e80:	09 f0       	breq	.+2      	; 0x8e84 <__divsf3_pse+0x56>
    8e82:	bb 0b       	sbc	r27, r27
    8e84:	80 2d       	mov	r24, r0
    8e86:	bf 01       	movw	r22, r30
    8e88:	ff 27       	eor	r31, r31
    8e8a:	93 58       	subi	r25, 0x83	; 131
    8e8c:	5f 4f       	sbci	r21, 0xFF	; 255
    8e8e:	2a f0       	brmi	.+10     	; 0x8e9a <__divsf3_pse+0x6c>
    8e90:	9e 3f       	cpi	r25, 0xFE	; 254
    8e92:	51 05       	cpc	r21, r1
    8e94:	68 f0       	brcs	.+26     	; 0x8eb0 <__divsf3_pse+0x82>
    8e96:	e7 c0       	rjmp	.+462    	; 0x9066 <__fp_inf>
    8e98:	56 c1       	rjmp	.+684    	; 0x9146 <__fp_szero>
    8e9a:	5f 3f       	cpi	r21, 0xFF	; 255
    8e9c:	ec f3       	brlt	.-6      	; 0x8e98 <__divsf3_pse+0x6a>
    8e9e:	98 3e       	cpi	r25, 0xE8	; 232
    8ea0:	dc f3       	brlt	.-10     	; 0x8e98 <__divsf3_pse+0x6a>
    8ea2:	86 95       	lsr	r24
    8ea4:	77 95       	ror	r23
    8ea6:	67 95       	ror	r22
    8ea8:	b7 95       	ror	r27
    8eaa:	f7 95       	ror	r31
    8eac:	9f 5f       	subi	r25, 0xFF	; 255
    8eae:	c9 f7       	brne	.-14     	; 0x8ea2 <__divsf3_pse+0x74>
    8eb0:	88 0f       	add	r24, r24
    8eb2:	91 1d       	adc	r25, r1
    8eb4:	96 95       	lsr	r25
    8eb6:	87 95       	ror	r24
    8eb8:	97 f9       	bld	r25, 7
    8eba:	08 95       	ret
    8ebc:	e1 e0       	ldi	r30, 0x01	; 1
    8ebe:	66 0f       	add	r22, r22
    8ec0:	77 1f       	adc	r23, r23
    8ec2:	88 1f       	adc	r24, r24
    8ec4:	bb 1f       	adc	r27, r27
    8ec6:	62 17       	cp	r22, r18
    8ec8:	73 07       	cpc	r23, r19
    8eca:	84 07       	cpc	r24, r20
    8ecc:	ba 07       	cpc	r27, r26
    8ece:	20 f0       	brcs	.+8      	; 0x8ed8 <__divsf3_pse+0xaa>
    8ed0:	62 1b       	sub	r22, r18
    8ed2:	73 0b       	sbc	r23, r19
    8ed4:	84 0b       	sbc	r24, r20
    8ed6:	ba 0b       	sbc	r27, r26
    8ed8:	ee 1f       	adc	r30, r30
    8eda:	88 f7       	brcc	.-30     	; 0x8ebe <__divsf3_pse+0x90>
    8edc:	e0 95       	com	r30
    8ede:	08 95       	ret
    8ee0:	19 f4       	brne	.+6      	; 0x8ee8 <__divsf3_pse+0xba>
    8ee2:	0e f0       	brts	.+2      	; 0x8ee6 <__divsf3_pse+0xb8>
    8ee4:	c0 c0       	rjmp	.+384    	; 0x9066 <__fp_inf>
    8ee6:	2e c1       	rjmp	.+604    	; 0x9144 <__fp_zero>
    8ee8:	c4 c0       	rjmp	.+392    	; 0x9072 <__fp_nan>

00008eea <exp>:
    8eea:	12 d1       	rcall	.+548    	; 0x9110 <__fp_splitA>
    8eec:	c8 f3       	brcs	.-14     	; 0x8ee0 <__divsf3_pse+0xb2>
    8eee:	96 38       	cpi	r25, 0x86	; 134
    8ef0:	c0 f7       	brcc	.-16     	; 0x8ee2 <__divsf3_pse+0xb4>
    8ef2:	07 f8       	bld	r0, 7
    8ef4:	0f 92       	push	r0
    8ef6:	e8 94       	clt
    8ef8:	2b e3       	ldi	r18, 0x3B	; 59
    8efa:	3a ea       	ldi	r19, 0xAA	; 170
    8efc:	48 eb       	ldi	r20, 0xB8	; 184
    8efe:	5f e7       	ldi	r21, 0x7F	; 127
    8f00:	ef d1       	rcall	.+990    	; 0x92e0 <__mulsf3_pse>
    8f02:	0f 92       	push	r0
    8f04:	0f 92       	push	r0
    8f06:	0f 92       	push	r0
    8f08:	4d b7       	in	r20, 0x3d	; 61
    8f0a:	5e b7       	in	r21, 0x3e	; 62
    8f0c:	0f 92       	push	r0
    8f0e:	a7 d1       	rcall	.+846    	; 0x925e <modf>
    8f10:	ec e8       	ldi	r30, 0x8C	; 140
    8f12:	f0 e0       	ldi	r31, 0x00	; 0
    8f14:	b1 d0       	rcall	.+354    	; 0x9078 <__fp_powser>
    8f16:	4f 91       	pop	r20
    8f18:	5f 91       	pop	r21
    8f1a:	ef 91       	pop	r30
    8f1c:	ff 91       	pop	r31
    8f1e:	e5 95       	asr	r30
    8f20:	ee 1f       	adc	r30, r30
    8f22:	ff 1f       	adc	r31, r31
    8f24:	49 f0       	breq	.+18     	; 0x8f38 <exp+0x4e>
    8f26:	fe 57       	subi	r31, 0x7E	; 126
    8f28:	e0 68       	ori	r30, 0x80	; 128
    8f2a:	44 27       	eor	r20, r20
    8f2c:	ee 0f       	add	r30, r30
    8f2e:	44 1f       	adc	r20, r20
    8f30:	fa 95       	dec	r31
    8f32:	e1 f7       	brne	.-8      	; 0x8f2c <exp+0x42>
    8f34:	41 95       	neg	r20
    8f36:	55 0b       	sbc	r21, r21
    8f38:	19 d1       	rcall	.+562    	; 0x916c <ldexp>
    8f3a:	0f 90       	pop	r0
    8f3c:	07 fe       	sbrs	r0, 7
    8f3e:	0d c1       	rjmp	.+538    	; 0x915a <inverse>
    8f40:	08 95       	ret

00008f42 <__fixsfsi>:
    8f42:	04 d0       	rcall	.+8      	; 0x8f4c <__fixunssfsi>
    8f44:	68 94       	set
    8f46:	b1 11       	cpse	r27, r1
    8f48:	fe c0       	rjmp	.+508    	; 0x9146 <__fp_szero>
    8f4a:	08 95       	ret

00008f4c <__fixunssfsi>:
    8f4c:	e1 d0       	rcall	.+450    	; 0x9110 <__fp_splitA>
    8f4e:	88 f0       	brcs	.+34     	; 0x8f72 <__fixunssfsi+0x26>
    8f50:	9f 57       	subi	r25, 0x7F	; 127
    8f52:	90 f0       	brcs	.+36     	; 0x8f78 <__fixunssfsi+0x2c>
    8f54:	b9 2f       	mov	r27, r25
    8f56:	99 27       	eor	r25, r25
    8f58:	b7 51       	subi	r27, 0x17	; 23
    8f5a:	a0 f0       	brcs	.+40     	; 0x8f84 <__fixunssfsi+0x38>
    8f5c:	d1 f0       	breq	.+52     	; 0x8f92 <__fixunssfsi+0x46>
    8f5e:	66 0f       	add	r22, r22
    8f60:	77 1f       	adc	r23, r23
    8f62:	88 1f       	adc	r24, r24
    8f64:	99 1f       	adc	r25, r25
    8f66:	1a f0       	brmi	.+6      	; 0x8f6e <__fixunssfsi+0x22>
    8f68:	ba 95       	dec	r27
    8f6a:	c9 f7       	brne	.-14     	; 0x8f5e <__fixunssfsi+0x12>
    8f6c:	12 c0       	rjmp	.+36     	; 0x8f92 <__fixunssfsi+0x46>
    8f6e:	b1 30       	cpi	r27, 0x01	; 1
    8f70:	81 f0       	breq	.+32     	; 0x8f92 <__fixunssfsi+0x46>
    8f72:	e8 d0       	rcall	.+464    	; 0x9144 <__fp_zero>
    8f74:	b1 e0       	ldi	r27, 0x01	; 1
    8f76:	08 95       	ret
    8f78:	e5 c0       	rjmp	.+458    	; 0x9144 <__fp_zero>
    8f7a:	67 2f       	mov	r22, r23
    8f7c:	78 2f       	mov	r23, r24
    8f7e:	88 27       	eor	r24, r24
    8f80:	b8 5f       	subi	r27, 0xF8	; 248
    8f82:	39 f0       	breq	.+14     	; 0x8f92 <__fixunssfsi+0x46>
    8f84:	b9 3f       	cpi	r27, 0xF9	; 249
    8f86:	cc f3       	brlt	.-14     	; 0x8f7a <__fixunssfsi+0x2e>
    8f88:	86 95       	lsr	r24
    8f8a:	77 95       	ror	r23
    8f8c:	67 95       	ror	r22
    8f8e:	b3 95       	inc	r27
    8f90:	d9 f7       	brne	.-10     	; 0x8f88 <__fixunssfsi+0x3c>
    8f92:	3e f4       	brtc	.+14     	; 0x8fa2 <__fixunssfsi+0x56>
    8f94:	90 95       	com	r25
    8f96:	80 95       	com	r24
    8f98:	70 95       	com	r23
    8f9a:	61 95       	neg	r22
    8f9c:	7f 4f       	sbci	r23, 0xFF	; 255
    8f9e:	8f 4f       	sbci	r24, 0xFF	; 255
    8fa0:	9f 4f       	sbci	r25, 0xFF	; 255
    8fa2:	08 95       	ret

00008fa4 <__floatunsisf>:
    8fa4:	e8 94       	clt
    8fa6:	09 c0       	rjmp	.+18     	; 0x8fba <__floatsisf+0x12>

00008fa8 <__floatsisf>:
    8fa8:	97 fb       	bst	r25, 7
    8faa:	3e f4       	brtc	.+14     	; 0x8fba <__floatsisf+0x12>
    8fac:	90 95       	com	r25
    8fae:	80 95       	com	r24
    8fb0:	70 95       	com	r23
    8fb2:	61 95       	neg	r22
    8fb4:	7f 4f       	sbci	r23, 0xFF	; 255
    8fb6:	8f 4f       	sbci	r24, 0xFF	; 255
    8fb8:	9f 4f       	sbci	r25, 0xFF	; 255
    8fba:	99 23       	and	r25, r25
    8fbc:	a9 f0       	breq	.+42     	; 0x8fe8 <__floatsisf+0x40>
    8fbe:	f9 2f       	mov	r31, r25
    8fc0:	96 e9       	ldi	r25, 0x96	; 150
    8fc2:	bb 27       	eor	r27, r27
    8fc4:	93 95       	inc	r25
    8fc6:	f6 95       	lsr	r31
    8fc8:	87 95       	ror	r24
    8fca:	77 95       	ror	r23
    8fcc:	67 95       	ror	r22
    8fce:	b7 95       	ror	r27
    8fd0:	f1 11       	cpse	r31, r1
    8fd2:	f8 cf       	rjmp	.-16     	; 0x8fc4 <__floatsisf+0x1c>
    8fd4:	fa f4       	brpl	.+62     	; 0x9014 <__floatsisf+0x6c>
    8fd6:	bb 0f       	add	r27, r27
    8fd8:	11 f4       	brne	.+4      	; 0x8fde <__floatsisf+0x36>
    8fda:	60 ff       	sbrs	r22, 0
    8fdc:	1b c0       	rjmp	.+54     	; 0x9014 <__floatsisf+0x6c>
    8fde:	6f 5f       	subi	r22, 0xFF	; 255
    8fe0:	7f 4f       	sbci	r23, 0xFF	; 255
    8fe2:	8f 4f       	sbci	r24, 0xFF	; 255
    8fe4:	9f 4f       	sbci	r25, 0xFF	; 255
    8fe6:	16 c0       	rjmp	.+44     	; 0x9014 <__floatsisf+0x6c>
    8fe8:	88 23       	and	r24, r24
    8fea:	11 f0       	breq	.+4      	; 0x8ff0 <__floatsisf+0x48>
    8fec:	96 e9       	ldi	r25, 0x96	; 150
    8fee:	11 c0       	rjmp	.+34     	; 0x9012 <__floatsisf+0x6a>
    8ff0:	77 23       	and	r23, r23
    8ff2:	21 f0       	breq	.+8      	; 0x8ffc <__floatsisf+0x54>
    8ff4:	9e e8       	ldi	r25, 0x8E	; 142
    8ff6:	87 2f       	mov	r24, r23
    8ff8:	76 2f       	mov	r23, r22
    8ffa:	05 c0       	rjmp	.+10     	; 0x9006 <__floatsisf+0x5e>
    8ffc:	66 23       	and	r22, r22
    8ffe:	71 f0       	breq	.+28     	; 0x901c <__floatsisf+0x74>
    9000:	96 e8       	ldi	r25, 0x86	; 134
    9002:	86 2f       	mov	r24, r22
    9004:	70 e0       	ldi	r23, 0x00	; 0
    9006:	60 e0       	ldi	r22, 0x00	; 0
    9008:	2a f0       	brmi	.+10     	; 0x9014 <__floatsisf+0x6c>
    900a:	9a 95       	dec	r25
    900c:	66 0f       	add	r22, r22
    900e:	77 1f       	adc	r23, r23
    9010:	88 1f       	adc	r24, r24
    9012:	da f7       	brpl	.-10     	; 0x900a <__floatsisf+0x62>
    9014:	88 0f       	add	r24, r24
    9016:	96 95       	lsr	r25
    9018:	87 95       	ror	r24
    901a:	97 f9       	bld	r25, 7
    901c:	08 95       	ret

0000901e <__fp_cmp>:
    901e:	99 0f       	add	r25, r25
    9020:	00 08       	sbc	r0, r0
    9022:	55 0f       	add	r21, r21
    9024:	aa 0b       	sbc	r26, r26
    9026:	e0 e8       	ldi	r30, 0x80	; 128
    9028:	fe ef       	ldi	r31, 0xFE	; 254
    902a:	16 16       	cp	r1, r22
    902c:	17 06       	cpc	r1, r23
    902e:	e8 07       	cpc	r30, r24
    9030:	f9 07       	cpc	r31, r25
    9032:	c0 f0       	brcs	.+48     	; 0x9064 <__fp_cmp+0x46>
    9034:	12 16       	cp	r1, r18
    9036:	13 06       	cpc	r1, r19
    9038:	e4 07       	cpc	r30, r20
    903a:	f5 07       	cpc	r31, r21
    903c:	98 f0       	brcs	.+38     	; 0x9064 <__fp_cmp+0x46>
    903e:	62 1b       	sub	r22, r18
    9040:	73 0b       	sbc	r23, r19
    9042:	84 0b       	sbc	r24, r20
    9044:	95 0b       	sbc	r25, r21
    9046:	39 f4       	brne	.+14     	; 0x9056 <__fp_cmp+0x38>
    9048:	0a 26       	eor	r0, r26
    904a:	61 f0       	breq	.+24     	; 0x9064 <__fp_cmp+0x46>
    904c:	23 2b       	or	r18, r19
    904e:	24 2b       	or	r18, r20
    9050:	25 2b       	or	r18, r21
    9052:	21 f4       	brne	.+8      	; 0x905c <__fp_cmp+0x3e>
    9054:	08 95       	ret
    9056:	0a 26       	eor	r0, r26
    9058:	09 f4       	brne	.+2      	; 0x905c <__fp_cmp+0x3e>
    905a:	a1 40       	sbci	r26, 0x01	; 1
    905c:	a6 95       	lsr	r26
    905e:	8f ef       	ldi	r24, 0xFF	; 255
    9060:	81 1d       	adc	r24, r1
    9062:	81 1d       	adc	r24, r1
    9064:	08 95       	ret

00009066 <__fp_inf>:
    9066:	97 f9       	bld	r25, 7
    9068:	9f 67       	ori	r25, 0x7F	; 127
    906a:	80 e8       	ldi	r24, 0x80	; 128
    906c:	70 e0       	ldi	r23, 0x00	; 0
    906e:	60 e0       	ldi	r22, 0x00	; 0
    9070:	08 95       	ret

00009072 <__fp_nan>:
    9072:	9f ef       	ldi	r25, 0xFF	; 255
    9074:	80 ec       	ldi	r24, 0xC0	; 192
    9076:	08 95       	ret

00009078 <__fp_powser>:
    9078:	df 93       	push	r29
    907a:	cf 93       	push	r28
    907c:	1f 93       	push	r17
    907e:	0f 93       	push	r16
    9080:	ff 92       	push	r15
    9082:	ef 92       	push	r14
    9084:	df 92       	push	r13
    9086:	7b 01       	movw	r14, r22
    9088:	8c 01       	movw	r16, r24
    908a:	68 94       	set
    908c:	05 c0       	rjmp	.+10     	; 0x9098 <__fp_powser+0x20>
    908e:	da 2e       	mov	r13, r26
    9090:	ef 01       	movw	r28, r30
    9092:	24 d1       	rcall	.+584    	; 0x92dc <__mulsf3x>
    9094:	fe 01       	movw	r30, r28
    9096:	e8 94       	clt
    9098:	a5 91       	lpm	r26, Z+
    909a:	25 91       	lpm	r18, Z+
    909c:	35 91       	lpm	r19, Z+
    909e:	45 91       	lpm	r20, Z+
    90a0:	55 91       	lpm	r21, Z+
    90a2:	ae f3       	brts	.-22     	; 0x908e <__fp_powser+0x16>
    90a4:	ef 01       	movw	r28, r30
    90a6:	5d de       	rcall	.-838    	; 0x8d62 <__addsf3x>
    90a8:	fe 01       	movw	r30, r28
    90aa:	97 01       	movw	r18, r14
    90ac:	a8 01       	movw	r20, r16
    90ae:	da 94       	dec	r13
    90b0:	79 f7       	brne	.-34     	; 0x9090 <__fp_powser+0x18>
    90b2:	df 90       	pop	r13
    90b4:	ef 90       	pop	r14
    90b6:	ff 90       	pop	r15
    90b8:	0f 91       	pop	r16
    90ba:	1f 91       	pop	r17
    90bc:	cf 91       	pop	r28
    90be:	df 91       	pop	r29
    90c0:	08 95       	ret

000090c2 <__fp_pscA>:
    90c2:	00 24       	eor	r0, r0
    90c4:	0a 94       	dec	r0
    90c6:	16 16       	cp	r1, r22
    90c8:	17 06       	cpc	r1, r23
    90ca:	18 06       	cpc	r1, r24
    90cc:	09 06       	cpc	r0, r25
    90ce:	08 95       	ret

000090d0 <__fp_pscB>:
    90d0:	00 24       	eor	r0, r0
    90d2:	0a 94       	dec	r0
    90d4:	12 16       	cp	r1, r18
    90d6:	13 06       	cpc	r1, r19
    90d8:	14 06       	cpc	r1, r20
    90da:	05 06       	cpc	r0, r21
    90dc:	08 95       	ret

000090de <__fp_round>:
    90de:	09 2e       	mov	r0, r25
    90e0:	03 94       	inc	r0
    90e2:	00 0c       	add	r0, r0
    90e4:	11 f4       	brne	.+4      	; 0x90ea <__fp_round+0xc>
    90e6:	88 23       	and	r24, r24
    90e8:	52 f0       	brmi	.+20     	; 0x90fe <__fp_round+0x20>
    90ea:	bb 0f       	add	r27, r27
    90ec:	40 f4       	brcc	.+16     	; 0x90fe <__fp_round+0x20>
    90ee:	bf 2b       	or	r27, r31
    90f0:	11 f4       	brne	.+4      	; 0x90f6 <__fp_round+0x18>
    90f2:	60 ff       	sbrs	r22, 0
    90f4:	04 c0       	rjmp	.+8      	; 0x90fe <__fp_round+0x20>
    90f6:	6f 5f       	subi	r22, 0xFF	; 255
    90f8:	7f 4f       	sbci	r23, 0xFF	; 255
    90fa:	8f 4f       	sbci	r24, 0xFF	; 255
    90fc:	9f 4f       	sbci	r25, 0xFF	; 255
    90fe:	08 95       	ret

00009100 <__fp_split3>:
    9100:	57 fd       	sbrc	r21, 7
    9102:	90 58       	subi	r25, 0x80	; 128
    9104:	44 0f       	add	r20, r20
    9106:	55 1f       	adc	r21, r21
    9108:	59 f0       	breq	.+22     	; 0x9120 <__fp_splitA+0x10>
    910a:	5f 3f       	cpi	r21, 0xFF	; 255
    910c:	71 f0       	breq	.+28     	; 0x912a <__fp_splitA+0x1a>
    910e:	47 95       	ror	r20

00009110 <__fp_splitA>:
    9110:	88 0f       	add	r24, r24
    9112:	97 fb       	bst	r25, 7
    9114:	99 1f       	adc	r25, r25
    9116:	61 f0       	breq	.+24     	; 0x9130 <__fp_splitA+0x20>
    9118:	9f 3f       	cpi	r25, 0xFF	; 255
    911a:	79 f0       	breq	.+30     	; 0x913a <__fp_splitA+0x2a>
    911c:	87 95       	ror	r24
    911e:	08 95       	ret
    9120:	12 16       	cp	r1, r18
    9122:	13 06       	cpc	r1, r19
    9124:	14 06       	cpc	r1, r20
    9126:	55 1f       	adc	r21, r21
    9128:	f2 cf       	rjmp	.-28     	; 0x910e <__fp_split3+0xe>
    912a:	46 95       	lsr	r20
    912c:	f1 df       	rcall	.-30     	; 0x9110 <__fp_splitA>
    912e:	08 c0       	rjmp	.+16     	; 0x9140 <__fp_splitA+0x30>
    9130:	16 16       	cp	r1, r22
    9132:	17 06       	cpc	r1, r23
    9134:	18 06       	cpc	r1, r24
    9136:	99 1f       	adc	r25, r25
    9138:	f1 cf       	rjmp	.-30     	; 0x911c <__fp_splitA+0xc>
    913a:	86 95       	lsr	r24
    913c:	71 05       	cpc	r23, r1
    913e:	61 05       	cpc	r22, r1
    9140:	08 94       	sec
    9142:	08 95       	ret

00009144 <__fp_zero>:
    9144:	e8 94       	clt

00009146 <__fp_szero>:
    9146:	bb 27       	eor	r27, r27
    9148:	66 27       	eor	r22, r22
    914a:	77 27       	eor	r23, r23
    914c:	cb 01       	movw	r24, r22
    914e:	97 f9       	bld	r25, 7
    9150:	08 95       	ret

00009152 <__gesf2>:
    9152:	65 df       	rcall	.-310    	; 0x901e <__fp_cmp>
    9154:	08 f4       	brcc	.+2      	; 0x9158 <__gesf2+0x6>
    9156:	8f ef       	ldi	r24, 0xFF	; 255
    9158:	08 95       	ret

0000915a <inverse>:
    915a:	9b 01       	movw	r18, r22
    915c:	ac 01       	movw	r20, r24
    915e:	60 e0       	ldi	r22, 0x00	; 0
    9160:	70 e0       	ldi	r23, 0x00	; 0
    9162:	80 e8       	ldi	r24, 0x80	; 128
    9164:	9f e3       	ldi	r25, 0x3F	; 63
    9166:	54 ce       	rjmp	.-856    	; 0x8e10 <__divsf3>
    9168:	7e cf       	rjmp	.-260    	; 0x9066 <__fp_inf>
    916a:	50 c1       	rjmp	.+672    	; 0x940c <__fp_mpack>

0000916c <ldexp>:
    916c:	d1 df       	rcall	.-94     	; 0x9110 <__fp_splitA>
    916e:	e8 f3       	brcs	.-6      	; 0x916a <inverse+0x10>
    9170:	99 23       	and	r25, r25
    9172:	d9 f3       	breq	.-10     	; 0x916a <inverse+0x10>
    9174:	94 0f       	add	r25, r20
    9176:	51 1d       	adc	r21, r1
    9178:	bb f3       	brvs	.-18     	; 0x9168 <inverse+0xe>
    917a:	91 50       	subi	r25, 0x01	; 1
    917c:	50 40       	sbci	r21, 0x00	; 0
    917e:	94 f0       	brlt	.+36     	; 0x91a4 <ldexp+0x38>
    9180:	59 f0       	breq	.+22     	; 0x9198 <ldexp+0x2c>
    9182:	88 23       	and	r24, r24
    9184:	32 f0       	brmi	.+12     	; 0x9192 <ldexp+0x26>
    9186:	66 0f       	add	r22, r22
    9188:	77 1f       	adc	r23, r23
    918a:	88 1f       	adc	r24, r24
    918c:	91 50       	subi	r25, 0x01	; 1
    918e:	50 40       	sbci	r21, 0x00	; 0
    9190:	c1 f7       	brne	.-16     	; 0x9182 <ldexp+0x16>
    9192:	9e 3f       	cpi	r25, 0xFE	; 254
    9194:	51 05       	cpc	r21, r1
    9196:	44 f7       	brge	.-48     	; 0x9168 <inverse+0xe>
    9198:	88 0f       	add	r24, r24
    919a:	91 1d       	adc	r25, r1
    919c:	96 95       	lsr	r25
    919e:	87 95       	ror	r24
    91a0:	97 f9       	bld	r25, 7
    91a2:	08 95       	ret
    91a4:	5f 3f       	cpi	r21, 0xFF	; 255
    91a6:	ac f0       	brlt	.+42     	; 0x91d2 <ldexp+0x66>
    91a8:	98 3e       	cpi	r25, 0xE8	; 232
    91aa:	9c f0       	brlt	.+38     	; 0x91d2 <ldexp+0x66>
    91ac:	bb 27       	eor	r27, r27
    91ae:	86 95       	lsr	r24
    91b0:	77 95       	ror	r23
    91b2:	67 95       	ror	r22
    91b4:	b7 95       	ror	r27
    91b6:	08 f4       	brcc	.+2      	; 0x91ba <ldexp+0x4e>
    91b8:	b1 60       	ori	r27, 0x01	; 1
    91ba:	93 95       	inc	r25
    91bc:	c1 f7       	brne	.-16     	; 0x91ae <ldexp+0x42>
    91be:	bb 0f       	add	r27, r27
    91c0:	58 f7       	brcc	.-42     	; 0x9198 <ldexp+0x2c>
    91c2:	11 f4       	brne	.+4      	; 0x91c8 <ldexp+0x5c>
    91c4:	60 ff       	sbrs	r22, 0
    91c6:	e8 cf       	rjmp	.-48     	; 0x9198 <ldexp+0x2c>
    91c8:	6f 5f       	subi	r22, 0xFF	; 255
    91ca:	7f 4f       	sbci	r23, 0xFF	; 255
    91cc:	8f 4f       	sbci	r24, 0xFF	; 255
    91ce:	9f 4f       	sbci	r25, 0xFF	; 255
    91d0:	e3 cf       	rjmp	.-58     	; 0x9198 <ldexp+0x2c>
    91d2:	b9 cf       	rjmp	.-142    	; 0x9146 <__fp_szero>
    91d4:	0e f0       	brts	.+2      	; 0x91d8 <ldexp+0x6c>
    91d6:	1a c1       	rjmp	.+564    	; 0x940c <__fp_mpack>
    91d8:	4c cf       	rjmp	.-360    	; 0x9072 <__fp_nan>
    91da:	68 94       	set
    91dc:	44 cf       	rjmp	.-376    	; 0x9066 <__fp_inf>

000091de <log>:
    91de:	98 df       	rcall	.-208    	; 0x9110 <__fp_splitA>
    91e0:	c8 f3       	brcs	.-14     	; 0x91d4 <ldexp+0x68>
    91e2:	99 23       	and	r25, r25
    91e4:	d1 f3       	breq	.-12     	; 0x91da <ldexp+0x6e>
    91e6:	c6 f3       	brts	.-16     	; 0x91d8 <ldexp+0x6c>
    91e8:	df 93       	push	r29
    91ea:	cf 93       	push	r28
    91ec:	1f 93       	push	r17
    91ee:	0f 93       	push	r16
    91f0:	ff 92       	push	r15
    91f2:	c9 2f       	mov	r28, r25
    91f4:	dd 27       	eor	r29, r29
    91f6:	88 23       	and	r24, r24
    91f8:	2a f0       	brmi	.+10     	; 0x9204 <log+0x26>
    91fa:	21 97       	sbiw	r28, 0x01	; 1
    91fc:	66 0f       	add	r22, r22
    91fe:	77 1f       	adc	r23, r23
    9200:	88 1f       	adc	r24, r24
    9202:	da f7       	brpl	.-10     	; 0x91fa <log+0x1c>
    9204:	20 e0       	ldi	r18, 0x00	; 0
    9206:	30 e0       	ldi	r19, 0x00	; 0
    9208:	40 e8       	ldi	r20, 0x80	; 128
    920a:	5f eb       	ldi	r21, 0xBF	; 191
    920c:	9f e3       	ldi	r25, 0x3F	; 63
    920e:	88 39       	cpi	r24, 0x98	; 152
    9210:	20 f0       	brcs	.+8      	; 0x921a <log+0x3c>
    9212:	80 3e       	cpi	r24, 0xE0	; 224
    9214:	30 f0       	brcs	.+12     	; 0x9222 <log+0x44>
    9216:	21 96       	adiw	r28, 0x01	; 1
    9218:	8f 77       	andi	r24, 0x7F	; 127
    921a:	92 dd       	rcall	.-1244   	; 0x8d40 <__addsf3>
    921c:	e4 eb       	ldi	r30, 0xB4	; 180
    921e:	f0 e0       	ldi	r31, 0x00	; 0
    9220:	03 c0       	rjmp	.+6      	; 0x9228 <log+0x4a>
    9222:	8e dd       	rcall	.-1252   	; 0x8d40 <__addsf3>
    9224:	e1 ee       	ldi	r30, 0xE1	; 225
    9226:	f0 e0       	ldi	r31, 0x00	; 0
    9228:	27 df       	rcall	.-434    	; 0x9078 <__fp_powser>
    922a:	8b 01       	movw	r16, r22
    922c:	be 01       	movw	r22, r28
    922e:	ec 01       	movw	r28, r24
    9230:	fb 2e       	mov	r15, r27
    9232:	6f 57       	subi	r22, 0x7F	; 127
    9234:	71 09       	sbc	r23, r1
    9236:	75 95       	asr	r23
    9238:	77 1f       	adc	r23, r23
    923a:	88 0b       	sbc	r24, r24
    923c:	99 0b       	sbc	r25, r25
    923e:	b4 de       	rcall	.-664    	; 0x8fa8 <__floatsisf>
    9240:	28 e1       	ldi	r18, 0x18	; 24
    9242:	32 e7       	ldi	r19, 0x72	; 114
    9244:	41 e3       	ldi	r20, 0x31	; 49
    9246:	5f e3       	ldi	r21, 0x3F	; 63
    9248:	49 d0       	rcall	.+146    	; 0x92dc <__mulsf3x>
    924a:	af 2d       	mov	r26, r15
    924c:	98 01       	movw	r18, r16
    924e:	ae 01       	movw	r20, r28
    9250:	ff 90       	pop	r15
    9252:	0f 91       	pop	r16
    9254:	1f 91       	pop	r17
    9256:	cf 91       	pop	r28
    9258:	df 91       	pop	r29
    925a:	83 dd       	rcall	.-1274   	; 0x8d62 <__addsf3x>
    925c:	40 cf       	rjmp	.-384    	; 0x90de <__fp_round>

0000925e <modf>:
    925e:	fa 01       	movw	r30, r20
    9260:	dc 01       	movw	r26, r24
    9262:	aa 0f       	add	r26, r26
    9264:	bb 1f       	adc	r27, r27
    9266:	9b 01       	movw	r18, r22
    9268:	ac 01       	movw	r20, r24
    926a:	bf 57       	subi	r27, 0x7F	; 127
    926c:	28 f4       	brcc	.+10     	; 0x9278 <modf+0x1a>
    926e:	22 27       	eor	r18, r18
    9270:	33 27       	eor	r19, r19
    9272:	44 27       	eor	r20, r20
    9274:	50 78       	andi	r21, 0x80	; 128
    9276:	1f c0       	rjmp	.+62     	; 0x92b6 <modf+0x58>
    9278:	b7 51       	subi	r27, 0x17	; 23
    927a:	88 f4       	brcc	.+34     	; 0x929e <modf+0x40>
    927c:	ab 2f       	mov	r26, r27
    927e:	00 24       	eor	r0, r0
    9280:	46 95       	lsr	r20
    9282:	37 95       	ror	r19
    9284:	27 95       	ror	r18
    9286:	01 1c       	adc	r0, r1
    9288:	a3 95       	inc	r26
    928a:	d2 f3       	brmi	.-12     	; 0x9280 <modf+0x22>
    928c:	00 20       	and	r0, r0
    928e:	69 f0       	breq	.+26     	; 0x92aa <modf+0x4c>
    9290:	22 0f       	add	r18, r18
    9292:	33 1f       	adc	r19, r19
    9294:	44 1f       	adc	r20, r20
    9296:	b3 95       	inc	r27
    9298:	da f3       	brmi	.-10     	; 0x9290 <modf+0x32>
    929a:	0d d0       	rcall	.+26     	; 0x92b6 <modf+0x58>
    929c:	50 cd       	rjmp	.-1376   	; 0x8d3e <__subsf3>
    929e:	61 30       	cpi	r22, 0x01	; 1
    92a0:	71 05       	cpc	r23, r1
    92a2:	a0 e8       	ldi	r26, 0x80	; 128
    92a4:	8a 07       	cpc	r24, r26
    92a6:	b9 46       	sbci	r27, 0x69	; 105
    92a8:	30 f4       	brcc	.+12     	; 0x92b6 <modf+0x58>
    92aa:	9b 01       	movw	r18, r22
    92ac:	ac 01       	movw	r20, r24
    92ae:	66 27       	eor	r22, r22
    92b0:	77 27       	eor	r23, r23
    92b2:	88 27       	eor	r24, r24
    92b4:	90 78       	andi	r25, 0x80	; 128
    92b6:	30 96       	adiw	r30, 0x00	; 0
    92b8:	21 f0       	breq	.+8      	; 0x92c2 <modf+0x64>
    92ba:	20 83       	st	Z, r18
    92bc:	31 83       	std	Z+1, r19	; 0x01
    92be:	42 83       	std	Z+2, r20	; 0x02
    92c0:	53 83       	std	Z+3, r21	; 0x03
    92c2:	08 95       	ret

000092c4 <__mulsf3>:
    92c4:	0b d0       	rcall	.+22     	; 0x92dc <__mulsf3x>
    92c6:	0b cf       	rjmp	.-490    	; 0x90de <__fp_round>
    92c8:	fc de       	rcall	.-520    	; 0x90c2 <__fp_pscA>
    92ca:	28 f0       	brcs	.+10     	; 0x92d6 <__mulsf3+0x12>
    92cc:	01 df       	rcall	.-510    	; 0x90d0 <__fp_pscB>
    92ce:	18 f0       	brcs	.+6      	; 0x92d6 <__mulsf3+0x12>
    92d0:	95 23       	and	r25, r21
    92d2:	09 f0       	breq	.+2      	; 0x92d6 <__mulsf3+0x12>
    92d4:	c8 ce       	rjmp	.-624    	; 0x9066 <__fp_inf>
    92d6:	cd ce       	rjmp	.-614    	; 0x9072 <__fp_nan>
    92d8:	11 24       	eor	r1, r1
    92da:	35 cf       	rjmp	.-406    	; 0x9146 <__fp_szero>

000092dc <__mulsf3x>:
    92dc:	11 df       	rcall	.-478    	; 0x9100 <__fp_split3>
    92de:	a0 f3       	brcs	.-24     	; 0x92c8 <__mulsf3+0x4>

000092e0 <__mulsf3_pse>:
    92e0:	95 9f       	mul	r25, r21
    92e2:	d1 f3       	breq	.-12     	; 0x92d8 <__mulsf3+0x14>
    92e4:	95 0f       	add	r25, r21
    92e6:	50 e0       	ldi	r21, 0x00	; 0
    92e8:	55 1f       	adc	r21, r21
    92ea:	62 9f       	mul	r22, r18
    92ec:	f0 01       	movw	r30, r0
    92ee:	72 9f       	mul	r23, r18
    92f0:	bb 27       	eor	r27, r27
    92f2:	f0 0d       	add	r31, r0
    92f4:	b1 1d       	adc	r27, r1
    92f6:	63 9f       	mul	r22, r19
    92f8:	aa 27       	eor	r26, r26
    92fa:	f0 0d       	add	r31, r0
    92fc:	b1 1d       	adc	r27, r1
    92fe:	aa 1f       	adc	r26, r26
    9300:	64 9f       	mul	r22, r20
    9302:	66 27       	eor	r22, r22
    9304:	b0 0d       	add	r27, r0
    9306:	a1 1d       	adc	r26, r1
    9308:	66 1f       	adc	r22, r22
    930a:	82 9f       	mul	r24, r18
    930c:	22 27       	eor	r18, r18
    930e:	b0 0d       	add	r27, r0
    9310:	a1 1d       	adc	r26, r1
    9312:	62 1f       	adc	r22, r18
    9314:	73 9f       	mul	r23, r19
    9316:	b0 0d       	add	r27, r0
    9318:	a1 1d       	adc	r26, r1
    931a:	62 1f       	adc	r22, r18
    931c:	83 9f       	mul	r24, r19
    931e:	a0 0d       	add	r26, r0
    9320:	61 1d       	adc	r22, r1
    9322:	22 1f       	adc	r18, r18
    9324:	74 9f       	mul	r23, r20
    9326:	33 27       	eor	r19, r19
    9328:	a0 0d       	add	r26, r0
    932a:	61 1d       	adc	r22, r1
    932c:	23 1f       	adc	r18, r19
    932e:	84 9f       	mul	r24, r20
    9330:	60 0d       	add	r22, r0
    9332:	21 1d       	adc	r18, r1
    9334:	82 2f       	mov	r24, r18
    9336:	76 2f       	mov	r23, r22
    9338:	6a 2f       	mov	r22, r26
    933a:	11 24       	eor	r1, r1
    933c:	9f 57       	subi	r25, 0x7F	; 127
    933e:	50 40       	sbci	r21, 0x00	; 0
    9340:	8a f0       	brmi	.+34     	; 0x9364 <__mulsf3_pse+0x84>
    9342:	e1 f0       	breq	.+56     	; 0x937c <__mulsf3_pse+0x9c>
    9344:	88 23       	and	r24, r24
    9346:	4a f0       	brmi	.+18     	; 0x935a <__mulsf3_pse+0x7a>
    9348:	ee 0f       	add	r30, r30
    934a:	ff 1f       	adc	r31, r31
    934c:	bb 1f       	adc	r27, r27
    934e:	66 1f       	adc	r22, r22
    9350:	77 1f       	adc	r23, r23
    9352:	88 1f       	adc	r24, r24
    9354:	91 50       	subi	r25, 0x01	; 1
    9356:	50 40       	sbci	r21, 0x00	; 0
    9358:	a9 f7       	brne	.-22     	; 0x9344 <__mulsf3_pse+0x64>
    935a:	9e 3f       	cpi	r25, 0xFE	; 254
    935c:	51 05       	cpc	r21, r1
    935e:	70 f0       	brcs	.+28     	; 0x937c <__mulsf3_pse+0x9c>
    9360:	82 ce       	rjmp	.-764    	; 0x9066 <__fp_inf>
    9362:	f1 ce       	rjmp	.-542    	; 0x9146 <__fp_szero>
    9364:	5f 3f       	cpi	r21, 0xFF	; 255
    9366:	ec f3       	brlt	.-6      	; 0x9362 <__mulsf3_pse+0x82>
    9368:	98 3e       	cpi	r25, 0xE8	; 232
    936a:	dc f3       	brlt	.-10     	; 0x9362 <__mulsf3_pse+0x82>
    936c:	86 95       	lsr	r24
    936e:	77 95       	ror	r23
    9370:	67 95       	ror	r22
    9372:	b7 95       	ror	r27
    9374:	f7 95       	ror	r31
    9376:	e7 95       	ror	r30
    9378:	9f 5f       	subi	r25, 0xFF	; 255
    937a:	c1 f7       	brne	.-16     	; 0x936c <__mulsf3_pse+0x8c>
    937c:	fe 2b       	or	r31, r30
    937e:	88 0f       	add	r24, r24
    9380:	91 1d       	adc	r25, r1
    9382:	96 95       	lsr	r25
    9384:	87 95       	ror	r24
    9386:	97 f9       	bld	r25, 7
    9388:	08 95       	ret

0000938a <round>:
    938a:	c2 de       	rcall	.-636    	; 0x9110 <__fp_splitA>
    938c:	e0 f0       	brcs	.+56     	; 0x93c6 <round+0x3c>
    938e:	9e 37       	cpi	r25, 0x7E	; 126
    9390:	d8 f0       	brcs	.+54     	; 0x93c8 <round+0x3e>
    9392:	96 39       	cpi	r25, 0x96	; 150
    9394:	b8 f4       	brcc	.+46     	; 0x93c4 <round+0x3a>
    9396:	9e 38       	cpi	r25, 0x8E	; 142
    9398:	48 f4       	brcc	.+18     	; 0x93ac <round+0x22>
    939a:	67 2f       	mov	r22, r23
    939c:	78 2f       	mov	r23, r24
    939e:	88 27       	eor	r24, r24
    93a0:	98 5f       	subi	r25, 0xF8	; 248
    93a2:	f9 cf       	rjmp	.-14     	; 0x9396 <round+0xc>
    93a4:	86 95       	lsr	r24
    93a6:	77 95       	ror	r23
    93a8:	67 95       	ror	r22
    93aa:	93 95       	inc	r25
    93ac:	95 39       	cpi	r25, 0x95	; 149
    93ae:	d0 f3       	brcs	.-12     	; 0x93a4 <round+0x1a>
    93b0:	b6 2f       	mov	r27, r22
    93b2:	b1 70       	andi	r27, 0x01	; 1
    93b4:	6b 0f       	add	r22, r27
    93b6:	71 1d       	adc	r23, r1
    93b8:	81 1d       	adc	r24, r1
    93ba:	20 f4       	brcc	.+8      	; 0x93c4 <round+0x3a>
    93bc:	87 95       	ror	r24
    93be:	77 95       	ror	r23
    93c0:	67 95       	ror	r22
    93c2:	93 95       	inc	r25
    93c4:	08 c0       	rjmp	.+16     	; 0x93d6 <__fp_mintl>
    93c6:	22 c0       	rjmp	.+68     	; 0x940c <__fp_mpack>
    93c8:	be ce       	rjmp	.-644    	; 0x9146 <__fp_szero>

000093ca <sin>:
    93ca:	9f 93       	push	r25
    93cc:	2e d0       	rcall	.+92     	; 0x942a <__fp_rempio2>
    93ce:	0f 90       	pop	r0
    93d0:	07 fc       	sbrc	r0, 7
    93d2:	ee 5f       	subi	r30, 0xFE	; 254
    93d4:	51 c0       	rjmp	.+162    	; 0x9478 <__fp_sinus>

000093d6 <__fp_mintl>:
    93d6:	88 23       	and	r24, r24
    93d8:	71 f4       	brne	.+28     	; 0x93f6 <__fp_mintl+0x20>
    93da:	77 23       	and	r23, r23
    93dc:	21 f0       	breq	.+8      	; 0x93e6 <__fp_mintl+0x10>
    93de:	98 50       	subi	r25, 0x08	; 8
    93e0:	87 2b       	or	r24, r23
    93e2:	76 2f       	mov	r23, r22
    93e4:	07 c0       	rjmp	.+14     	; 0x93f4 <__fp_mintl+0x1e>
    93e6:	66 23       	and	r22, r22
    93e8:	11 f4       	brne	.+4      	; 0x93ee <__fp_mintl+0x18>
    93ea:	99 27       	eor	r25, r25
    93ec:	0d c0       	rjmp	.+26     	; 0x9408 <__fp_mintl+0x32>
    93ee:	90 51       	subi	r25, 0x10	; 16
    93f0:	86 2b       	or	r24, r22
    93f2:	70 e0       	ldi	r23, 0x00	; 0
    93f4:	60 e0       	ldi	r22, 0x00	; 0
    93f6:	2a f0       	brmi	.+10     	; 0x9402 <__fp_mintl+0x2c>
    93f8:	9a 95       	dec	r25
    93fa:	66 0f       	add	r22, r22
    93fc:	77 1f       	adc	r23, r23
    93fe:	88 1f       	adc	r24, r24
    9400:	da f7       	brpl	.-10     	; 0x93f8 <__fp_mintl+0x22>
    9402:	88 0f       	add	r24, r24
    9404:	96 95       	lsr	r25
    9406:	87 95       	ror	r24
    9408:	97 f9       	bld	r25, 7
    940a:	08 95       	ret

0000940c <__fp_mpack>:
    940c:	9f 3f       	cpi	r25, 0xFF	; 255
    940e:	31 f0       	breq	.+12     	; 0x941c <__fp_mpack_finite+0xc>

00009410 <__fp_mpack_finite>:
    9410:	91 50       	subi	r25, 0x01	; 1
    9412:	20 f4       	brcc	.+8      	; 0x941c <__fp_mpack_finite+0xc>
    9414:	87 95       	ror	r24
    9416:	77 95       	ror	r23
    9418:	67 95       	ror	r22
    941a:	b7 95       	ror	r27
    941c:	88 0f       	add	r24, r24
    941e:	91 1d       	adc	r25, r1
    9420:	96 95       	lsr	r25
    9422:	87 95       	ror	r24
    9424:	97 f9       	bld	r25, 7
    9426:	08 95       	ret
    9428:	24 ce       	rjmp	.-952    	; 0x9072 <__fp_nan>

0000942a <__fp_rempio2>:
    942a:	72 de       	rcall	.-796    	; 0x9110 <__fp_splitA>
    942c:	e8 f3       	brcs	.-6      	; 0x9428 <__fp_mpack_finite+0x18>
    942e:	e8 94       	clt
    9430:	e0 e0       	ldi	r30, 0x00	; 0
    9432:	bb 27       	eor	r27, r27
    9434:	9f 57       	subi	r25, 0x7F	; 127
    9436:	f0 f0       	brcs	.+60     	; 0x9474 <__fp_rempio2+0x4a>
    9438:	2a ed       	ldi	r18, 0xDA	; 218
    943a:	3f e0       	ldi	r19, 0x0F	; 15
    943c:	49 ec       	ldi	r20, 0xC9	; 201
    943e:	06 c0       	rjmp	.+12     	; 0x944c <__fp_rempio2+0x22>
    9440:	ee 0f       	add	r30, r30
    9442:	bb 0f       	add	r27, r27
    9444:	66 1f       	adc	r22, r22
    9446:	77 1f       	adc	r23, r23
    9448:	88 1f       	adc	r24, r24
    944a:	28 f0       	brcs	.+10     	; 0x9456 <__fp_rempio2+0x2c>
    944c:	b2 3a       	cpi	r27, 0xA2	; 162
    944e:	62 07       	cpc	r22, r18
    9450:	73 07       	cpc	r23, r19
    9452:	84 07       	cpc	r24, r20
    9454:	28 f0       	brcs	.+10     	; 0x9460 <__fp_rempio2+0x36>
    9456:	b2 5a       	subi	r27, 0xA2	; 162
    9458:	62 0b       	sbc	r22, r18
    945a:	73 0b       	sbc	r23, r19
    945c:	84 0b       	sbc	r24, r20
    945e:	e3 95       	inc	r30
    9460:	9a 95       	dec	r25
    9462:	72 f7       	brpl	.-36     	; 0x9440 <__fp_rempio2+0x16>
    9464:	80 38       	cpi	r24, 0x80	; 128
    9466:	30 f4       	brcc	.+12     	; 0x9474 <__fp_rempio2+0x4a>
    9468:	9a 95       	dec	r25
    946a:	bb 0f       	add	r27, r27
    946c:	66 1f       	adc	r22, r22
    946e:	77 1f       	adc	r23, r23
    9470:	88 1f       	adc	r24, r24
    9472:	d2 f7       	brpl	.-12     	; 0x9468 <__fp_rempio2+0x3e>
    9474:	90 48       	sbci	r25, 0x80	; 128
    9476:	cc cf       	rjmp	.-104    	; 0x9410 <__fp_mpack_finite>

00009478 <__fp_sinus>:
    9478:	ef 93       	push	r30
    947a:	e0 ff       	sbrs	r30, 0
    947c:	06 c0       	rjmp	.+12     	; 0x948a <__fp_sinus+0x12>
    947e:	a2 ea       	ldi	r26, 0xA2	; 162
    9480:	2a ed       	ldi	r18, 0xDA	; 218
    9482:	3f e0       	ldi	r19, 0x0F	; 15
    9484:	49 ec       	ldi	r20, 0xC9	; 201
    9486:	5f eb       	ldi	r21, 0xBF	; 191
    9488:	6c dc       	rcall	.-1832   	; 0x8d62 <__addsf3x>
    948a:	29 de       	rcall	.-942    	; 0x90de <__fp_round>
    948c:	0f 90       	pop	r0
    948e:	03 94       	inc	r0
    9490:	01 fc       	sbrc	r0, 1
    9492:	90 58       	subi	r25, 0x80	; 128
    9494:	ee e0       	ldi	r30, 0x0E	; 14
    9496:	f1 e0       	ldi	r31, 0x01	; 1
    9498:	00 c0       	rjmp	.+0      	; 0x949a <__fp_powsodd>

0000949a <__fp_powsodd>:
    949a:	9f 93       	push	r25
    949c:	8f 93       	push	r24
    949e:	7f 93       	push	r23
    94a0:	6f 93       	push	r22
    94a2:	ff 93       	push	r31
    94a4:	ef 93       	push	r30
    94a6:	9b 01       	movw	r18, r22
    94a8:	ac 01       	movw	r20, r24
    94aa:	0c df       	rcall	.-488    	; 0x92c4 <__mulsf3>
    94ac:	ef 91       	pop	r30
    94ae:	ff 91       	pop	r31
    94b0:	e3 dd       	rcall	.-1082   	; 0x9078 <__fp_powser>
    94b2:	2f 91       	pop	r18
    94b4:	3f 91       	pop	r19
    94b6:	4f 91       	pop	r20
    94b8:	5f 91       	pop	r21
    94ba:	04 cf       	rjmp	.-504    	; 0x92c4 <__mulsf3>

000094bc <dtostre>:
    94bc:	cf 92       	push	r12
    94be:	df 92       	push	r13
    94c0:	ff 92       	push	r15
    94c2:	0f 93       	push	r16
    94c4:	1f 93       	push	r17
    94c6:	cf 93       	push	r28
    94c8:	df 93       	push	r29
    94ca:	ea 01       	movw	r28, r20
    94cc:	f0 2e       	mov	r15, r16
    94ce:	12 2f       	mov	r17, r18
    94d0:	28 30       	cpi	r18, 0x08	; 8
    94d2:	08 f0       	brcs	.+2      	; 0x94d6 <dtostre+0x1a>
    94d4:	17 e0       	ldi	r17, 0x07	; 7
    94d6:	00 e0       	ldi	r16, 0x00	; 0
    94d8:	21 2f       	mov	r18, r17
    94da:	ae 01       	movw	r20, r28
    94dc:	ba d0       	rcall	.+372    	; 0x9652 <__ftoa_engine>
    94de:	98 81       	ld	r25, Y
    94e0:	29 2f       	mov	r18, r25
    94e2:	28 70       	andi	r18, 0x08	; 8
    94e4:	de 01       	movw	r26, r28
    94e6:	90 ff       	sbrs	r25, 0
    94e8:	06 c0       	rjmp	.+12     	; 0x94f6 <dtostre+0x3a>
    94ea:	21 11       	cpse	r18, r1
    94ec:	04 c0       	rjmp	.+8      	; 0x94f6 <dtostre+0x3a>
    94ee:	11 96       	adiw	r26, 0x01	; 1
    94f0:	2d e2       	ldi	r18, 0x2D	; 45
    94f2:	28 83       	st	Y, r18
    94f4:	0c c0       	rjmp	.+24     	; 0x950e <dtostre+0x52>
    94f6:	f1 fe       	sbrs	r15, 1
    94f8:	03 c0       	rjmp	.+6      	; 0x9500 <dtostre+0x44>
    94fa:	11 96       	adiw	r26, 0x01	; 1
    94fc:	3b e2       	ldi	r19, 0x2B	; 43
    94fe:	04 c0       	rjmp	.+8      	; 0x9508 <dtostre+0x4c>
    9500:	f0 fe       	sbrs	r15, 0
    9502:	03 c0       	rjmp	.+6      	; 0x950a <dtostre+0x4e>
    9504:	11 96       	adiw	r26, 0x01	; 1
    9506:	30 e2       	ldi	r19, 0x20	; 32
    9508:	38 83       	st	Y, r19
    950a:	21 11       	cpse	r18, r1
    950c:	05 c0       	rjmp	.+10     	; 0x9518 <dtostre+0x5c>
    950e:	92 ff       	sbrs	r25, 2
    9510:	0c c0       	rjmp	.+24     	; 0x952a <dtostre+0x6e>
    9512:	6c e2       	ldi	r22, 0x2C	; 44
    9514:	71 e0       	ldi	r23, 0x01	; 1
    9516:	02 c0       	rjmp	.+4      	; 0x951c <dtostre+0x60>
    9518:	64 e3       	ldi	r22, 0x34	; 52
    951a:	71 e0       	ldi	r23, 0x01	; 1
    951c:	f2 fe       	sbrs	r15, 2
    951e:	02 c0       	rjmp	.+4      	; 0x9524 <dtostre+0x68>
    9520:	6c 5f       	subi	r22, 0xFC	; 252
    9522:	7f 4f       	sbci	r23, 0xFF	; 255
    9524:	cd 01       	movw	r24, r26
    9526:	6d d1       	rcall	.+730    	; 0x9802 <strcpy_P>
    9528:	45 c0       	rjmp	.+138    	; 0x95b4 <dtostre+0xf8>
    952a:	fd 01       	movw	r30, r26
    952c:	31 96       	adiw	r30, 0x01	; 1
    952e:	29 81       	ldd	r18, Y+1	; 0x01
    9530:	2c 93       	st	X, r18
    9532:	21 33       	cpi	r18, 0x31	; 49
    9534:	09 f0       	breq	.+2      	; 0x9538 <dtostre+0x7c>
    9536:	9f 7e       	andi	r25, 0xEF	; 239
    9538:	11 23       	and	r17, r17
    953a:	b9 f0       	breq	.+46     	; 0x956a <dtostre+0xae>
    953c:	ae 01       	movw	r20, r28
    953e:	4e 5f       	subi	r20, 0xFE	; 254
    9540:	5f 4f       	sbci	r21, 0xFF	; 255
    9542:	6f 01       	movw	r12, r30
    9544:	31 2f       	mov	r19, r17
    9546:	2e e2       	ldi	r18, 0x2E	; 46
    9548:	da 01       	movw	r26, r20
    954a:	6d 91       	ld	r22, X+
    954c:	ad 01       	movw	r20, r26
    954e:	d6 01       	movw	r26, r12
    9550:	2d 93       	st	X+, r18
    9552:	6d 01       	movw	r12, r26
    9554:	31 50       	subi	r19, 0x01	; 1
    9556:	26 2f       	mov	r18, r22
    9558:	b9 f7       	brne	.-18     	; 0x9548 <dtostre+0x8c>
    955a:	11 50       	subi	r17, 0x01	; 1
    955c:	df 01       	movw	r26, r30
    955e:	a1 0f       	add	r26, r17
    9560:	b1 1d       	adc	r27, r1
    9562:	fd 01       	movw	r30, r26
    9564:	32 96       	adiw	r30, 0x02	; 2
    9566:	11 96       	adiw	r26, 0x01	; 1
    9568:	6c 93       	st	X, r22
    956a:	f2 fc       	sbrc	r15, 2
    956c:	02 c0       	rjmp	.+4      	; 0x9572 <dtostre+0xb6>
    956e:	25 e6       	ldi	r18, 0x65	; 101
    9570:	01 c0       	rjmp	.+2      	; 0x9574 <dtostre+0xb8>
    9572:	25 e4       	ldi	r18, 0x45	; 69
    9574:	20 83       	st	Z, r18
    9576:	df 01       	movw	r26, r30
    9578:	12 96       	adiw	r26, 0x02	; 2
    957a:	87 ff       	sbrs	r24, 7
    957c:	04 c0       	rjmp	.+8      	; 0x9586 <dtostre+0xca>
    957e:	9d e2       	ldi	r25, 0x2D	; 45
    9580:	91 83       	std	Z+1, r25	; 0x01
    9582:	81 95       	neg	r24
    9584:	0a c0       	rjmp	.+20     	; 0x959a <dtostre+0xde>
    9586:	81 11       	cpse	r24, r1
    9588:	06 c0       	rjmp	.+12     	; 0x9596 <dtostre+0xda>
    958a:	94 ff       	sbrs	r25, 4
    958c:	04 c0       	rjmp	.+8      	; 0x9596 <dtostre+0xda>
    958e:	9d e2       	ldi	r25, 0x2D	; 45
    9590:	91 83       	std	Z+1, r25	; 0x01
    9592:	90 e3       	ldi	r25, 0x30	; 48
    9594:	08 c0       	rjmp	.+16     	; 0x95a6 <dtostre+0xea>
    9596:	9b e2       	ldi	r25, 0x2B	; 43
    9598:	91 83       	std	Z+1, r25	; 0x01
    959a:	90 e3       	ldi	r25, 0x30	; 48
    959c:	8a 30       	cpi	r24, 0x0A	; 10
    959e:	1c f0       	brlt	.+6      	; 0x95a6 <dtostre+0xea>
    95a0:	9f 5f       	subi	r25, 0xFF	; 255
    95a2:	8a 50       	subi	r24, 0x0A	; 10
    95a4:	fb cf       	rjmp	.-10     	; 0x959c <dtostre+0xe0>
    95a6:	9c 93       	st	X, r25
    95a8:	80 5d       	subi	r24, 0xD0	; 208
    95aa:	11 96       	adiw	r26, 0x01	; 1
    95ac:	8c 93       	st	X, r24
    95ae:	11 97       	sbiw	r26, 0x01	; 1
    95b0:	12 96       	adiw	r26, 0x02	; 2
    95b2:	1c 92       	st	X, r1
    95b4:	ce 01       	movw	r24, r28
    95b6:	df 91       	pop	r29
    95b8:	cf 91       	pop	r28
    95ba:	1f 91       	pop	r17
    95bc:	0f 91       	pop	r16
    95be:	ff 90       	pop	r15
    95c0:	df 90       	pop	r13
    95c2:	cf 90       	pop	r12
    95c4:	08 95       	ret

000095c6 <atof>:
    95c6:	66 27       	eor	r22, r22
    95c8:	77 27       	eor	r23, r23
    95ca:	91 c1       	rjmp	.+802    	; 0x98ee <strtod>

000095cc <atoi>:
    95cc:	fc 01       	movw	r30, r24
    95ce:	88 27       	eor	r24, r24
    95d0:	99 27       	eor	r25, r25
    95d2:	e8 94       	clt
    95d4:	21 91       	ld	r18, Z+
    95d6:	20 32       	cpi	r18, 0x20	; 32
    95d8:	e9 f3       	breq	.-6      	; 0x95d4 <atoi+0x8>
    95da:	29 30       	cpi	r18, 0x09	; 9
    95dc:	10 f0       	brcs	.+4      	; 0x95e2 <atoi+0x16>
    95de:	2e 30       	cpi	r18, 0x0E	; 14
    95e0:	c8 f3       	brcs	.-14     	; 0x95d4 <atoi+0x8>
    95e2:	2b 32       	cpi	r18, 0x2B	; 43
    95e4:	39 f0       	breq	.+14     	; 0x95f4 <atoi+0x28>
    95e6:	2d 32       	cpi	r18, 0x2D	; 45
    95e8:	31 f4       	brne	.+12     	; 0x95f6 <atoi+0x2a>
    95ea:	68 94       	set
    95ec:	03 c0       	rjmp	.+6      	; 0x95f4 <atoi+0x28>
    95ee:	3d d1       	rcall	.+634    	; 0x986a <__mulhi_const_10>
    95f0:	82 0f       	add	r24, r18
    95f2:	91 1d       	adc	r25, r1
    95f4:	21 91       	ld	r18, Z+
    95f6:	20 53       	subi	r18, 0x30	; 48
    95f8:	2a 30       	cpi	r18, 0x0A	; 10
    95fa:	c8 f3       	brcs	.-14     	; 0x95ee <atoi+0x22>
    95fc:	1e f4       	brtc	.+6      	; 0x9604 <atoi+0x38>
    95fe:	90 95       	com	r25
    9600:	81 95       	neg	r24
    9602:	9f 4f       	sbci	r25, 0xFF	; 255
    9604:	08 95       	ret

00009606 <atol>:
    9606:	1f 93       	push	r17
    9608:	fc 01       	movw	r30, r24
    960a:	99 27       	eor	r25, r25
    960c:	88 27       	eor	r24, r24
    960e:	bc 01       	movw	r22, r24
    9610:	e8 94       	clt
    9612:	11 91       	ld	r17, Z+
    9614:	10 32       	cpi	r17, 0x20	; 32
    9616:	e9 f3       	breq	.-6      	; 0x9612 <atol+0xc>
    9618:	19 30       	cpi	r17, 0x09	; 9
    961a:	10 f0       	brcs	.+4      	; 0x9620 <atol+0x1a>
    961c:	1e 30       	cpi	r17, 0x0E	; 14
    961e:	c8 f3       	brcs	.-14     	; 0x9612 <atol+0xc>
    9620:	1b 32       	cpi	r17, 0x2B	; 43
    9622:	49 f0       	breq	.+18     	; 0x9636 <atol+0x30>
    9624:	1d 32       	cpi	r17, 0x2D	; 45
    9626:	41 f4       	brne	.+16     	; 0x9638 <atol+0x32>
    9628:	68 94       	set
    962a:	05 c0       	rjmp	.+10     	; 0x9636 <atol+0x30>
    962c:	09 d1       	rcall	.+530    	; 0x9840 <__mulsi_const_10>
    962e:	61 0f       	add	r22, r17
    9630:	71 1d       	adc	r23, r1
    9632:	81 1d       	adc	r24, r1
    9634:	91 1d       	adc	r25, r1
    9636:	11 91       	ld	r17, Z+
    9638:	10 53       	subi	r17, 0x30	; 48
    963a:	1a 30       	cpi	r17, 0x0A	; 10
    963c:	b8 f3       	brcs	.-18     	; 0x962c <atol+0x26>
    963e:	3e f4       	brtc	.+14     	; 0x964e <atol+0x48>
    9640:	90 95       	com	r25
    9642:	80 95       	com	r24
    9644:	70 95       	com	r23
    9646:	61 95       	neg	r22
    9648:	7f 4f       	sbci	r23, 0xFF	; 255
    964a:	8f 4f       	sbci	r24, 0xFF	; 255
    964c:	9f 4f       	sbci	r25, 0xFF	; 255
    964e:	1f 91       	pop	r17
    9650:	08 95       	ret

00009652 <__ftoa_engine>:
    9652:	28 30       	cpi	r18, 0x08	; 8
    9654:	08 f0       	brcs	.+2      	; 0x9658 <__ftoa_engine+0x6>
    9656:	27 e0       	ldi	r18, 0x07	; 7
    9658:	33 27       	eor	r19, r19
    965a:	da 01       	movw	r26, r20
    965c:	99 0f       	add	r25, r25
    965e:	31 1d       	adc	r19, r1
    9660:	87 fd       	sbrc	r24, 7
    9662:	91 60       	ori	r25, 0x01	; 1
    9664:	00 96       	adiw	r24, 0x00	; 0
    9666:	61 05       	cpc	r22, r1
    9668:	71 05       	cpc	r23, r1
    966a:	39 f4       	brne	.+14     	; 0x967a <__ftoa_engine+0x28>
    966c:	32 60       	ori	r19, 0x02	; 2
    966e:	2e 5f       	subi	r18, 0xFE	; 254
    9670:	3d 93       	st	X+, r19
    9672:	30 e3       	ldi	r19, 0x30	; 48
    9674:	2a 95       	dec	r18
    9676:	e1 f7       	brne	.-8      	; 0x9670 <__ftoa_engine+0x1e>
    9678:	08 95       	ret
    967a:	9f 3f       	cpi	r25, 0xFF	; 255
    967c:	30 f0       	brcs	.+12     	; 0x968a <__ftoa_engine+0x38>
    967e:	80 38       	cpi	r24, 0x80	; 128
    9680:	71 05       	cpc	r23, r1
    9682:	61 05       	cpc	r22, r1
    9684:	09 f0       	breq	.+2      	; 0x9688 <__ftoa_engine+0x36>
    9686:	3c 5f       	subi	r19, 0xFC	; 252
    9688:	3c 5f       	subi	r19, 0xFC	; 252
    968a:	3d 93       	st	X+, r19
    968c:	91 30       	cpi	r25, 0x01	; 1
    968e:	08 f0       	brcs	.+2      	; 0x9692 <__ftoa_engine+0x40>
    9690:	80 68       	ori	r24, 0x80	; 128
    9692:	91 1d       	adc	r25, r1
    9694:	df 93       	push	r29
    9696:	cf 93       	push	r28
    9698:	1f 93       	push	r17
    969a:	0f 93       	push	r16
    969c:	ff 92       	push	r15
    969e:	ef 92       	push	r14
    96a0:	19 2f       	mov	r17, r25
    96a2:	98 7f       	andi	r25, 0xF8	; 248
    96a4:	96 95       	lsr	r25
    96a6:	e9 2f       	mov	r30, r25
    96a8:	96 95       	lsr	r25
    96aa:	96 95       	lsr	r25
    96ac:	e9 0f       	add	r30, r25
    96ae:	ff 27       	eor	r31, r31
    96b0:	ea 56       	subi	r30, 0x6A	; 106
    96b2:	fe 4f       	sbci	r31, 0xFE	; 254
    96b4:	99 27       	eor	r25, r25
    96b6:	33 27       	eor	r19, r19
    96b8:	ee 24       	eor	r14, r14
    96ba:	ff 24       	eor	r15, r15
    96bc:	a7 01       	movw	r20, r14
    96be:	e7 01       	movw	r28, r14
    96c0:	05 90       	lpm	r0, Z+
    96c2:	08 94       	sec
    96c4:	07 94       	ror	r0
    96c6:	28 f4       	brcc	.+10     	; 0x96d2 <__ftoa_engine+0x80>
    96c8:	36 0f       	add	r19, r22
    96ca:	e7 1e       	adc	r14, r23
    96cc:	f8 1e       	adc	r15, r24
    96ce:	49 1f       	adc	r20, r25
    96d0:	51 1d       	adc	r21, r1
    96d2:	66 0f       	add	r22, r22
    96d4:	77 1f       	adc	r23, r23
    96d6:	88 1f       	adc	r24, r24
    96d8:	99 1f       	adc	r25, r25
    96da:	06 94       	lsr	r0
    96dc:	a1 f7       	brne	.-24     	; 0x96c6 <__ftoa_engine+0x74>
    96de:	05 90       	lpm	r0, Z+
    96e0:	07 94       	ror	r0
    96e2:	28 f4       	brcc	.+10     	; 0x96ee <__ftoa_engine+0x9c>
    96e4:	e7 0e       	add	r14, r23
    96e6:	f8 1e       	adc	r15, r24
    96e8:	49 1f       	adc	r20, r25
    96ea:	56 1f       	adc	r21, r22
    96ec:	c1 1d       	adc	r28, r1
    96ee:	77 0f       	add	r23, r23
    96f0:	88 1f       	adc	r24, r24
    96f2:	99 1f       	adc	r25, r25
    96f4:	66 1f       	adc	r22, r22
    96f6:	06 94       	lsr	r0
    96f8:	a1 f7       	brne	.-24     	; 0x96e2 <__ftoa_engine+0x90>
    96fa:	05 90       	lpm	r0, Z+
    96fc:	07 94       	ror	r0
    96fe:	28 f4       	brcc	.+10     	; 0x970a <__ftoa_engine+0xb8>
    9700:	f8 0e       	add	r15, r24
    9702:	49 1f       	adc	r20, r25
    9704:	56 1f       	adc	r21, r22
    9706:	c7 1f       	adc	r28, r23
    9708:	d1 1d       	adc	r29, r1
    970a:	88 0f       	add	r24, r24
    970c:	99 1f       	adc	r25, r25
    970e:	66 1f       	adc	r22, r22
    9710:	77 1f       	adc	r23, r23
    9712:	06 94       	lsr	r0
    9714:	a1 f7       	brne	.-24     	; 0x96fe <__ftoa_engine+0xac>
    9716:	05 90       	lpm	r0, Z+
    9718:	07 94       	ror	r0
    971a:	20 f4       	brcc	.+8      	; 0x9724 <__ftoa_engine+0xd2>
    971c:	49 0f       	add	r20, r25
    971e:	56 1f       	adc	r21, r22
    9720:	c7 1f       	adc	r28, r23
    9722:	d8 1f       	adc	r29, r24
    9724:	99 0f       	add	r25, r25
    9726:	66 1f       	adc	r22, r22
    9728:	77 1f       	adc	r23, r23
    972a:	88 1f       	adc	r24, r24
    972c:	06 94       	lsr	r0
    972e:	a9 f7       	brne	.-22     	; 0x971a <__ftoa_engine+0xc8>
    9730:	84 91       	lpm	r24, Z
    9732:	10 95       	com	r17
    9734:	17 70       	andi	r17, 0x07	; 7
    9736:	41 f0       	breq	.+16     	; 0x9748 <__ftoa_engine+0xf6>
    9738:	d6 95       	lsr	r29
    973a:	c7 95       	ror	r28
    973c:	57 95       	ror	r21
    973e:	47 95       	ror	r20
    9740:	f7 94       	ror	r15
    9742:	e7 94       	ror	r14
    9744:	1a 95       	dec	r17
    9746:	c1 f7       	brne	.-16     	; 0x9738 <__ftoa_engine+0xe6>
    9748:	ec e3       	ldi	r30, 0x3C	; 60
    974a:	f1 e0       	ldi	r31, 0x01	; 1
    974c:	68 94       	set
    974e:	15 90       	lpm	r1, Z+
    9750:	15 91       	lpm	r17, Z+
    9752:	35 91       	lpm	r19, Z+
    9754:	65 91       	lpm	r22, Z+
    9756:	95 91       	lpm	r25, Z+
    9758:	05 90       	lpm	r0, Z+
    975a:	7f e2       	ldi	r23, 0x2F	; 47
    975c:	73 95       	inc	r23
    975e:	e1 18       	sub	r14, r1
    9760:	f1 0a       	sbc	r15, r17
    9762:	43 0b       	sbc	r20, r19
    9764:	56 0b       	sbc	r21, r22
    9766:	c9 0b       	sbc	r28, r25
    9768:	d0 09       	sbc	r29, r0
    976a:	c0 f7       	brcc	.-16     	; 0x975c <__ftoa_engine+0x10a>
    976c:	e1 0c       	add	r14, r1
    976e:	f1 1e       	adc	r15, r17
    9770:	43 1f       	adc	r20, r19
    9772:	56 1f       	adc	r21, r22
    9774:	c9 1f       	adc	r28, r25
    9776:	d0 1d       	adc	r29, r0
    9778:	7e f4       	brtc	.+30     	; 0x9798 <__ftoa_engine+0x146>
    977a:	70 33       	cpi	r23, 0x30	; 48
    977c:	11 f4       	brne	.+4      	; 0x9782 <__ftoa_engine+0x130>
    977e:	8a 95       	dec	r24
    9780:	e6 cf       	rjmp	.-52     	; 0x974e <__ftoa_engine+0xfc>
    9782:	e8 94       	clt
    9784:	01 50       	subi	r16, 0x01	; 1
    9786:	30 f0       	brcs	.+12     	; 0x9794 <__ftoa_engine+0x142>
    9788:	08 0f       	add	r16, r24
    978a:	0a f4       	brpl	.+2      	; 0x978e <__ftoa_engine+0x13c>
    978c:	00 27       	eor	r16, r16
    978e:	02 17       	cp	r16, r18
    9790:	08 f4       	brcc	.+2      	; 0x9794 <__ftoa_engine+0x142>
    9792:	20 2f       	mov	r18, r16
    9794:	23 95       	inc	r18
    9796:	02 2f       	mov	r16, r18
    9798:	7a 33       	cpi	r23, 0x3A	; 58
    979a:	28 f0       	brcs	.+10     	; 0x97a6 <__ftoa_engine+0x154>
    979c:	79 e3       	ldi	r23, 0x39	; 57
    979e:	7d 93       	st	X+, r23
    97a0:	2a 95       	dec	r18
    97a2:	e9 f7       	brne	.-6      	; 0x979e <__ftoa_engine+0x14c>
    97a4:	10 c0       	rjmp	.+32     	; 0x97c6 <__ftoa_engine+0x174>
    97a6:	7d 93       	st	X+, r23
    97a8:	2a 95       	dec	r18
    97aa:	89 f6       	brne	.-94     	; 0x974e <__ftoa_engine+0xfc>
    97ac:	06 94       	lsr	r0
    97ae:	97 95       	ror	r25
    97b0:	67 95       	ror	r22
    97b2:	37 95       	ror	r19
    97b4:	17 95       	ror	r17
    97b6:	17 94       	ror	r1
    97b8:	e1 18       	sub	r14, r1
    97ba:	f1 0a       	sbc	r15, r17
    97bc:	43 0b       	sbc	r20, r19
    97be:	56 0b       	sbc	r21, r22
    97c0:	c9 0b       	sbc	r28, r25
    97c2:	d0 09       	sbc	r29, r0
    97c4:	98 f0       	brcs	.+38     	; 0x97ec <__ftoa_engine+0x19a>
    97c6:	23 95       	inc	r18
    97c8:	7e 91       	ld	r23, -X
    97ca:	73 95       	inc	r23
    97cc:	7a 33       	cpi	r23, 0x3A	; 58
    97ce:	08 f0       	brcs	.+2      	; 0x97d2 <__ftoa_engine+0x180>
    97d0:	70 e3       	ldi	r23, 0x30	; 48
    97d2:	7c 93       	st	X, r23
    97d4:	20 13       	cpse	r18, r16
    97d6:	b8 f7       	brcc	.-18     	; 0x97c6 <__ftoa_engine+0x174>
    97d8:	7e 91       	ld	r23, -X
    97da:	70 61       	ori	r23, 0x10	; 16
    97dc:	7d 93       	st	X+, r23
    97de:	30 f0       	brcs	.+12     	; 0x97ec <__ftoa_engine+0x19a>
    97e0:	83 95       	inc	r24
    97e2:	71 e3       	ldi	r23, 0x31	; 49
    97e4:	7d 93       	st	X+, r23
    97e6:	70 e3       	ldi	r23, 0x30	; 48
    97e8:	2a 95       	dec	r18
    97ea:	e1 f7       	brne	.-8      	; 0x97e4 <__ftoa_engine+0x192>
    97ec:	11 24       	eor	r1, r1
    97ee:	ef 90       	pop	r14
    97f0:	ff 90       	pop	r15
    97f2:	0f 91       	pop	r16
    97f4:	1f 91       	pop	r17
    97f6:	cf 91       	pop	r28
    97f8:	df 91       	pop	r29
    97fa:	99 27       	eor	r25, r25
    97fc:	87 fd       	sbrc	r24, 7
    97fe:	90 95       	com	r25
    9800:	08 95       	ret

00009802 <strcpy_P>:
    9802:	fb 01       	movw	r30, r22
    9804:	dc 01       	movw	r26, r24
    9806:	05 90       	lpm	r0, Z+
    9808:	0d 92       	st	X+, r0
    980a:	00 20       	and	r0, r0
    980c:	e1 f7       	brne	.-8      	; 0x9806 <strcpy_P+0x4>
    980e:	08 95       	ret

00009810 <__itoa_ncheck>:
    9810:	bb 27       	eor	r27, r27
    9812:	4a 30       	cpi	r20, 0x0A	; 10
    9814:	31 f4       	brne	.+12     	; 0x9822 <__itoa_ncheck+0x12>
    9816:	99 23       	and	r25, r25
    9818:	22 f4       	brpl	.+8      	; 0x9822 <__itoa_ncheck+0x12>
    981a:	bd e2       	ldi	r27, 0x2D	; 45
    981c:	90 95       	com	r25
    981e:	81 95       	neg	r24
    9820:	9f 4f       	sbci	r25, 0xFF	; 255
    9822:	4d c0       	rjmp	.+154    	; 0x98be <__utoa_common>

00009824 <__ltoa_ncheck>:
    9824:	bb 27       	eor	r27, r27
    9826:	2a 30       	cpi	r18, 0x0A	; 10
    9828:	51 f4       	brne	.+20     	; 0x983e <__ltoa_ncheck+0x1a>
    982a:	99 23       	and	r25, r25
    982c:	42 f4       	brpl	.+16     	; 0x983e <__ltoa_ncheck+0x1a>
    982e:	bd e2       	ldi	r27, 0x2D	; 45
    9830:	90 95       	com	r25
    9832:	80 95       	com	r24
    9834:	70 95       	com	r23
    9836:	61 95       	neg	r22
    9838:	7f 4f       	sbci	r23, 0xFF	; 255
    983a:	8f 4f       	sbci	r24, 0xFF	; 255
    983c:	9f 4f       	sbci	r25, 0xFF	; 255
    983e:	1e c0       	rjmp	.+60     	; 0x987c <__ultoa_common>

00009840 <__mulsi_const_10>:
    9840:	59 2f       	mov	r21, r25
    9842:	48 2f       	mov	r20, r24
    9844:	37 2f       	mov	r19, r23
    9846:	26 2f       	mov	r18, r22
    9848:	66 0f       	add	r22, r22
    984a:	77 1f       	adc	r23, r23
    984c:	88 1f       	adc	r24, r24
    984e:	99 1f       	adc	r25, r25
    9850:	66 0f       	add	r22, r22
    9852:	77 1f       	adc	r23, r23
    9854:	88 1f       	adc	r24, r24
    9856:	99 1f       	adc	r25, r25
    9858:	62 0f       	add	r22, r18
    985a:	73 1f       	adc	r23, r19
    985c:	84 1f       	adc	r24, r20
    985e:	95 1f       	adc	r25, r21
    9860:	66 0f       	add	r22, r22
    9862:	77 1f       	adc	r23, r23
    9864:	88 1f       	adc	r24, r24
    9866:	99 1f       	adc	r25, r25
    9868:	08 95       	ret

0000986a <__mulhi_const_10>:
    986a:	7a e0       	ldi	r23, 0x0A	; 10
    986c:	97 9f       	mul	r25, r23
    986e:	90 2d       	mov	r25, r0
    9870:	87 9f       	mul	r24, r23
    9872:	80 2d       	mov	r24, r0
    9874:	91 0d       	add	r25, r1
    9876:	11 24       	eor	r1, r1
    9878:	08 95       	ret

0000987a <__ultoa_ncheck>:
    987a:	bb 27       	eor	r27, r27

0000987c <__ultoa_common>:
    987c:	fa 01       	movw	r30, r20
    987e:	a6 2f       	mov	r26, r22
    9880:	62 17       	cp	r22, r18
    9882:	71 05       	cpc	r23, r1
    9884:	81 05       	cpc	r24, r1
    9886:	91 05       	cpc	r25, r1
    9888:	33 0b       	sbc	r19, r19
    988a:	30 fb       	bst	r19, 0
    988c:	66 f0       	brts	.+24     	; 0x98a6 <__ultoa_common+0x2a>
    988e:	aa 27       	eor	r26, r26
    9890:	66 0f       	add	r22, r22
    9892:	77 1f       	adc	r23, r23
    9894:	88 1f       	adc	r24, r24
    9896:	99 1f       	adc	r25, r25
    9898:	aa 1f       	adc	r26, r26
    989a:	a2 17       	cp	r26, r18
    989c:	10 f0       	brcs	.+4      	; 0x98a2 <__ultoa_common+0x26>
    989e:	a2 1b       	sub	r26, r18
    98a0:	63 95       	inc	r22
    98a2:	38 50       	subi	r19, 0x08	; 8
    98a4:	a9 f7       	brne	.-22     	; 0x9890 <__ultoa_common+0x14>
    98a6:	a0 5d       	subi	r26, 0xD0	; 208
    98a8:	aa 33       	cpi	r26, 0x3A	; 58
    98aa:	08 f0       	brcs	.+2      	; 0x98ae <__ultoa_common+0x32>
    98ac:	a9 5d       	subi	r26, 0xD9	; 217
    98ae:	a1 93       	st	Z+, r26
    98b0:	36 f7       	brtc	.-52     	; 0x987e <__ultoa_common+0x2>
    98b2:	b1 11       	cpse	r27, r1
    98b4:	b1 93       	st	Z+, r27
    98b6:	10 82       	st	Z, r1
    98b8:	ca 01       	movw	r24, r20
    98ba:	8c c1       	rjmp	.+792    	; 0x9bd4 <strrev>

000098bc <__utoa_ncheck>:
    98bc:	bb 27       	eor	r27, r27

000098be <__utoa_common>:
    98be:	fb 01       	movw	r30, r22
    98c0:	55 27       	eor	r21, r21
    98c2:	aa 27       	eor	r26, r26
    98c4:	88 0f       	add	r24, r24
    98c6:	99 1f       	adc	r25, r25
    98c8:	aa 1f       	adc	r26, r26
    98ca:	a4 17       	cp	r26, r20
    98cc:	10 f0       	brcs	.+4      	; 0x98d2 <__utoa_common+0x14>
    98ce:	a4 1b       	sub	r26, r20
    98d0:	83 95       	inc	r24
    98d2:	50 51       	subi	r21, 0x10	; 16
    98d4:	b9 f7       	brne	.-18     	; 0x98c4 <__utoa_common+0x6>
    98d6:	a0 5d       	subi	r26, 0xD0	; 208
    98d8:	aa 33       	cpi	r26, 0x3A	; 58
    98da:	08 f0       	brcs	.+2      	; 0x98de <__utoa_common+0x20>
    98dc:	a9 5d       	subi	r26, 0xD9	; 217
    98de:	a1 93       	st	Z+, r26
    98e0:	00 97       	sbiw	r24, 0x00	; 0
    98e2:	79 f7       	brne	.-34     	; 0x98c2 <__utoa_common+0x4>
    98e4:	b1 11       	cpse	r27, r1
    98e6:	b1 93       	st	Z+, r27
    98e8:	11 92       	st	Z+, r1
    98ea:	cb 01       	movw	r24, r22
    98ec:	73 c1       	rjmp	.+742    	; 0x9bd4 <strrev>

000098ee <strtod>:
    98ee:	8f 92       	push	r8
    98f0:	9f 92       	push	r9
    98f2:	af 92       	push	r10
    98f4:	bf 92       	push	r11
    98f6:	cf 92       	push	r12
    98f8:	df 92       	push	r13
    98fa:	ef 92       	push	r14
    98fc:	ff 92       	push	r15
    98fe:	0f 93       	push	r16
    9900:	1f 93       	push	r17
    9902:	cf 93       	push	r28
    9904:	df 93       	push	r29
    9906:	ec 01       	movw	r28, r24
    9908:	6b 01       	movw	r12, r22
    990a:	61 15       	cp	r22, r1
    990c:	71 05       	cpc	r23, r1
    990e:	19 f0       	breq	.+6      	; 0x9916 <strtod+0x28>
    9910:	fb 01       	movw	r30, r22
    9912:	91 83       	std	Z+1, r25	; 0x01
    9914:	80 83       	st	Z, r24
    9916:	7e 01       	movw	r14, r28
    9918:	ff ef       	ldi	r31, 0xFF	; 255
    991a:	ef 1a       	sub	r14, r31
    991c:	ff 0a       	sbc	r15, r31
    991e:	08 81       	ld	r16, Y
    9920:	80 2f       	mov	r24, r16
    9922:	90 e0       	ldi	r25, 0x00	; 0
    9924:	37 d1       	rcall	.+622    	; 0x9b94 <isspace>
    9926:	89 2b       	or	r24, r25
    9928:	11 f0       	breq	.+4      	; 0x992e <strtod+0x40>
    992a:	e7 01       	movw	r28, r14
    992c:	f4 cf       	rjmp	.-24     	; 0x9916 <strtod+0x28>
    992e:	0d 32       	cpi	r16, 0x2D	; 45
    9930:	39 f4       	brne	.+14     	; 0x9940 <strtod+0x52>
    9932:	7e 01       	movw	r14, r28
    9934:	82 e0       	ldi	r24, 0x02	; 2
    9936:	e8 0e       	add	r14, r24
    9938:	f1 1c       	adc	r15, r1
    993a:	09 81       	ldd	r16, Y+1	; 0x01
    993c:	11 e0       	ldi	r17, 0x01	; 1
    993e:	08 c0       	rjmp	.+16     	; 0x9950 <strtod+0x62>
    9940:	0b 32       	cpi	r16, 0x2B	; 43
    9942:	29 f4       	brne	.+10     	; 0x994e <strtod+0x60>
    9944:	7e 01       	movw	r14, r28
    9946:	92 e0       	ldi	r25, 0x02	; 2
    9948:	e9 0e       	add	r14, r25
    994a:	f1 1c       	adc	r15, r1
    994c:	09 81       	ldd	r16, Y+1	; 0x01
    994e:	10 e0       	ldi	r17, 0x00	; 0
    9950:	e7 01       	movw	r28, r14
    9952:	21 97       	sbiw	r28, 0x01	; 1
    9954:	43 e0       	ldi	r20, 0x03	; 3
    9956:	50 e0       	ldi	r21, 0x00	; 0
    9958:	6e e3       	ldi	r22, 0x3E	; 62
    995a:	72 e0       	ldi	r23, 0x02	; 2
    995c:	ce 01       	movw	r24, r28
    995e:	22 d1       	rcall	.+580    	; 0x9ba4 <strncasecmp_P>
    9960:	89 2b       	or	r24, r25
    9962:	b9 f4       	brne	.+46     	; 0x9992 <strtod+0xa4>
    9964:	23 96       	adiw	r28, 0x03	; 3
    9966:	45 e0       	ldi	r20, 0x05	; 5
    9968:	50 e0       	ldi	r21, 0x00	; 0
    996a:	69 e3       	ldi	r22, 0x39	; 57
    996c:	72 e0       	ldi	r23, 0x02	; 2
    996e:	ce 01       	movw	r24, r28
    9970:	19 d1       	rcall	.+562    	; 0x9ba4 <strncasecmp_P>
    9972:	89 2b       	or	r24, r25
    9974:	09 f4       	brne	.+2      	; 0x9978 <strtod+0x8a>
    9976:	25 96       	adiw	r28, 0x05	; 5
    9978:	c1 14       	cp	r12, r1
    997a:	d1 04       	cpc	r13, r1
    997c:	19 f0       	breq	.+6      	; 0x9984 <strtod+0x96>
    997e:	f6 01       	movw	r30, r12
    9980:	d1 83       	std	Z+1, r29	; 0x01
    9982:	c0 83       	st	Z, r28
    9984:	11 11       	cpse	r17, r1
    9986:	f0 c0       	rjmp	.+480    	; 0x9b68 <strtod+0x27a>
    9988:	60 e0       	ldi	r22, 0x00	; 0
    998a:	70 e0       	ldi	r23, 0x00	; 0
    998c:	80 e8       	ldi	r24, 0x80	; 128
    998e:	9f e7       	ldi	r25, 0x7F	; 127
    9990:	f4 c0       	rjmp	.+488    	; 0x9b7a <strtod+0x28c>
    9992:	43 e0       	ldi	r20, 0x03	; 3
    9994:	50 e0       	ldi	r21, 0x00	; 0
    9996:	66 e3       	ldi	r22, 0x36	; 54
    9998:	72 e0       	ldi	r23, 0x02	; 2
    999a:	ce 01       	movw	r24, r28
    999c:	03 d1       	rcall	.+518    	; 0x9ba4 <strncasecmp_P>
    999e:	89 2b       	or	r24, r25
    99a0:	59 f4       	brne	.+22     	; 0x99b8 <strtod+0xca>
    99a2:	c1 14       	cp	r12, r1
    99a4:	d1 04       	cpc	r13, r1
    99a6:	09 f4       	brne	.+2      	; 0x99aa <strtod+0xbc>
    99a8:	e4 c0       	rjmp	.+456    	; 0x9b72 <strtod+0x284>
    99aa:	f2 e0       	ldi	r31, 0x02	; 2
    99ac:	ef 0e       	add	r14, r31
    99ae:	f1 1c       	adc	r15, r1
    99b0:	f6 01       	movw	r30, r12
    99b2:	f1 82       	std	Z+1, r15	; 0x01
    99b4:	e0 82       	st	Z, r14
    99b6:	dd c0       	rjmp	.+442    	; 0x9b72 <strtod+0x284>
    99b8:	20 e0       	ldi	r18, 0x00	; 0
    99ba:	30 e0       	ldi	r19, 0x00	; 0
    99bc:	a9 01       	movw	r20, r18
    99be:	c0 e0       	ldi	r28, 0x00	; 0
    99c0:	d0 e0       	ldi	r29, 0x00	; 0
    99c2:	f7 01       	movw	r30, r14
    99c4:	60 ed       	ldi	r22, 0xD0	; 208
    99c6:	a6 2e       	mov	r10, r22
    99c8:	a0 0e       	add	r10, r16
    99ca:	89 e0       	ldi	r24, 0x09	; 9
    99cc:	8a 15       	cp	r24, r10
    99ce:	28 f1       	brcs	.+74     	; 0x9a1a <strtod+0x12c>
    99d0:	91 2f       	mov	r25, r17
    99d2:	92 60       	ori	r25, 0x02	; 2
    99d4:	b9 2e       	mov	r11, r25
    99d6:	81 2f       	mov	r24, r17
    99d8:	88 70       	andi	r24, 0x08	; 8
    99da:	12 ff       	sbrs	r17, 2
    99dc:	04 c0       	rjmp	.+8      	; 0x99e6 <strtod+0xf8>
    99de:	81 11       	cpse	r24, r1
    99e0:	23 c0       	rjmp	.+70     	; 0x9a28 <strtod+0x13a>
    99e2:	21 96       	adiw	r28, 0x01	; 1
    99e4:	21 c0       	rjmp	.+66     	; 0x9a28 <strtod+0x13a>
    99e6:	81 11       	cpse	r24, r1
    99e8:	21 97       	sbiw	r28, 0x01	; 1
    99ea:	a5 e0       	ldi	r26, 0x05	; 5
    99ec:	b0 e0       	ldi	r27, 0x00	; 0
    99ee:	34 d1       	rcall	.+616    	; 0x9c58 <__muluhisi3>
    99f0:	dc 01       	movw	r26, r24
    99f2:	cb 01       	movw	r24, r22
    99f4:	88 0f       	add	r24, r24
    99f6:	99 1f       	adc	r25, r25
    99f8:	aa 1f       	adc	r26, r26
    99fa:	bb 1f       	adc	r27, r27
    99fc:	9c 01       	movw	r18, r24
    99fe:	ad 01       	movw	r20, r26
    9a00:	2a 0d       	add	r18, r10
    9a02:	31 1d       	adc	r19, r1
    9a04:	41 1d       	adc	r20, r1
    9a06:	51 1d       	adc	r21, r1
    9a08:	28 39       	cpi	r18, 0x98	; 152
    9a0a:	89 e9       	ldi	r24, 0x99	; 153
    9a0c:	38 07       	cpc	r19, r24
    9a0e:	48 07       	cpc	r20, r24
    9a10:	89 e1       	ldi	r24, 0x19	; 25
    9a12:	58 07       	cpc	r21, r24
    9a14:	48 f0       	brcs	.+18     	; 0x9a28 <strtod+0x13a>
    9a16:	16 60       	ori	r17, 0x06	; 6
    9a18:	06 c0       	rjmp	.+12     	; 0x9a26 <strtod+0x138>
    9a1a:	9e ef       	ldi	r25, 0xFE	; 254
    9a1c:	a9 12       	cpse	r10, r25
    9a1e:	0a c0       	rjmp	.+20     	; 0x9a34 <strtod+0x146>
    9a20:	13 fd       	sbrc	r17, 3
    9a22:	40 c0       	rjmp	.+128    	; 0x9aa4 <strtod+0x1b6>
    9a24:	18 60       	ori	r17, 0x08	; 8
    9a26:	b1 2e       	mov	r11, r17
    9a28:	8f ef       	ldi	r24, 0xFF	; 255
    9a2a:	e8 1a       	sub	r14, r24
    9a2c:	f8 0a       	sbc	r15, r24
    9a2e:	00 81       	ld	r16, Z
    9a30:	1b 2d       	mov	r17, r11
    9a32:	c7 cf       	rjmp	.-114    	; 0x99c2 <strtod+0xd4>
    9a34:	80 2f       	mov	r24, r16
    9a36:	8f 7d       	andi	r24, 0xDF	; 223
    9a38:	85 34       	cpi	r24, 0x45	; 69
    9a3a:	a1 f5       	brne	.+104    	; 0x9aa4 <strtod+0x1b6>
    9a3c:	80 81       	ld	r24, Z
    9a3e:	8d 32       	cpi	r24, 0x2D	; 45
    9a40:	11 f4       	brne	.+4      	; 0x9a46 <strtod+0x158>
    9a42:	10 61       	ori	r17, 0x10	; 16
    9a44:	06 c0       	rjmp	.+12     	; 0x9a52 <strtod+0x164>
    9a46:	8b 32       	cpi	r24, 0x2B	; 43
    9a48:	21 f0       	breq	.+8      	; 0x9a52 <strtod+0x164>
    9a4a:	31 96       	adiw	r30, 0x01	; 1
    9a4c:	61 e0       	ldi	r22, 0x01	; 1
    9a4e:	70 e0       	ldi	r23, 0x00	; 0
    9a50:	04 c0       	rjmp	.+8      	; 0x9a5a <strtod+0x16c>
    9a52:	81 81       	ldd	r24, Z+1	; 0x01
    9a54:	32 96       	adiw	r30, 0x02	; 2
    9a56:	62 e0       	ldi	r22, 0x02	; 2
    9a58:	70 e0       	ldi	r23, 0x00	; 0
    9a5a:	80 53       	subi	r24, 0x30	; 48
    9a5c:	8a 30       	cpi	r24, 0x0A	; 10
    9a5e:	18 f0       	brcs	.+6      	; 0x9a66 <strtod+0x178>
    9a60:	e6 1b       	sub	r30, r22
    9a62:	f7 0b       	sbc	r31, r23
    9a64:	1f c0       	rjmp	.+62     	; 0x9aa4 <strtod+0x1b6>
    9a66:	60 e0       	ldi	r22, 0x00	; 0
    9a68:	70 e0       	ldi	r23, 0x00	; 0
    9a6a:	60 38       	cpi	r22, 0x80	; 128
    9a6c:	9c e0       	ldi	r25, 0x0C	; 12
    9a6e:	79 07       	cpc	r23, r25
    9a70:	5c f4       	brge	.+22     	; 0x9a88 <strtod+0x19a>
    9a72:	db 01       	movw	r26, r22
    9a74:	aa 0f       	add	r26, r26
    9a76:	bb 1f       	adc	r27, r27
    9a78:	aa 0f       	add	r26, r26
    9a7a:	bb 1f       	adc	r27, r27
    9a7c:	6a 0f       	add	r22, r26
    9a7e:	7b 1f       	adc	r23, r27
    9a80:	66 0f       	add	r22, r22
    9a82:	77 1f       	adc	r23, r23
    9a84:	68 0f       	add	r22, r24
    9a86:	71 1d       	adc	r23, r1
    9a88:	31 96       	adiw	r30, 0x01	; 1
    9a8a:	df 01       	movw	r26, r30
    9a8c:	11 97       	sbiw	r26, 0x01	; 1
    9a8e:	8c 91       	ld	r24, X
    9a90:	80 53       	subi	r24, 0x30	; 48
    9a92:	8a 30       	cpi	r24, 0x0A	; 10
    9a94:	50 f3       	brcs	.-44     	; 0x9a6a <strtod+0x17c>
    9a96:	14 ff       	sbrs	r17, 4
    9a98:	03 c0       	rjmp	.+6      	; 0x9aa0 <strtod+0x1b2>
    9a9a:	71 95       	neg	r23
    9a9c:	61 95       	neg	r22
    9a9e:	71 09       	sbc	r23, r1
    9aa0:	c6 0f       	add	r28, r22
    9aa2:	d7 1f       	adc	r29, r23
    9aa4:	11 ff       	sbrs	r17, 1
    9aa6:	08 c0       	rjmp	.+16     	; 0x9ab8 <strtod+0x1ca>
    9aa8:	c1 14       	cp	r12, r1
    9aaa:	d1 04       	cpc	r13, r1
    9aac:	29 f0       	breq	.+10     	; 0x9ab8 <strtod+0x1ca>
    9aae:	cf 01       	movw	r24, r30
    9ab0:	01 97       	sbiw	r24, 0x01	; 1
    9ab2:	f6 01       	movw	r30, r12
    9ab4:	91 83       	std	Z+1, r25	; 0x01
    9ab6:	80 83       	st	Z, r24
    9ab8:	ca 01       	movw	r24, r20
    9aba:	b9 01       	movw	r22, r18
    9abc:	73 da       	rcall	.-2842   	; 0x8fa4 <__floatunsisf>
    9abe:	21 2f       	mov	r18, r17
    9ac0:	23 70       	andi	r18, 0x03	; 3
    9ac2:	23 30       	cpi	r18, 0x03	; 3
    9ac4:	19 f0       	breq	.+6      	; 0x9acc <strtod+0x1de>
    9ac6:	4b 01       	movw	r8, r22
    9ac8:	5c 01       	movw	r10, r24
    9aca:	06 c0       	rjmp	.+12     	; 0x9ad8 <strtod+0x1ea>
    9acc:	4b 01       	movw	r8, r22
    9ace:	5c 01       	movw	r10, r24
    9ad0:	b7 fa       	bst	r11, 7
    9ad2:	b0 94       	com	r11
    9ad4:	b7 f8       	bld	r11, 7
    9ad6:	b0 94       	com	r11
    9ad8:	20 e0       	ldi	r18, 0x00	; 0
    9ada:	30 e0       	ldi	r19, 0x00	; 0
    9adc:	a9 01       	movw	r20, r18
    9ade:	c5 01       	movw	r24, r10
    9ae0:	b4 01       	movw	r22, r8
    9ae2:	92 d9       	rcall	.-3292   	; 0x8e08 <__cmpsf2>
    9ae4:	88 23       	and	r24, r24
    9ae6:	09 f4       	brne	.+2      	; 0x9aea <strtod+0x1fc>
    9ae8:	3c c0       	rjmp	.+120    	; 0x9b62 <strtod+0x274>
    9aea:	d7 ff       	sbrs	r29, 7
    9aec:	06 c0       	rjmp	.+12     	; 0x9afa <strtod+0x20c>
    9aee:	d1 95       	neg	r29
    9af0:	c1 95       	neg	r28
    9af2:	d1 09       	sbc	r29, r1
    9af4:	05 e5       	ldi	r16, 0x55	; 85
    9af6:	12 e0       	ldi	r17, 0x02	; 2
    9af8:	02 c0       	rjmp	.+4      	; 0x9afe <strtod+0x210>
    9afa:	0d e6       	ldi	r16, 0x6D	; 109
    9afc:	12 e0       	ldi	r17, 0x02	; 2
    9afe:	68 01       	movw	r12, r16
    9b00:	f8 e1       	ldi	r31, 0x18	; 24
    9b02:	cf 1a       	sub	r12, r31
    9b04:	d1 08       	sbc	r13, r1
    9b06:	90 e2       	ldi	r25, 0x20	; 32
    9b08:	e9 2e       	mov	r14, r25
    9b0a:	f1 2c       	mov	r15, r1
    9b0c:	ce 15       	cp	r28, r14
    9b0e:	df 05       	cpc	r29, r15
    9b10:	6c f0       	brlt	.+26     	; 0x9b2c <strtod+0x23e>
    9b12:	f8 01       	movw	r30, r16
    9b14:	25 91       	lpm	r18, Z+
    9b16:	35 91       	lpm	r19, Z+
    9b18:	45 91       	lpm	r20, Z+
    9b1a:	54 91       	lpm	r21, Z
    9b1c:	c5 01       	movw	r24, r10
    9b1e:	b4 01       	movw	r22, r8
    9b20:	d1 db       	rcall	.-2142   	; 0x92c4 <__mulsf3>
    9b22:	4b 01       	movw	r8, r22
    9b24:	5c 01       	movw	r10, r24
    9b26:	ce 19       	sub	r28, r14
    9b28:	df 09       	sbc	r29, r15
    9b2a:	f0 cf       	rjmp	.-32     	; 0x9b0c <strtod+0x21e>
    9b2c:	04 50       	subi	r16, 0x04	; 4
    9b2e:	11 09       	sbc	r17, r1
    9b30:	f5 94       	asr	r15
    9b32:	e7 94       	ror	r14
    9b34:	0c 15       	cp	r16, r12
    9b36:	1d 05       	cpc	r17, r13
    9b38:	49 f7       	brne	.-46     	; 0x9b0c <strtod+0x21e>
    9b3a:	8a 2d       	mov	r24, r10
    9b3c:	88 0f       	add	r24, r24
    9b3e:	8b 2d       	mov	r24, r11
    9b40:	88 1f       	adc	r24, r24
    9b42:	8f 3f       	cpi	r24, 0xFF	; 255
    9b44:	41 f0       	breq	.+16     	; 0x9b56 <strtod+0x268>
    9b46:	20 e0       	ldi	r18, 0x00	; 0
    9b48:	30 e0       	ldi	r19, 0x00	; 0
    9b4a:	a9 01       	movw	r20, r18
    9b4c:	c5 01       	movw	r24, r10
    9b4e:	b4 01       	movw	r22, r8
    9b50:	5b d9       	rcall	.-3402   	; 0x8e08 <__cmpsf2>
    9b52:	81 11       	cpse	r24, r1
    9b54:	06 c0       	rjmp	.+12     	; 0x9b62 <strtod+0x274>
    9b56:	82 e2       	ldi	r24, 0x22	; 34
    9b58:	90 e0       	ldi	r25, 0x00	; 0
    9b5a:	90 93 8b 15 	sts	0x158B, r25	; 0x80158b <errno+0x1>
    9b5e:	80 93 8a 15 	sts	0x158A, r24	; 0x80158a <errno>
    9b62:	c5 01       	movw	r24, r10
    9b64:	b4 01       	movw	r22, r8
    9b66:	09 c0       	rjmp	.+18     	; 0x9b7a <strtod+0x28c>
    9b68:	60 e0       	ldi	r22, 0x00	; 0
    9b6a:	70 e0       	ldi	r23, 0x00	; 0
    9b6c:	80 e8       	ldi	r24, 0x80	; 128
    9b6e:	9f ef       	ldi	r25, 0xFF	; 255
    9b70:	04 c0       	rjmp	.+8      	; 0x9b7a <strtod+0x28c>
    9b72:	60 e0       	ldi	r22, 0x00	; 0
    9b74:	70 e0       	ldi	r23, 0x00	; 0
    9b76:	80 ec       	ldi	r24, 0xC0	; 192
    9b78:	9f e7       	ldi	r25, 0x7F	; 127
    9b7a:	df 91       	pop	r29
    9b7c:	cf 91       	pop	r28
    9b7e:	1f 91       	pop	r17
    9b80:	0f 91       	pop	r16
    9b82:	ff 90       	pop	r15
    9b84:	ef 90       	pop	r14
    9b86:	df 90       	pop	r13
    9b88:	cf 90       	pop	r12
    9b8a:	bf 90       	pop	r11
    9b8c:	af 90       	pop	r10
    9b8e:	9f 90       	pop	r9
    9b90:	8f 90       	pop	r8
    9b92:	08 95       	ret

00009b94 <isspace>:
    9b94:	91 11       	cpse	r25, r1
    9b96:	2e c0       	rjmp	.+92     	; 0x9bf4 <__ctype_isfalse>
    9b98:	80 32       	cpi	r24, 0x20	; 32
    9b9a:	19 f0       	breq	.+6      	; 0x9ba2 <isspace+0xe>
    9b9c:	89 50       	subi	r24, 0x09	; 9
    9b9e:	85 50       	subi	r24, 0x05	; 5
    9ba0:	d0 f7       	brcc	.-12     	; 0x9b96 <isspace+0x2>
    9ba2:	08 95       	ret

00009ba4 <strncasecmp_P>:
    9ba4:	fb 01       	movw	r30, r22
    9ba6:	dc 01       	movw	r26, r24
    9ba8:	41 50       	subi	r20, 0x01	; 1
    9baa:	50 40       	sbci	r21, 0x00	; 0
    9bac:	88 f0       	brcs	.+34     	; 0x9bd0 <strncasecmp_P+0x2c>
    9bae:	8d 91       	ld	r24, X+
    9bb0:	81 34       	cpi	r24, 0x41	; 65
    9bb2:	1c f0       	brlt	.+6      	; 0x9bba <strncasecmp_P+0x16>
    9bb4:	8b 35       	cpi	r24, 0x5B	; 91
    9bb6:	0c f4       	brge	.+2      	; 0x9bba <strncasecmp_P+0x16>
    9bb8:	80 5e       	subi	r24, 0xE0	; 224
    9bba:	65 91       	lpm	r22, Z+
    9bbc:	61 34       	cpi	r22, 0x41	; 65
    9bbe:	1c f0       	brlt	.+6      	; 0x9bc6 <strncasecmp_P+0x22>
    9bc0:	6b 35       	cpi	r22, 0x5B	; 91
    9bc2:	0c f4       	brge	.+2      	; 0x9bc6 <strncasecmp_P+0x22>
    9bc4:	60 5e       	subi	r22, 0xE0	; 224
    9bc6:	86 1b       	sub	r24, r22
    9bc8:	61 11       	cpse	r22, r1
    9bca:	71 f3       	breq	.-36     	; 0x9ba8 <strncasecmp_P+0x4>
    9bcc:	99 0b       	sbc	r25, r25
    9bce:	08 95       	ret
    9bd0:	88 1b       	sub	r24, r24
    9bd2:	fc cf       	rjmp	.-8      	; 0x9bcc <strncasecmp_P+0x28>

00009bd4 <strrev>:
    9bd4:	dc 01       	movw	r26, r24
    9bd6:	fc 01       	movw	r30, r24
    9bd8:	67 2f       	mov	r22, r23
    9bda:	71 91       	ld	r23, Z+
    9bdc:	77 23       	and	r23, r23
    9bde:	e1 f7       	brne	.-8      	; 0x9bd8 <strrev+0x4>
    9be0:	32 97       	sbiw	r30, 0x02	; 2
    9be2:	04 c0       	rjmp	.+8      	; 0x9bec <strrev+0x18>
    9be4:	7c 91       	ld	r23, X
    9be6:	6d 93       	st	X+, r22
    9be8:	70 83       	st	Z, r23
    9bea:	62 91       	ld	r22, -Z
    9bec:	ae 17       	cp	r26, r30
    9bee:	bf 07       	cpc	r27, r31
    9bf0:	c8 f3       	brcs	.-14     	; 0x9be4 <strrev+0x10>
    9bf2:	08 95       	ret

00009bf4 <__ctype_isfalse>:
    9bf4:	99 27       	eor	r25, r25
    9bf6:	88 27       	eor	r24, r24

00009bf8 <__ctype_istrue>:
    9bf8:	08 95       	ret

00009bfa <eeprom_read_block>:
    9bfa:	dc 01       	movw	r26, r24
    9bfc:	cb 01       	movw	r24, r22

00009bfe <eeprom_read_blraw>:
    9bfe:	fc 01       	movw	r30, r24
    9c00:	f9 99       	sbic	0x1f, 1	; 31
    9c02:	fe cf       	rjmp	.-4      	; 0x9c00 <eeprom_read_blraw+0x2>
    9c04:	06 c0       	rjmp	.+12     	; 0x9c12 <eeprom_read_blraw+0x14>
    9c06:	f2 bd       	out	0x22, r31	; 34
    9c08:	e1 bd       	out	0x21, r30	; 33
    9c0a:	f8 9a       	sbi	0x1f, 0	; 31
    9c0c:	31 96       	adiw	r30, 0x01	; 1
    9c0e:	00 b4       	in	r0, 0x20	; 32
    9c10:	0d 92       	st	X+, r0
    9c12:	41 50       	subi	r20, 0x01	; 1
    9c14:	50 40       	sbci	r21, 0x00	; 0
    9c16:	b8 f7       	brcc	.-18     	; 0x9c06 <eeprom_read_blraw+0x8>
    9c18:	08 95       	ret

00009c1a <eeprom_read_byte>:
    9c1a:	f9 99       	sbic	0x1f, 1	; 31
    9c1c:	fe cf       	rjmp	.-4      	; 0x9c1a <eeprom_read_byte>
    9c1e:	92 bd       	out	0x22, r25	; 34
    9c20:	81 bd       	out	0x21, r24	; 33
    9c22:	f8 9a       	sbi	0x1f, 0	; 31
    9c24:	99 27       	eor	r25, r25
    9c26:	80 b5       	in	r24, 0x20	; 32
    9c28:	08 95       	ret

00009c2a <eeprom_write_block>:
    9c2a:	dc 01       	movw	r26, r24
    9c2c:	cb 01       	movw	r24, r22
    9c2e:	02 c0       	rjmp	.+4      	; 0x9c34 <eeprom_write_block+0xa>
    9c30:	2d 91       	ld	r18, X+
    9c32:	05 d0       	rcall	.+10     	; 0x9c3e <eeprom_write_r18>
    9c34:	41 50       	subi	r20, 0x01	; 1
    9c36:	50 40       	sbci	r21, 0x00	; 0
    9c38:	d8 f7       	brcc	.-10     	; 0x9c30 <eeprom_write_block+0x6>
    9c3a:	08 95       	ret

00009c3c <eeprom_write_byte>:
    9c3c:	26 2f       	mov	r18, r22

00009c3e <eeprom_write_r18>:
    9c3e:	f9 99       	sbic	0x1f, 1	; 31
    9c40:	fe cf       	rjmp	.-4      	; 0x9c3e <eeprom_write_r18>
    9c42:	1f ba       	out	0x1f, r1	; 31
    9c44:	92 bd       	out	0x22, r25	; 34
    9c46:	81 bd       	out	0x21, r24	; 33
    9c48:	20 bd       	out	0x20, r18	; 32
    9c4a:	0f b6       	in	r0, 0x3f	; 63
    9c4c:	f8 94       	cli
    9c4e:	fa 9a       	sbi	0x1f, 2	; 31
    9c50:	f9 9a       	sbi	0x1f, 1	; 31
    9c52:	0f be       	out	0x3f, r0	; 63
    9c54:	01 96       	adiw	r24, 0x01	; 1
    9c56:	08 95       	ret

00009c58 <__muluhisi3>:
    9c58:	09 d0       	rcall	.+18     	; 0x9c6c <__umulhisi3>
    9c5a:	a5 9f       	mul	r26, r21
    9c5c:	90 0d       	add	r25, r0
    9c5e:	b4 9f       	mul	r27, r20
    9c60:	90 0d       	add	r25, r0
    9c62:	a4 9f       	mul	r26, r20
    9c64:	80 0d       	add	r24, r0
    9c66:	91 1d       	adc	r25, r1
    9c68:	11 24       	eor	r1, r1
    9c6a:	08 95       	ret

00009c6c <__umulhisi3>:
    9c6c:	a2 9f       	mul	r26, r18
    9c6e:	b0 01       	movw	r22, r0
    9c70:	b3 9f       	mul	r27, r19
    9c72:	c0 01       	movw	r24, r0
    9c74:	a3 9f       	mul	r26, r19
    9c76:	70 0d       	add	r23, r0
    9c78:	81 1d       	adc	r24, r1
    9c7a:	11 24       	eor	r1, r1
    9c7c:	91 1d       	adc	r25, r1
    9c7e:	b2 9f       	mul	r27, r18
    9c80:	70 0d       	add	r23, r0
    9c82:	81 1d       	adc	r24, r1
    9c84:	11 24       	eor	r1, r1
    9c86:	91 1d       	adc	r25, r1
    9c88:	08 95       	ret

00009c8a <_exit>:
    9c8a:	f8 94       	cli

00009c8c <__stop_program>:
    9c8c:	ff cf       	rjmp	.-2      	; 0x9c8c <__stop_program>
