S01400004D5050545F5043425F4D43552E7372656357
S113000038C1000055C1000053C1000051C10000B7
S11300104FC100004DC100004BC1000049C10000A8
S113002047C1000045C1000043C1000041C10000B8
S11300303FC100000C94FD333BC1000039C10000F6
S113004037C1000035C1000033C1000031C10000D8
S11300500C9461332DC100000C94C53329C10000F8
S113006027C1000025C1000023C1000021C10000F8
S11300701FC100001DC100001BC1000019C1000008
S113008017C1000015C1000013C100000763423608
S1130090B79BD8A71A39685618AEBAAB558C1D3C15
S11300A0B7CC5763BD6DEDFD753EF6177231BF00D9
S11300B00000803F08000000BE922449123EABAA13
S11300C0AA2ABECDCCCC4C3E00000080BEABAAAA6E
S11300D0AA3E00000000BF000000803F00000000B6
S11300E000084178D3BB4387D1133D190E3CC3BDEF
S11300F04282AD2B3E68EC8276BED98FE1A93E4C9C
S113010080EFFFBE01C4FF7F3F000000000005A890
S11301104CCDB2D44EB93836A9020C50B991868868
S1130120083CA6AAAA2ABE000000803F696E6600A9
S1130130494E46006E616E004E414E0000407A10FA
S1130140F35A00A0724E18090010A5D4E80000E884
S11301507648170000E40B54020000CA9A3B0000E2
S113016000E1F505000080969800000040420F0071
S11301700000A08601000000102700000000E80332
S1130180000000006400000000000A0000000000FD
S11301900100000000002C76D888DC674F0823DFBC
S11301A0C1DFAE59E1B1B796E5E3E453C63AE6518F
S11301B0997696E8E6C28426EB898C9B62ED407CB6
S11301C06FFCEFBC9C9F40F2BAA56FA5F490055A52
S11301D02AF75C936B6CF9676DC11BFCE0E40D4777
S11301E0FEF520E6B500D0ED902E0300943577059A
S11301F00080841E080000204E0A000000C80C3352
S11302003333330F986E12831141EF8D2114893BE0
S1130210E65516CFFEE6DB18D1844B381BF77C1D60
S1130220901DA4BBE424203284725E228100C9F1B3
S113023024ECA1E53D274E414E494E495459494EBF
S113024046CDCCCC3D0AD7233C17B7D13877CC2B3D
S1130250329595E6241FB14F0A000020410000C8E2
S11302604200401C4620BCBE4CCA1B0E5AAEC59D63
S1130270740011241FBECFEFD0E4DEBFCDBF12E067
S1130280A0E0B1E0EEE8FCE900E00BBF02C007909B
S11302900D92AA3AB107D9F725E1AAEAB2E001C062
S11302A01D92AC38B207E1F70E9407310C94454E19
S11302B0A7CECF93DF938091EC1480FD0AC0909178
S11302C0BE028091E514891720F48091BE020E9439
S11302D0FC3F8091421590914315A0914415B09133
S11302E045158093BD149093BE14A093BF14B0938E
S11302F0C0146091BD147091BE148091BF1490918C
S1130300C0140E94D02D8091BF029091C002A89584
S1130310009749F0EFE9FFE03197F1F700C00000E2
S1130320A8950197F5CFC6E0C15019F10E94BB2CE6
S11303308091EC1480FD1DC0D091E514109230150D
S113034010922F1510925B150E9407428091E514BC
S1130350D81305C08091E5148093BE020AC0FFEF54
S113036020E782E0F15020408040E1F700C0000027
S1130370DBCF6091971070919810809199109091B3
S11303809A10DF91CF910895CF93DF938091EC146D
S113039081FD0AC09091A80A80915C15891720F408
S11303A08091A80A0E94FA401092BD141092BE14C3
S11303B01092BF141092C0146091BD147091BE14B9
S11303C08091BF149091C0140E94D02D8091BF02DF
S11303D09091C002A895009749F0EFE9FFE03197AA
S11303E0F1F700C00000A8950197F5CF00990BC064
S11303F00E94A63DFFEF20E782E0F15020408040BC
S1130400E1F700C00000C7E0C15019F10E943A2D85
S11304108091EC1481FD1DC0D0915C151092EB14F9
S11304201092EA1410925D150E944D4280915C1561
S1130430D81305C080915C158093A80A0AC09FEF69
S1130440E0E7F2E09150E040F040E1F700C0000046
S1130450DBCFDF91CF9108952F923F924F925F921D
S11304606F927F928F929F92AF92BF92CF92DF92C0
S1130470EF92FF920F931F93CF93DF9300D01F92BD
S1130480CDB7DEB72DB73EB73B832A838091B7063D
S1130490EDB7FEB722E0829FE019F10911240FB6EF
S11304A0F894FEBF0FBEEDBF8DB79EB701967C01D9
S11304B0D090E514C0905C15409097145090981417
S11304C06090991470909A148091B8029091B90236
S11304D080329E4418F080E69AEE0AC08091B802F9
S11304E09091B9029C01220F331F820F931FC29671
S11304F09093C0028093BF026091C2027091C302C4
S11305008091C4029091C5022091C7023091C80223
S11305104091C9025091CA020E940447181684F0FF
S11305208091C7029091C802A091C902B091CA02F9
S11305308093C2029093C302A093C402B093C502F5
S11305406091C2027091C3028091C4029091C5026D
S11305502091C7023091C8024091C9025091CA0249
S11305608090B4029090B502A090B602B090B70209
S11305700E949F46A50194010E9408470E94C54914
S11305800E94A6476983372E8091EC1480FD2DC00C
S11305901092301510922F156091561470915714C3
S11305A080915814909159142091B8063091B9064D
S11305B04091BA065091BB060E94A94818164CF403
S11305C06091561470915714809158149091591455
S11305D008C06091B8067091B9068091BA069091EE
S11305E0BB060E94C03C0E94FC3F8091EC1481FF3A
S11305F0CBDE6091561470915714809158149091E9
S113060059140E94D02D1398129811988091BF020A
S11306109091C002A895009749F0EFE9FFE0319767
S1130620F1F700C00000A8950197F5CF2090B70618
S11306306091B8067091B9068091BA069091BB0694
S11306400E94D02D57018701222071F00E94682951
S1130650F801819391938F012A948981932D0097B6
S113066099F301970000FBCF2090B7062220D1F028
S11306702A94022D10E0F801EE0FFF1FEE0DFF1D6E
S11306806081718180E090E00E94D247000F111FC9
S1130690000F111FF801E355F54F608371838283C6
S11306A09383E4CF60915614709157148091581439
S11306B0909159140E94D02D139A129811988091F8
S11306C0BF029091C002A895009749F0EFE9FFE0BE
S11306D03197F1F700C00000A8950197F5CF10916C
S11306E0B7066091B8067091B9068091BA069091E8
S11306F0BB060E94D02D112371F00E946829F501D8
S1130700819391935F0111508981932D009799F3FF
S113071001970000FBCFB090B706BB20D1F0BA948C
S11307200B2D10E0F801EE0FFF1FEE0DFF1D608191
S1130730718180E090E00E94D247000F111F000FEA
S1130740111FF801E454F94F60837183828393830A
S1130750E4CF80912B148B7F80932B1480912A14E7
S1130760826080932A1460919714709198148091F8
S1130770991490919A140E94D02D80915C15C816FA
S113078039F01092EB141092EA148C2D0E94FA4066
S11307908091E514D81639F01092301510922F1567
S11307A08D2D0E94FC3FC301B2010E94D02D1398ED
S11307B0129811988091BF029091C002A895009759
S11307C049F0EFE9FFE03197F1F700C00000A89588
S11307D00197F5CF80912A148E7F80932A148091FB
S11307E031148E7F809331142A813B810FB6F894A3
S11307F03EBF0FBE2DBF0F900F900F90DF91CF9192
S11308001F910F91FF90EF90DF90CF90BF90AF902A
S11308109F908F907F906F905F904F903F902F901C
S113082008954F925F926F927F928F929F92AF92B0
S1130830BF92CF92DF92EF92FF92CF93DF93CDB727
S1130840DEB72C970FB6F894DEBF0FBECDBF698715
S11308507A878B879C8729013A018091C102898319
S1130860812C912C5401C12CD12C7601A981AA236D
S113087009F44AC0139812981198AFE8B1E011979F
S1130880F1F700C000008091B20290E00E94AB2911
S1130890C60ED71EE81EF91E80910314882321F08A
S11308A08091B302806207C080919210882329F05E
S11308B08091B30280618093B302139A12981198C5
S11308C08FE891E00197F1F700C000008091B20237
S11308D090E00E94AB29860E971EA81EB91E809137
S11308E00314882321F08091B302806807C08091AB
S11308F09210882329F08091B30280648093B3021C
S1130900998191509983B2CF8091C60281FF23C00F
S11309101398129811988FE891E00197F1F700C0AD
S113092000008091B20290E00E94AB29C60ED71E4F
S1130930E81EF91E80910314882321F08091EC14A1
S1130940806207C080919210882329F08091EC1472
S113095080618093EC148091641590916515A09149
S11309606615B091671589839A83AB83BC838091A4
S1130970131590911415A0911515B09116158D832A
S11309809E83AF83B887C701B6010E94D2472985E9
S11309903A854B855C850E94624929813A814B8165
S11309A05C810E94A0462D813E814F8158850E9422
S11309B06249609397107093981080939910909364
S11309C09A10C090E014D090E114E090E214F090FA
S11309D0E3148091DC149091DD14A091DE14B091A5
S11309E0DF1489839A83AB83BC83C501B4010E945D
S11309F0D247A30192010E946249A70196010E9475
S1130A00A04629813A814B815C810E9462496093AE
S1130A104E1270934F128093501290935112609122
S1130A209710709198108091991090919A1020913C
S1130A3008153091091540910A1550910B15C09075
S1130A404E12D0904F12E0905012F09051120E942A
S1130A506249A70196010E94A046609349127093CF
S1130A604A1280934B1290934C122C960FB6F89422
S1130A70DEBF0FBECDBFDF91CF91FF90EF90DF902F
S1130A80CF90BF90AF909F908F907F906F905F902A
S1130A904F9008955F926F927F928F929F92AF9240
S1130AA0BF92CF92DF92EF92FF920F931F93CF9357
S1130AB0DF93C091B706D0E010E000E0912CC12C88
S1130AC0D12C7601CC2381F1C15084E0C89F9001E0
S1130AD01124F901E355F54F5F0160817181828131
S1130AE09381F901E454F94F20813181428153818A
S1130AF00E946249562E672E782E892E262F372F74
S1130B00482F592F6D2F712F802F992D0E94044744
S1130B1087FFD8CFF501C080D180E280F380D52D46
S1130B20162D072D982CCECFC701B601DF91CF919A
S1130B301F910F91FF90EF90DF90CF90BF90AF90F7
S1130B409F908F907F906F905F900895CF92DF92E7
S1130B50EF92FF92139A1298119A8FE891E00197FD
S1130B60F1F700C0000084E190E00E947C29139A10
S1130B70129A119A0E94D2472DEC3CEC4CE45DE3AE
S1130B800E9462492091191430911A1440911B1447
S1130B9050911C140E9462496B017C019B01AC01C1
S1130BA060E070E080E897E40E949F469B01AC01FE
S1130BB0C701B6010E94084720910C1430910D140E
S1130BC040910E1450910F14C0908E10D0908F103D
S1130BD0E0909010F09091100E946249A701960154
S1130BE00E9462490E94EF48209104143091051438
S1130BF040910614509107140E9462492EE13FEC83
S1130C004BE55BE30E94A0469B01AC0160E070E011
S1130C1080E89FE30E94084723E333E948E853E46C
S1130C200E949F466093A7107093A8108093A91008
S1130C309093AA108091CB1487FD48C08091CB1467
S1130C4080FD44C06091151470911614809117149E
S1130C50909118142091721430917314409174146B
S1130C60509175140E94A9481816A4F06091A71019
S1130C707091A8108091A9109091AA1020915214FB
S1130C803091531440915414509155140E94A94822
S1130C901816E4F41698179A8091CB148160809307
S1130CA0CB148091CB1482608093CB148091A714D1
S1130CB09091A81490935C1480935B148FE19EE44C
S1130CC00197F1F700C00000169A179AFF90EF9071
S1130CD0DF90CF900C947036CF92DF92EF92FF9218
S1130CE013981298119A8FE891E00197F1F700C0D8
S1130CF0000084E190E00E947C29139A129A119AD0
S1130D000E94D2472DEC3CEC4CE45DE30E94624926
S1130D1020911D1430911E1440911F1450912014E1
S1130D200E9462496B017C019B01AC0160E070E0B0
S1130D3080E897E40E949F469B01AC01C701B6017D
S1130D400E94084720919F103091A0104091A1105B
S1130D505091A210C0905E12D0905F12E090601289
S1130D60F09061120E946249A70196010E946249B3
S1130D700E94EF4820915212309153124091541224
S1130D80509155120E9462492EE13FEC4BE55BE322
S1130D900E94A0469B01AC0160E070E080E89FE304
S1130DA00E94084723E333E948E853E40E949F463E
S1130DB06093151470931614809317149093181459
S1130DC08091CB1487FD48C08091CB1480FD44C032
S1130DD06091151470911614809117149091181441
S1130DE020917214309173144091741450917514BD
S1130DF00E94A9481816A4F06091A7107091A81039
S1130E008091A9109091AA102091521430915314FA
S1130E1040915414509155140E94A9481816E4F4B2
S1130E201698179A8091CB1481608093CB1480918B
S1130E30CB1482608093CB148091A7149091A81452
S1130E4090935C1480935B148FE19EE40197F1F717
S1130E5000C00000169A179AFF90EF90DF90CF9091
S1130E600C9470368F929F92AF92BF92CF92DF9282
S1130E70EF92FF92139A129A11988FE891E00197DA
S1130E80F1F700C0000084E190E00E947C29139AED
S1130E90129A119A8090431290904412A090451295
S1130EA0B0904612C090FB13D090FC13E090FD1359
S1130EB0F090FE130E94D2472DEC3CEC4CE45DE331
S1130EC00E946249A50194010E946249A70196010A
S1130ED00E94A0466093111470931214809313140B
S1130EE0909314146091111470911214809113143E
S1130EF0909114142091BA023091BB024091BC022B
S1130F005091BD020E94044787FD14C060911114E2
S1130F107091121480911314909114142091AA02C8
S1130F203091AB024091AC025091AD020E94A948AD
S1130F3018162CF48091B30284608093B302FF905E
S1130F40EF90DF90CF90BF90AF909F908F900895D7
S1130F502F923F924F925F926F927F928F929F92C5
S1130F60AF92BF92CF92DF92EF92FF920F931F93B3
S1130F70CF93DF93CDB7DEB72D970FB6F894DEBFCE
S1130F800FBECDBF1092B30220915C152A8330911D
S1130F90E5143B838091971490919814A09199142F
S1130FA0B0919A1488879987AA87BB878091C602D3
S1130FB081FF4FC09091B20299836091C10270E0A9
S1130FC080E090E00E94D24720E030E040E85FE318
S1130FD00E94A0466B017C01A9816A2F70E080E029
S1130FE090E00E94D2479B01AC01C701B6010E9468
S1130FF062499B01AC0160E070E080E89FE30E94DD
S11310000847062F372E8983192F6091B202B090BA
S1131010C10270E080E090E00E94D2476B017C0145
S11310206B2D70E080E090E00E94D2479B01AC0100
S1131030C701B6010E9462499B01AC0160E070E007
S113104080E89FE30E9408476C837D838E839F839F
S113105029C06091B202B091C102B98370E080E00E
S113106090E00E94D2476B017C01E9816E2F70E011
S113107080E090E00E94D2479B01AC01C701B60119
S11310800E9462499B01AC0160E070E080E89FE34C
S11310900E940847062F372E8983192F6C837D837E
S11310A08E839F838091B8029091B90280329E44CE
S11310B018F080E69AEE0AC08091B8029091B902C5
S11310C09C01220F331F820F931FC2969093C0027C
S11310D08093BF02EED86B017C0156D98091C60281
S11310E080FFB6C08090AE029090AF02A090B00294
S11310F0B090B1026091B70670E061507109072E9B
S1131100000C880B990B0E94D4479B01AC01C501CC
S1131110B4010E9408472B013C012091A90A309197
S1131120AA0A4091AB0A5091AC0AC701B6010E94C9
S113113062496B017C016091B70670E061507109EE
S1131140072E000C880B990B0E94D447A30192012F
S11311500E9462490E94E5494B015C016091AE0224
S11311607091AF028091B0029091B10226EA3FE003
S113117049EC5FE30E940447A5019401181644F466
S113118060E070E080E090E40E949F469B01AC0127
S1131190C701B6010E9408476B017C01212C809194
S11311A0B706281608F043C0222D30E03D872C876F
S11311B0B901330F880B990B0E94D447A301920104
S11311C00E9462494B015C0126EA3FE049EC5FE37F
S11311D00E940447AC85BD85AA0FBB1FAA0FBB1F85
S11311E0BD87AC8718164CF0C501B4010E94E549CF
S11311F09B01AC01C701B6010EC0C501B4010E9438
S1131200E5499B01AC0160E070E080E090E40E945D
S11312109F46A70196010E946249EC85FD85E5532E
S1131220FD4F60837183828393832394B8CF80912D
S1131230C60282FF4DC0E091B706B4E0EB9FF00117
S11312401124E953FD4F608171818281938148C0EB
S11312502091A90A3091AA0A4091AB0A5091AC0A94
S1131260B090B706C701B6010E9462496B017C01C8
S11312706B2D70E061507109072E000C880B990BDF
S11312800E94D4479B01AC01C701B6010E940847E4
S11312904B015C01D12C8091B706D81640F6ED2C99
S11312A0F12C6D2D70E080E090E00E94D247A50102
S11312B094010E946249F701EE0FFF1FEE0FFF1F1A
S11312C0E553FD4F6083718382839383D394E3CF8B
S11312D06091CB027091CC028091CD029091CE02AC
S11312E00E94D02D8091BF029091C002A8950097D2
S11312F049F0EFE9FFE03197F1F700C00000A8954D
S11313000197F5CFA12C8091B706A81608F076C0F6
S11313108091C602CA2CD12C82FF0CC0E091B70682
S1131320F0E0EC19FD09EE0FFF1FEE0FFF1FE9536C
S1131330FD4F07C0F601EE0FFF1FEE0FFF1FE55331
S1131340FD4F60817181828193810E94D02DA89587
S1131350E090B802F090B902F1E0EF1AF1081C86AF
S1131360FFEFEF16FF0609F4C7C0A8952C852130BE
S113137081F4ECDB882339F08091B302826080939E
S1131380B30281E001C080E0ABE4B6E01197F1F76D
S113139012C0BC85B230A9F49FDC882339F0809157
S11313A0B30282608093B30281E001C080E0EBE489
S11313B0F6E03197F1F700C00000882309F4CAC0B1
S11313C01DC0FC85F33051F44DDD8BE39AE00197A9
S11313D0F1F700C0000094E09C870CC0ABE9BFE0CB
S11313E01197F1F700C00000BC85BF5FBC87BA301D
S11313F008F01C86E1E0EE1AF108B2CF009904C0AF
S11314008091B302816003C08091B3028E7F809388
S1131410B3028091691480688093691480912A14BE
S1131420826080932A1480912B148D7F80932B14D7
S113143088859985AA85BB858093BD149093BE1435
S1131440A093BF14B093C01480915C159A8198172F
S113145039F01092EB141092EA14892F0E94FA408A
S11314608091E514AB81A81739F0109230151092D1
S11314702F158A2F0E94FC3F6091BD147091BE14F9
S11314808091BF149091C0140E94D02D139812988B
S113149011988091BF029091C002A895009749F0DD
S11314A0EFE9FFE03197F1F700C00000A89501973C
S11314B0F5CF80912A148E7F80932A148091311461
S11314C08E7F809331142D960FB6F894DEBF0FBE35
S11314D0CDBFDF91CF911F910F91FF90EF90DF90DF
S11314E0CF90BF90AF909F908F907F906F905F90C0
S11314F04F903F902F9008952C813D814E815F81C4
S1131500602F732D8981912F8CD940919710509120
S113151098106091991070919A10C601880F991FC4
S1131520880F991FFC01E355F54F40835183628373
S113153073834091491250914A1260914B127091F9
S11315404C12FC01E454F94F40835183628373834A
S1131550A394D9CEFC85FF5FFC874CCFCF93C82FD3
S11315608091FA13C11102C08F7B03C0C13039F4DA
S113157080648093FA138091FA138F770AC0C23083
S113158011F48F7B01C080648093FA138091FA1365
S113159080688093FA134091FA136091471282E0B5
S11315A00E9444308FE891E00197F1F700C00000F9
S11315B0C093990ECF910895CF93C82F8091FA13B9
S11315C0C11102C08F7E03C0C13039F480618093A1
S11315D0FA138091FA138F7D0AC0C23011F48F7E02
S11315E001C080618093FA138091FA138062809322
S11315F0FA134091FA136091471282E00E9444303A
S11316008FE891E00197F1F700C00000C0939C0EB1
S1131610CF9108959091990E80919A0E981719F090
S113162080919A0E9BDF90919C0E80919B0E98174F
S113163019F080919B0EC0CF0895BC0180919E0E3D
S11316408111FCCF90E0292F30E0FB01E20FF31F62
S11316504081442339F08081F901EA56F04F8083B8
S11316609F5FF1CF8091291486FD06C0F901EA56E7
S1131670F04F8AE080839F5FE92FF0E0EA56F04F55
S1131680108290939E0E81E08093950F8091C0000C
S113169085FFFCCF5A9A85E08A95F1F70000809186
S11316A0C10080648093C1008091960F8093C6002E
S11316B00895AC0190918A10992379F09150292FC3
S11316C030E0F901E056F14F8081FA01E20FF31F97
S11316D02081281789F380E0089581E00895AC0102
S11316E090918A10691778F49150292F30E0F9010C
S11316F0E056F14F8081FA01E20FF31F2081281791
S113170089F380E0089581E008959C0110928A1085
S113171080918A10F901E80FF11D8081E0918A100F
S1131720F0E0882379F080918A10D901A80FB11DC7
S11317308C91E056F14F808390918A109F5F909333
S11317408A10E6CFE056F14F10820895AC01E09183
S11317508A10F0E0E056F14F89E0808390918A107E
S11317609F5F90938A1090E0DA01A90FB11D8C91CC
S1131770E0918A10F0E0882359F08C91E056F14F03
S113178080839F5F20918A102F5F20938A10ECCF73
S1131790E056F14F10820895AC0160938A1090E0F6
S11317A0FA01E90FF11D2081E0918A10F0E0E05682
S11317B0F14F222341F0208320918A102F5F209340
S11317C08A109F5FEDCF10820895E0918A10F0E0B7
S11317D0E056F14F8FE3808380918A108F5F80936E
S11317E08A10E0918A10F0E0E056F14F10820895DB
S11317F0FB012E2F261B421741F0DC013D91CD0148
S11318002081321304C03196F4CF81E0089580E042
S11318100895AC0190E0E92FF0E0DB01AE0FBF1FAB
S11318202C91E40FF51F222319F020839F5FF3CF3F
S113183010820895CF93DF93DC0190E0FD01E90F5E
S1131840F11D8081882311F09F5FF8CF492F842FE9
S1131850891BEB01C80FD11D8881242F30E0FD01C5
S1131860E20FF31F882321F0888180834F5FEFCF3D
S11318701082DF91CF9108950F93FC01CB01BA013F
S113188003E025E0AF010E945E4A0F910895CF93D3
S1131890DF93CDB7DEB7C656D1090FB6F894DEBFD5
S11318A00FBECDBF8091291487FF17C080919E0E73
S11318B0811113C08091A00E811107C08091291459
S11318C08F7B8093291410929D0E80EA9EE0B5DEF2
S11318D0809129148F77809329148091291487FD8E
S11318E03BC090919D0E8091B706981760F5E091EA
S11318F09D0E84E0E89FF0011124E355F54F4081EB
S1131900518162817381CE010196B6DF10928A10F3
S1131910CE0101961BDFE0919D0E84E0E89FF0016B
S11319201124E454F94F4081518162817381CE01C5
S11319300196A2DFCE01019609DF80919D0E8F5F93
S113194080939D0E04C010929D0E1092A00E809163
S11319502914806880932914CA59DF4F0FB6F8946C
S1131960DEBF0FBECDBFDF91CF9108954F925F923E
S11319706F927F928F929F92AF92BF92EF92FF925B
S11319800F931F93CF93DF93EC018B0180E091E0E1
S1131990BCDECE018EDE882309F464C08091261457
S11319A090912A144AE0B8010E94084CC801CEDE86
S11319B040919710509198106091991070919A10DD
S11319C0C8015ADFC801C2DE4091491250914A123F
S11319D060914B1270914C12C8014EDFC801B6DE03
S11319E040919B1050919C1060919D1070919E109D
S11319F0C80142DFC801AADE4091111450911214AB
S1131A006091131470911414C80136DFC8019EDE6E
S1131A104091A7105091A8106091A9107091AA103C
S1131A20C8012ADFC80192DE4091151450911614A2
S1131A306091171470911814C8011EDFC80186DE66
S1131A4080912D1480FD02C00C94D616409156123C
S1131A50509157126091581270915912C8010CDFBD
S1131A600C94D31686E091E050DECE0122DE88236A
S1131A7049F180918A10FE01E80FF11D80818111E6
S1131A8012C0F8018081813321F480912B1481608C
S1131A9007C0803311F00C94EE1680912B148E7FC6
S1131AA080932B140AC080918A10C80FD11D88819D
S1131AB08F3311F00C94EE1688DE80912B1480FF86
S1131AC039C00EC58FE091E020DEF0908A10CE017F
S1131AD0F0DD811132C08CE391E017DEF0908A10C2
S1131AE0CE01E7DD811170C083E292E00EDEF0905A
S1131AF08A10CE01DEDD882309F459C36F2D82E6F6
S1131B0091E04ADE6F2DCE01EADD882309F4AAC1F3
S1131B1080918A10C80FD11D888181110C94EE1612
S1131B200E947036882309F41FC180912B148D7F85
S1131B3080932B148DE091E072C06F2D81E191E0D0
S1131B402BDE6F2DCE01CBDD882341F0809126144E
S1131B5090912A144AE0B8010C94D1166F2D86E1B5
S1131B6091E01ADE6F2DCE01BADD882321F08BE0DF
S1131B7091E0CBDD55C06F2D8BE191E00DDE6F2D33
S1131B80CE01ADDD882349F080E291E0DFDD8BE218
S1131B9091E0DCDD8DE394E142C06F2D88EC91E0AF
S1131BA0FBDD6F2DCE019BDD882309F494CF8BE000
S1131BB091E0CCDD80EA9EE040DD80919E0E8111B3
S1131BC0FCCFF8940C9400006F2D82E491E0E4DDE6
S1131BD06F2DCE0184DD882339F180918A10FE01B6
S1131BE0E80FF11D8081811108C0C8010E94034BD8
S1131BF06093A9148091A9140CC080918A10C80F15
S1131C00D11D88818F3311F00C94EE16DEDD8091A6
S1131C1092144AE0B80190E00E94084CC80196DD95
S1131C2080EA9EE00C94F0166F2D87E491E0B4DD19
S1131C306F2DCE0154DD882339F180918A10FE0185
S1131C40E80FF11D808181110CC0C8010E94E34A94
S1131C5060935614709357148093581490935914A6
S1131C600AC080918A10C80FD11D88818F3311F06A
S1131C700C94EE16AADD40915614509157146091BD
S1131C805814709159142FC06F2D8FE491E084DDA6
S1131C906F2DCE0124DD882349F180918A10FE0145
S1131CA0E80FF11D808181110CC0C8010E94E34A34
S1131CB06093B1147093B2148093B3149093B414DA
S1131CC00AC080918A10C80FD11D88818F3311F00A
S1131CD00C94EE167ADD4091B1145091B2146091D7
S1131CE0B3147091B414C801C7DD98CF6F2D87E584
S1131CF091E052DD6F2DCE01F2DC882309F4F4CE9D
S1131D0080918A10FE01E80FF11D808181111DC0B0
S1131D10C8010E94034B6136FAEE7F0781059105E5
S1131D201CF080E69AEE07C0161617061806190668
S1131D303CF081E090E09093C6148093C5140FC0EA
S1131D407093C6146093C5140AC080918A10C80F9A
S1131D50D11D88818F3311F00C94EE1636DD60911D
S1131D60C5147091C6142AC18091261485FDDDCE58
S1131D708091261480FFD9CE80912B1482608093A9
S1131D802B148091B8029091B90280329E4418F0CD
S1131D9080E69AEE0AC08091B8029091B9029C0143
S1131DA0220F331F820F931FC2969093C002809319
S1131DB0BF027090B706E090B802F090B90260914B
S1131DC0B7065090C1026090B202C091BF02D09198
S1131DD0C00270E080E090E00E94D2474B015C01B9
S1131DE0652D70E080E090E00E94D2479B01AC0139
S1131DF0C501B4010E9462494B015C01662D70E08B
S1131E0080E090E00E94D24728E539E344EB5CE3AC
S1131E100E9462492EEA37E441E65EE30E94A0464E
S1131E209B01AC01C501B4010E9462494B015C01F4
S1131E30672D70E080E090E00E94D2472B013C01C6
S1131E40B70180E090E00E94D2479B01AC01C3013E
S1131E50B2010E9462499B01AC01C501B4010E9418
S1131E60A046FEC16F2D87E691E096DC6F2DCE0172
S1131E7036DC8823A9F180918A10C80FD11D88818E
S1131E808F3309F0ABC7809129148064809329149F
S1131E9010929D0E9ADC8091B3024AE0B80190E062
S1131EA00E94084CC80152DC80912D1480FF0CC0A4
S1131EB040915612509157126091581270915912D4
S1131EC0C801DADCC80142DC80EA9EE0B6DB80911E
S1131ED029148F778093291480912A148D7F6DC7DC
S1131EE06F2D8CE691E058DC6F2DCE01F8DB882352
S1131EF051F180918A10FE01E80FF11D808181115A
S1131F0016C0C8010E94034B6B3F71058105910502
S1131F1014F08AEF06C0643071058105910524F43C
S1131F2083E08093B7060CC06093B70609C0809124
S1131F308A10C80FD11D88818F3309F04FC745DC43
S1131F408091B70666CE6F2D8CE591E025DC6F2D70
S1131F50CE01C5DB8823C9F180918A10FE01E80F08
S1131F60F11D808181111DC0C8010E94034B61369F
S1131F70EAEE7E07810591051CF080E69AEE07C023
S1131F8016161706180619063CF081E090E09093A7
S1131F90B9028093B8020EC07093B9026093B8027C
S1131FA009C080918A10C80FD11D88818F3309F030
S1131FB015C70BDC6091B8027091B90280E090E023
S1131FC02AE0A8010E94124C29CE6F2D83E791E0EC
S1131FD0E3DB6F2DCE0183DB882359F180918A10D6
S1131FE0FE01E80FF11D8081811117C0C8010E9414
S1131FF0034B6F3F71058105910519F014F08FEFC4
S113200006C0161617061806190624F081E08093F8
S1132010B2020CC06093B20209C080918A10C80F4A
S1132020D11D88818F3309F0D9C6CFDB8091B202EC
S1132030F0CD6F2D8AE791E0AFDB6F2DCE014FDB42
S1132040882359F180918A10FE01E80FF11D8081E7
S1132050811117C0C8010E94034B6F3F71058105B0
S1132060910519F014F08FEF06C01616170618061E
S1132070190624F081E08093C1020CC06093C10270
S113208009C080918A10C80FD11D88818F3309F04F
S1132090A5C69BDB8091C102BCCD6F2D82E491E08B
S11320A07BDB6F2DCE011BDB882319F180918A1015
S11320B0FE01E80FF11D808181110FC0C8010E944B
S11320C0034B6F3F71058105910520F089E191E093
S11320D03DDB0CC06093C60209C080918A10C80F12
S11320E0D11D88818F3309F079C66FDB8091C602D8
S11320F090CD6F2D83E891E04FDB6F2DCE01EFDAA9
S1132100882331F180918A10FE01E80FF11D80814E
S113211081110CC0C8010E94E34A6093AE0270931F
S1132120AF028093B0029093B10209C080918A10EB
S1132130C80FD11D88818F3309F050C646DB40910A
S1132140AE025091AF026091B0027091B102CBCD5A
S11321506F2D8DE891E020DB6F2DCE01C0DA88234E
S113216031F180918A10FE01E80FF11D8081811107
S11321700CC0C8010E94E34A6093A90A7093AA0A9A
S11321808093AB0A9093AC0A09C080918A10C80F5F
S1132190D11D88818F3309F021C617DB4091A90A2C
S11321A05091AA0A6091AB0A7091AC0A9CCD86E961
S11321B091E0ABDAF0908A10CE017BDA882309F43F
S11321C0C9C06F2D82E691E0E7DA6F2DCE0187DA80
S11321D0882309F461C080918A10C80FD11D8881B9
S11321E08111FCC50E947036811108C080912614AB
S11321F085FD04C08091261480FD04C080912B14B9
S11322008B7F96CC80912B14846080932B148091C7
S1132210B8029091B90280329E4418F080E69AEE9A
S11322200AC08091B8029091B9029C01220F331F19
S1132230820F931FC2969093C0028093BF02609155
S1132240B706C091BF02D091C00270E080E090E078
S11322500E94D24720E030E040E251E40E9462490B
S113226020E030E048E453E40E94A0464B015C01C6
S1132270BE0180E090E00E94D24720E030E040E8D8
S113228050E40E9462499B01AC01C501B4010E9463
S1132290A0460E94A14794CE6F2D8DE991E07CDA8F
S11322A06F2DCE011CDA882331F180918A10FE0152
S11322B0E80FF11D808181110CC0C8010E94E34A1E
S11322C06093B8067093B9068093BA069093BB06E0
S11322D009C080918A10C80FD11D88818F3309F0FD
S11322E07DC573DA4091B8065091B9066091BA067B
S11322F07091BB06F8CC6F2D8CE591E04DDA6F2D13
S1132300CE01EDD9882331F180918A10FE01E80FC6
S1132310F11D808181110CC0C8010E94E34A6093C1
S1132320C2027093C3028093C4029093C50209C091
S113233080918A10C80FD11D88818F3309F04EC552
S113234044DA4091C2025091C3026091C402709178
S1132350C502C9CC85EA91E0D8D9F0908A10CE01A3
S1132360A8D9882309F42DC26F2D8CEA91E014DAE0
S11323706F2DCE01B4D98823E9F080918A10C80F5B
S1132380D11D88818F3309F029C540916015509182
S113239061156091621570916315C8016DDAC80109
S11323A0D5D94091D8145091D9146091DA14709110
S11323B0DB1499CC6F2D83EB91E0EED96F2DCE0118
S11323C08ED98823C1F180918A10FE01E80FF11D96
S11323D08081811120C0F801808190E0C0970A9724
S11323E008F0FCC4C8010E94034B653071058105E7
S11323F0910548F08091EC148E7F8093EC148FEF5C
S11324008093101540C02091EC1421602093EC14AB
S1132410609310150DC080918A10C80FD11D88815A
S11324208F3309F0DBC4D1D9809110158F3F59F156
S113243080911015EECB6F2D8FEB91E0ADD96F2D00
S1132440CE014DD98823D1F180918A10FE01E80F85
S1132450F11D8081811122C0F801808190E0C09734
S11324600A9708F0BBC4C8010E94034B663071058B
S11324708105910558F08091EC148D7F8093EC14C4
S11324808FEF809312158AEB91E0C9CB2091EC1465
S113249022602093EC14609312150DC080918A1071
S11324A0C80FD11D88818F3309F098C48ED98091CB
S11324B012158F3F41F380911215ABCB6F2D86EC33
S11324C091E06AD96F2DCE010AD9882361F08091F9
S11324D08A10C80FD11D8881811180C40E94A63D35
S11324E08BE091E09CCB6F2D8CEC91E055D96F2D56
S11324F0CE01F5D8882359F180918A10FE01E80FA6
S1132500F11D8081811117C0F801808190E0C0978E
S11325100A9708F063C4C8010E94034B6F3F71051A
S11325208105910529F020F08FEF809346150CC0AA
S11325306093461509C080918A10C80FD11D888107
S11325408F3309F04BC441D98091461562CB6F2D6E
S113255083ED91E021D96F2DCE01C1D8882359F1A3
S113256080918A10FE01E80FF11D8081811117C04E
S1132570F801808190E0C0970A9708F02FC4C80141
S11325800E94034B6F3F71058105910529F020F0EE
S11325908FEF809307150CC06093071509C08091D5
S11325A08A10C80FD11D88818F3309F017C40DD943
S11325B0809107152ECB6F2D8AED91E0EDD86F2D0C
S11325C0CE018DD8882309F4FCC0F0908A106F2DB9
S11325D082E491E0E1D86F2DCE0181D8882309F4FB
S11325E071C080918A10FE01E80FF11D8081811174
S11325F04EC080912B14806880932B1444E065EBCB
S113260071E0C801F5D8813071F48091EC148460D4
S11326108093EC148091EC14877F8093EC148FEFFB
S11326208093E5143DC044E061EC71E0C801E0D85A
S1132630813071F48091EC1488608093EC14809163
S1132640EC148B7F8093EC148FEF80935C1528C07F
S113265080912B148F7780932B148091EC1482FF3C
S113266004C08FEF8093E51407C08091EC1483FFBE
S113267003C08FEF80935C158091EC148B7F809363
S1132680EC148091EC14877F8093EC1409C0809142
S11326908A10C80FD11D88818F3309F09FC395D844
S11326A080912B1487FF46CA8091EC1482FF03C0EB
S11326B085EB91E0B4CA8091EC1483FF27C081ECD0
S11326C091E0ADCA6F2D82EE91E066D86F2DCE01F8
S11326D006D88823B9F180918A10FE01E80FF11D14
S11326E08081811120C0C8010E94E34A20912B14EB
S11326F027FD0FC080912B1487FF41C08091EC14FB
S113270082FD1BC08091EC1483FD17C08FED91E016
S113271086CA2091EC1422FD04C02091EC1423FFFE
S1132720E9CFE0D3E7CF80918A10C80FD11D88810B
S11327308F3309F053C349D8DDCF0E94C11BAB01CD
S1132740BC01D1CA6F2D80EF91E026D86F2DCE0148
S11327500E946F0B8823A9F180918A10FE01E80F73
S1132760F11D8081811118C0C8010E94E34A2091A3
S11327702B1427FD07C080912B1487FD17C088EE0A
S113278091E04DCA2091EC1422FD04C02091EC1478
S113279023FFF1CF6FD4EFCF80918A10C80FD11DE2
S11327A088818F3309F01AC310D8E5CF8091EC14D7
S11327B082FD04C08091EC1483FFA8CF0E941F1CEB
S11327C0BECF87EF91E00E94850BF0908A10CE0176
S11327D00E94590B882309F46DC06F2D82E491E0A7
S11327E00E94CC0B6F2DCE010E946F0B882309F43D
S11327F061C080918A10FE01E80FF11D8081811172
S11328002BC0C8010E94034B611571058105910518
S113281059F48091CB1480688093CB148091CB14AD
S11328208D7F8093CB1435C061307105810591058E
S113283059F48091CB1480688093CB148091CB148D
S113284082608093CB141AC08091CB148F778093CD
S1132850CB148BE092E0E3C980918A10C80FD11D9C
S113286088818F3309F0BAC20E94E50B8091CB14A2
S113287080FF07C08091CB1487FF03C084E092E0FF
S1132880CEC98091CB1480FD07C08091CB1487FF03
S113289003C08CEF91E0C3C98091CB1480FF07C0C3
S11328A08091CB1487FD03C080E192E0B8C988E130
S11328B092E0B5C981E292E00E94850BF0908A1003
S11328C0CE010E94590B882309F484C06F2D87E23E
S11328D092E00E94CC0B6F2DCE010E946F0B8823D7
S11328E049F0409197145091981460919914709103
S11328F09A14F9C96F2D8DE292E00E94CC0B6F2DD2
S1132900CE010E946F0B882369F180918A10FE0129
S1132910E80FF11D8081811118C0F801808190E0D9
S1132920C0970A9708F05AC2C8010E94034B64304A
S113293071058105910520F083E080939A0E02C011
S113294060939A0E80919A0E64C980918A10C80F80
S1132950D11D88818F3309F041C20E94E50B80911B
S1132960990E57C96F2D84E392E00E94CC0B6F2D12
S1132970CE010E946F0B882369F180918A10FE01B9
S1132980E80FF11D8081811118C0F801808190E069
S1132990C0970A9708F022C2C8010E94034B643012
S11329A071058105910520F083E080939B0E02C0A0
S11329B060939B0E80919B0E2CC980918A10C80F46
S11329C0D11D88818F3309F009C20E94E50B8091E3
S11329D09C0E1FC98AE392E00E94850BF0908A1036
S11329E0CE010E94590B882309F442C16F2D83E75D
S11329F091E00E94CC0B6F2DCE010E946F0B8823B7
S1132A0009F46FC080918A10FE01E80FF11D8081E6
S1132A10811156C0F801808190E0C0970A9708F0B0
S1132A20DDC1C8010E94034B6F3F7105810591050B
S1132A3021F01CF08FEF90E007C016161706180659
S1132A4019063CF081E090E090938D1080938C10F7
S1132A5004C070938D1060938C1060918C107091F1
S1132A608D10C091101480E090E00E94D2474B0179
S1132A705C016C2F70E080E090E00E94D2479B01E3
S1132A80AC01C501B4010E9462499B01AC0160E044
S1132A9070E080E89FE30E9408476093A31070935E
S1132AA0A4108093A5109093A6108091E4148160E3
S1132AB08093E4148091E41482608093E4140AC047
S1132AC080918A10C80FD11D88818F3309F086C187
S1132AD00E94E50B80918C1090918D104AE0B80112
S1132AE09BC86F2D8FE392E00E94CC0B6F2DCE011B
S1132AF00E946F0B882309F44AC080918A10FE015A
S1132B00E80FF11D8081811135C0F801808190E0CA
S1132B10C0970A9708F062C1C8010E94034B6F3F37
S1132B2071058105910519F014F08FEF06C0161692
S1132B3017061806190624F081E08093481202C093
S1132B40609348126091481270E080E090E00E9427
S1132B50D2479B01AC0160E070E080E89FE30E94F3
S1132B60084760935A1270935B1280935C1290939F
S1132B705D120AC080918A10C80FD11D88818F33DD
S1132B8009F02CC10E94E50B8091481242C86F2DB8
S1132B9089E492E00E94CC0B6F2DCE010E946F0B52
S1132BA0882309F465C080918A10FE01E80FF11DA5
S1132BB0808181114FC0F801808190E0C0970A970D
S1132BC008F00CC1C8010E94034B653671058105EC
S1132BD0910514F084E606C01616170618061906A1
S1132BE024F081E08093101402C06093101460916B
S1132BF08C1070918D10C091101480E090E00E94B0
S1132C00D2474B015C016C2F70E080E090E00E94A1
S1132C10D2479B01AC01C501B4010E9462499B01EA
S1132C20AC0160E070E080E89FE30E940847609395
S1132C30A3107093A4108093A5109093A610809174
S1132C40E41481608093E4148091E414826080939E
S1132C50E4140AC080918A10C80FD11D88818F3373
S1132C6009F0BCC00E94E50B809110140C94090E6D
S1132C7083E592E00E94850BF0908A10CE010E94B9
S1132C80590B882361F16F2D8AE592E00E94CC0BE9
S1132C906F2DCE010E946F0B882349F080918A101A
S1132CA0C80FD11D8881811199C061E013C06F2DB7
S1132CB080E091E00E94CC0B6F2DCE010E946F0B3F
S1132CC0882369F080918A10C80FD11D88818111F1
S1132CD085C060E0C8010E94CE220C940E0E80E6EE
S1132CE092E00E94850BCE010E94590B882309F4BF
S1132CF075C04091A7105091A8106091A9107091CF
S1132D00AA10C8010E943C0CC8010E94A60B409165
S1132D101514509116146091171470911814C80169
S1132D200E943C0CC8010E94A60B80912D1480FFC8
S1132D300EC04091561250915712609158127091E2
S1132D405912C8010E943C0CC8010E94A60B809134
S1132D502D1482FF2BC0C0E0D0E0FE01EE0FFF1F58
S1132D60EE0FFF1FE659FA4E408151816281738153
S1132D70C8010E943C0CC8010E94A60B2196C830D1
S1132D80D10559F7809169154AE0B80190E00E9495
S1132D90084CC8010E94A60B809168154AE0B8014E
S1132DA090E00E94084CC8010E94A60B80EA9EE0B5
S1132DB00E941D0B80912A148E7F80932A14DF9128
S1132DC0CF911F910F91FF90EF90BF90AF909F9084
S1132DD08F907F906F905F904F90089589E191E07C
S1132DE0DF91CF911F910F91FF90EF90BF90AF9023
S1132DF09F908F907F906F905F904F900C941D0BDD
S1132E00CF93DF93CDB7DEB7CC57D1090FB6F89483
S1132E10DEBF0FBECDBF80911110833209F056C0C2
S1132E209091101080919F0E981350C0DE01A95903
S1132E30BF4F22E030E0AD01922F8EEF820FF901F7
S1132E40E05FFF4E60816930B1F06081611105C0BF
S1132E50FA01E80FF11D108232C08091940F981787
S1132E60A8F580818D932F5F3F4F2731310521F7DE
S1132E7086E692E01CC0FA01E80FF11D1082209151
S1132E80940F2817E0F09F5FDE01119620E0BD014A
S1132E90E92FF0E0E05FFF4E8081882359F08081C4
S1132EA08D939F5F2F5F253699F78FE692E00E94FE
S1132EB01D0B0CC0FB01E20FF11D108201C0198231
S1132EC0BE016F5F7F4FCA010E94B60CC458DF4F2A
S1132ED00FB6F894DEBF0FBECDBFDF91CF9108953A
S1132EE00C94E34ACF93DF93CDB7DEB7AC970FB61C
S1132EF0F894DEBF0FBECDBF2091261421FFB1C0D0
S1132F00DC01CB012091EC1422FF4CC02091E5148C
S1132F1021110BC089A79AA7ABA7BCA744E050E036
S1132F206CE771E0CE0189969AC02091E5142130B6
S1132F3059F48DA39EA3AFA3B8A744E050E06CE678
S1132F4071E0CE0185968BC02091E514223059F4AE
S1132F5089A39AA3ABA3BCA344E050E06CE571E061
S1132F60CE0181967CC02091E514233059F48D8FD5
S1132F709E8FAF8FB8A344E050E06CE471E0CE01C3
S1132F804D966DC02091E514243009F06AC0898FF4
S1132F909A8FAB8FBC8F44E050E06CE371E0CE01BC
S1132FA049965DC02091EC1423FF5BC020915C1511
S1132FB021110BC08D8B9E8BAF8BB88F44E050E0FA
S1132FC06CE271E0CE0145964AC020915C15213037
S1132FD059F4898B9A8BAB8BBC8B44E050E060E254
S1132FE071E0CE0141963BC020915C15223059F42A
S1132FF08D879E87AF87B88B44E050E064E171E031
S1133000CE010D962CC020915C15233059F489878C
S11330109A87AB87BC8744E050E068E071E0CE015A
S113302009961DC020915C15243059F48D839E832C
S1133030AF83B88744E050E06CEF70E0CE010596B2
S11330400EC020915C15253061F489839A83AB838B
S1133050BC8344E050E060EF70E0CE0101960E9432
S1133060154EAC960FB6F894DEBF0FBECDBFDF9100
S1133070CF910895CF93DF93CDB7DEB7AC970FB65A
S1133080F894DEBF0FBECDBF2091261421FFB1C03E
S1133090DC01CB012091EC1422FF4CC02091E514FB
S11330A021110BC089A79AA7ABA7BCA744E050E0A5
S11330B060E871E0CE0189969AC02091E514213030
S11330C059F48DA39EA3AFA3B8A744E050E060E7F2
S11330D071E0CE0185968BC02091E514223059F41D
S11330E089A39AA3ABA3BCA344E050E060E671E0DB
S11330F0CE0181967CC02091E514233059F48D8F44
S11331009E8FAF8FB8A344E050E060E571E0CE013C
S11331104D966DC02091E514243009F06AC0898F62
S11331209A8FAB8FBC8F44E050E060E471E0CE0135
S113313049965DC02091EC1423FF5BC020915C157F
S113314021110BC08D8B9E8BAF8BB88F44E050E068
S113315060E371E0CE0145964AC020915C152130B0
S113316059F4898B9A8BAB8BBC8B44E050E064E2BE
S113317071E0CE0141963BC020915C15223059F498
S11331808D879E87AF87B88B44E050E068E171E09B
S1133190CE010D962CC020915C15233059F48987FB
S11331A09A87AB87BC8744E050E06CE071E0CE01C5
S11331B009961DC020915C15243059F48D839E839B
S11331C0AF83B88744E050E060E071E0CE0105963B
S11331D00EC020915C15253061F489839A83AB83FA
S11331E0BC8344E050E064EF70E0CE0101960E949D
S11331F0154EAC960FB6F894DEBF0FBECDBFDF916F
S1133200CF910895CF92DF92EF92FF920F931F9385
S1133210CF93DF9300D000D0CDB7DEB77C018A0115
S11332206901613069F4CA015BDE69837A838B8347
S11332309C8344E050E0B701CE0101960E94154EF4
S113324044E050E0B701CE0101960E94FD4D498152
S11332505A816B817C81C8010E943C0CB801C60173
S11332600E941A0C0F900F900F900F90DF91CF9146
S11332701F910F91FF90EF90DF90CF900895EF9200
S1133280FF920F931F93CF93DF938C01EA0179018F
S1133290613089F4CA010E94034B6F3F71058105B7
S11332A0910509F024F497FF03C060E001C06FEFBB
S11332B0C8010E941E4EC8010E940D4E4AE0BE0184
S11332C090E00E94084CBE01C701DF91CF911F918D
S11332D00F91FF90EF900C941A0CCF92DF92EF9223
S11332E0FF920F931F93CF93DF9300D0CDB7DEB738
S11332F06C018A0179016130E1F4CA010E94034B37
S11333006115710521E0820791052CF08FEF9FEF85
S11333109A83898307C097FF03C01A82198202C067
S11333207A83698342E050E0B601CE0101960E949F
S1133330154E42E050E0B601CE0101960E94FD4DCB
S113334069817A8180E090E02AE0A8010E94124C11
S1133350B801C7010E941A0C0F900F90DF91CF9112
S11333601F910F91FF90EF90DF90CF900895CF932E
S1133370DF9300D000D0CDB7DEB744E050E0BC010D
S1133380CE0101960E94FD4D69817A818B819C81D9
S11333900F900F900F900F90DF91CF91089590911F
S11333A03214953A09F0C5C0811124C080E891E037
S11333B0DEDF6093641570936515809366159093B2
S11333C067158CE791E0D3DF6093131570931415A0
S11333D0809315159093161584E791E0C8DF6093E8
S11333E008157093091580930A1590930B1588E7B7
S11333F091E025C0813069F580E791E0B8DF609302
S113340064157093651580936615909367158CE623
S113341091E0ADDF60931315709314158093151527
S11334209093161584E691E0A2DF609308157093DB
S1133430091580930A1590930B1588E691E097DFA0
S11334406093601570936115809362159093631572
S113345094C0823021F580E691E089DF60936415A1
S11334607093651580936615909367158CE591E0CC
S11334707EDF609313157093141580931515909344
S1133480161584E591E073DF6093081570930915B0
S113349080930A1590930B1588E591E0D0CF833083
S11334A021F580E591E063DF609364157093651501
S11334B080936615909367158CE491E058DF6093D0
S11334C0131570931415809315159093161584E4B1
S11334D091E04DDF609308157093091580930A15E8
S11334E090930B1588E491E0AACF80E491E03FDF4C
S11334F060936415709365158093661590936715B2
S11335008CE391E034DF609313157093141580936A
S113351015159093161584E391E029DF609308153F
S11335207093091580930A1590930B1588E391E025
S113353086CF10926415109265151092661510923C
S1133540671580E090E0A0E8BFE3809313159093A3
S11335501415A0931515B093161510920815109212
S1133560091510920A1510920B15109260151092FD
S11335706115109262151092631580912B1487FFC8
S113358018C08091EC1482FF14C01092641510923C
S11335906515109266151092671580E090E0A0E81A
S11335A0BFE38093131590931415A0931515B0934E
S11335B01615089590913214953A09F0A9C0811115
S11335C019C080E391E0D3DE6093E0147093E114BA
S11335D08093E2149093E3148CE291E0C8DE60934C
S11335E0DC147093DD148093DE149093DF1488E26E
S11335F091E01AC0813011F584E291E0B8DE609365
S1133600E0147093E1148093E2149093E31480E245
S113361091E0ADDE6093DC147093DD148093DE14CE
S11336209093DF148CE191E0A2DE6093D814709340
S1133630D9148093DA149093DB1486C08230C9F4D1
S113364088E191E094DE6093E0147093E114809338
S1133650E2149093E31484E191E089DE6093DC1436
S11336607093DD148093DE149093DF1480E191E075
S1133670DBCF8330C9F48CE091E079DE6093E01411
S11336807093E1148093E2149093E31488E091E042
S11336906EDE6093DC147093DD148093DE149093DB
S11336A0DF1484E091E0C0CF8430C9F480E091E07D
S11336B05EDE6093E0147093E1148093E2149093BF
S11336C0E3148CEF90E053DE6093DC147093DD140C
S11336D08093DE149093DF1488EF90E0A5CF84EFFD
S11336E090E045DE6093E0147093E1148093E2145B
S11336F09093E31480EF90E03ADE6093DC147093CF
S1133700DD148093DE149093DF148CEE90E08CCF64
S11337101092E0141092E1141092E2141092E31447
S113372080E090E0A0E8BFE38093DC149093DD1484
S1133730A093DE14B093DF141092D8141092D9140D
S11337401092DA141092DB1480912B1487FF18C0A6
S11337508091EC1483FF14C01092E0141092E114D1
S11337601092E2141092E31480E090E0A0E8BFE32A
S11337708093DC149093DD14A093DE14B093DF14D3
S113378008958091261481FF55C08091EC1482FF26
S113379023C08091E514811103C08CE791E049C0F6
S11337A08091E514813019F48CE691E042C0809157
S11337B0E514823019F48CE591E03BC08091E51466
S11337C0833019F48CE491E034C08091E5148430A2
S11337D089F58CE391E02DC08091EC1483FF2AC01D
S11337E080915C15811103C08CE291E022C080912C
S11337F05C15813019F480E291E01BC080915C1566
S1133800823019F484E191E014C080915C15833016
S113381019F488E091E00DC080915C15843019F4AE
S11338208CEF90E006C080915C15853019F480EF30
S113383090E09DCD60E070E080E89FEB089580917A
S1133840261481FF55C08091EC1482FF23C080911F
S1133850E514811103C080E891E049C08091E5142A
S1133860813019F480E791E042C08091E514823000
S113387019F480E691E03BC08091E514833019F49B
S113388080E591E034C08091E514843089F580E4CA
S113389091E02DC08091EC1483FF2AC080915C15C7
S11338A0811103C080E391E022C080915C158130D6
S11338B019F484E291E01BC080915C15823019F404
S11338C088E191E014C080915C15833019F48CE098
S11338D091E00DC080915C15843019F480E091E092
S11338E006C080915C15853019F484EF90E03FCDDB
S11338F060E070E080E89FEB0895CF93DF9300D001
S1133900CDB7DEB742E050E0BC01CE0101960E9483
S1133910FD4D89819A810F900F90DF91CF91089589
S113392080913214853A19F48BE590E0E6CF81EE6C
S113393094E00895CF93DF9300D000D0CDB7DEB7E5
S113394044E050E0BC01CE0101960E94FD4D698126
S11339507A818B819C810F900F900F900F90DF9153
S1133960CF910895CF92DF92EF92FF920F931F931E
S1133970CF93DF93CDB7DEB76C01EDB6FEB650E062
S11339808DB79EB7841B950B0FB6F8949EBF0FBEE0
S11339908DBF0DB71EB70F5F1F4FC8010E94FD4DAD
S11339A0B801C6010E94090C0FB6F894FEBE0FBE02
S11339B0EDBEDF91CF911F910F91FF90EF90DF90BB
S11339C0CF9008954F925F926F927F928F929F92C1
S11339D0AF92BF92CF92DF92EF92FF920F931F9319
S11339E080E190E00E940D4E809332148091321455
S11339F0853A09F0DAC245E163ED70E08DE394E1C4
S1133A00B1DF88E590E00E940D4E80932D1486E589
S1133A1090E00E940D4E8093211488EE90E08ADF9E
S1133A2060939B1470939C1480939D1490939E14A4
S1133A308AE590E00E940D4E8093301489E590E071
S1133A400E940D4E80932E148DE090E00E940D4E46
S1133A508093B7068FE490E050DF90938D108093AD
S1133A608C108EE490E00E940D4E809310148DE42F
S1133A7090E00E940D4E809348128EE891E00E94DF
S1133A800D4E8093EC148DE891E00E940D4E8093CE
S1133A9010158CE891E00E940D4E809312158BE86E
S1133AA091E00E940D4E809346158AE891E00E94B1
S1133AB00D4E8093071586E891E01FDF90935F1504
S1133AC080935E1588E891E018DF9093EE1480935C
S1133AD0ED1484E891E00E940D4E8093111585E861
S1133AE091E00E940D4E809331158CE090E00E948D
S1133AF00D4E8093C60288E090E039DC6093AE02FC
S1133B007093AF028093B0029093B10284E090E08E
S1133B102EDC6093A90A7093AA0A8093AB0A90934F
S1133B20AC0A81E090E00E940D4E8093C10280E0D7
S1133B3090E00E940D4E8093B20282E090E0DDDEC0
S1133B409093B9028093B8028FE090E00E940D4EEA
S1133B5080939A0E8EE090E00E940D4E80939B0E0F
S1133B6089E490E004DC6093FB137093FC1380936E
S1133B70FD139093FE1385E490E0F9DB6093431208
S1133B8070934412809345129093461281E490E01E
S1133B90EEDB6093621270936312809364129093CD
S1133BA065128DE390E0E3DB60933F127093401263
S1133BB0809341129093421289E390E0D8DB6093A2
S1133BC0FF1370930014809301149093021485E3FF
S1133BD090E0CDDB6093191470931A1480931B1436
S1133BE090931C1481E390E0C2DB60930C147093F7
S1133BF00D1480930E1490930F148DE290E0B7DBB4
S1133C0060938E1070938F10809390109093911006
S1133C1089E290E0ACDB6093041470930514809304
S1133C2006149093071485E290E0A1DB60931D14C1
S1133C3070931E1480931F149093201481E290E0DB
S1133C4096DB60939F107093A0108093A1109093C3
S1133C50A2108DE190E08BDB60935E1270935F1293
S1133C60809360129093611289E190E080DB60930D
S1133C70521270935312809354129093551285E10B
S1133C8090E075DB609308147093091480930A1410
S1133C9090930B1481E190E06ADB6093931070932E
S1133CA0941080939510909396108FEC90E05FDBC6
S1133CB06093A3147093A4148093A5149093A614F2
S1133CC08BEC90E054DB60936114709362148093E6
S1133CD063149093641487EC90E049DB60936A1456
S1133CE070936B1480936C1490936D1483EC90E038
S1133CF03EDB6093761470937714809378149093DA
S1133D0079148FEB90E033DB6093931470939414E5
S1133D1080939514909396148BEB90E028DB60933A
S1133D20391470933A1480933B1490933C1487EBAA
S1133D3090E01DDB6093D0147093D1148093D2145F
S1133D409093D31483EB90E012DB60939F147093F1
S1133D50A0148093A1149093A2148FEA90E007DB3F
S1133D606093BA027093BB028093BC029093BD022D
S1133D708BEA90E0FCDA6093AA027093AB02809322
S1133D80AC029093AD0287EA90E0F1DA60938E146E
S1133D9070938F14809390149093911483EA90E01D
S1133DA0E6DA6093C1147093C2148093C3149093A1
S1133DB0C4148FE990E0DBDA60937E1470937F146F
S1133DC080938014909381148BE990E0D0DA60930F
S1133DD0AC147093AD148093AE149093AF1487E930
S1133DE090E0C5DA6093B9147093BA148093BB144D
S1133DF09093BC146091B9147091BA148091BB145F
S1133E009091BC142091B9143091BA144091BB1410
S1133E105091BC140E9462496093B9147093BA140F
S1133E208093BB149093BC1485E990E066DD909375
S1133E30C6148093C51481E990E099DA60938614DE
S1133E407093871480938814909389148DE890E07C
S1133E508EDA6093351470933614809337149093EC
S1133E60381489E890E083DA6093651470936614DB
S1133E70809367149093681485E890E078DA6093EF
S1133E80B5147093B6148093B7149093B81481E862
S1133E9090E06DDA60936E1470936F1480937014D5
S1133EA09093711487E590E00E940D4E80932B143B
S1133EB080E890E00E940D4E8093A9148CE790E076
S1133EC056DA609356147093571480935814909351
S1133ED0591488E790E04BDA6093B1147093B214EC
S1133EE08093B3149093B41487E790E00E940D4E2E
S1133EF08093CB1483E790E03ADA60935214709382
S1133F00531480935414909355148FE690E02FDA51
S1133F106093821470938314809384149093851413
S1133F208BE690E024DA6093721470937314809398
S1133F3074149093751487E690E019DA6093CC14A6
S1133F407093CD148093CE149093CF1483E690E0B5
S1133F500EDA60938A1470938B1480938C1490936C
S1133F608D148FE590E003DA60937A1470937B14D8
S1133F7080937C1490937D148DE590E0BEDC909347
S1133F80A8148093A71482E590E0F1D960932214D9
S1133F9070932314809324149093251481E590E066
S1133FA00E940D4E809334145FC268E772E08DE383
S1133FB094E10E94090C81E080932D1493E0909386
S1133FC0211440E054E264EF70E040939B1450935A
S1133FD09C1460939D1470939E1495E090933014F8
S1133FE024E620932E142AE02093B706E1E0F0E0C3
S1133FF0F0938D10E0938C108093101480934812EA
S11340001092EC1424E020931015909312159FEF56
S113401090934615909307152AEF30E030935F157F
S113402020935E153093EE142093ED1424E630E0D3
S113403030935F1520935E153093EE142093ED14A6
S11340401092C60246EA5FE069EC7FE34093AE0259
S11340505093AF026093B0027093B1024EEA57E4FA
S113406061E87FE34093A90A5093AA0A6093AB0ADC
S11340707093AC0A8093C1028093B20285E090E011
S11340809093B9028093B80210929A0E10929B0EEC
S11340901092FB131092FC131092FD131092FE1356
S11340A080E090E0A0E8BFE3809343129093441231
S11340B0A0934512B09346121092621210926312AA
S11340C0109264121092651280933F1290934012E2
S11340D0A0934112B09342121092FF131092001455
S11340E010920114109202142FEAC22E23E2D22E4F
S11340F02EEEE22E2EE3F22EC0921914D0921A1450
S1134100E0921B14F0921C1400E010E523E437E461
S113411000930C1410930D1420930E1430930F1469
S113412047E157EB61ED78E340938E1050938F1085
S113413060939010709391100F2EF9E98F2EF1EA8D
S11341409F2EF8E9AF2EF9E3BF2EF02D80920414D0
S113415090920514A0920614B0920714C0921D14F4
S1134160D0921E14E0921F14F092201400939F101A
S11341701093A0102093A1103093A21040935E12CC
S113418050935F1260936012709361124DE557E78C
S113419063E879E34093521250935312609354129C
S11341A07093551240E050E062E274E440930814C6
S11341B05093091460930A1470930B148093931012
S11341C090939410A0939510B09396101092A3140A
S11341D01092A4141092A5141092A61440E050E07A
S11341E060E272E440936114509362146093631428
S11341F07093641440E050E060EA70E440936A1401
S113420050936B1460936C1470936D1400E010E081
S11342102CE032E4009376141093771420937814EE
S1134220309379141092931410929414109295145C
S11342301092961400E010E020EA32E4009339145E
S113424010933A1420933B1430933C144093D014AD
S11342505093D1146093D2147093D31400E010E0FF
S113426020E732E400939F141093A0142093A11428
S11342703093A21400E010E62AE636E40093BA0272
S11342801093BB022093BC023093BD0200E018ECF3
S11342902FE237E40093AA021093AB022093AC02FE
S11342A03093AD02412C512C2AE7622E24E4722E65
S11342B040928E1450928F146092901470929114C4
S11342C000E010E020E231E40093C1141093C21422
S11342D02093C3143093C4140F2EFAE98F2EF9E9F6
S11342E09F2EA92CFFE3BF2EF02D80927E14909276
S11342F07F14A0928014B09281140F2EFAE9CF2E6D
S1134300F9E9DF2EF9E1EF2EFFE3FF2EF02DC09245
S1134310AC14D092AD14E092AE14F092AF140F2E00
S1134320C12CF4E2DF2EF4E7EF2EF9E4FF2EF02D9A
S1134330C092B914D092BA14E092BB14F092BC1497
S1134340F093C614E093C5144092861450928714D7
S11343506092881470928914809335149093361463
S1134360A0933714B0933814809265149092661415
S1134370A0926714B09268148AE999E9A9E1BFE3AD
S11343808093B5149093B614A093B714B093B81453
S113439000936E1410936F1420937014309371145F
S11343A010922B141092A9141092561410925714B0
S11343B010925814109259141092B1141092B2140D
S11343C01092B3141092B4141092CB14C12CD12CAB
S11343D080EFE82E81E4F82EC0925214D092531448
S11343E0E0925414F092551480E090E0A8ECB1E40B
S11343F08093821490938314A0938414B0938514AF
S1134400C0927214D0927314E0927414F0927514E2
S11344108093CC149093CD14A093CE14B093CF1466
S113442000938A1410938B1420938C1430938D145E
S113443040937A1450937B1460937C1470937D148E
S113444080E699E09093A8148093A71480E090E00C
S1134450ACE8B2E48093221490932314A093241420
S1134460B09325141092341460918C1070918D10B7
S11344701091101480E090E00E94D2476B017C01FF
S1134480612F70E080E090E00E94D2479B01AC0174
S1134490C701B6010E9462499B01AC0160E070E073
S11344A080E89FE30E9408476093A3107093A410D0
S11344B08093A5109093A6106091481270E080E05C
S11344C090E00E94D2479B01AC0160E070E080E87C
S11344D09FE30E94084760935A1270935B12809383
S11344E05C1290935D1260919B1470919C14809166
S11344F09D1490919E140E94D44720E034E244E736
S113450059E40E9408479B01AC0160E070E080E838
S11345109FE30E94084720E030E04DE353E40E940B
S113452062496093C7027093C8028093C902909352
S1134530CA0260919B1470919C1480919D14909177
S11345409E140E94D44720E034E244E759E40E94D8
S113455008479B01AC0160E070E080E89FE30E94A3
S1134560084720E030E040E051E40E946249609353
S1134570B4027093B5028093B6029093B7021F9170
S11345800F91FF90EF90DF90CF90BF90AF909F90EE
S11345908F907F906F905F904F9008958F929F922D
S11345A0AF92BF92DF92EF92FF920F931F93CF933C
S11345B0DF93CDB7DEB7C557D1090FB6F894DEBF88
S11345C00FBECDBF8C01F62E81E068133DC0F8010B
S11345D0CE0101964C01DC01D12C5C018191893022
S11345E069F0811105C080E892E00E941D0B5DC650
S11345F08D93D39496E0D912F1CFF5CFF401ED0D5C
S1134600F11D1082C4010E94E64AE82ED39490E082
S1134610F801ED0DF11D2081222361F0F4012193B5
S11346204F01D3949F5F913699F780E992E00E94FD
S11346301D0B3BC6F501E90FF11D10824AE0B801DC
S113464090E00E94084C04C0C8010E94E64AE82E8B
S113465060EA72E0C8010E941A0CE1100AC09801D5
S1134660AE014F5F5F4F6F2D80E190E00E943F19D4
S11346701CC6F1E0EF1221C0FF1211C0BE016F5F32
S11346807F4FCE018F599F4F0E94090C44E150E0A7
S113469063ED70E0CE018F599F4F0E94154E44E1A7
S11346A063ED70E0CE018F599F4F5CD9BE016F5905
S11346B07F4FC8010E941A0CF8C582E0E8120AC0B4
S11346C09801AE014F5F5F4F6F2D88E590E00E9427
S11346D03F19EBC593E0E9120AC09801AE014F5FA0
S11346E05F4F6F2D86E590E00E943F19DEC5E5E03F
S11346F0EE1226C0F1E0FF1213C0CE0101960E9413
S1134700034BA5966CAF7DAF8EAF9FAFA59744E0EA
S113471050E068EE70E0CE018F599F4F0E94154E15
S113472088EE90E007D92AE0AE014F5F5F4F0E9408
S1134730124CBE016F5F7F4FC8010E941A0CB5C5B1
S113474086E0E8120AC09801AE014F5F5F4F6F2DFB
S11347508BE590E00E946D19A8C597E0E9120AC0A4
S11347609801AE014F5F5F4F6F2D8AE590E00E9484
S11347703F199BC5E8E0EE120AC09801AE014F5FF5
S11347805F4F6F2D89E590E00E943F198EC5FAE0D6
S1134790EF120AC09801AE014F5F5F4F6F2D8FE497
S11347A090E00E946D1981C58BE0E8120AC098015F
S11347B0AE014F5F5F4F6F2D8DE490E00E943F1973
S11347C074C59CE0E9120AC09801AE014F5F5F4FC7
S11347D06F2D8EE490E00E943F1967C5E4E1EE126C
S11347E00AC09801AE014F5F5F4F6F2D8EE891E0D4
S11347F00E943F195AC5F5E1EF120AC09801AE01B3
S11348004F5F5F4F6F2D8DE891E00E943F194DC5BA
S113481086E1E8120AC09801AE014F5F5F4F6F2D29
S11348208CE891E00E943F1940C597E1E9120AC063
S11348309801AE014F5F5F4F6F2D86E891E00E94B3
S11348406D1933C5E8E1EE120AC09801AE014F5F5D
S11348505F4F6F2D88E891E00E946D1926C5F5E53C
S1134860EF120AC09801AE014F5F5F4F6F2D84E8CD
S113487091E00E943F1919C586E5E8120AC0980123
S1134880AE014F5F5F4F6F2D85E891E00E943F19A5
S11348900CC599E1E9120AC09801AE014F5F5F4F60
S11348A06F2D80E891E00E940219FFC4EAE1EE1244
S11348B00AC09801AE014F5F5F4F6F2D8CE791E006
S11348C00E940219F2C4FBE1EF120AC09801AE0182
S11348D04F5F5F4F6F2D88E791E00E940219E5C496
S11348E08CE1E8120AC09801AE014F5F5F4F6F2D53
S11348F084E791E00E940219D8C49EE1E9120AC03B
S11349009801AE014F5F5F4F6F2D80E791E00E94E9
S11349100219CBC4EFE1EE120AC09801AE014F5F59
S11349205F4F6F2D8CE691E00E940219BEC4F0E245
S1134930EF120AC09801AE014F5F5F4F6F2D88E6FA
S113494091E00E940219B1C481E2E8120AC0980100
S1134950AE014F5F5F4F6F2D84E691E00E94021914
S1134960A4C493E2E9120AC09801AE014F5F5F4FFD
S11349706F2D80E691E00E94021997C4E4E2EE12E2
S11349800AC09801AE014F5F5F4F6F2D8CE591E037
S11349900E9402198AC4F5E2EF120AC09801AE011E
S11349A04F5F5F4F6F2D88E591E00E9402197DC42F
S11349B086E2E8120AC09801AE014F5F5F4F6F2D87
S11349C084E591E00E94021970C498E2E9120AC0D9
S11349D09801AE014F5F5F4F6F2D80E591E00E941B
S11349E0021963C4E9E2EE120AC09801AE014F5FF6
S11349F05F4F6F2D8CE491E00E94021956C4FAE2D5
S1134A00EF120AC09801AE014F5F5F4F6F2D88E42B
S1134A1091E00E94021949C48BE2E8120AC098018D
S1134A20AE014F5F5F4F6F2D84E491E00E94021945
S1134A303CC49DE2E9120AC09801AE014F5F5F4F8A
S1134A406F2D80E491E00E9402192FC4EEE2EE1271
S1134A500AC09801AE014F5F5F4F6F2D8CE391E068
S1134A600E94021922C4FFE2EF120AC09801AE01AB
S1134A704F5F5F4F6F2D88E391E00E94021915C4C8
S1134A8080E3E8120AC09801AE014F5F5F4F6F2DBB
S1134A9084E391E00E94021908C497E3E9120AC072
S1134AA09801AE014F5F5F4F6F2D80E391E00E944C
S1134AB00219FBC3E8E3EE120AC09801AE014F5F8E
S1134AC05F4F6F2D8CE291E00E940219EEC3F9E36F
S1134AD0EF120AC09801AE014F5F5F4F6F2D88E25D
S1134AE091E00E940219E1C38CE3E8120AC0980124
S1134AF0AE014F5F5F4F6F2D84E291E00E94021977
S1134B00D4C39DE3E9120AC09801AE014F5F5F4F21
S1134B106F2D80E291E00E940219C7C3EEE3EE120A
S1134B200AC09801AE014F5F5F4F6F2D8CE191E099
S1134B300E940219BAC3F1E4EF120AC09801AE014F
S1134B404F5F5F4F6F2D88E191E00E940219ADC362
S1134B5082E4E8120AC09801AE014F5F5F4F6F2DE7
S1134B6084E191E00E940219A0C393E4E9120AC00F
S1134B709801AE014F5F5F4F6F2D80E191E00E947D
S1134B80021993C3E6E4EE120AC09801AE014F5F26
S1134B905F4F6F2D8CE091E00E94021986C3F7E409
S1134BA0EF120AC09801AE014F5F5F4F6F2D88E08E
S1134BB091E00E94021979C388E4E8120AC09801BE
S1134BC0AE014F5F5F4F6F2D84E091E00E940219A8
S1134BD06CC39BE4E9120AC09801AE014F5F5F4FBA
S1134BE06F2D80E091E00E9402195FC3ECE4EE12A5
S1134BF00AC09801AE014F5F5F4F6F2D8CEF90E0BC
S1134C000E94021952C3FDE4EF120AC09801AE01DA
S1134C104F5F5F4F6F2D88EF90E00E94021945C3EC
S1134C2080E5E8120AC09801AE014F5F5F4F6F2D17
S1134C3084EF90E00E94021938C391E5E9120AC09A
S1134C409801AE014F5F5F4F6F2D80EF90E00E949F
S1134C5002192BC3E2E5EE120AC09801AE014F5FC0
S1134C605F4F6F2D8CEE90E00E9402191EC3F3E596
S1134C70EF120AC09801AE014F5F5F4F6F2D8BE8B2
S1134C8091E00E943F1911C384E5E8120AC098011B
S1134C90AE014F5F5F4F6F2D8AE891E00E943F198C
S1134CA004C39AE5E9120AC09801AE014F5F5F4F51
S1134CB06F2D89E490E00E940219F7C2EBE5EE1231
S1134CC00AC09801AE014F5F5F4F6F2D85E490E0FD
S1134CD00E940219EAC2FFE5EF120AC09801AE0170
S1134CE04F5F5F4F6F2D81E490E00E940219DDC297
S1134CF080E6E8120AC09801AE014F5F5F4F6F2D46
S1134D008DE390E00E940219D0C291E6E9120AC034
S1134D109801AE014F5F5F4F6F2D89E390E00E94D1
S1134D200219C3C2E4E6EE120AC09801AE014F5F55
S1134D305F4F6F2D85E390E00E940219B6C2F5E63D
S1134D40EF120AC09801AE014F5F5F4F6F2D81E3F0
S1134D5090E00E940219A9C286E6E8120AC09801EE
S1134D60AE014F5F5F4F6F2D8DE290E00E940219FC
S1134D709CC297E6E9120AC09801AE014F5F5F4FEB
S1134D806F2D89E290E00E9402198FC2E9E6EE12CB
S1134D900AC09801AE014F5F5F4F6F2D85E290E02E
S1134DA00E94021982C2FAE6EF120AC09801AE010B
S1134DB04F5F5F4F6F2D81E290E00E94021975C230
S1134DC08BE6E8120AC09801AE014F5F5F4F6F2D6A
S1134DD08DE190E00E94021968C29CE6E9120AC0C3
S1134DE09801AE014F5F5F4F6F2D89E190E00E9403
S1134DF002195BC2EEE6EE120AC09801AE014F5FE3
S1134E005F4F6F2D85E190E00E9402194EC2FFE6CC
S1134E10EF120AC09801AE014F5F5F4F6F2D81E121
S1134E2090E00E94021941C283E7E8120AC0980187
S1134E30AE014F5F5F4F6F2D8FE090E00E943F19EE
S1134E4034C294E7E9120AC09801AE014F5F5F4F84
S1134E506F2D8EE090E00E943F1927C2EDE7EE121D
S1134E600AC09801AE014F5F5F4F6F2D8FEC90E049
S1134E700E9402191AC2FEE7EF120AC09801AE019D
S1134E804F5F5F4F6F2D8BEC90E00E9402190DC2B3
S1134E908FE7E8120AC09801AE014F5F5F4F6F2D94
S1134EA087EC90E00E94021900C290E8E9120AC05F
S1134EB09801AE014F5F5F4F6F2D83EC90E00E942D
S1134EC00219F3C1E2E8EE120AC09801AE014F5F85
S1134ED05F4F6F2D8FEB90E00E940219E6C1F3E85B
S1134EE0EF120AC09801AE014F5F5F4F6F2D8BEB3D
S1134EF090E00E940219D9C184E8E8120AC098011E
S1134F00AE014F5F5F4F6F2D87EB90E00E94021957
S1134F10CCC195E8E9120AC09801AE014F5F5F4F1A
S1134F206F2D83EB90E00E940219BFC1E7E8EE12F7
S1134F300AC09801AE014F5F5F4F6F2D8FEA90E07A
S1134F400E940219B2C1F8E8EF120AC09801AE013A
S1134F504F5F5F4F6F2D8BEA90E00E940219A5C14D
S1134F608CE8E8120AC09801AE014F5F5F4F6F2DC5
S1134F708DE090E00E943F1998C19DE8E9120AC0B3
S1134F809801AE014F5F5F4F6F2D8CE090E00E945F
S1134F903F198BC1EEE8EE120AC09801AE014F5FD3
S1134FA05F4F6F2D88E090E00E9402197EC1FFE8F8
S1134FB0EF120AC09801AE014F5F5F4F6F2D84E07E
S1134FC090E00E94021971C180E9E8120AC09801B8
S1134FD0AE014F5F5F4F6F2D82E090E00E946D192C
S1134FE064C191E9E9120AC09801AE014F5F5F4FB5
S1134FF06F2D81E090E00E943F1957C1E2E9EE1263
S11350000AC09801AE014F5F5F4F6F2D80E090E0C2
S11350100E943F194AC1F6E9EF120AC09801AE0195
S11350204F5F5F4F6F2D87EA90E00E9402193DC1E8
S113503087E9E8120AC09801AE014F5F5F4F6F2DF8
S113504083EA90E00E94021930C198E9E9120AC08B
S11350509801AE014F5F5F4F6F2D8FE990E00E9482
S1135060021923C1E9E9EE120AC09801AE014F5FAB
S11350705F4F6F2D8BE990E00E94021916C1FAE987
S1135080EF120AC09801AE014F5F5F4F6F2D87E9A1
S113509090E00E94021909C18BE9E8120AC0980144
S11350A0AE014F5F5F4F6F2D85E990E00E946D194F
S11350B0FCC090EAE9120AC09801AE014F5F5F4F4D
S11350C06F2D81E990E00E940219EFC0E1EAEE122F
S11350D00AC09801AE014F5F5F4F6F2D8DE890E0DD
S11350E00E940219E2C0F2EAEF120AC09801AE016E
S11350F04F5F5F4F6F2D89E890E00E940219D5C081
S113510083EAE8120AC09801AE014F5F5F4F6F2D2A
S113511085E890E00E940219C8C094EAE9120AC026
S11351209801AE014F5F5F4F6F2D81E890E00E94C0
S11351300219BBC0E5EAEE120AC09801AE014F5F46
S11351405F4F6F2D87E590E00E943F19AEC0F6EAED
S1135150EF120AC09801AE014F5F5F4F6F2D80E8D8
S113516090E00E943F19A1C087EAE8120AC09801A2
S1135170AE014F5F5F4F6F2D8CE790E00E940219E4
S113518094C098EAE9120AC09801AE014F5F5F4FDC
S11351906F2D88E790E00E94021987C0EFEAEE12B3
S11351A00AC09801AE014F5F5F4F6F2D87E790E013
S11351B00E943F197AC0F0EBEF120AC09801AE01C9
S11351C04F5F5F4F6F2D83E790E00E9402196DC01F
S11351D081EBE8120AC09801AE014F5F5F4F6F2D5B
S11351E08FE690E00E94021960C092EBE9120AC0B7
S11351F09801AE014F5F5F4F6F2D8BE690E00E94E8
S1135200021953C0E3EBEE120AC09801AE014F5FDE
S11352105F4F6F2D87E690E00E94021946C0F4EBC1
S1135220EF120AC09801AE014F5F5F4F6F2D83E606
S113523090E00E94021939C085EBE8120AC0980177
S1135240AE014F5F5F4F6F2D8FE590E00E94021912
S11352502CC096EBE9120AC09801AE014F5F5F4F74
S11352606F2D8DE590E00E946D191FC0E7EBEE12E3
S11352700AC09801AE014F5F5F4F6F2D82E590E049
S11352800E94021912C0F8EBEF120AC09801AE0195
S11352904F5F5F4F6F2D81E590E00E943F1905C07D
S11352A069E171E0C8010E941A0CCB58DF4F0FB6B8
S11352B0F894DEBF0FBECDBFDF91CF911F910F9148
S11352C0FF90EF90DF90BF90AF909F908F900895E4
S11352D085E08A95F1F700002A9A80E18A95F1F732
S11352E02A981EBC0DB407FEFDCF9EB51EBC0DB49E
S11352F007FEFDCF8EB50895CF92DF92EF92FF9215
S11353009C01C12CD12C760160E070E0CB01211509
S11353103105E1F02150310945E04A95F1F70000EB
S11353202A9A40E14A95F1F72A981EBC0DB407FE6B
S1135330FDCF4EB5D42E1EBC0DB407FEFDCF4EB529
S1135340C42E6C0D7D1D8E1D9F1DE1CFFF90EF902F
S1135350DF90CF900895CF92DF92EF92FF929C015D
S1135360C12CD12C7601109292101092031460E09B
S113537070E0CB01F1E02115310551F121503109E3
S113538045E04A95F1F700002A9A40E14A95F1F781
S11353902A981EBC0DB407FEFDCFEEB5DE2E1EBC52
S11353A00DB407FEFDCFEEB5CE2EAD2DD11005C048
S11353B0E11109C0F093031406C0AF3F21F4EF3F9D
S11353C011F4F09392106C0D7D1D8E1D9F1DD3CF93
S11353D0FF90EF90DF90CF9008954F925F926F927D
S11353E07F928F929F92AF92BF92CF92DF92EF9271
S11353F0FF9280918C1090918D10ADDF139A1298CA
S1135400119830914D1220911014321710F010920F
S11354104D122091E41420FF15C02091E4142E7F36
S11354202093E414209110142223C1F0215034E07D
S1135430239FF0011124E555FF4E6083718382831D
S11354409383F2CFE0914D1224E0E29FF001112406
S1135450E555FF4E608371838283938320911014FA
S113546060E070E0CB01222381F0215034E0239FDF
S1135470F0011124E555FF4EC080D180E280F38015
S11354806C0D7D1D8E1D9F1DEECF4090A31050907E
S1135490A4106090A5107090A61080906415909050
S11354A06515A0906615B0906715C0901315D0903F
S11354B01415E0901515F09016150E94D247A3011B
S11354C092010E946249A50194010E94A046A7018D
S11354D096010E946249609397107093981080938C
S11354E0991090939A1080910314882349F0809125
S11354F026148460809326148091EC1480621AC070
S113550080919210882371F0809126148460809396
S113551026148091EC1480618093EC148091EC1437
S11355208F7D0DC0809126148B7F809326148091EB
S1135530EC148F7D8093EC148091EC148F7E809317
S1135540EC1487EF90E00197F1F700C00000809120
S11355508C1090918D10FFDE1398129A119820915F
S1135560E41421FF15C02091E4142D7F2093E4144A
S1135570209110142223C1F0215034E0239FF00124
S11355801124EA59FD4E6083718382839383F2CFA1
S1135590E0914D1224E0E29FF0011124EA59FD4EFE
S11355A0608371838283938380914D128F5F809394
S11355B04D122091101460E070E0CB01222381F0A1
S11355C0215034E0239FF0011124EA59FD4EC0809C
S11355D0D180E280F3806C0D7D1D8E1D9F1DEECF6A
S11355E04090A3105090A4106090A5107090A61045
S11355F08090E0149090E114A090E214B090E31431
S1135600C090DC14D090DD14E090DE14F090DF1430
S11356100E94D247A30192010E946249A50194010C
S11356200E94A046A70196010E94624960934E120F
S113563070934F128093501290935112609197106F
S1135640709198108091991090919A10209108155A
S11356503091091540910A1550910B15C0904E12C6
S1135660D0904F12E0905012F09051120E94624973
S1135670A70196010E94A0466093491270934A12B2
S113568080934B1290934C1280910314882349F019
S1135690809126148860809326148091EC1480688D
S11356A01AC080919210882371F08091261488602A
S11356B0809326148091EC1480648093EC14809180
S11356C0EC148F770DC080912614877F8093261465
S11356D08091EC148F778093EC148091EC148F7B81
S11356E08093EC1485ED8A95F1F7000080914812BF
S11356F090E002DE139A129A1198C0905A12D09038
S11357005B12E0905C12F0905D120E94D247A701F8
S113571096010E94624960939B1070939C10809341
S11357209D1090939E108FE591E00197F1F700C0D2
S113573000008091481290E0DFDD139A1298119ACC
S113574040905A1250905B1260905C1270905D12FF
S11357508090431290904412A0904512B09046124B
S1135760C090FB13D090FC13E090FD13F090FE1357
S11357700E94D247A30192010E946249A5019401AB
S11357800E946249A70196010E94A04660931114E9
S113579070931214809313149093141483E291E081
S11357A00197F1F700C000008091481290E0A4DD59
S11357B013981298119AC0905A12D0905B12E090EC
S11357C05C12F0905D120E94D247A70196010E94DC
S11357D062492091191430911A1440911B1450916C
S11357E01C140E9462496B017C019B01AC0160E0C6
S11357F070E080E897E40E949F469B01AC01C701DA
S1135800B6010E94084720910C1430910D14409168
S11358100E1450910F14C0908E10D0908F10E09001
S11358209010F09091100E946249A70196010E9485
S113583062490E94EF48209104143091051440916C
S11358400614509107140E9462492EE13FEC4BE587
S11358505BE30E94A0469B01AC0160E070E080E83D
S11358609FE30E94084723E333E948E853E40E9496
S11358709F466093A7107093A8108093A9109093EB
S1135880AA108091481290E037DD1398129811986D
S1135890C0905A12D0905B12E0905C12F0905D12AE
S11358A00E94D247A70196010E94624920911D14CB
S11358B030911E1440911F14509120140E9462498B
S11358C06B017C019B01AC0160E070E080E897E42F
S11358D00E949F469B01AC01C701B6010E94084784
S11358E020919F103091A0104091A1105091A210CE
S11358F0C0905E12D0905F12E0906012F09061123E
S11359000E946249A70196010E9462490E94EF48E1
S113591020915212309153124091541250915512C9
S11359200E9462492EE13FEC4BE55BE30E94A046F6
S11359309B01AC0160E070E080E89FE30E940847AF
S113594023E333E948E853E40E949F466093151427
S1135950709316148093171490931814FF90EF907B
S1135960DF90CF90BF90AF909F908F907F906F907B
S11359705F904F9008954F925F926F927F928F92B3
S11359809F92AF92BF92CF92DF92EF92FF921398C1
S1135990129811988FE891E00197F1F700C0000088
S11359A02091101480918C1090918D10AC01249F43
S11359B0C001259F900D1124CEDC4090A31050907F
S11359C0A4106090A5107090A6108090641590901B
S11359D06515A0906615B0906715C0901315D0900A
S11359E01415E0901515F09016150E94D247A301E6
S11359F092010E946249A50194010E94A046A70158
S1135A0096010E9462496093971070939810809356
S1135A10991090939A1080910314882321F0809117
S1135A20EC14806210C080919210882349F0809118
S1135A30EC1480618093EC148091EC148F7D08C089
S1135A408091EC148F7D8093EC148091EC148F7E04
S1135A508093EC14139A129A119AFF90EF90DF90AE
S1135A60CF90BF90AF909F908F907F906F905F90FA
S1135A704F9008954F925F926F927F928F929F9270
S1135A80AF92BF92CF92DF92EF92FF92139A129845
S1135A9011988FE891E00197F1F700C00000209180
S1135AA0101480918C1090918D10AC01249FC00132
S1135AB0259F900D11244FDC4090A3105090A4100A
S1135AC06090A5107090A6108090E0149090E1145E
S1135AD0A090E214B090E314C090DC14D090DD14D4
S1135AE0E090DE14F090DF140E94D247A3019201EB
S1135AF00E946249A50194010E94A046A701960153
S1135B000E94624960934E1270934F128093501218
S1135B109093511280910314882321F08091EC1406
S1135B20806810C080919210882349F08091EC1411
S1135B3080648093EC148091EC148F7708C080917A
S1135B40EC148F778093EC148091EC148F7B80930A
S1135B50EC14139A129A119AFF90EF90DF90CF9061
S1135B60BF90AF909F908F907F906F905F904F9079
S1135B7008952CB528602CBD8F5F9F472C981EBCC0
S1135B800DB407FEFDCF9EBD0DB407FEFDCF8EBD47
S1135B900DB407FEFDCF2C9A8CB5877F8CBD08957C
S1135BA04F925F926F927F928F929F92AF92BF9229
S1135BB0CF92DF92EF92FF924B015C01209113157B
S1135BC0309114154091151550911615409093106D
S1135BD0509094106090951070909610C090081496
S1135BE0D0900914E0900A14F0900B140E94084716
S1135BF0A30192010E946249A70196010E94A04656
S1135C006B017C0120E03AEF4FE757E40E94A9487A
S1135C1087FF17C0209108143091091440910A1489
S1135C2050910B14C701B6010E94044787FF10C0AE
S1135C30C0900814D0900914E0900A14F0900B144A
S1135C4007C0C12C8AEFD82E8FE7E82E87E4F82E00
S1135C508092971490929814A0929914B0929A14E6
S1135C60C701B6010E94A647CB01FF90EF90DF90D9
S1135C70CF90BF90AF909F908F907F906F905F90E8
S1135C804F9077CF8CB581608CBD8CB582608CBD14
S1135C908CB584608CBD149880E88EBD0DB407FE6D
S1135CA0FDCF81EE8EBD0DB407FEFDCF149A8CB5E9
S1135CB08B7F8CBD8CB58E7F8CBD08958CB5816037
S1135CC08CBD8CB582608CBD8CB584608CBD149801
S1135CD081E08EBD0DB407FEFDCF8FEF8EBD0DB4F8
S1135CE007FEFDCF2EB560E070E0CB01722F2FEFE1
S1135CF02EBD0DB407FEFDCF2EB5622F9695879568
S1135D0077956795149A2CB52B7F2CBD2CB52E7FD7
S1135D102CBD08958CB581608CBD8CB582608CBD22
S1135D208CB584608CBD149880E88EBD0DB407FEDC
S1135D30FDCF83E08EBD0DB407FEFDCF149A1498F9
S1135D4081E88EBD0DB407FEFDCF87E78EBD0DB48F
S1135D5007FEFDCF149A149880E88EBD0DB407FE9B
S1135D60FDCF81E88EBD0DB407FEFDCF149A8CB52E
S1135D708B7F8CBD8CB58D7F8CBD08958CB5816077
S1135D808CBD8CB58D7F8CBD8CB584608CBD149816
S1135D908CE08EBD0DB407FEFDCF8FEF8EBD0DB42C
S1135DA007FEFDCF3EB58FEF8EBD0DB407FEFDCFD0
S1135DB06EB58FEF8EBD0DB407FEFDCF2EB5149AD0
S1135DC08CB58B7F8CBD8CB58D7F8CBD862F90E080
S1135DD0A0E0B0E0BA2FA92F982F8827A32B822BFD
S1135DE0BC01CD0155E095958795779567955A95B2
S1135DF0D1F782FF02C0886F9F6F0E94D44720E0D2
S1135E0030E040E05CE30C94624984EA8093BC0097
S1135E108091BC0087FFFCCF8091B900887F8830D7
S1135E2009F08EC085E38A95F1F7000080EC809339
S1135E30BB0084E88093BC008091BC0087FFFCCF4A
S1135E408091B900887F883109F07AC085E38A950A
S1135E50F1F7000085E08093BB0084E88093BC00E8
S1135E608091BC0087FFFCCF8091B900887F883285
S1135E7009F066C085E38A95F1F700001092BB0033
S1135E8084E88093BC008091BC0087FFFCCF8091A4
S1135E90B900887F883209F053C085E38A95F1F709
S1135EA0000084E98093BC0085E38A95F1F7000043
S1135EB084EA8093BC008091BC0087FFFCCF809172
S1135EC0B900887F8830E1F585E38A95F1F7000011
S1135ED080EC8093BB0084E88093BC008091BC007C
S1135EE087FFFCCF8091B900887F883149F585E32D
S1135EF08A95F1F7000086E08093BB0084E88093E4
S1135F00BC008091BC0087FFFCCF8091B900887FE2
S1135F108832B1F485E38A95F1F700001092BB0052
S1135F2084E88093BC008091BC0087FFFCCF809103
S1135F30B900887F883221F485E38A95F1F700005F
S1135F4084E98093BC0085E38A95F1F70000089505
S1135F5048EE5DEF24EA2093BC002091BC0027FFAB
S1135F60FCCF2091B900287F283009F06FC085E369
S1135F708A95F1F7000020EC2093BB0024E82093DD
S1135F80BC002091BC0027FFFCCF2091B900287FE2
S1135F90283109F05BC085E38A95F1F7000010927F
S1135FA0BB0024E82093BC002091BC0027FFFCCF59
S1135FB02091B900287F283209F048C085E38A95EA
S1135FC0F1F7000024E92093BC008AE68A95F1F7F2
S1135FD000C024EA2093BC002091BC0027FFFCCF22
S1135FE02091B900287F283089F585E38A95F1F757
S1135FF0000021EC2093BB0024E82093BC002091F6
S1136000BC0027FFFCCF2091B900287F2034F1F495
S113601024EC2093BC002091BC0027FFFCCF2091EE
S1136020B900287F203591F42091BB00522F24E839
S11360302093BC002091BC0027FFFCCF2091B90025
S1136040287F283519F42091BB00422F24E920939E
S1136050BC00BA0180E090E057FF0EC00E94D24716
S113606020E030E040E85DE30E94624920E030E057
S113607040E855E40C949F460E94D24720E030E06B
S113608040E85DE30C94624994EA9093BC009091DB
S1136090BC0097FFFCCF9091B900987F9830B1F580
S11360A090E49093BB0094E89093BC009091BC0062
S11360B097FFFCCF9091B900987F983139F5809380
S11360C0BB0084E88093BC008091BC0087FFFCCFB8
S11360D08091B900887F8832C9F46093BB0084E85A
S11360E08093BC008091BC0087FFFCCF8091B900F5
S11360F0887F883259F44093BB0084E88093BC00C5
S11361008091BC0087FFFCCF8091B90084E9809323
S1136110BC008AE68A95F1F700C0089580E4809374
S1136120B800E9EBF0E080818D7F808380818E7FF1
S113613080834091FA136091471282E0A5DF40E02A
S113614060E086E0A1CF2C9A249A2B9A239A2A986D
S1136150229A80912D1480FF14C0809121148130E3
S113616021F080912114833021F4149A0C9A5598CB
S113617008C080912114823021F40C980D98559810
S1136180569880912D1482FF02C00D9815980E9A8E
S11361900F9A3E983D983B983C983A9813980B9ADE
S11361A012980A9A1198099A5A98529A0898209A19
S11361B028982998099A3F9A4798579A5F9808957A
S11361C080E480939F0E369905C080919F0E8F5F67
S11361D080939F0E359905C080919F0E8E5F8093AA
S11361E09F0E339905C080919F0E8C5F80939F0E04
S11361F0349905C080919F0E885F80939F0E3299D9
S113620005C080919F0E805F80939F0E0895CF9369
S1136210DF9300D000D000D0CDB7DEB7F894A895B6
S113622084B7877F84BF0FB6F894A89580916000E7
S1136230886180936000109260000FBE10922F144A
S1136240109233141092261410922B1410922D14C1
S1136250109231141092291410922C141092A91433
S113626010929214109256141092571410925814BB
S1136270109259141092BD141092BE141092BF14AF
S11362801092C0141092B1141092B2141092B3145C
S11362901092B414109247121092FA132FEF84E361
S11362A09CE0215080409040E1F700C000000E9433
S11362B0E21C49DF9FE088E10FB6F894A89580932B
S11362C060000FBE90936000A89528DF4091FA13F8
S11362D06091471282E0D8DE73DF84B1806B84B9A9
S11362E08CB580658CBD8CB58D7F8CBD8CB58E7F57
S11362F08CBD8DB58E7F8DBD2C988091C100886139
S11363008093C1008091C20086608093C200109285
S1136310C50084E08093C4008091C10080688093AC
S1136320C1005A98529A10928B101092940F809137
S1136330800080938000809181008B608093810035
S113634010928B0010928A000E94901C90938900F6
S11363508093880080916F00826080936F000E9418
S1136360A63D85E08093E51486E080935C1584E087
S11363700E94FC3F85E00E94FA400E94CB3D6DD410
S11363800E940A0B80912D1480FF11C0809121146A
S1136390813011F477DC0BC080912114823011F428
S11363A034DD05C080912114833009F4B3DC80917D
S11363B02D1482FD0E9453468FEF9FEFDADB0DD838
S11363C0809131148E7F8093311478941D82A1E0E2
S11363D0AE833324339401E010E0A8958091311406
S11363E080FF68C10E94ED290E949B420E940A0B13
S11363F08091311481FF06C00E94783B8091311452
S11364008D7F51C18091940F882389F08091291444
S113641086FD4BC180912B1481FD47C180912B14C3
S113642082FD43C10E9400171092940F3EC18091D7
S1136430311483FF3AC180912D1480FF5EC0BE8168
S1136440BB2309F45AC080912114813009F042C061
S11364504D9953C033DC0E94D2476B017C0180907C
S1136460FF1390900014A0900114B0900214409077
S11364703F125090401260904112709042128091ED
S1136480621290916312A0916412B0916512898393
S11364909A83AB83BC83A7019601C701B6010E940E
S11364A06249A50194010E9462494B015C01A30168
S11364B09201C701B6010E9462499B01AC01C5016A
S11364C0B4010E94A04629813A814B815C810E94DB
S11364D0A0460BC080912114823011F439DD05C02F
S11364E080912114833049F449DC609356127093EF
S11364F05712809358129093591280912D1482FF51
S1136500B5C09E819111B2C08091691590E00D8053
S113651002C0959587950A94E2F780FF03C08D81A8
S11365200E949544AD81AF5FAD83A83008F01D8211
S1136530E12CF12CB12C8091691590E00E2C02C055
S1136540959587950A94E2F780FF4FC080912A14AD
S11365506701CC0CDD1CCC0CDD1CF601E659FA4EAF
S113656084FF17C040805180628073806091221440
S113657070912314809124149091251420E030E02C
S113658040EA50E40E949F469B01AC01C301B20162
S11365900CC0608171818281938120912214309199
S11365A0231440912414509125140E94A94887FD76
S11365B002C0BB24B394F601E659FA4E608171819E
S11365C08281938120E030E040E251EC0E94044754
S11365D018165CF020916815C8010E2C01C0880FB4
S11365E00A94EAF7822B80936815BFEFEB1AFB0A33
S11365F028E0E216F10409F09ECF80912A14BB2012
S113660011F0806101C08F7E80932A14059904C023
S113661080912A14806203C080912A148F7D809314
S11366202A1420E030E040E08091691590E0022EC9
S113663002C0959587950A94E2F780FD4F5F2F5F1E
S11366403F4F2830310581F780913414481720F0EA
S113665080916815882321F080912A14806403C0F6
S113666080912A148F7B80932A1417C080912D1453
S113667082FD13C080912A148F7E80932A14809106
S11366802A148F7D80932A1480912A148F7B8093FF
S11366902A1410926915109268158E8183258E83B1
S11366A080913114877F80933114809131148E7FCF
S11366B0809331148091291486FD0E94470CA8957B
S11366C08CCE1F920F920FB60F9211240BB60F921D
S11366D02F933F934F935F938F939F93AF93BF9366
S11366E0EF93FF933FB78091C00087FFFCCF809169
S11366F0C6008A3029F580911B0F833291F5909161
S11367001A0F80919F0E98132CC08091940F8111C1
S113671028C020E040918B10822F90E050E0FC01D3
S1136720E05FFF4E841795073CF4DC01A65EB04F92
S11367308C9180832F5FEECF10822093940F11C031
S1136740882389F0E0918B10F0E0E65EF04F8083BF
S113675080918B108F5F80938B1080918B10893781
S113676010F010928B103FBFFF91EF91BF91AF914A
S11367709F918F915F914F913F912F910F900BBEFD
S11367800F900FBE0F901F9018951F920F920FB687
S11367900F9211240BB60F922F938F939F93EF9325
S11367A0FF939FB72091950F80919E0E281758F064
S11367B08091C1008F7B8093C1005A9810929E0EE5
S11367C01092950F0DC0E091950FF0E0EA56F04F4E
S11367D080818093C6008091950F8F5F8093950F81
S11367E09FBFFF91EF919F918F912F910F900BBEBF
S11367F00F900FBE0F901F9018951F920F920FB617
S11368000F9211242F934F935F938F939F932FB7DE
S11368108091311480FF05C080912A148160809397
S11368202A1480913114816080933114809133143F
S11368308F5F8093331490913314809130149813A4
S113684007C0809131148260809331141092331404
S11368508091271490912814019690932814809382
S1136860271480912E14409127145091281490E0FD
S11368708417950749F4809131148860809331140A
S113688010922814109227142FBF9F918F915F911B
S11368904F912F910F900FBE0F901F9018958091DC
S11368A0261486FF2DC06091A7107091A8108091C6
S11368B0A9109091AA1020916A1430916B14409100
S11368C06C1450916D140E94A94818160CF045C020
S11368D06091A7107091A8108091A9109091AA10AE
S11368E02091761430917714409178145091791452
S11368F00E94044787FF31C0809126148F7B2BC0F0
S11369006091A7107091A8108091A9109091AA107D
S11369102091A3143091A4144091A5145091A6146D
S11369200E94044787FD14C06091A7107091A810BD
S11369308091A9109091AA10209161143091621451
S113694040916314509164140E94A94818162CF4C1
S1136950809126148064809326148091261487FFE6
S11369602DC0609115147091161480911714909194
S113697018142091D0143091D1144091D214509114
S1136980D3140E94A94818160CF045C06091151440
S113699070911614809117149091181420919F14DB
S11369A03091A0144091A1145091A2140E94044764
S11369B087FF31C0809126148F772BC06091151406
S11369C070911614809117149091181420919314B7
S11369D03091941440919514509196140E94044758
S11369E087FD14C0609115147091161480911714CA
S11369F0909118142091391430913A1440913B1419
S1136A0050913C140E94A94818162CF48091261425
S1136A108068809326140895609111147091121463
S1136A2080911314909114142091BA023091BB02F6
S1136A304091BC025091BD020E94044787FD14C0DE
S1136A406091111470911214809113149091141484
S1136A502091AA023091AB024091AC025091AD0258
S1136A600E94A94818168CF480915A14882321F0A6
S1136A7080915A14815019C08091261480628093A9
S1136A80261488EC8093B01408958091B014882360
S1136A9031F08091B01481508093B01405C080917E
S1136AA026148F7D8093261484E180935A140895CC
S1136AB08091CB1487FDA7C080915B1490915C14E6
S1136AC0892B49F080915B1490915C140197909309
S1136AD05C1480935B148091CB1480FD49C0609159
S1136AE01514709116148091171490911814209114
S1136AF072143091731440917414509175140E945F
S1136B00A948181644F16091A7107091A8108091BB
S1136B10A9109091AA1020915214309153144091CD
S1136B205414509155140E94A9481816A4F0609169
S1136B30D4147091D5148091D6149091D7142091C7
S1136B408A1430918B1440918C1450918D140E94AE
S1136B50A94818166CF48091CB1482608093CB14EE
S1136B608091A7149091A81490935C1480935B1463
S1136B708091CB1480FF47C0609115147091161456
S1136B8080911714909118142091CC143091CD1445
S1136B904091CE145091CF140E94044787FF33C014
S1136BA06091A7107091A8108091A9109091AA10DB
S1136BB0209182143091831440918414509185144F
S1136BC00E94044787FF1FC06091D4147091D514AC
S1136BD08091D6149091D71420917A1430917B141B
S1136BE040917C1450917D140E94044787FF0BC090
S1136BF080915B1490915C14892B29F48091CB14BF
S1136C008D7F8093CB148091CB1481FF04C080913D
S1136C10CB1480FF08C08091CB1481FD1DC08091EE
S1136C20CB1480FF19C08091CB1481FF06C0169845
S1136C30179A8091CB14816005C0169A1798809199
S1136C40CB148E7F8093CB148FE19EE40197F1F7F0
S1136C5000C00000169A179A089510925C141092BE
S1136C605B14169A17988091CB148E7F8093CB1463
S1136C708FE19EE40197F1F700C00000169A179A7D
S1136C8008958091261486FD16C08091261487FDF0
S1136C9012C08091261485FD0EC080912A1484FDB3
S1136CA00AC080912A1485FD06C080912A1486FBAF
S1136CB0882780F9089581E00895E3DF81110CC0ED
S1136CC08091261484FD08C08091261482FD04C09E
S1136CD08091261483FF02C05F9A08955F980895F7
S1136CE0CF936091A7107091A8108091A9109091F2
S1136CF0AA102091A3143091A4144091A51450918A
S1136D00A6140E94044787FD17C06091A7107091D4
S1136D10A8108091A9109091AA102091611430912B
S1136D2062144091631450916414C1E00E94A94814
S1136D3018161CF0C0E001C0C1E0609115147091F8
S1136D401614809117149091181420919314309173
S1136D50941440919514509196140E94044787FD11
S1136D6014C06091151470911614809117149091A9
S1136D7018142091391430913A1440913B145091D5
S1136D803C140E94A94818160CF4C1E08C2FCF9132
S1136D900895109269148091A9148093921410920A
S1136DA0BD141092BE141092BF141092C01480919E
S1136DB0691481608093691460911315709114159E
S1136DC08091151590911615209186143091871491
S1136DD040918814509189140E9462496093C714A9
S1136DE07093C8148093C9149093CA1408958F9211
S1136DF09F92AF92BF92CF92DF92EF92FF926091F7
S1136E001315709114158091151590911615809095
S1136E10971090909810A0909910B0909A10C090EC
S1136E20BD14D090BE14E090BF14F090C01420E0C4
S1136E3030E04AEF53E40E946249A50194010E94A4
S1136E40A046A70196010E94044787FF15C08091C0
S1136E50971090919810A0919910B0919A108093E6
S1136E60BD149093BE14A093BF14B093C01480912A
S1136E7069148E7F809369148090B1149090B21439
S1136E80A090B314B090B4146091DC147091DD142C
S1136E908091DE149091DF1420916E1430916F1460
S1136EA04091701450917114C0904912D0904A12BC
S1136EB0E0904B12F0904C120E9462499B01AC018D
S1136EC0C501B4010E949F46A70196010E94A948EA
S1136ED0181614F56091BD147091BE148091BF14FE
S1136EE09091C0142091C7143091C8144091C914D2
S1136EF05091CA140E949F466093BD147093BE14AF
S1136F008093BF149093C0148091691480FF64C06F
S1136F10809169148E7F4DC06091DC147091DD14F2
S1136F208091DE149091DF1420916E1430916F14CF
S1136F3040917014509171148090B1149090B214D7
S1136F40A090B314B090B414C0904912D0904A12D7
S1136F50E0904B12F0904C120E946249A5019401FA
S1136F600E94A046A70196010E94044787FF4EC0D5
S1136F706091BD147091BE148091BF149091C0149F
S1136F802091C7143091C8144091C9145091CA1467
S1136F900E94A0466093BD147093BE148093BF14E6
S1136FA09093C0148091691480FD16C08091691477
S1136FB08160809369146091C7147091C8148091A2
S1136FC0C9149091CA142091B5143091B61440910B
S1136FD0B7145091B81410C06091C7147091C814BC
S1136FE08091C9149091CA1420916514309166144B
S1136FF040916714509168140E9462496093C714C9
S11370007093C8148093C9149093CA146091131593
S11370107091141580911515909116152091861470
S1137020309187144091881450918914C090C714EA
S1137030D090C814E090C914F090CA140E94624918
S1137040A70196010E94044787FF11C060911315A0
S11370507091141580911515909116152091861430
S113706030918714409188145091891430C06091F4
S11370701315709114158091151590911615209182
S11370803514309136144091371450913814C0900F
S1137090C714D090C814E090C914F090CA140E9488
S11370A06249A70196010E94A9481816D4F4609178
S11370B01315709114158091151590911615209142
S11370C035143091361440913714509138140E947D
S11370D062496093C7147093C8148093C914909341
S11370E0CA146091BD147091BE148091BF14909124
S11370F0C01420E030E0A9010E94044787FF0DC0BE
S11371001092BD141092BE141092BF141092C014A9
S113711080916914816080936914FF90EF90DF90EF
S1137120CF90BF90AF909F908F9008951092691464
S113713080E090E0AAE7B4EC80935D1490935E1431
S1137140A0935F14B09360148093D4149093D514D7
S1137150A093D614B093D7148091C5149091C614FB
S11371609093AB148093AA148091A91480939214E1
S11371700E94590126E636E646E25FE30E94624930
S11371806093BD147093BE148093BF149093C01485
S113719080916914816080936914609113157091D2
S11371A01415809115159091161520918E14309117
S11371B08F1440919014509191140E9462496093ED
S11371C0C7147093C8148093C9149093CA14089573
S11371D04F925F926F927F928F929F92AF92BF92E3
S11371E0CF92DF92EF92FF928091AA149091AB1408
S11371F001979093AB148093AA148091AA14909150
S1137200AB14892B09F067C28091C5149091C61400
S11372109093AB148093AA148091691487FF08C0DB
S1137220809169148F77809369140E944A0592C1F2
S11372306091131570911415809115159091161580
S11372408090971090909810A0909910B0909A10F8
S1137250C090BD14D090BE14E090BF14F090C01440
S113726020E030E04AEF53E40E946249A501940112
S11372700E94A046A70196010E94044787FF1CC0F4
S113728060919710709198108091991090919A1034
S113729026E636E646E65FE30E9462496093BD1443
S11372A07093BE148093BF149093C014809169149A
S11372B08E7F8093691469C06091131570911415C1
S11372C080911515909116152091DC143091DD14E0
S11372D04091DE145091DF144090B9145090BA14C8
S11372E06090BB147090BC1480905D1490905E14F8
S11372F0A0905F14B0906014C090D414D090D514B2
S1137300E090D614F090D7140E946249A301920130
S11373100E946249A50194010E94A046A70196011A
S11373200E94044787FF4CC08091691480FF13C0FA
S11373306091BD147091BE148091BF149091C014DB
S11373402091C7143091C8144091C9145091CA14A3
S11373500E94A04612C06091BD147091BE14809129
S1137360BF149091C0142091C7143091C814409157
S1137370C9145091CA140E949F466093BD1470931F
S1137380BE148093BF149093C0146091C71470917D
S1137390C8148091C9149091CA1420917E1430911C
S11373A07F1440918014509181140E94624960932B
S11373B0C7147093C8148093C9149093CA1490C0CE
S11373C080905D1490905E14A0905F14B09060144F
S11373D060911315709114158091151590911615DF
S11373E02091DC143091DD144091DE145091DF14AF
S11373F04090B9145090BA146090BB147090BC14AF
S1137400C090D414D090D514E090D614F090D71432
S11374100E946249A30192010E9462499B01AC014E
S1137420C501B4010E949F46A70196010E94A94884
S113743018160CF066C06091C7147091C81480913E
S1137440C9149091CA142091AC143091AD14409198
S1137450AE145091AF140E9462496093C7147093A4
S1137460C8148093C9149093CA148091691480FF3E
S113747018C0809169148E7F809369146091BD1443
S11374807091BE148091BF149091C0142091C714C0
S11374903091C8144091C9145091CA140E949F4657
S11374A017C0809169148160809369146091BD1440
S11374B07091BE148091BF149091C0142091C71490
S11374C03091C8144091C9145091CA140E94A04626
S11374D06093BD147093BE148093BF149093C01432
S11374E08091D4149091D514A091D614B091D7144E
S11374F080935D1490935E14A0935F14B093601412
S113750031C08091691480FF13C06091BD147091E3
S1137510BE148091BF149091C0142091C71430916F
S1137520C8144091C9145091CA140E94A04612C0B4
S11375306091BD147091BE148091BF149091C014D9
S11375402091C7143091C8144091C9145091CA14A1
S11375500E949F466093BD147093BE148093BF1421
S11375609093C014609113157091141580911515A2
S11375709091161520918E1430918F14409190148F
S113758050919114C090C714D090C814E090C914BD
S1137590F090CA140E946249A70196010E94044710
S11375A087FF11C060911315709114158091151502
S11375B09091161520918E1430918F14409190144F
S11375C05091911430C060911315709114158091ED
S11375D01515909116152091C1143091C214409143
S11375E0C3145091C414C090C714D090C814E09030
S11375F0C914F090CA140E946249A70196010E941E
S1137600A9481816D4F4609113157091141580913B
S11376101515909116152091C1143091C214409102
S1137620C3145091C4140E9462496093C7147093A8
S1137630C8148093C9149093CA146091BD147091B6
S1137640BE148091BF149091C01420E030E0A901D1
S11376500E94044787FF3FC0809169148160809332
S113766069146091131570911415809115159091FA
S1137670161520918E1430918F14409190145091CE
S113768091140E9462496093C7147093C814809344
S1137690C9149093CA148091C7149091C814A091EE
S11376A0C914B091CA148093BD149093BE14A093CE
S11376B0BF14B093C0148091D4149091D514A091A8
S11376C0D614B091D71480935D1490935E14A09354
S11376D05F14B0936014FF90EF90DF90CF90BF9051
S11376E0AF909F908F907F906F905F904F90089590
S11376F060919710709198108091991090919A10C0
S11377002091491230914A1240914B1250914C12DF
S11377100E9462496093D4147093D5148093D61454
S11377209093D71480912B1487FF0BC0809126145B
S113773082608093261480912B148E7F80932B1467
S113774005C0809126148D7F80932614A8D864D90F
S1137750AFD9B3DA80912B1480FFD4C080912B145D
S113776081FF1CC0BDDA811104C08091261485FFFD
S11377700BC0809126148E7F8093261447982898F6
S113778080912B148D7FBBC08091261481608093DF
S11377902614479A289A0E94A807D3C080912B14D4
S11377A082FF1CC09DDA811104C08091261485FFDC
S11377B00BC0809126148E7F8093261447982898B6
S11377C080912B148B7F9BC08091261481608093C1
S11377D02614479A289A0E942C02B3C052DA8823AE
S11377E0C1F080912614816080932614479A2898CA
S11377F080915E1590915F159093301580932F15AD
S11378008091ED149091EE149093EB148093EA140C
S113781098C08091A914813061F48091A914809357
S1137820921480912614816080932614479A289894
S113783088C08091A9148230A1F48091A914809306
S1137840921480912614816080932614479A289A72
S11378501092BD141092BE141092BF141092C01452
S113786070C08091A9148330A1F48091A9148093ED
S1137870921480912614816080932614479A289A42
S11378808091561490915714A0915814B0915914A2
S113789050C08091A914843089F4809126148160A9
S11378A080932614479A289A909192148091A9144F
S11378B0981302C09CDA45C06CDA43C08091A914C5
S11378C0853089F480912614816080932614479A28
S11378D0289A909192148091A914981302C078DC8C
S11378E030C024DC2EC01092A914809126148E7FFF
S11378F0809326144798289880912B148E7F809328
S11379002B141FC0809126148E7F809326144798D1
S1137910289880912B148D7F80932B1480912B14A5
S11379208B7F80932B141092921480E09AEFAFE730
S1137930B7E48093BD149093BE14A093BF14B09386
S1137940C014609197147091981480919914909137
S11379509A142091BD143091BE144091BF145091DB
S1137960C0140E940447882351F06091BD147091A3
S1137970BE148091BF149091C0140C94D02D08951E
S1137980AF92BF92CF92DF92EF92FF920F931F9329
S1137990CF936B017C0104E010E0C02F5801AA0CC6
S11379A0BB1CAA0CBB1CF501EE5CFA4E6081718114
S11379B082819381A70196010E94A94818166CF44C
S11379C0F501E95BFA4E2081318142815381C7017F
S11379D0B6010E94A948181624F001501109E8F6CE
S11379E0C4E02C2F30E08091E51490E00196281734
S11379F0390799F4E091E51484E0E89FF00111243B
S1137A00EE5CFA4E2081318142815381C701B60177
S1137A100E94044787FF1CC019C08091E51490E0C0
S1137A20019728173907A1F4E091E51484E0E89F51
S1137A30F0011124E95BFA4E2081318142815381A6
S1137A40C701B6010E94A948181614F4C091E514A0
S1137A508C2FCF911F910F91FF90EF90DF90CF90DB
S1137A60BF90AF900895AF92BF92CF92DF92EF9202
S1137A70FF920F931F93CF936B017C0105E010E0FD
S1137A80C02F5801AA0CBB1CAA0CBB1CF501E15168
S1137A90FB4E6081718182819381A70196010E94CE
S1137AA0A94818166CF4F501E95EFA4E208131817B
S1137AB042815381C701B6010E94A948181624F0D7
S1137AC001501109E8F6C5E02C2F30E080915C15D7
S1137AD090E001962817390799F4E0915C1584E049
S1137AE0E89FF0011124E151FB4E20813181428154
S1137AF05381C701B6010E94044787FF1CC019C007
S1137B0080915C1590E0019728173907A1F4E09162
S1137B105C1584E0E89FF0011124E95EFA4E2081AF
S1137B20318142815381C701B6010E94A9481816C8
S1137B3014F4C0915C158C2FCF911F910F91FF907D
S1137B40EF90DF90CF90BF90AF9008958091FA139B
S1137B5081608093FA134091FA136091471282E096
S1137B600E9444308FE891E00197F1F700C00000D3
S1137B708091FA138E7F8093FA134091FA136091E7
S1137B80471282E00E9444308FE891E00197F1F7B8
S1137B9000C0000008954F925F926F927F928F927F
S1137BA09F92AF92BF92CF92DF92EF92FF92CF93C8
S1137BB0DF93CDB7DEB7A0970FB6F894DEBF0FBE44
S1137BC0CDBF1092301510922F151092EB14109215
S1137BD0EA148CE791E00E94B71929E136E647E6FA
S1137BE056E40E9462496B017C018CE691E00E949C
S1137BF0B71920E038EF42E757E40E9462496983ED
S1137C007A838B839C838CE591E00E94B71920E0F2
S1137C1038EF42E757E40E9462496D837E838F8385
S1137C2098878CE491E00E94B71920E038EF42E78E
S1137C3057E40E94624969877A878B879C878CE323
S1137C4091E00E94B719698F7A8F8B8F9C8F8CE299
S1137C5091E00E94B71920E038EF42E757E40E9410
S1137C6062494B015C0180E291E00E94B71920E077
S1137C7038EF42E757E40E9462496D877E878F8719
S1137C80988B84E191E00E94B71920E038EF42E735
S1137C9057E40E946249698B7A8B8B8B9C8B88E0BA
S1137CA091E00E94B71920E038EF42E757E40E94C0
S1137CB062492B013C018CEF90E00E94B71920E04F
S1137CC038EF42E757E40E9462496D8B7E8B8F8BBD
S1137CD0988F80EF90E00E94B7196D8F7E8F8F8F01
S1137CE098A32AE037ED43E85FE3C701B6010E9499
S1137CF06249E2E3F5E160837183828393832AE03E
S1137D0037ED43E85FE369817A818B819C810E942E
S1137D1062496093361570933715809338159093A4
S1137D2039152AE037ED43E85FE36D817E818F8169
S1137D3098850E94624960933A1570933B1580932D
S1137D403C1590933D152AE037ED43E85FE36985E0
S1137D507A858B859C850E94624960933E15709359
S1137D603F15809340159093411520E038EF42E78A
S1137D7057E4698D7A8D8B8D9C8D0E9462492AE02F
S1137D8037ED43E85FE30E946249609342157093C4
S1137D9043158093441590934515D701C601B058F7
S1137DA0E7E4F5E180839183A283B38326E636E694
S1137DB046E65FE3C701B6010E94624960934B1532
S1137DC070934C1580934D1590934E1526E636E628
S1137DD046E65FE369817A818B819C810E946249D6
S1137DE060934F15709350158093511590935215CD
S1137DF026E636E646E65FE36D817E818F819885CF
S1137E000E946249609353157093541580935515DD
S1137E109093561526E636E646E65FE369857A854D
S1137E208B859C850E946249609357157093581501
S1137E308093591590935A152AE037ED43E85FE390
S1137E40C501B4010E946249EFEEF4E160837183DD
S1137E50828393832AE037ED43E85FE36D857E8573
S1137E608F8598890E9462496093F3147093F41487
S1137E708093F5149093F6142AE037ED43E85FE31A
S1137E8069897A898B899C890E9462496093F71475
S1137E907093F8148093F9149093FA142AE037ED50
S1137EA043E85FE3C301B2010E9462496093FB149B
S1137EB07093FC148093FD149093FE142AE037ED24
S1137EC043E85FE36D897E898F89988D0E946249BA
S1137ED06093FF147093001580930115909302151D
S1137EE020E038EF42E757E46D8D7E8D8F8D98A1A9
S1137EF00E9462492AE037ED43E85FE30E94624949
S1137F0060930315709304158093051590930615DB
S1137F10D501C401B058E7E1F5E180839183A283E0
S1137F20B38326E636E646E65FE3C501B4010E9464
S1137F30624960931B1570931C1580931D159093D3
S1137F401E1526E636E646E65FE36D857E858F855B
S1137F5098890E94624960931F157093201580933D
S1137F6021159093221526E636E646E65FE36989F5
S1137F707A898B899C890E94624960932315709346
S1137F802415809325159093261526E636E646E6B5
S1137F905FE3C301B2010E946249609327157093A5
S1137FA028158093291590932A1526E636E646E689
S1137FB05FE36D897E898F89988D0E946249609301
S1137FC02B1570932C1580932D1590932E15A09638
S1137FD00FB6F894DEBF0FBECDBFDF91CF91FF90F7
S1137FE0EF90DF90CF90BF90AF909F908F907F9055
S1137FF06F905F904F900895CF93C82F80915E1536
S113800090915F159093301580932F1580911115E1
S113801080935B158C2F0E94CF198091E5148823DF
S113802041F08091E514813021F08091E514823093
S113803021F481E0C33088F40DC08091E5148330CD
S113804021F08091E514843039F481E09DEF9C0F98
S1138050923018F480E001C081E09091E5149923F6
S113806041F09091E514913021F09091E514943011
S113807039F4C23008F4ABC091E0C43079F40DC0D7
S11380809091E514923021F09091E514933049F4E5
S113809091E02EEF2C0F223008F490E0813071F43F
S11380A003C0813071F491E0209147122E7F209318
S11380B04712209147122D7F20934712913009F0E7
S11380C082C0909147129B7F9093471290914712E0
S11380D0977F90934712C11104C090914712986002
S11380E007C0C130D1F3C23059F490914712946063
S11380F0909347128130B1F480914712816010C08F
S113810091E0C33009F06AC0913029F4909147128C
S1138110946090934712813029F4809147128260D1
S1138120809347124091FA136091471282E00E94B3
S113813044308FED9EE20197F1F700C0000060919A
S11381409714709198148091991490919A140E94A4
S1138150D02D8FE59DE60197F1F700C000008091D6
S11381604712816080934712809147128260809306
S1138170471280914712846080934712809147127E
S11381808860809347124091FA136091471282E00D
S11381900E9444308FE39CE90197F1F700C000008E
S11381A0C093E5148091E41481608093E414809179
S11381B02A148E7F80932A14809131148E7F8093A9
S11381C03114CF910895CC2309F494CF04C08130A5
S11381D0D1F790E069CFC13041F48CCF913009F0F0
S11381E09ACF90914712986094CFC23009F482CF0D
S11381F090E087CFCF93C82F80915C15813041F0F8
S113820080915C15833021F080915C15853041F4B8
S11382108C2F8D7F8130C9F081E0C530B9F415C051
S113822080915C15882341F080915C15823021F0A7
S113823080915C15843039F48C2F8D7F31F081E08E
S1138240C43021F402C081E001C080E02091ED142B
S11382503091EE143093EB142093EA14909131157D
S113826090935D159091FA139E7F9093FA139091D9
S113827047129F7D90934712909147129F7E90934F
S11382804712909147129F7790934712909147120B
S11382909F7B909347129091FA13C11109C0986083
S11382A09093FA13813081F48091471280640AC05C
S11382B0C13071F498609093FA13813029F480915D
S11382C047128068809347128091471280612BC0C7
S11382D0C23049F494609093FA13813081F4809110
S11382E0471280640AC0C33071F494609093FA1307
S11382F0813029F4809147128068809347128091DD
S11383004712806210C092609093FA13C43031F423
S1138310813059F480914712806405C0813029F47A
S1138320809147128068809347124091FA136091BC
S1138330471282E00E9444308FE39CE90197F1F7F1
S113834000C000008091471280688093471280919A
S11383504712806480934712CC2311F0C13049F452
S11383608091FA138D7F8093FA138091FA138B7F97
S113837010C0C23021F48091FA138D7F05C0C33040
S1138380D1F38091FA138B7F8093FA138091FA13BF
S1138390877F8093FA134091FA136091471282E029
S11383A00E9444308C2F0E94DA1A8FE39CE90197D3
S11383B0F1F700C00000C0935C158091E414826062
S11383C08093E41480912A148E7F80932A148091E0
S11383D031148E7F80933114CF910895282F31E08A
S11383E0C901992399F02091461530E0082E02C066
S11383F0359527950A94E2F720FD02C08F5F01C0EE
S113840090E024E030E0853060F3EACF0895809175
S1138410E5149091EC1494FF02C08F5F09C0609141
S11384209710709198108091991090919A10A8DAF1
S1138430D5DF853008F084E09091E514981740F07A
S11384409091E514891778F490912A1492FD0BC049
S113845090915B15992331F080915B158150809345
S11384605B150895C9CD0895282F31E0C9019923DA
S113847099F02091071530E0082E02C03595279514
S11384800A94E2F720FD02C08F5F01C090E025E06E
S113849030E0863060F3EACF0895CF93C0915C1545
S11384A0009904C080912614806103C08091261431
S11384B08F7E809326148091EC1486FD04C08091F5
S11384C0261484FF0DC08C2F90E0049714F4CE5F23
S11384D001C0CF5F8091261484FF0CC037DB0AC033
S11384E060914E1270914F128091501290915112DE
S11384F0BADAC82F8C2FB8DF863008F085E0909167
S11385005C15981740F090915C15891770F4909160
S11385102A1493FD0EC090915D15992321F080914A
S11385205D15815004C0CF9165CE80913115809343
S11385305D15CF91089580912F1590913015892B59
S113854069F080912F159091301501979093301513
S113855080932F1580912A14846003C080912A147B
S11385608B7F80932A148091EA149091EB14892BC9
S113857069F08091EA149091EB1401979093EB14B5
S11385808093EA1480912A14886003C080912A148D
S1138590877F80932A1480912B1487FF09C08091D0
S11385A0EC1482FF05C08091EC1481608093EC147C
S11385B08091EC1480FF09C09091E514809110150E
S11385C09817B9F08091101513C08091261480FF7C
S11385D002C01DDF0EC080915E1590915F159093CF
S11385E0301580932F158091E514843011F084E0C8
S11385F003DD009904C080912614806103C080913A
S113860026148F7E8093261480912B1487FF09C033
S11386108091EC1483FF05C08091EC1482608093F8
S1138620EC148091EC1481FF09C090915C15809149
S113863012159817D1F08091121516C08091261446
S113864080FD2BCF8091ED149091EE149093EB1458
S11386508093EA1480912A14886080932A1480916C
S11386605C15853011F085E0C5CD08958F929F92F9
S1138670AF92BF92CF92DF92EF92FF929C01215072
S113868031092E3F3F4008F03BC0BC0180E090E040
S113869089D420E030EF4FE755E4BAD36B017C0175
S11386A020E030E44CE156E40DD64B015C01A70117
S11386B0960160E070E080E89FE341D39B01AC0148
S11386C0C501B401A5D320E030E44CE156E4A0D3C5
S11386D086D520E030E049E755E49AD32FE03FEC1B
S11386E04BE55BE32DD39B01AC0160E070E080E8D7
S11386F09FE38ED323E333E948E853E420D304C053
S11387006DEC7CEC87EC92E4FF90EF90DF90CF90DF
S1138710BF90AF909F908F900895CF92DF92EF9289
S1138720FF9223E333E948E853E40AD39B01AC0105
S113873060E070E080E89FE36BD32FE03FEC4BE513
S11387405BE3FDD220E030E049E755E4BBD5CDD36F
S113875020E030E44CE156E4B5D56B017C0120E027
S113876030E44CE156E4ECD29B01AC01C701B60104
S11387704FD320E030EF4FE755E4A4D56B017C01E3
S113878020E030E0A90140D387FD11C020E030EFA4
S11387904FE755E4C701B601DCD418165CF4C12CCC
S11387A080EFD82E8FE7E82E85E4F82E03C0C12C85
S11387B0D12C7601C701B601C9D3CB01FF90EF904C
S11387C0DF90CF90089584EF91E02091BC0027FDC5
S11387D004C00197D1F780E0089581E00895FF92E5
S11387E00F931F93CF93DF938B01E82FF0E0EE55A7
S11387F0FD4FC0818CE08093B80084EAF82EF0929B
S1138800BC00E1DF882309F47FC08091B900887F30
S1138810883009F079C085E38A95F1F700008C2F40
S1138820880F8093BB00D4E8D093BC00CCDF8823AE
S113883009F46AC08091B900887F883109F064C066
S113884095E39A95F1F700001092BB00D093BC0019
S1138850BADF882309F458C08091B900887F883230
S113886009F052C0E5E3EA95F1F70000F092BC008C
S1138870AADF882309F448C08091B900887F803139
S113888009F042C0F5E3FA95F1F70000CC0FC1609E
S1138890C093BB00D093BC0096DF8823A9F18091DC
S11388A0B900887F803481F585E38A95F1F700006B
S11388B084EC8093BC0087DF882331F18091B90078
S11388C0887F803509F5C091BB0084E88093BC00A3
S11388D07ADF8823C9F08091B900887F8835A1F4B4
S11388E08091BB0094E99093BC0095E39A95F1F7CD
S11388F0000090E09C2B9F70F8019183808380E4BA
S11389008093B80081E00BC084E98093BC00F5E358
S1138910FA95F1F7000080E48093B80080E0DF91DD
S1138920CF911F910F91FF900895EF92FF921F93A3
S1138930CF93DF9300D0CDB7DEB720916915E82E31
S1138940F12C30E0082E02C0359527950A94E2F701
S113895020FF2AC0BE016F5F7F4F41DF8823C9F02B
S113896089819A8183DEF701EE0FFF1FEE0FFF1F4F
S1138970E659FA4E6083718382839383209168154C
S113898081E090E001C0880FEA94EAF780958223A1
S113899009C02091681581E090E001C0880FEA9435
S11389A0EAF7822B809368150F900F90DF91CF9197
S11389B01F91FF90EF900895CF93C82F84EA80937E
S11389C0BC0001DF882309F43DC08091B900887F91
S11389D08830C1F585E38A95F1F70000CC0FC09388
S11389E0BB00C4E8C093BC00EEDE882359F180913B
S11389F0B900887F883131F585E38A95F1F7000065
S1138A0082E08093BB00C093BC00DDDE8823D1F0FC
S1138A108091B900887F8832A9F485E38A95F1F7BB
S1138A20000084EE8093BB00C093BC00CCDE88239E
S1138A3049F08091B900887F883221F485E38A95D2
S1138A40F1F7000084E98093BC0085E38A95F1F78F
S1138A500000CF9108950F931F93CF93C82F609177
S1138A60221470912314809124149091251455DEBE
S1138A708C0184EA8093BC00A6DE882309F44EC0EE
S1138A808091B900887F883009F048C085E38A95D1
S1138A90F1F70000CC0FC093BB00C4E8C093BC0046
S1138AA092DE8823D9F18091B900887F8831B1F5AD
S1138AB085E38A95F1F7000083E08093BB00C093BF
S1138AC0BC0081DE882351F18091B900887F88320F
S1138AD029F51F7085E38A95F1F700001093BB0018
S1138AE0C093BC0070DE8823C9F08091B900887FF0
S1138AF08832A1F485E38A95F1F700000093BB0066
S1138B00C093BC0060DE882349F08091B900887F5F
S1138B10883221F485E38A95F1F7000084E9809393
S1138B20BC0085E38A95F1F70000CF911F910F9166
S1138B300895EF92FF921F93CF93DF93182F6091C4
S1138B40221470912314809124149091251420E010
S1138B5030E040EA50E4F3D0E0DDEC01609122140F
S1138B60709123148091241490912514D6DD7C01F6
S1138B7084EA8093BC0027DE882309F451C08091E5
S1138B80B900887F883009F04BC085E38A95F1F7F6
S1138B900000110F1093BB0014E81093BC0013DE07
S1138BA0882309F43DC08091B900887F8831C1F5DC
S1138BB085E38A95F1F7000085E08093BB0010936C
S1138BC0BC0001DE882361F18091B900887F88327E
S1138BD039F5CE19DF09DF7085E38A95F1F70000D6
S1138BE0D093BB001093BC00EEDD8823C9F08091C4
S1138BF0B900887F8832A1F485E38A95F1F70000F3
S1138C00C093BB001093BC00DEDD882349F0809143
S1138C10B900887F883221F485E38A95F1F7000052
S1138C2084E98093BC0085E38A95F1F70000DF9125
S1138C30CF911F91FF90EF900895CF93C82F0BDF32
S1138C408C2F77DF8C2FCF91B7CECF93C82F84EAA8
S1138C508093BC00B8DD8823E1F08091B900887F5F
S1138C608830B9F4CC0FC093BB0084E88093BC0077
S1138C70AADD882371F08091B900887F883149F496
S1138C8084E98093BC0085E38A95F1F7000081E0D4
S1138C9008C084E98093BC0085E38A95F1F700005D
S1138CA080E0CF9108958F929F92AF92BF92DF920E
S1138CB0EF92FF920F931F93CF93DF931092691556
S1138CC01092681502EA12E0C0E0D0E0EE24E394CA
S1138CD0F12C26E6822E982C2EE1A22E21ECB22E27
S1138CE0F801D1908F018D2DB0DF882369F0209198
S1138CF06915C7010C2E01C0880F0A94EAF7822B6C
S1138D00809369158D2D99DFFE01EE0FFF1FEE0F85
S1138D10FF1FE659FA4E80829182A282B382219685
S1138D20C830D105E9F6DF91CF911F910F91FF90E3
S1138D30EF90DF90BF90AF909F908F900895505820
S1138D40BB27AA270ED0CBC1BCD130F0C1D120F0B3
S1138D5031F49F3F11F41EF48CC10EF4E095E7FB4F
S1138D6082C1E92FCDD180F3BA1762077307840754
S1138D70950718F071F49EF5E5C10EF4E0950B2EFD
S1138D80BA2FA02D0B01B90190010C01CA01A00159
S1138D901124FF27591B99F0593F50F4503E68F1B4
S1138DA01A16F040A22F232F342F4427585FF3CFF5
S1138DB0469537952795A795F0405395C9F77EF4C6
S1138DC01F16BA0B620B730B840BBAF09150A1F00F
S1138DD0FF0FBB1F661F771F881FC2F70EC0BA0F95
S1138DE0621F731F841F48F4879577956795B7951D
S1138DF0F7959E3F08F0B3CF9395880F08F0992715
S1138E00EE0F9795879508950AD108F481E00895A7
S1138E100CD065C15DD140F054D130F021F45F3FF6
S1138E2019F021C151118FC124C16AD198F399233A
S1138E30C9F35523B1F3951B550BBB27AA2762171A
S1138E407307840738F09F5F5F4F220F331F441F5F
S1138E50AA1FA9F333D00E2E3AF0E0E830D0915097
S1138E605040E695001CCAF729D0FE2F27D0660F84
S1138E70771F881FBB1F261737074807AB07B0E8C3
S1138E8009F0BB0B802DBF01FF2793585F4F2AF0D9
S1138E909E3F510568F0E7C056C15F3FECF3983E32
S1138EA0DCF3869577956795B795F7959F5FC9F736
S1138EB0880F911D9695879597F90895E1E0660FBF
S1138EC0771F881FBB1F621773078407BA0720F038
S1138ED0621B730B840BBA0BEE1F88F7E0950895A1
S1138EE019F40EF0C0C02EC1C4C012D1C8F3963814
S1138EF0C0F707F80F92E8942BE33AEA48EB5FE7F0
S1138F00EFD10F920F920F924DB75EB70F92A7D188
S1138F10ECE8F0E0B1D04F915F91EF91FF91E595CE
S1138F20EE1FFF1F49F0FE57E0684427EE0F441F71
S1138F30FA95E1F74195550B19D10F9007FE0DC134
S1138F40089504D06894B111FEC00895E1D088F06A
S1138F509F5790F0B92F9927B751A0F0D1F0660F21
S1138F60771F881F991F1AF0BA95C9F712C0B1303C
S1138F7081F0E8D0B1E00895E5C0672F782F882705
S1138F80B85F39F0B93FCCF3869577956795B3957B
S1138F90D9F73EF490958095709561957F4F8F4FEA
S1138FA09F4F0895E89409C097FB3EF490958095EF
S1138FB0709561957F4F8F4F9F4F9923A9F0F92F9B
S1138FC096E9BB279395F695879577956795B79519
S1138FD0F111F8CFFAF4BB0F11F460FF1BC06F5FFF
S1138FE07F4F8F4F9F4F16C0882311F096E911C011
S1138FF0772321F09EE8872F762F05C0662371F032
S113900096E8862F70E060E02AF09A95660F771F45
S1139010881FDAF7880F9695879597F90895990F21
S11390200008550FAA0BE0E8FEEF16161706E8072E
S1139030F907C0F012161306E407F50798F0621B4F
S1139040730B840B950B39F40A2661F0232B242B24
S1139050252B21F408950A2609F4A140A6958FEF43
S1139060811D811D089597F99F6780E870E060E095
S113907008959FEF80EC0895DF93CF931F930F9390
S1139080FF92EF92DF927B018C01689405C0DA2E87
S1139090EF0124D1FE01E894A591259135914591E4
S11390A05591AEF3EF015DDEFE019701A801DA945C
S11390B079F7DF90EF90FF900F911F91CF91DF919F
S11390C0089500240A94161617061806090608952A
S11390D000240A9412161306140605060895092E90
S11390E00394000C11F4882352F0BB0F40F4BF2BFF
S11390F011F460FF04C06F5F7F4F8F4F9F4F08953F
S113910057FD9058440F551F59F05F3F71F0479534
S1139110880F97FB991F61F09F3F79F08795089519
S1139120121613061406551FF2CF4695F1DF08C038
S1139130161617061806991FF1CF86957105610555
S113914008940895E894BB2766277727CB0197F9FD
S1139150089565DF08F48FEF08959B01AC0160E08A
S113916070E080E89FE354CE7ECF50C1D1DFE8F3B6
S11391709923D9F3940F511DBBF39150504094F0AF
S113918059F0882332F0660F771F881F91505040A2
S1139190C1F79E3F510544F7880F911D9695879519
S11391A097F908955F3FACF0983E9CF0BB278695F5
S11391B077956795B79508F4B1609395C1F7BB0FA0
S11391C058F711F460FFE8CF6F5F7F4F8F4F9F4FC9
S11391D0E3CFB9CF0EF01AC14CCF689444CF98DFD7
S11391E0C8F39923D1F3C6F3DF93CF931F930F935F
S11391F0FF92C92FDD2788232AF02197660F771F56
S1139200881FDAF720E030E040E85FEB9FE388391D
S113921020F0803E30F021968F7792DDE4EBF0E091
S113922003C08EDDE1EEF0E027DF8B01BE01EC012F
S1139230FB2E6F5771097595771F880B990BB4DE58
S113924028E132E741E35FE349D0AF2D9801AE0155
S1139250FF900F911F91CF91DF9183DD40CFFA01F1
S1139260DC01AA0FBB1F9B01AC01BF5728F42227C6
S11392703327442750781FC0B75188F4AB2F0024FC
S1139280469537952795011CA395D2F3002069F0E4
S1139290220F331F441FB395DAF30DD050CD613044
S11392A07105A0E88A07B94630F49B01AC01662732
S11392B0772788279078309621F020833183428362
S11392C0538308950BD00BCFFCDE28F001DF18F098
S11392D0952309F0C8CECDCE112435CF11DFA0F3EC
S11392E0959FD1F3950F50E0551F629FF001729F37
S11392F0BB27F00DB11D639FAA27F00DB11DAA1F56
S1139300649F6627B00DA11D661F829F2227B00DA2
S1139310A11D621F739FB00DA11D621F839FA00D2D
S1139320611D221F749F3327A00D611D231F849F7D
S1139330600D211D822F762F6A2F11249F575040D4
S11393408AF0E1F088234AF0EE0FFF1FBB1F661F6F
S1139350771F881F91505040A9F79E3F510570F028
S113936082CEF1CE5F3FECF3983EDCF386957795A1
S11393706795B795F795E7959F5FC1F7FE2B880F23
S1139380911D9695879597F90895C2DEE0F09E3772
S1139390D8F09639B8F49E3848F4672F782F882788
S11393A0985FF9CF86957795679593959539D0F31E
S11393B0B62FB1706B0F711D811D20F487957795C1
S11393C06795939508C022C0BECE9F932ED00F9070
S11393D007FCEE5F51C0882371F4772321F0985085
S11393E0872B762F07C0662311F499270DC090515F
S11393F0862B70E060E02AF09A95660F771F881F2D
S1139400DAF7880F9695879597F908959F3F31F07D
S1139410915020F4879577956795B795880F911D9E
S11394209695879597F9089524CE72DEE8F3E8942B
S1139430E0E0BB279F57F0F02AED3FE049EC06C07F
S1139440EE0FBB0F661F771F881F28F0B23A620722
S11394507307840728F0B25A620B730B840BE395ED
S11394609A9572F7803830F49A95BB0F661F771F70
S1139470881FD2F79048CCCFEF93E0FF06C0A2EA52
S11394802AED3FE049EC5FEB6CDC29DE0F9003949E
S113949001FC9058EEE0F1E000C09F938F937F931E
S11394A06F93FF93EF939B01AC010CDFEF91FF915E
S11394B0E3DD2F913F914F915F9104CFCF92DF92E3
S11394C0FF920F931F93CF93DF93EA01F02E122F95
S11394D0283008F017E000E0212FAE01BAD09881BF
S11394E0292F2870DE0190FF06C0211104C01196B7
S11394F02DE228830CC0F1FE03C011963BE204C0A8
S1139500F0FE03C0119630E23883211105C092FFAA
S11395100CC06CE271E002C064E371E0F2FE02C0D0
S11395206C5F7F4FCD016DD145C0FD01319629811E
S11395302C93213309F09F7E1123B9F0AE014E5FC5
S11395405F4F6F01312F2EE2DA016D91AD01D6012B
S11395502D936D013150262FB9F71150DF01A10F62
S1139560B11DFD01329611966C93F2FC02C025E602
S113957001C025E42083DF01129687FF04C09DE229
S1139580918381950AC0811106C094FF04C09DE2B5
S1139590918390E308C09BE2918390E38A301CF0AE
S11395A09F5F8A50FBCF9C93805D11968C9311979B
S11395B012961C92CE01DF91CF911F910F91FF90D3
S11395C0DF90CF9008956627772791C1FC01882703
S11395D09927E89421912032E9F3293010F02E30B4
S11395E0C8F32B3239F02D3231F4689403C03DD1E5
S11395F0820F911D219120532A30C8F31EF49095B7
S113960081959F4F08951F93FC0199278827BC01DA
S1139610E89411911032E9F3193010F01E30C8F3B8
S11396201B3249F01D3241F4689405C009D1610F21
S1139630711D811D911D119110531A30B8F33EF420
S113964090958095709561957F4F8F4F9F4F1F9197
S11396500895283008F027E03327DA01990F311DE7
S113966087FD916000966105710539F432602E5FC3
S11396703D9330E32A95E1F708959F3F30F0803819
S11396807105610509F03C5F3C5F3D93913008F042
S11396908068911DDF93CF931F930F93FF92EF92F6
S11396A0192F987F9695E92F96959695E90FFF27A0
S11396B0EA56FE4F99273327EE24FF24A701E7013A
S11396C005900894079428F4360FE71EF81E491FE6
S11396D0511D660F771F881F991F0694A1F70590E7
S11396E0079428F4E70EF81E491F561FC11D770F73
S11396F0881F991F661F0694A1F70590079428F404
S1139700F80E491F561FC71FD11D880F991F661FCA
S1139710771F0694A1F70590079420F4490F561F6C
S1139720C71FD81F990F661F771F881F0694A9F7B4
S113973084911095177041F0D695C7955795479524
S1139740F794E7941A95C1F7ECE3F1E06894159067
S1139750159135916591959105907FE27395E11886
S1139760F10A430B560BC90BD009C0F7E10CF11EEB
S1139770431F561FC91FD01D7EF4703311F48A9500
S1139780E6CFE894015030F0080F0AF400270217DE
S113979008F4202F2395022F7A3328F079E37D9360
S11397A02A95E9F710C07D932A9589F60694979532
S11397B06795379517951794E118F10A430B560BE3
S11397C0C90BD00998F023957E9173957A3308F0EC
S11397D070E37C932013B8F77E9170617D9330F031
S11397E0839571E37D9370E32A95E1F71124EF905B
S11397F0FF900F911F91CF91DF91992787FD90954D
S11398000895FB01DC0105900D920020E1F7089515
S1139810BB274A3031F4992322F4BDE29095819517
S11398209F4F4DC0BB272A3051F4992342F4BDE227
S113983090958095709561957F4F8F4F9F4F1EC077
S1139840592F482F372F262F660F771F881F991FF0
S1139850660F771F881F991F620F731F841F951F40
S1139860660F771F881F991F08957AE0979F902DA0
S1139870879F802D910D11240895BB27FA01A62FEF
S11398806217710581059105330B30FB66F0AA2739
S1139890660F771F881F991FAA1FA21710F0A21B1B
S11398A063953850A9F7A05DAA3308F0A95DA19388
S11398B036F7B111B1931082CA018CC1BB27FB01E9
S11398C05527AA27880F991FAA1FA41710F0A41BB5
S11398D083955051B9F7A05DAA3308F0A95DA1930F
S11398E0009779F7B111B1931192CB0173C18F92A3
S11398F09F92AF92BF92CF92DF92EF92FF920F931B
S11399001F93CF93DF93EC016B016115710519F07F
S1139910FB01918380837E01FFEFEF1AFF0A088128
S1139920802F90E037D1892B11F0E701F4CF0D326D
S113993039F47E0182E0E80EF11C098111E008C0CF
S11399400B3229F47E0192E0E90EF11C098110E04A
S1139950E701219743E050E06EE372E0CE0122D1AB
S1139960892BB9F4239645E050E069E372E0CE0117
S113997019D1892B09F42596C114D10419F0F601E3
S1139980D183C0831111F0C060E070E080E89FE7EC
S1139990F4C043E050E066E372E0CE0103D1892BCA
S11399A059F4C114D10409F4E4C0F2E0EF0EF11C3F
S11399B0F601F182E082DDC020E030E0A901C0E0E0
S11399C0D0E0F70160EDA62EA00E89E08A1528F1FB
S11399D0912F9260B92E812F887012FF04C08111DB
S11399E023C0219621C081112197A5E0B0E034D194
S11399F0DC01CB01880F991FAA1FBB1F9C01AD017D
S1139A002A0D311D411D511D283989E938074807A0
S1139A1089E1580748F0166006C09EEFA9120AC0F3
S1139A2013FD40C01860B12E8FEFE81AF80A0081C8
S1139A301B2DC7CF802F8F7D8534A1F580818D327A
S1139A4011F4106106C08B3221F0319661E070E0B0
S1139A5004C08181329662E070E080538A3018F04D
S1139A60E61BF70B1FC060E070E060389CE07907EC
S1139A705CF4DB01AA0FBB1FAA0FBB1F6A0F7B1F7D
S1139A80660F771F680F711D3196DF0111978C9156
S1139A9080538A3050F314FF03C0719561957109A6
S1139AA0C60FD71F11FF08C0C114D10429F0CF017C
S1139AB00197F60191838083CA01B90173DA212FDA
S1139AC02370233019F04B015C0106C04B015C018B
S1139AD0B7FAB094B7F8B09420E030E0A901C5011A
S1139AE0B40192D9882309F43CC0D7FF06C0D195AC
S1139AF0C195D10905E512E002C00DE612E0680146
S1139B00F8E1CF1AD10890E2E92EF12CCE15DF0549
S1139B106CF0F8012591359145915491C501B4013A
S1139B20D1DB4B015C01CE19DF09F0CF04501109E0
S1139B30F594E7940C151D0549F78A2D880F8B2D94
S1139B40881F8F3F41F020E030E0A901C501B40136
S1139B505BD9811106C082E290E090938B158093CB
S1139B608A15C501B40109C060E070E080E89FEF88
S1139B7004C060E070E080EC9FE7DF91CF911F911B
S1139B800F91FF90EF90DF90CF90BF90AF909F9098
S1139B908F90089591112EC0803219F0895085500C
S1139BA0D0F70895FB01DC014150504088F08D91BD
S1139BB081341CF08B350CF4805E659161341CF0AB
S1139BC06B350CF4605E861B611171F3990B08957B
S1139BD0881BFCCFDC01FC01672F71917723E1F72F
S1139BE0329704C07C916D9370836291AE17BF0766
S1139BF0C8F30895992788270895DC01CB01FC0157
S1139C00F999FECF06C0F2BDE1BDF89A319600B4D1
S1139C100D9241505040B8F70895F999FECF92BD86
S1139C2081BDF89A992780B50895DC01CB0102C063
S1139C302D9105D041505040D8F70895262FF99919
S1139C40FECF1FBA92BD81BD20BD0FB6F894FA9A1B
S1139C50F99A0FBE0196089509D0A59F900DB49F5F
S1139C60900DA49F800D911D11240895A29FB00111
S1139C70B39FC001A39F700D811D1124911DB29F3C
S1119C80700D811D1124911D0895F894FFCFDD
S1139C8E524541443F004F55545000310030002A94
S1139C9E005342523F004F50433F0049444E3F0051
S1139CAE4F5045545F52312E34430056312E3136C7
S1139CBE412D4430384D3033593735004C4F4144E3
S1139CCE3A004D4F444500534554564F4C5400539F
S1139CDE455443555252004D5050543A44454C410C
S1139CEE59004D454153004441544100504F494E93
S1139CFE5453004156523A5643004156523A534534
S1139D0E545300434F533A504841534500564F4322
S1139D1E3A4D554C54005452414E533A00454E441C
S1139D2E564F4C540052414E47453A004143545607
S1139D3E414C004944564F4C54006175746F0049B0
S1139D4E4443555252004F43525354004F4E564FB4
S1139D5E4C54004F4E435552520043414C3A004529
S1139D6E3F005343414C45004E6F2043616C21002C
S1139D7E4F46465345540046414E3A004D414E20FF
S1139D8E4F4646004D414E204F4E004155544F0014
S1139D9E4155544F204F4E004155544F204F464687
S1139DAE00445249563A00565345543F00494447DD
S1139DBE41494E004944494E54004144433A0041FE
S1139DCE56523A4F54484552004359434C45533A20
S1139DDE5643004545524F4D3A005752495445009B
S1139DEE54454D503F004552525F41445221004567
S1139DFE52525F56414C21004E6F45726F6D2100D9
S1139E0E4552525F454550524F4D5F4144522100D9
S1139E1E4552525F454550524F4D5F56414C2100BD
S10D9E2E090050515254555658597A
S9030000FC
