S01400004D5050545F5043425F4D43552E7372656357
S113000038C1000055C1000053C1000051C10000B7
S11300104FC100004DC100004BC1000049C10000A8
S113002047C1000045C1000043C1000041C10000B8
S11300303FC100000C94FC333BC1000039C10000F7
S113004037C1000035C1000033C1000031C10000D8
S11300500C9460332DC100000C94C43329C10000FA
S113006027C1000025C1000023C1000021C10000F8
S11300701FC100001DC100001BC1000019C1000008
S113008017C1000015C1000013C100000763423608
S1130090B79BD8A71A39685618AEBAAB558C1D3C15
S11300A0B7CC5763BD6DEDFD753EF6177231BF00D9
S11300B00000803F08000000BE922449123EABAA13
S11300C0AA2ABECDCCCC4C3E00000080BEABAAAA6E
S11300D0AA3E00000000BF000000803F00000000B6
S11300E000084178D3BB4387D1133D190E3CC3BDEF
S11300F04282AD2B3E68EC8276BED98FE1A93E4C9C
S113010080EFFFBE01C4FF7F3F000000000005A890
S11301104CCDB2D44EB93836A9020C50B991868868
S1130120083CA6AAAA2ABE000000803F696E6600A9
S1130130494E46006E616E004E414E0000407A10FA
S1130140F35A00A0724E18090010A5D4E80000E884
S11301507648170000E40B54020000CA9A3B0000E2
S113016000E1F505000080969800000040420F0071
S11301700000A08601000000102700000000E80332
S1130180000000006400000000000A0000000000FD
S11301900100000000002C76D888DC674F0823DFBC
S11301A0C1DFAE59E1B1B796E5E3E453C63AE6518F
S11301B0997696E8E6C28426EB898C9B62ED407CB6
S11301C06FFCEFBC9C9F40F2BAA56FA5F490055A52
S11301D02AF75C936B6CF9676DC11BFCE0E40D4777
S11301E0FEF520E6B500D0ED902E0300943577059A
S11301F00080841E080000204E0A000000C80C3352
S11302003333330F986E12831141EF8D2114893BE0
S1130210E65516CFFEE6DB18D1844B381BF77C1D60
S1130220901DA4BBE424203284725E228100C9F1B3
S113023024ECA1E53D274E414E494E495459494EBF
S113024046CDCCCC3D0AD7233C17B7D13877CC2B3D
S1130250329595E6241FB14F0A000020410000C8E2
S11302604200401C4620BCBE4CCA1B0E5AAEC59D63
S1130270740011241FBECFEFD0E4DEBFCDBF12E067
S1130280A0E0B1E0ECE8FCE900E00BBF02C007909D
S11302900D92AA3AB107D9F725E1AAEAB2E001C062
S11302A01D92AC38B207E1F70E9406310C94444E1B
S11302B0A7CECF93DF938091EC1480FD0AC0909178
S11302C0BE028091E514891720F48091BE020E9439
S11302D0FB3F8091421590914315A0914415B09134
S11302E045158093BD149093BE14A093BF14B0938E
S11302F0C0146091BD147091BE148091BF1490918C
S1130300C0140E94CF2D8091BF029091C002A89585
S1130310009749F0EFE9FFE03197F1F700C00000E2
S1130320A8950197F5CFC6E0C15019F10E94BA2CE7
S11303308091EC1480FD1DC0D091E514109230150D
S113034010922F1510925B150E9406428091E514BD
S1130350D81305C08091E5148093BE020AC0FFEF54
S113036020E782E0F15020408040E1F700C0000027
S1130370DBCF6091971070919810809199109091B3
S11303809A10DF91CF910895CF93DF938091EC146D
S113039081FD0AC09091A80A80915C15891720F408
S11303A08091A80A0E94F9401092BD141092BE14C4
S11303B01092BF141092C0146091BD147091BE14B9
S11303C08091BF149091C0140E94CF2D8091BF02E0
S11303D09091C002A895009749F0EFE9FFE03197AA
S11303E0F1F700C00000A8950197F5CF00990BC064
S11303F00E94A53DFFEF20E782E0F15020408040BD
S1130400E1F700C00000C7E0C15019F10E94392D86
S11304108091EC1481FD1DC0D0915C151092EB14F9
S11304201092EA1410925D150E944C4280915C1562
S1130430D81305C080915C158093A80A0AC09FEF69
S1130440E0E7F2E09150E040F040E1F700C0000046
S1130450DBCFDF91CF9108952F923F924F925F921D
S11304606F927F928F929F92AF92BF92CF92DF92C0
S1130470EF92FF920F931F93CF93DF9300D01F92BD
S1130480CDB7DEB72DB73EB73B832A838091B7063D
S1130490EDB7FEB722E0829FE019F10911240FB6EF
S11304A0F894FEBF0FBEEDBF8DB79EB701967C01D9
S11304B0D090E514C0905C15409097145090981417
S11304C06090991470909A148091B8029091B90236
S11304D080329E4418F080E69AEE0AC08091B802F9
S11304E09091B9029C01220F331F820F931FC29671
S11304F09093C0028093BF026091C2027091C302C4
S11305008091C4029091C5022091C7023091C80223
S11305104091C9025091CA020E940347181684F000
S11305208091C7029091C802A091C902B091CA02F9
S11305308093C2029093C302A093C402B093C502F5
S11305406091C2027091C3028091C4029091C5026D
S11305502091C7023091C8024091C9025091CA0249
S11305608090B4029090B502A090B602B090B70209
S11305700E949E46A50194010E9407470E94C44917
S11305800E94A5476983372E8091EC1480FD2DC00D
S11305901092301510922F156091561470915714C3
S11305A080915814909159142091B8063091B9064D
S11305B04091BA065091BB060E94A84818164CF404
S11305C06091561470915714809158149091591455
S11305D008C06091B8067091B9068091BA069091EE
S11305E0BB060E94BF3C0E94FB3F8091EC1481FF3C
S11305F0CBDE6091561470915714809158149091E9
S113060059140E94CF2D1398129811988091BF020B
S11306109091C002A895009749F0EFE9FFE0319767
S1130620F1F700C00000A8950197F5CF2090B70618
S11306306091B8067091B9068091BA069091BB0694
S11306400E94CF2D57018701222071F00E94672953
S1130650F801819391938F012A948981932D0097B6
S113066099F301970000FBCF2090B7062220D1F028
S11306702A94022D10E0F801EE0FFF1FEE0DFF1D6E
S11306806081718180E090E00E94D147000F111FCA
S1130690000F111FF801E355F54F608371838283C6
S11306A09383E4CF60915614709157148091581439
S11306B0909159140E94CF2D139A129811988091F9
S11306C0BF029091C002A895009749F0EFE9FFE0BE
S11306D03197F1F700C00000A8950197F5CF10916C
S11306E0B7066091B8067091B9068091BA069091E8
S11306F0BB060E94CF2D112371F00E946729F501DA
S1130700819391935F0111508981932D009799F3FF
S113071001970000FBCFB090B706BB20D1F0BA948C
S11307200B2D10E0F801EE0FFF1FEE0DFF1D608191
S1130730718180E090E00E94D147000F111F000FEB
S1130740111FF801E454F94F60837183828393830A
S1130750E4CF80912B148B7F80932B1480912A14E7
S1130760826080932A1460919714709198148091F8
S1130770991490919A140E94CF2D80915C15C816FB
S113078039F01092EB141092EA148C2D0E94F94067
S11307908091E514D81639F01092301510922F1567
S11307A08D2D0E94FB3FC301B2010E94CF2D1398EF
S11307B0129811988091BF029091C002A895009759
S11307C049F0EFE9FFE03197F1F700C00000A89588
S11307D00197F5CF80912A148E7F80932A148091FB
S11307E031148E7F809331142A813B810FB6F894A3
S11307F03EBF0FBE2DBF0F900F900F90DF91CF9192
S11308001F910F91FF90EF90DF90CF90BF90AF902A
S11308109F908F907F906F905F904F903F902F901C
S113082008954F925F926F927F928F929F92AF92B0
S1130830BF92CF92DF92EF92FF92CF93DF93CDB727
S1130840DEB72C970FB6F894DEBF0FBECDBF698715
S11308507A878B879C8729013A018091C102898319
S1130860812C912C5401C12CD12C7601A981AA236D
S113087009F44AC0139812981198AFE8B1E011979F
S1130880F1F700C000008091B20290E00E94AA2912
S1130890C60ED71EE81EF91E80910314882321F08A
S11308A08091B302806207C080919210882329F05E
S11308B08091B30280618093B302139A12981198C5
S11308C08FE891E00197F1F700C000008091B20237
S11308D090E00E94AA29860E971EA81EB91E809138
S11308E00314882321F08091B302806807C08091AB
S11308F09210882329F08091B30280648093B3021C
S1130900998191509983B2CF8091C60281FF23C00F
S11309101398129811988FE891E00197F1F700C0AD
S113092000008091B20290E00E94AA29C60ED71E50
S1130930E81EF91E80910314882321F08091EC14A1
S1130940806207C080919210882329F08091EC1472
S113095080618093EC148091641590916515A09149
S11309606615B091671589839A83AB83BC838091A4
S1130970131590911415A0911515B09116158D832A
S11309809E83AF83B887C701B6010E94D1472985EA
S11309903A854B855C850E94614929813A814B8166
S11309A05C810E949F462D813E814F8158850E9423
S11309B06149609397107093981080939910909365
S11309C09A10C090E014D090E114E090E214F090FA
S11309D0E3148091DC149091DD14A091DE14B091A5
S11309E0DF1489839A83AB83BC83C501B4010E945D
S11309F0D147A30192010E946149A70196010E9477
S1130A009F4629813A814B815C810E9461496093B0
S1130A104E1270934F128093501290935112609122
S1130A209710709198108091991090919A1020913C
S1130A3008153091091540910A1550910B15C09075
S1130A404E12D0904F12E0905012F09051120E942A
S1130A506149A70196010E949F46609349127093D1
S1130A604A1280934B1290934C122C960FB6F89422
S1130A70DEBF0FBECDBFDF91CF91FF90EF90DF902F
S1130A80CF90BF90AF909F908F907F906F905F902A
S1130A904F9008955F926F927F928F929F92AF9240
S1130AA0BF92CF92DF92EF92FF920F931F93CF9357
S1130AB0DF93C091B706D0E010E000E0912CC12C88
S1130AC0D12C7601CC2381F1C15084E0C89F9001E0
S1130AD01124F901E355F54F5F0160817181828131
S1130AE09381F901E454F94F20813181428153818A
S1130AF00E946149562E672E782E892E262F372F75
S1130B00482F592F6D2F712F802F992D0E94034745
S1130B1087FFD8CFF501C080D180E280F380D52D46
S1130B20162D072D982CCECFC701B601DF91CF919A
S1130B301F910F91FF90EF90DF90CF90BF90AF90F7
S1130B409F908F907F906F905F900895CF92DF92E7
S1130B50EF92FF92139A1298119A8FE891E00197FD
S1130B60F1F700C0000084E190E00E947B29139A11
S1130B70129A119A0E94D1472DEC3CEC4CE45DE3AF
S1130B800E9461492091191430911A1440911B1448
S1130B9050911C140E9461496B017C019B01AC01C2
S1130BA060E070E080E897E40E949E469B01AC01FF
S1130BB0C701B6010E94074720910C1430910D140F
S1130BC040910E1450910F14C0908E10D0908F103D
S1130BD0E0909010F09091100E946149A701960155
S1130BE00E9461490E94EE4820910414309105143A
S1130BF040910614509107140E9461492EE13FEC84
S1130C004BE55BE30E949F469B01AC0160E070E012
S1130C1080E89FE30E94074723E333E948E853E46D
S1130C200E949E466093A7107093A8108093A91009
S1130C309093AA108091CB1487FD48C08091CB1467
S1130C4080FD44C06091151470911614809117149E
S1130C50909118142091721430917314409174146B
S1130C60509175140E94A8481816A4F06091A7101A
S1130C707091A8108091A9109091AA1020915214FB
S1130C803091531440915414509155140E94A84823
S1130C901816E4F41698179A8091CB148160809307
S1130CA0CB148091CB1482608093CB148091A714D1
S1130CB09091A81490935C1480935B148FE19EE44C
S1130CC00197F1F700C00000169A179AFF90EF9071
S1130CD0DF90CF900C946F36CF92DF92EF92FF9219
S1130CE013981298119A8FE891E00197F1F700C0D8
S1130CF0000084E190E00E947B29139A129A119AD1
S1130D000E94D1472DEC3CEC4CE45DE30E94614928
S1130D1020911D1430911E1440911F1450912014E1
S1130D200E9461496B017C019B01AC0160E070E0B1
S1130D3080E897E40E949E469B01AC01C701B6017E
S1130D400E94074720919F103091A0104091A1105C
S1130D505091A210C0905E12D0905F12E090601289
S1130D60F09061120E946149A70196010E946149B5
S1130D700E94EE4820915212309153124091541225
S1130D80509155120E9461492EE13FEC4BE55BE323
S1130D900E949F469B01AC0160E070E080E89FE305
S1130DA00E94074723E333E948E853E40E949E4640
S1130DB06093151470931614809317149093181459
S1130DC08091CB1487FD48C08091CB1480FD44C032
S1130DD06091151470911614809117149091181441
S1130DE020917214309173144091741450917514BD
S1130DF00E94A8481816A4F06091A7107091A8103A
S1130E008091A9109091AA102091521430915314FA
S1130E1040915414509155140E94A8481816E4F4B3
S1130E201698179A8091CB1481608093CB1480918B
S1130E30CB1482608093CB148091A7149091A81452
S1130E4090935C1480935B148FE19EE40197F1F717
S1130E5000C00000169A179AFF90EF90DF90CF9091
S1130E600C946F368F929F92AF92BF92CF92DF9283
S1130E70EF92FF92139A129A11988FE891E00197DA
S1130E80F1F700C0000084E190E00E947B29139AEE
S1130E90129A119A8090431290904412A090451295
S1130EA0B0904612C090FB13D090FC13E090FD1359
S1130EB0F090FE130E94D1472DEC3CEC4CE45DE332
S1130EC00E946149A50194010E946149A70196010C
S1130ED00E949F466093111470931214809313140C
S1130EE0909314146091111470911214809113143E
S1130EF0909114142091BA023091BB024091BC022B
S1130F005091BD020E94034787FD14C060911114E3
S1130F107091121480911314909114142091AA02C8
S1130F203091AB024091AC025091AD020E94A848AE
S1130F3018162CF48091B30284608093B302FF905E
S1130F40EF90DF90CF90BF90AF909F908F900895D7
S1130F502F923F924F925F926F927F928F929F92C5
S1130F60AF92BF92CF92DF92EF92FF920F931F93B3
S1130F70CF93DF93CDB7DEB72D970FB6F894DEBFCE
S1130F800FBECDBF1092B30220915C152A8330911D
S1130F90E5143B838091971490919814A09199142F
S1130FA0B0919A1488879987AA87BB878091C602D3
S1130FB081FF4FC09091B20299836091C10270E0A9
S1130FC080E090E00E94D14720E030E040E85FE319
S1130FD00E949F466B017C01A9816A2F70E080E02A
S1130FE090E00E94D1479B01AC01C701B6010E9469
S1130FF061499B01AC0160E070E080E89FE30E94DE
S11310000747062F372E8983192F6091B202B090BB
S1131010C10270E080E090E00E94D1476B017C0146
S11310206B2D70E080E090E00E94D1479B01AC0101
S1131030C701B6010E9461499B01AC0160E070E008
S113104080E89FE30E9407476C837D838E839F83A0
S113105029C06091B202B091C102B98370E080E00E
S113106090E00E94D1476B017C01E9816E2F70E012
S113107080E090E00E94D1479B01AC01C701B6011A
S11310800E9461499B01AC0160E070E080E89FE34D
S11310900E940747062F372E8983192F6C837D837F
S11310A08E839F838091B8029091B90280329E44CE
S11310B018F080E69AEE0AC08091B8029091B902C5
S11310C09C01220F331F820F931FC2969093C0027C
S11310D08093BF02EED86B017C0156D98091C60281
S11310E080FFB6C08090AE029090AF02A090B00294
S11310F0B090B1026091B70670E061507109072E9B
S1131100000C880B990B0E94D3479B01AC01C501CD
S1131110B4010E9407472B013C012091A90A309198
S1131120AA0A4091AB0A5091AC0AC701B6010E94C9
S113113061496B017C016091B70670E061507109EF
S1131140072E000C880B990B0E94D347A301920130
S11311500E9461490E94E4494B015C016091AE0226
S11311607091AF028091B0029091B10226EA3FE003
S113117049EC5FE30E940347A5019401181644F467
S113118060E070E080E090E40E949E469B01AC0128
S1131190C701B6010E9407476B017C01212C809195
S11311A0B706281608F043C0222D30E03D872C876F
S11311B0B901330F880B990B0E94D347A301920105
S11311C00E9461494B015C0126EA3FE049EC5FE380
S11311D00E940347AC85BD85AA0FBB1FAA0FBB1F86
S11311E0BD87AC8718164CF0C501B4010E94E449D0
S11311F09B01AC01C701B6010EC0C501B4010E9438
S1131200E4499B01AC0160E070E080E090E40E945E
S11312109E46A70196010E946149EC85FD85E55330
S1131220FD4F60837183828393832394B8CF80912D
S1131230C60282FF4DC0E091B706B4E0EB9FF00117
S11312401124E953FD4F608171818281938148C0EB
S11312502091A90A3091AA0A4091AB0A5091AC0A94
S1131260B090B706C701B6010E9461496B017C01C9
S11312706B2D70E061507109072E000C880B990BDF
S11312800E94D3479B01AC01C701B6010E940747E6
S11312904B015C01D12C8091B706D81640F6ED2C99
S11312A0F12C6D2D70E080E090E00E94D147A50103
S11312B094010E946149F701EE0FFF1FEE0FFF1F1B
S11312C0E553FD4F6083718382839383D394E3CF8B
S11312D06091CB027091CC028091CD029091CE02AC
S11312E00E94CF2D8091BF029091C002A8950097D3
S11312F049F0EFE9FFE03197F1F700C00000A8954D
S11313000197F5CFA12C8091B706A81608F076C0F6
S11313108091C602CA2CD12C82FF0CC0E091B70682
S1131320F0E0EC19FD09EE0FFF1FEE0FFF1FE9536C
S1131330FD4F07C0F601EE0FFF1FEE0FFF1FE55331
S1131340FD4F60817181828193810E94CF2DA89588
S1131350E090B802F090B902F1E0EF1AF1081C86AF
S1131360FFEFEF16FF0609F4C7C0A8952C852130BE
S113137081F4ECDB882339F08091B302826080939E
S1131380B30281E001C080E0ABE4B6E01197F1F76D
S113139012C0BC85B230A9F49FDC882339F0809157
S11313A0B30282608093B30281E001C080E0EBE489
S11313B0F6E03197F1F700C00000882309F4CAC0B1
S11313C01DC0FC85F33051F44DDD8BE39AE00197A9
S11313D0F1F700C0000094E09C870CC0ABE9BFE0CB
S11313E01197F1F700C00000BC85BF5FBC87BA301D
S11313F008F01C86E1E0EE1AF108B2CF009904C0AF
S11314008091B302816003C08091B3028E7F809388
S1131410B3028091691480688093691480912A14BE
S1131420826080932A1480912B148D7F80932B14D7
S113143088859985AA85BB858093BD149093BE1435
S1131440A093BF14B093C01480915C159A8198172F
S113145039F01092EB141092EA14892F0E94F9408B
S11314608091E514AB81A81739F0109230151092D1
S11314702F158A2F0E94FB3F6091BD147091BE14FA
S11314808091BF149091C0140E94CF2D139812988C
S113149011988091BF029091C002A895009749F0DD
S11314A0EFE9FFE03197F1F700C00000A89501973C
S11314B0F5CF80912A148E7F80932A148091311461
S11314C08E7F809331142D960FB6F894DEBF0FBE35
S11314D0CDBFDF91CF911F910F91FF90EF90DF90DF
S11314E0CF90BF90AF909F908F907F906F905F90C0
S11314F04F903F902F9008952C813D814E815F81C4
S1131500602F732D8981912F8CD940919710509120
S113151098106091991070919A10C601880F991FC4
S1131520880F991FFC01E355F54F40835183628373
S113153073834091491250914A1260914B127091F9
S11315404C12FC01E454F94F40835183628373834A
S1131550A394D9CEFC85FF5FFC874CCFCF93C82FD3
S11315608091FA13C11102C08F7B03C0C13039F4DA
S113157080648093FA138091FA138F770AC0C23083
S113158011F48F7B01C080648093FA138091FA1365
S113159080688093FA134091FA136091471282E0B5
S11315A00E9443308FE891E00197F1F700C00000FA
S11315B0C093990ECF910895CF93C82F8091FA13B9
S11315C0C11102C08F7E03C0C13039F480618093A1
S11315D0FA138091FA138F7D0AC0C23011F48F7E02
S11315E001C080618093FA138091FA138062809322
S11315F0FA134091FA136091471282E00E9443303B
S11316008FE891E00197F1F700C00000C0939C0EB1
S1131610CF9108959091990E80919A0E981719F090
S113162080919A0E9BDF90919C0E80919B0E98174F
S113163019F080919B0EC0CF0895BC0180919E0E3D
S11316408111FCCF90E0292F30E0FB01E20FF31F62
S11316504081442339F08081F901EA56F04F8083B8
S11316609F5FF1CF8091291486FD06C0F901EA56E7
S1131670F04F8AE080839F5FE92FF0E0EA56F04F55
S1131680108290939E0E81E08093950F8091C0000C
S113169085FFFCCF5A9A85E08A95F1F70000809186
S11316A0C10080648093C1008091960F8093C6002E
S11316B00895AC0190918A10992379F09150292FC3
S11316C030E0F901E056F14F8081FA01E20FF31F97
S11316D02081281789F380E0089581E00895AC0102
S11316E090918A10691778F49150292F30E0F9010C
S11316F0E056F14F8081FA01E20FF31F2081281791
S113170089F380E0089581E008959C0110928A1085
S113171080918A10F901E80FF11D8081E0918A100F
S1131720F0E0882379F080918A10D901A80FB11DC7
S11317308C91E056F14F808390918A109F5F909333
S11317408A10E6CFE056F14F10820895AC01E09183
S11317508A10F0E0E056F14F89E0808390918A107E
S11317609F5F90938A1090E0DA01A90FB11D8C91CC
S1131770E0918A10F0E0882359F08C91E056F14F03
S113178080839F5F20918A102F5F20938A10ECCF73
S1131790E056F14F10820895AC0160938A1090E0F6
S11317A0FA01E90FF11D2081E0918A10F0E0E05682
S11317B0F14F222341F0208320918A102F5F209340
S11317C08A109F5FEDCF10820895E0918A10F0E0B7
S11317D0E056F14F8FE3808380918A108F5F80936E
S11317E08A10E0918A10F0E0E056F14F10820895DB
S11317F0FB012E2F261B421741F0DC013D91CD0148
S11318002081321304C03196F4CF81E0089580E042
S11318100895AC0190E0E92FF0E0DB01AE0FBF1FAB
S11318202C91E40FF51F222319F020839F5FF3CF3F
S113183010820895CF93DF93DC0190E0FD01E90F5E
S1131840F11D8081882311F09F5FF8CF492F842FE9
S1131850891BEB01C80FD11D8881242F30E0FD01C5
S1131860E20FF31F882321F0888180834F5FEFCF3D
S11318701082DF91CF9108950F93FC01CB01BA013F
S113188003E025E0AF010E945D4A0F910895CF93D4
S1131890DF93CDB7DEB7C656D1090FB6F894DEBFD5
S11318A00FBECDBF8091291487FF17C080919E0E73
S11318B0811113C08091A00E811107C08091291459
S11318C08F7B8093291410929D0E80EA9EE0B5DEF2
S11318D0809129148F77809329148091291487FD8E
S11318E03BC090919D0E8091B706981760F5E091EA
S11318F09D0E84E0E89FF0011124E355F54F4081EB
S1131900518162817381CE010196B6DF10928A10F3
S1131910CE0101961BDFE0919D0E84E0E89FF0016B
S11319201124E454F94F4081518162817381CE01C5
S11319300196A2DFCE01019609DF80919D0E8F5F93
S113194080939D0E04C010929D0E1092A00E809163
S11319502914806880932914CA59DF4F0FB6F8946C
S1131960DEBF0FBECDBFDF91CF9108954F925F923E
S11319706F927F928F929F92AF92BF92EF92FF925B
S11319800F931F93CF93DF93EC018B0180E091E0E1
S1131990BCDECE018EDE882309F464C08091261457
S11319A090912A144AE0B8010E94074CC801CEDE87
S11319B040919710509198106091991070919A10DD
S11319C0C8015ADFC801C2DE4091491250914A123F
S11319D060914B1270914C12C8014EDFC801B6DE03
S11319E040919B1050919C1060919D1070919E109D
S11319F0C80142DFC801AADE4091111450911214AB
S1131A006091131470911414C80136DFC8019EDE6E
S1131A104091A7105091A8106091A9107091AA103C
S1131A20C8012ADFC80192DE4091151450911614A2
S1131A306091171470911814C8011EDFC80186DE66
S1131A4080912D1480FD02C00C94D616409156123C
S1131A50509157126091581270915912C8010CDFBD
S1131A600C94D31686E091E050DECE0122DE88236A
S1131A7049F180918A10FE01E80FF11D80818111E6
S1131A8012C0F8018081813321F480912B1481608C
S1131A9007C0803311F00C94EE1680912B148E7FC6
S1131AA080932B140AC080918A10C80FD11D88819D
S1131AB08F3311F00C94EE1688DE80912B1480FF86
S1131AC039C00EC58FE091E020DEF0908A10CE017F
S1131AD0F0DD811132C08CE391E017DEF0908A10C2
S1131AE0CE01E7DD811170C083E292E00EDEF0905A
S1131AF08A10CE01DEDD882309F459C36F2D82E6F6
S1131B0091E04ADE6F2DCE01EADD882309F4AAC1F3
S1131B1080918A10C80FD11D888181110C94EE1612
S1131B200E946F36882309F41FC180912B148D7F86
S1131B3080932B148DE091E072C06F2D81E191E0D0
S1131B402BDE6F2DCE01CBDD882341F0809126144E
S1131B5090912A144AE0B8010C94D1166F2D86E1B5
S1131B6091E01ADE6F2DCE01BADD882321F08BE0DF
S1131B7091E0CBDD55C06F2D8BE191E00DDE6F2D33
S1131B80CE01ADDD882349F080E291E0DFDD8BE218
S1131B9091E0DCDD8DE394E142C06F2D88EC91E0AF
S1131BA0FBDD6F2DCE019BDD882309F494CF8BE000
S1131BB091E0CCDD80EA9EE040DD80919E0E8111B3
S1131BC0FCCFF8940C9400006F2D82E491E0E4DDE6
S1131BD06F2DCE0184DD882339F180918A10FE01B6
S1131BE0E80FF11D8081811108C0C8010E94024BD9
S1131BF06093A9148091A9140CC080918A10C80F15
S1131C00D11D88818F3311F00C94EE16DEDD8091A6
S1131C1092144AE0B80190E00E94074CC80196DD96
S1131C2080EA9EE00C94F0166F2D87E491E0B4DD19
S1131C306F2DCE0154DD882339F180918A10FE0185
S1131C40E80FF11D808181110CC0C8010E94E24A95
S1131C5060935614709357148093581490935914A6
S1131C600AC080918A10C80FD11D88818F3311F06A
S1131C700C94EE16AADD40915614509157146091BD
S1131C805814709159142FC06F2D8FE491E084DDA6
S1131C906F2DCE0124DD882349F180918A10FE0145
S1131CA0E80FF11D808181110CC0C8010E94E24A35
S1131CB06093B1147093B2148093B3149093B414DA
S1131CC00AC080918A10C80FD11D88818F3311F00A
S1131CD00C94EE167ADD4091B1145091B2146091D7
S1131CE0B3147091B414C801C7DD98CF6F2D87E584
S1131CF091E052DD6F2DCE01F2DC882309F4F4CE9D
S1131D0080918A10FE01E80FF11D808181111DC0B0
S1131D10C8010E94024B6136FAEE7F0781059105E6
S1131D201CF080E69AEE07C0161617061806190668
S1131D303CF081E090E09093C6148093C5140FC0EA
S1131D407093C6146093C5140AC080918A10C80F9A
S1131D50D11D88818F3311F00C94EE1636DD60911D
S1131D60C5147091C6142AC18091261485FDDDCE58
S1131D708091261480FFD9CE80912B1482608093A9
S1131D802B148091B8029091B90280329E4418F0CD
S1131D9080E69AEE0AC08091B8029091B9029C0143
S1131DA0220F331F820F931FC2969093C002809319
S1131DB0BF027090B706E090B802F090B90260914B
S1131DC0B7065090C1026090B202C091BF02D09198
S1131DD0C00270E080E090E00E94D1474B015C01BA
S1131DE0652D70E080E090E00E94D1479B01AC013A
S1131DF0C501B4010E9461494B015C01662D70E08C
S1131E0080E090E00E94D14728E539E344EB5CE3AD
S1131E100E9461492EEA37E441E65EE30E949F4650
S1131E209B01AC01C501B4010E9461494B015C01F5
S1131E30672D70E080E090E00E94D1472B013C01C7
S1131E40B70180E090E00E94D1479B01AC01C3013F
S1131E50B2010E9461499B01AC01C501B4010E9419
S1131E609F46FEC16F2D87E691E096DC6F2DCE0173
S1131E7036DC8823A9F180918A10C80FD11D88818E
S1131E808F3309F0ABC7809129148064809329149F
S1131E9010929D0E9ADC8091B3024AE0B80190E062
S1131EA00E94074CC80152DC80912D1480FF0CC0A5
S1131EB040915612509157126091581270915912D4
S1131EC0C801DADCC80142DC80EA9EE0B6DB80911E
S1131ED029148F778093291480912A148D7F6DC7DC
S1131EE06F2D8CE691E058DC6F2DCE01F8DB882352
S1131EF051F180918A10FE01E80FF11D808181115A
S1131F0016C0C8010E94024B6B3F71058105910503
S1131F1014F08AEF06C0643071058105910524F43C
S1131F2083E08093B7060CC06093B70609C0809124
S1131F308A10C80FD11D88818F3309F04FC745DC43
S1131F408091B70666CE6F2D8CE591E025DC6F2D70
S1131F50CE01C5DB8823C9F180918A10FE01E80F08
S1131F60F11D808181111DC0C8010E94024B6136A0
S1131F70EAEE7E07810591051CF080E69AEE07C023
S1131F8016161706180619063CF081E090E09093A7
S1131F90B9028093B8020EC07093B9026093B8027C
S1131FA009C080918A10C80FD11D88818F3309F030
S1131FB015C70BDC6091B8027091B90280E090E023
S1131FC02AE0A8010E94114C29CE6F2D83E791E0ED
S1131FD0E3DB6F2DCE0183DB882359F180918A10D6
S1131FE0FE01E80FF11D8081811117C0C8010E9414
S1131FF0024B6F3F71058105910519F014F08FEFC5
S113200006C0161617061806190624F081E08093F8
S1132010B2020CC06093B20209C080918A10C80F4A
S1132020D11D88818F3309F0D9C6CFDB8091B202EC
S1132030F0CD6F2D8AE791E0AFDB6F2DCE014FDB42
S1132040882359F180918A10FE01E80FF11D8081E7
S1132050811117C0C8010E94024B6F3F71058105B1
S1132060910519F014F08FEF06C01616170618061E
S1132070190624F081E08093C1020CC06093C10270
S113208009C080918A10C80FD11D88818F3309F04F
S1132090A5C69BDB8091C102BCCD6F2D82E491E08B
S11320A07BDB6F2DCE011BDB882319F180918A1015
S11320B0FE01E80FF11D808181110FC0C8010E944B
S11320C0024B6F3F71058105910520F089E191E094
S11320D03DDB0CC06093C60209C080918A10C80F12
S11320E0D11D88818F3309F079C66FDB8091C602D8
S11320F090CD6F2D83E891E04FDB6F2DCE01EFDAA9
S1132100882331F180918A10FE01E80FF11D80814E
S113211081110CC0C8010E94E24A6093AE02709320
S1132120AF028093B0029093B10209C080918A10EB
S1132130C80FD11D88818F3309F050C646DB40910A
S1132140AE025091AF026091B0027091B102CBCD5A
S11321506F2D8DE891E020DB6F2DCE01C0DA88234E
S113216031F180918A10FE01E80FF11D8081811107
S11321700CC0C8010E94E24A6093A90A7093AA0A9B
S11321808093AB0A9093AC0A09C080918A10C80F5F
S1132190D11D88818F3309F021C617DB4091A90A2C
S11321A05091AA0A6091AB0A7091AC0A9CCD86E961
S11321B091E0ABDAF0908A10CE017BDA882309F43F
S11321C0C9C06F2D82E691E0E7DA6F2DCE0187DA80
S11321D0882309F461C080918A10C80FD11D8881B9
S11321E08111FCC50E946F36811108C080912614AC
S11321F085FD04C08091261480FD04C080912B14B9
S11322008B7F96CC80912B14846080932B148091C7
S1132210B8029091B90280329E4418F080E69AEE9A
S11322200AC08091B8029091B9029C01220F331F19
S1132230820F931FC2969093C0028093BF02609155
S1132240B706C091BF02D091C00270E080E090E078
S11322500E94D14720E030E040E251E40E9461490D
S113226020E030E048E453E40E949F464B015C01C7
S1132270BE0180E090E00E94D14720E030E040E8D9
S113228050E40E9461499B01AC01C501B4010E9464
S11322909F460E94A04794CE6F2D8DE991E07CDA91
S11322A06F2DCE011CDA882331F180918A10FE0152
S11322B0E80FF11D808181110CC0C8010E94E24A1F
S11322C06093B8067093B9068093BA069093BB06E0
S11322D009C080918A10C80FD11D88818F3309F0FD
S11322E07DC573DA4091B8065091B9066091BA067B
S11322F07091BB06F8CC6F2D8CE591E04DDA6F2D13
S1132300CE01EDD9882331F180918A10FE01E80FC6
S1132310F11D808181110CC0C8010E94E24A6093C2
S1132320C2027093C3028093C4029093C50209C091
S113233080918A10C80FD11D88818F3309F04EC552
S113234044DA4091C2025091C3026091C402709178
S1132350C502C9CC85EA91E0D8D9F0908A10CE01A3
S1132360A8D9882309F42DC26F2D8CEA91E014DAE0
S11323706F2DCE01B4D98823E9F080918A10C80F5B
S1132380D11D88818F3309F029C540916015509182
S113239061156091621570916315C8016DDAC80109
S11323A0D5D94091D8145091D9146091DA14709110
S11323B0DB1499CC6F2D83EB91E0EED96F2DCE0118
S11323C08ED98823C1F180918A10FE01E80FF11D96
S11323D08081811120C0F801808190E0C0970A9724
S11323E008F0FCC4C8010E94024B653071058105E8
S11323F0910548F08091EC148E7F8093EC148FEF5C
S11324008093101540C02091EC1421602093EC14AB
S1132410609310150DC080918A10C80FD11D88815A
S11324208F3309F0DBC4D1D9809110158F3F59F156
S113243080911015EECB6F2D8FEB91E0ADD96F2D00
S1132440CE014DD98823D1F180918A10FE01E80F85
S1132450F11D8081811122C0F801808190E0C09734
S11324600A9708F0BBC4C8010E94024B663071058C
S11324708105910558F08091EC148D7F8093EC14C4
S11324808FEF809312158AEB91E0C9CB2091EC1465
S113249022602093EC14609312150DC080918A1071
S11324A0C80FD11D88818F3309F098C48ED98091CB
S11324B012158F3F41F380911215ABCB6F2D86EC33
S11324C091E06AD96F2DCE010AD9882361F08091F9
S11324D08A10C80FD11D8881811180C40E94A53D36
S11324E08BE091E09CCB6F2D8CEC91E055D96F2D56
S11324F0CE01F5D8882359F180918A10FE01E80FA6
S1132500F11D8081811117C0F801808190E0C0978E
S11325100A9708F063C4C8010E94024B6F3F71051B
S11325208105910529F020F08FEF809346150CC0AA
S11325306093461509C080918A10C80FD11D888107
S11325408F3309F04BC441D98091461562CB6F2D6E
S113255083ED91E021D96F2DCE01C1D8882359F1A3
S113256080918A10FE01E80FF11D8081811117C04E
S1132570F801808190E0C0970A9708F02FC4C80141
S11325800E94024B6F3F71058105910529F020F0EF
S11325908FEF809307150CC06093071509C08091D5
S11325A08A10C80FD11D88818F3309F017C40DD943
S11325B0809107152ECB6F2D8AED91E0EDD86F2D0C
S11325C0CE018DD8882309F4FCC0F0908A106F2DB9
S11325D082E491E0E1D86F2DCE0181D8882309F4FB
S11325E071C080918A10FE01E80FF11D8081811174
S11325F04EC080912B14806880932B1444E065EBCB
S113260071E0C801F5D8813071F48091EC148460D4
S11326108093EC148091EC14877F8093EC148FEFFB
S11326208093E5143DC044E061EC71E0C801E0D85A
S1132630813071F48091EC1488608093EC14809163
S1132640EC148B7F8093EC148FEF80935C1528C07F
S113265080912B148F7780932B148091EC1482FF3C
S113266004C08FEF8093E51407C08091EC1483FFBE
S113267003C08FEF80935C158091EC148B7F809363
S1132680EC148091EC14877F8093EC1409C0809142
S11326908A10C80FD11D88818F3309F09FC395D844
S11326A080912B1487FF46CA8091EC1482FF03C0EB
S11326B085EB91E0B4CA8091EC1483FF27C081ECD0
S11326C091E0ADCA6F2D82EE91E066D86F2DCE01F8
S11326D006D88823B9F180918A10FE01E80FF11D14
S11326E08081811120C0C8010E94E24A20912B14EC
S11326F027FD0FC080912B1487FF41C08091EC14FB
S113270082FD1BC08091EC1483FD17C08FED91E016
S113271086CA2091EC1422FD04C02091EC1423FFFE
S1132720E9CFE0D3E7CF80918A10C80FD11D88810B
S11327308F3309F053C349D8DDCF0E94C11BAB01CD
S1132740BC01D1CA6F2D80EF91E026D86F2DCE0148
S11327500E946F0B8823A9F180918A10FE01E80F73
S1132760F11D8081811118C0C8010E94E24A2091A4
S11327702B1427FD07C080912B1487FD17C088EE0A
S113278091E04DCA2091EC1422FD04C02091EC1478
S113279023FFF1CF6FD4EFCF80918A10C80FD11DE2
S11327A088818F3309F01AC310D8E5CF8091EC14D7
S11327B082FD04C08091EC1483FFA8CF0E941F1CEB
S11327C0BECF87EF91E00E94850BF0908A10CE0176
S11327D00E94590B882309F46DC06F2D82E491E0A7
S11327E00E94CC0B6F2DCE010E946F0B882309F43D
S11327F061C080918A10FE01E80FF11D8081811172
S11328002BC0C8010E94024B611571058105910519
S113281059F48091CB1480688093CB148091CB14AD
S11328208D7F8093CB1435C061307105810591058E
S113283059F48091CB1480688093CB148091CB148D
S113284082608093CB141AC08091CB148F778093CD
S1132850CB148BE092E0E3C980918A10C80FD11D9C
S113286088818F3309F0BAC20E94E50B8091CB14A2
S113287080FF07C08091CB1487FF03C084E092E0FF
S1132880CEC98091CB1480FD07C08091CB1487FF03
S113289003C08CEF91E0C3C98091CB1480FF07C0C3
S11328A08091CB1487FD03C080E192E0B8C988E130
S11328B092E0B5C981E292E00E94850BF0908A1003
S11328C0CE010E94590B882309F484C06F2D87E23E
S11328D092E00E94CC0B6F2DCE010E946F0B8823D7
S11328E049F0409197145091981460919914709103
S11328F09A14F9C96F2D8DE292E00E94CC0B6F2DD2
S1132900CE010E946F0B882369F180918A10FE0129
S1132910E80FF11D8081811118C0F801808190E0D9
S1132920C0970A9708F05AC2C8010E94024B64304B
S113293071058105910520F083E080939A0E02C011
S113294060939A0E80919A0E64C980918A10C80F80
S1132950D11D88818F3309F041C20E94E50B80911B
S1132960990E57C96F2D84E392E00E94CC0B6F2D12
S1132970CE010E946F0B882369F180918A10FE01B9
S1132980E80FF11D8081811118C0F801808190E069
S1132990C0970A9708F022C2C8010E94024B643013
S11329A071058105910520F083E080939B0E02C0A0
S11329B060939B0E80919B0E2CC980918A10C80F46
S11329C0D11D88818F3309F009C20E94E50B8091E3
S11329D09C0E1FC98AE392E00E94850BF0908A1036
S11329E0CE010E94590B882309F442C16F2D83E75D
S11329F091E00E94CC0B6F2DCE010E946F0B8823B7
S1132A0009F46FC080918A10FE01E80FF11D8081E6
S1132A10811156C0F801808190E0C0970A9708F0B0
S1132A20DDC1C8010E94024B6F3F7105810591050C
S1132A3021F01CF08FEF90E007C016161706180659
S1132A4019063CF081E090E090938D1080938C10F7
S1132A5004C070938D1060938C1060918C107091F1
S1132A608D10C091101480E090E00E94D1474B017A
S1132A705C016C2F70E080E090E00E94D1479B01E4
S1132A80AC01C501B4010E9461499B01AC0160E045
S1132A9070E080E89FE30E9407476093A31070935F
S1132AA0A4108093A5109093A6108091E4148160E3
S1132AB08093E4148091E41482608093E4140AC047
S1132AC080918A10C80FD11D88818F3309F086C187
S1132AD00E94E50B80918C1090918D104AE0B80112
S1132AE09BC86F2D8FE392E00E94CC0B6F2DCE011B
S1132AF00E946F0B882309F44AC080918A10FE015A
S1132B00E80FF11D8081811135C0F801808190E0CA
S1132B10C0970A9708F062C1C8010E94024B6F3F38
S1132B2071058105910519F014F08FEF06C0161692
S1132B3017061806190624F081E08093481202C093
S1132B40609348126091481270E080E090E00E9427
S1132B50D1479B01AC0160E070E080E89FE30E94F4
S1132B60074760935A1270935B1280935C129093A0
S1132B705D120AC080918A10C80FD11D88818F33DD
S1132B8009F02CC10E94E50B8091481242C86F2DB8
S1132B9089E492E00E94CC0B6F2DCE010E946F0B52
S1132BA0882309F465C080918A10FE01E80FF11DA5
S1132BB0808181114FC0F801808190E0C0970A970D
S1132BC008F00CC1C8010E94024B653671058105ED
S1132BD0910514F084E606C01616170618061906A1
S1132BE024F081E08093101402C06093101460916B
S1132BF08C1070918D10C091101480E090E00E94B0
S1132C00D1474B015C016C2F70E080E090E00E94A2
S1132C10D1479B01AC01C501B4010E9461499B01EC
S1132C20AC0160E070E080E89FE30E940747609396
S1132C30A3107093A4108093A5109093A610809174
S1132C40E41481608093E4148091E414826080939E
S1132C50E4140AC080918A10C80FD11D88818F3373
S1132C6009F0BCC00E94E50B809110140C94090E6D
S1132C7083E592E00E94850BF0908A10CE010E94B9
S1132C80590B882361F16F2D8AE592E00E94CC0BE9
S1132C906F2DCE010E946F0B882349F080918A101A
S1132CA0C80FD11D8881811199C061E013C06F2DB7
S1132CB080E091E00E94CC0B6F2DCE010E946F0B3F
S1132CC0882369F080918A10C80FD11D88818111F1
S1132CD085C060E0C8010E94CD220C940E0E80E6EF
S1132CE092E00E94850BCE010E94590B882309F4BF
S1132CF075C04091A7105091A8106091A9107091CF
S1132D00AA10C8010E943C0CC8010E94A60B409165
S1132D101514509116146091171470911814C80169
S1132D200E943C0CC8010E94A60B80912D1480FFC8
S1132D300EC04091561250915712609158127091E2
S1132D405912C8010E943C0CC8010E94A60B809134
S1132D502D1482FF2BC0C0E0D0E0FE01EE0FFF1F58
S1132D60EE0FFF1FE659FA4E408151816281738153
S1132D70C8010E943C0CC8010E94A60B2196C830D1
S1132D80D10559F7809169154AE0B80190E00E9495
S1132D90074CC8010E94A60B809168154AE0B8014F
S1132DA090E00E94074CC8010E94A60B80EA9EE0B6
S1132DB00E941D0B80912A148E7F80932A14DF9128
S1132DC0CF911F910F91FF90EF90BF90AF909F9084
S1132DD08F907F906F905F904F90089589E191E07C
S1132DE0DF91CF911F910F91FF90EF90BF90AF9023
S1132DF09F908F907F906F905F904F900C941D0BDD
S1132E00CF93DF93CDB7DEB7CC57D1090FB6F89483
S1132E10DEBF0FBECDBF80911110833209F056C0C2
S1132E209091101080919F0E981350C0DE01A95903
S1132E30BF4F22E030E0AD01922F8EEF820FF901F7
S1132E40E05FFF4E60816930B1F06081611105C0BF
S1132E50FA01E80FF11D108232C08091940F981787
S1132E60A8F580818D932F5F3F4F2731310521F7DE
S1132E7086E692E01CC0FA01E80FF11D1082209151
S1132E80940F2817E0F09F5FDE01119620E0BD014A
S1132E90E92FF0E0E05FFF4E8081882359F08081C4
S1132EA08D939F5F2F5F253699F78FE692E00E94FE
S1132EB01D0B0CC0FB01E20FF11D108201C0198231
S1132EC0BE016F5F7F4FCA010E94B60CC458DF4F2A
S1132ED00FB6F894DEBF0FBECDBFDF91CF9108953A
S1132EE00C94E24ACF93DF93CDB7DEB7AC970FB61D
S1132EF0F894DEBF0FBECDBF2091261421FFB1C0D0
S1132F00DC01CB012091EC1422FF4CC02091E5148C
S1132F1021110BC089A79AA7ABA7BCA744E050E036
S1132F206CE771E0CE0189969AC02091E5142130B6
S1132F3059F48DA39EA3AFA3B8A744E050E06CE678
S1132F4071E0CE0185968BC02091E514223059F4AE
S1132F5089A39AA3ABA3BCA344E050E06CE571E061
S1132F60CE0181967CC02091E514233059F48D8FD5
S1132F709E8FAF8FB8A344E050E06CE471E0CE01C3
S1132F804D966DC02091E514243009F06AC0898FF4
S1132F909A8FAB8FBC8F44E050E06CE371E0CE01BC
S1132FA049965DC02091EC1423FF5BC020915C1511
S1132FB021110BC08D8B9E8BAF8BB88F44E050E0FA
S1132FC06CE271E0CE0145964AC020915C15213037
S1132FD059F4898B9A8BAB8BBC8B44E050E060E254
S1132FE071E0CE0141963BC020915C15223059F42A
S1132FF08D879E87AF87B88B44E050E064E171E031
S1133000CE010D962CC020915C15233059F489878C
S11330109A87AB87BC8744E050E068E071E0CE015A
S113302009961DC020915C15243059F48D839E832C
S1133030AF83B88744E050E06CEF70E0CE010596B2
S11330400EC020915C15253061F489839A83AB838B
S1133050BC8344E050E060EF70E0CE0101960E9432
S1133060144EAC960FB6F894DEBF0FBECDBFDF9101
S1133070CF910895CF93DF93CDB7DEB7AC970FB65A
S1133080F894DEBF0FBECDBF2091261421FFB1C03E
S1133090DC01CB012091EC1422FF4CC02091E514FB
S11330A021110BC089A79AA7ABA7BCA744E050E0A5
S11330B060E871E0CE0189969AC02091E514213030
S11330C059F48DA39EA3AFA3B8A744E050E060E7F2
S11330D071E0CE0185968BC02091E514223059F41D
S11330E089A39AA3ABA3BCA344E050E060E671E0DB
S11330F0CE0181967CC02091E514233059F48D8F44
S11331009E8FAF8FB8A344E050E060E571E0CE013C
S11331104D966DC02091E514243009F06AC0898F62
S11331209A8FAB8FBC8F44E050E060E471E0CE0135
S113313049965DC02091EC1423FF5BC020915C157F
S113314021110BC08D8B9E8BAF8BB88F44E050E068
S113315060E371E0CE0145964AC020915C152130B0
S113316059F4898B9A8BAB8BBC8B44E050E064E2BE
S113317071E0CE0141963BC020915C15223059F498
S11331808D879E87AF87B88B44E050E068E171E09B
S1133190CE010D962CC020915C15233059F48987FB
S11331A09A87AB87BC8744E050E06CE071E0CE01C5
S11331B009961DC020915C15243059F48D839E839B
S11331C0AF83B88744E050E060E071E0CE0105963B
S11331D00EC020915C15253061F489839A83AB83FA
S11331E0BC8344E050E064EF70E0CE0101960E949D
S11331F0144EAC960FB6F894DEBF0FBECDBFDF9170
S1133200CF910895CF92DF92EF92FF920F931F9385
S1133210CF93DF9300D000D0CDB7DEB77C018A0115
S11332206901613069F4CA015BDE69837A838B8347
S11332309C8344E050E0B701CE0101960E94144EF5
S113324044E050E0B701CE0101960E94FC4D498153
S11332505A816B817C81C8010E943C0CB801C60173
S11332600E941A0C0F900F900F900F90DF91CF9146
S11332701F910F91FF90EF90DF90CF900895EF9200
S1133280FF920F931F93CF93DF938C01EA0179018F
S1133290613089F4CA010E94024B6F3F71058105B8
S11332A0910509F024F497FF03C060E001C06FEFBB
S11332B0C8010E941D4EC8010E940C4E4AE0BE0186
S11332C090E00E94074CBE01C701DF91CF911F918E
S11332D00F91FF90EF900C941A0CCF92DF92EF9223
S11332E0FF920F931F93CF93DF9300D0CDB7DEB738
S11332F06C018A0179016130E1F4CA010E94024B38
S11333006115710521E0820791052CF08FEF9FEF85
S11333109A83898307C097FF03C01A82198202C067
S11333207A83698342E050E0B601CE0101960E949F
S1133330144E42E050E0B601CE0101960E94FC4DCD
S113334069817A8180E090E02AE0A8010E94114C12
S1133350B801C7010E941A0C0F900F90DF91CF9112
S11333601F910F91FF90EF90DF90CF900895CF932E
S1133370DF9300D000D0CDB7DEB744E050E0BC010D
S1133380CE0101960E94FC4D69817A818B819C81DA
S11333900F900F900F900F90DF91CF91089590911F
S11333A03214953A09F0C5C0811124C080E891E037
S11333B0DEDF6093641570936515809366159093B2
S11333C067158CE791E0D3DF6093131570931415A0
S11333D0809315159093161584E791E0C8DF6093E8
S11333E008157093091580930A1590930B1588E7B7
S11333F091E025C0813069F580E791E0B8DF609302
S113340064157093651580936615909367158CE623
S113341091E0ADDF60931315709314158093151527
S11334209093161584E691E0A2DF609308157093DB
S1133430091580930A1590930B1588E691E097DFA0
S11334406093601570936115809362159093631572
S113345094C0823021F580E691E089DF60936415A1
S11334607093651580936615909367158CE591E0CC
S11334707EDF609313157093141580931515909344
S1133480161584E591E073DF6093081570930915B0
S113349080930A1590930B1588E591E0D0CF833083
S11334A021F580E591E063DF609364157093651501
S11334B080936615909367158CE491E058DF6093D0
S11334C0131570931415809315159093161584E4B1
S11334D091E04DDF609308157093091580930A15E8
S11334E090930B1588E491E0AACF80E491E03FDF4C
S11334F060936415709365158093661590936715B2
S11335008CE391E034DF609313157093141580936A
S113351015159093161584E391E029DF609308153F
S11335207093091580930A1590930B1588E391E025
S113353086CF10926415109265151092661510923C
S1133540671580E090E0A0E8BFE3809313159093A3
S11335501415A0931515B093161510920815109212
S1133560091510920A1510920B15109260151092FD
S11335706115109262151092631580912B1487FFC8
S113358018C08091EC1482FF14C01092641510923C
S11335906515109266151092671580E090E0A0E81A
S11335A0BFE38093131590931415A0931515B0934E
S11335B01615089590913214953A09F0A9C0811115
S11335C019C080E391E0D3DE6093E0147093E114BA
S11335D08093E2149093E3148CE291E0C8DE60934C
S11335E0DC147093DD148093DE149093DF1488E26E
S11335F091E01AC0813011F584E291E0B8DE609365
S1133600E0147093E1148093E2149093E31480E245
S113361091E0ADDE6093DC147093DD148093DE14CE
S11336209093DF148CE191E0A2DE6093D814709340
S1133630D9148093DA149093DB1486C08230C9F4D1
S113364088E191E094DE6093E0147093E114809338
S1133650E2149093E31484E191E089DE6093DC1436
S11336607093DD148093DE149093DF1480E191E075
S1133670DBCF8330C9F48CE091E079DE6093E01411
S11336807093E1148093E2149093E31488E091E042
S11336906EDE6093DC147093DD148093DE149093DB
S11336A0DF1484E091E0C0CF8430C9F480E091E07D
S11336B05EDE6093E0147093E1148093E2149093BF
S11336C0E3148CEF90E053DE6093DC147093DD140C
S11336D08093DE149093DF1488EF90E0A5CF84EFFD
S11336E090E045DE6093E0147093E1148093E2145B
S11336F09093E31480EF90E03ADE6093DC147093CF
S1133700DD148093DE149093DF148CEE90E08CCF64
S11337101092E0141092E1141092E2141092E31447
S113372080E090E0A0E8BFE38093DC149093DD1484
S1133730A093DE14B093DF141092D8141092D9140D
S11337401092DA141092DB1480912B1487FF18C0A6
S11337508091EC1483FF14C01092E0141092E114D1
S11337601092E2141092E31480E090E0A0E8BFE32A
S11337708093DC149093DD14A093DE14B093DF14D3
S113378008958091261481FF55C08091EC1482FF26
S113379023C08091E514811103C08CE791E049C0F6
S11337A08091E514813019F48CE691E042C0809157
S11337B0E514823019F48CE591E03BC08091E51466
S11337C0833019F48CE491E034C08091E5148430A2
S11337D089F58CE391E02DC08091EC1483FF2AC01D
S11337E080915C15811103C08CE291E022C080912C
S11337F05C15813019F480E291E01BC080915C1566
S1133800823019F484E191E014C080915C15833016
S113381019F488E091E00DC080915C15843019F4AE
S11338208CEF90E006C080915C15853019F480EF30
S113383090E09DCD60E070E080E89FEB089580917A
S1133840261481FF55C08091EC1482FF23C080911F
S1133850E514811103C080E891E049C08091E5142A
S1133860813019F480E791E042C08091E514823000
S113387019F480E691E03BC08091E514833019F49B
S113388080E591E034C08091E514843089F580E4CA
S113389091E02DC08091EC1483FF2AC080915C15C7
S11338A0811103C080E391E022C080915C158130D6
S11338B019F484E291E01BC080915C15823019F404
S11338C088E191E014C080915C15833019F48CE098
S11338D091E00DC080915C15843019F480E091E092
S11338E006C080915C15853019F484EF90E03FCDDB
S11338F060E070E080E89FEB0895CF93DF9300D001
S1133900CDB7DEB742E050E0BC01CE0101960E9483
S1133910FC4D89819A810F900F90DF91CF9108958A
S113392080913214853A19F48BE590E0E6CF81EE6C
S113393094E00895CF93DF9300D000D0CDB7DEB7E5
S113394044E050E0BC01CE0101960E94FC4D698127
S11339507A818B819C810F900F900F900F90DF9153
S1133960CF910895CF92DF92EF92FF920F931F931E
S1133970CF93DF93CDB7DEB76C01EDB6FEB650E062
S11339808DB79EB7841B950B0FB6F8949EBF0FBEE0
S11339908DBF0DB71EB70F5F1F4FC8010E94FC4DAE
S11339A0B801C6010E94090C0FB6F894FEBE0FBE02
S11339B0EDBEDF91CF911F910F91FF90EF90DF90BB
S11339C0CF9008954F925F926F927F928F929F92C1
S11339D0AF92BF92CF92DF92EF92FF920F931F9319
S11339E080E190E00E940C4E809332148091321456
S11339F0853A09F0D8C245E163ED70E08DE394E1C6
S1133A00B1DF88E590E00E940C4E80932D1486E58A
S1133A1090E00E940C4E8093211488EE90E08ADF9F
S1133A2060939B1470939C1480939D1490939E14A4
S1133A308AE590E00E940C4E8093301489E590E072
S1133A400E940C4E80932E148DE090E00E940C4E48
S1133A508093B7068FE490E050DF90938D108093AD
S1133A608C108EE490E00E940C4E809310148DE430
S1133A7090E00E940C4E809348128EE891E00E94E0
S1133A800C4E8093EC148DE891E00E940C4E8093D0
S1133A9010158CE891E00E940C4E809312158BE86F
S1133AA091E00E940C4E809346158AE891E00E94B2
S1133AB00C4E8093071586E891E01FDF90935F1505
S1133AC080935E1588E891E018DF9093EE1480935C
S1133AD0ED1484E891E00E940C4E8093111585E862
S1133AE091E00E940C4E809331158CE090E00E948E
S1133AF00C4E8093C60288E090E039DC6093AE02FD
S1133B007093AF028093B0029093B10284E090E08E
S1133B102EDC6093A90A7093AA0A8093AB0A90934F
S1133B20AC0A81E090E00E940C4E8093C10280E0D8
S1133B3090E00E940C4E8093B20282E090E0DDDEC1
S1133B409093B9028093B8028FE090E00E940C4EEB
S1133B5080939A0E8EE090E00E940C4E80939B0E10
S1133B6089E490E004DC6093FB137093FC1380936E
S1133B70FD139093FE1385E490E0F9DB6093431208
S1133B8070934412809345129093461281E490E01E
S1133B90EEDB6093621270936312809364129093CD
S1133BA065128DE390E0E3DB60933F127093401263
S1133BB0809341129093421289E390E0D8DB6093A2
S1133BC0FF1370930014809301149093021485E3FF
S1133BD090E0CDDB6093191470931A1480931B1436
S1133BE090931C1481E390E0C2DB60930C147093F7
S1133BF00D1480930E1490930F148DE290E0B7DBB4
S1133C0060938E1070938F10809390109093911006
S1133C1089E290E0ACDB6093041470930514809304
S1133C2006149093071485E290E0A1DB60931D14C1
S1133C3070931E1480931F149093201481E290E0DB
S1133C4096DB60939F107093A0108093A1109093C3
S1133C50A2108DE190E08BDB60935E1270935F1293
S1133C60809360129093611289E190E080DB60930D
S1133C70521270935312809354129093551285E10B
S1133C8090E075DB609308147093091480930A1410
S1133C9090930B1481E190E06ADB6093931070932E
S1133CA0941080939510909396108FEC90E05FDBC6
S1133CB06093A3147093A4148093A5149093A614F2
S1133CC08BEC90E054DB60936114709362148093E6
S1133CD063149093641487EC90E049DB60936A1456
S1133CE070936B1480936C1490936D1483EC90E038
S1133CF03EDB6093761470937714809378149093DA
S1133D0079148FEB90E033DB6093931470939414E5
S1133D1080939514909396148BEB90E028DB60933A
S1133D20391470933A1480933B1490933C1487EBAA
S1133D3090E01DDB6093D0147093D1148093D2145F
S1133D409093D31483EB90E012DB60939F147093F1
S1133D50A0148093A1149093A2148FEA90E007DB3F
S1133D606093BA027093BB028093BC029093BD022D
S1133D708BEA90E0FCDA6093AA027093AB02809322
S1133D80AC029093AD0287EA90E0F1DA60938E146E
S1133D9070938F14809390149093911483EA90E01D
S1133DA0E6DA6093C1147093C2148093C3149093A1
S1133DB0C4148FE990E0DBDA60937E1470937F146F
S1133DC080938014909381148BE990E0D0DA60930F
S1133DD0AC147093AD148093AE149093AF1487E930
S1133DE090E0C5DA6093B9147093BA148093BB144D
S1133DF09093BC146091B9147091BA148091BB145F
S1133E009091BC142091B9143091BA144091BB1410
S1133E105091BC140E9461496093B9147093BA1410
S1133E208093BB149093BC1485E990E066DD909375
S1133E30C6148093C51481E990E099DA60938614DE
S1133E407093871480938814909389148DE890E07C
S1133E508EDA6093351470933614809337149093EC
S1133E60381489E890E083DA6093651470936614DB
S1133E70809367149093681485E890E078DA6093EF
S1133E80B5147093B6148093B7149093B81481E862
S1133E9090E06DDA60936E1470936F1480937014D5
S1133EA09093711487E590E00E940C4E80932B143C
S1133EB080E890E00E940C4E8093A9148CE790E077
S1133EC056DA609356147093571480935814909351
S1133ED0591488E790E04BDA6093B1147093B214EC
S1133EE08093B3149093B41487E790E00E940C4E2F
S1133EF08093CB1483E790E03ADA60935214709382
S1133F00531480935414909355148FE690E02FDA51
S1133F106093821470938314809384149093851413
S1133F208BE690E024DA6093721470937314809398
S1133F3074149093751487E690E019DA6093CC14A6
S1133F407093CD148093CE149093CF1483E690E0B5
S1133F500EDA60938A1470938B1480938C1490936C
S1133F608D148FE590E003DA60937A1470937B14D8
S1133F7080937C1490937D148DE590E0BEDC909347
S1133F80A8148093A71482E590E0F1D960932214D9
S1133F9070932314809324149093251481E590E066
S1133FA00E940C4E5EC268E772E08DE394E10E94C9
S1133FB0090C95E090932D1483E08093211440E044
S1133FC054E264EF70E040939B1450939C1460930C
S1133FD09D1470939E149093301484E680932E1451
S1133FE08AE08093B706E1E0F0E0F0938D10E0936F
S1133FF08C1081E080931014809348121092EC147A
S113400024E020931015909312159FEF909346157A
S1134010909307152AEF30E030935F1520935E15D7
S11340203093EE142093ED1424E630E030935F15C2
S113403020935E153093EE142093ED141092C60273
S113404046EA5FE069EC7FE34093AE025093AF022F
S11340506093B0027093B1024EEA57E461E87FE3E3
S11340604093A90A5093AA0A6093AB0A7093AC0ACE
S11340708093C1028093B20285E090E09093B902EC
S11340808093B80210929A0E10929B0E1092FB131A
S11340901092FC131092FD131092FE1380E090E036
S11340A0A0E8BFE38093431290934412A093451277
S11340B0B09346121092621210926312109264121C
S11340C01092651280933F1290934012A093411274
S11340D0B09342121092FF13109200141092011424
S11340E0109202142FEAC22E23E2D22E2EEEE22EDA
S11340F02EE3F22EC0921914D0921A14E0921B14DB
S1134100F0921C1400E010E523E437E400930C144F
S113411010930D1420930E1430930F1447E157EBB2
S113412061ED78E340938E1050938F10609390105C
S1134130709391100F2EF9E98F2EF1EA9F2EF8E972
S1134140AF2EF9E3BF2EF02D809204149092051443
S1134150A0920614B0920714C0921D14D0921E149B
S1134160E0921F14F092201400939F101093A0105B
S11341702093A1103093A21040935E1250935F12CB
S113418060936012709361124DE557E763E879E339
S113419040935212509353126093541270935512D9
S11341A040E050E062E274E4409308145093091430
S11341B060930A1470930B1480939310909394104B
S11341C0A0939510B09396101092A3141092A41477
S11341D01092A5141092A61440E050E060E272E43C
S11341E04093611450936214609363147093641445
S11341F040E050E060EA70E440936A1450936B141A
S113420060936C1470936D1400E010E02CE032E4C1
S113421000937614109377142093781430937914C0
S11342201092931410929414109295141092961460
S113423000E010E020EA32E40093391410933A14B9
S113424020933B1430933C144093D0145093D114D6
S11342506093D2147093D31400E010E020E732E4AA
S113426000939F141093A0142093A1143093A214CC
S113427000E010E62AE636E40093BA021093BB028B
S11342802093BC023093BD0200E018EC2FE237E427
S11342900093AA021093AB022093AC023093AD02B8
S11342A0412C512C2AE7622E24E4722E40928E1463
S11342B050928F14609290147092911400E010E068
S11342C020E231E40093C1141093C2142093C31468
S11342D03093C4140F2EFAE98F2EF9E99F2EA92CDE
S11342E0FFE3BF2EF02D80927E1490927F14A09253
S11342F08014B09281140F2EFAE9CF2EF9E9DF2E43
S1134300F9E1EF2EFFE3FF2EF02DC092AC14D09212
S1134310AD14E092AE14F092AF140F2EC12CF4E25F
S1134320DF2EF4E7EF2EF9E4FF2EF02DC092B9143E
S1134330D092BA14E092BB14F092BC14F093C61459
S1134340E093C514409286145092871460928814A6
S1134350709289148093351490933614A093371473
S1134360B09338148092651490926614A0926714E6
S1134370B09268148AE999E9A9E1BFE38093B5147E
S11343809093B614A093B714B093B81400936E141A
S113439010936F14209370143093711410922B1493
S11343A01092A91410925614109257141092581483
S11343B0109259141092B1141092B2141092B314B2
S11343C01092B4141092CB14C12CD12C80EFE82E8F
S11343D081E4F82EC0925214D0925314E0925414F3
S11343E0F092551480E090E0A8ECB1E4809382143C
S11343F090938314A0938414B0938514C092721480
S1134400D0927314E0927414F09275148093CC14C7
S11344109093CD14A093CE14B093CF1400938A1428
S113442010938B1420938C1430938D1440937A142E
S113443050937B1460937C1470937D1480E699E010
S11344409093A8148093A71480E090E0ACE8B2E4C1
S11344508093221490932314A0932414B0932514CE
S113446082E08093341460918C1070918D101091BF
S1134470101480E090E00E94D1476B017C01612F11
S113448070E080E090E00E94D1479B01AC01C7013D
S1134490B6010E9461499B01AC0160E070E080E8D4
S11344A09FE30E9407476093A3107093A410809326
S11344B0A5109093A6106091481270E080E090E0FF
S11344C00E94D1479B01AC0160E070E080E89FE36B
S11344D00E94074760935A1270935B1280935C1298
S11344E090935D1260919B1470919C1480919D1423
S11344F090919E140E94D34720E034E244E759E4AB
S11345000E9407479B01AC0160E070E080E89FE3F4
S11345100E94074720E030E04DE353E40E946149E4
S11345206093C7027093C8028093C9029093CA0231
S113453060919B1470919C1480919D1490919E1491
S11345400E94D34720E034E244E759E40E9407473D
S11345509B01AC0160E070E080E89FE30E940747A4
S113456020E030E040E051E40E9461496093B402ED
S11345707093B5028093B6029093B7021F910F9186
S1134580FF90EF90DF90CF90BF90AF909F908F906F
S11345907F906F905F904F9008958F929F92AF920B
S11345A0BF92DF92EF92FF920F931F93CF93DF930B
S11345B0CDB7DEB7C557D1090FB6F894DEBF0FBE2D
S11345C0CDBF8C01F62E81E068133DC0F801CE0109
S11345D001964C01DC01D12C5C018191893069F098
S11345E0811105C080E892E00E941D0B5DC68D9389
S11345F0D39496E0D912F1CFF5CFF401ED0DF11D6E
S11346001082C4010E94E54AE82ED39490E0F80198
S1134610ED0DF11D2081222361F0F40121934F015E
S1134620D3949F5F913699F780E992E00E941D0B25
S11346303BC6F501E90FF11D10824AE0B80190E094
S11346400E94074C04C0C8010E94E54AE82E60EAB3
S113465072E0C8010E941A0CE1100AC09801AE0170
S11346604F5F5F4F6F2D80E190E00E943F191CC6A1
S1134670F1E0EF1221C0FF1211C0BE016F5F7F4F46
S1134680CE018F599F4F0E94090C44E150E063ED25
S113469070E0CE018F599F4F0E94144E44E163EDA8
S11346A070E0CE018F599F4F5DD9BE016F597F4F86
S11346B0C8010E941A0CF8C582E0E8120AC09801E9
S11346C0AE014F5F5F4F6F2D88E590E00E943F1968
S11346D0EBC593E0E9120AC09801AE014F5F5F4F4A
S11346E06F2D86E590E00E943F19DEC5E5E0EE12ED
S11346F026C0F1E0FF1213C0CE0101960E94024BC6
S1134700A5966CAF7DAF8EAF9FAFA59744E050E008
S113471068EE70E0CE018F599F4F0E94144E88EED0
S113472090E008D92AE0AE014F5F5F4F0E94114C20
S1134730BE016F5F7F4FC8010E941A0CB5C586E0A9
S1134740E8120AC09801AE014F5F5F4F6F2D8BE5F1
S113475090E00E946D19A8C597E0E9120AC098017B
S1134760AE014F5F5F4F6F2D8AE590E00E943F19C5
S11347709BC5E8E0EE120AC09801AE014F5F5F4F9F
S11347806F2D89E590E00E943F198EC5FAE0EF1283
S11347900AC09801AE014F5F5F4F6F2D8FE490E028
S11347A00E946D1981C58BE0E8120AC09801AE0120
S11347B04F5F5F4F6F2D8DE490E00E943F1974C5E9
S11347C09CE0E9120AC09801AE014F5F5F4F6F2D64
S11347D08EE490E00E943F1967C5E4E1EE120AC03E
S11347E09801AE014F5F5F4F6F2D8EE891E00E94FC
S11347F03F195AC5F5E1EF120AC09801AE014F5FA7
S11348005F4F6F2D8DE891E00E943F194DC586E101
S1134810E8120AC09801AE014F5F5F4F6F2D8CE81C
S113482091E00E943F1940C597E1E9120AC098013E
S1134830AE014F5F5F4F6F2D86E891E00E946D19C6
S113484033C5E8E1EE120AC09801AE014F5F5F4F35
S11348506F2D88E891E00E946D1926C5F5E5EF12E9
S11348600AC09801AE014F5F5F4F6F2D84E891E05D
S11348700E943F1919C586E5E8120AC09801AE01E5
S11348804F5F5F4F6F2D85E891E00E943F190CC583
S113489099E1E9120AC09801AE014F5F5F4F6F2D95
S11348A080E891E00E940219FFC4EAE1EE120AC016
S11348B09801AE014F5F5F4F6F2D8CE791E00E942E
S11348C00219F2C4FBE1EF120AC09801AE014F5F76
S11348D05F4F6F2D88E791E00E940219E5C48CE1D7
S11348E0E8120AC09801AE014F5F5F4F6F2D84E755
S11348F091E00E940219D8C49EE1E9120AC098010D
S1134900AE014F5F5F4F6F2D80E791E00E94021967
S1134910CBC4EFE1EE120AC09801AE014F5F5F4FC6
S11349206F2D8CE691E00E940219BEC4F0E2EF12F2
S11349300AC09801AE014F5F5F4F6F2D88E691E08A
S11349400E940219B1C481E2E8120AC09801AE01C2
S11349504F5F5F4F6F2D84E691E00E940219A4C45B
S113496093E2E9120AC09801AE014F5F5F4F6F2DC9
S113497080E691E00E94021997C4E4E2EE120AC0B4
S11349809801AE014F5F5F4F6F2D8CE591E00E945F
S113499002198AC4F5E2EF120AC09801AE014F5F12
S11349A05F4F6F2D88E591E00E9402197DC486E275
S11349B0E8120AC09801AE014F5F5F4F6F2D84E586
S11349C091E00E94021970C498E2E9120AC09801A9
S11349D0AE014F5F5F4F6F2D80E591E00E94021999
S11349E063C4E9E2EE120AC09801AE014F5F5F4F63
S11349F06F2D8CE491E00E94021956C4FAE2EF1282
S1134A000AC09801AE014F5F5F4F6F2D88E491E0BB
S1134A100E94021949C48BE2E8120AC09801AE014F
S1134A204F5F5F4F6F2D84E491E00E9402193CC4F4
S1134A309DE2E9120AC09801AE014F5F5F4F6F2DEE
S1134A4080E491E00E9402192FC4EEE2EE120AC043
S1134A509801AE014F5F5F4F6F2D8CE391E00E9490
S1134A60021922C4FFE2EF120AC09801AE014F5F9F
S1134A705F4F6F2D88E391E00E94021915C480E313
S1134A80E8120AC09801AE014F5F5F4F6F2D84E3B7
S1134A9091E00E94021908C497E3E9120AC0980140
S1134AA0AE014F5F5F4F6F2D80E391E00E940219CA
S1134AB0FBC3E8E3EE120AC09801AE014F5F5F4FFB
S1134AC06F2D8CE291E00E940219EEC3F9E3EF121C
S1134AD00AC09801AE014F5F5F4F6F2D88E291E0ED
S1134AE00E940219E1C38CE3E8120AC09801AE01E6
S1134AF04F5F5F4F6F2D84E291E00E940219D4C38F
S1134B009DE3E9120AC09801AE014F5F5F4F6F2D1C
S1134B1080E291E00E940219C7C3EEE3EE120AC0DC
S1134B209801AE014F5F5F4F6F2D8CE191E00E94C1
S1134B300219BAC3F1E4EF120AC09801AE014F5F43
S1134B405F4F6F2D88E191E00E940219ADC382E4AA
S1134B50E8120AC09801AE014F5F5F4F6F2D84E1E8
S1134B6091E00E940219A0C393E4E9120AC09801DB
S1134B70AE014F5F5F4F6F2D80E191E00E940219FB
S1134B8093C3E6E4EE120AC09801AE014F5F5F4F93
S1134B906F2D8CE091E00E94021986C3F7E4EF12B6
S1134BA00AC09801AE014F5F5F4F6F2D88E091E01E
S1134BB00E94021979C388E4E8120AC09801AE0180
S1134BC04F5F5F4F6F2D84E091E00E9402196CC328
S1134BD09BE4E9120AC09801AE014F5F5F4F6F2D4D
S1134BE080E091E00E9402195FC3ECE4EE120AC077
S1134BF09801AE014F5F5F4F6F2D8CEF90E00E94E4
S1134C00021952C3FDE4EF120AC09801AE014F5FCE
S1134C105F4F6F2D88EF90E00E94021945C380E535
S1134C20E8120AC09801AE014F5F5F4F6F2D84EF09
S1134C3090E00E94021938C391E5E9120AC0980174
S1134C40AE014F5F5F4F6F2D80EF90E00E9402191D
S1134C502BC3E2E5EE120AC09801AE014F5F5F4F2D
S1134C606F2D8CEE90E00E9402191EC3F3E5EF1243
S1134C700AC09801AE014F5F5F4F6F2D8BE891E042
S1134C800E943F1911C384E5E8120AC09801AE01DD
S1134C904F5F5F4F6F2D8AE891E00E943F1904C374
S1134CA09AE5E9120AC09801AE014F5F5F4F6F2D7C
S1134CB089E490E00E940219F7C2EBE5EE120AC003
S1134CC09801AE014F5F5F4F6F2D85E490E00E9425
S1134CD00219EAC2FFE5EF120AC09801AE014F5F64
S1134CE05F4F6F2D81E490E00E940219DDC280E6DF
S1134CF0E8120AC09801AE014F5F5F4F6F2D8DE33C
S1134D0090E00E940219D0C291E6E9120AC098010B
S1134D10AE014F5F5F4F6F2D89E390E00E9402194F
S1134D20C3C2E4E6EE120AC09801AE014F5F5F4FC2
S1134D306F2D85E390E00E940219B6C2F5E6EF12EA
S1134D400AC09801AE014F5F5F4F6F2D81E390E081
S1134D500E940219A9C286E6E8120AC09801AE01AF
S1134D604F5F5F4F6F2D8DE290E00E9402199CC24D
S1134D7097E6E9120AC09801AE014F5F5F4F6F2DAD
S1134D8089E290E00E9402198FC2E9E6EE120AC09D
S1134D909801AE014F5F5F4F6F2D85E290E00E9456
S1134DA0021982C2FAE6EF120AC09801AE014F5FFF
S1134DB05F4F6F2D81E290E00E94021975C28BE66D
S1134DC0E8120AC09801AE014F5F5F4F6F2D8DE16D
S1134DD090E00E94021968C29CE6E9120AC0980198
S1134DE0AE014F5F5F4F6F2D89E190E00E94021981
S1134DF05BC2EEE6EE120AC09801AE014F5F5F4F50
S1134E006F2D85E190E00E9402194EC2FFE6EF1279
S1134E100AC09801AE014F5F5F4F6F2D81E190E0B2
S1134E200E94021941C283E7E8120AC09801AE0148
S1134E304F5F5F4F6F2D8FE090E00E943F1934C2A7
S1134E4094E7E9120AC09801AE014F5F5F4F6F2DDE
S1134E508EE090E00E943F1927C2EDE7EE120AC0EF
S1134E609801AE014F5F5F4F6F2D8FEC90E00E9471
S1134E7002191AC2FEE7EF120AC09801AE014F5F91
S1134E805F4F6F2D8BEC90E00E9402190DC28FE7EB
S1134E90E8120AC09801AE014F5F5F4F6F2D87EC97
S1134EA090E00E94021900C290E8E9120AC0980139
S1134EB0AE014F5F5F4F6F2D83EC90E00E940219AB
S1134EC0F3C1E2E8EE120AC09801AE014F5F5F4FF2
S1134ED06F2D8FEB90E00E940219E6C1F3E8EF1208
S1134EE00AC09801AE014F5F5F4F6F2D8BEB90E0CE
S1134EF00E940219D9C184E8E8120AC09801AE01DF
S1134F004F5F5F4F6F2D87EB90E00E940219CCC179
S1134F1095E8E9120AC09801AE014F5F5F4F6F2D0B
S1134F2083EB90E00E940219BFC1E7E8EE120AC0C9
S1134F309801AE014F5F5F4F6F2D8FEA90E00E94A2
S1134F400219B2C1F8E8EF120AC09801AE014F5F2E
S1134F505F4F6F2D8BEA90E00E940219A5C18CE887
S1134F60E8120AC09801AE014F5F5F4F6F2D8DE0CC
S1134F7090E00E943F1998C19DE8E9120AC0980187
S1134F80AE014F5F5F4F6F2D8CE090E00E943F19A0
S1134F908BC1EEE8EE120AC09801AE014F5F5F4F7D
S1134FA06F2D88E090E00E9402197EC1FFE8EF12A5
S1134FB00AC09801AE014F5F5F4F6F2D84E090E00F
S1134FC00E94021971C180E9E8120AC09801AE0179
S1134FD04F5F5F4F6F2D82E090E00E946D1964C1B6
S1134FE091E9E9120AC09801AE014F5F5F4F6F2D3E
S1134FF081E090E00E943F1957C1E2E9EE120AC035
S11350009801AE014F5F5F4F6F2D80E090E00E94EA
S11350103F194AC1F6E9EF120AC09801AE014F5F89
S11350205F4F6F2D87EA90E00E9402193DC187E926
S1135030E8120AC09801AE014F5F5F4F6F2D83EAFB
S113504090E00E94021930C198E9E9120AC098015F
S1135050AE014F5F5F4F6F2D8FE990E00E94021900
S113506023C1E9E9EE120AC09801AE014F5F5F4F18
S11350706F2D8BE990E00E94021916C1FAE9EF1234
S11350800AC09801AE014F5F5F4F6F2D87E990E032
S11350900E94021909C18BE9E8120AC09801AE0105
S11350A04F5F5F4F6F2D85E990E00E946D19FCC042
S11350B090EAE9120AC09801AE014F5F5F4F6F2D6D
S11350C081E990E00E940219EFC0E1EAEE120AC001
S11350D09801AE014F5F5F4F6F2D8DE890E00E9405
S11350E00219E2C0F2EAEF120AC09801AE014F5F62
S11350F05F4F6F2D89E890E00E940219D5C083EAC2
S1135100E8120AC09801AE014F5F5F4F6F2D85E82A
S113511090E00E940219C8C094EAE9120AC09801FA
S1135120AE014F5F5F4F6F2D81E890E00E9402193E
S1135130BBC0E5EAEE120AC09801AE014F5F5F4FB3
S11351406F2D87E590E00E943F19AEC0F6EAEF129A
S11351500AC09801AE014F5F5F4F6F2D80E890E069
S11351600E943F19A1C087EAE8120AC09801AE0163
S11351704F5F5F4F6F2D8CE790E00E94021994C03F
S113518098EAE9120AC09801AE014F5F5F4F6F2D94
S113519088E790E00E94021987C0EFEAEE120AC085
S11351A09801AE014F5F5F4F6F2D87E790E00E943B
S11351B03F197AC0F0EBEF120AC09801AE014F5FBD
S11351C05F4F6F2D83E790E00E9402196DC081EB61
S11351D0E8120AC09801AE014F5F5F4F6F2D8FE652
S11351E090E00E94021960C092EBE9120AC0980193
S11351F0AE014F5F5F4F6F2D8BE690E00E94021966
S113520053C0E3EBEE120AC09801AE014F5F5F4F4B
S11352106F2D87E690E00E94021946C0F4EBEF126E
S11352200AC09801AE014F5F5F4F6F2D83E690E097
S11352300E94021939C085EBE8120AC09801AE0138
S11352404F5F5F4F6F2D8FE590E00E9402192CC0D5
S113525096EBE9120AC09801AE014F5F5F4F6F2DC4
S11352608DE590E00E946D191FC0E7EBEE120AC0B5
S11352709801AE014F5F5F4F6F2D82E590E00E9471
S1135280021912C0F8EBEF120AC09801AE014F5F89
S11352905F4F6F2D81E590E00E943F1905C069E1E1
S11352A071E0C8010E941A0CCB58DF4F0FB6F89476
S11352B0DEBF0FBECDBFDF91CF911F910F91FF9045
S11352C0EF90DF90BF90AF909F908F90089585E00E
S11352D08A95F1F700002A9A80E18A95F1F72A98D5
S11352E01EBC0DB407FEFDCF9EB51EBC0DB407FE5B
S11352F0FDCF8EB50895CF92DF92EF92FF929C017D
S1135300C12CD12C760160E070E0CB012115310570
S1135310E1F02150310945E04A95F1F700002A9A5D
S113532040E14A95F1F72A981EBC0DB407FEFDCF63
S11353304EB5D42E1EBC0DB407FEFDCF4EB5C42E03
S11353406C0D7D1D8E1D9F1DE1CFFF90EF90DF90B2
S1135350CF900895CF92DF92EF92FF929C01C12CDF
S1135360D12C7601109292101092031460E070E038
S1135370CB01F1E02115310551F12150310945E00E
S11353804A95F1F700002A9A40E14A95F1F72A98E4
S11353901EBC0DB407FEFDCFEEB5DE2E1EBC0DB453
S11353A007FEFDCFEEB5CE2EAD2DD11005C0E11117
S11353B009C0F093031406C0AF3F21F4EF3F11F48A
S11353C0F09392106C0D7D1D8E1D9F1DD3CFFF9009
S11353D0EF90DF90CF9008954F925F926F927F92FB
S11353E08F929F92AF92BF92CF92DF92EF92FF92F1
S11353F080918C1090918D10ADDF139A12981198B2
S113540030914D1220911014321710F010924D1259
S11354102091E41420FF15C02091E4142E7F2093E2
S1135420E414209110142223C1F0215034E0239F6E
S1135430F0011124E555FF4E6083718382839383C9
S1135440F2CFE0914D1224E0E29FF0011124E555E2
S1135450FF4E60837183828393832091101460E0F4
S113546070E0CB01222381F0215034E0239FF0012E
S11354701124E555FF4EC080D180E280F3806C0D8D
S11354807D1D8E1D9F1DEECF4090A3105090A41043
S11354906090A5107090A61080906415909065158A
S11354A0A0906615B0906715C0901315D090141590
S11354B0E0901515F09016150E94D147A3019201B2
S11354C00E946149A50194010E949F46A70196018B
S11354D00E9461496093971070939810809399107B
S11354E090939A1080910314882349F08091261494
S11354F08460809326148091EC1480621AC0809199
S11355009210882371F0809126148460809326146D
S11355108091EC1480618093EC148091EC148F7D65
S11355200DC0809126148B7F809326148091EC14F7
S11355308F7D8093EC148091EC148F7E8093EC1417
S113554087EF90E00197F1F700C0000080918C1084
S113555090918D10FFDE1398129A11982091E41403
S113556021FF15C02091E4142D7F2093E414209191
S113557010142223C1F0215034E0239FF0011124A0
S1135580EA59FD4E6083718382839383F2CFE09165
S11355904D1224E0E29FF0011124EA59FD4E60838C
S11355A071838283938380914D128F5F80934D1218
S11355B02091101460E070E0CB01222381F021508F
S11355C034E0239FF0011124EA59FD4EC080D180BC
S11355D0E280F3806C0D7D1D8E1D9F1DEECF4090EB
S11355E0A3105090A4106090A5107090A610809005
S11355F0E0149090E114A090E214B090E314C090F1
S1135600DC14D090DD14E090DE14F090DF140E94DE
S1135610D147A30192010E946149A50194010E940E
S11356209F46A70196010E94614960934E127093B0
S11356304F12809350129093511260919710709171
S113564098108091991090919A102091081530919A
S1135650091540910A1550910B15C0904E12D09027
S11356604F12E0905012F09051120E946149A7012C
S113567096010E949F466093491270934A12809348
S11356804B1290934C1280910314882349F080911B
S113569026148860809326148091EC1480681AC0C4
S11356A080919210882371F08091261488608093F1
S11356B026148091EC1480648093EC148091EC1493
S11356C08F770DC080912614877F80932614809154
S11356D0EC148F778093EC148091EC148F7B80937F
S11356E0EC1485ED8A95F1F700008091481290E062
S11356F002DE139A129A1198C0905A12D0905B123B
S1135700E0905C12F0905D120E94D147A7019601CF
S11357100E94614960939B1070939C1080939D102C
S113572090939E108FE591E00197F1F700C000007F
S11357308091481290E0DFDD139A1298119A4090FC
S11357405A1250905B1260905C1270905D128090BF
S1135750431290904412A0904512B0904612C0900B
S1135760FB13D090FC13E090FD13F090FE130E9405
S1135770D147A30192010E946149A50194010E94AD
S11357806149A70196010E949F466093111470938A
S11357901214809313149093141483E291E00197EC
S11357A0F1F700C000008091481290E0A4DD139846
S11357B01298119AC0905A12D0905B12E0905C1229
S11357C0F0905D120E94D147A70196010E946149A1
S11357D02091191430911A1440911B1450911C14E7
S11357E00E9461496B017C019B01AC0160E070E0A7
S11357F080E897E40E949E469B01AC01C701B60174
S11358000E94074720910C1430910D1440910E14FE
S113581050910F14C0908E10D0908F10E090901083
S1135820F09091100E946149A70196010E9461497C
S11358300E94EE48209104143091051440910614FE
S1135840509107140E9461492EE13FEC4BE55BE364
S11358500E949F469B01AC0160E070E080E89FE3FA
S11358600E94074723E333E948E853E40E949E4635
S11358706093A7107093A8108093A9109093AA1016
S11358808091481290E037DD139812981198C090D7
S11358905A12D0905B12E0905C12F0905D120E945C
S11358A0D147A70196010E94614920911D143091AE
S11358B01E1440911F14509120140E9461496B01E1
S11358C07C019B01AC0160E070E080E897E40E94F9
S11358D09E469B01AC01C701B6010E940747209177
S11358E09F103091A0104091A1105091A210C0902F
S11358F05E12D0905F12E0906012F09061120E94EC
S11359006149A70196010E9461490E94EE482091D5
S113591052123091531240915412509155120E94D8
S113592061492EE13FEC4BE55BE30E949F469B01FE
S1135930AC0160E070E080E89FE30E94074723E346
S113594033E948E853E40E949E466093151470932B
S113595016148093171490931814FF90EF90DF900F
S1135960CF90BF90AF909F908F907F906F905F90FB
S11359704F9008954F925F926F927F928F929F9271
S1135980AF92BF92CF92DF92EF92FF921398129848
S113599011988FE891E00197F1F700C00000209181
S11359A0101480918C1090918D10AC01249FC00133
S11359B0259F900D1124CEDC4090A3105090A4108C
S11359C06090A5107090A610809064159090651555
S11359D0A0906615B0906715C0901315D09014155B
S11359E0E0901515F09016150E94D147A30192017D
S11359F00E946149A50194010E949F46A701960156
S1135A000E94614960939710709398108093991045
S1135A1090939A1080910314882321F08091EC14C0
S1135A20806210C080919210882349F08091EC1418
S1135A3080618093EC148091EC148F7D08C0809178
S1135A40EC148F7D8093EC148091EC148F7E809302
S1135A50EC14139A129A119AFF90EF90DF90CF9062
S1135A60BF90AF909F908F907F906F905F904F907A
S1135A7008954F925F926F927F928F929F92AF920E
S1135A80BF92CF92DF92EF92FF92139A12981198DD
S1135A908FE891E00197F1F700C000002091101405
S1135AA080918C1090918D10AC01249FC001259F92
S1135AB0900D11244FDC4090A3105090A4106090DE
S1135AC0A5107090A6108090E0149090E114A0901E
S1135AD0E214B090E314C090DC14D090DD14E09094
S1135AE0DE14F090DF140E94D147A30192010E94BA
S1135AF06149A50194010E949F46A70196010E9455
S1135B00614960934E1270934F1280935012909398
S1135B10511280910314882321F08091EC14806841
S1135B2010C080919210882349F08091EC14806415
S1135B308093EC148091EC148F7708C08091EC145E
S1135B408F778093EC148091EC148F7B8093EC140A
S1135B50139A129A119AFF90EF90DF90CF90BF9012
S1135B60AF909F908F907F906F905F904F9008952B
S1135B702CB528602CBD8F5F9F472C981EBC0DB49C
S1135B8007FEFDCF9EBD0DB407FEFDCF8EBD0DB447
S1135B9007FEFDCF2C9A8CB5877F8CBD08954F925C
S1135BA05F926F927F928F929F92AF92BF92CF92A9
S1135BB0DF92EF92FF924B015C012091131530911B
S1135BC0141540911515509116154090931050904E
S1135BD094106090951070909610C0900814D09016
S1135BE00914E0900A14F0900B140E940747A301D3
S1135BF092010E946149A70196010E949F466B0190
S1135C007C0120E03AEF4FE757E40E94A84887FF61
S1135C1017C0209108143091091440910A1450912E
S1135C200B14C701B6010E94034787FF10C0C09040
S1135C300814D0900914E0900A14F0900B1407C0D3
S1135C40C12C8AEFD82E8FE7E82E87E4F82E8092B5
S1135C50971490929814A0929914B0929A14C70130
S1135C60B6010E94A547CB01FF90EF90DF90CF9043
S1135C70BF90AF909F908F907F906F905F904F9068
S1135C8077CF8CB581608CBD8CB582608CBD8CB5B2
S1135C9084608CBD149880E88EBD0DB407FEFDCFE2
S1135CA081EE8EBD0DB407FEFDCF149A8CB58B7FAB
S1135CB08CBD8CB58E7F8CBD08958CB581608CBDF8
S1135CC08CB582608CBD8CB584608CBD149881E0E9
S1135CD08EBD0DB407FEFDCF8FEF8EBD0DB407FE54
S1135CE0FDCF2EB560E070E0CB01722F2FEF2EBDFB
S1135CF00DB407FEFDCF2EB5622F96958795779547
S1135D006795149A2CB52B7F2CBD2CB52E7F2CBDFA
S1135D1008958CB581608CBD8CB582608CBD8CB5CA
S1135D2084608CBD149880E88EBD0DB407FEFDCF51
S1135D3083E08EBD0DB407FEFDCF149A149881E85C
S1135D408EBD0DB407FEFDCF87E78EBD0DB407FEF3
S1135D50FDCF149A149880E88EBD0DB407FEFDCFD4
S1135D6081E88EBD0DB407FEFDCF149A8CB58B7FF0
S1135D708CBD8CB58D7F8CBD08958CB581608CBD38
S1135D808CB58D7F8CBD8CB584608CBD14988CE0F3
S1135D908EBD0DB407FEFDCF8FEF8EBD0DB407FE93
S1135DA0FDCF3EB58FEF8EBD0DB407FEFDCF6EB5B2
S1135DB08FEF8EBD0DB407FEFDCF2EB5149A8CB5B2
S1135DC08B7F8CBD8CB58D7F8CBD862F90E0A0E041
S1135DD0B0E0BA2FA92F982F8827A32B822BBC01C0
S1135DE0CD0155E095958795779567955A95D1F7A7
S1135DF082FF02C0886F9F6F0E94D34720E030E08B
S1135E0040E05CE30C94614984EA8093BC00809197
S1135E10BC0087FFFCCF8091B900887F883009F0EF
S1135E208EC085E38A95F1F7000080EC8093BB0077
S1135E3084E88093BC008091BC0087FFFCCF8091F4
S1135E40B900887F883109F07AC085E38A95F1F733
S1135E50000085E08093BB0084E88093BC008091BF
S1135E60BC0087FFFCCF8091B900887F883209F09D
S1135E7066C085E38A95F1F700001092BB0084E8C0
S1135E808093BC008091BC0087FFFCCF8091B90057
S1135E90887F883209F053C085E38A95F1F70000C2
S1135EA084E98093BC0085E38A95F1F7000084EAD5
S1135EB08093BC008091BC0087FFFCCF8091B90027
S1135EC0887F8830E1F585E38A95F1F7000080EC5E
S1135ED08093BB0084E88093BC008091BC0087FF62
S1135EE0FCCF8091B900887F883149F585E38A9594
S1135EF0F1F7000086E08093BB0084E88093BC0047
S1135F008091BC0087FFFCCF8091B900887F8832E4
S1135F10B1F485E38A95F1F700001092BB0084E8A0
S1135F208093BC008091BC0087FFFCCF8091B900B6
S1135F30887F883221F485E38A95F1F7000084E9AB
S1135F408093BC0085E38A95F1F70000089548EE3C
S1135F505DEF24EA2093BC002091BC0027FFFCCF16
S1135F602091B900287F283009F06FC085E38A9515
S1135F70F1F7000020EC2093BB0024E82093BC0040
S1135F802091BC0027FFFCCF2091B900287F283145
S1135F9009F05BC085E38A95F1F700001092BB001D
S1135FA024E82093BC002091BC0027FFFCCF209163
S1135FB0B900287F283209F048C085E38A95F1F7B3
S1135FC0000024E92093BC008AE68A95F1F700C01A
S1135FD024EA2093BC002091BC0027FFFCCF209131
S1135FE0B900287F283089F585E38A95F1F7000008
S1135FF021EC2093BB0024E82093BC002091BC003A
S113600027FFFCCF2091B900287F2034F1F424EC41
S11360102093BC002091BC0027FFFCCF2091B90045
S1136020287F203591F42091BB00522F24E820933F
S1136030BC002091BC0027FFFCCF2091B900287F31
S1136040283519F42091BB00422F24E92093BC0089
S1136050BA0180E090E057FF0EC00E94D14720E0D3
S113606030E040E85DE30E94614920E030E040E830
S113607055E40C949E460E94D14720E030E040E86D
S11360805DE30C94614994EA9093BC009091BC0048
S113609097FFFCCF9091B900987F9830B1F590E4C8
S11360A09093BB0094E89093BC009091BC0097FF40
S11360B0FCCF9091B900987F983139F58093BB005B
S11360C084E88093BC008091BC0087FFFCCF809162
S11360D0B900887F8832C9F46093BB0084E8809358
S11360E0BC008091BC0087FFFCCF8091B900887F01
S11360F0883259F44093BB0084E88093BC008091BB
S1136100BC0087FFFCCF8091B90084E98093BC0078
S11361108AE68A95F1F700C0089580E48093B80078
S1136120E9EBF0E080818D7F808380818E7F8083A6
S11361304091FA136091471282E0A5DF40E060E0ED
S113614086E0A1CF2C9A249A2B9A239A2A98229AF1
S113615080912D1480FF14C080912114813021F08E
S113616080912114833021F4149A0C9A559808C014
S113617080912114823021F40C980D9855985698EA
S113618080912D1482FF02C00D9815980E9A0F9AD3
S11361903E983D983B983C983A9813980B9A1298DD
S11361A00A9A1198099A5A98529A0898209A289803
S11361B02998099A3F9A4798579A5F98089580E4D6
S11361C080939F0E369905C080919F0E8F5F8093B8
S11361D09F0E359905C080919F0E8E5F80939F0E10
S11361E0339905C080919F0E8C5F80939F0E3499E4
S11361F005C080919F0E885F80939F0E329905C0E1
S113620080919F0E805F80939F0E0895CF93DF93BC
S113621000D000D000D0CDB7DEB7F894A89584B7ED
S1136220877F84BF0FB6F894A89580916000886139
S113623080936000109260000FBE10922F14109291
S113624033141092261410922B1410922D141092C1
S113625031141092291410922C141092A914109233
S113626092141092561410925714109258141092BB
S113627059141092BD141092BE141092BF141092AF
S1136280C0141092B1141092B2141092B31410925C
S1136290B414109247121092FA132FEF84E39CE087
S11362A0215080409040E1F700C000000E94E21CB1
S11362B049DF9FE088E10FB6F894A89580936000C9
S11362C00FBE90936000A89528DF4091FA13609167
S11362D0471282E0D8DE73DF84B1806B84B98CB559
S11362E080658CBD8CB58D7F8CBD8CB58E7F8CBD4F
S11362F08DB58E7F8DBD2C988091C100886180936F
S1136300C1008091C20086608093C2001092C500D3
S113631084E08093C4008091C10080688093C100B0
S11363205A98529A10928B101092940F8091800078
S113633080938000809181008B6080938100109213
S11363408B0010928A000E94901C90938900809385
S1136350880080916F00826080936F000E94A53D49
S113636085E08093E51486E080935C1584E00E94C8
S1136370FB3F85E00E94F9400E94CA3D6DD40E9413
S11363800A0B80912D1480FF11C08091211481305B
S113639011F477DC0BC080912114823011F434DDC8
S11363A005C080912114833009F4B3DC80912D144D
S11363B082FD0E9452468FEF9FEFDADB0DD8809169
S11363C031148E7F8093311478941D82A1E0AE83C2
S11363D03324339401E010E0A8958091311480FFB8
S11363E068C10E94EC290E949A420E940A0B809183
S11363F0311481FF06C00E94773B809131148D7F58
S113640051C18091940F882389F08091291486FDCD
S11364104BC180912B1481FD47C180912B1482FDC7
S113642043C10E9400171092940F3EC18091311411
S113643083FF3AC180912D1480FF5EC0BE81BB23CF
S113644009F45AC080912114813009F042C04D9959
S113645053C033DC0E94D1476B017C018090FF1351
S113646090900014A0900114B090021440903F1238
S113647050904012609041127090421280916212CA
S113648090916312A0916412B091651289839A83EA
S1136490AB83BC83A7019601C701B6010E94614981
S11364A0A50194010E9461494B015C01A301920181
S11364B0C701B6010E9461499B01AC01C501B40149
S11364C00E949F4629813A814B815C810E949F46AC
S11364D00BC080912114823011F439DD05C0809104
S11364E02114833049F449DC609356127093571297
S11364F0809358129093591280912D1482FFB5C045
S11365009E819111B2C08091691590E00D8002C006
S1136510959587950A94E2F780FF03C08D810E94C8
S11365209444AD81AF5FAD83A83008F01D82E12CA7
S1136530F12CB12C8091691590E00E2C02C0959538
S113654087950A94E2F780FF4FC080912A1467016F
S1136550CC0CDD1CCC0CDD1CF601E659FA4E84FF94
S113656017C04080518062807380609122147091C2
S11365702314809124149091251420E030E040EA03
S113658050E40E949E469B01AC01C301B2010CC0C1
S1136590608171818281938120912214309123142E
S11365A040912414509125140E94A84887FD02C0EC
S11365B0BB24B394F601E659FA4E6081718182815D
S11365C0938120E030E040E251EC0E94034718162A
S11365D05CF020916815C8010E2C01C0880F0A9444
S11365E0EAF7822B80936815BFEFEB1AFB0A28E0C9
S11365F0E216F10409F09ECF80912A14BB2011F019
S1136600806101C08F7E80932A14059904C0809113
S11366102A14806203C080912A148F7D80932A14E7
S113662020E030E040E08091691590E0022E02C045
S1136630959587950A94E2F780FD4F5F2F5F3F4F52
S11366402830310581F780913414481720F0809167
S11366506815882321F080912A14806403C08091F6
S11366602A148F7B80932A1417C080912D1482FDE5
S113667013C080912A148F7E80932A1480912A1447
S11366808F7D80932A1480912A148F7B80932A14FF
S113669010926915109268158E8183258E838091DE
S11366A03114877F80933114809131148E7F8093CD
S11366B031148091291486FD0E94470CA8958CCE34
S11366C01F920F920FB60F9211240BB60F922F93B5
S11366D03F934F935F938F939F93AF93BF93EF93A6
S11366E0FF933FB78091C00087FFFCCF8091C60025
S11366F08A3029F580911B0F833291F590911A0FFE
S113670080919F0E98132CC08091940F811128C002
S113671020E040918B10822F90E050E0FC01E05F7C
S1136720FF4E841795073CF4DC01A65EB04F8C91B4
S113673080832F5FEECF10822093940F11C08823A3
S113674089F0E0918B10F0E0E65EF04F8083809159
S11367508B108F5F80938B1080918B10893710F092
S113676010928B103FBFFF91EF91BF91AF919F911A
S11367708F915F914F913F912F910F900BBE0F908E
S11367800FBE0F901F9018951F920F920FB60F9285
S113679011240BB60F922F938F939F93EF93FF9334
S11367A09FB72091950F80919E0E281758F08091E5
S11367B0C1008F7B8093C1005A9810929E0E109254
S11367C0950F0DC0E091950FF0E0EA56F04F8081EF
S11367D08093C6008091950F8F5F8093950F9FBF24
S11367E0FF91EF919F918F912F910F900BBE0F907E
S11367F00FBE0F901F9018951F920F920FB60F9215
S113680011242F934F935F938F939F932FB780916E
S1136810311480FF05C080912A14816080932A146A
S113682080913114816080933114809133148F5F8F
S1136830809333149091331480913014981307C0CB
S113684080913114826080933114109233148091BA
S11368502714909128140196909328148093271458
S113686080912E14409127145091281490E084179D
S1136870950749F480913114886080933114109203
S11368802814109227142FBF9F918F915F914F91DD
S11368902F910F900FBE0F901F9018958091261482
S11368A086FF2DC06091A7107091A8108091A91047
S11368B09091AA1020916A1430916B1440916C1439
S11368C050916D140E94A84818160CF045C06091B0
S11368D0A7107091A8108091A9109091AA102091EE
S11368E076143091771440917814509179140E9461
S11368F0034787FF31C0809126148F7B2BC06091A2
S1136900A7107091A8108091A9109091AA102091BD
S1136910A3143091A4144091A5145091A6140E947C
S1136920034787FD14C06091A7107091A81080914F
S1136930A9109091AA102091611430916214409191
S11369406314509164140E94A84818162CF4809182
S113695026148064809326148091261487FF2DC00A
S11369606091151470911614809117149091181455
S11369702091D0143091D1144091D2145091D31459
S11369800E94A84818160CF045C060911514709127
S11369901614809117149091181420919F1430911B
S11369A0A0144091A1145091A2140E94034787FFA0
S11369B031C0809126148F772BC06091151470918B
S11369C016148091171490911814209193143091F7
S11369D0941440919514509196140E94034787FD96
S11369E014C060911514709116148091171490912D
S11369F018142091391430913A1440913B14509159
S1136A003C140E94A84818162CF48091261480681F
S1136A10809326140895609111147091121480913A
S1136A201314909114142091BA023091BB02409136
S1136A30BC025091BD020E94034787FD14C06091BF
S1136A4011147091121480911314909114142091C4
S1136A50AA023091AB024091AC025091AD020E9467
S1136A60A84818168CF480915A14882321F0809138
S1136A705A14815019C08091261480628093261480
S1136A8088EC8093B01408958091B014882331F079
S1136A908091B01481508093B01405C08091261465
S1136AA08F7D8093261484E180935A1408958091F5
S1136AB0CB1487FDA7C080915B1490915C14892B43
S1136AC049F080915B1490915C14019790935C144D
S1136AD080935B148091CB1480FD49C060911514A0
S1136AE070911614809117149091181420917214B7
S1136AF03091731440917414509175140E94A848F5
S1136B00181644F16091A7107091A8108091A910F3
S1136B109091AA102091521430915314409154141E
S1136B20509155140E94A8481816A4F06091D414EA
S1136B307091D5148091D6149091D71420918A1411
S1136B4030918B1440918C1450918D140E94A8485C
S1136B5018166CF48091CB1482608093CB148091CE
S1136B60A7149091A81490935C1480935B14809163
S1136B70CB1480FF47C06091151470911614809156
S1136B801714909118142091CC143091CD14409185
S1136B90CE145091CF140E94034787FF33C06091F5
S1136BA0A7107091A8108091A9109091AA1020911B
S1136BB082143091831440918414509185140E945E
S1136BC0034787FF1FC06091D4147091D51480913E
S1136BD0D6149091D71420917A1430917B1440915B
S1136BE07C1450917D140E94034787FF0BC0809151
S1136BF05B1490915C14892B29F48091CB148D7FC4
S1136C008093CB148091CB1481FF04C08091CB146A
S1136C1080FF08C08091CB1481FD1DC08091CB14EE
S1136C2080FF19C08091CB1481FF06C01698179A73
S1136C308091CB14816005C0169A17988091CB146B
S1136C408E7F8093CB148FE19EE40197F1F700C00F
S1136C500000169A179A089510925C1410925B140F
S1136C60169A17988091CB148E7F8093CB148FE162
S1136C709EE40197F1F700C00000169A179A089550
S1136C808091261486FD16C08091261487FD12C0BB
S1136C908091261485FD0EC080912A1484FD0AC0BB
S1136CA080912A1485FD06C080912A1486FB8827CA
S1136CB080F9089581E00895E3DF81110CC080918B
S1136CC0261484FD08C08091261482FD04C080919E
S1136CD0261483FF02C05F9A08955F980895CF93A6
S1136CE06091A7107091A8108091A9109091AA109A
S1136CF02091A3143091A4144091A5145091A6148A
S1136D000E94034787FD17C06091A7107091A810D7
S1136D108091A9109091AA1020916114309162146D
S1136D204091631450916414C1E00E94A84818165D
S1136D301CF0C0E001C0C1E06091151470911614FC
S1136D4080911714909118142091931430919414F5
S1136D5040919514509196140E94034787FD14C0E6
S1136D606091151470911614809117149091181451
S1136D702091391430913A1440913B1450913C14B1
S1136D800E94A84818160CF4C1E08C2FCF910895E6
S1136D90109269148091A914809392141092BD14D6
S1136DA01092BE141092BF141092C01480916914F2
S1136DB0816080936914609113157091141580910A
S1136DC015159091161520918614309187144091D1
S1136DD08814509189140E9461496093C714709378
S1136DE0C8148093C9149093CA1408958F929F92E3
S1136DF0AF92BF92CF92DF92EF92FF926091131500
S1136E007091141580911515909116158090971016
S1136E1090909810A0909910B0909A10C090BD14C2
S1136E20D090BE14E090BF14F090C01420E030E085
S1136E304AEF53E40E946149A50194010E949F46D0
S1136E40A70196010E94034787FF15C08091971000
S1136E5090919810A0919910B0919A108093BD14BC
S1136E609093BE14A093BF14B093C014809169147E
S1136E708E7F809369148090B1149090B214A09086
S1136E80B314B090B4146091DC147091DD1480914B
S1136E90DE149091DF1420916E1430916F144091A0
S1136EA0701450917114C0904912D0904A12E0901D
S1136EB04B12F0904C120E9461499B01AC01C50138
S1136EC0B4010E949E46A70196010E94A848181684
S1136ED014F56091BD147091BE148091BF1490910B
S1136EE0C0142091C7143091C8144091C914509112
S1136EF0CA140E949E466093BD147093BE1480937E
S1136F00BF149093C0148091691480FF64C0809171
S1136F1069148E7F4DC06091DC147091DD148091F2
S1136F20DE149091DF1420916E1430916F1440910F
S1136F307014509171148090B1149090B214A09078
S1136F40B314B090B414C0904912D0904A12E09097
S1136F504B12F0904C120E946149A50194010E94C9
S1136F609F46A70196010E94034787FF4EC0609188
S1136F70BD147091BE148091BF149091C0142091DF
S1136F80C7143091C8144091C9145091CA140E9476
S1136F909F466093BD147093BE148093BF14909366
S1136FA0C0148091691480FD16C0809169148160B9
S1136FB0809369146091C7147091C8148091C914A6
S1136FC09091CA142091B5143091B6144091B7141D
S1136FD05091B81410C06091C7147091C814809176
S1136FE0C9149091CA14209165143091661440918B
S1136FF06714509168140E9461496093C714709398
S1137000C8148093C9149093CA1460911315709195
S113701014158091151590911615209186143091B0
S113702087144091881450918914C090C714D0904B
S1137030C814E090C914F090CA140E946149A701D1
S113704096010E94034787FF11C060911315709148
S11370501415809115159091161520918614309170
S11370608714409188145091891430C0609113158D
S11370707091141580911515909116152091351461
S1137080309136144091371450913814C090C7147D
S1137090D090C814E090C914F090CA140E946149B9
S11370A0A70196010E94A8481816D4F460911315FC
S11370B07091141580911515909116152091351421
S11370C03091361440913714509138140E9461491C
S11370D06093C7147093C8148093C9149093CA140E
S11370E06091BD147091BE148091BF149091C0142E
S11370F020E030E0A9010E94034787FF0DC01092F1
S1137100BD141092BE141092BF141092C01480913A
S11371106914816080936914FF90EF90DF90CF90A1
S1137120BF90AF909F908F9008951092691480E063
S113713090E0AAE7B4EC80935D1490935E14A0935E
S11371405F14B09360148093D4149093D514A093D7
S1137150D614B093D7148091C5149091C61490930B
S1137160AB148093AA148091A914809392140E9462
S1137170590126E636E646E25FE30E9461496093E0
S1137180BD147093BE148093BF149093C014809167
S113719069148160809369146091131570911415BA
S11371A0809115159091161520918E1430918F149D
S11371B040919014509191140E9461496093C714B6
S11371C07093C8148093C9149093CA1408954F926D
S11371D05F926F927F928F929F92AF92BF92CF9263
S11371E0DF92EF92FF928091AA149091AB140197D1
S11371F09093AB148093AA148091AA149091AB1429
S1137200892B09F067C28091C5149091C61490939C
S1137210AB148093AA148091691487FF08C08091ED
S113722069148F77809369140E944A0592C1609112
S11372301315709114158091151590911615809061
S1137240971090909810A0909910B0909A10C090B8
S1137250BD14D090BE14E090BF14F090C01420E090
S113726030E04AEF53E40E946149A50194010E9471
S11372709F46A70196010E94034787FF1CC06091A7
S11372809710709198108091991090919A1026E619
S113729036E646E65FE30E9461496093BD1470934D
S11372A0BE148093BF149093C014809169148E7F90
S11372B08093691469C060911315709114158091BD
S11372C01515909116152091DC143091DD14409120
S11372D0DE145091DF144090B9145090BA146090A9
S11372E0BB147090BC1480905D1490905E14A090B8
S11372F05F14B0906014C090D414D090D514E09072
S1137300D614F090D7140E946149A30192010E94FF
S11373106149A50194010E949F46A70196010E941C
S1137320034787FF4CC08091691480FF13C06091AC
S1137330BD147091BE148091BF149091C01420911B
S1137340C7143091C8144091C9145091CA140E94B2
S11373509F4612C06091BD147091BE148091BF14F9
S11373609091C0142091C7143091C8144091C9144D
S11373705091CA140E949E466093BD147093BE142B
S11373808093BF149093C0146091C7147091C81473
S11373908091C9149091CA1420917E1430917F1465
S11373A040918014509181140E9461496093C714E4
S11373B07093C8148093C9149093CA1490C0809099
S11373C05D1490905E14A0905F14B090601460916E
S11373D0131570911415809115159091161520911F
S11373E0DC143091DD144091DE145091DF14409090
S11373F0B9145090BA146090BB147090BC14C0902F
S1137400D414D090D514E090D614F090D7140E94E0
S11374106149A30192010E9461499B01AC01C5012C
S1137420B4010E949E46A70196010E94A84818161E
S11374300CF066C06091C7147091C8148091C9148F
S11374409091CA142091AC143091AD144091AE14B3
S11374505091AF140E9461496093C7147093C8148B
S11374608093C9149093CA148091691480FF18C042
S1137470809169148E7F809369146091BD1470911A
S1137480BE148091BF149091C0142091C714309100
S1137490C8144091C9145091CA140E949E4617C042
S11374A0809169148160809369146091BD14709116
S11374B0BE148091BF149091C0142091C7143091D0
S11374C0C8144091C9145091CA140E949F466093F5
S11374D0BD147093BE148093BF149093C014809114
S11374E0D4149091D514A091D614B091D71480934C
S11374F05D1490935E14A0935F14B093601431C034
S11375008091691480FF13C06091BD147091BE1402
S11375108091BF149091C0142091C7143091C81465
S11375204091C9145091CA140E949F4612C06091A0
S1137530BD147091BE148091BF149091C014209119
S1137540C7143091C8144091C9145091CA140E94B0
S11375509E466093BD147093BE148093BF149093A1
S1137560C0146091131570911415809115159091A4
S1137570161520918E1430918F14409190145091CF
S11375809114C090C714D090C814E090C914F0901E
S1137590CA140E946149A70196010E94034787FF0C
S11375A011C0609113157091141580911515909167
S11375B0161520918E1430918F144091901450918F
S11375C0911430C0609113157091141580911515A4
S11375D0909116152091C1143091C2144091C31496
S11375E05091C414C090C714D090C814E090C9142A
S11375F0F090CA140E946149A70196010E94A8480C
S11376001816D4F460911315709114158091151502
S1137610909116152091C1143091C2144091C31455
S11376205091C4140E9461496093C7147093C814A4
S11376308093C9149093CA146091BD147091BE14C0
S11376408091BF149091C01420E030E0A9010E9401
S1137650034787FF3FC08091691481608093691458
S1137660609113157091141580911515909116154C
S113767020918E1430918F14409190145091911454
S11376800E9461496093C7147093C8148093C9140D
S11376909093CA148091C7149091C814A091C914EE
S11376A0B091CA148093BD149093BE14A093BF14D8
S11376B0B093C0148091D4149091D514A091D61491
S11376C0B091D71480935D1490935E14A0935F14CB
S11376D0B0936014FF90EF90DF90CF90BF90AF9085
S11376E09F908F907F906F905F904F9008956091DE
S11376F09710709198108091991090919A10209100
S1137700491230914A1240914B1250914C120E94EE
S113771061496093D4147093D5148093D6149093D4
S1137720D71480912B1487FF0BC08091261482609C
S11377308093261480912B148E7F80932B1405C084
S1137740809126148D7F80932614A8D864D9AFD94C
S1137750B3DA80912B1480FFD4C080912B1481FF65
S11377601CC0BDDA811104C08091261485FF0BC0B2
S1137770809126148E7F80932614479828988091B0
S11377802B148D7FBBC080912614816080932614B6
S1137790479A289A0E94A807D3C080912B1482FF8D
S11377A01CC09DDA811104C08091261485FF0BC092
S11377B0809126148E7F8093261447982898809170
S11377C02B148B7F9BC08091261481608093261498
S11377D0479A289A0E942C02B3C052DA8823C1F037
S11377E080912614816080932614479A289880916A
S11377F05E1590915F159093301580932F158091AD
S1137800ED149091EE149093EB148093EA1498C0C5
S11378108091A914813061F48091A9148093921409
S113782080912614816080932614479A289888C0F2
S11378308091A9148230A1F48091A91480939214A8
S113784080912614816080932614479A289A109276
S1137850BD141092BE141092BF141092C01470C0C4
S11378608091A9148330A1F48091A9148093921477
S113787080912614816080932614479A289A8091D7
S1137880561490915714A0915814B091591450C0A3
S11378908091A914843089F48091261481608093A6
S11378A02614479A289A909192148091A9149813B7
S11378B002C09CDA45C06CDA43C08091A9148530BB
S11378C089F480912614816080932614479A289A1B
S11378D0909192148091A914981302C078DC30C05E
S11378E024DC2EC01092A914809126148E7F8093DC
S11378F026144798289880912B148E7F80932B14FC
S11379001FC0809126148E7F809326144798289850
S113791080912B148D7F80932B1480912B148B7F5B
S113792080932B141092921480E09AEFAFE7B7E49F
S11379308093BD149093BE14A093BF14B093C0144D
S113794060919714709198148091991490919A145D
S11379502091BD143091BE144091BF145091C014B5
S11379600E940347882351F06091BD147091BE14A6
S11379708091BF149091C0140C94CF2D0895AF92B0
S1137980BF92CF92DF92EF92FF920F931F93CF9308
S11379906B017C0104E010E0C02F5801AA0CBB1C51
S11379A0AA0CBB1CF501EE5CFA4E608171818281E8
S11379B09381A70196010E94A84818166CF4F5015A
S11379C0E95BFA4E2081318142815381C701B601BE
S11379D00E94A848181624F001501109E8F6C4E0E2
S11379E02C2F30E08091E51490E001962817390798
S11379F099F4E091E51484E0E89FF0011124EE5C31
S1137A00FA4E2081318142815381C701B6010E941F
S1137A10034787FF1CC019C08091E51490E00197CB
S1137A2028173907A1F4E091E51484E0E89FF001F8
S1137A301124E95BFA4E2081318142815381C701CF
S1137A40B6010E94A848181614F4C091E5148C2FAE
S1137A50CF911F910F91FF90EF90DF90CF90BF9047
S1137A60AF900895AF92BF92CF92DF92EF92FF92C0
S1137A700F931F93CF936B017C0105E010E0C02F9F
S1137A805801AA0CBB1CAA0CBB1CF501E151FB4E0E
S1137A906081718182819381A70196010E94A84827
S1137AA018166CF4F501E95EFA4E208131814281A9
S1137AB05381C701B6010E94A848181624F001504A
S1137AC01109E8F6C5E02C2F30E080915C1590E0B8
S1137AD001962817390799F4E0915C1584E0E89F32
S1137AE0F0011124E151FB4E208131814281538107
S1137AF0C701B6010E94034787FF1CC019C08091CB
S1137B005C1590E0019728173907A1F4E0915C1502
S1137B1084E0E89FF0011124E95EFA4E208131816E
S1137B2042815381C701B6010E94A848181614F473
S1137B30C0915C158C2FCF911F910F91FF90EF9006
S1137B40DF90CF90BF90AF9008958091FA13816039
S1137B508093FA134091FA136091471282E00E94D5
S1137B6043308FE891E00197F1F700C00000809165
S1137B70FA138E7F8093FA134091FA13609147129F
S1137B8082E00E9443308FE891E00197F1F700C052
S1137B90000008954F925F926F927F928F929F920E
S1137BA0AF92BF92CF92DF92EF92FF92CF93DF9387
S1137BB0CDB7DEB7A0970FB6F894DEBF0FBECDBF2A
S1137BC01092301510922F151092EB141092EA14A3
S1137BD08CE791E00E94B71929E136E647E656E4BE
S1137BE00E9461496B017C018CE691E00E94B71907
S1137BF020E038EF42E757E40E94614969837A83C1
S1137C008B839C838CE591E00E94B71920E038EFC8
S1137C1042E757E40E9461496D837E838F8398878E
S1137C208CE491E00E94B71920E038EF42E757E472
S1137C300E94614969877A878B879C878CE391E0EE
S1137C400E94B719698F7A8F8B8F9C8F8CE291E099
S1137C500E94B71920E038EF42E757E40E946149D7
S1137C604B015C0180E291E00E94B71920E038EFFB
S1137C7042E757E40E9461496D877E878F87988B1E
S1137C8084E191E00E94B71920E038EF42E757E41D
S1137C900E946149698B7A8B8B8B9C8B88E091E085
S1137CA00E94B71920E038EF42E757E40E94614987
S1137CB02B013C018CEF90E00E94B71920E038EFD3
S1137CC042E757E40E9461496D8B7E8B8F8B988FBE
S1137CD080EF90E00E94B7196D8F7E8F8F8F98A3ED
S1137CE02AE037ED43E85FE3C701B6010E9461492A
S1137CF0E2E3F5E160837183828393832AE037EDC5
S1137D0043E85FE369817A818B819C810E946149A8
S1137D106093361570933715809338159093391501
S1137D202AE037ED43E85FE36D817E818F8198859A
S1137D300E94614960933A1570933B1580933C15FA
S1137D4090933D152AE037ED43E85FE369857A8532
S1137D508B859C850E94614960933E1570933F1505
S1137D60809340159093411520E038EF42E757E4A3
S1137D70698D7A8D8B8D9C8D0E9461492AE037ED47
S1137D8043E85FE30E946149609342157093431591
S1137D908093441590934515D701C601B058E7E484
S1137DA0F5E180839183A283B38326E636E646E633
S1137DB05FE3C701B6010E94614960934B1570935C
S1137DC04C1580934D1590934E1526E636E646E6FF
S1137DD05FE369817A818B819C810E946149609310
S1137DE04F1570935015809351159093521526E6B4
S1137DF036E646E65FE36D817E818F8198850E9439
S1137E00614960935315709354158093551590935D
S1137E10561526E636E646E65FE369857A858B8560
S1137E209C850E94614960935715709358158093FF
S1137E30591590935A152AE037ED43E85FE3C501DD
S1137E40B4010E946149EFEEF4E16083718382839F
S1137E5093832AE037ED43E85FE36D857E858F8564
S1137E6098890E9461496093F3147093F414809389
S1137E70F5149093F6142AE037ED43E85FE369893B
S1137E807A898B899C890E9461496093F714709365
S1137E90F8148093F9149093FA142AE037ED43E828
S1137EA05FE3C301B2010E9461496093FB147093C4
S1137EB0FC148093FD149093FE142AE037ED43E8FC
S1137EC05FE36D897E898F89988D0E9461496093F3
S1137ED0FF1470930015809301159093021520E010
S1137EE038EF42E757E46D8D7E8D8F8D98A10E9407
S1137EF061492AE037ED43E85FE30E9461496093FA
S1137F000315709304158093051590930615D501F8
S1137F10C401B058E7E1F5E180839183A283B38380
S1137F2026E636E646E65FE3C501B4010E946149F0
S1137F3060931B1570931C1580931D1590931E154B
S1137F4026E636E646E65FE36D857E858F8598896D
S1137F500E94614960931F15709320158093211529
S1137F609093221526E636E646E65FE369897A8928
S1137F708B899C890E946149609323157093241511
S1137F80809325159093261526E636E646E65FE3AC
S1137F90C301B2010E9461496093271570932815AB
S1137FA08093291590932A1526E636E646E65FE384
S1137FB06D897E898F89988D0E94614960932B1504
S1137FC070932C1580932D1590932E15A0960FB6B3
S1137FD0F894DEBF0FBECDBFDF91CF91FF90EF903D
S1137FE0DF90CF90BF90AF909F908F907F906F90D5
S1137FF05F904F900895CF93C82F80915E15909114
S11380005F159093301580932F15809111158093EF
S11380105B158C2F0E94CF198091E514882341F0C1
S11380208091E514813021F08091E514823021F4AF
S113803081E0C33088F40DC08091E514833021F0D1
S11380408091E514843039F481E09DEF9C0F9230E7
S113805018F480E001C081E09091E514992341F087
S11380609091E514913021F09091E514943039F415
S1138070C23008F4ABC091E0C43079F40DC09091E3
S1138080E514923021F09091E514933049F491E095
S11380902EEF2C0F223008F490E0813071F403C0ED
S11380A0813071F491E0209147122E7F2093471282
S11380B0209147122D7F20934712913009F082C0FE
S11380C0909147129B7F9093471290914712977F0C
S11380D090934712C11104C090914712986007C051
S11380E0C130D1F3C23059F4909147129460909307
S11380F047128130B1F480914712816010C091E041
S1138100C33009F06AC0913029F490914712946009
S113811090934712813029F48091471282608093B2
S113812047124091FA136091471282E00E94433053
S11381308FED9EE20197F1F700C000006091971463
S1138140709198148091991490919A140E94CF2D53
S11381508FE59DE60197F1F700C00000809147127A
S11381608160809347128091471282608093471206
S113817080914712846080934712809147128860EF
S1138180809347124091FA136091471282E00E9453
S113819043308FE39CE90197F1F700C00000C093DE
S11381A0E5148091E41481608093E41480912A148E
S11381B08E7F80932A14809131148E7F80933114A2
S11381C0CF910895CC2309F494CF04C08130D1F722
S11381D090E069CFC13041F48CCF913009F09ACF4F
S11381E090914712986094CFC23009F482CF90E006
S11381F087CFCF93C82F80915C15813041F0809157
S11382005C15833021F080915C15853041F48C2F0E
S11382108D7F8130C9F081E0C530B9F415C08091FB
S11382205C15882341F080915C15823021F08091A7
S11382305C15843039F48C2F8D7F31F081E0C430AB
S113824021F402C081E001C080E02091ED1430915E
S1138250EE143093EB142093EA149091311590931B
S11382605D159091FA139E7F9093FA1390914712A3
S11382709F7D90934712909147129F7E909347124F
S1138280909147129F7790934712909147129F7B4A
S1138290909347129091FA13C11109C0986090937A
S11382A0FA13813081F48091471280640AC0C1308E
S11382B071F498609093FA13813029F480914712F5
S11382C08068809347128091471280612BC0C2302E
S11382D049F494609093FA13813081F480914712A9
S11382E080640AC0C33071F494609093FA138130AF
S11382F029F4809147128068809347128091471235
S1138300806210C092609093FA13C43031F48130CB
S113831059F480914712806405C0813029F480911A
S113832047128068809347124091FA136091471274
S113833082E00E9443308FE39CE90197F1F700C08B
S11383400000809147128068809347128091471201
S1138350806480934712CC2311F0C13049F480919A
S1138360FA138D7F8093FA138091FA138B7F10C0D8
S1138370C23021F48091FA138D7F05C0C330D1F34C
S11383808091FA138B7F8093FA138091FA13877F7D
S11383908093FA134091FA136091471282E00E948D
S11383A043308C2F0E94DA1A8FE39CE90197F1F78E
S11383B000C00000C0935C158091E4148260809337
S11383C0E41480912A148E7F80932A1480913114AE
S11383D08E7F80933114CF910895282F31E0C90105
S11383E0992399F02091461530E0082E02C0359566
S11383F027950A94E2F720FD02C08F5F01C090E048
S113840024E030E0853060F3EACF08958091E514EC
S11384109091EC1494FF02C08F5F09C06091971093
S1138420709198108091991090919A10A8DAD5DFE4
S1138430853008F084E09091E514981740F090910D
S1138440E514891778F490912A1492FD0BC0909149
S11384505B15992331F080915B15815080935B15F6
S11384600895C9CD0895282F31E0C901992399F0C1
S11384702091071530E0082E02C0359527950A94FF
S1138480E2F720FD02C08F5F01C090E025E030E0FC
S1138490863060F3EACF0895CF93C0915C150099BC
S11384A004C080912614806103C0809126148F7EBD
S11384B0809326148091EC1486FD04C080912614C8
S11384C084FF0DC08C2F90E0049714F4CE5F01C09C
S11384D0CF5F8091261484FF0CC037DB0AC0609103
S11384E04E1270914F128091501290915112BADA3B
S11384F0C82F8C2FB8DF863008F085E090915C158A
S1138500981740F090915C15891770F490912A1493
S113851093FD0EC090915D15992321F080915D1516
S1138520815004C0CF9165CE8091311580935D1543
S1138530CF91089580912F1590913015892B69F072
S113854080912F1590913015019790933015809359
S11385502F1580912A14846003C080912A148B7F84
S113856080932A148091EA149091EB14892B69F07A
S11385708091EA149091EB1401979093EB148093FB
S1138580EA1480912A14886003C080912A14877F9A
S113859080932A1480912B1487FF09C08091EC14D6
S11385A082FF05C08091EC1481608093EC1480916B
S11385B0EC1480FF09C09091E51480911015981770
S11385C0B9F08091101513C08091261480FF02C069
S11385D01DDF0EC080915E1590915F15909330154C
S11385E080932F158091E514843011F084E003DD2D
S11385F0009904C080912614806103C080912614E0
S11386008F7E8093261480912B1487FF09C080915C
S1138610EC1483FF05C08091EC1482608093EC1409
S11386208091EC1481FF09C090915C158091121522
S11386309817D1F08091121516C08091261480FDF0
S11386402BCF8091ED149091EE149093EB148093C2
S1138650EA1480912A14886080932A1480915C150E
S1138660853011F085E0C5CD08958F929F92AF9229
S1138670BF92CF92DF92EF92FF929C012150310979
S11386802E3F3F4008F03BC0BC0180E090E089D41D
S113869020E030EF4FE755E4BAD36B017C0120E0D2
S11386A030E44CE156E40DD64B015C01A701960180
S11386B060E070E080E89FE341D39B01AC01C50119
S11386C0B401A5D320E030E44CE156E4A0D386D530
S11386D020E030E049E755E49AD32FE03FEC4BE546
S11386E05BE32DD39B01AC0160E070E080E89FE385
S11386F08ED323E333E948E853E420D304C06DEC7C
S11387007CEC87EC92E4FF90EF90DF90CF90BF90E9
S1138710AF909F908F900895CF92DF92EF92FF9247
S113872023E333E948E853E40AD39B01AC0160E056
S113873070E080E89FE36BD32FE03FEC4BE55BE315
S1138740FDD220E030E049E755E4BBD5CDD320E0AD
S113875030E44CE156E4B5D56B017C0120E030E413
S11387604CE156E4ECD29B01AC01C701B6014FD3F6
S113877020E030EF4FE755E4A4D56B017C0120E005
S113878030E0A90140D387FD11C020E030EF4FE76E
S113879055E4C701B601DCD418165CF4C12C80EF93
S11387A0D82E8FE7E82E85E4F82E03C0C12CD12CF7
S11387B07601C701B601C9D3CB01FF90EF90DF90DA
S11387C0CF90089584EF91E02091BC0027FD04C070
S11387D00197D1F780E0089581E00895FF920F9307
S11387E01F93CF93DF938B01E82FF0E0EE55FD4FFD
S11387F0C0818CE08093B80084EAF82EF092BC002B
S1138800E1DF882309F47FC08091B900887F883034
S113881009F079C085E38A95F1F700008C2F880F61
S11388208093BB00D4E8D093BC00CCDF882309F448
S11388306AC08091B900887F883109F064C095E3EB
S11388409A95F1F700001092BB00D093BC00BADFF8
S1138850882309F458C08091B900887F883209F0D0
S113886052C0E5E3EA95F1F70000F092BC00AADFFC
S1138870882309F448C08091B900887F803109F0C9
S113888042C0F5E3FA95F1F70000CC0FC160C09344
S1138890BB00D093BC0096DF8823A9F18091B90076
S11388A0887F803481F585E38A95F1F7000084ECB4
S11388B08093BC0087DF882331F18091B900887FE1
S11388C0803509F5C091BB0084E88093BC007ADF51
S11388D08823C9F08091B900887F8835A1F48091FC
S11388E0BB0094E99093BC0095E39A95F1F70000DE
S11388F090E09C2B9F70F8019183808380E48093A7
S1138900B80081E00BC084E98093BC00F5E3FA95DC
S1138910F1F7000080E48093B80080E0DF91CF910C
S11389201F910F91FF900895EF92FF921F93CF93A1
S1138930DF9300D0CDB7DEB720916915E82EF12C76
S113894030E0082E02C0359527950A94E2F720FFFF
S11389502AC0BE016F5F7F4F41DF8823C9F0898140
S11389609A8183DEF701EE0FFF1FEE0FFF1FE6591A
S1138970FA4E60837183828393832091681581E02A
S113898090E001C0880FEA94EAF78095822309C039
S11389902091681581E090E001C0880FEA94EAF71D
S11389A0822B809368150F900F90DF91CF911F91C8
S11389B0FF90EF900895CF93C82F84EA8093BC0072
S11389C001DF882309F43DC08091B900887F883095
S11389D0C1F585E38A95F1F70000CC0FC093BB0085
S11389E0C4E8C093BC00EEDE882359F18091B9003D
S11389F0887F883131F585E38A95F1F7000082E0BC
S1138A008093BB00C093BC00DDDE8823D1F080914D
S1138A10B900887F8832A9F485E38A95F1F70000CC
S1138A2084EE8093BB00C093BC00CCDE882349F065
S1138A308091B900887F883221F485E38A95F1F723
S1138A40000084E98093BC0085E38A95F1F7000077
S1138A50CF9108950F931F93CF93C82F6091221441
S1138A6070912314809124149091251455DE8C0167
S1138A7084EA8093BC00A6DE882309F44EC080916A
S1138A80B900887F883009F048C085E38A95F1F7FA
S1138A900000CC0FC093BB00C4E8C093BC0092DEBE
S1138AA08823D9F18091B900887F8831B1F585E3B5
S1138AB08A95F1F7000083E08093BB00C093BC006B
S1138AC081DE882351F18091B900887F883229F5AD
S1138AD01F7085E38A95F1F700001093BB00C093E3
S1138AE0BC0070DE8823C9F08091B900887F883289
S1138AF0A1F485E38A95F1F700000093BB00C093CD
S1138B00BC0060DE882349F08091B900887F8832F8
S1138B1021F485E38A95F1F7000084E98093BC0091
S1138B2085E38A95F1F70000CF911F910F91089585
S1138B30EF92FF921F93CF93DF93182F609122142B
S1138B4070912314809124149091251420E030E036
S1138B5040EA50E4F3D0E0DDEC016091221470911E
S1138B6023148091241490912514D6DD7C0184EA89
S1138B708093BC0027DE882309F451C08091B9009A
S1138B80887F883009F04BC085E38A95F1F70000AF
S1138B90110F1093BB0014E81093BC0013DE88235C
S1138BA009F43DC08091B900887F8831C1F585E31F
S1138BB08A95F1F7000085E08093BB001093BC0018
S1138BC001DE882361F18091B900887F883239F50C
S1138BD0CE19DF09DF7085E38A95F1F70000D093A1
S1138BE0BB001093BC00EEDD8823C9F08091B9006E
S1138BF0887F8832A1F485E38A95F1F70000C09359
S1138C00BB001093BC00DEDD882349F08091B900DD
S1138C10887F883221F485E38A95F1F7000084E99E
S1138C208093BC0085E38A95F1F70000DF91CF9132
S1138C301F91FF90EF900895CF93C82F0BDF8C2FD7
S1138C4077DF8C2FCF91B7CECF93C82F84EA809350
S1138C50BC00B8DD8823E1F08091B900887F8830BA
S1138C60B9F4CC0FC093BB0084E88093BC00AADDA8
S1138C70882371F08091B900887F883149F484E9B0
S1138C808093BC0085E38A95F1F7000081E008C079
S1138C9084E98093BC0085E38A95F1F7000080E0C5
S1138CA0CF9108958F929F92AF92BF92DF92EF92ED
S1138CB0FF920F931F93CF93DF9310926915109235
S1138CC0681502EA12E0C0E0D0E0EE24E394F12C4F
S1138CD026E6822E982C2EE1A22E21ECB22EF8014B
S1138CE0D1908F018D2DB0DF882369F02091691513
S1138CF0C7010C2E01C0880F0A94EAF7822B8093D7
S1138D0069158D2D99DFFE01EE0FFF1FEE0FFF1F7A
S1138D10E659FA4E80829182A282B3822196C830AB
S1138D20D105E9F6DF91CF911F910F91FF90EF905C
S1138D30DF90BF90AF909F908F9008955058BB27BD
S1138D40AA270ED0CBC1BCD130F0C1D120F031F470
S1138D509F3F11F41EF48CC10EF4E095E7FB82C131
S1138D60E92FCDD180F3BA176207730784079507FB
S1138D7018F071F49EF5E5C10EF4E0950B2EBA2FB0
S1138D80A02D0B01B90190010C01CA01A00111240D
S1138D90FF27591B99F0593F50F4503E68F11A16B9
S1138DA0F040A22F232F342F4427585FF3CF46954A
S1138DB037952795A795F0405395C9F77EF41F166C
S1138DC0BA0B620B730B840BBAF09150A1F0FF0F36
S1138DD0BB1F661F771F881FC2F70EC0BA0F621F22
S1138DE0731F841F48F4879577956795B795F79512
S1138DF09E3F08F0B3CF9395880F08F09927EE0FA4
S1138E009795879508950AD108F481E008950CD0C8
S1138E1065C15DD140F054D130F021F45F3F19F0C9
S1138E2021C151118FC124C16AD198F39923C9F387
S1138E305523B1F3951B550BBB27AA27621773075C
S1138E40840738F09F5F5F4F220F331F441FAA1F10
S1138E50A9F333D00E2E3AF0E0E830D091505040D0
S1138E60E695001CCAF729D0FE2F27D0660F771F7E
S1138E70881FBB1F261737074807AB07B0E809F060
S1138E80BB0B802DBF01FF2793585F4F2AF09E3FF5
S1138E90510568F0E7C056C15F3FECF3983EDCF340
S1138EA0869577956795B795F7959F5FC9F7880F6E
S1138EB0911D9695879597F90895E1E0660F771FC0
S1138EC0881FBB1F621773078407BA0720F0621B51
S1138ED0730B840BBA0BEE1F88F7E095089519F411
S1138EE00EF0C0C02EC1C4C012D1C8F39638C0F76A
S1138EF007F80F92E8942BE33AEA48EB5FE7EFD1E7
S1138F000F920F920F924DB75EB70F92A7D1ECE874
S1138F10F0E0B1D04F915F91EF91FF91E595EE1F95
S1138F20FF1F49F0FE57E0684427EE0F441FFA95EF
S1138F30E1F74195550B19D10F9007FE0DC1089526
S1138F4004D06894B111FEC00895E1D088F09F5711
S1138F5090F0B92F9927B751A0F0D1F0660F771F81
S1138F60881F991F1AF0BA95C9F712C0B13081F061
S1138F70E8D0B1E00895E5C0672F782F8827B85F5F
S1138F8039F0B93FCCF3869577956795B395D9F7C2
S1138F903EF490958095709561957F4F8F4F9F4FCC
S1138FA00895E89409C097FB3EF4909580957095D8
S1138FB061957F4F8F4F9F4F9923A9F0F92F96E921
S1138FC0BB279395F695879577956795B795F11196
S1138FD0F8CFFAF4BB0F11F460FF1BC06F5F7F4F33
S1138FE08F4F9F4F16C0882311F096E911C0772345
S1138FF021F09EE8872F762F05C0662371F096E84E
S1139000862F70E060E02AF09A95660F771F881F1C
S1139010DAF7880F9695879597F90895990F0008C0
S1139020550FAA0BE0E8FEEF16161706E807F90736
S1139030C0F012161306E407F50798F0621B730BD1
S1139040840B950B39F40A2661F0232B242B252B52
S113905021F408950A2609F4A140A6958FEF811DF5
S1139060811D089597F99F6780E870E060E0089596
S11390709FEF80EC0895DF93CF931F930F93FF929C
S1139080EF92DF927B018C01689405C0DA2EEF0128
S113909024D1FE01E894A5912591359145915591EE
S11390A0AEF3EF015DDEFE019701A801DA9479F7D2
S11390B0DF90EF90FF900F911F91CF91DF91089572
S11390C000240A94161617061806090608950024A3
S11390D00A9412161306140605060895092E03941D
S11390E0000C11F4882352F0BB0F40F4BF2B11F491
S11390F060FF04C06F5F7F4F8F4F9F4F089557FDF0
S11391009058440F551F59F05F3F71F04795880FF1
S113911097FB991F61F09F3F79F087950895121688
S113912013061406551FF2CF4695F1DF08C0161634
S113913017061806991FF1CF8695710561050894E5
S11391400895E894BB2766277727CB0197F90895FC
S113915065DF08F48FEF08959B01AC0160E070E0D7
S113916080E89FE354CE7ECF50C1D1DFE8F399234A
S1139170D9F3940F511DBBF39150504094F059F022
S1139180882332F0660F771F881F91505040C1F733
S11391909E3F510544F7880F911D9695879597F941
S11391A008955F3FACF0983E9CF0BB278695779579
S11391B06795B79508F4B1609395C1F7BB0F58F75D
S11391C011F460FFE8CF6F5F7F4F8F4F9F4FE3CF66
S11391D0B9CF0EF01AC14CCF689444CF98DFC8F3CE
S11391E09923D1F3C6F3DF93CF931F930F93FF9289
S11391F0C92FDD2788232AF02197660F771F881F40
S1139200DAF720E030E040E85FEB9FE3883920F0B4
S1139210803E30F021968F7792DDE4EBF0E003C0DE
S11392208EDDE1EEF0E027DF8B01BE01EC01FB2EC9
S11392306F5771097595771F880B990BB4DE28E178
S113924032E741E35FE349D0AF2D9801AE01FF90CF
S11392500F911F91CF91DF9183DD40CFFA01DC01A3
S1139260AA0FBB1F9B01AC01BF5728F42227332749
S1139270442750781FC0B75188F4AB2F002446957B
S113928037952795011CA395D2F3002069F0220F8E
S1139290331F441FB395DAF30DD050CD61307105FF
S11392A0A0E88A07B94630F49B01AC01662777270A
S11392B088279078309621F020833183428353832A
S11392C008950BD00BCFFCDE28F001DF18F09523B6
S11392D009F0C8CECDCE112435CF11DFA0F3959F70
S11392E0D1F3950F50E0551F629FF001729FBB2789
S11392F0F00DB11D639FAA27F00DB11DAA1F649F35
S11393006627B00DA11D661F829F2227B00DA11DE7
S1139310621F739FB00DA11D621F839FA00D611D6D
S1139320221F749F3327A00D611D231F849F600D8E
S1139330211D822F762F6A2F11249F5750408AF0C7
S1139340E1F088234AF0EE0FFF1FBB1F661F771F53
S1139350881F91505040A9F79E3F510570F082CE6E
S1139360F1CE5F3FECF3983EDCF3869577956795F5
S1139370B795F795E7959F5FC1F7FE2B880F911D71
S11393809695879597F90895C2DEE0F09E37D8F058
S11393909639B8F49E3848F4672F782F8827985F59
S11393A0F9CF86957795679593959539D0F3B62F30
S11393B0B1706B0F711D811D20F4879577956795AA
S11393C0939508C022C0BECE9F932ED00F9007FC69
S11393D0EE5F51C0882371F4772321F09850872BD6
S11393E0762F07C0662311F499270DC09051862B60
S11393F070E060E02AF09A95660F771F881FDAF70D
S1139400880F9695879597F908959F3F31F091506D
S113941020F4879577956795B795880F911D969554
S1139420879597F9089524CE72DEE8F3E894E0E096
S1139430BB279F57F0F02AED3FE049EC06C0EE0F42
S1139440BB0F661F771F881F28F0B23A62077307A5
S1139450840728F0B25A620B730B840BE3959A9538
S113946072F7803830F49A95BB0F661F771F881FF8
S1139470D2F79048CCCFEF93E0FF06C0A2EA2AEDE2
S11394803FE049EC5FEB6CDC29DE0F90039401FCB8
S11394909058EEE0F1E000C09F938F937F936F9319
S11394A0FF93EF939B01AC010CDFEF91FF91E3DDA0
S11394B02F913F914F915F9104CFCF92DF92FF9212
S11394C00F931F93CF93DF93EA01F02E122F2830CE
S11394D008F017E000E0212FAE01BAD09881292FBF
S11394E02870DE0190FF06C0211104C011962DE200
S11394F028830CC0F1FE03C011963BE204C0F0FEC9
S113950003C0119630E23883211105C092FF0CC0CC
S11395106CE271E002C064E371E0F2FE02C06C5FD1
S11395207F4FCD016DD145C0FD01319629812C932A
S1139530213309F09F7E1123B9F0AE014E5F5F4FD6
S11395406F01312F2EE2DA016D91AD01D6012D9319
S11395506D013150262FB9F71150DF01A10FB11D54
S1139560FD01329611966C93F2FC02C025E601C00F
S113957025E42083DF01129687FF04C09DE29183D6
S113958081950AC0811106C094FF04C09DE29183B5
S113959090E308C09BE2918390E38A301CF09F5FC4
S11395A08A50FBCF9C93805D11968C9311971296F1
S11395B01C92CE01DF91CF911F910F91FF90DF900C
S11395C0CF9008956627772791C1FC0188279927B2
S11395D0E89421912032E9F3293010F02E30C8F3B9
S11395E02B3239F02D3231F4689403C03DD1820F0F
S11395F0911D219120532A30C8F31EF49095819532
S11396009F4F08951F93FC0199278827BC01E89474
S113961011911032E9F3193010F01E30C8F31B32E7
S113962049F01D3241F4689405C009D1610F711DE0
S1139630811D911D119110531A30B8F33EF4909589
S11396408095709561957F4F8F4F9F4F1F9108951F
S1139650283008F027E03327DA01990F311D87FD00
S1139660916000966105710539F432602E5F3D9377
S113967030E32A95E1F708959F3F30F08038710573
S1139680610509F03C5F3C5F3D93913008F08068D0
S1139690911DDF93CF931F930F93FF92EF92192F96
S11396A0987F9695E92F96959695E90FFF27EA56A8
S11396B0FE4F99273327EE24FF24A701E7010590E5
S11396C00894079428F4360FE71EF81E491F511D0D
S11396D0660F771F881F991F0694A1F705900794BA
S11396E028F4E70EF81E491F561FC11D770F881F67
S11396F0991F661F0694A1F70590079428F4F80EA5
S1139700491F561FC71FD11D880F991F661F771F3A
S11397100694A1F70590079420F4490F561FC71F1C
S1139720D81F990F661F771F881F0694A9F7849185
S11397301095177041F0D695C79557954795F794AE
S1139740E7941A95C1F7ECE3F1E06894159015914C
S113975035916591959105907FE27395E118F10A31
S1139760430B560BC90BD009C0F7E10CF11E431F84
S1139770561FC91FD01D7EF4703311F48A95E6CFAD
S1139780E894015030F0080F0AF40027021708F497
S1139790202F2395022F7A3328F079E37D932A959D
S11397A0E9F710C07D932A9589F6069497956795F5
S11397B0379517951794E118F10A430B560BC90B0B
S11397C0D00998F023957E9173957A3308F070E36D
S11397D07C932013B8F77E9170617D9330F083956C
S11397E071E37D9370E32A95E1F71124EF90FF90E4
S11397F00F911F91CF91DF91992787FD909508953F
S1139800FB01DC0105900D920020E1F70895BB27D0
S11398104A3031F4992322F4BDE2909581959F4F0B
S11398204DC0BB272A3051F4992342F4BDE29095F0
S11398308095709561957F4F8F4F9F4F1EC0592F14
S1139840482F372F262F660F771F881F991F660F03
S1139850771F881F991F620F731F841F951F660F40
S1139860771F881F991F08957AE0979F902D879FEF
S1139870802D910D11240895BB27FA01A62F62179C
S1139880710581059105330B30FB66F0AA27660F3D
S1139890771F881F991FAA1FA21710F0A21B639598
S11398A03850A9F7A05DAA3308F0A95DA19336F753
S11398B0B111B1931082CA018CC1BB27FB0155279A
S11398C0AA27880F991FAA1FA41710F0A41B839519
S11398D05051B9F7A05DAA3308F0A95DA193009790
S11398E079F7B111B1931192CB0173C18F929F9209
S11398F0AF92BF92CF92DF92EF92FF920F931F939A
S1139900CF93DF93EC016B016115710519F0FB0135
S1139910918380837E01FFEFEF1AFF0A0881802F75
S113992090E037D1892B11F0E701F4CF0D3239F4EF
S11399307E0182E0E80EF11C098111E008C00B32BF
S113994029F47E0192E0E90EF11C098110E0E7019F
S1139950219743E050E06EE372E0CE0122D1892BDF
S1139960B9F4239645E050E069E372E0CE0119D1E1
S1139970892B09F42596C114D10419F0F601D18379
S1139980C0831111F0C060E070E080E89FE7F4C08C
S113999043E050E066E372E0CE0103D1892B59F431
S11399A0C114D10409F4E4C0F2E0EF0EF11CF60195
S11399B0F182E082DDC020E030E0A901C0E0D0E027
S11399C0F70160EDA62EA00E89E08A1528F1912FEB
S11399D09260B92E812F887012FF04C0811123C0B8
S11399E0219621C081112197A5E0B0E034D1DC019A
S11399F0CB01880F991FAA1FBB1F9C01AD012A0D23
S1139A00311D411D511D283989E93807480789E16D
S1139A10580748F0166006C09EEFA9120AC013FD4D
S1139A2040C01860B12E8FEFE81AF80A00811B2D90
S1139A30C7CF802F8F7D8534A1F580818D3211F4BD
S1139A40106106C08B3221F0319661E070E004C0F1
S1139A508181329662E070E080538A3018F0E61B10
S1139A60F70B1FC060E070E060389CE079075CF49D
S1139A70DB01AA0FBB1FAA0FBB1F6A0F7B1F660F58
S1139A80771F680F711D3196DF0111978C918053F8
S1139A908A3050F314FF03C0719561957109C60FA4
S1139AA0D71F11FF08C0C114D10429F0CF010197B9
S1139AB0F60191838083CA01B90173DA212F2370DF
S1139AC0233019F04B015C0106C04B015C01B7FA6D
S1139AD0B094B7F8B09420E030E0A901C501B40116
S1139AE092D9882309F43CC0D7FF06C0D195C1950B
S1139AF0D10905E512E002C00DE612E06801F8E1C3
S1139B00CF1AD10890E2E92EF12CCE15DF056CF0C6
S1139B10F8012591359145915491C501B401D1DBEA
S1139B204B015C01CE19DF09F0CF04501109F59403
S1139B30E7940C151D0549F78A2D880F8B2D881F76
S1139B408F3F41F020E030E0A901C501B4015BD9A9
S1139B50811106C082E290E090938B1580938A1560
S1139B60C501B40109C060E070E080E89FEF04C063
S1139B7060E070E080EC9FE7DF91CF911F910F913F
S1139B80FF90EF90DF90CF90BF90AF909F908F9019
S1139B90089591112EC0803219F089508550D0F764
S1139BA00895FB01DC014150504088F08D918134CF
S1139BB01CF08B350CF4805E659161341CF06B35C0
S1139BC00CF4605E861B611171F3990B0895881B78
S1139BD0FCCFDC01FC01672F71917723E1F7329709
S1139BE004C07C916D9370836291AE17BF07C8F374
S1139BF00895992788270895DC01CB01FC01F99980
S1139C00FECF06C0F2BDE1BDF89A319600B40D92C4
S1139C1041505040B8F70895F999FECF92BD81BDE7
S1139C20F89A992780B50895DC01CB0102C02D91E3
S1139C3005D041505040D8F70895262FF999FECF0A
S1139C401FBA92BD81BD20BD0FB6F894FA9AF99A55
S1139C500FBE0196089509D0A59F900DB49F900D55
S1139C60A49F800D911D11240895A29FB001B39F5C
S1139C70C001A39F700D811D1124911DB29F700D11
S10F9C80811D1124911D0895F894FFCF5C
S1139C8C524541443F004F55545000310030002A96
S1139C9C005342523F004F50433F0049444E3F0053
S1139CAC4F5045545F52312E34430056312E3136C9
S1139CBC412D4430384D3033593735004C4F4144E5
S1139CCC3A004D4F444500534554564F4C540053A1
S1139CDC455443555252004D5050543A44454C410E
S1139CEC59004D454153004441544100504F494E95
S1139CFC5453004156523A5643004156523A534536
S1139D0C545300434F533A504841534500564F4324
S1139D1C3A4D554C54005452414E533A00454E441E
S1139D2C564F4C540052414E47453A004143545609
S1139D3C414C004944564F4C54006175746F0049B2
S1139D4C4443555252004F43525354004F4E564FB6
S1139D5C4C54004F4E435552520043414C3A00452B
S1139D6C3F005343414C45004E6F2043616C21002E
S1139D7C4F46465345540046414E3A004D414E2001
S1139D8C4F4646004D414E204F4E004155544F0016
S1139D9C4155544F204F4E004155544F204F464689
S1139DAC00445249563A00565345543F00494447DF
S1139DBC41494E004944494E54004144433A004100
S1139DCC56523A4F54484552004359434C45533A22
S1139DDC5643004545524F4D3A005752495445009D
S1139DEC54454D503F004552525F41445221004569
S1139DFC52525F56414C21004E6F45726F6D2100DB
S1139E0C4552525F454550524F4D5F4144522100DB
S1139E1C4552525F454550524F4D5F56414C2100BF
S10D9E2C090050515254555658597C
S9030000FC
