
MPPT_PCB_MCU.elf:     file format elf32-avr

Sections:
Idx Name          Size      VMA       LMA       File off  Algn
  0 .data         000001aa  00800100  00009c8c  00009d40  2**0
                  CONTENTS, ALLOC, LOAD, DATA
  1 .text         00009c8c  00000000  00000000  000000b4  2**1
                  CONTENTS, ALLOC, LOAD, READONLY, CODE
  2 .bss          000012e2  008002aa  008002aa  00009eea  2**0
                  ALLOC
  3 .eeprom       0000018f  00810000  00810000  00009eea  2**0
                  CONTENTS, ALLOC, LOAD, DATA
  4 .comment      0000005c  00000000  00000000  0000a079  2**0
                  CONTENTS, READONLY
  5 .note.gnu.avr.deviceinfo 00000040  00000000  00000000  0000a0d8  2**2
                  CONTENTS, READONLY
  6 .debug_aranges 00000080  00000000  00000000  0000a118  2**3
                  CONTENTS, READONLY, DEBUGGING
  7 .debug_info   00000a00  00000000  00000000  0000a198  2**0
                  CONTENTS, READONLY, DEBUGGING
  8 .debug_abbrev 00000779  00000000  00000000  0000ab98  2**0
                  CONTENTS, READONLY, DEBUGGING
  9 .debug_line   000003ad  00000000  00000000  0000b311  2**0
                  CONTENTS, READONLY, DEBUGGING
 10 .debug_str    00000296  00000000  00000000  0000b6be  2**0
                  CONTENTS, READONLY, DEBUGGING

Disassembly of section .text:

00000000 <__vectors>:
       0:	38 c1       	rjmp	.+624    	; 0x272 <__ctors_end>
       2:	00 00       	nop
       4:	55 c1       	rjmp	.+682    	; 0x2b0 <__bad_interrupt>
       6:	00 00       	nop
       8:	53 c1       	rjmp	.+678    	; 0x2b0 <__bad_interrupt>
       a:	00 00       	nop
       c:	51 c1       	rjmp	.+674    	; 0x2b0 <__bad_interrupt>
       e:	00 00       	nop
      10:	4f c1       	rjmp	.+670    	; 0x2b0 <__bad_interrupt>
      12:	00 00       	nop
      14:	4d c1       	rjmp	.+666    	; 0x2b0 <__bad_interrupt>
      16:	00 00       	nop
      18:	4b c1       	rjmp	.+662    	; 0x2b0 <__bad_interrupt>
      1a:	00 00       	nop
      1c:	49 c1       	rjmp	.+658    	; 0x2b0 <__bad_interrupt>
      1e:	00 00       	nop
      20:	47 c1       	rjmp	.+654    	; 0x2b0 <__bad_interrupt>
      22:	00 00       	nop
      24:	45 c1       	rjmp	.+650    	; 0x2b0 <__bad_interrupt>
      26:	00 00       	nop
      28:	43 c1       	rjmp	.+646    	; 0x2b0 <__bad_interrupt>
      2a:	00 00       	nop
      2c:	41 c1       	rjmp	.+642    	; 0x2b0 <__bad_interrupt>
      2e:	00 00       	nop
      30:	3f c1       	rjmp	.+638    	; 0x2b0 <__bad_interrupt>
      32:	00 00       	nop
      34:	0c 94 fc 33 	jmp	0x67f8	; 0x67f8 <__vector_13>
      38:	3b c1       	rjmp	.+630    	; 0x2b0 <__bad_interrupt>
      3a:	00 00       	nop
      3c:	39 c1       	rjmp	.+626    	; 0x2b0 <__bad_interrupt>
      3e:	00 00       	nop
      40:	37 c1       	rjmp	.+622    	; 0x2b0 <__bad_interrupt>
      42:	00 00       	nop
      44:	35 c1       	rjmp	.+618    	; 0x2b0 <__bad_interrupt>
      46:	00 00       	nop
      48:	33 c1       	rjmp	.+614    	; 0x2b0 <__bad_interrupt>
      4a:	00 00       	nop
      4c:	31 c1       	rjmp	.+610    	; 0x2b0 <__bad_interrupt>
      4e:	00 00       	nop
      50:	0c 94 60 33 	jmp	0x66c0	; 0x66c0 <__vector_20>
      54:	2d c1       	rjmp	.+602    	; 0x2b0 <__bad_interrupt>
      56:	00 00       	nop
      58:	0c 94 c4 33 	jmp	0x6788	; 0x6788 <__vector_22>
      5c:	29 c1       	rjmp	.+594    	; 0x2b0 <__bad_interrupt>
      5e:	00 00       	nop
      60:	27 c1       	rjmp	.+590    	; 0x2b0 <__bad_interrupt>
      62:	00 00       	nop
      64:	25 c1       	rjmp	.+586    	; 0x2b0 <__bad_interrupt>
      66:	00 00       	nop
      68:	23 c1       	rjmp	.+582    	; 0x2b0 <__bad_interrupt>
      6a:	00 00       	nop
      6c:	21 c1       	rjmp	.+578    	; 0x2b0 <__bad_interrupt>
      6e:	00 00       	nop
      70:	1f c1       	rjmp	.+574    	; 0x2b0 <__bad_interrupt>
      72:	00 00       	nop
      74:	1d c1       	rjmp	.+570    	; 0x2b0 <__bad_interrupt>
      76:	00 00       	nop
      78:	1b c1       	rjmp	.+566    	; 0x2b0 <__bad_interrupt>
      7a:	00 00       	nop
      7c:	19 c1       	rjmp	.+562    	; 0x2b0 <__bad_interrupt>
      7e:	00 00       	nop
      80:	17 c1       	rjmp	.+558    	; 0x2b0 <__bad_interrupt>
      82:	00 00       	nop
      84:	15 c1       	rjmp	.+554    	; 0x2b0 <__bad_interrupt>
      86:	00 00       	nop
      88:	13 c1       	rjmp	.+550    	; 0x2b0 <__bad_interrupt>
      8a:	00 00       	nop
      8c:	07 63       	ori	r16, 0x37	; 55
      8e:	42 36       	cpi	r20, 0x62	; 98
      90:	b7 9b       	sbis	0x16, 7	; 22
      92:	d8 a7       	std	Y+40, r29	; 0x28
      94:	1a 39       	cpi	r17, 0x9A	; 154
      96:	68 56       	subi	r22, 0x68	; 104
      98:	18 ae       	std	Y+56, r1	; 0x38
      9a:	ba ab       	std	Y+50, r27	; 0x32
      9c:	55 8c       	ldd	r5, Z+29	; 0x1d
      9e:	1d 3c       	cpi	r17, 0xCD	; 205
      a0:	b7 cc       	rjmp	.-1682   	; 0xfffffa10 <__eeprom_end+0xff7ef881>
      a2:	57 63       	ori	r21, 0x37	; 55
      a4:	bd 6d       	ori	r27, 0xDD	; 221
      a6:	ed fd       	.word	0xfded	; ????
      a8:	75 3e       	cpi	r23, 0xE5	; 229
      aa:	f6 17       	cp	r31, r22
      ac:	72 31       	cpi	r23, 0x12	; 18
      ae:	bf 00       	.word	0x00bf	; ????
      b0:	00 00       	nop
      b2:	80 3f       	cpi	r24, 0xF0	; 240
      b4:	08 00       	.word	0x0008	; ????
      b6:	00 00       	nop
      b8:	be 92       	st	-X, r11
      ba:	24 49       	sbci	r18, 0x94	; 148
      bc:	12 3e       	cpi	r17, 0xE2	; 226
      be:	ab aa       	std	Y+51, r10	; 0x33
      c0:	aa 2a       	or	r10, r26
      c2:	be cd       	rjmp	.-1156   	; 0xfffffc40 <__eeprom_end+0xff7efab1>
      c4:	cc cc       	rjmp	.-1640   	; 0xfffffa5e <__eeprom_end+0xff7ef8cf>
      c6:	4c 3e       	cpi	r20, 0xEC	; 236
      c8:	00 00       	nop
      ca:	00 80       	ld	r0, Z
      cc:	be ab       	std	Y+54, r27	; 0x36
      ce:	aa aa       	std	Y+50, r10	; 0x32
      d0:	aa 3e       	cpi	r26, 0xEA	; 234
      d2:	00 00       	nop
      d4:	00 00       	nop
      d6:	bf 00       	.word	0x00bf	; ????
      d8:	00 00       	nop
      da:	80 3f       	cpi	r24, 0xF0	; 240
      dc:	00 00       	nop
      de:	00 00       	nop
      e0:	00 08       	sbc	r0, r0
      e2:	41 78       	andi	r20, 0x81	; 129
      e4:	d3 bb       	out	0x13, r29	; 19
      e6:	43 87       	std	Z+11, r20	; 0x0b
      e8:	d1 13       	cpse	r29, r17
      ea:	3d 19       	sub	r19, r13
      ec:	0e 3c       	cpi	r16, 0xCE	; 206
      ee:	c3 bd       	out	0x23, r28	; 35
      f0:	42 82       	std	Z+2, r4	; 0x02
      f2:	ad 2b       	or	r26, r29
      f4:	3e 68       	ori	r19, 0x8E	; 142
      f6:	ec 82       	std	Y+4, r14	; 0x04
      f8:	76 be       	out	0x36, r7	; 54
      fa:	d9 8f       	std	Y+25, r29	; 0x19
      fc:	e1 a9       	ldd	r30, Z+49	; 0x31
      fe:	3e 4c       	sbci	r19, 0xCE	; 206
     100:	80 ef       	ldi	r24, 0xF0	; 240
     102:	ff be       	out	0x3f, r15	; 63
     104:	01 c4       	rjmp	.+2050   	; 0x908 <IV_MEAS__Meas_Curr_Volt_Point+0xe6>
     106:	ff 7f       	andi	r31, 0xFF	; 255
     108:	3f 00       	.word	0x003f	; ????
     10a:	00 00       	nop
     10c:	00 00       	nop
     10e:	05 a8       	ldd	r0, Z+53	; 0x35
     110:	4c cd       	rjmp	.-1384   	; 0xfffffbaa <__eeprom_end+0xff7efa1b>
     112:	b2 d4       	rcall	.+2404   	; 0xa78 <IV_MEAS__Meas_Curr_Volt_Point+0x256>
     114:	4e b9       	out	0x0e, r20	; 14
     116:	38 36       	cpi	r19, 0x68	; 104
     118:	a9 02       	muls	r26, r25
     11a:	0c 50       	subi	r16, 0x0C	; 12
     11c:	b9 91       	ld	r27, Y+
     11e:	86 88       	ldd	r8, Z+22	; 0x16
     120:	08 3c       	cpi	r16, 0xC8	; 200
     122:	a6 aa       	std	Z+54, r10	; 0x36
     124:	aa 2a       	or	r10, r26
     126:	be 00       	.word	0x00be	; ????
     128:	00 00       	nop
     12a:	80 3f       	cpi	r24, 0xF0	; 240

0000012c <__trampolines_end>:
     12c:	69 6e       	ori	r22, 0xE9	; 233
     12e:	66 00       	.word	0x0066	; ????
     130:	49 4e       	sbci	r20, 0xE9	; 233
     132:	46 00       	.word	0x0046	; ????

00000134 <str_nan.1924>:
     134:	6e 61 6e 00 4e 41 4e 00 00 40 7a 10 f3 5a 00 a0     nan.NAN..@z..Z..
     144:	72 4e 18 09 00 10 a5 d4 e8 00 00 e8 76 48 17 00     rN..........vH..
     154:	00 e4 0b 54 02 00 00 ca 9a 3b 00 00 00 e1 f5 05     ...T.....;......
     164:	00 00 80 96 98 00 00 00 40 42 0f 00 00 00 a0 86     ........@B......
     174:	01 00 00 00 10 27 00 00 00 00 e8 03 00 00 00 00     .....'..........
     184:	64 00 00 00 00 00 0a 00 00 00 00 00 01 00 00 00     d...............
     194:	00 00 2c 76 d8 88 dc 67 4f 08 23 df c1 df ae 59     ..,v...gO.#....Y
     1a4:	e1 b1 b7 96 e5 e3 e4 53 c6 3a e6 51 99 76 96 e8     .......S.:.Q.v..
     1b4:	e6 c2 84 26 eb 89 8c 9b 62 ed 40 7c 6f fc ef bc     ...&....b.@|o...
     1c4:	9c 9f 40 f2 ba a5 6f a5 f4 90 05 5a 2a f7 5c 93     ..@...o....Z*.\.
     1d4:	6b 6c f9 67 6d c1 1b fc e0 e4 0d 47 fe f5 20 e6     kl.gm......G.. .
     1e4:	b5 00 d0 ed 90 2e 03 00 94 35 77 05 00 80 84 1e     .........5w.....
     1f4:	08 00 00 20 4e 0a 00 00 00 c8 0c 33 33 33 33 0f     ... N......3333.
     204:	98 6e 12 83 11 41 ef 8d 21 14 89 3b e6 55 16 cf     .n...A..!..;.U..
     214:	fe e6 db 18 d1 84 4b 38 1b f7 7c 1d 90 1d a4 bb     ......K8..|.....
     224:	e4 24 20 32 84 72 5e 22 81 00 c9 f1 24 ec a1 e5     .$ 2.r^"....$...
     234:	3d 27                                               ='

00000236 <pstr_nan>:
     236:	4e 41 4e                                            NAN

00000239 <pstr_inity>:
     239:	49 4e 49 54 59                                      INITY

0000023e <pstr_inf>:
     23e:	49 4e 46                                            INF

00000241 <pwr_m10>:
     241:	cd cc cc 3d 0a d7 23 3c 17 b7 d1 38 77 cc 2b 32     ...=..#<...8w.+2
     251:	95 95 e6 24 1f b1 4f 0a                             ...$..O.

00000259 <pwr_p10>:
     259:	00 00 20 41 00 00 c8 42 00 40 1c 46 20 bc be 4c     .. A...B.@.F ..L
     269:	ca 1b 0e 5a ae c5 9d 74 00                          ...Z...t.

00000272 <__ctors_end>:
     272:	11 24       	eor	r1, r1
     274:	1f be       	out	0x3f, r1	; 63
     276:	cf ef       	ldi	r28, 0xFF	; 255
     278:	d0 e4       	ldi	r29, 0x40	; 64
     27a:	de bf       	out	0x3e, r29	; 62
     27c:	cd bf       	out	0x3d, r28	; 61

0000027e <__do_copy_data>:
     27e:	12 e0       	ldi	r17, 0x02	; 2
     280:	a0 e0       	ldi	r26, 0x00	; 0
     282:	b1 e0       	ldi	r27, 0x01	; 1
     284:	ec e8       	ldi	r30, 0x8C	; 140
     286:	fc e9       	ldi	r31, 0x9C	; 156
     288:	00 e0       	ldi	r16, 0x00	; 0
     28a:	0b bf       	out	0x3b, r16	; 59
     28c:	02 c0       	rjmp	.+4      	; 0x292 <__do_copy_data+0x14>
     28e:	07 90       	elpm	r0, Z+
     290:	0d 92       	st	X+, r0
     292:	aa 3a       	cpi	r26, 0xAA	; 170
     294:	b1 07       	cpc	r27, r17
     296:	d9 f7       	brne	.-10     	; 0x28e <__do_copy_data+0x10>

00000298 <__do_clear_bss>:
     298:	25 e1       	ldi	r18, 0x15	; 21
     29a:	aa ea       	ldi	r26, 0xAA	; 170
     29c:	b2 e0       	ldi	r27, 0x02	; 2
     29e:	01 c0       	rjmp	.+2      	; 0x2a2 <.do_clear_bss_start>

000002a0 <.do_clear_bss_loop>:
     2a0:	1d 92       	st	X+, r1

000002a2 <.do_clear_bss_start>:
     2a2:	ac 38       	cpi	r26, 0x8C	; 140
     2a4:	b2 07       	cpc	r27, r18
     2a6:	e1 f7       	brne	.-8      	; 0x2a0 <.do_clear_bss_loop>
     2a8:	0e 94 06 31 	call	0x620c	; 0x620c <main>
     2ac:	0c 94 44 4e 	jmp	0x9c88	; 0x9c88 <_exit>

000002b0 <__bad_interrupt>:
     2b0:	a7 ce       	rjmp	.-690    	; 0x0 <__vectors>

000002b2 <IV_MEAS__Get_Voc_Set_Optimum_Range>:
     2b2:	cf 93       	push	r28
     2b4:	df 93       	push	r29
     2b6:	80 91 ec 14 	lds	r24, 0x14EC	; 0x8014ec <Range_Status_A>
     2ba:	80 fd       	sbrc	r24, 0
     2bc:	0a c0       	rjmp	.+20     	; 0x2d2 <IV_MEAS__Get_Voc_Set_Optimum_Range+0x20>
     2be:	90 91 be 02 	lds	r25, 0x02BE	; 0x8002be <IV_Range_Volt_Last>
     2c2:	80 91 e5 14 	lds	r24, 0x14E5	; 0x8014e5 <Range_Volt_ID_Act>
     2c6:	89 17       	cp	r24, r25
     2c8:	20 f4       	brcc	.+8      	; 0x2d2 <IV_MEAS__Get_Voc_Set_Optimum_Range+0x20>
     2ca:	80 91 be 02 	lds	r24, 0x02BE	; 0x8002be <IV_Range_Volt_Last>
     2ce:	0e 94 fb 3f 	call	0x7ff6	; 0x7ff6 <SET_VOLTAGE_RANGE>
     2d2:	80 91 42 15 	lds	r24, 0x1542	; 0x801542 <Threshold_Volt_Over_Range+0x10>
     2d6:	90 91 43 15 	lds	r25, 0x1543	; 0x801543 <Threshold_Volt_Over_Range+0x11>
     2da:	a0 91 44 15 	lds	r26, 0x1544	; 0x801544 <Threshold_Volt_Over_Range+0x12>
     2de:	b0 91 45 15 	lds	r27, 0x1545	; 0x801545 <Threshold_Volt_Over_Range+0x13>
     2e2:	80 93 bd 14 	sts	0x14BD, r24	; 0x8014bd <PV_Volt_DAQ_New>
     2e6:	90 93 be 14 	sts	0x14BE, r25	; 0x8014be <PV_Volt_DAQ_New+0x1>
     2ea:	a0 93 bf 14 	sts	0x14BF, r26	; 0x8014bf <PV_Volt_DAQ_New+0x2>
     2ee:	b0 93 c0 14 	sts	0x14C0, r27	; 0x8014c0 <PV_Volt_DAQ_New+0x3>
     2f2:	60 91 bd 14 	lds	r22, 0x14BD	; 0x8014bd <PV_Volt_DAQ_New>
     2f6:	70 91 be 14 	lds	r23, 0x14BE	; 0x8014be <PV_Volt_DAQ_New+0x1>
     2fa:	80 91 bf 14 	lds	r24, 0x14BF	; 0x8014bf <PV_Volt_DAQ_New+0x2>
     2fe:	90 91 c0 14 	lds	r25, 0x14C0	; 0x8014c0 <PV_Volt_DAQ_New+0x3>
     302:	0e 94 cf 2d 	call	0x5b9e	; 0x5b9e <Set_DAC_Output_Volts>
     306:	80 91 bf 02 	lds	r24, 0x02BF	; 0x8002bf <IV_Setup_Signal_Set_Time>
     30a:	90 91 c0 02 	lds	r25, 0x02C0	; 0x8002c0 <IV_Setup_Signal_Set_Time+0x1>
     30e:	a8 95       	wdr
     310:	00 97       	sbiw	r24, 0x00	; 0
     312:	49 f0       	breq	.+18     	; 0x326 <IV_MEAS__Get_Voc_Set_Optimum_Range+0x74>
     314:	ef e9       	ldi	r30, 0x9F	; 159
     316:	ff e0       	ldi	r31, 0x0F	; 15
     318:	31 97       	sbiw	r30, 0x01	; 1
     31a:	f1 f7       	brne	.-4      	; 0x318 <IV_MEAS__Get_Voc_Set_Optimum_Range+0x66>
     31c:	00 c0       	rjmp	.+0      	; 0x31e <IV_MEAS__Get_Voc_Set_Optimum_Range+0x6c>
     31e:	00 00       	nop
     320:	a8 95       	wdr
     322:	01 97       	sbiw	r24, 0x01	; 1
     324:	f5 cf       	rjmp	.-22     	; 0x310 <IV_MEAS__Get_Voc_Set_Optimum_Range+0x5e>
     326:	c6 e0       	ldi	r28, 0x06	; 6
     328:	c1 50       	subi	r28, 0x01	; 1
     32a:	19 f1       	breq	.+70     	; 0x372 <IV_MEAS__Get_Voc_Set_Optimum_Range+0xc0>
     32c:	0e 94 ba 2c 	call	0x5974	; 0x5974 <Meas_AI_Volt_Only>
     330:	80 91 ec 14 	lds	r24, 0x14EC	; 0x8014ec <Range_Status_A>
     334:	80 fd       	sbrc	r24, 0
     336:	1d c0       	rjmp	.+58     	; 0x372 <IV_MEAS__Get_Voc_Set_Optimum_Range+0xc0>
     338:	d0 91 e5 14 	lds	r29, 0x14E5	; 0x8014e5 <Range_Volt_ID_Act>
     33c:	10 92 30 15 	sts	0x1530, r1	; 0x801530 <Range_Volt_Switch_Freq_Counter+0x1>
     340:	10 92 2f 15 	sts	0x152F, r1	; 0x80152f <Range_Volt_Switch_Freq_Counter>
     344:	10 92 5b 15 	sts	0x155B, r1	; 0x80155b <Range_Volt_Switch_Delay_Counter>
     348:	0e 94 06 42 	call	0x840c	; 0x840c <Process_Voltage_Auto_Range>
     34c:	80 91 e5 14 	lds	r24, 0x14E5	; 0x8014e5 <Range_Volt_ID_Act>
     350:	d8 13       	cpse	r29, r24
     352:	05 c0       	rjmp	.+10     	; 0x35e <IV_MEAS__Get_Voc_Set_Optimum_Range+0xac>
     354:	80 91 e5 14 	lds	r24, 0x14E5	; 0x8014e5 <Range_Volt_ID_Act>
     358:	80 93 be 02 	sts	0x02BE, r24	; 0x8002be <IV_Range_Volt_Last>
     35c:	0a c0       	rjmp	.+20     	; 0x372 <IV_MEAS__Get_Voc_Set_Optimum_Range+0xc0>
     35e:	ff ef       	ldi	r31, 0xFF	; 255
     360:	20 e7       	ldi	r18, 0x70	; 112
     362:	82 e0       	ldi	r24, 0x02	; 2
     364:	f1 50       	subi	r31, 0x01	; 1
     366:	20 40       	sbci	r18, 0x00	; 0
     368:	80 40       	sbci	r24, 0x00	; 0
     36a:	e1 f7       	brne	.-8      	; 0x364 <IV_MEAS__Get_Voc_Set_Optimum_Range+0xb2>
     36c:	00 c0       	rjmp	.+0      	; 0x36e <IV_MEAS__Get_Voc_Set_Optimum_Range+0xbc>
     36e:	00 00       	nop
     370:	db cf       	rjmp	.-74     	; 0x328 <IV_MEAS__Get_Voc_Set_Optimum_Range+0x76>
     372:	60 91 97 10 	lds	r22, 0x1097	; 0x801097 <AI_Volt>
     376:	70 91 98 10 	lds	r23, 0x1098	; 0x801098 <AI_Volt+0x1>
     37a:	80 91 99 10 	lds	r24, 0x1099	; 0x801099 <AI_Volt+0x2>
     37e:	90 91 9a 10 	lds	r25, 0x109A	; 0x80109a <AI_Volt+0x3>
     382:	df 91       	pop	r29
     384:	cf 91       	pop	r28
     386:	08 95       	ret

00000388 <IV_MEAS__Get_Curr_Optimum_Range>:
     388:	cf 93       	push	r28
     38a:	df 93       	push	r29
     38c:	80 91 ec 14 	lds	r24, 0x14EC	; 0x8014ec <Range_Status_A>
     390:	81 fd       	sbrc	r24, 1
     392:	0a c0       	rjmp	.+20     	; 0x3a8 <IV_MEAS__Get_Curr_Optimum_Range+0x20>
     394:	90 91 a8 0a 	lds	r25, 0x0AA8	; 0x800aa8 <IV_Range_Curr_Last>
     398:	80 91 5c 15 	lds	r24, 0x155C	; 0x80155c <Range_Curr_ID_Act>
     39c:	89 17       	cp	r24, r25
     39e:	20 f4       	brcc	.+8      	; 0x3a8 <IV_MEAS__Get_Curr_Optimum_Range+0x20>
     3a0:	80 91 a8 0a 	lds	r24, 0x0AA8	; 0x800aa8 <IV_Range_Curr_Last>
     3a4:	0e 94 f9 40 	call	0x81f2	; 0x81f2 <SET_CURRENT_RANGE>
     3a8:	10 92 bd 14 	sts	0x14BD, r1	; 0x8014bd <PV_Volt_DAQ_New>
     3ac:	10 92 be 14 	sts	0x14BE, r1	; 0x8014be <PV_Volt_DAQ_New+0x1>
     3b0:	10 92 bf 14 	sts	0x14BF, r1	; 0x8014bf <PV_Volt_DAQ_New+0x2>
     3b4:	10 92 c0 14 	sts	0x14C0, r1	; 0x8014c0 <PV_Volt_DAQ_New+0x3>
     3b8:	60 91 bd 14 	lds	r22, 0x14BD	; 0x8014bd <PV_Volt_DAQ_New>
     3bc:	70 91 be 14 	lds	r23, 0x14BE	; 0x8014be <PV_Volt_DAQ_New+0x1>
     3c0:	80 91 bf 14 	lds	r24, 0x14BF	; 0x8014bf <PV_Volt_DAQ_New+0x2>
     3c4:	90 91 c0 14 	lds	r25, 0x14C0	; 0x8014c0 <PV_Volt_DAQ_New+0x3>
     3c8:	0e 94 cf 2d 	call	0x5b9e	; 0x5b9e <Set_DAC_Output_Volts>
     3cc:	80 91 bf 02 	lds	r24, 0x02BF	; 0x8002bf <IV_Setup_Signal_Set_Time>
     3d0:	90 91 c0 02 	lds	r25, 0x02C0	; 0x8002c0 <IV_Setup_Signal_Set_Time+0x1>
     3d4:	a8 95       	wdr
     3d6:	00 97       	sbiw	r24, 0x00	; 0
     3d8:	49 f0       	breq	.+18     	; 0x3ec <IV_MEAS__Get_Curr_Optimum_Range+0x64>
     3da:	ef e9       	ldi	r30, 0x9F	; 159
     3dc:	ff e0       	ldi	r31, 0x0F	; 15
     3de:	31 97       	sbiw	r30, 0x01	; 1
     3e0:	f1 f7       	brne	.-4      	; 0x3de <IV_MEAS__Get_Curr_Optimum_Range+0x56>
     3e2:	00 c0       	rjmp	.+0      	; 0x3e4 <IV_MEAS__Get_Curr_Optimum_Range+0x5c>
     3e4:	00 00       	nop
     3e6:	a8 95       	wdr
     3e8:	01 97       	sbiw	r24, 0x01	; 1
     3ea:	f5 cf       	rjmp	.-22     	; 0x3d6 <IV_MEAS__Get_Curr_Optimum_Range+0x4e>
     3ec:	00 99       	sbic	0x00, 0	; 0
     3ee:	0b c0       	rjmp	.+22     	; 0x406 <__LOCK_REGION_LENGTH__+0x6>
     3f0:	0e 94 a5 3d 	call	0x7b4a	; 0x7b4a <Reset_Over_Current_Clamp>
     3f4:	ff ef       	ldi	r31, 0xFF	; 255
     3f6:	20 e7       	ldi	r18, 0x70	; 112
     3f8:	82 e0       	ldi	r24, 0x02	; 2
     3fa:	f1 50       	subi	r31, 0x01	; 1
     3fc:	20 40       	sbci	r18, 0x00	; 0
     3fe:	80 40       	sbci	r24, 0x00	; 0
     400:	e1 f7       	brne	.-8      	; 0x3fa <IV_MEAS__Get_Curr_Optimum_Range+0x72>
     402:	00 c0       	rjmp	.+0      	; 0x404 <__LOCK_REGION_LENGTH__+0x4>
     404:	00 00       	nop
     406:	c7 e0       	ldi	r28, 0x07	; 7
     408:	c1 50       	subi	r28, 0x01	; 1
     40a:	19 f1       	breq	.+70     	; 0x452 <__LOCK_REGION_LENGTH__+0x52>
     40c:	0e 94 39 2d 	call	0x5a72	; 0x5a72 <Meas_AI_Curr_Only>
     410:	80 91 ec 14 	lds	r24, 0x14EC	; 0x8014ec <Range_Status_A>
     414:	81 fd       	sbrc	r24, 1
     416:	1d c0       	rjmp	.+58     	; 0x452 <__LOCK_REGION_LENGTH__+0x52>
     418:	d0 91 5c 15 	lds	r29, 0x155C	; 0x80155c <Range_Curr_ID_Act>
     41c:	10 92 eb 14 	sts	0x14EB, r1	; 0x8014eb <Range_Curr_Switch_Freq_Counter+0x1>
     420:	10 92 ea 14 	sts	0x14EA, r1	; 0x8014ea <Range_Curr_Switch_Freq_Counter>
     424:	10 92 5d 15 	sts	0x155D, r1	; 0x80155d <Range_Curr_Switch_Delay_Counter>
     428:	0e 94 4c 42 	call	0x8498	; 0x8498 <Process_Current_Auto_Range>
     42c:	80 91 5c 15 	lds	r24, 0x155C	; 0x80155c <Range_Curr_ID_Act>
     430:	d8 13       	cpse	r29, r24
     432:	05 c0       	rjmp	.+10     	; 0x43e <__LOCK_REGION_LENGTH__+0x3e>
     434:	80 91 5c 15 	lds	r24, 0x155C	; 0x80155c <Range_Curr_ID_Act>
     438:	80 93 a8 0a 	sts	0x0AA8, r24	; 0x800aa8 <IV_Range_Curr_Last>
     43c:	0a c0       	rjmp	.+20     	; 0x452 <__LOCK_REGION_LENGTH__+0x52>
     43e:	9f ef       	ldi	r25, 0xFF	; 255
     440:	e0 e7       	ldi	r30, 0x70	; 112
     442:	f2 e0       	ldi	r31, 0x02	; 2
     444:	91 50       	subi	r25, 0x01	; 1
     446:	e0 40       	sbci	r30, 0x00	; 0
     448:	f0 40       	sbci	r31, 0x00	; 0
     44a:	e1 f7       	brne	.-8      	; 0x444 <__LOCK_REGION_LENGTH__+0x44>
     44c:	00 c0       	rjmp	.+0      	; 0x44e <__LOCK_REGION_LENGTH__+0x4e>
     44e:	00 00       	nop
     450:	db cf       	rjmp	.-74     	; 0x408 <__LOCK_REGION_LENGTH__+0x8>
     452:	df 91       	pop	r29
     454:	cf 91       	pop	r28
     456:	08 95       	ret

00000458 <PV_TRANS_MEAS>:
     458:	2f 92       	push	r2
     45a:	3f 92       	push	r3
     45c:	4f 92       	push	r4
     45e:	5f 92       	push	r5
     460:	6f 92       	push	r6
     462:	7f 92       	push	r7
     464:	8f 92       	push	r8
     466:	9f 92       	push	r9
     468:	af 92       	push	r10
     46a:	bf 92       	push	r11
     46c:	cf 92       	push	r12
     46e:	df 92       	push	r13
     470:	ef 92       	push	r14
     472:	ff 92       	push	r15
     474:	0f 93       	push	r16
     476:	1f 93       	push	r17
     478:	cf 93       	push	r28
     47a:	df 93       	push	r29
     47c:	00 d0       	rcall	.+0      	; 0x47e <PV_TRANS_MEAS+0x26>
     47e:	1f 92       	push	r1
     480:	cd b7       	in	r28, 0x3d	; 61
     482:	de b7       	in	r29, 0x3e	; 62
     484:	2d b7       	in	r18, 0x3d	; 61
     486:	3e b7       	in	r19, 0x3e	; 62
     488:	3b 83       	std	Y+3, r19	; 0x03
     48a:	2a 83       	std	Y+2, r18	; 0x02
     48c:	80 91 b7 06 	lds	r24, 0x06B7	; 0x8006b7 <IV_Meas_Points>
     490:	ed b7       	in	r30, 0x3d	; 61
     492:	fe b7       	in	r31, 0x3e	; 62
     494:	22 e0       	ldi	r18, 0x02	; 2
     496:	82 9f       	mul	r24, r18
     498:	e0 19       	sub	r30, r0
     49a:	f1 09       	sbc	r31, r1
     49c:	11 24       	eor	r1, r1
     49e:	0f b6       	in	r0, 0x3f	; 63
     4a0:	f8 94       	cli
     4a2:	fe bf       	out	0x3e, r31	; 62
     4a4:	0f be       	out	0x3f, r0	; 63
     4a6:	ed bf       	out	0x3d, r30	; 61
     4a8:	8d b7       	in	r24, 0x3d	; 61
     4aa:	9e b7       	in	r25, 0x3e	; 62
     4ac:	01 96       	adiw	r24, 0x01	; 1
     4ae:	7c 01       	movw	r14, r24
     4b0:	d0 90 e5 14 	lds	r13, 0x14E5	; 0x8014e5 <Range_Volt_ID_Act>
     4b4:	c0 90 5c 15 	lds	r12, 0x155C	; 0x80155c <Range_Curr_ID_Act>
     4b8:	40 90 97 14 	lds	r4, 0x1497	; 0x801497 <PV_Volt_DAC_ACT>
     4bc:	50 90 98 14 	lds	r5, 0x1498	; 0x801498 <PV_Volt_DAC_ACT+0x1>
     4c0:	60 90 99 14 	lds	r6, 0x1499	; 0x801499 <PV_Volt_DAC_ACT+0x2>
     4c4:	70 90 9a 14 	lds	r7, 0x149A	; 0x80149a <PV_Volt_DAC_ACT+0x3>
     4c8:	80 91 b8 02 	lds	r24, 0x02B8	; 0x8002b8 <IV_Point_Set_Delay_ms>
     4cc:	90 91 b9 02 	lds	r25, 0x02B9	; 0x8002b9 <IV_Point_Set_Delay_ms+0x1>
     4d0:	80 32       	cpi	r24, 0x20	; 32
     4d2:	9e 44       	sbci	r25, 0x4E	; 78
     4d4:	18 f0       	brcs	.+6      	; 0x4dc <PV_TRANS_MEAS+0x84>
     4d6:	80 e6       	ldi	r24, 0x60	; 96
     4d8:	9a ee       	ldi	r25, 0xEA	; 234
     4da:	0a c0       	rjmp	.+20     	; 0x4f0 <PV_TRANS_MEAS+0x98>
     4dc:	80 91 b8 02 	lds	r24, 0x02B8	; 0x8002b8 <IV_Point_Set_Delay_ms>
     4e0:	90 91 b9 02 	lds	r25, 0x02B9	; 0x8002b9 <IV_Point_Set_Delay_ms+0x1>
     4e4:	9c 01       	movw	r18, r24
     4e6:	22 0f       	add	r18, r18
     4e8:	33 1f       	adc	r19, r19
     4ea:	82 0f       	add	r24, r18
     4ec:	93 1f       	adc	r25, r19
     4ee:	c2 96       	adiw	r24, 0x32	; 50
     4f0:	90 93 c0 02 	sts	0x02C0, r25	; 0x8002c0 <IV_Setup_Signal_Set_Time+0x1>
     4f4:	80 93 bf 02 	sts	0x02BF, r24	; 0x8002bf <IV_Setup_Signal_Set_Time>
     4f8:	60 91 c2 02 	lds	r22, 0x02C2	; 0x8002c2 <Trs_Delay_us>
     4fc:	70 91 c3 02 	lds	r23, 0x02C3	; 0x8002c3 <Trs_Delay_us+0x1>
     500:	80 91 c4 02 	lds	r24, 0x02C4	; 0x8002c4 <Trs_Delay_us+0x2>
     504:	90 91 c5 02 	lds	r25, 0x02C5	; 0x8002c5 <Trs_Delay_us+0x3>
     508:	20 91 c7 02 	lds	r18, 0x02C7	; 0x8002c7 <Trs_Meas_Time_us>
     50c:	30 91 c8 02 	lds	r19, 0x02C8	; 0x8002c8 <Trs_Meas_Time_us+0x1>
     510:	40 91 c9 02 	lds	r20, 0x02C9	; 0x8002c9 <Trs_Meas_Time_us+0x2>
     514:	50 91 ca 02 	lds	r21, 0x02CA	; 0x8002ca <Trs_Meas_Time_us+0x3>
     518:	0e 94 03 47 	call	0x8e06	; 0x8e06 <__cmpsf2>
     51c:	18 16       	cp	r1, r24
     51e:	84 f0       	brlt	.+32     	; 0x540 <PV_TRANS_MEAS+0xe8>
     520:	80 91 c7 02 	lds	r24, 0x02C7	; 0x8002c7 <Trs_Meas_Time_us>
     524:	90 91 c8 02 	lds	r25, 0x02C8	; 0x8002c8 <Trs_Meas_Time_us+0x1>
     528:	a0 91 c9 02 	lds	r26, 0x02C9	; 0x8002c9 <Trs_Meas_Time_us+0x2>
     52c:	b0 91 ca 02 	lds	r27, 0x02CA	; 0x8002ca <Trs_Meas_Time_us+0x3>
     530:	80 93 c2 02 	sts	0x02C2, r24	; 0x8002c2 <Trs_Delay_us>
     534:	90 93 c3 02 	sts	0x02C3, r25	; 0x8002c3 <Trs_Delay_us+0x1>
     538:	a0 93 c4 02 	sts	0x02C4, r26	; 0x8002c4 <Trs_Delay_us+0x2>
     53c:	b0 93 c5 02 	sts	0x02C5, r27	; 0x8002c5 <Trs_Delay_us+0x3>
     540:	60 91 c2 02 	lds	r22, 0x02C2	; 0x8002c2 <Trs_Delay_us>
     544:	70 91 c3 02 	lds	r23, 0x02C3	; 0x8002c3 <Trs_Delay_us+0x1>
     548:	80 91 c4 02 	lds	r24, 0x02C4	; 0x8002c4 <Trs_Delay_us+0x2>
     54c:	90 91 c5 02 	lds	r25, 0x02C5	; 0x8002c5 <Trs_Delay_us+0x3>
     550:	20 91 c7 02 	lds	r18, 0x02C7	; 0x8002c7 <Trs_Meas_Time_us>
     554:	30 91 c8 02 	lds	r19, 0x02C8	; 0x8002c8 <Trs_Meas_Time_us+0x1>
     558:	40 91 c9 02 	lds	r20, 0x02C9	; 0x8002c9 <Trs_Meas_Time_us+0x2>
     55c:	50 91 ca 02 	lds	r21, 0x02CA	; 0x8002ca <Trs_Meas_Time_us+0x3>
     560:	80 90 b4 02 	lds	r8, 0x02B4	; 0x8002b4 <Trs_Delay_Res_us>
     564:	90 90 b5 02 	lds	r9, 0x02B5	; 0x8002b5 <Trs_Delay_Res_us+0x1>
     568:	a0 90 b6 02 	lds	r10, 0x02B6	; 0x8002b6 <Trs_Delay_Res_us+0x2>
     56c:	b0 90 b7 02 	lds	r11, 0x02B7	; 0x8002b7 <Trs_Delay_Res_us+0x3>
     570:	0e 94 9e 46 	call	0x8d3c	; 0x8d3c <__subsf3>
     574:	a5 01       	movw	r20, r10
     576:	94 01       	movw	r18, r8
     578:	0e 94 07 47 	call	0x8e0e	; 0x8e0e <__divsf3>
     57c:	0e 94 c4 49 	call	0x9388	; 0x9388 <round>
     580:	0e 94 a5 47 	call	0x8f4a	; 0x8f4a <__fixunssfsi>
     584:	69 83       	std	Y+1, r22	; 0x01
     586:	37 2e       	mov	r3, r23
     588:	80 91 ec 14 	lds	r24, 0x14EC	; 0x8014ec <Range_Status_A>
     58c:	80 fd       	sbrc	r24, 0
     58e:	2d c0       	rjmp	.+90     	; 0x5ea <PV_TRANS_MEAS+0x192>
     590:	10 92 30 15 	sts	0x1530, r1	; 0x801530 <Range_Volt_Switch_Freq_Counter+0x1>
     594:	10 92 2f 15 	sts	0x152F, r1	; 0x80152f <Range_Volt_Switch_Freq_Counter>
     598:	60 91 56 14 	lds	r22, 0x1456	; 0x801456 <PV_Volt_Setpoint>
     59c:	70 91 57 14 	lds	r23, 0x1457	; 0x801457 <PV_Volt_Setpoint+0x1>
     5a0:	80 91 58 14 	lds	r24, 0x1458	; 0x801458 <PV_Volt_Setpoint+0x2>
     5a4:	90 91 59 14 	lds	r25, 0x1459	; 0x801459 <PV_Volt_Setpoint+0x3>
     5a8:	20 91 b8 06 	lds	r18, 0x06B8	; 0x8006b8 <PV_Volt_Trs>
     5ac:	30 91 b9 06 	lds	r19, 0x06B9	; 0x8006b9 <PV_Volt_Trs+0x1>
     5b0:	40 91 ba 06 	lds	r20, 0x06BA	; 0x8006ba <PV_Volt_Trs+0x2>
     5b4:	50 91 bb 06 	lds	r21, 0x06BB	; 0x8006bb <PV_Volt_Trs+0x3>
     5b8:	0e 94 a8 48 	call	0x9150	; 0x9150 <__gesf2>
     5bc:	18 16       	cp	r1, r24
     5be:	4c f4       	brge	.+18     	; 0x5d2 <PV_TRANS_MEAS+0x17a>
     5c0:	60 91 56 14 	lds	r22, 0x1456	; 0x801456 <PV_Volt_Setpoint>
     5c4:	70 91 57 14 	lds	r23, 0x1457	; 0x801457 <PV_Volt_Setpoint+0x1>
     5c8:	80 91 58 14 	lds	r24, 0x1458	; 0x801458 <PV_Volt_Setpoint+0x2>
     5cc:	90 91 59 14 	lds	r25, 0x1459	; 0x801459 <PV_Volt_Setpoint+0x3>
     5d0:	08 c0       	rjmp	.+16     	; 0x5e2 <PV_TRANS_MEAS+0x18a>
     5d2:	60 91 b8 06 	lds	r22, 0x06B8	; 0x8006b8 <PV_Volt_Trs>
     5d6:	70 91 b9 06 	lds	r23, 0x06B9	; 0x8006b9 <PV_Volt_Trs+0x1>
     5da:	80 91 ba 06 	lds	r24, 0x06BA	; 0x8006ba <PV_Volt_Trs+0x2>
     5de:	90 91 bb 06 	lds	r25, 0x06BB	; 0x8006bb <PV_Volt_Trs+0x3>
     5e2:	0e 94 bf 3c 	call	0x797e	; 0x797e <Get_Best_Voltage_Range_From_Value>
     5e6:	0e 94 fb 3f 	call	0x7ff6	; 0x7ff6 <SET_VOLTAGE_RANGE>
     5ea:	80 91 ec 14 	lds	r24, 0x14EC	; 0x8014ec <Range_Status_A>
     5ee:	81 ff       	sbrs	r24, 1
     5f0:	cb de       	rcall	.-618    	; 0x388 <IV_MEAS__Get_Curr_Optimum_Range>
     5f2:	60 91 56 14 	lds	r22, 0x1456	; 0x801456 <PV_Volt_Setpoint>
     5f6:	70 91 57 14 	lds	r23, 0x1457	; 0x801457 <PV_Volt_Setpoint+0x1>
     5fa:	80 91 58 14 	lds	r24, 0x1458	; 0x801458 <PV_Volt_Setpoint+0x2>
     5fe:	90 91 59 14 	lds	r25, 0x1459	; 0x801459 <PV_Volt_Setpoint+0x3>
     602:	0e 94 cf 2d 	call	0x5b9e	; 0x5b9e <Set_DAC_Output_Volts>
     606:	13 98       	cbi	0x02, 3	; 2
     608:	12 98       	cbi	0x02, 2	; 2
     60a:	11 98       	cbi	0x02, 1	; 2
     60c:	80 91 bf 02 	lds	r24, 0x02BF	; 0x8002bf <IV_Setup_Signal_Set_Time>
     610:	90 91 c0 02 	lds	r25, 0x02C0	; 0x8002c0 <IV_Setup_Signal_Set_Time+0x1>
     614:	a8 95       	wdr
     616:	00 97       	sbiw	r24, 0x00	; 0
     618:	49 f0       	breq	.+18     	; 0x62c <PV_TRANS_MEAS+0x1d4>
     61a:	ef e9       	ldi	r30, 0x9F	; 159
     61c:	ff e0       	ldi	r31, 0x0F	; 15
     61e:	31 97       	sbiw	r30, 0x01	; 1
     620:	f1 f7       	brne	.-4      	; 0x61e <PV_TRANS_MEAS+0x1c6>
     622:	00 c0       	rjmp	.+0      	; 0x624 <PV_TRANS_MEAS+0x1cc>
     624:	00 00       	nop
     626:	a8 95       	wdr
     628:	01 97       	sbiw	r24, 0x01	; 1
     62a:	f5 cf       	rjmp	.-22     	; 0x616 <PV_TRANS_MEAS+0x1be>
     62c:	20 90 b7 06 	lds	r2, 0x06B7	; 0x8006b7 <IV_Meas_Points>
     630:	60 91 b8 06 	lds	r22, 0x06B8	; 0x8006b8 <PV_Volt_Trs>
     634:	70 91 b9 06 	lds	r23, 0x06B9	; 0x8006b9 <PV_Volt_Trs+0x1>
     638:	80 91 ba 06 	lds	r24, 0x06BA	; 0x8006ba <PV_Volt_Trs+0x2>
     63c:	90 91 bb 06 	lds	r25, 0x06BB	; 0x8006bb <PV_Volt_Trs+0x3>
     640:	0e 94 cf 2d 	call	0x5b9e	; 0x5b9e <Set_DAC_Output_Volts>
     644:	57 01       	movw	r10, r14
     646:	87 01       	movw	r16, r14
     648:	22 20       	and	r2, r2
     64a:	71 f0       	breq	.+28     	; 0x668 <PV_TRANS_MEAS+0x210>
     64c:	0e 94 67 29 	call	0x52ce	; 0x52ce <ADC_Convert_MAX11163>
     650:	f8 01       	movw	r30, r16
     652:	81 93       	st	Z+, r24
     654:	91 93       	st	Z+, r25
     656:	8f 01       	movw	r16, r30
     658:	2a 94       	dec	r2
     65a:	89 81       	ldd	r24, Y+1	; 0x01
     65c:	93 2d       	mov	r25, r3
     65e:	00 97       	sbiw	r24, 0x00	; 0
     660:	99 f3       	breq	.-26     	; 0x648 <PV_TRANS_MEAS+0x1f0>
     662:	01 97       	sbiw	r24, 0x01	; 1
     664:	00 00       	nop
     666:	fb cf       	rjmp	.-10     	; 0x65e <PV_TRANS_MEAS+0x206>
     668:	20 90 b7 06 	lds	r2, 0x06B7	; 0x8006b7 <IV_Meas_Points>
     66c:	22 20       	and	r2, r2
     66e:	d1 f0       	breq	.+52     	; 0x6a4 <PV_TRANS_MEAS+0x24c>
     670:	2a 94       	dec	r2
     672:	02 2d       	mov	r16, r2
     674:	10 e0       	ldi	r17, 0x00	; 0
     676:	f8 01       	movw	r30, r16
     678:	ee 0f       	add	r30, r30
     67a:	ff 1f       	adc	r31, r31
     67c:	ee 0d       	add	r30, r14
     67e:	ff 1d       	adc	r31, r15
     680:	60 81       	ld	r22, Z
     682:	71 81       	ldd	r23, Z+1	; 0x01
     684:	80 e0       	ldi	r24, 0x00	; 0
     686:	90 e0       	ldi	r25, 0x00	; 0
     688:	0e 94 d1 47 	call	0x8fa2	; 0x8fa2 <__floatunsisf>
     68c:	00 0f       	add	r16, r16
     68e:	11 1f       	adc	r17, r17
     690:	00 0f       	add	r16, r16
     692:	11 1f       	adc	r17, r17
     694:	f8 01       	movw	r30, r16
     696:	e3 55       	subi	r30, 0x53	; 83
     698:	f5 4f       	sbci	r31, 0xF5	; 245
     69a:	60 83       	st	Z, r22
     69c:	71 83       	std	Z+1, r23	; 0x01
     69e:	82 83       	std	Z+2, r24	; 0x02
     6a0:	93 83       	std	Z+3, r25	; 0x03
     6a2:	e4 cf       	rjmp	.-56     	; 0x66c <PV_TRANS_MEAS+0x214>
     6a4:	60 91 56 14 	lds	r22, 0x1456	; 0x801456 <PV_Volt_Setpoint>
     6a8:	70 91 57 14 	lds	r23, 0x1457	; 0x801457 <PV_Volt_Setpoint+0x1>
     6ac:	80 91 58 14 	lds	r24, 0x1458	; 0x801458 <PV_Volt_Setpoint+0x2>
     6b0:	90 91 59 14 	lds	r25, 0x1459	; 0x801459 <PV_Volt_Setpoint+0x3>
     6b4:	0e 94 cf 2d 	call	0x5b9e	; 0x5b9e <Set_DAC_Output_Volts>
     6b8:	13 9a       	sbi	0x02, 3	; 2
     6ba:	12 98       	cbi	0x02, 2	; 2
     6bc:	11 98       	cbi	0x02, 1	; 2
     6be:	80 91 bf 02 	lds	r24, 0x02BF	; 0x8002bf <IV_Setup_Signal_Set_Time>
     6c2:	90 91 c0 02 	lds	r25, 0x02C0	; 0x8002c0 <IV_Setup_Signal_Set_Time+0x1>
     6c6:	a8 95       	wdr
     6c8:	00 97       	sbiw	r24, 0x00	; 0
     6ca:	49 f0       	breq	.+18     	; 0x6de <PV_TRANS_MEAS+0x286>
     6cc:	ef e9       	ldi	r30, 0x9F	; 159
     6ce:	ff e0       	ldi	r31, 0x0F	; 15
     6d0:	31 97       	sbiw	r30, 0x01	; 1
     6d2:	f1 f7       	brne	.-4      	; 0x6d0 <PV_TRANS_MEAS+0x278>
     6d4:	00 c0       	rjmp	.+0      	; 0x6d6 <PV_TRANS_MEAS+0x27e>
     6d6:	00 00       	nop
     6d8:	a8 95       	wdr
     6da:	01 97       	sbiw	r24, 0x01	; 1
     6dc:	f5 cf       	rjmp	.-22     	; 0x6c8 <PV_TRANS_MEAS+0x270>
     6de:	10 91 b7 06 	lds	r17, 0x06B7	; 0x8006b7 <IV_Meas_Points>
     6e2:	60 91 b8 06 	lds	r22, 0x06B8	; 0x8006b8 <PV_Volt_Trs>
     6e6:	70 91 b9 06 	lds	r23, 0x06B9	; 0x8006b9 <PV_Volt_Trs+0x1>
     6ea:	80 91 ba 06 	lds	r24, 0x06BA	; 0x8006ba <PV_Volt_Trs+0x2>
     6ee:	90 91 bb 06 	lds	r25, 0x06BB	; 0x8006bb <PV_Volt_Trs+0x3>
     6f2:	0e 94 cf 2d 	call	0x5b9e	; 0x5b9e <Set_DAC_Output_Volts>
     6f6:	11 23       	and	r17, r17
     6f8:	71 f0       	breq	.+28     	; 0x716 <PV_TRANS_MEAS+0x2be>
     6fa:	0e 94 67 29 	call	0x52ce	; 0x52ce <ADC_Convert_MAX11163>
     6fe:	f5 01       	movw	r30, r10
     700:	81 93       	st	Z+, r24
     702:	91 93       	st	Z+, r25
     704:	5f 01       	movw	r10, r30
     706:	11 50       	subi	r17, 0x01	; 1
     708:	89 81       	ldd	r24, Y+1	; 0x01
     70a:	93 2d       	mov	r25, r3
     70c:	00 97       	sbiw	r24, 0x00	; 0
     70e:	99 f3       	breq	.-26     	; 0x6f6 <PV_TRANS_MEAS+0x29e>
     710:	01 97       	sbiw	r24, 0x01	; 1
     712:	00 00       	nop
     714:	fb cf       	rjmp	.-10     	; 0x70c <PV_TRANS_MEAS+0x2b4>
     716:	b0 90 b7 06 	lds	r11, 0x06B7	; 0x8006b7 <IV_Meas_Points>
     71a:	bb 20       	and	r11, r11
     71c:	d1 f0       	breq	.+52     	; 0x752 <PV_TRANS_MEAS+0x2fa>
     71e:	ba 94       	dec	r11
     720:	0b 2d       	mov	r16, r11
     722:	10 e0       	ldi	r17, 0x00	; 0
     724:	f8 01       	movw	r30, r16
     726:	ee 0f       	add	r30, r30
     728:	ff 1f       	adc	r31, r31
     72a:	ee 0d       	add	r30, r14
     72c:	ff 1d       	adc	r31, r15
     72e:	60 81       	ld	r22, Z
     730:	71 81       	ldd	r23, Z+1	; 0x01
     732:	80 e0       	ldi	r24, 0x00	; 0
     734:	90 e0       	ldi	r25, 0x00	; 0
     736:	0e 94 d1 47 	call	0x8fa2	; 0x8fa2 <__floatunsisf>
     73a:	00 0f       	add	r16, r16
     73c:	11 1f       	adc	r17, r17
     73e:	00 0f       	add	r16, r16
     740:	11 1f       	adc	r17, r17
     742:	f8 01       	movw	r30, r16
     744:	e4 54       	subi	r30, 0x44	; 68
     746:	f9 4f       	sbci	r31, 0xF9	; 249
     748:	60 83       	st	Z, r22
     74a:	71 83       	std	Z+1, r23	; 0x01
     74c:	82 83       	std	Z+2, r24	; 0x02
     74e:	93 83       	std	Z+3, r25	; 0x03
     750:	e4 cf       	rjmp	.-56     	; 0x71a <PV_TRANS_MEAS+0x2c2>
     752:	80 91 2b 14 	lds	r24, 0x142B	; 0x80142b <SysControl>
     756:	8b 7f       	andi	r24, 0xFB	; 251
     758:	80 93 2b 14 	sts	0x142B, r24	; 0x80142b <SysControl>
     75c:	80 91 2a 14 	lds	r24, 0x142A	; 0x80142a <SysStatus_B>
     760:	82 60       	ori	r24, 0x02	; 2
     762:	80 93 2a 14 	sts	0x142A, r24	; 0x80142a <SysStatus_B>
     766:	60 91 97 14 	lds	r22, 0x1497	; 0x801497 <PV_Volt_DAC_ACT>
     76a:	70 91 98 14 	lds	r23, 0x1498	; 0x801498 <PV_Volt_DAC_ACT+0x1>
     76e:	80 91 99 14 	lds	r24, 0x1499	; 0x801499 <PV_Volt_DAC_ACT+0x2>
     772:	90 91 9a 14 	lds	r25, 0x149A	; 0x80149a <PV_Volt_DAC_ACT+0x3>
     776:	0e 94 cf 2d 	call	0x5b9e	; 0x5b9e <Set_DAC_Output_Volts>
     77a:	80 91 5c 15 	lds	r24, 0x155C	; 0x80155c <Range_Curr_ID_Act>
     77e:	c8 16       	cp	r12, r24
     780:	39 f0       	breq	.+14     	; 0x790 <PV_TRANS_MEAS+0x338>
     782:	10 92 eb 14 	sts	0x14EB, r1	; 0x8014eb <Range_Curr_Switch_Freq_Counter+0x1>
     786:	10 92 ea 14 	sts	0x14EA, r1	; 0x8014ea <Range_Curr_Switch_Freq_Counter>
     78a:	8c 2d       	mov	r24, r12
     78c:	0e 94 f9 40 	call	0x81f2	; 0x81f2 <SET_CURRENT_RANGE>
     790:	80 91 e5 14 	lds	r24, 0x14E5	; 0x8014e5 <Range_Volt_ID_Act>
     794:	d8 16       	cp	r13, r24
     796:	39 f0       	breq	.+14     	; 0x7a6 <PV_TRANS_MEAS+0x34e>
     798:	10 92 30 15 	sts	0x1530, r1	; 0x801530 <Range_Volt_Switch_Freq_Counter+0x1>
     79c:	10 92 2f 15 	sts	0x152F, r1	; 0x80152f <Range_Volt_Switch_Freq_Counter>
     7a0:	8d 2d       	mov	r24, r13
     7a2:	0e 94 fb 3f 	call	0x7ff6	; 0x7ff6 <SET_VOLTAGE_RANGE>
     7a6:	c3 01       	movw	r24, r6
     7a8:	b2 01       	movw	r22, r4
     7aa:	0e 94 cf 2d 	call	0x5b9e	; 0x5b9e <Set_DAC_Output_Volts>
     7ae:	13 98       	cbi	0x02, 3	; 2
     7b0:	12 98       	cbi	0x02, 2	; 2
     7b2:	11 98       	cbi	0x02, 1	; 2
     7b4:	80 91 bf 02 	lds	r24, 0x02BF	; 0x8002bf <IV_Setup_Signal_Set_Time>
     7b8:	90 91 c0 02 	lds	r25, 0x02C0	; 0x8002c0 <IV_Setup_Signal_Set_Time+0x1>
     7bc:	a8 95       	wdr
     7be:	00 97       	sbiw	r24, 0x00	; 0
     7c0:	49 f0       	breq	.+18     	; 0x7d4 <PV_TRANS_MEAS+0x37c>
     7c2:	ef e9       	ldi	r30, 0x9F	; 159
     7c4:	ff e0       	ldi	r31, 0x0F	; 15
     7c6:	31 97       	sbiw	r30, 0x01	; 1
     7c8:	f1 f7       	brne	.-4      	; 0x7c6 <PV_TRANS_MEAS+0x36e>
     7ca:	00 c0       	rjmp	.+0      	; 0x7cc <PV_TRANS_MEAS+0x374>
     7cc:	00 00       	nop
     7ce:	a8 95       	wdr
     7d0:	01 97       	sbiw	r24, 0x01	; 1
     7d2:	f5 cf       	rjmp	.-22     	; 0x7be <PV_TRANS_MEAS+0x366>
     7d4:	80 91 2a 14 	lds	r24, 0x142A	; 0x80142a <SysStatus_B>
     7d8:	8e 7f       	andi	r24, 0xFE	; 254
     7da:	80 93 2a 14 	sts	0x142A, r24	; 0x80142a <SysStatus_B>
     7de:	80 91 31 14 	lds	r24, 0x1431	; 0x801431 <Timer_CTR>
     7e2:	8e 7f       	andi	r24, 0xFE	; 254
     7e4:	80 93 31 14 	sts	0x1431, r24	; 0x801431 <Timer_CTR>
     7e8:	2a 81       	ldd	r18, Y+2	; 0x02
     7ea:	3b 81       	ldd	r19, Y+3	; 0x03
     7ec:	0f b6       	in	r0, 0x3f	; 63
     7ee:	f8 94       	cli
     7f0:	3e bf       	out	0x3e, r19	; 62
     7f2:	0f be       	out	0x3f, r0	; 63
     7f4:	2d bf       	out	0x3d, r18	; 61
     7f6:	0f 90       	pop	r0
     7f8:	0f 90       	pop	r0
     7fa:	0f 90       	pop	r0
     7fc:	df 91       	pop	r29
     7fe:	cf 91       	pop	r28
     800:	1f 91       	pop	r17
     802:	0f 91       	pop	r16
     804:	ff 90       	pop	r15
     806:	ef 90       	pop	r14
     808:	df 90       	pop	r13
     80a:	cf 90       	pop	r12
     80c:	bf 90       	pop	r11
     80e:	af 90       	pop	r10
     810:	9f 90       	pop	r9
     812:	8f 90       	pop	r8
     814:	7f 90       	pop	r7
     816:	6f 90       	pop	r6
     818:	5f 90       	pop	r5
     81a:	4f 90       	pop	r4
     81c:	3f 90       	pop	r3
     81e:	2f 90       	pop	r2
     820:	08 95       	ret

00000822 <IV_MEAS__Meas_Curr_Volt_Point>:
     822:	4f 92       	push	r4
     824:	5f 92       	push	r5
     826:	6f 92       	push	r6
     828:	7f 92       	push	r7
     82a:	8f 92       	push	r8
     82c:	9f 92       	push	r9
     82e:	af 92       	push	r10
     830:	bf 92       	push	r11
     832:	cf 92       	push	r12
     834:	df 92       	push	r13
     836:	ef 92       	push	r14
     838:	ff 92       	push	r15
     83a:	cf 93       	push	r28
     83c:	df 93       	push	r29
     83e:	cd b7       	in	r28, 0x3d	; 61
     840:	de b7       	in	r29, 0x3e	; 62
     842:	2c 97       	sbiw	r28, 0x0c	; 12
     844:	0f b6       	in	r0, 0x3f	; 63
     846:	f8 94       	cli
     848:	de bf       	out	0x3e, r29	; 62
     84a:	0f be       	out	0x3f, r0	; 63
     84c:	cd bf       	out	0x3d, r28	; 61
     84e:	69 87       	std	Y+9, r22	; 0x09
     850:	7a 87       	std	Y+10, r23	; 0x0a
     852:	8b 87       	std	Y+11, r24	; 0x0b
     854:	9c 87       	std	Y+12, r25	; 0x0c
     856:	29 01       	movw	r4, r18
     858:	3a 01       	movw	r6, r20
     85a:	80 91 c1 02 	lds	r24, 0x02C1	; 0x8002c1 <IV_Point_Meas_Nu_AVR_Sets>
     85e:	89 83       	std	Y+1, r24	; 0x01
     860:	81 2c       	mov	r8, r1
     862:	91 2c       	mov	r9, r1
     864:	54 01       	movw	r10, r8
     866:	c1 2c       	mov	r12, r1
     868:	d1 2c       	mov	r13, r1
     86a:	76 01       	movw	r14, r12
     86c:	a9 81       	ldd	r26, Y+1	; 0x01
     86e:	aa 23       	and	r26, r26
     870:	09 f4       	brne	.+2      	; 0x874 <IV_MEAS__Meas_Curr_Volt_Point+0x52>
     872:	4a c0       	rjmp	.+148    	; 0x908 <IV_MEAS__Meas_Curr_Volt_Point+0xe6>
     874:	13 98       	cbi	0x02, 3	; 2
     876:	12 98       	cbi	0x02, 2	; 2
     878:	11 98       	cbi	0x02, 1	; 2
     87a:	af e8       	ldi	r26, 0x8F	; 143
     87c:	b1 e0       	ldi	r27, 0x01	; 1
     87e:	11 97       	sbiw	r26, 0x01	; 1
     880:	f1 f7       	brne	.-4      	; 0x87e <IV_MEAS__Meas_Curr_Volt_Point+0x5c>
     882:	00 c0       	rjmp	.+0      	; 0x884 <IV_MEAS__Meas_Curr_Volt_Point+0x62>
     884:	00 00       	nop
     886:	80 91 b2 02 	lds	r24, 0x02B2	; 0x8002b2 <IV_Point_Meas_Nu_AVR_VoltCurr>
     88a:	90 e0       	ldi	r25, 0x00	; 0
     88c:	0e 94 aa 29 	call	0x5354	; 0x5354 <ADC_Convert_Avr_OLUL_MAX11163>
     890:	c6 0e       	add	r12, r22
     892:	d7 1e       	adc	r13, r23
     894:	e8 1e       	adc	r14, r24
     896:	f9 1e       	adc	r15, r25
     898:	80 91 03 14 	lds	r24, 0x1403	; 0x801403 <AI_Under_Load>
     89c:	88 23       	and	r24, r24
     89e:	21 f0       	breq	.+8      	; 0x8a8 <IV_MEAS__Meas_Curr_Volt_Point+0x86>
     8a0:	80 91 b3 02 	lds	r24, 0x02B3	; 0x8002b3 <IV_Report>
     8a4:	80 62       	ori	r24, 0x20	; 32
     8a6:	07 c0       	rjmp	.+14     	; 0x8b6 <IV_MEAS__Meas_Curr_Volt_Point+0x94>
     8a8:	80 91 92 10 	lds	r24, 0x1092	; 0x801092 <AI_Over_Load>
     8ac:	88 23       	and	r24, r24
     8ae:	29 f0       	breq	.+10     	; 0x8ba <IV_MEAS__Meas_Curr_Volt_Point+0x98>
     8b0:	80 91 b3 02 	lds	r24, 0x02B3	; 0x8002b3 <IV_Report>
     8b4:	80 61       	ori	r24, 0x10	; 16
     8b6:	80 93 b3 02 	sts	0x02B3, r24	; 0x8002b3 <IV_Report>
     8ba:	13 9a       	sbi	0x02, 3	; 2
     8bc:	12 98       	cbi	0x02, 2	; 2
     8be:	11 98       	cbi	0x02, 1	; 2
     8c0:	8f e8       	ldi	r24, 0x8F	; 143
     8c2:	91 e0       	ldi	r25, 0x01	; 1
     8c4:	01 97       	sbiw	r24, 0x01	; 1
     8c6:	f1 f7       	brne	.-4      	; 0x8c4 <IV_MEAS__Meas_Curr_Volt_Point+0xa2>
     8c8:	00 c0       	rjmp	.+0      	; 0x8ca <IV_MEAS__Meas_Curr_Volt_Point+0xa8>
     8ca:	00 00       	nop
     8cc:	80 91 b2 02 	lds	r24, 0x02B2	; 0x8002b2 <IV_Point_Meas_Nu_AVR_VoltCurr>
     8d0:	90 e0       	ldi	r25, 0x00	; 0
     8d2:	0e 94 aa 29 	call	0x5354	; 0x5354 <ADC_Convert_Avr_OLUL_MAX11163>
     8d6:	86 0e       	add	r8, r22
     8d8:	97 1e       	adc	r9, r23
     8da:	a8 1e       	adc	r10, r24
     8dc:	b9 1e       	adc	r11, r25
     8de:	80 91 03 14 	lds	r24, 0x1403	; 0x801403 <AI_Under_Load>
     8e2:	88 23       	and	r24, r24
     8e4:	21 f0       	breq	.+8      	; 0x8ee <IV_MEAS__Meas_Curr_Volt_Point+0xcc>
     8e6:	80 91 b3 02 	lds	r24, 0x02B3	; 0x8002b3 <IV_Report>
     8ea:	80 68       	ori	r24, 0x80	; 128
     8ec:	07 c0       	rjmp	.+14     	; 0x8fc <IV_MEAS__Meas_Curr_Volt_Point+0xda>
     8ee:	80 91 92 10 	lds	r24, 0x1092	; 0x801092 <AI_Over_Load>
     8f2:	88 23       	and	r24, r24
     8f4:	29 f0       	breq	.+10     	; 0x900 <IV_MEAS__Meas_Curr_Volt_Point+0xde>
     8f6:	80 91 b3 02 	lds	r24, 0x02B3	; 0x8002b3 <IV_Report>
     8fa:	80 64       	ori	r24, 0x40	; 64
     8fc:	80 93 b3 02 	sts	0x02B3, r24	; 0x8002b3 <IV_Report>
     900:	99 81       	ldd	r25, Y+1	; 0x01
     902:	91 50       	subi	r25, 0x01	; 1
     904:	99 83       	std	Y+1, r25	; 0x01
     906:	b2 cf       	rjmp	.-156    	; 0x86c <IV_MEAS__Meas_Curr_Volt_Point+0x4a>
     908:	80 91 c6 02 	lds	r24, 0x02C6	; 0x8002c6 <IV_Mode>
     90c:	81 ff       	sbrs	r24, 1
     90e:	23 c0       	rjmp	.+70     	; 0x956 <IV_MEAS__Meas_Curr_Volt_Point+0x134>
     910:	13 98       	cbi	0x02, 3	; 2
     912:	12 98       	cbi	0x02, 2	; 2
     914:	11 98       	cbi	0x02, 1	; 2
     916:	8f e8       	ldi	r24, 0x8F	; 143
     918:	91 e0       	ldi	r25, 0x01	; 1
     91a:	01 97       	sbiw	r24, 0x01	; 1
     91c:	f1 f7       	brne	.-4      	; 0x91a <IV_MEAS__Meas_Curr_Volt_Point+0xf8>
     91e:	00 c0       	rjmp	.+0      	; 0x920 <IV_MEAS__Meas_Curr_Volt_Point+0xfe>
     920:	00 00       	nop
     922:	80 91 b2 02 	lds	r24, 0x02B2	; 0x8002b2 <IV_Point_Meas_Nu_AVR_VoltCurr>
     926:	90 e0       	ldi	r25, 0x00	; 0
     928:	0e 94 aa 29 	call	0x5354	; 0x5354 <ADC_Convert_Avr_OLUL_MAX11163>
     92c:	c6 0e       	add	r12, r22
     92e:	d7 1e       	adc	r13, r23
     930:	e8 1e       	adc	r14, r24
     932:	f9 1e       	adc	r15, r25
     934:	80 91 03 14 	lds	r24, 0x1403	; 0x801403 <AI_Under_Load>
     938:	88 23       	and	r24, r24
     93a:	21 f0       	breq	.+8      	; 0x944 <IV_MEAS__Meas_Curr_Volt_Point+0x122>
     93c:	80 91 ec 14 	lds	r24, 0x14EC	; 0x8014ec <Range_Status_A>
     940:	80 62       	ori	r24, 0x20	; 32
     942:	07 c0       	rjmp	.+14     	; 0x952 <IV_MEAS__Meas_Curr_Volt_Point+0x130>
     944:	80 91 92 10 	lds	r24, 0x1092	; 0x801092 <AI_Over_Load>
     948:	88 23       	and	r24, r24
     94a:	29 f0       	breq	.+10     	; 0x956 <IV_MEAS__Meas_Curr_Volt_Point+0x134>
     94c:	80 91 ec 14 	lds	r24, 0x14EC	; 0x8014ec <Range_Status_A>
     950:	80 61       	ori	r24, 0x10	; 16
     952:	80 93 ec 14 	sts	0x14EC, r24	; 0x8014ec <Range_Status_A>
     956:	80 91 64 15 	lds	r24, 0x1564	; 0x801564 <AI_Volt_Offset>
     95a:	90 91 65 15 	lds	r25, 0x1565	; 0x801565 <AI_Volt_Offset+0x1>
     95e:	a0 91 66 15 	lds	r26, 0x1566	; 0x801566 <AI_Volt_Offset+0x2>
     962:	b0 91 67 15 	lds	r27, 0x1567	; 0x801567 <AI_Volt_Offset+0x3>
     966:	89 83       	std	Y+1, r24	; 0x01
     968:	9a 83       	std	Y+2, r25	; 0x02
     96a:	ab 83       	std	Y+3, r26	; 0x03
     96c:	bc 83       	std	Y+4, r27	; 0x04
     96e:	80 91 13 15 	lds	r24, 0x1513	; 0x801513 <AI_Volt_Scale>
     972:	90 91 14 15 	lds	r25, 0x1514	; 0x801514 <AI_Volt_Scale+0x1>
     976:	a0 91 15 15 	lds	r26, 0x1515	; 0x801515 <AI_Volt_Scale+0x2>
     97a:	b0 91 16 15 	lds	r27, 0x1516	; 0x801516 <AI_Volt_Scale+0x3>
     97e:	8d 83       	std	Y+5, r24	; 0x05
     980:	9e 83       	std	Y+6, r25	; 0x06
     982:	af 83       	std	Y+7, r26	; 0x07
     984:	b8 87       	std	Y+8, r27	; 0x08
     986:	c7 01       	movw	r24, r14
     988:	b6 01       	movw	r22, r12
     98a:	0e 94 d1 47 	call	0x8fa2	; 0x8fa2 <__floatunsisf>
     98e:	29 85       	ldd	r18, Y+9	; 0x09
     990:	3a 85       	ldd	r19, Y+10	; 0x0a
     992:	4b 85       	ldd	r20, Y+11	; 0x0b
     994:	5c 85       	ldd	r21, Y+12	; 0x0c
     996:	0e 94 61 49 	call	0x92c2	; 0x92c2 <__mulsf3>
     99a:	29 81       	ldd	r18, Y+1	; 0x01
     99c:	3a 81       	ldd	r19, Y+2	; 0x02
     99e:	4b 81       	ldd	r20, Y+3	; 0x03
     9a0:	5c 81       	ldd	r21, Y+4	; 0x04
     9a2:	0e 94 9f 46 	call	0x8d3e	; 0x8d3e <__addsf3>
     9a6:	2d 81       	ldd	r18, Y+5	; 0x05
     9a8:	3e 81       	ldd	r19, Y+6	; 0x06
     9aa:	4f 81       	ldd	r20, Y+7	; 0x07
     9ac:	58 85       	ldd	r21, Y+8	; 0x08
     9ae:	0e 94 61 49 	call	0x92c2	; 0x92c2 <__mulsf3>
     9b2:	60 93 97 10 	sts	0x1097, r22	; 0x801097 <AI_Volt>
     9b6:	70 93 98 10 	sts	0x1098, r23	; 0x801098 <AI_Volt+0x1>
     9ba:	80 93 99 10 	sts	0x1099, r24	; 0x801099 <AI_Volt+0x2>
     9be:	90 93 9a 10 	sts	0x109A, r25	; 0x80109a <AI_Volt+0x3>
     9c2:	c0 90 e0 14 	lds	r12, 0x14E0	; 0x8014e0 <AI_Curr_Offset>
     9c6:	d0 90 e1 14 	lds	r13, 0x14E1	; 0x8014e1 <AI_Curr_Offset+0x1>
     9ca:	e0 90 e2 14 	lds	r14, 0x14E2	; 0x8014e2 <AI_Curr_Offset+0x2>
     9ce:	f0 90 e3 14 	lds	r15, 0x14E3	; 0x8014e3 <AI_Curr_Offset+0x3>
     9d2:	80 91 dc 14 	lds	r24, 0x14DC	; 0x8014dc <AI_Curr_Scale>
     9d6:	90 91 dd 14 	lds	r25, 0x14DD	; 0x8014dd <AI_Curr_Scale+0x1>
     9da:	a0 91 de 14 	lds	r26, 0x14DE	; 0x8014de <AI_Curr_Scale+0x2>
     9de:	b0 91 df 14 	lds	r27, 0x14DF	; 0x8014df <AI_Curr_Scale+0x3>
     9e2:	89 83       	std	Y+1, r24	; 0x01
     9e4:	9a 83       	std	Y+2, r25	; 0x02
     9e6:	ab 83       	std	Y+3, r26	; 0x03
     9e8:	bc 83       	std	Y+4, r27	; 0x04
     9ea:	c5 01       	movw	r24, r10
     9ec:	b4 01       	movw	r22, r8
     9ee:	0e 94 d1 47 	call	0x8fa2	; 0x8fa2 <__floatunsisf>
     9f2:	a3 01       	movw	r20, r6
     9f4:	92 01       	movw	r18, r4
     9f6:	0e 94 61 49 	call	0x92c2	; 0x92c2 <__mulsf3>
     9fa:	a7 01       	movw	r20, r14
     9fc:	96 01       	movw	r18, r12
     9fe:	0e 94 9f 46 	call	0x8d3e	; 0x8d3e <__addsf3>
     a02:	29 81       	ldd	r18, Y+1	; 0x01
     a04:	3a 81       	ldd	r19, Y+2	; 0x02
     a06:	4b 81       	ldd	r20, Y+3	; 0x03
     a08:	5c 81       	ldd	r21, Y+4	; 0x04
     a0a:	0e 94 61 49 	call	0x92c2	; 0x92c2 <__mulsf3>
     a0e:	60 93 4e 12 	sts	0x124E, r22	; 0x80124e <AI_Curr>
     a12:	70 93 4f 12 	sts	0x124F, r23	; 0x80124f <AI_Curr+0x1>
     a16:	80 93 50 12 	sts	0x1250, r24	; 0x801250 <AI_Curr+0x2>
     a1a:	90 93 51 12 	sts	0x1251, r25	; 0x801251 <AI_Curr+0x3>
     a1e:	60 91 97 10 	lds	r22, 0x1097	; 0x801097 <AI_Volt>
     a22:	70 91 98 10 	lds	r23, 0x1098	; 0x801098 <AI_Volt+0x1>
     a26:	80 91 99 10 	lds	r24, 0x1099	; 0x801099 <AI_Volt+0x2>
     a2a:	90 91 9a 10 	lds	r25, 0x109A	; 0x80109a <AI_Volt+0x3>
     a2e:	20 91 08 15 	lds	r18, 0x1508	; 0x801508 <AI_Volt_R_Leak>
     a32:	30 91 09 15 	lds	r19, 0x1509	; 0x801509 <AI_Volt_R_Leak+0x1>
     a36:	40 91 0a 15 	lds	r20, 0x150A	; 0x80150a <AI_Volt_R_Leak+0x2>
     a3a:	50 91 0b 15 	lds	r21, 0x150B	; 0x80150b <AI_Volt_R_Leak+0x3>
     a3e:	c0 90 4e 12 	lds	r12, 0x124E	; 0x80124e <AI_Curr>
     a42:	d0 90 4f 12 	lds	r13, 0x124F	; 0x80124f <AI_Curr+0x1>
     a46:	e0 90 50 12 	lds	r14, 0x1250	; 0x801250 <AI_Curr+0x2>
     a4a:	f0 90 51 12 	lds	r15, 0x1251	; 0x801251 <AI_Curr+0x3>
     a4e:	0e 94 61 49 	call	0x92c2	; 0x92c2 <__mulsf3>
     a52:	a7 01       	movw	r20, r14
     a54:	96 01       	movw	r18, r12
     a56:	0e 94 9f 46 	call	0x8d3e	; 0x8d3e <__addsf3>
     a5a:	60 93 49 12 	sts	0x1249, r22	; 0x801249 <AI_Curr_Corr>
     a5e:	70 93 4a 12 	sts	0x124A, r23	; 0x80124a <AI_Curr_Corr+0x1>
     a62:	80 93 4b 12 	sts	0x124B, r24	; 0x80124b <AI_Curr_Corr+0x2>
     a66:	90 93 4c 12 	sts	0x124C, r25	; 0x80124c <AI_Curr_Corr+0x3>
     a6a:	2c 96       	adiw	r28, 0x0c	; 12
     a6c:	0f b6       	in	r0, 0x3f	; 63
     a6e:	f8 94       	cli
     a70:	de bf       	out	0x3e, r29	; 62
     a72:	0f be       	out	0x3f, r0	; 63
     a74:	cd bf       	out	0x3d, r28	; 61
     a76:	df 91       	pop	r29
     a78:	cf 91       	pop	r28
     a7a:	ff 90       	pop	r15
     a7c:	ef 90       	pop	r14
     a7e:	df 90       	pop	r13
     a80:	cf 90       	pop	r12
     a82:	bf 90       	pop	r11
     a84:	af 90       	pop	r10
     a86:	9f 90       	pop	r9
     a88:	8f 90       	pop	r8
     a8a:	7f 90       	pop	r7
     a8c:	6f 90       	pop	r6
     a8e:	5f 90       	pop	r5
     a90:	4f 90       	pop	r4
     a92:	08 95       	ret

00000a94 <get_DAC_Volt_at_Pmax_from_IV>:
     a94:	5f 92       	push	r5
     a96:	6f 92       	push	r6
     a98:	7f 92       	push	r7
     a9a:	8f 92       	push	r8
     a9c:	9f 92       	push	r9
     a9e:	af 92       	push	r10
     aa0:	bf 92       	push	r11
     aa2:	cf 92       	push	r12
     aa4:	df 92       	push	r13
     aa6:	ef 92       	push	r14
     aa8:	ff 92       	push	r15
     aaa:	0f 93       	push	r16
     aac:	1f 93       	push	r17
     aae:	cf 93       	push	r28
     ab0:	df 93       	push	r29
     ab2:	c0 91 b7 06 	lds	r28, 0x06B7	; 0x8006b7 <IV_Meas_Points>
     ab6:	d0 e0       	ldi	r29, 0x00	; 0
     ab8:	10 e0       	ldi	r17, 0x00	; 0
     aba:	00 e0       	ldi	r16, 0x00	; 0
     abc:	91 2c       	mov	r9, r1
     abe:	c1 2c       	mov	r12, r1
     ac0:	d1 2c       	mov	r13, r1
     ac2:	76 01       	movw	r14, r12
     ac4:	cc 23       	and	r28, r28
     ac6:	81 f1       	breq	.+96     	; 0xb28 <get_DAC_Volt_at_Pmax_from_IV+0x94>
     ac8:	c1 50       	subi	r28, 0x01	; 1
     aca:	84 e0       	ldi	r24, 0x04	; 4
     acc:	c8 9f       	mul	r28, r24
     ace:	90 01       	movw	r18, r0
     ad0:	11 24       	eor	r1, r1
     ad2:	f9 01       	movw	r30, r18
     ad4:	e3 55       	subi	r30, 0x53	; 83
     ad6:	f5 4f       	sbci	r31, 0xF5	; 245
     ad8:	5f 01       	movw	r10, r30
     ada:	60 81       	ld	r22, Z
     adc:	71 81       	ldd	r23, Z+1	; 0x01
     ade:	82 81       	ldd	r24, Z+2	; 0x02
     ae0:	93 81       	ldd	r25, Z+3	; 0x03
     ae2:	f9 01       	movw	r30, r18
     ae4:	e4 54       	subi	r30, 0x44	; 68
     ae6:	f9 4f       	sbci	r31, 0xF9	; 249
     ae8:	20 81       	ld	r18, Z
     aea:	31 81       	ldd	r19, Z+1	; 0x01
     aec:	42 81       	ldd	r20, Z+2	; 0x02
     aee:	53 81       	ldd	r21, Z+3	; 0x03
     af0:	0e 94 61 49 	call	0x92c2	; 0x92c2 <__mulsf3>
     af4:	56 2e       	mov	r5, r22
     af6:	67 2e       	mov	r6, r23
     af8:	78 2e       	mov	r7, r24
     afa:	89 2e       	mov	r8, r25
     afc:	26 2f       	mov	r18, r22
     afe:	37 2f       	mov	r19, r23
     b00:	48 2f       	mov	r20, r24
     b02:	59 2f       	mov	r21, r25
     b04:	6d 2f       	mov	r22, r29
     b06:	71 2f       	mov	r23, r17
     b08:	80 2f       	mov	r24, r16
     b0a:	99 2d       	mov	r25, r9
     b0c:	0e 94 03 47 	call	0x8e06	; 0x8e06 <__cmpsf2>
     b10:	87 ff       	sbrs	r24, 7
     b12:	d8 cf       	rjmp	.-80     	; 0xac4 <get_DAC_Volt_at_Pmax_from_IV+0x30>
     b14:	f5 01       	movw	r30, r10
     b16:	c0 80       	ld	r12, Z
     b18:	d1 80       	ldd	r13, Z+1	; 0x01
     b1a:	e2 80       	ldd	r14, Z+2	; 0x02
     b1c:	f3 80       	ldd	r15, Z+3	; 0x03
     b1e:	d5 2d       	mov	r29, r5
     b20:	16 2d       	mov	r17, r6
     b22:	07 2d       	mov	r16, r7
     b24:	98 2c       	mov	r9, r8
     b26:	ce cf       	rjmp	.-100    	; 0xac4 <get_DAC_Volt_at_Pmax_from_IV+0x30>
     b28:	c7 01       	movw	r24, r14
     b2a:	b6 01       	movw	r22, r12
     b2c:	df 91       	pop	r29
     b2e:	cf 91       	pop	r28
     b30:	1f 91       	pop	r17
     b32:	0f 91       	pop	r16
     b34:	ff 90       	pop	r15
     b36:	ef 90       	pop	r14
     b38:	df 90       	pop	r13
     b3a:	cf 90       	pop	r12
     b3c:	bf 90       	pop	r11
     b3e:	af 90       	pop	r10
     b40:	9f 90       	pop	r9
     b42:	8f 90       	pop	r8
     b44:	7f 90       	pop	r7
     b46:	6f 90       	pop	r6
     b48:	5f 90       	pop	r5
     b4a:	08 95       	ret

00000b4c <meas_NTC1_Temp_control_fan_over_Temp>:
     b4c:	cf 92       	push	r12
     b4e:	df 92       	push	r13
     b50:	ef 92       	push	r14
     b52:	ff 92       	push	r15
     b54:	13 9a       	sbi	0x02, 3	; 2
     b56:	12 98       	cbi	0x02, 2	; 2
     b58:	11 9a       	sbi	0x02, 1	; 2
     b5a:	8f e8       	ldi	r24, 0x8F	; 143
     b5c:	91 e0       	ldi	r25, 0x01	; 1
     b5e:	01 97       	sbiw	r24, 0x01	; 1
     b60:	f1 f7       	brne	.-4      	; 0xb5e <meas_NTC1_Temp_control_fan_over_Temp+0x12>
     b62:	00 c0       	rjmp	.+0      	; 0xb64 <meas_NTC1_Temp_control_fan_over_Temp+0x18>
     b64:	00 00       	nop
     b66:	84 e1       	ldi	r24, 0x14	; 20
     b68:	90 e0       	ldi	r25, 0x00	; 0
     b6a:	0e 94 7b 29 	call	0x52f6	; 0x52f6 <ADC_Convert_Avr_MAX11163>
     b6e:	13 9a       	sbi	0x02, 3	; 2
     b70:	12 9a       	sbi	0x02, 2	; 2
     b72:	11 9a       	sbi	0x02, 1	; 2
     b74:	0e 94 d1 47 	call	0x8fa2	; 0x8fa2 <__floatunsisf>
     b78:	2d ec       	ldi	r18, 0xCD	; 205
     b7a:	3c ec       	ldi	r19, 0xCC	; 204
     b7c:	4c e4       	ldi	r20, 0x4C	; 76
     b7e:	5d e3       	ldi	r21, 0x3D	; 61
     b80:	0e 94 61 49 	call	0x92c2	; 0x92c2 <__mulsf3>
     b84:	20 91 19 14 	lds	r18, 0x1419	; 0x801419 <CAL_NTC_1_InvGain>
     b88:	30 91 1a 14 	lds	r19, 0x141A	; 0x80141a <CAL_NTC_1_InvGain+0x1>
     b8c:	40 91 1b 14 	lds	r20, 0x141B	; 0x80141b <CAL_NTC_1_InvGain+0x2>
     b90:	50 91 1c 14 	lds	r21, 0x141C	; 0x80141c <CAL_NTC_1_InvGain+0x3>
     b94:	0e 94 61 49 	call	0x92c2	; 0x92c2 <__mulsf3>
     b98:	6b 01       	movw	r12, r22
     b9a:	7c 01       	movw	r14, r24
     b9c:	9b 01       	movw	r18, r22
     b9e:	ac 01       	movw	r20, r24
     ba0:	60 e0       	ldi	r22, 0x00	; 0
     ba2:	70 e0       	ldi	r23, 0x00	; 0
     ba4:	80 e8       	ldi	r24, 0x80	; 128
     ba6:	97 e4       	ldi	r25, 0x47	; 71
     ba8:	0e 94 9e 46 	call	0x8d3c	; 0x8d3c <__subsf3>
     bac:	9b 01       	movw	r18, r22
     bae:	ac 01       	movw	r20, r24
     bb0:	c7 01       	movw	r24, r14
     bb2:	b6 01       	movw	r22, r12
     bb4:	0e 94 07 47 	call	0x8e0e	; 0x8e0e <__divsf3>
     bb8:	20 91 0c 14 	lds	r18, 0x140C	; 0x80140c <CAL_NTC_1_RSer>
     bbc:	30 91 0d 14 	lds	r19, 0x140D	; 0x80140d <CAL_NTC_1_RSer+0x1>
     bc0:	40 91 0e 14 	lds	r20, 0x140E	; 0x80140e <CAL_NTC_1_RSer+0x2>
     bc4:	50 91 0f 14 	lds	r21, 0x140F	; 0x80140f <CAL_NTC_1_RSer+0x3>
     bc8:	c0 90 8e 10 	lds	r12, 0x108E	; 0x80108e <CAL_NTC_1_InvR25>
     bcc:	d0 90 8f 10 	lds	r13, 0x108F	; 0x80108f <CAL_NTC_1_InvR25+0x1>
     bd0:	e0 90 90 10 	lds	r14, 0x1090	; 0x801090 <CAL_NTC_1_InvR25+0x2>
     bd4:	f0 90 91 10 	lds	r15, 0x1091	; 0x801091 <CAL_NTC_1_InvR25+0x3>
     bd8:	0e 94 61 49 	call	0x92c2	; 0x92c2 <__mulsf3>
     bdc:	a7 01       	movw	r20, r14
     bde:	96 01       	movw	r18, r12
     be0:	0e 94 61 49 	call	0x92c2	; 0x92c2 <__mulsf3>
     be4:	0e 94 ee 48 	call	0x91dc	; 0x91dc <log>
     be8:	20 91 04 14 	lds	r18, 0x1404	; 0x801404 <CAL_NTC_1_InvBeta>
     bec:	30 91 05 14 	lds	r19, 0x1405	; 0x801405 <CAL_NTC_1_InvBeta+0x1>
     bf0:	40 91 06 14 	lds	r20, 0x1406	; 0x801406 <CAL_NTC_1_InvBeta+0x2>
     bf4:	50 91 07 14 	lds	r21, 0x1407	; 0x801407 <CAL_NTC_1_InvBeta+0x3>
     bf8:	0e 94 61 49 	call	0x92c2	; 0x92c2 <__mulsf3>
     bfc:	2e e1       	ldi	r18, 0x1E	; 30
     bfe:	3f ec       	ldi	r19, 0xCF	; 207
     c00:	4b e5       	ldi	r20, 0x5B	; 91
     c02:	5b e3       	ldi	r21, 0x3B	; 59
     c04:	0e 94 9f 46 	call	0x8d3e	; 0x8d3e <__addsf3>
     c08:	9b 01       	movw	r18, r22
     c0a:	ac 01       	movw	r20, r24
     c0c:	60 e0       	ldi	r22, 0x00	; 0
     c0e:	70 e0       	ldi	r23, 0x00	; 0
     c10:	80 e8       	ldi	r24, 0x80	; 128
     c12:	9f e3       	ldi	r25, 0x3F	; 63
     c14:	0e 94 07 47 	call	0x8e0e	; 0x8e0e <__divsf3>
     c18:	23 e3       	ldi	r18, 0x33	; 51
     c1a:	33 e9       	ldi	r19, 0x93	; 147
     c1c:	48 e8       	ldi	r20, 0x88	; 136
     c1e:	53 e4       	ldi	r21, 0x43	; 67
     c20:	0e 94 9e 46 	call	0x8d3c	; 0x8d3c <__subsf3>
     c24:	60 93 a7 10 	sts	0x10A7, r22	; 0x8010a7 <AI_NTC_Temp_1>
     c28:	70 93 a8 10 	sts	0x10A8, r23	; 0x8010a8 <AI_NTC_Temp_1+0x1>
     c2c:	80 93 a9 10 	sts	0x10A9, r24	; 0x8010a9 <AI_NTC_Temp_1+0x2>
     c30:	90 93 aa 10 	sts	0x10AA, r25	; 0x8010aa <AI_NTC_Temp_1+0x3>
     c34:	80 91 cb 14 	lds	r24, 0x14CB	; 0x8014cb <FAN_CTR_State>
     c38:	87 fd       	sbrc	r24, 7
     c3a:	48 c0       	rjmp	.+144    	; 0xccc <meas_NTC1_Temp_control_fan_over_Temp+0x180>
     c3c:	80 91 cb 14 	lds	r24, 0x14CB	; 0x8014cb <FAN_CTR_State>
     c40:	80 fd       	sbrc	r24, 0
     c42:	44 c0       	rjmp	.+136    	; 0xccc <meas_NTC1_Temp_control_fan_over_Temp+0x180>
     c44:	60 91 15 14 	lds	r22, 0x1415	; 0x801415 <AI_NTC_Temp_2>
     c48:	70 91 16 14 	lds	r23, 0x1416	; 0x801416 <AI_NTC_Temp_2+0x1>
     c4c:	80 91 17 14 	lds	r24, 0x1417	; 0x801417 <AI_NTC_Temp_2+0x2>
     c50:	90 91 18 14 	lds	r25, 0x1418	; 0x801418 <AI_NTC_Temp_2+0x3>
     c54:	20 91 72 14 	lds	r18, 0x1472	; 0x801472 <FAN_NTC2_T_On>
     c58:	30 91 73 14 	lds	r19, 0x1473	; 0x801473 <FAN_NTC2_T_On+0x1>
     c5c:	40 91 74 14 	lds	r20, 0x1474	; 0x801474 <FAN_NTC2_T_On+0x2>
     c60:	50 91 75 14 	lds	r21, 0x1475	; 0x801475 <FAN_NTC2_T_On+0x3>
     c64:	0e 94 a8 48 	call	0x9150	; 0x9150 <__gesf2>
     c68:	18 16       	cp	r1, r24
     c6a:	a4 f0       	brlt	.+40     	; 0xc94 <meas_NTC1_Temp_control_fan_over_Temp+0x148>
     c6c:	60 91 a7 10 	lds	r22, 0x10A7	; 0x8010a7 <AI_NTC_Temp_1>
     c70:	70 91 a8 10 	lds	r23, 0x10A8	; 0x8010a8 <AI_NTC_Temp_1+0x1>
     c74:	80 91 a9 10 	lds	r24, 0x10A9	; 0x8010a9 <AI_NTC_Temp_1+0x2>
     c78:	90 91 aa 10 	lds	r25, 0x10AA	; 0x8010aa <AI_NTC_Temp_1+0x3>
     c7c:	20 91 52 14 	lds	r18, 0x1452	; 0x801452 <FAN_NTC1_T_On>
     c80:	30 91 53 14 	lds	r19, 0x1453	; 0x801453 <FAN_NTC1_T_On+0x1>
     c84:	40 91 54 14 	lds	r20, 0x1454	; 0x801454 <FAN_NTC1_T_On+0x2>
     c88:	50 91 55 14 	lds	r21, 0x1455	; 0x801455 <FAN_NTC1_T_On+0x3>
     c8c:	0e 94 a8 48 	call	0x9150	; 0x9150 <__gesf2>
     c90:	18 16       	cp	r1, r24
     c92:	e4 f4       	brge	.+56     	; 0xccc <meas_NTC1_Temp_control_fan_over_Temp+0x180>
     c94:	16 98       	cbi	0x02, 6	; 2
     c96:	17 9a       	sbi	0x02, 7	; 2
     c98:	80 91 cb 14 	lds	r24, 0x14CB	; 0x8014cb <FAN_CTR_State>
     c9c:	81 60       	ori	r24, 0x01	; 1
     c9e:	80 93 cb 14 	sts	0x14CB, r24	; 0x8014cb <FAN_CTR_State>
     ca2:	80 91 cb 14 	lds	r24, 0x14CB	; 0x8014cb <FAN_CTR_State>
     ca6:	82 60       	ori	r24, 0x02	; 2
     ca8:	80 93 cb 14 	sts	0x14CB, r24	; 0x8014cb <FAN_CTR_State>
     cac:	80 91 a7 14 	lds	r24, 0x14A7	; 0x8014a7 <FAN_Switch_Timer_Max>
     cb0:	90 91 a8 14 	lds	r25, 0x14A8	; 0x8014a8 <FAN_Switch_Timer_Max+0x1>
     cb4:	90 93 5c 14 	sts	0x145C, r25	; 0x80145c <FAN_Switch_Counter+0x1>
     cb8:	80 93 5b 14 	sts	0x145B, r24	; 0x80145b <FAN_Switch_Counter>
     cbc:	8f e1       	ldi	r24, 0x1F	; 31
     cbe:	9e e4       	ldi	r25, 0x4E	; 78
     cc0:	01 97       	sbiw	r24, 0x01	; 1
     cc2:	f1 f7       	brne	.-4      	; 0xcc0 <meas_NTC1_Temp_control_fan_over_Temp+0x174>
     cc4:	00 c0       	rjmp	.+0      	; 0xcc6 <meas_NTC1_Temp_control_fan_over_Temp+0x17a>
     cc6:	00 00       	nop
     cc8:	16 9a       	sbi	0x02, 6	; 2
     cca:	17 9a       	sbi	0x02, 7	; 2
     ccc:	ff 90       	pop	r15
     cce:	ef 90       	pop	r14
     cd0:	df 90       	pop	r13
     cd2:	cf 90       	pop	r12
     cd4:	0c 94 6f 36 	jmp	0x6cde	; 0x6cde <Check_Temp_Disconnect_State>

00000cd8 <meas_NTC2_Temp_control_fan_over_Temp>:
     cd8:	cf 92       	push	r12
     cda:	df 92       	push	r13
     cdc:	ef 92       	push	r14
     cde:	ff 92       	push	r15
     ce0:	13 98       	cbi	0x02, 3	; 2
     ce2:	12 98       	cbi	0x02, 2	; 2
     ce4:	11 9a       	sbi	0x02, 1	; 2
     ce6:	8f e8       	ldi	r24, 0x8F	; 143
     ce8:	91 e0       	ldi	r25, 0x01	; 1
     cea:	01 97       	sbiw	r24, 0x01	; 1
     cec:	f1 f7       	brne	.-4      	; 0xcea <meas_NTC2_Temp_control_fan_over_Temp+0x12>
     cee:	00 c0       	rjmp	.+0      	; 0xcf0 <meas_NTC2_Temp_control_fan_over_Temp+0x18>
     cf0:	00 00       	nop
     cf2:	84 e1       	ldi	r24, 0x14	; 20
     cf4:	90 e0       	ldi	r25, 0x00	; 0
     cf6:	0e 94 7b 29 	call	0x52f6	; 0x52f6 <ADC_Convert_Avr_MAX11163>
     cfa:	13 9a       	sbi	0x02, 3	; 2
     cfc:	12 9a       	sbi	0x02, 2	; 2
     cfe:	11 9a       	sbi	0x02, 1	; 2
     d00:	0e 94 d1 47 	call	0x8fa2	; 0x8fa2 <__floatunsisf>
     d04:	2d ec       	ldi	r18, 0xCD	; 205
     d06:	3c ec       	ldi	r19, 0xCC	; 204
     d08:	4c e4       	ldi	r20, 0x4C	; 76
     d0a:	5d e3       	ldi	r21, 0x3D	; 61
     d0c:	0e 94 61 49 	call	0x92c2	; 0x92c2 <__mulsf3>
     d10:	20 91 1d 14 	lds	r18, 0x141D	; 0x80141d <CAL_NTC_2_InvGain>
     d14:	30 91 1e 14 	lds	r19, 0x141E	; 0x80141e <CAL_NTC_2_InvGain+0x1>
     d18:	40 91 1f 14 	lds	r20, 0x141F	; 0x80141f <CAL_NTC_2_InvGain+0x2>
     d1c:	50 91 20 14 	lds	r21, 0x1420	; 0x801420 <CAL_NTC_2_InvGain+0x3>
     d20:	0e 94 61 49 	call	0x92c2	; 0x92c2 <__mulsf3>
     d24:	6b 01       	movw	r12, r22
     d26:	7c 01       	movw	r14, r24
     d28:	9b 01       	movw	r18, r22
     d2a:	ac 01       	movw	r20, r24
     d2c:	60 e0       	ldi	r22, 0x00	; 0
     d2e:	70 e0       	ldi	r23, 0x00	; 0
     d30:	80 e8       	ldi	r24, 0x80	; 128
     d32:	97 e4       	ldi	r25, 0x47	; 71
     d34:	0e 94 9e 46 	call	0x8d3c	; 0x8d3c <__subsf3>
     d38:	9b 01       	movw	r18, r22
     d3a:	ac 01       	movw	r20, r24
     d3c:	c7 01       	movw	r24, r14
     d3e:	b6 01       	movw	r22, r12
     d40:	0e 94 07 47 	call	0x8e0e	; 0x8e0e <__divsf3>
     d44:	20 91 9f 10 	lds	r18, 0x109F	; 0x80109f <CAL_NTC_2_RSer>
     d48:	30 91 a0 10 	lds	r19, 0x10A0	; 0x8010a0 <CAL_NTC_2_RSer+0x1>
     d4c:	40 91 a1 10 	lds	r20, 0x10A1	; 0x8010a1 <CAL_NTC_2_RSer+0x2>
     d50:	50 91 a2 10 	lds	r21, 0x10A2	; 0x8010a2 <CAL_NTC_2_RSer+0x3>
     d54:	c0 90 5e 12 	lds	r12, 0x125E	; 0x80125e <CAL_NTC_2_InvR25>
     d58:	d0 90 5f 12 	lds	r13, 0x125F	; 0x80125f <CAL_NTC_2_InvR25+0x1>
     d5c:	e0 90 60 12 	lds	r14, 0x1260	; 0x801260 <CAL_NTC_2_InvR25+0x2>
     d60:	f0 90 61 12 	lds	r15, 0x1261	; 0x801261 <CAL_NTC_2_InvR25+0x3>
     d64:	0e 94 61 49 	call	0x92c2	; 0x92c2 <__mulsf3>
     d68:	a7 01       	movw	r20, r14
     d6a:	96 01       	movw	r18, r12
     d6c:	0e 94 61 49 	call	0x92c2	; 0x92c2 <__mulsf3>
     d70:	0e 94 ee 48 	call	0x91dc	; 0x91dc <log>
     d74:	20 91 52 12 	lds	r18, 0x1252	; 0x801252 <CAL_NTC_2_InvBeta>
     d78:	30 91 53 12 	lds	r19, 0x1253	; 0x801253 <CAL_NTC_2_InvBeta+0x1>
     d7c:	40 91 54 12 	lds	r20, 0x1254	; 0x801254 <CAL_NTC_2_InvBeta+0x2>
     d80:	50 91 55 12 	lds	r21, 0x1255	; 0x801255 <CAL_NTC_2_InvBeta+0x3>
     d84:	0e 94 61 49 	call	0x92c2	; 0x92c2 <__mulsf3>
     d88:	2e e1       	ldi	r18, 0x1E	; 30
     d8a:	3f ec       	ldi	r19, 0xCF	; 207
     d8c:	4b e5       	ldi	r20, 0x5B	; 91
     d8e:	5b e3       	ldi	r21, 0x3B	; 59
     d90:	0e 94 9f 46 	call	0x8d3e	; 0x8d3e <__addsf3>
     d94:	9b 01       	movw	r18, r22
     d96:	ac 01       	movw	r20, r24
     d98:	60 e0       	ldi	r22, 0x00	; 0
     d9a:	70 e0       	ldi	r23, 0x00	; 0
     d9c:	80 e8       	ldi	r24, 0x80	; 128
     d9e:	9f e3       	ldi	r25, 0x3F	; 63
     da0:	0e 94 07 47 	call	0x8e0e	; 0x8e0e <__divsf3>
     da4:	23 e3       	ldi	r18, 0x33	; 51
     da6:	33 e9       	ldi	r19, 0x93	; 147
     da8:	48 e8       	ldi	r20, 0x88	; 136
     daa:	53 e4       	ldi	r21, 0x43	; 67
     dac:	0e 94 9e 46 	call	0x8d3c	; 0x8d3c <__subsf3>
     db0:	60 93 15 14 	sts	0x1415, r22	; 0x801415 <AI_NTC_Temp_2>
     db4:	70 93 16 14 	sts	0x1416, r23	; 0x801416 <AI_NTC_Temp_2+0x1>
     db8:	80 93 17 14 	sts	0x1417, r24	; 0x801417 <AI_NTC_Temp_2+0x2>
     dbc:	90 93 18 14 	sts	0x1418, r25	; 0x801418 <AI_NTC_Temp_2+0x3>
     dc0:	80 91 cb 14 	lds	r24, 0x14CB	; 0x8014cb <FAN_CTR_State>
     dc4:	87 fd       	sbrc	r24, 7
     dc6:	48 c0       	rjmp	.+144    	; 0xe58 <meas_NTC2_Temp_control_fan_over_Temp+0x180>
     dc8:	80 91 cb 14 	lds	r24, 0x14CB	; 0x8014cb <FAN_CTR_State>
     dcc:	80 fd       	sbrc	r24, 0
     dce:	44 c0       	rjmp	.+136    	; 0xe58 <meas_NTC2_Temp_control_fan_over_Temp+0x180>
     dd0:	60 91 15 14 	lds	r22, 0x1415	; 0x801415 <AI_NTC_Temp_2>
     dd4:	70 91 16 14 	lds	r23, 0x1416	; 0x801416 <AI_NTC_Temp_2+0x1>
     dd8:	80 91 17 14 	lds	r24, 0x1417	; 0x801417 <AI_NTC_Temp_2+0x2>
     ddc:	90 91 18 14 	lds	r25, 0x1418	; 0x801418 <AI_NTC_Temp_2+0x3>
     de0:	20 91 72 14 	lds	r18, 0x1472	; 0x801472 <FAN_NTC2_T_On>
     de4:	30 91 73 14 	lds	r19, 0x1473	; 0x801473 <FAN_NTC2_T_On+0x1>
     de8:	40 91 74 14 	lds	r20, 0x1474	; 0x801474 <FAN_NTC2_T_On+0x2>
     dec:	50 91 75 14 	lds	r21, 0x1475	; 0x801475 <FAN_NTC2_T_On+0x3>
     df0:	0e 94 a8 48 	call	0x9150	; 0x9150 <__gesf2>
     df4:	18 16       	cp	r1, r24
     df6:	a4 f0       	brlt	.+40     	; 0xe20 <meas_NTC2_Temp_control_fan_over_Temp+0x148>
     df8:	60 91 a7 10 	lds	r22, 0x10A7	; 0x8010a7 <AI_NTC_Temp_1>
     dfc:	70 91 a8 10 	lds	r23, 0x10A8	; 0x8010a8 <AI_NTC_Temp_1+0x1>
     e00:	80 91 a9 10 	lds	r24, 0x10A9	; 0x8010a9 <AI_NTC_Temp_1+0x2>
     e04:	90 91 aa 10 	lds	r25, 0x10AA	; 0x8010aa <AI_NTC_Temp_1+0x3>
     e08:	20 91 52 14 	lds	r18, 0x1452	; 0x801452 <FAN_NTC1_T_On>
     e0c:	30 91 53 14 	lds	r19, 0x1453	; 0x801453 <FAN_NTC1_T_On+0x1>
     e10:	40 91 54 14 	lds	r20, 0x1454	; 0x801454 <FAN_NTC1_T_On+0x2>
     e14:	50 91 55 14 	lds	r21, 0x1455	; 0x801455 <FAN_NTC1_T_On+0x3>
     e18:	0e 94 a8 48 	call	0x9150	; 0x9150 <__gesf2>
     e1c:	18 16       	cp	r1, r24
     e1e:	e4 f4       	brge	.+56     	; 0xe58 <meas_NTC2_Temp_control_fan_over_Temp+0x180>
     e20:	16 98       	cbi	0x02, 6	; 2
     e22:	17 9a       	sbi	0x02, 7	; 2
     e24:	80 91 cb 14 	lds	r24, 0x14CB	; 0x8014cb <FAN_CTR_State>
     e28:	81 60       	ori	r24, 0x01	; 1
     e2a:	80 93 cb 14 	sts	0x14CB, r24	; 0x8014cb <FAN_CTR_State>
     e2e:	80 91 cb 14 	lds	r24, 0x14CB	; 0x8014cb <FAN_CTR_State>
     e32:	82 60       	ori	r24, 0x02	; 2
     e34:	80 93 cb 14 	sts	0x14CB, r24	; 0x8014cb <FAN_CTR_State>
     e38:	80 91 a7 14 	lds	r24, 0x14A7	; 0x8014a7 <FAN_Switch_Timer_Max>
     e3c:	90 91 a8 14 	lds	r25, 0x14A8	; 0x8014a8 <FAN_Switch_Timer_Max+0x1>
     e40:	90 93 5c 14 	sts	0x145C, r25	; 0x80145c <FAN_Switch_Counter+0x1>
     e44:	80 93 5b 14 	sts	0x145B, r24	; 0x80145b <FAN_Switch_Counter>
     e48:	8f e1       	ldi	r24, 0x1F	; 31
     e4a:	9e e4       	ldi	r25, 0x4E	; 78
     e4c:	01 97       	sbiw	r24, 0x01	; 1
     e4e:	f1 f7       	brne	.-4      	; 0xe4c <meas_NTC2_Temp_control_fan_over_Temp+0x174>
     e50:	00 c0       	rjmp	.+0      	; 0xe52 <meas_NTC2_Temp_control_fan_over_Temp+0x17a>
     e52:	00 00       	nop
     e54:	16 9a       	sbi	0x02, 6	; 2
     e56:	17 9a       	sbi	0x02, 7	; 2
     e58:	ff 90       	pop	r15
     e5a:	ef 90       	pop	r14
     e5c:	df 90       	pop	r13
     e5e:	cf 90       	pop	r12
     e60:	0c 94 6f 36 	jmp	0x6cde	; 0x6cde <Check_Temp_Disconnect_State>

00000e64 <meas_Bias_Volt_Range_Check>:
     e64:	8f 92       	push	r8
     e66:	9f 92       	push	r9
     e68:	af 92       	push	r10
     e6a:	bf 92       	push	r11
     e6c:	cf 92       	push	r12
     e6e:	df 92       	push	r13
     e70:	ef 92       	push	r14
     e72:	ff 92       	push	r15
     e74:	13 9a       	sbi	0x02, 3	; 2
     e76:	12 9a       	sbi	0x02, 2	; 2
     e78:	11 98       	cbi	0x02, 1	; 2
     e7a:	8f e8       	ldi	r24, 0x8F	; 143
     e7c:	91 e0       	ldi	r25, 0x01	; 1
     e7e:	01 97       	sbiw	r24, 0x01	; 1
     e80:	f1 f7       	brne	.-4      	; 0xe7e <meas_Bias_Volt_Range_Check+0x1a>
     e82:	00 c0       	rjmp	.+0      	; 0xe84 <meas_Bias_Volt_Range_Check+0x20>
     e84:	00 00       	nop
     e86:	84 e1       	ldi	r24, 0x14	; 20
     e88:	90 e0       	ldi	r25, 0x00	; 0
     e8a:	0e 94 7b 29 	call	0x52f6	; 0x52f6 <ADC_Convert_Avr_MAX11163>
     e8e:	13 9a       	sbi	0x02, 3	; 2
     e90:	12 9a       	sbi	0x02, 2	; 2
     e92:	11 9a       	sbi	0x02, 1	; 2
     e94:	80 90 43 12 	lds	r8, 0x1243	; 0x801243 <CAL_Bias_A1>
     e98:	90 90 44 12 	lds	r9, 0x1244	; 0x801244 <CAL_Bias_A1+0x1>
     e9c:	a0 90 45 12 	lds	r10, 0x1245	; 0x801245 <CAL_Bias_A1+0x2>
     ea0:	b0 90 46 12 	lds	r11, 0x1246	; 0x801246 <CAL_Bias_A1+0x3>
     ea4:	c0 90 fb 13 	lds	r12, 0x13FB	; 0x8013fb <CAL_Bias_A0>
     ea8:	d0 90 fc 13 	lds	r13, 0x13FC	; 0x8013fc <CAL_Bias_A0+0x1>
     eac:	e0 90 fd 13 	lds	r14, 0x13FD	; 0x8013fd <CAL_Bias_A0+0x2>
     eb0:	f0 90 fe 13 	lds	r15, 0x13FE	; 0x8013fe <CAL_Bias_A0+0x3>
     eb4:	0e 94 d1 47 	call	0x8fa2	; 0x8fa2 <__floatunsisf>
     eb8:	2d ec       	ldi	r18, 0xCD	; 205
     eba:	3c ec       	ldi	r19, 0xCC	; 204
     ebc:	4c e4       	ldi	r20, 0x4C	; 76
     ebe:	5d e3       	ldi	r21, 0x3D	; 61
     ec0:	0e 94 61 49 	call	0x92c2	; 0x92c2 <__mulsf3>
     ec4:	a5 01       	movw	r20, r10
     ec6:	94 01       	movw	r18, r8
     ec8:	0e 94 61 49 	call	0x92c2	; 0x92c2 <__mulsf3>
     ecc:	a7 01       	movw	r20, r14
     ece:	96 01       	movw	r18, r12
     ed0:	0e 94 9f 46 	call	0x8d3e	; 0x8d3e <__addsf3>
     ed4:	60 93 11 14 	sts	0x1411, r22	; 0x801411 <AI_Bias>
     ed8:	70 93 12 14 	sts	0x1412, r23	; 0x801412 <AI_Bias+0x1>
     edc:	80 93 13 14 	sts	0x1413, r24	; 0x801413 <AI_Bias+0x2>
     ee0:	90 93 14 14 	sts	0x1414, r25	; 0x801414 <AI_Bias+0x3>
     ee4:	60 91 11 14 	lds	r22, 0x1411	; 0x801411 <AI_Bias>
     ee8:	70 91 12 14 	lds	r23, 0x1412	; 0x801412 <AI_Bias+0x1>
     eec:	80 91 13 14 	lds	r24, 0x1413	; 0x801413 <AI_Bias+0x2>
     ef0:	90 91 14 14 	lds	r25, 0x1414	; 0x801414 <AI_Bias+0x3>
     ef4:	20 91 ba 02 	lds	r18, 0x02BA	; 0x8002ba <BiasV_Range_Min>
     ef8:	30 91 bb 02 	lds	r19, 0x02BB	; 0x8002bb <BiasV_Range_Min+0x1>
     efc:	40 91 bc 02 	lds	r20, 0x02BC	; 0x8002bc <BiasV_Range_Min+0x2>
     f00:	50 91 bd 02 	lds	r21, 0x02BD	; 0x8002bd <BiasV_Range_Min+0x3>
     f04:	0e 94 03 47 	call	0x8e06	; 0x8e06 <__cmpsf2>
     f08:	87 fd       	sbrc	r24, 7
     f0a:	14 c0       	rjmp	.+40     	; 0xf34 <meas_Bias_Volt_Range_Check+0xd0>
     f0c:	60 91 11 14 	lds	r22, 0x1411	; 0x801411 <AI_Bias>
     f10:	70 91 12 14 	lds	r23, 0x1412	; 0x801412 <AI_Bias+0x1>
     f14:	80 91 13 14 	lds	r24, 0x1413	; 0x801413 <AI_Bias+0x2>
     f18:	90 91 14 14 	lds	r25, 0x1414	; 0x801414 <AI_Bias+0x3>
     f1c:	20 91 aa 02 	lds	r18, 0x02AA	; 0x8002aa <__data_end>
     f20:	30 91 ab 02 	lds	r19, 0x02AB	; 0x8002ab <__data_end+0x1>
     f24:	40 91 ac 02 	lds	r20, 0x02AC	; 0x8002ac <__data_end+0x2>
     f28:	50 91 ad 02 	lds	r21, 0x02AD	; 0x8002ad <__data_end+0x3>
     f2c:	0e 94 a8 48 	call	0x9150	; 0x9150 <__gesf2>
     f30:	18 16       	cp	r1, r24
     f32:	2c f4       	brge	.+10     	; 0xf3e <meas_Bias_Volt_Range_Check+0xda>
     f34:	80 91 b3 02 	lds	r24, 0x02B3	; 0x8002b3 <IV_Report>
     f38:	84 60       	ori	r24, 0x04	; 4
     f3a:	80 93 b3 02 	sts	0x02B3, r24	; 0x8002b3 <IV_Report>
     f3e:	ff 90       	pop	r15
     f40:	ef 90       	pop	r14
     f42:	df 90       	pop	r13
     f44:	cf 90       	pop	r12
     f46:	bf 90       	pop	r11
     f48:	af 90       	pop	r10
     f4a:	9f 90       	pop	r9
     f4c:	8f 90       	pop	r8
     f4e:	08 95       	ret

00000f50 <PV_IV_MEAS>:
     f50:	2f 92       	push	r2
     f52:	3f 92       	push	r3
     f54:	4f 92       	push	r4
     f56:	5f 92       	push	r5
     f58:	6f 92       	push	r6
     f5a:	7f 92       	push	r7
     f5c:	8f 92       	push	r8
     f5e:	9f 92       	push	r9
     f60:	af 92       	push	r10
     f62:	bf 92       	push	r11
     f64:	cf 92       	push	r12
     f66:	df 92       	push	r13
     f68:	ef 92       	push	r14
     f6a:	ff 92       	push	r15
     f6c:	0f 93       	push	r16
     f6e:	1f 93       	push	r17
     f70:	cf 93       	push	r28
     f72:	df 93       	push	r29
     f74:	cd b7       	in	r28, 0x3d	; 61
     f76:	de b7       	in	r29, 0x3e	; 62
     f78:	2d 97       	sbiw	r28, 0x0d	; 13
     f7a:	0f b6       	in	r0, 0x3f	; 63
     f7c:	f8 94       	cli
     f7e:	de bf       	out	0x3e, r29	; 62
     f80:	0f be       	out	0x3f, r0	; 63
     f82:	cd bf       	out	0x3d, r28	; 61
     f84:	10 92 b3 02 	sts	0x02B3, r1	; 0x8002b3 <IV_Report>
     f88:	20 91 5c 15 	lds	r18, 0x155C	; 0x80155c <Range_Curr_ID_Act>
     f8c:	2a 83       	std	Y+2, r18	; 0x02
     f8e:	30 91 e5 14 	lds	r19, 0x14E5	; 0x8014e5 <Range_Volt_ID_Act>
     f92:	3b 83       	std	Y+3, r19	; 0x03
     f94:	80 91 97 14 	lds	r24, 0x1497	; 0x801497 <PV_Volt_DAC_ACT>
     f98:	90 91 98 14 	lds	r25, 0x1498	; 0x801498 <PV_Volt_DAC_ACT+0x1>
     f9c:	a0 91 99 14 	lds	r26, 0x1499	; 0x801499 <PV_Volt_DAC_ACT+0x2>
     fa0:	b0 91 9a 14 	lds	r27, 0x149A	; 0x80149a <PV_Volt_DAC_ACT+0x3>
     fa4:	88 87       	std	Y+8, r24	; 0x08
     fa6:	99 87       	std	Y+9, r25	; 0x09
     fa8:	aa 87       	std	Y+10, r26	; 0x0a
     faa:	bb 87       	std	Y+11, r27	; 0x0b
     fac:	80 91 c6 02 	lds	r24, 0x02C6	; 0x8002c6 <IV_Mode>
     fb0:	81 ff       	sbrs	r24, 1
     fb2:	4f c0       	rjmp	.+158    	; 0x1052 <__EEPROM_REGION_LENGTH__+0x52>
     fb4:	90 91 b2 02 	lds	r25, 0x02B2	; 0x8002b2 <IV_Point_Meas_Nu_AVR_VoltCurr>
     fb8:	99 83       	std	Y+1, r25	; 0x01
     fba:	60 91 c1 02 	lds	r22, 0x02C1	; 0x8002c1 <IV_Point_Meas_Nu_AVR_Sets>
     fbe:	70 e0       	ldi	r23, 0x00	; 0
     fc0:	80 e0       	ldi	r24, 0x00	; 0
     fc2:	90 e0       	ldi	r25, 0x00	; 0
     fc4:	0e 94 d1 47 	call	0x8fa2	; 0x8fa2 <__floatunsisf>
     fc8:	20 e0       	ldi	r18, 0x00	; 0
     fca:	30 e0       	ldi	r19, 0x00	; 0
     fcc:	40 e8       	ldi	r20, 0x80	; 128
     fce:	5f e3       	ldi	r21, 0x3F	; 63
     fd0:	0e 94 9f 46 	call	0x8d3e	; 0x8d3e <__addsf3>
     fd4:	6b 01       	movw	r12, r22
     fd6:	7c 01       	movw	r14, r24
     fd8:	a9 81       	ldd	r26, Y+1	; 0x01
     fda:	6a 2f       	mov	r22, r26
     fdc:	70 e0       	ldi	r23, 0x00	; 0
     fde:	80 e0       	ldi	r24, 0x00	; 0
     fe0:	90 e0       	ldi	r25, 0x00	; 0
     fe2:	0e 94 d1 47 	call	0x8fa2	; 0x8fa2 <__floatunsisf>
     fe6:	9b 01       	movw	r18, r22
     fe8:	ac 01       	movw	r20, r24
     fea:	c7 01       	movw	r24, r14
     fec:	b6 01       	movw	r22, r12
     fee:	0e 94 61 49 	call	0x92c2	; 0x92c2 <__mulsf3>
     ff2:	9b 01       	movw	r18, r22
     ff4:	ac 01       	movw	r20, r24
     ff6:	60 e0       	ldi	r22, 0x00	; 0
     ff8:	70 e0       	ldi	r23, 0x00	; 0
     ffa:	80 e8       	ldi	r24, 0x80	; 128
     ffc:	9f e3       	ldi	r25, 0x3F	; 63
     ffe:	0e 94 07 47 	call	0x8e0e	; 0x8e0e <__divsf3>
    1002:	06 2f       	mov	r16, r22
    1004:	37 2e       	mov	r3, r23
    1006:	89 83       	std	Y+1, r24	; 0x01
    1008:	19 2f       	mov	r17, r25
    100a:	60 91 b2 02 	lds	r22, 0x02B2	; 0x8002b2 <IV_Point_Meas_Nu_AVR_VoltCurr>
    100e:	b0 90 c1 02 	lds	r11, 0x02C1	; 0x8002c1 <IV_Point_Meas_Nu_AVR_Sets>
    1012:	70 e0       	ldi	r23, 0x00	; 0
    1014:	80 e0       	ldi	r24, 0x00	; 0
    1016:	90 e0       	ldi	r25, 0x00	; 0
    1018:	0e 94 d1 47 	call	0x8fa2	; 0x8fa2 <__floatunsisf>
    101c:	6b 01       	movw	r12, r22
    101e:	7c 01       	movw	r14, r24
    1020:	6b 2d       	mov	r22, r11
    1022:	70 e0       	ldi	r23, 0x00	; 0
    1024:	80 e0       	ldi	r24, 0x00	; 0
    1026:	90 e0       	ldi	r25, 0x00	; 0
    1028:	0e 94 d1 47 	call	0x8fa2	; 0x8fa2 <__floatunsisf>
    102c:	9b 01       	movw	r18, r22
    102e:	ac 01       	movw	r20, r24
    1030:	c7 01       	movw	r24, r14
    1032:	b6 01       	movw	r22, r12
    1034:	0e 94 61 49 	call	0x92c2	; 0x92c2 <__mulsf3>
    1038:	9b 01       	movw	r18, r22
    103a:	ac 01       	movw	r20, r24
    103c:	60 e0       	ldi	r22, 0x00	; 0
    103e:	70 e0       	ldi	r23, 0x00	; 0
    1040:	80 e8       	ldi	r24, 0x80	; 128
    1042:	9f e3       	ldi	r25, 0x3F	; 63
    1044:	0e 94 07 47 	call	0x8e0e	; 0x8e0e <__divsf3>
    1048:	6c 83       	std	Y+4, r22	; 0x04
    104a:	7d 83       	std	Y+5, r23	; 0x05
    104c:	8e 83       	std	Y+6, r24	; 0x06
    104e:	9f 83       	std	Y+7, r25	; 0x07
    1050:	29 c0       	rjmp	.+82     	; 0x10a4 <__EEPROM_REGION_LENGTH__+0xa4>
    1052:	60 91 b2 02 	lds	r22, 0x02B2	; 0x8002b2 <IV_Point_Meas_Nu_AVR_VoltCurr>
    1056:	b0 91 c1 02 	lds	r27, 0x02C1	; 0x8002c1 <IV_Point_Meas_Nu_AVR_Sets>
    105a:	b9 83       	std	Y+1, r27	; 0x01
    105c:	70 e0       	ldi	r23, 0x00	; 0
    105e:	80 e0       	ldi	r24, 0x00	; 0
    1060:	90 e0       	ldi	r25, 0x00	; 0
    1062:	0e 94 d1 47 	call	0x8fa2	; 0x8fa2 <__floatunsisf>
    1066:	6b 01       	movw	r12, r22
    1068:	7c 01       	movw	r14, r24
    106a:	e9 81       	ldd	r30, Y+1	; 0x01
    106c:	6e 2f       	mov	r22, r30
    106e:	70 e0       	ldi	r23, 0x00	; 0
    1070:	80 e0       	ldi	r24, 0x00	; 0
    1072:	90 e0       	ldi	r25, 0x00	; 0
    1074:	0e 94 d1 47 	call	0x8fa2	; 0x8fa2 <__floatunsisf>
    1078:	9b 01       	movw	r18, r22
    107a:	ac 01       	movw	r20, r24
    107c:	c7 01       	movw	r24, r14
    107e:	b6 01       	movw	r22, r12
    1080:	0e 94 61 49 	call	0x92c2	; 0x92c2 <__mulsf3>
    1084:	9b 01       	movw	r18, r22
    1086:	ac 01       	movw	r20, r24
    1088:	60 e0       	ldi	r22, 0x00	; 0
    108a:	70 e0       	ldi	r23, 0x00	; 0
    108c:	80 e8       	ldi	r24, 0x80	; 128
    108e:	9f e3       	ldi	r25, 0x3F	; 63
    1090:	0e 94 07 47 	call	0x8e0e	; 0x8e0e <__divsf3>
    1094:	06 2f       	mov	r16, r22
    1096:	37 2e       	mov	r3, r23
    1098:	89 83       	std	Y+1, r24	; 0x01
    109a:	19 2f       	mov	r17, r25
    109c:	6c 83       	std	Y+4, r22	; 0x04
    109e:	7d 83       	std	Y+5, r23	; 0x05
    10a0:	8e 83       	std	Y+6, r24	; 0x06
    10a2:	9f 83       	std	Y+7, r25	; 0x07
    10a4:	80 91 b8 02 	lds	r24, 0x02B8	; 0x8002b8 <IV_Point_Set_Delay_ms>
    10a8:	90 91 b9 02 	lds	r25, 0x02B9	; 0x8002b9 <IV_Point_Set_Delay_ms+0x1>
    10ac:	80 32       	cpi	r24, 0x20	; 32
    10ae:	9e 44       	sbci	r25, 0x4E	; 78
    10b0:	18 f0       	brcs	.+6      	; 0x10b8 <__EEPROM_REGION_LENGTH__+0xb8>
    10b2:	80 e6       	ldi	r24, 0x60	; 96
    10b4:	9a ee       	ldi	r25, 0xEA	; 234
    10b6:	0a c0       	rjmp	.+20     	; 0x10cc <__EEPROM_REGION_LENGTH__+0xcc>
    10b8:	80 91 b8 02 	lds	r24, 0x02B8	; 0x8002b8 <IV_Point_Set_Delay_ms>
    10bc:	90 91 b9 02 	lds	r25, 0x02B9	; 0x8002b9 <IV_Point_Set_Delay_ms+0x1>
    10c0:	9c 01       	movw	r18, r24
    10c2:	22 0f       	add	r18, r18
    10c4:	33 1f       	adc	r19, r19
    10c6:	82 0f       	add	r24, r18
    10c8:	93 1f       	adc	r25, r19
    10ca:	c2 96       	adiw	r24, 0x32	; 50
    10cc:	90 93 c0 02 	sts	0x02C0, r25	; 0x8002c0 <IV_Setup_Signal_Set_Time+0x1>
    10d0:	80 93 bf 02 	sts	0x02BF, r24	; 0x8002bf <IV_Setup_Signal_Set_Time>
    10d4:	ee d8       	rcall	.-3620   	; 0x2b2 <IV_MEAS__Get_Voc_Set_Optimum_Range>
    10d6:	6b 01       	movw	r12, r22
    10d8:	7c 01       	movw	r14, r24
    10da:	56 d9       	rcall	.-3412   	; 0x388 <IV_MEAS__Get_Curr_Optimum_Range>
    10dc:	80 91 c6 02 	lds	r24, 0x02C6	; 0x8002c6 <IV_Mode>
    10e0:	80 ff       	sbrs	r24, 0
    10e2:	b6 c0       	rjmp	.+364    	; 0x1250 <__EEPROM_REGION_LENGTH__+0x250>
    10e4:	80 90 ae 02 	lds	r8, 0x02AE	; 0x8002ae <IV_Cos_Max_Phase>
    10e8:	90 90 af 02 	lds	r9, 0x02AF	; 0x8002af <IV_Cos_Max_Phase+0x1>
    10ec:	a0 90 b0 02 	lds	r10, 0x02B0	; 0x8002b0 <IV_Cos_Max_Phase+0x2>
    10f0:	b0 90 b1 02 	lds	r11, 0x02B1	; 0x8002b1 <IV_Cos_Max_Phase+0x3>
    10f4:	60 91 b7 06 	lds	r22, 0x06B7	; 0x8006b7 <IV_Meas_Points>
    10f8:	70 e0       	ldi	r23, 0x00	; 0
    10fa:	61 50       	subi	r22, 0x01	; 1
    10fc:	71 09       	sbc	r23, r1
    10fe:	07 2e       	mov	r0, r23
    1100:	00 0c       	add	r0, r0
    1102:	88 0b       	sbc	r24, r24
    1104:	99 0b       	sbc	r25, r25
    1106:	0e 94 d3 47 	call	0x8fa6	; 0x8fa6 <__floatsisf>
    110a:	9b 01       	movw	r18, r22
    110c:	ac 01       	movw	r20, r24
    110e:	c5 01       	movw	r24, r10
    1110:	b4 01       	movw	r22, r8
    1112:	0e 94 07 47 	call	0x8e0e	; 0x8e0e <__divsf3>
    1116:	2b 01       	movw	r4, r22
    1118:	3c 01       	movw	r6, r24
    111a:	20 91 a9 0a 	lds	r18, 0x0AA9	; 0x800aa9 <IV_Voc_Overshoot_Fact>
    111e:	30 91 aa 0a 	lds	r19, 0x0AAA	; 0x800aaa <IV_Voc_Overshoot_Fact+0x1>
    1122:	40 91 ab 0a 	lds	r20, 0x0AAB	; 0x800aab <IV_Voc_Overshoot_Fact+0x2>
    1126:	50 91 ac 0a 	lds	r21, 0x0AAC	; 0x800aac <IV_Voc_Overshoot_Fact+0x3>
    112a:	c7 01       	movw	r24, r14
    112c:	b6 01       	movw	r22, r12
    112e:	0e 94 61 49 	call	0x92c2	; 0x92c2 <__mulsf3>
    1132:	6b 01       	movw	r12, r22
    1134:	7c 01       	movw	r14, r24
    1136:	60 91 b7 06 	lds	r22, 0x06B7	; 0x8006b7 <IV_Meas_Points>
    113a:	70 e0       	ldi	r23, 0x00	; 0
    113c:	61 50       	subi	r22, 0x01	; 1
    113e:	71 09       	sbc	r23, r1
    1140:	07 2e       	mov	r0, r23
    1142:	00 0c       	add	r0, r0
    1144:	88 0b       	sbc	r24, r24
    1146:	99 0b       	sbc	r25, r25
    1148:	0e 94 d3 47 	call	0x8fa6	; 0x8fa6 <__floatsisf>
    114c:	a3 01       	movw	r20, r6
    114e:	92 01       	movw	r18, r4
    1150:	0e 94 61 49 	call	0x92c2	; 0x92c2 <__mulsf3>
    1154:	0e 94 e4 49 	call	0x93c8	; 0x93c8 <sin>
    1158:	4b 01       	movw	r8, r22
    115a:	5c 01       	movw	r10, r24
    115c:	60 91 ae 02 	lds	r22, 0x02AE	; 0x8002ae <IV_Cos_Max_Phase>
    1160:	70 91 af 02 	lds	r23, 0x02AF	; 0x8002af <IV_Cos_Max_Phase+0x1>
    1164:	80 91 b0 02 	lds	r24, 0x02B0	; 0x8002b0 <IV_Cos_Max_Phase+0x2>
    1168:	90 91 b1 02 	lds	r25, 0x02B1	; 0x8002b1 <IV_Cos_Max_Phase+0x3>
    116c:	26 ea       	ldi	r18, 0xA6	; 166
    116e:	3f e0       	ldi	r19, 0x0F	; 15
    1170:	49 ec       	ldi	r20, 0xC9	; 201
    1172:	5f e3       	ldi	r21, 0x3F	; 63
    1174:	0e 94 03 47 	call	0x8e06	; 0x8e06 <__cmpsf2>
    1178:	a5 01       	movw	r20, r10
    117a:	94 01       	movw	r18, r8
    117c:	18 16       	cp	r1, r24
    117e:	44 f4       	brge	.+16     	; 0x1190 <__EEPROM_REGION_LENGTH__+0x190>
    1180:	60 e0       	ldi	r22, 0x00	; 0
    1182:	70 e0       	ldi	r23, 0x00	; 0
    1184:	80 e0       	ldi	r24, 0x00	; 0
    1186:	90 e4       	ldi	r25, 0x40	; 64
    1188:	0e 94 9e 46 	call	0x8d3c	; 0x8d3c <__subsf3>
    118c:	9b 01       	movw	r18, r22
    118e:	ac 01       	movw	r20, r24
    1190:	c7 01       	movw	r24, r14
    1192:	b6 01       	movw	r22, r12
    1194:	0e 94 07 47 	call	0x8e0e	; 0x8e0e <__divsf3>
    1198:	6b 01       	movw	r12, r22
    119a:	7c 01       	movw	r14, r24
    119c:	21 2c       	mov	r2, r1
    119e:	80 91 b7 06 	lds	r24, 0x06B7	; 0x8006b7 <IV_Meas_Points>
    11a2:	28 16       	cp	r2, r24
    11a4:	08 f0       	brcs	.+2      	; 0x11a8 <__EEPROM_REGION_LENGTH__+0x1a8>
    11a6:	43 c0       	rjmp	.+134    	; 0x122e <__EEPROM_REGION_LENGTH__+0x22e>
    11a8:	22 2d       	mov	r18, r2
    11aa:	30 e0       	ldi	r19, 0x00	; 0
    11ac:	3d 87       	std	Y+13, r19	; 0x0d
    11ae:	2c 87       	std	Y+12, r18	; 0x0c
    11b0:	b9 01       	movw	r22, r18
    11b2:	33 0f       	add	r19, r19
    11b4:	88 0b       	sbc	r24, r24
    11b6:	99 0b       	sbc	r25, r25
    11b8:	0e 94 d3 47 	call	0x8fa6	; 0x8fa6 <__floatsisf>
    11bc:	a3 01       	movw	r20, r6
    11be:	92 01       	movw	r18, r4
    11c0:	0e 94 61 49 	call	0x92c2	; 0x92c2 <__mulsf3>
    11c4:	4b 01       	movw	r8, r22
    11c6:	5c 01       	movw	r10, r24
    11c8:	26 ea       	ldi	r18, 0xA6	; 166
    11ca:	3f e0       	ldi	r19, 0x0F	; 15
    11cc:	49 ec       	ldi	r20, 0xC9	; 201
    11ce:	5f e3       	ldi	r21, 0x3F	; 63
    11d0:	0e 94 03 47 	call	0x8e06	; 0x8e06 <__cmpsf2>
    11d4:	ac 85       	ldd	r26, Y+12	; 0x0c
    11d6:	bd 85       	ldd	r27, Y+13	; 0x0d
    11d8:	aa 0f       	add	r26, r26
    11da:	bb 1f       	adc	r27, r27
    11dc:	aa 0f       	add	r26, r26
    11de:	bb 1f       	adc	r27, r27
    11e0:	bd 87       	std	Y+13, r27	; 0x0d
    11e2:	ac 87       	std	Y+12, r26	; 0x0c
    11e4:	18 16       	cp	r1, r24
    11e6:	4c f0       	brlt	.+18     	; 0x11fa <__EEPROM_REGION_LENGTH__+0x1fa>
    11e8:	c5 01       	movw	r24, r10
    11ea:	b4 01       	movw	r22, r8
    11ec:	0e 94 e4 49 	call	0x93c8	; 0x93c8 <sin>
    11f0:	9b 01       	movw	r18, r22
    11f2:	ac 01       	movw	r20, r24
    11f4:	c7 01       	movw	r24, r14
    11f6:	b6 01       	movw	r22, r12
    11f8:	0e c0       	rjmp	.+28     	; 0x1216 <__EEPROM_REGION_LENGTH__+0x216>
    11fa:	c5 01       	movw	r24, r10
    11fc:	b4 01       	movw	r22, r8
    11fe:	0e 94 e4 49 	call	0x93c8	; 0x93c8 <sin>
    1202:	9b 01       	movw	r18, r22
    1204:	ac 01       	movw	r20, r24
    1206:	60 e0       	ldi	r22, 0x00	; 0
    1208:	70 e0       	ldi	r23, 0x00	; 0
    120a:	80 e0       	ldi	r24, 0x00	; 0
    120c:	90 e4       	ldi	r25, 0x40	; 64
    120e:	0e 94 9e 46 	call	0x8d3c	; 0x8d3c <__subsf3>
    1212:	a7 01       	movw	r20, r14
    1214:	96 01       	movw	r18, r12
    1216:	0e 94 61 49 	call	0x92c2	; 0x92c2 <__mulsf3>
    121a:	ec 85       	ldd	r30, Y+12	; 0x0c
    121c:	fd 85       	ldd	r31, Y+13	; 0x0d
    121e:	e5 53       	subi	r30, 0x35	; 53
    1220:	fd 4f       	sbci	r31, 0xFD	; 253
    1222:	60 83       	st	Z, r22
    1224:	71 83       	std	Z+1, r23	; 0x01
    1226:	82 83       	std	Z+2, r24	; 0x02
    1228:	93 83       	std	Z+3, r25	; 0x03
    122a:	23 94       	inc	r2
    122c:	b8 cf       	rjmp	.-144    	; 0x119e <__EEPROM_REGION_LENGTH__+0x19e>
    122e:	80 91 c6 02 	lds	r24, 0x02C6	; 0x8002c6 <IV_Mode>
    1232:	82 ff       	sbrs	r24, 2
    1234:	4d c0       	rjmp	.+154    	; 0x12d0 <__EEPROM_REGION_LENGTH__+0x2d0>
    1236:	e0 91 b7 06 	lds	r30, 0x06B7	; 0x8006b7 <IV_Meas_Points>
    123a:	b4 e0       	ldi	r27, 0x04	; 4
    123c:	eb 9f       	mul	r30, r27
    123e:	f0 01       	movw	r30, r0
    1240:	11 24       	eor	r1, r1
    1242:	e9 53       	subi	r30, 0x39	; 57
    1244:	fd 4f       	sbci	r31, 0xFD	; 253
    1246:	60 81       	ld	r22, Z
    1248:	71 81       	ldd	r23, Z+1	; 0x01
    124a:	82 81       	ldd	r24, Z+2	; 0x02
    124c:	93 81       	ldd	r25, Z+3	; 0x03
    124e:	48 c0       	rjmp	.+144    	; 0x12e0 <__EEPROM_REGION_LENGTH__+0x2e0>
    1250:	20 91 a9 0a 	lds	r18, 0x0AA9	; 0x800aa9 <IV_Voc_Overshoot_Fact>
    1254:	30 91 aa 0a 	lds	r19, 0x0AAA	; 0x800aaa <IV_Voc_Overshoot_Fact+0x1>
    1258:	40 91 ab 0a 	lds	r20, 0x0AAB	; 0x800aab <IV_Voc_Overshoot_Fact+0x2>
    125c:	50 91 ac 0a 	lds	r21, 0x0AAC	; 0x800aac <IV_Voc_Overshoot_Fact+0x3>
    1260:	b0 90 b7 06 	lds	r11, 0x06B7	; 0x8006b7 <IV_Meas_Points>
    1264:	c7 01       	movw	r24, r14
    1266:	b6 01       	movw	r22, r12
    1268:	0e 94 61 49 	call	0x92c2	; 0x92c2 <__mulsf3>
    126c:	6b 01       	movw	r12, r22
    126e:	7c 01       	movw	r14, r24
    1270:	6b 2d       	mov	r22, r11
    1272:	70 e0       	ldi	r23, 0x00	; 0
    1274:	61 50       	subi	r22, 0x01	; 1
    1276:	71 09       	sbc	r23, r1
    1278:	07 2e       	mov	r0, r23
    127a:	00 0c       	add	r0, r0
    127c:	88 0b       	sbc	r24, r24
    127e:	99 0b       	sbc	r25, r25
    1280:	0e 94 d3 47 	call	0x8fa6	; 0x8fa6 <__floatsisf>
    1284:	9b 01       	movw	r18, r22
    1286:	ac 01       	movw	r20, r24
    1288:	c7 01       	movw	r24, r14
    128a:	b6 01       	movw	r22, r12
    128c:	0e 94 07 47 	call	0x8e0e	; 0x8e0e <__divsf3>
    1290:	4b 01       	movw	r8, r22
    1292:	5c 01       	movw	r10, r24
    1294:	d1 2c       	mov	r13, r1
    1296:	80 91 b7 06 	lds	r24, 0x06B7	; 0x8006b7 <IV_Meas_Points>
    129a:	d8 16       	cp	r13, r24
    129c:	40 f6       	brcc	.-112    	; 0x122e <__EEPROM_REGION_LENGTH__+0x22e>
    129e:	ed 2c       	mov	r14, r13
    12a0:	f1 2c       	mov	r15, r1
    12a2:	6d 2d       	mov	r22, r13
    12a4:	70 e0       	ldi	r23, 0x00	; 0
    12a6:	80 e0       	ldi	r24, 0x00	; 0
    12a8:	90 e0       	ldi	r25, 0x00	; 0
    12aa:	0e 94 d1 47 	call	0x8fa2	; 0x8fa2 <__floatunsisf>
    12ae:	a5 01       	movw	r20, r10
    12b0:	94 01       	movw	r18, r8
    12b2:	0e 94 61 49 	call	0x92c2	; 0x92c2 <__mulsf3>
    12b6:	f7 01       	movw	r30, r14
    12b8:	ee 0f       	add	r30, r30
    12ba:	ff 1f       	adc	r31, r31
    12bc:	ee 0f       	add	r30, r30
    12be:	ff 1f       	adc	r31, r31
    12c0:	e5 53       	subi	r30, 0x35	; 53
    12c2:	fd 4f       	sbci	r31, 0xFD	; 253
    12c4:	60 83       	st	Z, r22
    12c6:	71 83       	std	Z+1, r23	; 0x01
    12c8:	82 83       	std	Z+2, r24	; 0x02
    12ca:	93 83       	std	Z+3, r25	; 0x03
    12cc:	d3 94       	inc	r13
    12ce:	e3 cf       	rjmp	.-58     	; 0x1296 <__EEPROM_REGION_LENGTH__+0x296>
    12d0:	60 91 cb 02 	lds	r22, 0x02CB	; 0x8002cb <PV_DAC_Points>
    12d4:	70 91 cc 02 	lds	r23, 0x02CC	; 0x8002cc <PV_DAC_Points+0x1>
    12d8:	80 91 cd 02 	lds	r24, 0x02CD	; 0x8002cd <PV_DAC_Points+0x2>
    12dc:	90 91 ce 02 	lds	r25, 0x02CE	; 0x8002ce <PV_DAC_Points+0x3>
    12e0:	0e 94 cf 2d 	call	0x5b9e	; 0x5b9e <Set_DAC_Output_Volts>
    12e4:	80 91 bf 02 	lds	r24, 0x02BF	; 0x8002bf <IV_Setup_Signal_Set_Time>
    12e8:	90 91 c0 02 	lds	r25, 0x02C0	; 0x8002c0 <IV_Setup_Signal_Set_Time+0x1>
    12ec:	a8 95       	wdr
    12ee:	00 97       	sbiw	r24, 0x00	; 0
    12f0:	49 f0       	breq	.+18     	; 0x1304 <__EEPROM_REGION_LENGTH__+0x304>
    12f2:	ef e9       	ldi	r30, 0x9F	; 159
    12f4:	ff e0       	ldi	r31, 0x0F	; 15
    12f6:	31 97       	sbiw	r30, 0x01	; 1
    12f8:	f1 f7       	brne	.-4      	; 0x12f6 <__EEPROM_REGION_LENGTH__+0x2f6>
    12fa:	00 c0       	rjmp	.+0      	; 0x12fc <__EEPROM_REGION_LENGTH__+0x2fc>
    12fc:	00 00       	nop
    12fe:	a8 95       	wdr
    1300:	01 97       	sbiw	r24, 0x01	; 1
    1302:	f5 cf       	rjmp	.-22     	; 0x12ee <__EEPROM_REGION_LENGTH__+0x2ee>
    1304:	a1 2c       	mov	r10, r1
    1306:	80 91 b7 06 	lds	r24, 0x06B7	; 0x8006b7 <IV_Meas_Points>
    130a:	a8 16       	cp	r10, r24
    130c:	08 f0       	brcs	.+2      	; 0x1310 <__EEPROM_REGION_LENGTH__+0x310>
    130e:	76 c0       	rjmp	.+236    	; 0x13fc <__EEPROM_REGION_LENGTH__+0x3fc>
    1310:	80 91 c6 02 	lds	r24, 0x02C6	; 0x8002c6 <IV_Mode>
    1314:	ca 2c       	mov	r12, r10
    1316:	d1 2c       	mov	r13, r1
    1318:	82 ff       	sbrs	r24, 2
    131a:	0c c0       	rjmp	.+24     	; 0x1334 <__EEPROM_REGION_LENGTH__+0x334>
    131c:	e0 91 b7 06 	lds	r30, 0x06B7	; 0x8006b7 <IV_Meas_Points>
    1320:	f0 e0       	ldi	r31, 0x00	; 0
    1322:	ec 19       	sub	r30, r12
    1324:	fd 09       	sbc	r31, r13
    1326:	ee 0f       	add	r30, r30
    1328:	ff 1f       	adc	r31, r31
    132a:	ee 0f       	add	r30, r30
    132c:	ff 1f       	adc	r31, r31
    132e:	e9 53       	subi	r30, 0x39	; 57
    1330:	fd 4f       	sbci	r31, 0xFD	; 253
    1332:	07 c0       	rjmp	.+14     	; 0x1342 <__EEPROM_REGION_LENGTH__+0x342>
    1334:	f6 01       	movw	r30, r12
    1336:	ee 0f       	add	r30, r30
    1338:	ff 1f       	adc	r31, r31
    133a:	ee 0f       	add	r30, r30
    133c:	ff 1f       	adc	r31, r31
    133e:	e5 53       	subi	r30, 0x35	; 53
    1340:	fd 4f       	sbci	r31, 0xFD	; 253
    1342:	60 81       	ld	r22, Z
    1344:	71 81       	ldd	r23, Z+1	; 0x01
    1346:	82 81       	ldd	r24, Z+2	; 0x02
    1348:	93 81       	ldd	r25, Z+3	; 0x03
    134a:	0e 94 cf 2d 	call	0x5b9e	; 0x5b9e <Set_DAC_Output_Volts>
    134e:	a8 95       	wdr
    1350:	e0 90 b8 02 	lds	r14, 0x02B8	; 0x8002b8 <IV_Point_Set_Delay_ms>
    1354:	f0 90 b9 02 	lds	r15, 0x02B9	; 0x8002b9 <IV_Point_Set_Delay_ms+0x1>
    1358:	f1 e0       	ldi	r31, 0x01	; 1
    135a:	ef 1a       	sub	r14, r31
    135c:	f1 08       	sbc	r15, r1
    135e:	1c 86       	std	Y+12, r1	; 0x0c
    1360:	ff ef       	ldi	r31, 0xFF	; 255
    1362:	ef 16       	cp	r14, r31
    1364:	ff 06       	cpc	r15, r31
    1366:	09 f4       	brne	.+2      	; 0x136a <__EEPROM_REGION_LENGTH__+0x36a>
    1368:	c7 c0       	rjmp	.+398    	; 0x14f8 <__EEPROM_REGION_LENGTH__+0x4f8>
    136a:	a8 95       	wdr
    136c:	2c 85       	ldd	r18, Y+12	; 0x0c
    136e:	21 30       	cpi	r18, 0x01	; 1
    1370:	81 f4       	brne	.+32     	; 0x1392 <__EEPROM_REGION_LENGTH__+0x392>
    1372:	ec db       	rcall	.-2088   	; 0xb4c <meas_NTC1_Temp_control_fan_over_Temp>
    1374:	88 23       	and	r24, r24
    1376:	39 f0       	breq	.+14     	; 0x1386 <__EEPROM_REGION_LENGTH__+0x386>
    1378:	80 91 b3 02 	lds	r24, 0x02B3	; 0x8002b3 <IV_Report>
    137c:	82 60       	ori	r24, 0x02	; 2
    137e:	80 93 b3 02 	sts	0x02B3, r24	; 0x8002b3 <IV_Report>
    1382:	81 e0       	ldi	r24, 0x01	; 1
    1384:	01 c0       	rjmp	.+2      	; 0x1388 <__EEPROM_REGION_LENGTH__+0x388>
    1386:	80 e0       	ldi	r24, 0x00	; 0
    1388:	ab e4       	ldi	r26, 0x4B	; 75
    138a:	b6 e0       	ldi	r27, 0x06	; 6
    138c:	11 97       	sbiw	r26, 0x01	; 1
    138e:	f1 f7       	brne	.-4      	; 0x138c <__EEPROM_REGION_LENGTH__+0x38c>
    1390:	12 c0       	rjmp	.+36     	; 0x13b6 <__EEPROM_REGION_LENGTH__+0x3b6>
    1392:	bc 85       	ldd	r27, Y+12	; 0x0c
    1394:	b2 30       	cpi	r27, 0x02	; 2
    1396:	a9 f4       	brne	.+42     	; 0x13c2 <__EEPROM_REGION_LENGTH__+0x3c2>
    1398:	9f dc       	rcall	.-1730   	; 0xcd8 <meas_NTC2_Temp_control_fan_over_Temp>
    139a:	88 23       	and	r24, r24
    139c:	39 f0       	breq	.+14     	; 0x13ac <__EEPROM_REGION_LENGTH__+0x3ac>
    139e:	80 91 b3 02 	lds	r24, 0x02B3	; 0x8002b3 <IV_Report>
    13a2:	82 60       	ori	r24, 0x02	; 2
    13a4:	80 93 b3 02 	sts	0x02B3, r24	; 0x8002b3 <IV_Report>
    13a8:	81 e0       	ldi	r24, 0x01	; 1
    13aa:	01 c0       	rjmp	.+2      	; 0x13ae <__EEPROM_REGION_LENGTH__+0x3ae>
    13ac:	80 e0       	ldi	r24, 0x00	; 0
    13ae:	eb e4       	ldi	r30, 0x4B	; 75
    13b0:	f6 e0       	ldi	r31, 0x06	; 6
    13b2:	31 97       	sbiw	r30, 0x01	; 1
    13b4:	f1 f7       	brne	.-4      	; 0x13b2 <__EEPROM_REGION_LENGTH__+0x3b2>
    13b6:	00 c0       	rjmp	.+0      	; 0x13b8 <__EEPROM_REGION_LENGTH__+0x3b8>
    13b8:	00 00       	nop
    13ba:	88 23       	and	r24, r24
    13bc:	09 f4       	brne	.+2      	; 0x13c0 <__EEPROM_REGION_LENGTH__+0x3c0>
    13be:	ca c0       	rjmp	.+404    	; 0x1554 <__EEPROM_REGION_LENGTH__+0x554>
    13c0:	1d c0       	rjmp	.+58     	; 0x13fc <__EEPROM_REGION_LENGTH__+0x3fc>
    13c2:	fc 85       	ldd	r31, Y+12	; 0x0c
    13c4:	f3 30       	cpi	r31, 0x03	; 3
    13c6:	51 f4       	brne	.+20     	; 0x13dc <__EEPROM_REGION_LENGTH__+0x3dc>
    13c8:	4d dd       	rcall	.-1382   	; 0xe64 <meas_Bias_Volt_Range_Check>
    13ca:	8b e3       	ldi	r24, 0x3B	; 59
    13cc:	9a e0       	ldi	r25, 0x0A	; 10
    13ce:	01 97       	sbiw	r24, 0x01	; 1
    13d0:	f1 f7       	brne	.-4      	; 0x13ce <__EEPROM_REGION_LENGTH__+0x3ce>
    13d2:	00 c0       	rjmp	.+0      	; 0x13d4 <__EEPROM_REGION_LENGTH__+0x3d4>
    13d4:	00 00       	nop
    13d6:	94 e0       	ldi	r25, 0x04	; 4
    13d8:	9c 87       	std	Y+12, r25	; 0x0c
    13da:	0c c0       	rjmp	.+24     	; 0x13f4 <__EEPROM_REGION_LENGTH__+0x3f4>
    13dc:	ab e9       	ldi	r26, 0x9B	; 155
    13de:	bf e0       	ldi	r27, 0x0F	; 15
    13e0:	11 97       	sbiw	r26, 0x01	; 1
    13e2:	f1 f7       	brne	.-4      	; 0x13e0 <__EEPROM_REGION_LENGTH__+0x3e0>
    13e4:	00 c0       	rjmp	.+0      	; 0x13e6 <__EEPROM_REGION_LENGTH__+0x3e6>
    13e6:	00 00       	nop
    13e8:	bc 85       	ldd	r27, Y+12	; 0x0c
    13ea:	bf 5f       	subi	r27, 0xFF	; 255
    13ec:	bc 87       	std	Y+12, r27	; 0x0c
    13ee:	ba 30       	cpi	r27, 0x0A	; 10
    13f0:	08 f0       	brcs	.+2      	; 0x13f4 <__EEPROM_REGION_LENGTH__+0x3f4>
    13f2:	1c 86       	std	Y+12, r1	; 0x0c
    13f4:	e1 e0       	ldi	r30, 0x01	; 1
    13f6:	ee 1a       	sub	r14, r30
    13f8:	f1 08       	sbc	r15, r1
    13fa:	b2 cf       	rjmp	.-156    	; 0x1360 <__EEPROM_REGION_LENGTH__+0x360>
    13fc:	00 99       	sbic	0x00, 0	; 0
    13fe:	04 c0       	rjmp	.+8      	; 0x1408 <__EEPROM_REGION_LENGTH__+0x408>
    1400:	80 91 b3 02 	lds	r24, 0x02B3	; 0x8002b3 <IV_Report>
    1404:	81 60       	ori	r24, 0x01	; 1
    1406:	03 c0       	rjmp	.+6      	; 0x140e <__EEPROM_REGION_LENGTH__+0x40e>
    1408:	80 91 b3 02 	lds	r24, 0x02B3	; 0x8002b3 <IV_Report>
    140c:	8e 7f       	andi	r24, 0xFE	; 254
    140e:	80 93 b3 02 	sts	0x02B3, r24	; 0x8002b3 <IV_Report>
    1412:	80 91 69 14 	lds	r24, 0x1469	; 0x801469 <Track_Status>
    1416:	80 68       	ori	r24, 0x80	; 128
    1418:	80 93 69 14 	sts	0x1469, r24	; 0x801469 <Track_Status>
    141c:	80 91 2a 14 	lds	r24, 0x142A	; 0x80142a <SysStatus_B>
    1420:	82 60       	ori	r24, 0x02	; 2
    1422:	80 93 2a 14 	sts	0x142A, r24	; 0x80142a <SysStatus_B>
    1426:	80 91 2b 14 	lds	r24, 0x142B	; 0x80142b <SysControl>
    142a:	8d 7f       	andi	r24, 0xFD	; 253
    142c:	80 93 2b 14 	sts	0x142B, r24	; 0x80142b <SysControl>
    1430:	88 85       	ldd	r24, Y+8	; 0x08
    1432:	99 85       	ldd	r25, Y+9	; 0x09
    1434:	aa 85       	ldd	r26, Y+10	; 0x0a
    1436:	bb 85       	ldd	r27, Y+11	; 0x0b
    1438:	80 93 bd 14 	sts	0x14BD, r24	; 0x8014bd <PV_Volt_DAQ_New>
    143c:	90 93 be 14 	sts	0x14BE, r25	; 0x8014be <PV_Volt_DAQ_New+0x1>
    1440:	a0 93 bf 14 	sts	0x14BF, r26	; 0x8014bf <PV_Volt_DAQ_New+0x2>
    1444:	b0 93 c0 14 	sts	0x14C0, r27	; 0x8014c0 <PV_Volt_DAQ_New+0x3>
    1448:	80 91 5c 15 	lds	r24, 0x155C	; 0x80155c <Range_Curr_ID_Act>
    144c:	9a 81       	ldd	r25, Y+2	; 0x02
    144e:	98 17       	cp	r25, r24
    1450:	39 f0       	breq	.+14     	; 0x1460 <__EEPROM_REGION_LENGTH__+0x460>
    1452:	10 92 eb 14 	sts	0x14EB, r1	; 0x8014eb <Range_Curr_Switch_Freq_Counter+0x1>
    1456:	10 92 ea 14 	sts	0x14EA, r1	; 0x8014ea <Range_Curr_Switch_Freq_Counter>
    145a:	89 2f       	mov	r24, r25
    145c:	0e 94 f9 40 	call	0x81f2	; 0x81f2 <SET_CURRENT_RANGE>
    1460:	80 91 e5 14 	lds	r24, 0x14E5	; 0x8014e5 <Range_Volt_ID_Act>
    1464:	ab 81       	ldd	r26, Y+3	; 0x03
    1466:	a8 17       	cp	r26, r24
    1468:	39 f0       	breq	.+14     	; 0x1478 <__EEPROM_REGION_LENGTH__+0x478>
    146a:	10 92 30 15 	sts	0x1530, r1	; 0x801530 <Range_Volt_Switch_Freq_Counter+0x1>
    146e:	10 92 2f 15 	sts	0x152F, r1	; 0x80152f <Range_Volt_Switch_Freq_Counter>
    1472:	8a 2f       	mov	r24, r26
    1474:	0e 94 fb 3f 	call	0x7ff6	; 0x7ff6 <SET_VOLTAGE_RANGE>
    1478:	60 91 bd 14 	lds	r22, 0x14BD	; 0x8014bd <PV_Volt_DAQ_New>
    147c:	70 91 be 14 	lds	r23, 0x14BE	; 0x8014be <PV_Volt_DAQ_New+0x1>
    1480:	80 91 bf 14 	lds	r24, 0x14BF	; 0x8014bf <PV_Volt_DAQ_New+0x2>
    1484:	90 91 c0 14 	lds	r25, 0x14C0	; 0x8014c0 <PV_Volt_DAQ_New+0x3>
    1488:	0e 94 cf 2d 	call	0x5b9e	; 0x5b9e <Set_DAC_Output_Volts>
    148c:	13 98       	cbi	0x02, 3	; 2
    148e:	12 98       	cbi	0x02, 2	; 2
    1490:	11 98       	cbi	0x02, 1	; 2
    1492:	80 91 bf 02 	lds	r24, 0x02BF	; 0x8002bf <IV_Setup_Signal_Set_Time>
    1496:	90 91 c0 02 	lds	r25, 0x02C0	; 0x8002c0 <IV_Setup_Signal_Set_Time+0x1>
    149a:	a8 95       	wdr
    149c:	00 97       	sbiw	r24, 0x00	; 0
    149e:	49 f0       	breq	.+18     	; 0x14b2 <__EEPROM_REGION_LENGTH__+0x4b2>
    14a0:	ef e9       	ldi	r30, 0x9F	; 159
    14a2:	ff e0       	ldi	r31, 0x0F	; 15
    14a4:	31 97       	sbiw	r30, 0x01	; 1
    14a6:	f1 f7       	brne	.-4      	; 0x14a4 <__EEPROM_REGION_LENGTH__+0x4a4>
    14a8:	00 c0       	rjmp	.+0      	; 0x14aa <__EEPROM_REGION_LENGTH__+0x4aa>
    14aa:	00 00       	nop
    14ac:	a8 95       	wdr
    14ae:	01 97       	sbiw	r24, 0x01	; 1
    14b0:	f5 cf       	rjmp	.-22     	; 0x149c <__EEPROM_REGION_LENGTH__+0x49c>
    14b2:	80 91 2a 14 	lds	r24, 0x142A	; 0x80142a <SysStatus_B>
    14b6:	8e 7f       	andi	r24, 0xFE	; 254
    14b8:	80 93 2a 14 	sts	0x142A, r24	; 0x80142a <SysStatus_B>
    14bc:	80 91 31 14 	lds	r24, 0x1431	; 0x801431 <Timer_CTR>
    14c0:	8e 7f       	andi	r24, 0xFE	; 254
    14c2:	80 93 31 14 	sts	0x1431, r24	; 0x801431 <Timer_CTR>
    14c6:	2d 96       	adiw	r28, 0x0d	; 13
    14c8:	0f b6       	in	r0, 0x3f	; 63
    14ca:	f8 94       	cli
    14cc:	de bf       	out	0x3e, r29	; 62
    14ce:	0f be       	out	0x3f, r0	; 63
    14d0:	cd bf       	out	0x3d, r28	; 61
    14d2:	df 91       	pop	r29
    14d4:	cf 91       	pop	r28
    14d6:	1f 91       	pop	r17
    14d8:	0f 91       	pop	r16
    14da:	ff 90       	pop	r15
    14dc:	ef 90       	pop	r14
    14de:	df 90       	pop	r13
    14e0:	cf 90       	pop	r12
    14e2:	bf 90       	pop	r11
    14e4:	af 90       	pop	r10
    14e6:	9f 90       	pop	r9
    14e8:	8f 90       	pop	r8
    14ea:	7f 90       	pop	r7
    14ec:	6f 90       	pop	r6
    14ee:	5f 90       	pop	r5
    14f0:	4f 90       	pop	r4
    14f2:	3f 90       	pop	r3
    14f4:	2f 90       	pop	r2
    14f6:	08 95       	ret
    14f8:	2c 81       	ldd	r18, Y+4	; 0x04
    14fa:	3d 81       	ldd	r19, Y+5	; 0x05
    14fc:	4e 81       	ldd	r20, Y+6	; 0x06
    14fe:	5f 81       	ldd	r21, Y+7	; 0x07
    1500:	60 2f       	mov	r22, r16
    1502:	73 2d       	mov	r23, r3
    1504:	89 81       	ldd	r24, Y+1	; 0x01
    1506:	91 2f       	mov	r25, r17
    1508:	8c d9       	rcall	.-3304   	; 0x822 <IV_MEAS__Meas_Curr_Volt_Point>
    150a:	40 91 97 10 	lds	r20, 0x1097	; 0x801097 <AI_Volt>
    150e:	50 91 98 10 	lds	r21, 0x1098	; 0x801098 <AI_Volt+0x1>
    1512:	60 91 99 10 	lds	r22, 0x1099	; 0x801099 <AI_Volt+0x2>
    1516:	70 91 9a 10 	lds	r23, 0x109A	; 0x80109a <AI_Volt+0x3>
    151a:	c6 01       	movw	r24, r12
    151c:	88 0f       	add	r24, r24
    151e:	99 1f       	adc	r25, r25
    1520:	88 0f       	add	r24, r24
    1522:	99 1f       	adc	r25, r25
    1524:	fc 01       	movw	r30, r24
    1526:	e3 55       	subi	r30, 0x53	; 83
    1528:	f5 4f       	sbci	r31, 0xF5	; 245
    152a:	40 83       	st	Z, r20
    152c:	51 83       	std	Z+1, r21	; 0x01
    152e:	62 83       	std	Z+2, r22	; 0x02
    1530:	73 83       	std	Z+3, r23	; 0x03
    1532:	40 91 49 12 	lds	r20, 0x1249	; 0x801249 <AI_Curr_Corr>
    1536:	50 91 4a 12 	lds	r21, 0x124A	; 0x80124a <AI_Curr_Corr+0x1>
    153a:	60 91 4b 12 	lds	r22, 0x124B	; 0x80124b <AI_Curr_Corr+0x2>
    153e:	70 91 4c 12 	lds	r23, 0x124C	; 0x80124c <AI_Curr_Corr+0x3>
    1542:	fc 01       	movw	r30, r24
    1544:	e4 54       	subi	r30, 0x44	; 68
    1546:	f9 4f       	sbci	r31, 0xF9	; 249
    1548:	40 83       	st	Z, r20
    154a:	51 83       	std	Z+1, r21	; 0x01
    154c:	62 83       	std	Z+2, r22	; 0x02
    154e:	73 83       	std	Z+3, r23	; 0x03
    1550:	a3 94       	inc	r10
    1552:	d9 ce       	rjmp	.-590    	; 0x1306 <__EEPROM_REGION_LENGTH__+0x306>
    1554:	fc 85       	ldd	r31, Y+12	; 0x0c
    1556:	ff 5f       	subi	r31, 0xFF	; 255
    1558:	fc 87       	std	Y+12, r31	; 0x0c
    155a:	4c cf       	rjmp	.-360    	; 0x13f4 <__EEPROM_REGION_LENGTH__+0x3f4>

0000155c <PI_CTR__Set_New_Prop_ID>:
    155c:	cf 93       	push	r28
    155e:	c8 2f       	mov	r28, r24
    1560:	80 91 fa 13 	lds	r24, 0x13FA	; 0x8013fa <DIOE_PORT_B_STATE>
    1564:	c1 11       	cpse	r28, r1
    1566:	02 c0       	rjmp	.+4      	; 0x156c <PI_CTR__Set_New_Prop_ID+0x10>
    1568:	8f 7b       	andi	r24, 0xBF	; 191
    156a:	03 c0       	rjmp	.+6      	; 0x1572 <PI_CTR__Set_New_Prop_ID+0x16>
    156c:	c1 30       	cpi	r28, 0x01	; 1
    156e:	39 f4       	brne	.+14     	; 0x157e <PI_CTR__Set_New_Prop_ID+0x22>
    1570:	80 64       	ori	r24, 0x40	; 64
    1572:	80 93 fa 13 	sts	0x13FA, r24	; 0x8013fa <DIOE_PORT_B_STATE>
    1576:	80 91 fa 13 	lds	r24, 0x13FA	; 0x8013fa <DIOE_PORT_B_STATE>
    157a:	8f 77       	andi	r24, 0x7F	; 127
    157c:	0a c0       	rjmp	.+20     	; 0x1592 <PI_CTR__Set_New_Prop_ID+0x36>
    157e:	c2 30       	cpi	r28, 0x02	; 2
    1580:	11 f4       	brne	.+4      	; 0x1586 <PI_CTR__Set_New_Prop_ID+0x2a>
    1582:	8f 7b       	andi	r24, 0xBF	; 191
    1584:	01 c0       	rjmp	.+2      	; 0x1588 <PI_CTR__Set_New_Prop_ID+0x2c>
    1586:	80 64       	ori	r24, 0x40	; 64
    1588:	80 93 fa 13 	sts	0x13FA, r24	; 0x8013fa <DIOE_PORT_B_STATE>
    158c:	80 91 fa 13 	lds	r24, 0x13FA	; 0x8013fa <DIOE_PORT_B_STATE>
    1590:	80 68       	ori	r24, 0x80	; 128
    1592:	80 93 fa 13 	sts	0x13FA, r24	; 0x8013fa <DIOE_PORT_B_STATE>
    1596:	40 91 fa 13 	lds	r20, 0x13FA	; 0x8013fa <DIOE_PORT_B_STATE>
    159a:	60 91 47 12 	lds	r22, 0x1247	; 0x801247 <DIOE_PORT_A_STATE>
    159e:	82 e0       	ldi	r24, 0x02	; 2
    15a0:	0e 94 43 30 	call	0x6086	; 0x6086 <DIOExp_Write_Outputs>
    15a4:	8f e8       	ldi	r24, 0x8F	; 143
    15a6:	91 e0       	ldi	r25, 0x01	; 1
    15a8:	01 97       	sbiw	r24, 0x01	; 1
    15aa:	f1 f7       	brne	.-4      	; 0x15a8 <PI_CTR__Set_New_Prop_ID+0x4c>
    15ac:	00 c0       	rjmp	.+0      	; 0x15ae <PI_CTR__Set_New_Prop_ID+0x52>
    15ae:	00 00       	nop
    15b0:	c0 93 99 0e 	sts	0x0E99, r28	; 0x800e99 <PI_CTR_Prop_ID_Act>
    15b4:	cf 91       	pop	r28
    15b6:	08 95       	ret

000015b8 <PI_CTR__Set_New_Int_ID>:
    15b8:	cf 93       	push	r28
    15ba:	c8 2f       	mov	r28, r24
    15bc:	80 91 fa 13 	lds	r24, 0x13FA	; 0x8013fa <DIOE_PORT_B_STATE>
    15c0:	c1 11       	cpse	r28, r1
    15c2:	02 c0       	rjmp	.+4      	; 0x15c8 <PI_CTR__Set_New_Int_ID+0x10>
    15c4:	8f 7e       	andi	r24, 0xEF	; 239
    15c6:	03 c0       	rjmp	.+6      	; 0x15ce <PI_CTR__Set_New_Int_ID+0x16>
    15c8:	c1 30       	cpi	r28, 0x01	; 1
    15ca:	39 f4       	brne	.+14     	; 0x15da <PI_CTR__Set_New_Int_ID+0x22>
    15cc:	80 61       	ori	r24, 0x10	; 16
    15ce:	80 93 fa 13 	sts	0x13FA, r24	; 0x8013fa <DIOE_PORT_B_STATE>
    15d2:	80 91 fa 13 	lds	r24, 0x13FA	; 0x8013fa <DIOE_PORT_B_STATE>
    15d6:	8f 7d       	andi	r24, 0xDF	; 223
    15d8:	0a c0       	rjmp	.+20     	; 0x15ee <PI_CTR__Set_New_Int_ID+0x36>
    15da:	c2 30       	cpi	r28, 0x02	; 2
    15dc:	11 f4       	brne	.+4      	; 0x15e2 <PI_CTR__Set_New_Int_ID+0x2a>
    15de:	8f 7e       	andi	r24, 0xEF	; 239
    15e0:	01 c0       	rjmp	.+2      	; 0x15e4 <PI_CTR__Set_New_Int_ID+0x2c>
    15e2:	80 61       	ori	r24, 0x10	; 16
    15e4:	80 93 fa 13 	sts	0x13FA, r24	; 0x8013fa <DIOE_PORT_B_STATE>
    15e8:	80 91 fa 13 	lds	r24, 0x13FA	; 0x8013fa <DIOE_PORT_B_STATE>
    15ec:	80 62       	ori	r24, 0x20	; 32
    15ee:	80 93 fa 13 	sts	0x13FA, r24	; 0x8013fa <DIOE_PORT_B_STATE>
    15f2:	40 91 fa 13 	lds	r20, 0x13FA	; 0x8013fa <DIOE_PORT_B_STATE>
    15f6:	60 91 47 12 	lds	r22, 0x1247	; 0x801247 <DIOE_PORT_A_STATE>
    15fa:	82 e0       	ldi	r24, 0x02	; 2
    15fc:	0e 94 43 30 	call	0x6086	; 0x6086 <DIOExp_Write_Outputs>
    1600:	8f e8       	ldi	r24, 0x8F	; 143
    1602:	91 e0       	ldi	r25, 0x01	; 1
    1604:	01 97       	sbiw	r24, 0x01	; 1
    1606:	f1 f7       	brne	.-4      	; 0x1604 <PI_CTR__Set_New_Int_ID+0x4c>
    1608:	00 c0       	rjmp	.+0      	; 0x160a <PI_CTR__Set_New_Int_ID+0x52>
    160a:	00 00       	nop
    160c:	c0 93 9c 0e 	sts	0x0E9C, r28	; 0x800e9c <PI_CTR_Int_ID_Act>
    1610:	cf 91       	pop	r28
    1612:	08 95       	ret

00001614 <PI_CRT__Process_Controller_Settings>:
    1614:	90 91 99 0e 	lds	r25, 0x0E99	; 0x800e99 <PI_CTR_Prop_ID_Act>
    1618:	80 91 9a 0e 	lds	r24, 0x0E9A	; 0x800e9a <PI_CTR_Prop_ID_Man>
    161c:	98 17       	cp	r25, r24
    161e:	19 f0       	breq	.+6      	; 0x1626 <PI_CRT__Process_Controller_Settings+0x12>
    1620:	80 91 9a 0e 	lds	r24, 0x0E9A	; 0x800e9a <PI_CTR_Prop_ID_Man>
    1624:	9b df       	rcall	.-202    	; 0x155c <PI_CTR__Set_New_Prop_ID>
    1626:	90 91 9c 0e 	lds	r25, 0x0E9C	; 0x800e9c <PI_CTR_Int_ID_Act>
    162a:	80 91 9b 0e 	lds	r24, 0x0E9B	; 0x800e9b <PI_CTR_Int_ID_Man>
    162e:	98 17       	cp	r25, r24
    1630:	19 f0       	breq	.+6      	; 0x1638 <PI_CRT__Process_Controller_Settings+0x24>
    1632:	80 91 9b 0e 	lds	r24, 0x0E9B	; 0x800e9b <PI_CTR_Int_ID_Man>
    1636:	c0 cf       	rjmp	.-128    	; 0x15b8 <PI_CTR__Set_New_Int_ID>
    1638:	08 95       	ret

0000163a <UART_WriteString>:
    163a:	bc 01       	movw	r22, r24
    163c:	80 91 9e 0e 	lds	r24, 0x0E9E	; 0x800e9e <UART_Reply_L>
    1640:	81 11       	cpse	r24, r1
    1642:	fc cf       	rjmp	.-8      	; 0x163c <UART_WriteString+0x2>
    1644:	90 e0       	ldi	r25, 0x00	; 0
    1646:	29 2f       	mov	r18, r25
    1648:	30 e0       	ldi	r19, 0x00	; 0
    164a:	fb 01       	movw	r30, r22
    164c:	e2 0f       	add	r30, r18
    164e:	f3 1f       	adc	r31, r19
    1650:	40 81       	ld	r20, Z
    1652:	44 23       	and	r20, r20
    1654:	39 f0       	breq	.+14     	; 0x1664 <UART_WriteString+0x2a>
    1656:	80 81       	ld	r24, Z
    1658:	f9 01       	movw	r30, r18
    165a:	ea 56       	subi	r30, 0x6A	; 106
    165c:	f0 4f       	sbci	r31, 0xF0	; 240
    165e:	80 83       	st	Z, r24
    1660:	9f 5f       	subi	r25, 0xFF	; 255
    1662:	f1 cf       	rjmp	.-30     	; 0x1646 <UART_WriteString+0xc>
    1664:	80 91 29 14 	lds	r24, 0x1429	; 0x801429 <UartStatus>
    1668:	86 fd       	sbrc	r24, 6
    166a:	06 c0       	rjmp	.+12     	; 0x1678 <UART_WriteString+0x3e>
    166c:	f9 01       	movw	r30, r18
    166e:	ea 56       	subi	r30, 0x6A	; 106
    1670:	f0 4f       	sbci	r31, 0xF0	; 240
    1672:	8a e0       	ldi	r24, 0x0A	; 10
    1674:	80 83       	st	Z, r24
    1676:	9f 5f       	subi	r25, 0xFF	; 255
    1678:	e9 2f       	mov	r30, r25
    167a:	f0 e0       	ldi	r31, 0x00	; 0
    167c:	ea 56       	subi	r30, 0x6A	; 106
    167e:	f0 4f       	sbci	r31, 0xF0	; 240
    1680:	10 82       	st	Z, r1
    1682:	90 93 9e 0e 	sts	0x0E9E, r25	; 0x800e9e <UART_Reply_L>
    1686:	81 e0       	ldi	r24, 0x01	; 1
    1688:	80 93 95 0f 	sts	0x0F95, r24	; 0x800f95 <UART_Reply_P>
    168c:	80 91 c0 00 	lds	r24, 0x00C0	; 0x8000c0 <__TEXT_REGION_LENGTH__+0x7e00c0>
    1690:	85 ff       	sbrs	r24, 5
    1692:	fc cf       	rjmp	.-8      	; 0x168c <UART_WriteString+0x52>
    1694:	5a 9a       	sbi	0x0b, 2	; 11
    1696:	85 e0       	ldi	r24, 0x05	; 5
    1698:	8a 95       	dec	r24
    169a:	f1 f7       	brne	.-4      	; 0x1698 <UART_WriteString+0x5e>
    169c:	00 00       	nop
    169e:	80 91 c1 00 	lds	r24, 0x00C1	; 0x8000c1 <__TEXT_REGION_LENGTH__+0x7e00c1>
    16a2:	80 64       	ori	r24, 0x40	; 64
    16a4:	80 93 c1 00 	sts	0x00C1, r24	; 0x8000c1 <__TEXT_REGION_LENGTH__+0x7e00c1>
    16a8:	80 91 96 0f 	lds	r24, 0x0F96	; 0x800f96 <UART_Reply>
    16ac:	80 93 c6 00 	sts	0x00C6, r24	; 0x8000c6 <__TEXT_REGION_LENGTH__+0x7e00c6>
    16b0:	08 95       	ret

000016b2 <COM_Compare_to_OutStr>:
    16b2:	ac 01       	movw	r20, r24
    16b4:	90 91 8a 10 	lds	r25, 0x108A	; 0x80108a <OutSTR_L>
    16b8:	99 23       	and	r25, r25
    16ba:	79 f0       	breq	.+30     	; 0x16da <COM_Compare_to_OutStr+0x28>
    16bc:	91 50       	subi	r25, 0x01	; 1
    16be:	29 2f       	mov	r18, r25
    16c0:	30 e0       	ldi	r19, 0x00	; 0
    16c2:	f9 01       	movw	r30, r18
    16c4:	e0 56       	subi	r30, 0x60	; 96
    16c6:	f1 4f       	sbci	r31, 0xF1	; 241
    16c8:	80 81       	ld	r24, Z
    16ca:	fa 01       	movw	r30, r20
    16cc:	e2 0f       	add	r30, r18
    16ce:	f3 1f       	adc	r31, r19
    16d0:	20 81       	ld	r18, Z
    16d2:	28 17       	cp	r18, r24
    16d4:	89 f3       	breq	.-30     	; 0x16b8 <COM_Compare_to_OutStr+0x6>
    16d6:	80 e0       	ldi	r24, 0x00	; 0
    16d8:	08 95       	ret
    16da:	81 e0       	ldi	r24, 0x01	; 1
    16dc:	08 95       	ret

000016de <COM_Compare_to_OutStr_Offset>:
    16de:	ac 01       	movw	r20, r24
    16e0:	90 91 8a 10 	lds	r25, 0x108A	; 0x80108a <OutSTR_L>
    16e4:	69 17       	cp	r22, r25
    16e6:	78 f4       	brcc	.+30     	; 0x1706 <COM_Compare_to_OutStr_Offset+0x28>
    16e8:	91 50       	subi	r25, 0x01	; 1
    16ea:	29 2f       	mov	r18, r25
    16ec:	30 e0       	ldi	r19, 0x00	; 0
    16ee:	f9 01       	movw	r30, r18
    16f0:	e0 56       	subi	r30, 0x60	; 96
    16f2:	f1 4f       	sbci	r31, 0xF1	; 241
    16f4:	80 81       	ld	r24, Z
    16f6:	fa 01       	movw	r30, r20
    16f8:	e2 0f       	add	r30, r18
    16fa:	f3 1f       	adc	r31, r19
    16fc:	20 81       	ld	r18, Z
    16fe:	28 17       	cp	r18, r24
    1700:	89 f3       	breq	.-30     	; 0x16e4 <COM_Compare_to_OutStr_Offset+0x6>
    1702:	80 e0       	ldi	r24, 0x00	; 0
    1704:	08 95       	ret
    1706:	81 e0       	ldi	r24, 0x01	; 1
    1708:	08 95       	ret

0000170a <COM_Copy_To_OutSTR_From_Start>:
    170a:	9c 01       	movw	r18, r24
    170c:	10 92 8a 10 	sts	0x108A, r1	; 0x80108a <OutSTR_L>
    1710:	80 91 8a 10 	lds	r24, 0x108A	; 0x80108a <OutSTR_L>
    1714:	f9 01       	movw	r30, r18
    1716:	e8 0f       	add	r30, r24
    1718:	f1 1d       	adc	r31, r1
    171a:	80 81       	ld	r24, Z
    171c:	e0 91 8a 10 	lds	r30, 0x108A	; 0x80108a <OutSTR_L>
    1720:	f0 e0       	ldi	r31, 0x00	; 0
    1722:	88 23       	and	r24, r24
    1724:	79 f0       	breq	.+30     	; 0x1744 <COM_Copy_To_OutSTR_From_Start+0x3a>
    1726:	80 91 8a 10 	lds	r24, 0x108A	; 0x80108a <OutSTR_L>
    172a:	d9 01       	movw	r26, r18
    172c:	a8 0f       	add	r26, r24
    172e:	b1 1d       	adc	r27, r1
    1730:	8c 91       	ld	r24, X
    1732:	e0 56       	subi	r30, 0x60	; 96
    1734:	f1 4f       	sbci	r31, 0xF1	; 241
    1736:	80 83       	st	Z, r24
    1738:	90 91 8a 10 	lds	r25, 0x108A	; 0x80108a <OutSTR_L>
    173c:	9f 5f       	subi	r25, 0xFF	; 255
    173e:	90 93 8a 10 	sts	0x108A, r25	; 0x80108a <OutSTR_L>
    1742:	e6 cf       	rjmp	.-52     	; 0x1710 <COM_Copy_To_OutSTR_From_Start+0x6>
    1744:	e0 56       	subi	r30, 0x60	; 96
    1746:	f1 4f       	sbci	r31, 0xF1	; 241
    1748:	10 82       	st	Z, r1
    174a:	08 95       	ret

0000174c <COM_Add_To_OutSTR_with_Sep>:
    174c:	ac 01       	movw	r20, r24
    174e:	e0 91 8a 10 	lds	r30, 0x108A	; 0x80108a <OutSTR_L>
    1752:	f0 e0       	ldi	r31, 0x00	; 0
    1754:	e0 56       	subi	r30, 0x60	; 96
    1756:	f1 4f       	sbci	r31, 0xF1	; 241
    1758:	89 e0       	ldi	r24, 0x09	; 9
    175a:	80 83       	st	Z, r24
    175c:	90 91 8a 10 	lds	r25, 0x108A	; 0x80108a <OutSTR_L>
    1760:	9f 5f       	subi	r25, 0xFF	; 255
    1762:	90 93 8a 10 	sts	0x108A, r25	; 0x80108a <OutSTR_L>
    1766:	90 e0       	ldi	r25, 0x00	; 0
    1768:	da 01       	movw	r26, r20
    176a:	a9 0f       	add	r26, r25
    176c:	b1 1d       	adc	r27, r1
    176e:	8c 91       	ld	r24, X
    1770:	e0 91 8a 10 	lds	r30, 0x108A	; 0x80108a <OutSTR_L>
    1774:	f0 e0       	ldi	r31, 0x00	; 0
    1776:	88 23       	and	r24, r24
    1778:	59 f0       	breq	.+22     	; 0x1790 <COM_Add_To_OutSTR_with_Sep+0x44>
    177a:	8c 91       	ld	r24, X
    177c:	e0 56       	subi	r30, 0x60	; 96
    177e:	f1 4f       	sbci	r31, 0xF1	; 241
    1780:	80 83       	st	Z, r24
    1782:	9f 5f       	subi	r25, 0xFF	; 255
    1784:	20 91 8a 10 	lds	r18, 0x108A	; 0x80108a <OutSTR_L>
    1788:	2f 5f       	subi	r18, 0xFF	; 255
    178a:	20 93 8a 10 	sts	0x108A, r18	; 0x80108a <OutSTR_L>
    178e:	ec cf       	rjmp	.-40     	; 0x1768 <COM_Add_To_OutSTR_with_Sep+0x1c>
    1790:	e0 56       	subi	r30, 0x60	; 96
    1792:	f1 4f       	sbci	r31, 0xF1	; 241
    1794:	10 82       	st	Z, r1
    1796:	08 95       	ret

00001798 <COM_Add_To_OutSTR_At_Position>:
    1798:	ac 01       	movw	r20, r24
    179a:	60 93 8a 10 	sts	0x108A, r22	; 0x80108a <OutSTR_L>
    179e:	90 e0       	ldi	r25, 0x00	; 0
    17a0:	fa 01       	movw	r30, r20
    17a2:	e9 0f       	add	r30, r25
    17a4:	f1 1d       	adc	r31, r1
    17a6:	20 81       	ld	r18, Z
    17a8:	e0 91 8a 10 	lds	r30, 0x108A	; 0x80108a <OutSTR_L>
    17ac:	f0 e0       	ldi	r31, 0x00	; 0
    17ae:	e0 56       	subi	r30, 0x60	; 96
    17b0:	f1 4f       	sbci	r31, 0xF1	; 241
    17b2:	22 23       	and	r18, r18
    17b4:	41 f0       	breq	.+16     	; 0x17c6 <COM_Add_To_OutSTR_At_Position+0x2e>
    17b6:	20 83       	st	Z, r18
    17b8:	20 91 8a 10 	lds	r18, 0x108A	; 0x80108a <OutSTR_L>
    17bc:	2f 5f       	subi	r18, 0xFF	; 255
    17be:	20 93 8a 10 	sts	0x108A, r18	; 0x80108a <OutSTR_L>
    17c2:	9f 5f       	subi	r25, 0xFF	; 255
    17c4:	ed cf       	rjmp	.-38     	; 0x17a0 <COM_Add_To_OutSTR_At_Position+0x8>
    17c6:	10 82       	st	Z, r1
    17c8:	08 95       	ret

000017ca <COM_Add_QuestMark_To_OutSTR_No_Sep>:
    17ca:	e0 91 8a 10 	lds	r30, 0x108A	; 0x80108a <OutSTR_L>
    17ce:	f0 e0       	ldi	r31, 0x00	; 0
    17d0:	e0 56       	subi	r30, 0x60	; 96
    17d2:	f1 4f       	sbci	r31, 0xF1	; 241
    17d4:	8f e3       	ldi	r24, 0x3F	; 63
    17d6:	80 83       	st	Z, r24
    17d8:	80 91 8a 10 	lds	r24, 0x108A	; 0x80108a <OutSTR_L>
    17dc:	8f 5f       	subi	r24, 0xFF	; 255
    17de:	80 93 8a 10 	sts	0x108A, r24	; 0x80108a <OutSTR_L>
    17e2:	e0 91 8a 10 	lds	r30, 0x108A	; 0x80108a <OutSTR_L>
    17e6:	f0 e0       	ldi	r31, 0x00	; 0
    17e8:	e0 56       	subi	r30, 0x60	; 96
    17ea:	f1 4f       	sbci	r31, 0xF1	; 241
    17ec:	10 82       	st	Z, r1
    17ee:	08 95       	ret

000017f0 <Compare_String>:
    17f0:	fb 01       	movw	r30, r22
    17f2:	2e 2f       	mov	r18, r30
    17f4:	26 1b       	sub	r18, r22
    17f6:	42 17       	cp	r20, r18
    17f8:	41 f0       	breq	.+16     	; 0x180a <Compare_String+0x1a>
    17fa:	dc 01       	movw	r26, r24
    17fc:	3d 91       	ld	r19, X+
    17fe:	cd 01       	movw	r24, r26
    1800:	20 81       	ld	r18, Z
    1802:	32 13       	cpse	r19, r18
    1804:	04 c0       	rjmp	.+8      	; 0x180e <Compare_String+0x1e>
    1806:	31 96       	adiw	r30, 0x01	; 1
    1808:	f4 cf       	rjmp	.-24     	; 0x17f2 <Compare_String+0x2>
    180a:	81 e0       	ldi	r24, 0x01	; 1
    180c:	08 95       	ret
    180e:	80 e0       	ldi	r24, 0x00	; 0
    1810:	08 95       	ret

00001812 <Copy_String>:
    1812:	ac 01       	movw	r20, r24
    1814:	90 e0       	ldi	r25, 0x00	; 0
    1816:	e9 2f       	mov	r30, r25
    1818:	f0 e0       	ldi	r31, 0x00	; 0
    181a:	db 01       	movw	r26, r22
    181c:	ae 0f       	add	r26, r30
    181e:	bf 1f       	adc	r27, r31
    1820:	2c 91       	ld	r18, X
    1822:	e4 0f       	add	r30, r20
    1824:	f5 1f       	adc	r31, r21
    1826:	22 23       	and	r18, r18
    1828:	19 f0       	breq	.+6      	; 0x1830 <Copy_String+0x1e>
    182a:	20 83       	st	Z, r18
    182c:	9f 5f       	subi	r25, 0xFF	; 255
    182e:	f3 cf       	rjmp	.-26     	; 0x1816 <Copy_String+0x4>
    1830:	10 82       	st	Z, r1
    1832:	08 95       	ret

00001834 <AddEnd_String>:
    1834:	cf 93       	push	r28
    1836:	df 93       	push	r29
    1838:	dc 01       	movw	r26, r24
    183a:	90 e0       	ldi	r25, 0x00	; 0
    183c:	fd 01       	movw	r30, r26
    183e:	e9 0f       	add	r30, r25
    1840:	f1 1d       	adc	r31, r1
    1842:	80 81       	ld	r24, Z
    1844:	88 23       	and	r24, r24
    1846:	11 f0       	breq	.+4      	; 0x184c <AddEnd_String+0x18>
    1848:	9f 5f       	subi	r25, 0xFF	; 255
    184a:	f8 cf       	rjmp	.-16     	; 0x183c <AddEnd_String+0x8>
    184c:	49 2f       	mov	r20, r25
    184e:	84 2f       	mov	r24, r20
    1850:	89 1b       	sub	r24, r25
    1852:	eb 01       	movw	r28, r22
    1854:	c8 0f       	add	r28, r24
    1856:	d1 1d       	adc	r29, r1
    1858:	88 81       	ld	r24, Y
    185a:	24 2f       	mov	r18, r20
    185c:	30 e0       	ldi	r19, 0x00	; 0
    185e:	fd 01       	movw	r30, r26
    1860:	e2 0f       	add	r30, r18
    1862:	f3 1f       	adc	r31, r19
    1864:	88 23       	and	r24, r24
    1866:	21 f0       	breq	.+8      	; 0x1870 <AddEnd_String+0x3c>
    1868:	88 81       	ld	r24, Y
    186a:	80 83       	st	Z, r24
    186c:	4f 5f       	subi	r20, 0xFF	; 255
    186e:	ef cf       	rjmp	.-34     	; 0x184e <AddEnd_String+0x1a>
    1870:	10 82       	st	Z, r1
    1872:	df 91       	pop	r29
    1874:	cf 91       	pop	r28
    1876:	08 95       	ret

00001878 <FloatToString>:
    1878:	0f 93       	push	r16
    187a:	fc 01       	movw	r30, r24
    187c:	cb 01       	movw	r24, r22
    187e:	ba 01       	movw	r22, r20
    1880:	03 e0       	ldi	r16, 0x03	; 3
    1882:	25 e0       	ldi	r18, 0x05	; 5
    1884:	af 01       	movw	r20, r30
    1886:	0e 94 5d 4a 	call	0x94ba	; 0x94ba <dtostre>
    188a:	0f 91       	pop	r16
    188c:	08 95       	ret

0000188e <UART_Transfer_IV>:
    188e:	cf 93       	push	r28
    1890:	df 93       	push	r29
    1892:	cd b7       	in	r28, 0x3d	; 61
    1894:	de b7       	in	r29, 0x3e	; 62
    1896:	c6 56       	subi	r28, 0x66	; 102
    1898:	d1 09       	sbc	r29, r1
    189a:	0f b6       	in	r0, 0x3f	; 63
    189c:	f8 94       	cli
    189e:	de bf       	out	0x3e, r29	; 62
    18a0:	0f be       	out	0x3f, r0	; 63
    18a2:	cd bf       	out	0x3d, r28	; 61
    18a4:	80 91 29 14 	lds	r24, 0x1429	; 0x801429 <UartStatus>
    18a8:	87 ff       	sbrs	r24, 7
    18aa:	17 c0       	rjmp	.+46     	; 0x18da <UART_Transfer_IV+0x4c>
    18ac:	80 91 9e 0e 	lds	r24, 0x0E9E	; 0x800e9e <UART_Reply_L>
    18b0:	81 11       	cpse	r24, r1
    18b2:	13 c0       	rjmp	.+38     	; 0x18da <UART_Transfer_IV+0x4c>
    18b4:	80 91 a0 0e 	lds	r24, 0x0EA0	; 0x800ea0 <OutSTR>
    18b8:	81 11       	cpse	r24, r1
    18ba:	07 c0       	rjmp	.+14     	; 0x18ca <UART_Transfer_IV+0x3c>
    18bc:	80 91 29 14 	lds	r24, 0x1429	; 0x801429 <UartStatus>
    18c0:	8f 7b       	andi	r24, 0xBF	; 191
    18c2:	80 93 29 14 	sts	0x1429, r24	; 0x801429 <UartStatus>
    18c6:	10 92 9d 0e 	sts	0x0E9D, r1	; 0x800e9d <Trans_IV_Point>
    18ca:	80 ea       	ldi	r24, 0xA0	; 160
    18cc:	9e e0       	ldi	r25, 0x0E	; 14
    18ce:	b5 de       	rcall	.-662    	; 0x163a <UART_WriteString>
    18d0:	80 91 29 14 	lds	r24, 0x1429	; 0x801429 <UartStatus>
    18d4:	8f 77       	andi	r24, 0x7F	; 127
    18d6:	80 93 29 14 	sts	0x1429, r24	; 0x801429 <UartStatus>
    18da:	80 91 29 14 	lds	r24, 0x1429	; 0x801429 <UartStatus>
    18de:	87 fd       	sbrc	r24, 7
    18e0:	3b c0       	rjmp	.+118    	; 0x1958 <UART_Transfer_IV+0xca>
    18e2:	90 91 9d 0e 	lds	r25, 0x0E9D	; 0x800e9d <Trans_IV_Point>
    18e6:	80 91 b7 06 	lds	r24, 0x06B7	; 0x8006b7 <IV_Meas_Points>
    18ea:	98 17       	cp	r25, r24
    18ec:	60 f5       	brcc	.+88     	; 0x1946 <UART_Transfer_IV+0xb8>
    18ee:	e0 91 9d 0e 	lds	r30, 0x0E9D	; 0x800e9d <Trans_IV_Point>
    18f2:	84 e0       	ldi	r24, 0x04	; 4
    18f4:	e8 9f       	mul	r30, r24
    18f6:	f0 01       	movw	r30, r0
    18f8:	11 24       	eor	r1, r1
    18fa:	e3 55       	subi	r30, 0x53	; 83
    18fc:	f5 4f       	sbci	r31, 0xF5	; 245
    18fe:	40 81       	ld	r20, Z
    1900:	51 81       	ldd	r21, Z+1	; 0x01
    1902:	62 81       	ldd	r22, Z+2	; 0x02
    1904:	73 81       	ldd	r23, Z+3	; 0x03
    1906:	ce 01       	movw	r24, r28
    1908:	01 96       	adiw	r24, 0x01	; 1
    190a:	b6 df       	rcall	.-148    	; 0x1878 <FloatToString>
    190c:	10 92 8a 10 	sts	0x108A, r1	; 0x80108a <OutSTR_L>
    1910:	ce 01       	movw	r24, r28
    1912:	01 96       	adiw	r24, 0x01	; 1
    1914:	1b df       	rcall	.-458    	; 0x174c <COM_Add_To_OutSTR_with_Sep>
    1916:	e0 91 9d 0e 	lds	r30, 0x0E9D	; 0x800e9d <Trans_IV_Point>
    191a:	84 e0       	ldi	r24, 0x04	; 4
    191c:	e8 9f       	mul	r30, r24
    191e:	f0 01       	movw	r30, r0
    1920:	11 24       	eor	r1, r1
    1922:	e4 54       	subi	r30, 0x44	; 68
    1924:	f9 4f       	sbci	r31, 0xF9	; 249
    1926:	40 81       	ld	r20, Z
    1928:	51 81       	ldd	r21, Z+1	; 0x01
    192a:	62 81       	ldd	r22, Z+2	; 0x02
    192c:	73 81       	ldd	r23, Z+3	; 0x03
    192e:	ce 01       	movw	r24, r28
    1930:	01 96       	adiw	r24, 0x01	; 1
    1932:	a2 df       	rcall	.-188    	; 0x1878 <FloatToString>
    1934:	ce 01       	movw	r24, r28
    1936:	01 96       	adiw	r24, 0x01	; 1
    1938:	09 df       	rcall	.-494    	; 0x174c <COM_Add_To_OutSTR_with_Sep>
    193a:	80 91 9d 0e 	lds	r24, 0x0E9D	; 0x800e9d <Trans_IV_Point>
    193e:	8f 5f       	subi	r24, 0xFF	; 255
    1940:	80 93 9d 0e 	sts	0x0E9D, r24	; 0x800e9d <Trans_IV_Point>
    1944:	04 c0       	rjmp	.+8      	; 0x194e <UART_Transfer_IV+0xc0>
    1946:	10 92 9d 0e 	sts	0x0E9D, r1	; 0x800e9d <Trans_IV_Point>
    194a:	10 92 a0 0e 	sts	0x0EA0, r1	; 0x800ea0 <OutSTR>
    194e:	80 91 29 14 	lds	r24, 0x1429	; 0x801429 <UartStatus>
    1952:	80 68       	ori	r24, 0x80	; 128
    1954:	80 93 29 14 	sts	0x1429, r24	; 0x801429 <UartStatus>
    1958:	ca 59       	subi	r28, 0x9A	; 154
    195a:	df 4f       	sbci	r29, 0xFF	; 255
    195c:	0f b6       	in	r0, 0x3f	; 63
    195e:	f8 94       	cli
    1960:	de bf       	out	0x3e, r29	; 62
    1962:	0f be       	out	0x3f, r0	; 63
    1964:	cd bf       	out	0x3d, r28	; 61
    1966:	df 91       	pop	r29
    1968:	cf 91       	pop	r28
    196a:	08 95       	ret

0000196c <UART_Execute_Command>:
    196c:	4f 92       	push	r4
    196e:	5f 92       	push	r5
    1970:	6f 92       	push	r6
    1972:	7f 92       	push	r7
    1974:	8f 92       	push	r8
    1976:	9f 92       	push	r9
    1978:	af 92       	push	r10
    197a:	bf 92       	push	r11
    197c:	ef 92       	push	r14
    197e:	ff 92       	push	r15
    1980:	0f 93       	push	r16
    1982:	1f 93       	push	r17
    1984:	cf 93       	push	r28
    1986:	df 93       	push	r29
    1988:	ec 01       	movw	r28, r24
    198a:	8b 01       	movw	r16, r22
    198c:	80 e0       	ldi	r24, 0x00	; 0
    198e:	91 e0       	ldi	r25, 0x01	; 1
    1990:	bc de       	rcall	.-648    	; 0x170a <COM_Copy_To_OutSTR_From_Start>
    1992:	ce 01       	movw	r24, r28
    1994:	8e de       	rcall	.-740    	; 0x16b2 <COM_Compare_to_OutStr>
    1996:	88 23       	and	r24, r24
    1998:	09 f4       	brne	.+2      	; 0x199c <UART_Execute_Command+0x30>
    199a:	64 c0       	rjmp	.+200    	; 0x1a64 <UART_Execute_Command+0xf8>
    199c:	80 91 26 14 	lds	r24, 0x1426	; 0x801426 <SysStatus_A>
    19a0:	90 91 2a 14 	lds	r25, 0x142A	; 0x80142a <SysStatus_B>
    19a4:	4a e0       	ldi	r20, 0x0A	; 10
    19a6:	b8 01       	movw	r22, r16
    19a8:	0e 94 07 4c 	call	0x980e	; 0x980e <__itoa_ncheck>
    19ac:	c8 01       	movw	r24, r16
    19ae:	ce de       	rcall	.-612    	; 0x174c <COM_Add_To_OutSTR_with_Sep>
    19b0:	40 91 97 10 	lds	r20, 0x1097	; 0x801097 <AI_Volt>
    19b4:	50 91 98 10 	lds	r21, 0x1098	; 0x801098 <AI_Volt+0x1>
    19b8:	60 91 99 10 	lds	r22, 0x1099	; 0x801099 <AI_Volt+0x2>
    19bc:	70 91 9a 10 	lds	r23, 0x109A	; 0x80109a <AI_Volt+0x3>
    19c0:	c8 01       	movw	r24, r16
    19c2:	5a df       	rcall	.-332    	; 0x1878 <FloatToString>
    19c4:	c8 01       	movw	r24, r16
    19c6:	c2 de       	rcall	.-636    	; 0x174c <COM_Add_To_OutSTR_with_Sep>
    19c8:	40 91 49 12 	lds	r20, 0x1249	; 0x801249 <AI_Curr_Corr>
    19cc:	50 91 4a 12 	lds	r21, 0x124A	; 0x80124a <AI_Curr_Corr+0x1>
    19d0:	60 91 4b 12 	lds	r22, 0x124B	; 0x80124b <AI_Curr_Corr+0x2>
    19d4:	70 91 4c 12 	lds	r23, 0x124C	; 0x80124c <AI_Curr_Corr+0x3>
    19d8:	c8 01       	movw	r24, r16
    19da:	4e df       	rcall	.-356    	; 0x1878 <FloatToString>
    19dc:	c8 01       	movw	r24, r16
    19de:	b6 de       	rcall	.-660    	; 0x174c <COM_Add_To_OutSTR_with_Sep>
    19e0:	40 91 9b 10 	lds	r20, 0x109B	; 0x80109b <AI_Offset>
    19e4:	50 91 9c 10 	lds	r21, 0x109C	; 0x80109c <AI_Offset+0x1>
    19e8:	60 91 9d 10 	lds	r22, 0x109D	; 0x80109d <AI_Offset+0x2>
    19ec:	70 91 9e 10 	lds	r23, 0x109E	; 0x80109e <AI_Offset+0x3>
    19f0:	c8 01       	movw	r24, r16
    19f2:	42 df       	rcall	.-380    	; 0x1878 <FloatToString>
    19f4:	c8 01       	movw	r24, r16
    19f6:	aa de       	rcall	.-684    	; 0x174c <COM_Add_To_OutSTR_with_Sep>
    19f8:	40 91 11 14 	lds	r20, 0x1411	; 0x801411 <AI_Bias>
    19fc:	50 91 12 14 	lds	r21, 0x1412	; 0x801412 <AI_Bias+0x1>
    1a00:	60 91 13 14 	lds	r22, 0x1413	; 0x801413 <AI_Bias+0x2>
    1a04:	70 91 14 14 	lds	r23, 0x1414	; 0x801414 <AI_Bias+0x3>
    1a08:	c8 01       	movw	r24, r16
    1a0a:	36 df       	rcall	.-404    	; 0x1878 <FloatToString>
    1a0c:	c8 01       	movw	r24, r16
    1a0e:	9e de       	rcall	.-708    	; 0x174c <COM_Add_To_OutSTR_with_Sep>
    1a10:	40 91 a7 10 	lds	r20, 0x10A7	; 0x8010a7 <AI_NTC_Temp_1>
    1a14:	50 91 a8 10 	lds	r21, 0x10A8	; 0x8010a8 <AI_NTC_Temp_1+0x1>
    1a18:	60 91 a9 10 	lds	r22, 0x10A9	; 0x8010a9 <AI_NTC_Temp_1+0x2>
    1a1c:	70 91 aa 10 	lds	r23, 0x10AA	; 0x8010aa <AI_NTC_Temp_1+0x3>
    1a20:	c8 01       	movw	r24, r16
    1a22:	2a df       	rcall	.-428    	; 0x1878 <FloatToString>
    1a24:	c8 01       	movw	r24, r16
    1a26:	92 de       	rcall	.-732    	; 0x174c <COM_Add_To_OutSTR_with_Sep>
    1a28:	40 91 15 14 	lds	r20, 0x1415	; 0x801415 <AI_NTC_Temp_2>
    1a2c:	50 91 16 14 	lds	r21, 0x1416	; 0x801416 <AI_NTC_Temp_2+0x1>
    1a30:	60 91 17 14 	lds	r22, 0x1417	; 0x801417 <AI_NTC_Temp_2+0x2>
    1a34:	70 91 18 14 	lds	r23, 0x1418	; 0x801418 <AI_NTC_Temp_2+0x3>
    1a38:	c8 01       	movw	r24, r16
    1a3a:	1e df       	rcall	.-452    	; 0x1878 <FloatToString>
    1a3c:	c8 01       	movw	r24, r16
    1a3e:	86 de       	rcall	.-756    	; 0x174c <COM_Add_To_OutSTR_with_Sep>
    1a40:	80 91 2d 14 	lds	r24, 0x142D	; 0x80142d <SysConfig>
    1a44:	80 fd       	sbrc	r24, 0
    1a46:	02 c0       	rjmp	.+4      	; 0x1a4c <UART_Execute_Command+0xe0>
    1a48:	0c 94 d6 16 	jmp	0x2dac	; 0x2dac <UART_Execute_Command+0x1440>
    1a4c:	40 91 56 12 	lds	r20, 0x1256	; 0x801256 <AI_RTD_Temp>
    1a50:	50 91 57 12 	lds	r21, 0x1257	; 0x801257 <AI_RTD_Temp+0x1>
    1a54:	60 91 58 12 	lds	r22, 0x1258	; 0x801258 <AI_RTD_Temp+0x2>
    1a58:	70 91 59 12 	lds	r23, 0x1259	; 0x801259 <AI_RTD_Temp+0x3>
    1a5c:	c8 01       	movw	r24, r16
    1a5e:	0c df       	rcall	.-488    	; 0x1878 <FloatToString>
    1a60:	0c 94 d3 16 	jmp	0x2da6	; 0x2da6 <UART_Execute_Command+0x143a>
    1a64:	86 e0       	ldi	r24, 0x06	; 6
    1a66:	91 e0       	ldi	r25, 0x01	; 1
    1a68:	50 de       	rcall	.-864    	; 0x170a <COM_Copy_To_OutSTR_From_Start>
    1a6a:	ce 01       	movw	r24, r28
    1a6c:	22 de       	rcall	.-956    	; 0x16b2 <COM_Compare_to_OutStr>
    1a6e:	88 23       	and	r24, r24
    1a70:	49 f1       	breq	.+82     	; 0x1ac4 <UART_Execute_Command+0x158>
    1a72:	80 91 8a 10 	lds	r24, 0x108A	; 0x80108a <OutSTR_L>
    1a76:	fe 01       	movw	r30, r28
    1a78:	e8 0f       	add	r30, r24
    1a7a:	f1 1d       	adc	r31, r1
    1a7c:	80 81       	ld	r24, Z
    1a7e:	81 11       	cpse	r24, r1
    1a80:	12 c0       	rjmp	.+36     	; 0x1aa6 <UART_Execute_Command+0x13a>
    1a82:	f8 01       	movw	r30, r16
    1a84:	80 81       	ld	r24, Z
    1a86:	81 33       	cpi	r24, 0x31	; 49
    1a88:	21 f4       	brne	.+8      	; 0x1a92 <UART_Execute_Command+0x126>
    1a8a:	80 91 2b 14 	lds	r24, 0x142B	; 0x80142b <SysControl>
    1a8e:	81 60       	ori	r24, 0x01	; 1
    1a90:	07 c0       	rjmp	.+14     	; 0x1aa0 <UART_Execute_Command+0x134>
    1a92:	80 33       	cpi	r24, 0x30	; 48
    1a94:	11 f0       	breq	.+4      	; 0x1a9a <UART_Execute_Command+0x12e>
    1a96:	0c 94 ee 16 	jmp	0x2ddc	; 0x2ddc <UART_Execute_Command+0x1470>
    1a9a:	80 91 2b 14 	lds	r24, 0x142B	; 0x80142b <SysControl>
    1a9e:	8e 7f       	andi	r24, 0xFE	; 254
    1aa0:	80 93 2b 14 	sts	0x142B, r24	; 0x80142b <SysControl>
    1aa4:	0a c0       	rjmp	.+20     	; 0x1aba <UART_Execute_Command+0x14e>
    1aa6:	80 91 8a 10 	lds	r24, 0x108A	; 0x80108a <OutSTR_L>
    1aaa:	c8 0f       	add	r28, r24
    1aac:	d1 1d       	adc	r29, r1
    1aae:	88 81       	ld	r24, Y
    1ab0:	8f 33       	cpi	r24, 0x3F	; 63
    1ab2:	11 f0       	breq	.+4      	; 0x1ab8 <UART_Execute_Command+0x14c>
    1ab4:	0c 94 ee 16 	jmp	0x2ddc	; 0x2ddc <UART_Execute_Command+0x1470>
    1ab8:	88 de       	rcall	.-752    	; 0x17ca <COM_Add_QuestMark_To_OutSTR_No_Sep>
    1aba:	80 91 2b 14 	lds	r24, 0x142B	; 0x80142b <SysControl>
    1abe:	80 ff       	sbrs	r24, 0
    1ac0:	39 c0       	rjmp	.+114    	; 0x1b34 <UART_Execute_Command+0x1c8>
    1ac2:	0e c5       	rjmp	.+2588   	; 0x24e0 <UART_Execute_Command+0xb74>
    1ac4:	8f e0       	ldi	r24, 0x0F	; 15
    1ac6:	91 e0       	ldi	r25, 0x01	; 1
    1ac8:	20 de       	rcall	.-960    	; 0x170a <COM_Copy_To_OutSTR_From_Start>
    1aca:	f0 90 8a 10 	lds	r15, 0x108A	; 0x80108a <OutSTR_L>
    1ace:	ce 01       	movw	r24, r28
    1ad0:	f0 dd       	rcall	.-1056   	; 0x16b2 <COM_Compare_to_OutStr>
    1ad2:	81 11       	cpse	r24, r1
    1ad4:	32 c0       	rjmp	.+100    	; 0x1b3a <UART_Execute_Command+0x1ce>
    1ad6:	8c e3       	ldi	r24, 0x3C	; 60
    1ad8:	91 e0       	ldi	r25, 0x01	; 1
    1ada:	17 de       	rcall	.-978    	; 0x170a <COM_Copy_To_OutSTR_From_Start>
    1adc:	f0 90 8a 10 	lds	r15, 0x108A	; 0x80108a <OutSTR_L>
    1ae0:	ce 01       	movw	r24, r28
    1ae2:	e7 dd       	rcall	.-1074   	; 0x16b2 <COM_Compare_to_OutStr>
    1ae4:	81 11       	cpse	r24, r1
    1ae6:	70 c0       	rjmp	.+224    	; 0x1bc8 <UART_Execute_Command+0x25c>
    1ae8:	83 e2       	ldi	r24, 0x23	; 35
    1aea:	92 e0       	ldi	r25, 0x02	; 2
    1aec:	0e de       	rcall	.-996    	; 0x170a <COM_Copy_To_OutSTR_From_Start>
    1aee:	f0 90 8a 10 	lds	r15, 0x108A	; 0x80108a <OutSTR_L>
    1af2:	ce 01       	movw	r24, r28
    1af4:	de dd       	rcall	.-1092   	; 0x16b2 <COM_Compare_to_OutStr>
    1af6:	88 23       	and	r24, r24
    1af8:	09 f4       	brne	.+2      	; 0x1afc <UART_Execute_Command+0x190>
    1afa:	59 c3       	rjmp	.+1714   	; 0x21ae <UART_Execute_Command+0x842>
    1afc:	6f 2d       	mov	r22, r15
    1afe:	82 e6       	ldi	r24, 0x62	; 98
    1b00:	91 e0       	ldi	r25, 0x01	; 1
    1b02:	4a de       	rcall	.-876    	; 0x1798 <COM_Add_To_OutSTR_At_Position>
    1b04:	6f 2d       	mov	r22, r15
    1b06:	ce 01       	movw	r24, r28
    1b08:	ea dd       	rcall	.-1068   	; 0x16de <COM_Compare_to_OutStr_Offset>
    1b0a:	88 23       	and	r24, r24
    1b0c:	09 f4       	brne	.+2      	; 0x1b10 <UART_Execute_Command+0x1a4>
    1b0e:	aa c1       	rjmp	.+852    	; 0x1e64 <UART_Execute_Command+0x4f8>
    1b10:	80 91 8a 10 	lds	r24, 0x108A	; 0x80108a <OutSTR_L>
    1b14:	c8 0f       	add	r28, r24
    1b16:	d1 1d       	adc	r29, r1
    1b18:	88 81       	ld	r24, Y
    1b1a:	81 11       	cpse	r24, r1
    1b1c:	0c 94 ee 16 	jmp	0x2ddc	; 0x2ddc <UART_Execute_Command+0x1470>
    1b20:	0e 94 6f 36 	call	0x6cde	; 0x6cde <Check_Temp_Disconnect_State>
    1b24:	88 23       	and	r24, r24
    1b26:	09 f4       	brne	.+2      	; 0x1b2a <UART_Execute_Command+0x1be>
    1b28:	1f c1       	rjmp	.+574    	; 0x1d68 <UART_Execute_Command+0x3fc>
    1b2a:	80 91 2b 14 	lds	r24, 0x142B	; 0x80142b <SysControl>
    1b2e:	8d 7f       	andi	r24, 0xFD	; 253
    1b30:	80 93 2b 14 	sts	0x142B, r24	; 0x80142b <SysControl>
    1b34:	8d e0       	ldi	r24, 0x0D	; 13
    1b36:	91 e0       	ldi	r25, 0x01	; 1
    1b38:	72 c0       	rjmp	.+228    	; 0x1c1e <UART_Execute_Command+0x2b2>
    1b3a:	6f 2d       	mov	r22, r15
    1b3c:	81 e1       	ldi	r24, 0x11	; 17
    1b3e:	91 e0       	ldi	r25, 0x01	; 1
    1b40:	2b de       	rcall	.-938    	; 0x1798 <COM_Add_To_OutSTR_At_Position>
    1b42:	6f 2d       	mov	r22, r15
    1b44:	ce 01       	movw	r24, r28
    1b46:	cb dd       	rcall	.-1130   	; 0x16de <COM_Compare_to_OutStr_Offset>
    1b48:	88 23       	and	r24, r24
    1b4a:	41 f0       	breq	.+16     	; 0x1b5c <UART_Execute_Command+0x1f0>
    1b4c:	80 91 26 14 	lds	r24, 0x1426	; 0x801426 <SysStatus_A>
    1b50:	90 91 2a 14 	lds	r25, 0x142A	; 0x80142a <SysStatus_B>
    1b54:	4a e0       	ldi	r20, 0x0A	; 10
    1b56:	b8 01       	movw	r22, r16
    1b58:	0c 94 d1 16 	jmp	0x2da2	; 0x2da2 <UART_Execute_Command+0x1436>
    1b5c:	6f 2d       	mov	r22, r15
    1b5e:	86 e1       	ldi	r24, 0x16	; 22
    1b60:	91 e0       	ldi	r25, 0x01	; 1
    1b62:	1a de       	rcall	.-972    	; 0x1798 <COM_Add_To_OutSTR_At_Position>
    1b64:	6f 2d       	mov	r22, r15
    1b66:	ce 01       	movw	r24, r28
    1b68:	ba dd       	rcall	.-1164   	; 0x16de <COM_Compare_to_OutStr_Offset>
    1b6a:	88 23       	and	r24, r24
    1b6c:	21 f0       	breq	.+8      	; 0x1b76 <UART_Execute_Command+0x20a>
    1b6e:	8b e0       	ldi	r24, 0x0B	; 11
    1b70:	91 e0       	ldi	r25, 0x01	; 1
    1b72:	cb dd       	rcall	.-1130   	; 0x170a <COM_Copy_To_OutSTR_From_Start>
    1b74:	55 c0       	rjmp	.+170    	; 0x1c20 <UART_Execute_Command+0x2b4>
    1b76:	6f 2d       	mov	r22, r15
    1b78:	8b e1       	ldi	r24, 0x1B	; 27
    1b7a:	91 e0       	ldi	r25, 0x01	; 1
    1b7c:	0d de       	rcall	.-998    	; 0x1798 <COM_Add_To_OutSTR_At_Position>
    1b7e:	6f 2d       	mov	r22, r15
    1b80:	ce 01       	movw	r24, r28
    1b82:	ad dd       	rcall	.-1190   	; 0x16de <COM_Compare_to_OutStr_Offset>
    1b84:	88 23       	and	r24, r24
    1b86:	49 f0       	breq	.+18     	; 0x1b9a <UART_Execute_Command+0x22e>
    1b88:	80 e2       	ldi	r24, 0x20	; 32
    1b8a:	91 e0       	ldi	r25, 0x01	; 1
    1b8c:	df dd       	rcall	.-1090   	; 0x174c <COM_Add_To_OutSTR_with_Sep>
    1b8e:	8b e2       	ldi	r24, 0x2B	; 43
    1b90:	91 e0       	ldi	r25, 0x01	; 1
    1b92:	dc dd       	rcall	.-1096   	; 0x174c <COM_Add_To_OutSTR_with_Sep>
    1b94:	8d e3       	ldi	r24, 0x3D	; 61
    1b96:	94 e1       	ldi	r25, 0x14	; 20
    1b98:	42 c0       	rjmp	.+132    	; 0x1c1e <UART_Execute_Command+0x2b2>
    1b9a:	6f 2d       	mov	r22, r15
    1b9c:	88 ec       	ldi	r24, 0xC8	; 200
    1b9e:	91 e0       	ldi	r25, 0x01	; 1
    1ba0:	fb dd       	rcall	.-1034   	; 0x1798 <COM_Add_To_OutSTR_At_Position>
    1ba2:	6f 2d       	mov	r22, r15
    1ba4:	ce 01       	movw	r24, r28
    1ba6:	9b dd       	rcall	.-1226   	; 0x16de <COM_Compare_to_OutStr_Offset>
    1ba8:	88 23       	and	r24, r24
    1baa:	09 f4       	brne	.+2      	; 0x1bae <UART_Execute_Command+0x242>
    1bac:	94 cf       	rjmp	.-216    	; 0x1ad6 <UART_Execute_Command+0x16a>
    1bae:	8b e0       	ldi	r24, 0x0B	; 11
    1bb0:	91 e0       	ldi	r25, 0x01	; 1
    1bb2:	cc dd       	rcall	.-1128   	; 0x174c <COM_Add_To_OutSTR_with_Sep>
    1bb4:	80 ea       	ldi	r24, 0xA0	; 160
    1bb6:	9e e0       	ldi	r25, 0x0E	; 14
    1bb8:	40 dd       	rcall	.-1408   	; 0x163a <UART_WriteString>
    1bba:	80 91 9e 0e 	lds	r24, 0x0E9E	; 0x800e9e <UART_Reply_L>
    1bbe:	81 11       	cpse	r24, r1
    1bc0:	fc cf       	rjmp	.-8      	; 0x1bba <UART_Execute_Command+0x24e>
    1bc2:	f8 94       	cli
    1bc4:	0c 94 00 00 	jmp	0	; 0x0 <__vectors>
    1bc8:	6f 2d       	mov	r22, r15
    1bca:	82 e4       	ldi	r24, 0x42	; 66
    1bcc:	91 e0       	ldi	r25, 0x01	; 1
    1bce:	e4 dd       	rcall	.-1080   	; 0x1798 <COM_Add_To_OutSTR_At_Position>
    1bd0:	6f 2d       	mov	r22, r15
    1bd2:	ce 01       	movw	r24, r28
    1bd4:	84 dd       	rcall	.-1272   	; 0x16de <COM_Compare_to_OutStr_Offset>
    1bd6:	88 23       	and	r24, r24
    1bd8:	39 f1       	breq	.+78     	; 0x1c28 <UART_Execute_Command+0x2bc>
    1bda:	80 91 8a 10 	lds	r24, 0x108A	; 0x80108a <OutSTR_L>
    1bde:	fe 01       	movw	r30, r28
    1be0:	e8 0f       	add	r30, r24
    1be2:	f1 1d       	adc	r31, r1
    1be4:	80 81       	ld	r24, Z
    1be6:	81 11       	cpse	r24, r1
    1be8:	08 c0       	rjmp	.+16     	; 0x1bfa <UART_Execute_Command+0x28e>
    1bea:	c8 01       	movw	r24, r16
    1bec:	0e 94 02 4b 	call	0x9604	; 0x9604 <atol>
    1bf0:	60 93 a9 14 	sts	0x14A9, r22	; 0x8014a9 <PV_Mode_CTR>
    1bf4:	80 91 a9 14 	lds	r24, 0x14A9	; 0x8014a9 <PV_Mode_CTR>
    1bf8:	0c c0       	rjmp	.+24     	; 0x1c12 <UART_Execute_Command+0x2a6>
    1bfa:	80 91 8a 10 	lds	r24, 0x108A	; 0x80108a <OutSTR_L>
    1bfe:	c8 0f       	add	r28, r24
    1c00:	d1 1d       	adc	r29, r1
    1c02:	88 81       	ld	r24, Y
    1c04:	8f 33       	cpi	r24, 0x3F	; 63
    1c06:	11 f0       	breq	.+4      	; 0x1c0c <UART_Execute_Command+0x2a0>
    1c08:	0c 94 ee 16 	jmp	0x2ddc	; 0x2ddc <UART_Execute_Command+0x1470>
    1c0c:	de dd       	rcall	.-1092   	; 0x17ca <COM_Add_QuestMark_To_OutSTR_No_Sep>
    1c0e:	80 91 92 14 	lds	r24, 0x1492	; 0x801492 <PV_Mode_ACT>
    1c12:	4a e0       	ldi	r20, 0x0A	; 10
    1c14:	b8 01       	movw	r22, r16
    1c16:	90 e0       	ldi	r25, 0x00	; 0
    1c18:	0e 94 07 4c 	call	0x980e	; 0x980e <__itoa_ncheck>
    1c1c:	c8 01       	movw	r24, r16
    1c1e:	96 dd       	rcall	.-1236   	; 0x174c <COM_Add_To_OutSTR_with_Sep>
    1c20:	80 ea       	ldi	r24, 0xA0	; 160
    1c22:	9e e0       	ldi	r25, 0x0E	; 14
    1c24:	0c 94 f0 16 	jmp	0x2de0	; 0x2de0 <UART_Execute_Command+0x1474>
    1c28:	6f 2d       	mov	r22, r15
    1c2a:	87 e4       	ldi	r24, 0x47	; 71
    1c2c:	91 e0       	ldi	r25, 0x01	; 1
    1c2e:	b4 dd       	rcall	.-1176   	; 0x1798 <COM_Add_To_OutSTR_At_Position>
    1c30:	6f 2d       	mov	r22, r15
    1c32:	ce 01       	movw	r24, r28
    1c34:	54 dd       	rcall	.-1368   	; 0x16de <COM_Compare_to_OutStr_Offset>
    1c36:	88 23       	and	r24, r24
    1c38:	39 f1       	breq	.+78     	; 0x1c88 <UART_Execute_Command+0x31c>
    1c3a:	80 91 8a 10 	lds	r24, 0x108A	; 0x80108a <OutSTR_L>
    1c3e:	fe 01       	movw	r30, r28
    1c40:	e8 0f       	add	r30, r24
    1c42:	f1 1d       	adc	r31, r1
    1c44:	80 81       	ld	r24, Z
    1c46:	81 11       	cpse	r24, r1
    1c48:	0c c0       	rjmp	.+24     	; 0x1c62 <UART_Execute_Command+0x2f6>
    1c4a:	c8 01       	movw	r24, r16
    1c4c:	0e 94 e2 4a 	call	0x95c4	; 0x95c4 <atof>
    1c50:	60 93 56 14 	sts	0x1456, r22	; 0x801456 <PV_Volt_Setpoint>
    1c54:	70 93 57 14 	sts	0x1457, r23	; 0x801457 <PV_Volt_Setpoint+0x1>
    1c58:	80 93 58 14 	sts	0x1458, r24	; 0x801458 <PV_Volt_Setpoint+0x2>
    1c5c:	90 93 59 14 	sts	0x1459, r25	; 0x801459 <PV_Volt_Setpoint+0x3>
    1c60:	0a c0       	rjmp	.+20     	; 0x1c76 <UART_Execute_Command+0x30a>
    1c62:	80 91 8a 10 	lds	r24, 0x108A	; 0x80108a <OutSTR_L>
    1c66:	c8 0f       	add	r28, r24
    1c68:	d1 1d       	adc	r29, r1
    1c6a:	88 81       	ld	r24, Y
    1c6c:	8f 33       	cpi	r24, 0x3F	; 63
    1c6e:	11 f0       	breq	.+4      	; 0x1c74 <UART_Execute_Command+0x308>
    1c70:	0c 94 ee 16 	jmp	0x2ddc	; 0x2ddc <UART_Execute_Command+0x1470>
    1c74:	aa dd       	rcall	.-1196   	; 0x17ca <COM_Add_QuestMark_To_OutSTR_No_Sep>
    1c76:	40 91 56 14 	lds	r20, 0x1456	; 0x801456 <PV_Volt_Setpoint>
    1c7a:	50 91 57 14 	lds	r21, 0x1457	; 0x801457 <PV_Volt_Setpoint+0x1>
    1c7e:	60 91 58 14 	lds	r22, 0x1458	; 0x801458 <PV_Volt_Setpoint+0x2>
    1c82:	70 91 59 14 	lds	r23, 0x1459	; 0x801459 <PV_Volt_Setpoint+0x3>
    1c86:	2f c0       	rjmp	.+94     	; 0x1ce6 <UART_Execute_Command+0x37a>
    1c88:	6f 2d       	mov	r22, r15
    1c8a:	8f e4       	ldi	r24, 0x4F	; 79
    1c8c:	91 e0       	ldi	r25, 0x01	; 1
    1c8e:	84 dd       	rcall	.-1272   	; 0x1798 <COM_Add_To_OutSTR_At_Position>
    1c90:	6f 2d       	mov	r22, r15
    1c92:	ce 01       	movw	r24, r28
    1c94:	24 dd       	rcall	.-1464   	; 0x16de <COM_Compare_to_OutStr_Offset>
    1c96:	88 23       	and	r24, r24
    1c98:	49 f1       	breq	.+82     	; 0x1cec <UART_Execute_Command+0x380>
    1c9a:	80 91 8a 10 	lds	r24, 0x108A	; 0x80108a <OutSTR_L>
    1c9e:	fe 01       	movw	r30, r28
    1ca0:	e8 0f       	add	r30, r24
    1ca2:	f1 1d       	adc	r31, r1
    1ca4:	80 81       	ld	r24, Z
    1ca6:	81 11       	cpse	r24, r1
    1ca8:	0c c0       	rjmp	.+24     	; 0x1cc2 <UART_Execute_Command+0x356>
    1caa:	c8 01       	movw	r24, r16
    1cac:	0e 94 e2 4a 	call	0x95c4	; 0x95c4 <atof>
    1cb0:	60 93 b1 14 	sts	0x14B1, r22	; 0x8014b1 <PV_Curr_Setpoint>
    1cb4:	70 93 b2 14 	sts	0x14B2, r23	; 0x8014b2 <PV_Curr_Setpoint+0x1>
    1cb8:	80 93 b3 14 	sts	0x14B3, r24	; 0x8014b3 <PV_Curr_Setpoint+0x2>
    1cbc:	90 93 b4 14 	sts	0x14B4, r25	; 0x8014b4 <PV_Curr_Setpoint+0x3>
    1cc0:	0a c0       	rjmp	.+20     	; 0x1cd6 <UART_Execute_Command+0x36a>
    1cc2:	80 91 8a 10 	lds	r24, 0x108A	; 0x80108a <OutSTR_L>
    1cc6:	c8 0f       	add	r28, r24
    1cc8:	d1 1d       	adc	r29, r1
    1cca:	88 81       	ld	r24, Y
    1ccc:	8f 33       	cpi	r24, 0x3F	; 63
    1cce:	11 f0       	breq	.+4      	; 0x1cd4 <UART_Execute_Command+0x368>
    1cd0:	0c 94 ee 16 	jmp	0x2ddc	; 0x2ddc <UART_Execute_Command+0x1470>
    1cd4:	7a dd       	rcall	.-1292   	; 0x17ca <COM_Add_QuestMark_To_OutSTR_No_Sep>
    1cd6:	40 91 b1 14 	lds	r20, 0x14B1	; 0x8014b1 <PV_Curr_Setpoint>
    1cda:	50 91 b2 14 	lds	r21, 0x14B2	; 0x8014b2 <PV_Curr_Setpoint+0x1>
    1cde:	60 91 b3 14 	lds	r22, 0x14B3	; 0x8014b3 <PV_Curr_Setpoint+0x2>
    1ce2:	70 91 b4 14 	lds	r23, 0x14B4	; 0x8014b4 <PV_Curr_Setpoint+0x3>
    1ce6:	c8 01       	movw	r24, r16
    1ce8:	c7 dd       	rcall	.-1138   	; 0x1878 <FloatToString>
    1cea:	98 cf       	rjmp	.-208    	; 0x1c1c <UART_Execute_Command+0x2b0>
    1cec:	6f 2d       	mov	r22, r15
    1cee:	87 e5       	ldi	r24, 0x57	; 87
    1cf0:	91 e0       	ldi	r25, 0x01	; 1
    1cf2:	52 dd       	rcall	.-1372   	; 0x1798 <COM_Add_To_OutSTR_At_Position>
    1cf4:	6f 2d       	mov	r22, r15
    1cf6:	ce 01       	movw	r24, r28
    1cf8:	f2 dc       	rcall	.-1564   	; 0x16de <COM_Compare_to_OutStr_Offset>
    1cfa:	88 23       	and	r24, r24
    1cfc:	09 f4       	brne	.+2      	; 0x1d00 <UART_Execute_Command+0x394>
    1cfe:	f4 ce       	rjmp	.-536    	; 0x1ae8 <UART_Execute_Command+0x17c>
    1d00:	80 91 8a 10 	lds	r24, 0x108A	; 0x80108a <OutSTR_L>
    1d04:	fe 01       	movw	r30, r28
    1d06:	e8 0f       	add	r30, r24
    1d08:	f1 1d       	adc	r31, r1
    1d0a:	80 81       	ld	r24, Z
    1d0c:	81 11       	cpse	r24, r1
    1d0e:	1d c0       	rjmp	.+58     	; 0x1d4a <UART_Execute_Command+0x3de>
    1d10:	c8 01       	movw	r24, r16
    1d12:	0e 94 02 4b 	call	0x9604	; 0x9604 <atol>
    1d16:	61 36       	cpi	r22, 0x61	; 97
    1d18:	fa ee       	ldi	r31, 0xEA	; 234
    1d1a:	7f 07       	cpc	r23, r31
    1d1c:	81 05       	cpc	r24, r1
    1d1e:	91 05       	cpc	r25, r1
    1d20:	1c f0       	brlt	.+6      	; 0x1d28 <UART_Execute_Command+0x3bc>
    1d22:	80 e6       	ldi	r24, 0x60	; 96
    1d24:	9a ee       	ldi	r25, 0xEA	; 234
    1d26:	07 c0       	rjmp	.+14     	; 0x1d36 <UART_Execute_Command+0x3ca>
    1d28:	16 16       	cp	r1, r22
    1d2a:	17 06       	cpc	r1, r23
    1d2c:	18 06       	cpc	r1, r24
    1d2e:	19 06       	cpc	r1, r25
    1d30:	3c f0       	brlt	.+14     	; 0x1d40 <UART_Execute_Command+0x3d4>
    1d32:	81 e0       	ldi	r24, 0x01	; 1
    1d34:	90 e0       	ldi	r25, 0x00	; 0
    1d36:	90 93 c6 14 	sts	0x14C6, r25	; 0x8014c6 <LOAD_MPPT_Timer_Update_Delay+0x1>
    1d3a:	80 93 c5 14 	sts	0x14C5, r24	; 0x8014c5 <LOAD_MPPT_Timer_Update_Delay>
    1d3e:	0f c0       	rjmp	.+30     	; 0x1d5e <UART_Execute_Command+0x3f2>
    1d40:	70 93 c6 14 	sts	0x14C6, r23	; 0x8014c6 <LOAD_MPPT_Timer_Update_Delay+0x1>
    1d44:	60 93 c5 14 	sts	0x14C5, r22	; 0x8014c5 <LOAD_MPPT_Timer_Update_Delay>
    1d48:	0a c0       	rjmp	.+20     	; 0x1d5e <UART_Execute_Command+0x3f2>
    1d4a:	80 91 8a 10 	lds	r24, 0x108A	; 0x80108a <OutSTR_L>
    1d4e:	c8 0f       	add	r28, r24
    1d50:	d1 1d       	adc	r29, r1
    1d52:	88 81       	ld	r24, Y
    1d54:	8f 33       	cpi	r24, 0x3F	; 63
    1d56:	11 f0       	breq	.+4      	; 0x1d5c <UART_Execute_Command+0x3f0>
    1d58:	0c 94 ee 16 	jmp	0x2ddc	; 0x2ddc <UART_Execute_Command+0x1470>
    1d5c:	36 dd       	rcall	.-1428   	; 0x17ca <COM_Add_QuestMark_To_OutSTR_No_Sep>
    1d5e:	60 91 c5 14 	lds	r22, 0x14C5	; 0x8014c5 <LOAD_MPPT_Timer_Update_Delay>
    1d62:	70 91 c6 14 	lds	r23, 0x14C6	; 0x8014c6 <LOAD_MPPT_Timer_Update_Delay+0x1>
    1d66:	2a c1       	rjmp	.+596    	; 0x1fbc <UART_Execute_Command+0x650>
    1d68:	80 91 26 14 	lds	r24, 0x1426	; 0x801426 <SysStatus_A>
    1d6c:	85 fd       	sbrc	r24, 5
    1d6e:	dd ce       	rjmp	.-582    	; 0x1b2a <UART_Execute_Command+0x1be>
    1d70:	80 91 26 14 	lds	r24, 0x1426	; 0x801426 <SysStatus_A>
    1d74:	80 ff       	sbrs	r24, 0
    1d76:	d9 ce       	rjmp	.-590    	; 0x1b2a <UART_Execute_Command+0x1be>
    1d78:	80 91 2b 14 	lds	r24, 0x142B	; 0x80142b <SysControl>
    1d7c:	82 60       	ori	r24, 0x02	; 2
    1d7e:	80 93 2b 14 	sts	0x142B, r24	; 0x80142b <SysControl>
    1d82:	80 91 b8 02 	lds	r24, 0x02B8	; 0x8002b8 <IV_Point_Set_Delay_ms>
    1d86:	90 91 b9 02 	lds	r25, 0x02B9	; 0x8002b9 <IV_Point_Set_Delay_ms+0x1>
    1d8a:	80 32       	cpi	r24, 0x20	; 32
    1d8c:	9e 44       	sbci	r25, 0x4E	; 78
    1d8e:	18 f0       	brcs	.+6      	; 0x1d96 <UART_Execute_Command+0x42a>
    1d90:	80 e6       	ldi	r24, 0x60	; 96
    1d92:	9a ee       	ldi	r25, 0xEA	; 234
    1d94:	0a c0       	rjmp	.+20     	; 0x1daa <UART_Execute_Command+0x43e>
    1d96:	80 91 b8 02 	lds	r24, 0x02B8	; 0x8002b8 <IV_Point_Set_Delay_ms>
    1d9a:	90 91 b9 02 	lds	r25, 0x02B9	; 0x8002b9 <IV_Point_Set_Delay_ms+0x1>
    1d9e:	9c 01       	movw	r18, r24
    1da0:	22 0f       	add	r18, r18
    1da2:	33 1f       	adc	r19, r19
    1da4:	82 0f       	add	r24, r18
    1da6:	93 1f       	adc	r25, r19
    1da8:	c2 96       	adiw	r24, 0x32	; 50
    1daa:	90 93 c0 02 	sts	0x02C0, r25	; 0x8002c0 <IV_Setup_Signal_Set_Time+0x1>
    1dae:	80 93 bf 02 	sts	0x02BF, r24	; 0x8002bf <IV_Setup_Signal_Set_Time>
    1db2:	70 90 b7 06 	lds	r7, 0x06B7	; 0x8006b7 <IV_Meas_Points>
    1db6:	e0 90 b8 02 	lds	r14, 0x02B8	; 0x8002b8 <IV_Point_Set_Delay_ms>
    1dba:	f0 90 b9 02 	lds	r15, 0x02B9	; 0x8002b9 <IV_Point_Set_Delay_ms+0x1>
    1dbe:	60 91 b7 06 	lds	r22, 0x06B7	; 0x8006b7 <IV_Meas_Points>
    1dc2:	50 90 c1 02 	lds	r5, 0x02C1	; 0x8002c1 <IV_Point_Meas_Nu_AVR_Sets>
    1dc6:	60 90 b2 02 	lds	r6, 0x02B2	; 0x8002b2 <IV_Point_Meas_Nu_AVR_VoltCurr>
    1dca:	c0 91 bf 02 	lds	r28, 0x02BF	; 0x8002bf <IV_Setup_Signal_Set_Time>
    1dce:	d0 91 c0 02 	lds	r29, 0x02C0	; 0x8002c0 <IV_Setup_Signal_Set_Time+0x1>
    1dd2:	70 e0       	ldi	r23, 0x00	; 0
    1dd4:	80 e0       	ldi	r24, 0x00	; 0
    1dd6:	90 e0       	ldi	r25, 0x00	; 0
    1dd8:	0e 94 d1 47 	call	0x8fa2	; 0x8fa2 <__floatunsisf>
    1ddc:	4b 01       	movw	r8, r22
    1dde:	5c 01       	movw	r10, r24
    1de0:	65 2d       	mov	r22, r5
    1de2:	70 e0       	ldi	r23, 0x00	; 0
    1de4:	80 e0       	ldi	r24, 0x00	; 0
    1de6:	90 e0       	ldi	r25, 0x00	; 0
    1de8:	0e 94 d1 47 	call	0x8fa2	; 0x8fa2 <__floatunsisf>
    1dec:	9b 01       	movw	r18, r22
    1dee:	ac 01       	movw	r20, r24
    1df0:	c5 01       	movw	r24, r10
    1df2:	b4 01       	movw	r22, r8
    1df4:	0e 94 61 49 	call	0x92c2	; 0x92c2 <__mulsf3>
    1df8:	4b 01       	movw	r8, r22
    1dfa:	5c 01       	movw	r10, r24
    1dfc:	66 2d       	mov	r22, r6
    1dfe:	70 e0       	ldi	r23, 0x00	; 0
    1e00:	80 e0       	ldi	r24, 0x00	; 0
    1e02:	90 e0       	ldi	r25, 0x00	; 0
    1e04:	0e 94 d1 47 	call	0x8fa2	; 0x8fa2 <__floatunsisf>
    1e08:	28 e5       	ldi	r18, 0x58	; 88
    1e0a:	39 e3       	ldi	r19, 0x39	; 57
    1e0c:	44 eb       	ldi	r20, 0xB4	; 180
    1e0e:	5c e3       	ldi	r21, 0x3C	; 60
    1e10:	0e 94 61 49 	call	0x92c2	; 0x92c2 <__mulsf3>
    1e14:	2e ea       	ldi	r18, 0xAE	; 174
    1e16:	37 e4       	ldi	r19, 0x47	; 71
    1e18:	41 e6       	ldi	r20, 0x61	; 97
    1e1a:	5e e3       	ldi	r21, 0x3E	; 62
    1e1c:	0e 94 9f 46 	call	0x8d3e	; 0x8d3e <__addsf3>
    1e20:	9b 01       	movw	r18, r22
    1e22:	ac 01       	movw	r20, r24
    1e24:	c5 01       	movw	r24, r10
    1e26:	b4 01       	movw	r22, r8
    1e28:	0e 94 61 49 	call	0x92c2	; 0x92c2 <__mulsf3>
    1e2c:	4b 01       	movw	r8, r22
    1e2e:	5c 01       	movw	r10, r24
    1e30:	67 2d       	mov	r22, r7
    1e32:	70 e0       	ldi	r23, 0x00	; 0
    1e34:	80 e0       	ldi	r24, 0x00	; 0
    1e36:	90 e0       	ldi	r25, 0x00	; 0
    1e38:	0e 94 d1 47 	call	0x8fa2	; 0x8fa2 <__floatunsisf>
    1e3c:	2b 01       	movw	r4, r22
    1e3e:	3c 01       	movw	r6, r24
    1e40:	b7 01       	movw	r22, r14
    1e42:	80 e0       	ldi	r24, 0x00	; 0
    1e44:	90 e0       	ldi	r25, 0x00	; 0
    1e46:	0e 94 d1 47 	call	0x8fa2	; 0x8fa2 <__floatunsisf>
    1e4a:	9b 01       	movw	r18, r22
    1e4c:	ac 01       	movw	r20, r24
    1e4e:	c3 01       	movw	r24, r6
    1e50:	b2 01       	movw	r22, r4
    1e52:	0e 94 61 49 	call	0x92c2	; 0x92c2 <__mulsf3>
    1e56:	9b 01       	movw	r18, r22
    1e58:	ac 01       	movw	r20, r24
    1e5a:	c5 01       	movw	r24, r10
    1e5c:	b4 01       	movw	r22, r8
    1e5e:	0e 94 9f 46 	call	0x8d3e	; 0x8d3e <__addsf3>
    1e62:	fe c1       	rjmp	.+1020   	; 0x2260 <UART_Execute_Command+0x8f4>
    1e64:	6f 2d       	mov	r22, r15
    1e66:	87 e6       	ldi	r24, 0x67	; 103
    1e68:	91 e0       	ldi	r25, 0x01	; 1
    1e6a:	96 dc       	rcall	.-1748   	; 0x1798 <COM_Add_To_OutSTR_At_Position>
    1e6c:	6f 2d       	mov	r22, r15
    1e6e:	ce 01       	movw	r24, r28
    1e70:	36 dc       	rcall	.-1940   	; 0x16de <COM_Compare_to_OutStr_Offset>
    1e72:	88 23       	and	r24, r24
    1e74:	a9 f1       	breq	.+106    	; 0x1ee0 <UART_Execute_Command+0x574>
    1e76:	80 91 8a 10 	lds	r24, 0x108A	; 0x80108a <OutSTR_L>
    1e7a:	c8 0f       	add	r28, r24
    1e7c:	d1 1d       	adc	r29, r1
    1e7e:	88 81       	ld	r24, Y
    1e80:	8f 33       	cpi	r24, 0x3F	; 63
    1e82:	09 f0       	breq	.+2      	; 0x1e86 <UART_Execute_Command+0x51a>
    1e84:	ab c7       	rjmp	.+3926   	; 0x2ddc <UART_Execute_Command+0x1470>
    1e86:	80 91 29 14 	lds	r24, 0x1429	; 0x801429 <UartStatus>
    1e8a:	80 64       	ori	r24, 0x40	; 64
    1e8c:	80 93 29 14 	sts	0x1429, r24	; 0x801429 <UartStatus>
    1e90:	10 92 9d 0e 	sts	0x0E9D, r1	; 0x800e9d <Trans_IV_Point>
    1e94:	9a dc       	rcall	.-1740   	; 0x17ca <COM_Add_QuestMark_To_OutSTR_No_Sep>
    1e96:	80 91 b3 02 	lds	r24, 0x02B3	; 0x8002b3 <IV_Report>
    1e9a:	4a e0       	ldi	r20, 0x0A	; 10
    1e9c:	b8 01       	movw	r22, r16
    1e9e:	90 e0       	ldi	r25, 0x00	; 0
    1ea0:	0e 94 07 4c 	call	0x980e	; 0x980e <__itoa_ncheck>
    1ea4:	c8 01       	movw	r24, r16
    1ea6:	52 dc       	rcall	.-1884   	; 0x174c <COM_Add_To_OutSTR_with_Sep>
    1ea8:	80 91 2d 14 	lds	r24, 0x142D	; 0x80142d <SysConfig>
    1eac:	80 ff       	sbrs	r24, 0
    1eae:	0c c0       	rjmp	.+24     	; 0x1ec8 <UART_Execute_Command+0x55c>
    1eb0:	40 91 56 12 	lds	r20, 0x1256	; 0x801256 <AI_RTD_Temp>
    1eb4:	50 91 57 12 	lds	r21, 0x1257	; 0x801257 <AI_RTD_Temp+0x1>
    1eb8:	60 91 58 12 	lds	r22, 0x1258	; 0x801258 <AI_RTD_Temp+0x2>
    1ebc:	70 91 59 12 	lds	r23, 0x1259	; 0x801259 <AI_RTD_Temp+0x3>
    1ec0:	c8 01       	movw	r24, r16
    1ec2:	da dc       	rcall	.-1612   	; 0x1878 <FloatToString>
    1ec4:	c8 01       	movw	r24, r16
    1ec6:	42 dc       	rcall	.-1916   	; 0x174c <COM_Add_To_OutSTR_with_Sep>
    1ec8:	80 ea       	ldi	r24, 0xA0	; 160
    1eca:	9e e0       	ldi	r25, 0x0E	; 14
    1ecc:	b6 db       	rcall	.-2196   	; 0x163a <UART_WriteString>
    1ece:	80 91 29 14 	lds	r24, 0x1429	; 0x801429 <UartStatus>
    1ed2:	8f 77       	andi	r24, 0x7F	; 127
    1ed4:	80 93 29 14 	sts	0x1429, r24	; 0x801429 <UartStatus>
    1ed8:	80 91 2a 14 	lds	r24, 0x142A	; 0x80142a <SysStatus_B>
    1edc:	8d 7f       	andi	r24, 0xFD	; 253
    1ede:	6d c7       	rjmp	.+3802   	; 0x2dba <UART_Execute_Command+0x144e>
    1ee0:	6f 2d       	mov	r22, r15
    1ee2:	8c e6       	ldi	r24, 0x6C	; 108
    1ee4:	91 e0       	ldi	r25, 0x01	; 1
    1ee6:	58 dc       	rcall	.-1872   	; 0x1798 <COM_Add_To_OutSTR_At_Position>
    1ee8:	6f 2d       	mov	r22, r15
    1eea:	ce 01       	movw	r24, r28
    1eec:	f8 db       	rcall	.-2064   	; 0x16de <COM_Compare_to_OutStr_Offset>
    1eee:	88 23       	and	r24, r24
    1ef0:	51 f1       	breq	.+84     	; 0x1f46 <UART_Execute_Command+0x5da>
    1ef2:	80 91 8a 10 	lds	r24, 0x108A	; 0x80108a <OutSTR_L>
    1ef6:	fe 01       	movw	r30, r28
    1ef8:	e8 0f       	add	r30, r24
    1efa:	f1 1d       	adc	r31, r1
    1efc:	80 81       	ld	r24, Z
    1efe:	81 11       	cpse	r24, r1
    1f00:	16 c0       	rjmp	.+44     	; 0x1f2e <UART_Execute_Command+0x5c2>
    1f02:	c8 01       	movw	r24, r16
    1f04:	0e 94 02 4b 	call	0x9604	; 0x9604 <atol>
    1f08:	6b 3f       	cpi	r22, 0xFB	; 251
    1f0a:	71 05       	cpc	r23, r1
    1f0c:	81 05       	cpc	r24, r1
    1f0e:	91 05       	cpc	r25, r1
    1f10:	14 f0       	brlt	.+4      	; 0x1f16 <UART_Execute_Command+0x5aa>
    1f12:	8a ef       	ldi	r24, 0xFA	; 250
    1f14:	06 c0       	rjmp	.+12     	; 0x1f22 <UART_Execute_Command+0x5b6>
    1f16:	64 30       	cpi	r22, 0x04	; 4
    1f18:	71 05       	cpc	r23, r1
    1f1a:	81 05       	cpc	r24, r1
    1f1c:	91 05       	cpc	r25, r1
    1f1e:	24 f4       	brge	.+8      	; 0x1f28 <UART_Execute_Command+0x5bc>
    1f20:	83 e0       	ldi	r24, 0x03	; 3
    1f22:	80 93 b7 06 	sts	0x06B7, r24	; 0x8006b7 <IV_Meas_Points>
    1f26:	0c c0       	rjmp	.+24     	; 0x1f40 <UART_Execute_Command+0x5d4>
    1f28:	60 93 b7 06 	sts	0x06B7, r22	; 0x8006b7 <IV_Meas_Points>
    1f2c:	09 c0       	rjmp	.+18     	; 0x1f40 <UART_Execute_Command+0x5d4>
    1f2e:	80 91 8a 10 	lds	r24, 0x108A	; 0x80108a <OutSTR_L>
    1f32:	c8 0f       	add	r28, r24
    1f34:	d1 1d       	adc	r29, r1
    1f36:	88 81       	ld	r24, Y
    1f38:	8f 33       	cpi	r24, 0x3F	; 63
    1f3a:	09 f0       	breq	.+2      	; 0x1f3e <UART_Execute_Command+0x5d2>
    1f3c:	4f c7       	rjmp	.+3742   	; 0x2ddc <UART_Execute_Command+0x1470>
    1f3e:	45 dc       	rcall	.-1910   	; 0x17ca <COM_Add_QuestMark_To_OutSTR_No_Sep>
    1f40:	80 91 b7 06 	lds	r24, 0x06B7	; 0x8006b7 <IV_Meas_Points>
    1f44:	66 ce       	rjmp	.-820    	; 0x1c12 <UART_Execute_Command+0x2a6>
    1f46:	6f 2d       	mov	r22, r15
    1f48:	8c e5       	ldi	r24, 0x5C	; 92
    1f4a:	91 e0       	ldi	r25, 0x01	; 1
    1f4c:	25 dc       	rcall	.-1974   	; 0x1798 <COM_Add_To_OutSTR_At_Position>
    1f4e:	6f 2d       	mov	r22, r15
    1f50:	ce 01       	movw	r24, r28
    1f52:	c5 db       	rcall	.-2166   	; 0x16de <COM_Compare_to_OutStr_Offset>
    1f54:	88 23       	and	r24, r24
    1f56:	c9 f1       	breq	.+114    	; 0x1fca <UART_Execute_Command+0x65e>
    1f58:	80 91 8a 10 	lds	r24, 0x108A	; 0x80108a <OutSTR_L>
    1f5c:	fe 01       	movw	r30, r28
    1f5e:	e8 0f       	add	r30, r24
    1f60:	f1 1d       	adc	r31, r1
    1f62:	80 81       	ld	r24, Z
    1f64:	81 11       	cpse	r24, r1
    1f66:	1d c0       	rjmp	.+58     	; 0x1fa2 <UART_Execute_Command+0x636>
    1f68:	c8 01       	movw	r24, r16
    1f6a:	0e 94 02 4b 	call	0x9604	; 0x9604 <atol>
    1f6e:	61 36       	cpi	r22, 0x61	; 97
    1f70:	ea ee       	ldi	r30, 0xEA	; 234
    1f72:	7e 07       	cpc	r23, r30
    1f74:	81 05       	cpc	r24, r1
    1f76:	91 05       	cpc	r25, r1
    1f78:	1c f0       	brlt	.+6      	; 0x1f80 <UART_Execute_Command+0x614>
    1f7a:	80 e6       	ldi	r24, 0x60	; 96
    1f7c:	9a ee       	ldi	r25, 0xEA	; 234
    1f7e:	07 c0       	rjmp	.+14     	; 0x1f8e <UART_Execute_Command+0x622>
    1f80:	16 16       	cp	r1, r22
    1f82:	17 06       	cpc	r1, r23
    1f84:	18 06       	cpc	r1, r24
    1f86:	19 06       	cpc	r1, r25
    1f88:	3c f0       	brlt	.+14     	; 0x1f98 <UART_Execute_Command+0x62c>
    1f8a:	81 e0       	ldi	r24, 0x01	; 1
    1f8c:	90 e0       	ldi	r25, 0x00	; 0
    1f8e:	90 93 b9 02 	sts	0x02B9, r25	; 0x8002b9 <IV_Point_Set_Delay_ms+0x1>
    1f92:	80 93 b8 02 	sts	0x02B8, r24	; 0x8002b8 <IV_Point_Set_Delay_ms>
    1f96:	0e c0       	rjmp	.+28     	; 0x1fb4 <UART_Execute_Command+0x648>
    1f98:	70 93 b9 02 	sts	0x02B9, r23	; 0x8002b9 <IV_Point_Set_Delay_ms+0x1>
    1f9c:	60 93 b8 02 	sts	0x02B8, r22	; 0x8002b8 <IV_Point_Set_Delay_ms>
    1fa0:	09 c0       	rjmp	.+18     	; 0x1fb4 <UART_Execute_Command+0x648>
    1fa2:	80 91 8a 10 	lds	r24, 0x108A	; 0x80108a <OutSTR_L>
    1fa6:	c8 0f       	add	r28, r24
    1fa8:	d1 1d       	adc	r29, r1
    1faa:	88 81       	ld	r24, Y
    1fac:	8f 33       	cpi	r24, 0x3F	; 63
    1fae:	09 f0       	breq	.+2      	; 0x1fb2 <UART_Execute_Command+0x646>
    1fb0:	15 c7       	rjmp	.+3626   	; 0x2ddc <UART_Execute_Command+0x1470>
    1fb2:	0b dc       	rcall	.-2026   	; 0x17ca <COM_Add_QuestMark_To_OutSTR_No_Sep>
    1fb4:	60 91 b8 02 	lds	r22, 0x02B8	; 0x8002b8 <IV_Point_Set_Delay_ms>
    1fb8:	70 91 b9 02 	lds	r23, 0x02B9	; 0x8002b9 <IV_Point_Set_Delay_ms+0x1>
    1fbc:	80 e0       	ldi	r24, 0x00	; 0
    1fbe:	90 e0       	ldi	r25, 0x00	; 0
    1fc0:	2a e0       	ldi	r18, 0x0A	; 10
    1fc2:	a8 01       	movw	r20, r16
    1fc4:	0e 94 11 4c 	call	0x9822	; 0x9822 <__ltoa_ncheck>
    1fc8:	29 ce       	rjmp	.-942    	; 0x1c1c <UART_Execute_Command+0x2b0>
    1fca:	6f 2d       	mov	r22, r15
    1fcc:	83 e7       	ldi	r24, 0x73	; 115
    1fce:	91 e0       	ldi	r25, 0x01	; 1
    1fd0:	e3 db       	rcall	.-2106   	; 0x1798 <COM_Add_To_OutSTR_At_Position>
    1fd2:	6f 2d       	mov	r22, r15
    1fd4:	ce 01       	movw	r24, r28
    1fd6:	83 db       	rcall	.-2298   	; 0x16de <COM_Compare_to_OutStr_Offset>
    1fd8:	88 23       	and	r24, r24
    1fda:	59 f1       	breq	.+86     	; 0x2032 <UART_Execute_Command+0x6c6>
    1fdc:	80 91 8a 10 	lds	r24, 0x108A	; 0x80108a <OutSTR_L>
    1fe0:	fe 01       	movw	r30, r28
    1fe2:	e8 0f       	add	r30, r24
    1fe4:	f1 1d       	adc	r31, r1
    1fe6:	80 81       	ld	r24, Z
    1fe8:	81 11       	cpse	r24, r1
    1fea:	17 c0       	rjmp	.+46     	; 0x201a <UART_Execute_Command+0x6ae>
    1fec:	c8 01       	movw	r24, r16
    1fee:	0e 94 02 4b 	call	0x9604	; 0x9604 <atol>
    1ff2:	6f 3f       	cpi	r22, 0xFF	; 255
    1ff4:	71 05       	cpc	r23, r1
    1ff6:	81 05       	cpc	r24, r1
    1ff8:	91 05       	cpc	r25, r1
    1ffa:	19 f0       	breq	.+6      	; 0x2002 <UART_Execute_Command+0x696>
    1ffc:	14 f0       	brlt	.+4      	; 0x2002 <UART_Execute_Command+0x696>
    1ffe:	8f ef       	ldi	r24, 0xFF	; 255
    2000:	06 c0       	rjmp	.+12     	; 0x200e <UART_Execute_Command+0x6a2>
    2002:	16 16       	cp	r1, r22
    2004:	17 06       	cpc	r1, r23
    2006:	18 06       	cpc	r1, r24
    2008:	19 06       	cpc	r1, r25
    200a:	24 f0       	brlt	.+8      	; 0x2014 <UART_Execute_Command+0x6a8>
    200c:	81 e0       	ldi	r24, 0x01	; 1
    200e:	80 93 b2 02 	sts	0x02B2, r24	; 0x8002b2 <IV_Point_Meas_Nu_AVR_VoltCurr>
    2012:	0c c0       	rjmp	.+24     	; 0x202c <UART_Execute_Command+0x6c0>
    2014:	60 93 b2 02 	sts	0x02B2, r22	; 0x8002b2 <IV_Point_Meas_Nu_AVR_VoltCurr>
    2018:	09 c0       	rjmp	.+18     	; 0x202c <UART_Execute_Command+0x6c0>
    201a:	80 91 8a 10 	lds	r24, 0x108A	; 0x80108a <OutSTR_L>
    201e:	c8 0f       	add	r28, r24
    2020:	d1 1d       	adc	r29, r1
    2022:	88 81       	ld	r24, Y
    2024:	8f 33       	cpi	r24, 0x3F	; 63
    2026:	09 f0       	breq	.+2      	; 0x202a <UART_Execute_Command+0x6be>
    2028:	d9 c6       	rjmp	.+3506   	; 0x2ddc <UART_Execute_Command+0x1470>
    202a:	cf db       	rcall	.-2146   	; 0x17ca <COM_Add_QuestMark_To_OutSTR_No_Sep>
    202c:	80 91 b2 02 	lds	r24, 0x02B2	; 0x8002b2 <IV_Point_Meas_Nu_AVR_VoltCurr>
    2030:	f0 cd       	rjmp	.-1056   	; 0x1c12 <UART_Execute_Command+0x2a6>
    2032:	6f 2d       	mov	r22, r15
    2034:	8a e7       	ldi	r24, 0x7A	; 122
    2036:	91 e0       	ldi	r25, 0x01	; 1
    2038:	af db       	rcall	.-2210   	; 0x1798 <COM_Add_To_OutSTR_At_Position>
    203a:	6f 2d       	mov	r22, r15
    203c:	ce 01       	movw	r24, r28
    203e:	4f db       	rcall	.-2402   	; 0x16de <COM_Compare_to_OutStr_Offset>
    2040:	88 23       	and	r24, r24
    2042:	59 f1       	breq	.+86     	; 0x209a <UART_Execute_Command+0x72e>
    2044:	80 91 8a 10 	lds	r24, 0x108A	; 0x80108a <OutSTR_L>
    2048:	fe 01       	movw	r30, r28
    204a:	e8 0f       	add	r30, r24
    204c:	f1 1d       	adc	r31, r1
    204e:	80 81       	ld	r24, Z
    2050:	81 11       	cpse	r24, r1
    2052:	17 c0       	rjmp	.+46     	; 0x2082 <UART_Execute_Command+0x716>
    2054:	c8 01       	movw	r24, r16
    2056:	0e 94 02 4b 	call	0x9604	; 0x9604 <atol>
    205a:	6f 3f       	cpi	r22, 0xFF	; 255
    205c:	71 05       	cpc	r23, r1
    205e:	81 05       	cpc	r24, r1
    2060:	91 05       	cpc	r25, r1
    2062:	19 f0       	breq	.+6      	; 0x206a <UART_Execute_Command+0x6fe>
    2064:	14 f0       	brlt	.+4      	; 0x206a <UART_Execute_Command+0x6fe>
    2066:	8f ef       	ldi	r24, 0xFF	; 255
    2068:	06 c0       	rjmp	.+12     	; 0x2076 <UART_Execute_Command+0x70a>
    206a:	16 16       	cp	r1, r22
    206c:	17 06       	cpc	r1, r23
    206e:	18 06       	cpc	r1, r24
    2070:	19 06       	cpc	r1, r25
    2072:	24 f0       	brlt	.+8      	; 0x207c <UART_Execute_Command+0x710>
    2074:	81 e0       	ldi	r24, 0x01	; 1
    2076:	80 93 c1 02 	sts	0x02C1, r24	; 0x8002c1 <IV_Point_Meas_Nu_AVR_Sets>
    207a:	0c c0       	rjmp	.+24     	; 0x2094 <UART_Execute_Command+0x728>
    207c:	60 93 c1 02 	sts	0x02C1, r22	; 0x8002c1 <IV_Point_Meas_Nu_AVR_Sets>
    2080:	09 c0       	rjmp	.+18     	; 0x2094 <UART_Execute_Command+0x728>
    2082:	80 91 8a 10 	lds	r24, 0x108A	; 0x80108a <OutSTR_L>
    2086:	c8 0f       	add	r28, r24
    2088:	d1 1d       	adc	r29, r1
    208a:	88 81       	ld	r24, Y
    208c:	8f 33       	cpi	r24, 0x3F	; 63
    208e:	09 f0       	breq	.+2      	; 0x2092 <UART_Execute_Command+0x726>
    2090:	a5 c6       	rjmp	.+3402   	; 0x2ddc <UART_Execute_Command+0x1470>
    2092:	9b db       	rcall	.-2250   	; 0x17ca <COM_Add_QuestMark_To_OutSTR_No_Sep>
    2094:	80 91 c1 02 	lds	r24, 0x02C1	; 0x8002c1 <IV_Point_Meas_Nu_AVR_Sets>
    2098:	bc cd       	rjmp	.-1160   	; 0x1c12 <UART_Execute_Command+0x2a6>
    209a:	6f 2d       	mov	r22, r15
    209c:	82 e4       	ldi	r24, 0x42	; 66
    209e:	91 e0       	ldi	r25, 0x01	; 1
    20a0:	7b db       	rcall	.-2314   	; 0x1798 <COM_Add_To_OutSTR_At_Position>
    20a2:	6f 2d       	mov	r22, r15
    20a4:	ce 01       	movw	r24, r28
    20a6:	1b db       	rcall	.-2506   	; 0x16de <COM_Compare_to_OutStr_Offset>
    20a8:	88 23       	and	r24, r24
    20aa:	19 f1       	breq	.+70     	; 0x20f2 <UART_Execute_Command+0x786>
    20ac:	80 91 8a 10 	lds	r24, 0x108A	; 0x80108a <OutSTR_L>
    20b0:	fe 01       	movw	r30, r28
    20b2:	e8 0f       	add	r30, r24
    20b4:	f1 1d       	adc	r31, r1
    20b6:	80 81       	ld	r24, Z
    20b8:	81 11       	cpse	r24, r1
    20ba:	0f c0       	rjmp	.+30     	; 0x20da <UART_Execute_Command+0x76e>
    20bc:	c8 01       	movw	r24, r16
    20be:	0e 94 02 4b 	call	0x9604	; 0x9604 <atol>
    20c2:	6f 3f       	cpi	r22, 0xFF	; 255
    20c4:	71 05       	cpc	r23, r1
    20c6:	81 05       	cpc	r24, r1
    20c8:	91 05       	cpc	r25, r1
    20ca:	20 f0       	brcs	.+8      	; 0x20d4 <UART_Execute_Command+0x768>
    20cc:	89 e1       	ldi	r24, 0x19	; 25
    20ce:	91 e0       	ldi	r25, 0x01	; 1
    20d0:	3d db       	rcall	.-2438   	; 0x174c <COM_Add_To_OutSTR_with_Sep>
    20d2:	0c c0       	rjmp	.+24     	; 0x20ec <UART_Execute_Command+0x780>
    20d4:	60 93 c6 02 	sts	0x02C6, r22	; 0x8002c6 <IV_Mode>
    20d8:	09 c0       	rjmp	.+18     	; 0x20ec <UART_Execute_Command+0x780>
    20da:	80 91 8a 10 	lds	r24, 0x108A	; 0x80108a <OutSTR_L>
    20de:	c8 0f       	add	r28, r24
    20e0:	d1 1d       	adc	r29, r1
    20e2:	88 81       	ld	r24, Y
    20e4:	8f 33       	cpi	r24, 0x3F	; 63
    20e6:	09 f0       	breq	.+2      	; 0x20ea <UART_Execute_Command+0x77e>
    20e8:	79 c6       	rjmp	.+3314   	; 0x2ddc <UART_Execute_Command+0x1470>
    20ea:	6f db       	rcall	.-2338   	; 0x17ca <COM_Add_QuestMark_To_OutSTR_No_Sep>
    20ec:	80 91 c6 02 	lds	r24, 0x02C6	; 0x8002c6 <IV_Mode>
    20f0:	90 cd       	rjmp	.-1248   	; 0x1c12 <UART_Execute_Command+0x2a6>
    20f2:	6f 2d       	mov	r22, r15
    20f4:	83 e8       	ldi	r24, 0x83	; 131
    20f6:	91 e0       	ldi	r25, 0x01	; 1
    20f8:	4f db       	rcall	.-2402   	; 0x1798 <COM_Add_To_OutSTR_At_Position>
    20fa:	6f 2d       	mov	r22, r15
    20fc:	ce 01       	movw	r24, r28
    20fe:	ef da       	rcall	.-2594   	; 0x16de <COM_Compare_to_OutStr_Offset>
    2100:	88 23       	and	r24, r24
    2102:	31 f1       	breq	.+76     	; 0x2150 <UART_Execute_Command+0x7e4>
    2104:	80 91 8a 10 	lds	r24, 0x108A	; 0x80108a <OutSTR_L>
    2108:	fe 01       	movw	r30, r28
    210a:	e8 0f       	add	r30, r24
    210c:	f1 1d       	adc	r31, r1
    210e:	80 81       	ld	r24, Z
    2110:	81 11       	cpse	r24, r1
    2112:	0c c0       	rjmp	.+24     	; 0x212c <UART_Execute_Command+0x7c0>
    2114:	c8 01       	movw	r24, r16
    2116:	0e 94 e2 4a 	call	0x95c4	; 0x95c4 <atof>
    211a:	60 93 ae 02 	sts	0x02AE, r22	; 0x8002ae <IV_Cos_Max_Phase>
    211e:	70 93 af 02 	sts	0x02AF, r23	; 0x8002af <IV_Cos_Max_Phase+0x1>
    2122:	80 93 b0 02 	sts	0x02B0, r24	; 0x8002b0 <IV_Cos_Max_Phase+0x2>
    2126:	90 93 b1 02 	sts	0x02B1, r25	; 0x8002b1 <IV_Cos_Max_Phase+0x3>
    212a:	09 c0       	rjmp	.+18     	; 0x213e <UART_Execute_Command+0x7d2>
    212c:	80 91 8a 10 	lds	r24, 0x108A	; 0x80108a <OutSTR_L>
    2130:	c8 0f       	add	r28, r24
    2132:	d1 1d       	adc	r29, r1
    2134:	88 81       	ld	r24, Y
    2136:	8f 33       	cpi	r24, 0x3F	; 63
    2138:	09 f0       	breq	.+2      	; 0x213c <UART_Execute_Command+0x7d0>
    213a:	50 c6       	rjmp	.+3232   	; 0x2ddc <UART_Execute_Command+0x1470>
    213c:	46 db       	rcall	.-2420   	; 0x17ca <COM_Add_QuestMark_To_OutSTR_No_Sep>
    213e:	40 91 ae 02 	lds	r20, 0x02AE	; 0x8002ae <IV_Cos_Max_Phase>
    2142:	50 91 af 02 	lds	r21, 0x02AF	; 0x8002af <IV_Cos_Max_Phase+0x1>
    2146:	60 91 b0 02 	lds	r22, 0x02B0	; 0x8002b0 <IV_Cos_Max_Phase+0x2>
    214a:	70 91 b1 02 	lds	r23, 0x02B1	; 0x8002b1 <IV_Cos_Max_Phase+0x3>
    214e:	cb cd       	rjmp	.-1130   	; 0x1ce6 <UART_Execute_Command+0x37a>
    2150:	6f 2d       	mov	r22, r15
    2152:	8d e8       	ldi	r24, 0x8D	; 141
    2154:	91 e0       	ldi	r25, 0x01	; 1
    2156:	20 db       	rcall	.-2496   	; 0x1798 <COM_Add_To_OutSTR_At_Position>
    2158:	6f 2d       	mov	r22, r15
    215a:	ce 01       	movw	r24, r28
    215c:	c0 da       	rcall	.-2688   	; 0x16de <COM_Compare_to_OutStr_Offset>
    215e:	88 23       	and	r24, r24
    2160:	31 f1       	breq	.+76     	; 0x21ae <UART_Execute_Command+0x842>
    2162:	80 91 8a 10 	lds	r24, 0x108A	; 0x80108a <OutSTR_L>
    2166:	fe 01       	movw	r30, r28
    2168:	e8 0f       	add	r30, r24
    216a:	f1 1d       	adc	r31, r1
    216c:	80 81       	ld	r24, Z
    216e:	81 11       	cpse	r24, r1
    2170:	0c c0       	rjmp	.+24     	; 0x218a <UART_Execute_Command+0x81e>
    2172:	c8 01       	movw	r24, r16
    2174:	0e 94 e2 4a 	call	0x95c4	; 0x95c4 <atof>
    2178:	60 93 a9 0a 	sts	0x0AA9, r22	; 0x800aa9 <IV_Voc_Overshoot_Fact>
    217c:	70 93 aa 0a 	sts	0x0AAA, r23	; 0x800aaa <IV_Voc_Overshoot_Fact+0x1>
    2180:	80 93 ab 0a 	sts	0x0AAB, r24	; 0x800aab <IV_Voc_Overshoot_Fact+0x2>
    2184:	90 93 ac 0a 	sts	0x0AAC, r25	; 0x800aac <IV_Voc_Overshoot_Fact+0x3>
    2188:	09 c0       	rjmp	.+18     	; 0x219c <UART_Execute_Command+0x830>
    218a:	80 91 8a 10 	lds	r24, 0x108A	; 0x80108a <OutSTR_L>
    218e:	c8 0f       	add	r28, r24
    2190:	d1 1d       	adc	r29, r1
    2192:	88 81       	ld	r24, Y
    2194:	8f 33       	cpi	r24, 0x3F	; 63
    2196:	09 f0       	breq	.+2      	; 0x219a <UART_Execute_Command+0x82e>
    2198:	21 c6       	rjmp	.+3138   	; 0x2ddc <UART_Execute_Command+0x1470>
    219a:	17 db       	rcall	.-2514   	; 0x17ca <COM_Add_QuestMark_To_OutSTR_No_Sep>
    219c:	40 91 a9 0a 	lds	r20, 0x0AA9	; 0x800aa9 <IV_Voc_Overshoot_Fact>
    21a0:	50 91 aa 0a 	lds	r21, 0x0AAA	; 0x800aaa <IV_Voc_Overshoot_Fact+0x1>
    21a4:	60 91 ab 0a 	lds	r22, 0x0AAB	; 0x800aab <IV_Voc_Overshoot_Fact+0x2>
    21a8:	70 91 ac 0a 	lds	r23, 0x0AAC	; 0x800aac <IV_Voc_Overshoot_Fact+0x3>
    21ac:	9c cd       	rjmp	.-1224   	; 0x1ce6 <UART_Execute_Command+0x37a>
    21ae:	86 e9       	ldi	r24, 0x96	; 150
    21b0:	91 e0       	ldi	r25, 0x01	; 1
    21b2:	ab da       	rcall	.-2730   	; 0x170a <COM_Copy_To_OutSTR_From_Start>
    21b4:	f0 90 8a 10 	lds	r15, 0x108A	; 0x80108a <OutSTR_L>
    21b8:	ce 01       	movw	r24, r28
    21ba:	7b da       	rcall	.-2826   	; 0x16b2 <COM_Compare_to_OutStr>
    21bc:	88 23       	and	r24, r24
    21be:	09 f4       	brne	.+2      	; 0x21c2 <UART_Execute_Command+0x856>
    21c0:	c9 c0       	rjmp	.+402    	; 0x2354 <UART_Execute_Command+0x9e8>
    21c2:	6f 2d       	mov	r22, r15
    21c4:	82 e6       	ldi	r24, 0x62	; 98
    21c6:	91 e0       	ldi	r25, 0x01	; 1
    21c8:	e7 da       	rcall	.-2610   	; 0x1798 <COM_Add_To_OutSTR_At_Position>
    21ca:	6f 2d       	mov	r22, r15
    21cc:	ce 01       	movw	r24, r28
    21ce:	87 da       	rcall	.-2802   	; 0x16de <COM_Compare_to_OutStr_Offset>
    21d0:	88 23       	and	r24, r24
    21d2:	09 f4       	brne	.+2      	; 0x21d6 <UART_Execute_Command+0x86a>
    21d4:	61 c0       	rjmp	.+194    	; 0x2298 <UART_Execute_Command+0x92c>
    21d6:	80 91 8a 10 	lds	r24, 0x108A	; 0x80108a <OutSTR_L>
    21da:	c8 0f       	add	r28, r24
    21dc:	d1 1d       	adc	r29, r1
    21de:	88 81       	ld	r24, Y
    21e0:	81 11       	cpse	r24, r1
    21e2:	fc c5       	rjmp	.+3064   	; 0x2ddc <UART_Execute_Command+0x1470>
    21e4:	0e 94 6f 36 	call	0x6cde	; 0x6cde <Check_Temp_Disconnect_State>
    21e8:	81 11       	cpse	r24, r1
    21ea:	08 c0       	rjmp	.+16     	; 0x21fc <UART_Execute_Command+0x890>
    21ec:	80 91 26 14 	lds	r24, 0x1426	; 0x801426 <SysStatus_A>
    21f0:	85 fd       	sbrc	r24, 5
    21f2:	04 c0       	rjmp	.+8      	; 0x21fc <UART_Execute_Command+0x890>
    21f4:	80 91 26 14 	lds	r24, 0x1426	; 0x801426 <SysStatus_A>
    21f8:	80 fd       	sbrc	r24, 0
    21fa:	04 c0       	rjmp	.+8      	; 0x2204 <UART_Execute_Command+0x898>
    21fc:	80 91 2b 14 	lds	r24, 0x142B	; 0x80142b <SysControl>
    2200:	8b 7f       	andi	r24, 0xFB	; 251
    2202:	96 cc       	rjmp	.-1748   	; 0x1b30 <UART_Execute_Command+0x1c4>
    2204:	80 91 2b 14 	lds	r24, 0x142B	; 0x80142b <SysControl>
    2208:	84 60       	ori	r24, 0x04	; 4
    220a:	80 93 2b 14 	sts	0x142B, r24	; 0x80142b <SysControl>
    220e:	80 91 b8 02 	lds	r24, 0x02B8	; 0x8002b8 <IV_Point_Set_Delay_ms>
    2212:	90 91 b9 02 	lds	r25, 0x02B9	; 0x8002b9 <IV_Point_Set_Delay_ms+0x1>
    2216:	80 32       	cpi	r24, 0x20	; 32
    2218:	9e 44       	sbci	r25, 0x4E	; 78
    221a:	18 f0       	brcs	.+6      	; 0x2222 <UART_Execute_Command+0x8b6>
    221c:	80 e6       	ldi	r24, 0x60	; 96
    221e:	9a ee       	ldi	r25, 0xEA	; 234
    2220:	0a c0       	rjmp	.+20     	; 0x2236 <UART_Execute_Command+0x8ca>
    2222:	80 91 b8 02 	lds	r24, 0x02B8	; 0x8002b8 <IV_Point_Set_Delay_ms>
    2226:	90 91 b9 02 	lds	r25, 0x02B9	; 0x8002b9 <IV_Point_Set_Delay_ms+0x1>
    222a:	9c 01       	movw	r18, r24
    222c:	22 0f       	add	r18, r18
    222e:	33 1f       	adc	r19, r19
    2230:	82 0f       	add	r24, r18
    2232:	93 1f       	adc	r25, r19
    2234:	c2 96       	adiw	r24, 0x32	; 50
    2236:	90 93 c0 02 	sts	0x02C0, r25	; 0x8002c0 <IV_Setup_Signal_Set_Time+0x1>
    223a:	80 93 bf 02 	sts	0x02BF, r24	; 0x8002bf <IV_Setup_Signal_Set_Time>
    223e:	60 91 b7 06 	lds	r22, 0x06B7	; 0x8006b7 <IV_Meas_Points>
    2242:	c0 91 bf 02 	lds	r28, 0x02BF	; 0x8002bf <IV_Setup_Signal_Set_Time>
    2246:	d0 91 c0 02 	lds	r29, 0x02C0	; 0x8002c0 <IV_Setup_Signal_Set_Time+0x1>
    224a:	70 e0       	ldi	r23, 0x00	; 0
    224c:	80 e0       	ldi	r24, 0x00	; 0
    224e:	90 e0       	ldi	r25, 0x00	; 0
    2250:	0e 94 d1 47 	call	0x8fa2	; 0x8fa2 <__floatunsisf>
    2254:	20 e0       	ldi	r18, 0x00	; 0
    2256:	30 e0       	ldi	r19, 0x00	; 0
    2258:	40 e2       	ldi	r20, 0x20	; 32
    225a:	51 e4       	ldi	r21, 0x41	; 65
    225c:	0e 94 61 49 	call	0x92c2	; 0x92c2 <__mulsf3>
    2260:	20 e0       	ldi	r18, 0x00	; 0
    2262:	30 e0       	ldi	r19, 0x00	; 0
    2264:	48 e4       	ldi	r20, 0x48	; 72
    2266:	53 e4       	ldi	r21, 0x43	; 67
    2268:	0e 94 9f 46 	call	0x8d3e	; 0x8d3e <__addsf3>
    226c:	4b 01       	movw	r8, r22
    226e:	5c 01       	movw	r10, r24
    2270:	be 01       	movw	r22, r28
    2272:	80 e0       	ldi	r24, 0x00	; 0
    2274:	90 e0       	ldi	r25, 0x00	; 0
    2276:	0e 94 d1 47 	call	0x8fa2	; 0x8fa2 <__floatunsisf>
    227a:	20 e0       	ldi	r18, 0x00	; 0
    227c:	30 e0       	ldi	r19, 0x00	; 0
    227e:	40 e8       	ldi	r20, 0x80	; 128
    2280:	50 e4       	ldi	r21, 0x40	; 64
    2282:	0e 94 61 49 	call	0x92c2	; 0x92c2 <__mulsf3>
    2286:	9b 01       	movw	r18, r22
    2288:	ac 01       	movw	r20, r24
    228a:	c5 01       	movw	r24, r10
    228c:	b4 01       	movw	r22, r8
    228e:	0e 94 9f 46 	call	0x8d3e	; 0x8d3e <__addsf3>
    2292:	0e 94 a0 47 	call	0x8f40	; 0x8f40 <__fixsfsi>
    2296:	94 ce       	rjmp	.-728    	; 0x1fc0 <UART_Execute_Command+0x654>
    2298:	6f 2d       	mov	r22, r15
    229a:	8d e9       	ldi	r24, 0x9D	; 157
    229c:	91 e0       	ldi	r25, 0x01	; 1
    229e:	7c da       	rcall	.-2824   	; 0x1798 <COM_Add_To_OutSTR_At_Position>
    22a0:	6f 2d       	mov	r22, r15
    22a2:	ce 01       	movw	r24, r28
    22a4:	1c da       	rcall	.-3016   	; 0x16de <COM_Compare_to_OutStr_Offset>
    22a6:	88 23       	and	r24, r24
    22a8:	31 f1       	breq	.+76     	; 0x22f6 <UART_Execute_Command+0x98a>
    22aa:	80 91 8a 10 	lds	r24, 0x108A	; 0x80108a <OutSTR_L>
    22ae:	fe 01       	movw	r30, r28
    22b0:	e8 0f       	add	r30, r24
    22b2:	f1 1d       	adc	r31, r1
    22b4:	80 81       	ld	r24, Z
    22b6:	81 11       	cpse	r24, r1
    22b8:	0c c0       	rjmp	.+24     	; 0x22d2 <UART_Execute_Command+0x966>
    22ba:	c8 01       	movw	r24, r16
    22bc:	0e 94 e2 4a 	call	0x95c4	; 0x95c4 <atof>
    22c0:	60 93 b8 06 	sts	0x06B8, r22	; 0x8006b8 <PV_Volt_Trs>
    22c4:	70 93 b9 06 	sts	0x06B9, r23	; 0x8006b9 <PV_Volt_Trs+0x1>
    22c8:	80 93 ba 06 	sts	0x06BA, r24	; 0x8006ba <PV_Volt_Trs+0x2>
    22cc:	90 93 bb 06 	sts	0x06BB, r25	; 0x8006bb <PV_Volt_Trs+0x3>
    22d0:	09 c0       	rjmp	.+18     	; 0x22e4 <UART_Execute_Command+0x978>
    22d2:	80 91 8a 10 	lds	r24, 0x108A	; 0x80108a <OutSTR_L>
    22d6:	c8 0f       	add	r28, r24
    22d8:	d1 1d       	adc	r29, r1
    22da:	88 81       	ld	r24, Y
    22dc:	8f 33       	cpi	r24, 0x3F	; 63
    22de:	09 f0       	breq	.+2      	; 0x22e2 <UART_Execute_Command+0x976>
    22e0:	7d c5       	rjmp	.+2810   	; 0x2ddc <UART_Execute_Command+0x1470>
    22e2:	73 da       	rcall	.-2842   	; 0x17ca <COM_Add_QuestMark_To_OutSTR_No_Sep>
    22e4:	40 91 b8 06 	lds	r20, 0x06B8	; 0x8006b8 <PV_Volt_Trs>
    22e8:	50 91 b9 06 	lds	r21, 0x06B9	; 0x8006b9 <PV_Volt_Trs+0x1>
    22ec:	60 91 ba 06 	lds	r22, 0x06BA	; 0x8006ba <PV_Volt_Trs+0x2>
    22f0:	70 91 bb 06 	lds	r23, 0x06BB	; 0x8006bb <PV_Volt_Trs+0x3>
    22f4:	f8 cc       	rjmp	.-1552   	; 0x1ce6 <UART_Execute_Command+0x37a>
    22f6:	6f 2d       	mov	r22, r15
    22f8:	8c e5       	ldi	r24, 0x5C	; 92
    22fa:	91 e0       	ldi	r25, 0x01	; 1
    22fc:	4d da       	rcall	.-2918   	; 0x1798 <COM_Add_To_OutSTR_At_Position>
    22fe:	6f 2d       	mov	r22, r15
    2300:	ce 01       	movw	r24, r28
    2302:	ed d9       	rcall	.-3110   	; 0x16de <COM_Compare_to_OutStr_Offset>
    2304:	88 23       	and	r24, r24
    2306:	31 f1       	breq	.+76     	; 0x2354 <UART_Execute_Command+0x9e8>
    2308:	80 91 8a 10 	lds	r24, 0x108A	; 0x80108a <OutSTR_L>
    230c:	fe 01       	movw	r30, r28
    230e:	e8 0f       	add	r30, r24
    2310:	f1 1d       	adc	r31, r1
    2312:	80 81       	ld	r24, Z
    2314:	81 11       	cpse	r24, r1
    2316:	0c c0       	rjmp	.+24     	; 0x2330 <UART_Execute_Command+0x9c4>
    2318:	c8 01       	movw	r24, r16
    231a:	0e 94 e2 4a 	call	0x95c4	; 0x95c4 <atof>
    231e:	60 93 c2 02 	sts	0x02C2, r22	; 0x8002c2 <Trs_Delay_us>
    2322:	70 93 c3 02 	sts	0x02C3, r23	; 0x8002c3 <Trs_Delay_us+0x1>
    2326:	80 93 c4 02 	sts	0x02C4, r24	; 0x8002c4 <Trs_Delay_us+0x2>
    232a:	90 93 c5 02 	sts	0x02C5, r25	; 0x8002c5 <Trs_Delay_us+0x3>
    232e:	09 c0       	rjmp	.+18     	; 0x2342 <UART_Execute_Command+0x9d6>
    2330:	80 91 8a 10 	lds	r24, 0x108A	; 0x80108a <OutSTR_L>
    2334:	c8 0f       	add	r28, r24
    2336:	d1 1d       	adc	r29, r1
    2338:	88 81       	ld	r24, Y
    233a:	8f 33       	cpi	r24, 0x3F	; 63
    233c:	09 f0       	breq	.+2      	; 0x2340 <UART_Execute_Command+0x9d4>
    233e:	4e c5       	rjmp	.+2716   	; 0x2ddc <UART_Execute_Command+0x1470>
    2340:	44 da       	rcall	.-2936   	; 0x17ca <COM_Add_QuestMark_To_OutSTR_No_Sep>
    2342:	40 91 c2 02 	lds	r20, 0x02C2	; 0x8002c2 <Trs_Delay_us>
    2346:	50 91 c3 02 	lds	r21, 0x02C3	; 0x8002c3 <Trs_Delay_us+0x1>
    234a:	60 91 c4 02 	lds	r22, 0x02C4	; 0x8002c4 <Trs_Delay_us+0x2>
    234e:	70 91 c5 02 	lds	r23, 0x02C5	; 0x8002c5 <Trs_Delay_us+0x3>
    2352:	c9 cc       	rjmp	.-1646   	; 0x1ce6 <UART_Execute_Command+0x37a>
    2354:	85 ea       	ldi	r24, 0xA5	; 165
    2356:	91 e0       	ldi	r25, 0x01	; 1
    2358:	d8 d9       	rcall	.-3152   	; 0x170a <COM_Copy_To_OutSTR_From_Start>
    235a:	f0 90 8a 10 	lds	r15, 0x108A	; 0x80108a <OutSTR_L>
    235e:	ce 01       	movw	r24, r28
    2360:	a8 d9       	rcall	.-3248   	; 0x16b2 <COM_Compare_to_OutStr>
    2362:	88 23       	and	r24, r24
    2364:	09 f4       	brne	.+2      	; 0x2368 <UART_Execute_Command+0x9fc>
    2366:	2d c2       	rjmp	.+1114   	; 0x27c2 <UART_Execute_Command+0xe56>
    2368:	6f 2d       	mov	r22, r15
    236a:	8c ea       	ldi	r24, 0xAC	; 172
    236c:	91 e0       	ldi	r25, 0x01	; 1
    236e:	14 da       	rcall	.-3032   	; 0x1798 <COM_Add_To_OutSTR_At_Position>
    2370:	6f 2d       	mov	r22, r15
    2372:	ce 01       	movw	r24, r28
    2374:	b4 d9       	rcall	.-3224   	; 0x16de <COM_Compare_to_OutStr_Offset>
    2376:	88 23       	and	r24, r24
    2378:	e9 f0       	breq	.+58     	; 0x23b4 <UART_Execute_Command+0xa48>
    237a:	80 91 8a 10 	lds	r24, 0x108A	; 0x80108a <OutSTR_L>
    237e:	c8 0f       	add	r28, r24
    2380:	d1 1d       	adc	r29, r1
    2382:	88 81       	ld	r24, Y
    2384:	8f 33       	cpi	r24, 0x3F	; 63
    2386:	09 f0       	breq	.+2      	; 0x238a <UART_Execute_Command+0xa1e>
    2388:	29 c5       	rjmp	.+2642   	; 0x2ddc <UART_Execute_Command+0x1470>
    238a:	40 91 60 15 	lds	r20, 0x1560	; 0x801560 <AI_Volt_Range_Val>
    238e:	50 91 61 15 	lds	r21, 0x1561	; 0x801561 <AI_Volt_Range_Val+0x1>
    2392:	60 91 62 15 	lds	r22, 0x1562	; 0x801562 <AI_Volt_Range_Val+0x2>
    2396:	70 91 63 15 	lds	r23, 0x1563	; 0x801563 <AI_Volt_Range_Val+0x3>
    239a:	c8 01       	movw	r24, r16
    239c:	6d da       	rcall	.-2854   	; 0x1878 <FloatToString>
    239e:	c8 01       	movw	r24, r16
    23a0:	d5 d9       	rcall	.-3158   	; 0x174c <COM_Add_To_OutSTR_with_Sep>
    23a2:	40 91 d8 14 	lds	r20, 0x14D8	; 0x8014d8 <AI_Curr_Range_Val>
    23a6:	50 91 d9 14 	lds	r21, 0x14D9	; 0x8014d9 <AI_Curr_Range_Val+0x1>
    23aa:	60 91 da 14 	lds	r22, 0x14DA	; 0x8014da <AI_Curr_Range_Val+0x2>
    23ae:	70 91 db 14 	lds	r23, 0x14DB	; 0x8014db <AI_Curr_Range_Val+0x3>
    23b2:	99 cc       	rjmp	.-1742   	; 0x1ce6 <UART_Execute_Command+0x37a>
    23b4:	6f 2d       	mov	r22, r15
    23b6:	83 eb       	ldi	r24, 0xB3	; 179
    23b8:	91 e0       	ldi	r25, 0x01	; 1
    23ba:	ee d9       	rcall	.-3108   	; 0x1798 <COM_Add_To_OutSTR_At_Position>
    23bc:	6f 2d       	mov	r22, r15
    23be:	ce 01       	movw	r24, r28
    23c0:	8e d9       	rcall	.-3300   	; 0x16de <COM_Compare_to_OutStr_Offset>
    23c2:	88 23       	and	r24, r24
    23c4:	c1 f1       	breq	.+112    	; 0x2436 <UART_Execute_Command+0xaca>
    23c6:	80 91 8a 10 	lds	r24, 0x108A	; 0x80108a <OutSTR_L>
    23ca:	fe 01       	movw	r30, r28
    23cc:	e8 0f       	add	r30, r24
    23ce:	f1 1d       	adc	r31, r1
    23d0:	80 81       	ld	r24, Z
    23d2:	81 11       	cpse	r24, r1
    23d4:	20 c0       	rjmp	.+64     	; 0x2416 <UART_Execute_Command+0xaaa>
    23d6:	f8 01       	movw	r30, r16
    23d8:	80 81       	ld	r24, Z
    23da:	90 e0       	ldi	r25, 0x00	; 0
    23dc:	c0 97       	sbiw	r24, 0x30	; 48
    23de:	0a 97       	sbiw	r24, 0x0a	; 10
    23e0:	08 f0       	brcs	.+2      	; 0x23e4 <UART_Execute_Command+0xa78>
    23e2:	fc c4       	rjmp	.+2552   	; 0x2ddc <UART_Execute_Command+0x1470>
    23e4:	c8 01       	movw	r24, r16
    23e6:	0e 94 02 4b 	call	0x9604	; 0x9604 <atol>
    23ea:	65 30       	cpi	r22, 0x05	; 5
    23ec:	71 05       	cpc	r23, r1
    23ee:	81 05       	cpc	r24, r1
    23f0:	91 05       	cpc	r25, r1
    23f2:	48 f0       	brcs	.+18     	; 0x2406 <UART_Execute_Command+0xa9a>
    23f4:	80 91 ec 14 	lds	r24, 0x14EC	; 0x8014ec <Range_Status_A>
    23f8:	8e 7f       	andi	r24, 0xFE	; 254
    23fa:	80 93 ec 14 	sts	0x14EC, r24	; 0x8014ec <Range_Status_A>
    23fe:	8f ef       	ldi	r24, 0xFF	; 255
    2400:	80 93 10 15 	sts	0x1510, r24	; 0x801510 <Range_Volt_ID_Man>
    2404:	40 c0       	rjmp	.+128    	; 0x2486 <UART_Execute_Command+0xb1a>
    2406:	20 91 ec 14 	lds	r18, 0x14EC	; 0x8014ec <Range_Status_A>
    240a:	21 60       	ori	r18, 0x01	; 1
    240c:	20 93 ec 14 	sts	0x14EC, r18	; 0x8014ec <Range_Status_A>
    2410:	60 93 10 15 	sts	0x1510, r22	; 0x801510 <Range_Volt_ID_Man>
    2414:	0d c0       	rjmp	.+26     	; 0x2430 <UART_Execute_Command+0xac4>
    2416:	80 91 8a 10 	lds	r24, 0x108A	; 0x80108a <OutSTR_L>
    241a:	c8 0f       	add	r28, r24
    241c:	d1 1d       	adc	r29, r1
    241e:	88 81       	ld	r24, Y
    2420:	8f 33       	cpi	r24, 0x3F	; 63
    2422:	09 f0       	breq	.+2      	; 0x2426 <UART_Execute_Command+0xaba>
    2424:	db c4       	rjmp	.+2486   	; 0x2ddc <UART_Execute_Command+0x1470>
    2426:	d1 d9       	rcall	.-3166   	; 0x17ca <COM_Add_QuestMark_To_OutSTR_No_Sep>
    2428:	80 91 10 15 	lds	r24, 0x1510	; 0x801510 <Range_Volt_ID_Man>
    242c:	8f 3f       	cpi	r24, 0xFF	; 255
    242e:	59 f1       	breq	.+86     	; 0x2486 <UART_Execute_Command+0xb1a>
    2430:	80 91 10 15 	lds	r24, 0x1510	; 0x801510 <Range_Volt_ID_Man>
    2434:	ee cb       	rjmp	.-2084   	; 0x1c12 <UART_Execute_Command+0x2a6>
    2436:	6f 2d       	mov	r22, r15
    2438:	8f eb       	ldi	r24, 0xBF	; 191
    243a:	91 e0       	ldi	r25, 0x01	; 1
    243c:	ad d9       	rcall	.-3238   	; 0x1798 <COM_Add_To_OutSTR_At_Position>
    243e:	6f 2d       	mov	r22, r15
    2440:	ce 01       	movw	r24, r28
    2442:	4d d9       	rcall	.-3430   	; 0x16de <COM_Compare_to_OutStr_Offset>
    2444:	88 23       	and	r24, r24
    2446:	d1 f1       	breq	.+116    	; 0x24bc <UART_Execute_Command+0xb50>
    2448:	80 91 8a 10 	lds	r24, 0x108A	; 0x80108a <OutSTR_L>
    244c:	fe 01       	movw	r30, r28
    244e:	e8 0f       	add	r30, r24
    2450:	f1 1d       	adc	r31, r1
    2452:	80 81       	ld	r24, Z
    2454:	81 11       	cpse	r24, r1
    2456:	22 c0       	rjmp	.+68     	; 0x249c <UART_Execute_Command+0xb30>
    2458:	f8 01       	movw	r30, r16
    245a:	80 81       	ld	r24, Z
    245c:	90 e0       	ldi	r25, 0x00	; 0
    245e:	c0 97       	sbiw	r24, 0x30	; 48
    2460:	0a 97       	sbiw	r24, 0x0a	; 10
    2462:	08 f0       	brcs	.+2      	; 0x2466 <UART_Execute_Command+0xafa>
    2464:	bb c4       	rjmp	.+2422   	; 0x2ddc <UART_Execute_Command+0x1470>
    2466:	c8 01       	movw	r24, r16
    2468:	0e 94 02 4b 	call	0x9604	; 0x9604 <atol>
    246c:	66 30       	cpi	r22, 0x06	; 6
    246e:	71 05       	cpc	r23, r1
    2470:	81 05       	cpc	r24, r1
    2472:	91 05       	cpc	r25, r1
    2474:	58 f0       	brcs	.+22     	; 0x248c <UART_Execute_Command+0xb20>
    2476:	80 91 ec 14 	lds	r24, 0x14EC	; 0x8014ec <Range_Status_A>
    247a:	8d 7f       	andi	r24, 0xFD	; 253
    247c:	80 93 ec 14 	sts	0x14EC, r24	; 0x8014ec <Range_Status_A>
    2480:	8f ef       	ldi	r24, 0xFF	; 255
    2482:	80 93 12 15 	sts	0x1512, r24	; 0x801512 <Range_Curr_ID_Man>
    2486:	8a eb       	ldi	r24, 0xBA	; 186
    2488:	91 e0       	ldi	r25, 0x01	; 1
    248a:	c9 cb       	rjmp	.-2158   	; 0x1c1e <UART_Execute_Command+0x2b2>
    248c:	20 91 ec 14 	lds	r18, 0x14EC	; 0x8014ec <Range_Status_A>
    2490:	22 60       	ori	r18, 0x02	; 2
    2492:	20 93 ec 14 	sts	0x14EC, r18	; 0x8014ec <Range_Status_A>
    2496:	60 93 12 15 	sts	0x1512, r22	; 0x801512 <Range_Curr_ID_Man>
    249a:	0d c0       	rjmp	.+26     	; 0x24b6 <UART_Execute_Command+0xb4a>
    249c:	80 91 8a 10 	lds	r24, 0x108A	; 0x80108a <OutSTR_L>
    24a0:	c8 0f       	add	r28, r24
    24a2:	d1 1d       	adc	r29, r1
    24a4:	88 81       	ld	r24, Y
    24a6:	8f 33       	cpi	r24, 0x3F	; 63
    24a8:	09 f0       	breq	.+2      	; 0x24ac <UART_Execute_Command+0xb40>
    24aa:	98 c4       	rjmp	.+2352   	; 0x2ddc <UART_Execute_Command+0x1470>
    24ac:	8e d9       	rcall	.-3300   	; 0x17ca <COM_Add_QuestMark_To_OutSTR_No_Sep>
    24ae:	80 91 12 15 	lds	r24, 0x1512	; 0x801512 <Range_Curr_ID_Man>
    24b2:	8f 3f       	cpi	r24, 0xFF	; 255
    24b4:	41 f3       	breq	.-48     	; 0x2486 <UART_Execute_Command+0xb1a>
    24b6:	80 91 12 15 	lds	r24, 0x1512	; 0x801512 <Range_Curr_ID_Man>
    24ba:	ab cb       	rjmp	.-2218   	; 0x1c12 <UART_Execute_Command+0x2a6>
    24bc:	6f 2d       	mov	r22, r15
    24be:	86 ec       	ldi	r24, 0xC6	; 198
    24c0:	91 e0       	ldi	r25, 0x01	; 1
    24c2:	6a d9       	rcall	.-3372   	; 0x1798 <COM_Add_To_OutSTR_At_Position>
    24c4:	6f 2d       	mov	r22, r15
    24c6:	ce 01       	movw	r24, r28
    24c8:	0a d9       	rcall	.-3564   	; 0x16de <COM_Compare_to_OutStr_Offset>
    24ca:	88 23       	and	r24, r24
    24cc:	61 f0       	breq	.+24     	; 0x24e6 <UART_Execute_Command+0xb7a>
    24ce:	80 91 8a 10 	lds	r24, 0x108A	; 0x80108a <OutSTR_L>
    24d2:	c8 0f       	add	r28, r24
    24d4:	d1 1d       	adc	r29, r1
    24d6:	88 81       	ld	r24, Y
    24d8:	81 11       	cpse	r24, r1
    24da:	80 c4       	rjmp	.+2304   	; 0x2ddc <UART_Execute_Command+0x1470>
    24dc:	0e 94 a5 3d 	call	0x7b4a	; 0x7b4a <Reset_Over_Current_Clamp>
    24e0:	8b e0       	ldi	r24, 0x0B	; 11
    24e2:	91 e0       	ldi	r25, 0x01	; 1
    24e4:	9c cb       	rjmp	.-2248   	; 0x1c1e <UART_Execute_Command+0x2b2>
    24e6:	6f 2d       	mov	r22, r15
    24e8:	8c ec       	ldi	r24, 0xCC	; 204
    24ea:	91 e0       	ldi	r25, 0x01	; 1
    24ec:	55 d9       	rcall	.-3414   	; 0x1798 <COM_Add_To_OutSTR_At_Position>
    24ee:	6f 2d       	mov	r22, r15
    24f0:	ce 01       	movw	r24, r28
    24f2:	f5 d8       	rcall	.-3606   	; 0x16de <COM_Compare_to_OutStr_Offset>
    24f4:	88 23       	and	r24, r24
    24f6:	59 f1       	breq	.+86     	; 0x254e <UART_Execute_Command+0xbe2>
    24f8:	80 91 8a 10 	lds	r24, 0x108A	; 0x80108a <OutSTR_L>
    24fc:	fe 01       	movw	r30, r28
    24fe:	e8 0f       	add	r30, r24
    2500:	f1 1d       	adc	r31, r1
    2502:	80 81       	ld	r24, Z
    2504:	81 11       	cpse	r24, r1
    2506:	17 c0       	rjmp	.+46     	; 0x2536 <UART_Execute_Command+0xbca>
    2508:	f8 01       	movw	r30, r16
    250a:	80 81       	ld	r24, Z
    250c:	90 e0       	ldi	r25, 0x00	; 0
    250e:	c0 97       	sbiw	r24, 0x30	; 48
    2510:	0a 97       	sbiw	r24, 0x0a	; 10
    2512:	08 f0       	brcs	.+2      	; 0x2516 <UART_Execute_Command+0xbaa>
    2514:	63 c4       	rjmp	.+2246   	; 0x2ddc <UART_Execute_Command+0x1470>
    2516:	c8 01       	movw	r24, r16
    2518:	0e 94 02 4b 	call	0x9604	; 0x9604 <atol>
    251c:	6f 3f       	cpi	r22, 0xFF	; 255
    251e:	71 05       	cpc	r23, r1
    2520:	81 05       	cpc	r24, r1
    2522:	91 05       	cpc	r25, r1
    2524:	29 f0       	breq	.+10     	; 0x2530 <UART_Execute_Command+0xbc4>
    2526:	20 f0       	brcs	.+8      	; 0x2530 <UART_Execute_Command+0xbc4>
    2528:	8f ef       	ldi	r24, 0xFF	; 255
    252a:	80 93 46 15 	sts	0x1546, r24	; 0x801546 <Range_Volt_Enable>
    252e:	0c c0       	rjmp	.+24     	; 0x2548 <UART_Execute_Command+0xbdc>
    2530:	60 93 46 15 	sts	0x1546, r22	; 0x801546 <Range_Volt_Enable>
    2534:	09 c0       	rjmp	.+18     	; 0x2548 <UART_Execute_Command+0xbdc>
    2536:	80 91 8a 10 	lds	r24, 0x108A	; 0x80108a <OutSTR_L>
    253a:	c8 0f       	add	r28, r24
    253c:	d1 1d       	adc	r29, r1
    253e:	88 81       	ld	r24, Y
    2540:	8f 33       	cpi	r24, 0x3F	; 63
    2542:	09 f0       	breq	.+2      	; 0x2546 <UART_Execute_Command+0xbda>
    2544:	4b c4       	rjmp	.+2198   	; 0x2ddc <UART_Execute_Command+0x1470>
    2546:	41 d9       	rcall	.-3454   	; 0x17ca <COM_Add_QuestMark_To_OutSTR_No_Sep>
    2548:	80 91 46 15 	lds	r24, 0x1546	; 0x801546 <Range_Volt_Enable>
    254c:	62 cb       	rjmp	.-2364   	; 0x1c12 <UART_Execute_Command+0x2a6>
    254e:	6f 2d       	mov	r22, r15
    2550:	83 ed       	ldi	r24, 0xD3	; 211
    2552:	91 e0       	ldi	r25, 0x01	; 1
    2554:	21 d9       	rcall	.-3518   	; 0x1798 <COM_Add_To_OutSTR_At_Position>
    2556:	6f 2d       	mov	r22, r15
    2558:	ce 01       	movw	r24, r28
    255a:	c1 d8       	rcall	.-3710   	; 0x16de <COM_Compare_to_OutStr_Offset>
    255c:	88 23       	and	r24, r24
    255e:	59 f1       	breq	.+86     	; 0x25b6 <UART_Execute_Command+0xc4a>
    2560:	80 91 8a 10 	lds	r24, 0x108A	; 0x80108a <OutSTR_L>
    2564:	fe 01       	movw	r30, r28
    2566:	e8 0f       	add	r30, r24
    2568:	f1 1d       	adc	r31, r1
    256a:	80 81       	ld	r24, Z
    256c:	81 11       	cpse	r24, r1
    256e:	17 c0       	rjmp	.+46     	; 0x259e <UART_Execute_Command+0xc32>
    2570:	f8 01       	movw	r30, r16
    2572:	80 81       	ld	r24, Z
    2574:	90 e0       	ldi	r25, 0x00	; 0
    2576:	c0 97       	sbiw	r24, 0x30	; 48
    2578:	0a 97       	sbiw	r24, 0x0a	; 10
    257a:	08 f0       	brcs	.+2      	; 0x257e <UART_Execute_Command+0xc12>
    257c:	2f c4       	rjmp	.+2142   	; 0x2ddc <UART_Execute_Command+0x1470>
    257e:	c8 01       	movw	r24, r16
    2580:	0e 94 02 4b 	call	0x9604	; 0x9604 <atol>
    2584:	6f 3f       	cpi	r22, 0xFF	; 255
    2586:	71 05       	cpc	r23, r1
    2588:	81 05       	cpc	r24, r1
    258a:	91 05       	cpc	r25, r1
    258c:	29 f0       	breq	.+10     	; 0x2598 <UART_Execute_Command+0xc2c>
    258e:	20 f0       	brcs	.+8      	; 0x2598 <UART_Execute_Command+0xc2c>
    2590:	8f ef       	ldi	r24, 0xFF	; 255
    2592:	80 93 07 15 	sts	0x1507, r24	; 0x801507 <Range_Curr_Enable>
    2596:	0c c0       	rjmp	.+24     	; 0x25b0 <UART_Execute_Command+0xc44>
    2598:	60 93 07 15 	sts	0x1507, r22	; 0x801507 <Range_Curr_Enable>
    259c:	09 c0       	rjmp	.+18     	; 0x25b0 <UART_Execute_Command+0xc44>
    259e:	80 91 8a 10 	lds	r24, 0x108A	; 0x80108a <OutSTR_L>
    25a2:	c8 0f       	add	r28, r24
    25a4:	d1 1d       	adc	r29, r1
    25a6:	88 81       	ld	r24, Y
    25a8:	8f 33       	cpi	r24, 0x3F	; 63
    25aa:	09 f0       	breq	.+2      	; 0x25ae <UART_Execute_Command+0xc42>
    25ac:	17 c4       	rjmp	.+2094   	; 0x2ddc <UART_Execute_Command+0x1470>
    25ae:	0d d9       	rcall	.-3558   	; 0x17ca <COM_Add_QuestMark_To_OutSTR_No_Sep>
    25b0:	80 91 07 15 	lds	r24, 0x1507	; 0x801507 <Range_Curr_Enable>
    25b4:	2e cb       	rjmp	.-2468   	; 0x1c12 <UART_Execute_Command+0x2a6>
    25b6:	6f 2d       	mov	r22, r15
    25b8:	8a ed       	ldi	r24, 0xDA	; 218
    25ba:	91 e0       	ldi	r25, 0x01	; 1
    25bc:	ed d8       	rcall	.-3622   	; 0x1798 <COM_Add_To_OutSTR_At_Position>
    25be:	6f 2d       	mov	r22, r15
    25c0:	ce 01       	movw	r24, r28
    25c2:	8d d8       	rcall	.-3814   	; 0x16de <COM_Compare_to_OutStr_Offset>
    25c4:	88 23       	and	r24, r24
    25c6:	09 f4       	brne	.+2      	; 0x25ca <UART_Execute_Command+0xc5e>
    25c8:	fc c0       	rjmp	.+504    	; 0x27c2 <UART_Execute_Command+0xe56>
    25ca:	f0 90 8a 10 	lds	r15, 0x108A	; 0x80108a <OutSTR_L>
    25ce:	6f 2d       	mov	r22, r15
    25d0:	82 e4       	ldi	r24, 0x42	; 66
    25d2:	91 e0       	ldi	r25, 0x01	; 1
    25d4:	e1 d8       	rcall	.-3646   	; 0x1798 <COM_Add_To_OutSTR_At_Position>
    25d6:	6f 2d       	mov	r22, r15
    25d8:	ce 01       	movw	r24, r28
    25da:	81 d8       	rcall	.-3838   	; 0x16de <COM_Compare_to_OutStr_Offset>
    25dc:	88 23       	and	r24, r24
    25de:	09 f4       	brne	.+2      	; 0x25e2 <UART_Execute_Command+0xc76>
    25e0:	71 c0       	rjmp	.+226    	; 0x26c4 <UART_Execute_Command+0xd58>
    25e2:	80 91 8a 10 	lds	r24, 0x108A	; 0x80108a <OutSTR_L>
    25e6:	fe 01       	movw	r30, r28
    25e8:	e8 0f       	add	r30, r24
    25ea:	f1 1d       	adc	r31, r1
    25ec:	80 81       	ld	r24, Z
    25ee:	81 11       	cpse	r24, r1
    25f0:	4e c0       	rjmp	.+156    	; 0x268e <UART_Execute_Command+0xd22>
    25f2:	80 91 2b 14 	lds	r24, 0x142B	; 0x80142b <SysControl>
    25f6:	80 68       	ori	r24, 0x80	; 128
    25f8:	80 93 2b 14 	sts	0x142B, r24	; 0x80142b <SysControl>
    25fc:	44 e0       	ldi	r20, 0x04	; 4
    25fe:	65 eb       	ldi	r22, 0xB5	; 181
    2600:	71 e0       	ldi	r23, 0x01	; 1
    2602:	c8 01       	movw	r24, r16
    2604:	f5 d8       	rcall	.-3606   	; 0x17f0 <Compare_String>
    2606:	81 30       	cpi	r24, 0x01	; 1
    2608:	71 f4       	brne	.+28     	; 0x2626 <UART_Execute_Command+0xcba>
    260a:	80 91 ec 14 	lds	r24, 0x14EC	; 0x8014ec <Range_Status_A>
    260e:	84 60       	ori	r24, 0x04	; 4
    2610:	80 93 ec 14 	sts	0x14EC, r24	; 0x8014ec <Range_Status_A>
    2614:	80 91 ec 14 	lds	r24, 0x14EC	; 0x8014ec <Range_Status_A>
    2618:	87 7f       	andi	r24, 0xF7	; 247
    261a:	80 93 ec 14 	sts	0x14EC, r24	; 0x8014ec <Range_Status_A>
    261e:	8f ef       	ldi	r24, 0xFF	; 255
    2620:	80 93 e5 14 	sts	0x14E5, r24	; 0x8014e5 <Range_Volt_ID_Act>
    2624:	3d c0       	rjmp	.+122    	; 0x26a0 <UART_Execute_Command+0xd34>
    2626:	44 e0       	ldi	r20, 0x04	; 4
    2628:	61 ec       	ldi	r22, 0xC1	; 193
    262a:	71 e0       	ldi	r23, 0x01	; 1
    262c:	c8 01       	movw	r24, r16
    262e:	e0 d8       	rcall	.-3648   	; 0x17f0 <Compare_String>
    2630:	81 30       	cpi	r24, 0x01	; 1
    2632:	71 f4       	brne	.+28     	; 0x2650 <UART_Execute_Command+0xce4>
    2634:	80 91 ec 14 	lds	r24, 0x14EC	; 0x8014ec <Range_Status_A>
    2638:	88 60       	ori	r24, 0x08	; 8
    263a:	80 93 ec 14 	sts	0x14EC, r24	; 0x8014ec <Range_Status_A>
    263e:	80 91 ec 14 	lds	r24, 0x14EC	; 0x8014ec <Range_Status_A>
    2642:	8b 7f       	andi	r24, 0xFB	; 251
    2644:	80 93 ec 14 	sts	0x14EC, r24	; 0x8014ec <Range_Status_A>
    2648:	8f ef       	ldi	r24, 0xFF	; 255
    264a:	80 93 5c 15 	sts	0x155C, r24	; 0x80155c <Range_Curr_ID_Act>
    264e:	28 c0       	rjmp	.+80     	; 0x26a0 <UART_Execute_Command+0xd34>
    2650:	80 91 2b 14 	lds	r24, 0x142B	; 0x80142b <SysControl>
    2654:	8f 77       	andi	r24, 0x7F	; 127
    2656:	80 93 2b 14 	sts	0x142B, r24	; 0x80142b <SysControl>
    265a:	80 91 ec 14 	lds	r24, 0x14EC	; 0x8014ec <Range_Status_A>
    265e:	82 ff       	sbrs	r24, 2
    2660:	04 c0       	rjmp	.+8      	; 0x266a <UART_Execute_Command+0xcfe>
    2662:	8f ef       	ldi	r24, 0xFF	; 255
    2664:	80 93 e5 14 	sts	0x14E5, r24	; 0x8014e5 <Range_Volt_ID_Act>
    2668:	07 c0       	rjmp	.+14     	; 0x2678 <UART_Execute_Command+0xd0c>
    266a:	80 91 ec 14 	lds	r24, 0x14EC	; 0x8014ec <Range_Status_A>
    266e:	83 ff       	sbrs	r24, 3
    2670:	03 c0       	rjmp	.+6      	; 0x2678 <UART_Execute_Command+0xd0c>
    2672:	8f ef       	ldi	r24, 0xFF	; 255
    2674:	80 93 5c 15 	sts	0x155C, r24	; 0x80155c <Range_Curr_ID_Act>
    2678:	80 91 ec 14 	lds	r24, 0x14EC	; 0x8014ec <Range_Status_A>
    267c:	8b 7f       	andi	r24, 0xFB	; 251
    267e:	80 93 ec 14 	sts	0x14EC, r24	; 0x8014ec <Range_Status_A>
    2682:	80 91 ec 14 	lds	r24, 0x14EC	; 0x8014ec <Range_Status_A>
    2686:	87 7f       	andi	r24, 0xF7	; 247
    2688:	80 93 ec 14 	sts	0x14EC, r24	; 0x8014ec <Range_Status_A>
    268c:	09 c0       	rjmp	.+18     	; 0x26a0 <UART_Execute_Command+0xd34>
    268e:	80 91 8a 10 	lds	r24, 0x108A	; 0x80108a <OutSTR_L>
    2692:	c8 0f       	add	r28, r24
    2694:	d1 1d       	adc	r29, r1
    2696:	88 81       	ld	r24, Y
    2698:	8f 33       	cpi	r24, 0x3F	; 63
    269a:	09 f0       	breq	.+2      	; 0x269e <UART_Execute_Command+0xd32>
    269c:	9f c3       	rjmp	.+1854   	; 0x2ddc <UART_Execute_Command+0x1470>
    269e:	95 d8       	rcall	.-3798   	; 0x17ca <COM_Add_QuestMark_To_OutSTR_No_Sep>
    26a0:	80 91 2b 14 	lds	r24, 0x142B	; 0x80142b <SysControl>
    26a4:	87 ff       	sbrs	r24, 7
    26a6:	46 ca       	rjmp	.-2932   	; 0x1b34 <UART_Execute_Command+0x1c8>
    26a8:	80 91 ec 14 	lds	r24, 0x14EC	; 0x8014ec <Range_Status_A>
    26ac:	82 ff       	sbrs	r24, 2
    26ae:	03 c0       	rjmp	.+6      	; 0x26b6 <UART_Execute_Command+0xd4a>
    26b0:	85 eb       	ldi	r24, 0xB5	; 181
    26b2:	91 e0       	ldi	r25, 0x01	; 1
    26b4:	b4 ca       	rjmp	.-2712   	; 0x1c1e <UART_Execute_Command+0x2b2>
    26b6:	80 91 ec 14 	lds	r24, 0x14EC	; 0x8014ec <Range_Status_A>
    26ba:	83 ff       	sbrs	r24, 3
    26bc:	27 c0       	rjmp	.+78     	; 0x270c <UART_Execute_Command+0xda0>
    26be:	81 ec       	ldi	r24, 0xC1	; 193
    26c0:	91 e0       	ldi	r25, 0x01	; 1
    26c2:	ad ca       	rjmp	.-2726   	; 0x1c1e <UART_Execute_Command+0x2b2>
    26c4:	6f 2d       	mov	r22, r15
    26c6:	82 ee       	ldi	r24, 0xE2	; 226
    26c8:	91 e0       	ldi	r25, 0x01	; 1
    26ca:	66 d8       	rcall	.-3892   	; 0x1798 <COM_Add_To_OutSTR_At_Position>
    26cc:	6f 2d       	mov	r22, r15
    26ce:	ce 01       	movw	r24, r28
    26d0:	06 d8       	rcall	.-4084   	; 0x16de <COM_Compare_to_OutStr_Offset>
    26d2:	88 23       	and	r24, r24
    26d4:	b9 f1       	breq	.+110    	; 0x2744 <UART_Execute_Command+0xdd8>
    26d6:	80 91 8a 10 	lds	r24, 0x108A	; 0x80108a <OutSTR_L>
    26da:	fe 01       	movw	r30, r28
    26dc:	e8 0f       	add	r30, r24
    26de:	f1 1d       	adc	r31, r1
    26e0:	80 81       	ld	r24, Z
    26e2:	81 11       	cpse	r24, r1
    26e4:	20 c0       	rjmp	.+64     	; 0x2726 <UART_Execute_Command+0xdba>
    26e6:	c8 01       	movw	r24, r16
    26e8:	0e 94 e2 4a 	call	0x95c4	; 0x95c4 <atof>
    26ec:	20 91 2b 14 	lds	r18, 0x142B	; 0x80142b <SysControl>
    26f0:	27 fd       	sbrc	r18, 7
    26f2:	0f c0       	rjmp	.+30     	; 0x2712 <UART_Execute_Command+0xda6>
    26f4:	80 91 2b 14 	lds	r24, 0x142B	; 0x80142b <SysControl>
    26f8:	87 ff       	sbrs	r24, 7
    26fa:	41 c0       	rjmp	.+130    	; 0x277e <UART_Execute_Command+0xe12>
    26fc:	80 91 ec 14 	lds	r24, 0x14EC	; 0x8014ec <Range_Status_A>
    2700:	82 fd       	sbrc	r24, 2
    2702:	1b c0       	rjmp	.+54     	; 0x273a <UART_Execute_Command+0xdce>
    2704:	80 91 ec 14 	lds	r24, 0x14EC	; 0x8014ec <Range_Status_A>
    2708:	83 fd       	sbrc	r24, 3
    270a:	17 c0       	rjmp	.+46     	; 0x273a <UART_Execute_Command+0xdce>
    270c:	8f ed       	ldi	r24, 0xDF	; 223
    270e:	91 e0       	ldi	r25, 0x01	; 1
    2710:	86 ca       	rjmp	.-2804   	; 0x1c1e <UART_Execute_Command+0x2b2>
    2712:	20 91 ec 14 	lds	r18, 0x14EC	; 0x8014ec <Range_Status_A>
    2716:	22 fd       	sbrc	r18, 2
    2718:	04 c0       	rjmp	.+8      	; 0x2722 <UART_Execute_Command+0xdb6>
    271a:	20 91 ec 14 	lds	r18, 0x14EC	; 0x8014ec <Range_Status_A>
    271e:	23 ff       	sbrs	r18, 3
    2720:	e9 cf       	rjmp	.-46     	; 0x26f4 <UART_Execute_Command+0xd88>
    2722:	e0 d3       	rcall	.+1984   	; 0x2ee4 <EEPROM_Range_Cal_Set_Scale>
    2724:	e7 cf       	rjmp	.-50     	; 0x26f4 <UART_Execute_Command+0xd88>
    2726:	80 91 8a 10 	lds	r24, 0x108A	; 0x80108a <OutSTR_L>
    272a:	c8 0f       	add	r28, r24
    272c:	d1 1d       	adc	r29, r1
    272e:	88 81       	ld	r24, Y
    2730:	8f 33       	cpi	r24, 0x3F	; 63
    2732:	09 f0       	breq	.+2      	; 0x2736 <UART_Execute_Command+0xdca>
    2734:	53 c3       	rjmp	.+1702   	; 0x2ddc <UART_Execute_Command+0x1470>
    2736:	49 d8       	rcall	.-3950   	; 0x17ca <COM_Add_QuestMark_To_OutSTR_No_Sep>
    2738:	dd cf       	rjmp	.-70     	; 0x26f4 <UART_Execute_Command+0xd88>
    273a:	0e 94 c1 1b 	call	0x3782	; 0x3782 <EEPROM_Range_Cal_Get_Scale>
    273e:	ab 01       	movw	r20, r22
    2740:	bc 01       	movw	r22, r24
    2742:	d1 ca       	rjmp	.-2654   	; 0x1ce6 <UART_Execute_Command+0x37a>
    2744:	6f 2d       	mov	r22, r15
    2746:	80 ef       	ldi	r24, 0xF0	; 240
    2748:	91 e0       	ldi	r25, 0x01	; 1
    274a:	26 d8       	rcall	.-4020   	; 0x1798 <COM_Add_To_OutSTR_At_Position>
    274c:	6f 2d       	mov	r22, r15
    274e:	ce 01       	movw	r24, r28
    2750:	0e 94 6f 0b 	call	0x16de	; 0x16de <COM_Compare_to_OutStr_Offset>
    2754:	88 23       	and	r24, r24
    2756:	a9 f1       	breq	.+106    	; 0x27c2 <UART_Execute_Command+0xe56>
    2758:	80 91 8a 10 	lds	r24, 0x108A	; 0x80108a <OutSTR_L>
    275c:	fe 01       	movw	r30, r28
    275e:	e8 0f       	add	r30, r24
    2760:	f1 1d       	adc	r31, r1
    2762:	80 81       	ld	r24, Z
    2764:	81 11       	cpse	r24, r1
    2766:	18 c0       	rjmp	.+48     	; 0x2798 <UART_Execute_Command+0xe2c>
    2768:	c8 01       	movw	r24, r16
    276a:	0e 94 e2 4a 	call	0x95c4	; 0x95c4 <atof>
    276e:	20 91 2b 14 	lds	r18, 0x142B	; 0x80142b <SysControl>
    2772:	27 fd       	sbrc	r18, 7
    2774:	07 c0       	rjmp	.+14     	; 0x2784 <UART_Execute_Command+0xe18>
    2776:	80 91 2b 14 	lds	r24, 0x142B	; 0x80142b <SysControl>
    277a:	87 fd       	sbrc	r24, 7
    277c:	17 c0       	rjmp	.+46     	; 0x27ac <UART_Execute_Command+0xe40>
    277e:	88 ee       	ldi	r24, 0xE8	; 232
    2780:	91 e0       	ldi	r25, 0x01	; 1
    2782:	4d ca       	rjmp	.-2918   	; 0x1c1e <UART_Execute_Command+0x2b2>
    2784:	20 91 ec 14 	lds	r18, 0x14EC	; 0x8014ec <Range_Status_A>
    2788:	22 fd       	sbrc	r18, 2
    278a:	04 c0       	rjmp	.+8      	; 0x2794 <UART_Execute_Command+0xe28>
    278c:	20 91 ec 14 	lds	r18, 0x14EC	; 0x8014ec <Range_Status_A>
    2790:	23 ff       	sbrs	r18, 3
    2792:	f1 cf       	rjmp	.-30     	; 0x2776 <UART_Execute_Command+0xe0a>
    2794:	6f d4       	rcall	.+2270   	; 0x3074 <EEPROM_Range_Cal_Set_Offset>
    2796:	ef cf       	rjmp	.-34     	; 0x2776 <UART_Execute_Command+0xe0a>
    2798:	80 91 8a 10 	lds	r24, 0x108A	; 0x80108a <OutSTR_L>
    279c:	c8 0f       	add	r28, r24
    279e:	d1 1d       	adc	r29, r1
    27a0:	88 81       	ld	r24, Y
    27a2:	8f 33       	cpi	r24, 0x3F	; 63
    27a4:	09 f0       	breq	.+2      	; 0x27a8 <UART_Execute_Command+0xe3c>
    27a6:	1a c3       	rjmp	.+1588   	; 0x2ddc <UART_Execute_Command+0x1470>
    27a8:	10 d8       	rcall	.-4064   	; 0x17ca <COM_Add_QuestMark_To_OutSTR_No_Sep>
    27aa:	e5 cf       	rjmp	.-54     	; 0x2776 <UART_Execute_Command+0xe0a>
    27ac:	80 91 ec 14 	lds	r24, 0x14EC	; 0x8014ec <Range_Status_A>
    27b0:	82 fd       	sbrc	r24, 2
    27b2:	04 c0       	rjmp	.+8      	; 0x27bc <UART_Execute_Command+0xe50>
    27b4:	80 91 ec 14 	lds	r24, 0x14EC	; 0x8014ec <Range_Status_A>
    27b8:	83 ff       	sbrs	r24, 3
    27ba:	a8 cf       	rjmp	.-176    	; 0x270c <UART_Execute_Command+0xda0>
    27bc:	0e 94 1f 1c 	call	0x383e	; 0x383e <EEPROM_Range_Cal_Get_Offset>
    27c0:	be cf       	rjmp	.-132    	; 0x273e <UART_Execute_Command+0xdd2>
    27c2:	87 ef       	ldi	r24, 0xF7	; 247
    27c4:	91 e0       	ldi	r25, 0x01	; 1
    27c6:	0e 94 85 0b 	call	0x170a	; 0x170a <COM_Copy_To_OutSTR_From_Start>
    27ca:	f0 90 8a 10 	lds	r15, 0x108A	; 0x80108a <OutSTR_L>
    27ce:	ce 01       	movw	r24, r28
    27d0:	0e 94 59 0b 	call	0x16b2	; 0x16b2 <COM_Compare_to_OutStr>
    27d4:	88 23       	and	r24, r24
    27d6:	09 f4       	brne	.+2      	; 0x27da <UART_Execute_Command+0xe6e>
    27d8:	6d c0       	rjmp	.+218    	; 0x28b4 <UART_Execute_Command+0xf48>
    27da:	6f 2d       	mov	r22, r15
    27dc:	82 e4       	ldi	r24, 0x42	; 66
    27de:	91 e0       	ldi	r25, 0x01	; 1
    27e0:	0e 94 cc 0b 	call	0x1798	; 0x1798 <COM_Add_To_OutSTR_At_Position>
    27e4:	6f 2d       	mov	r22, r15
    27e6:	ce 01       	movw	r24, r28
    27e8:	0e 94 6f 0b 	call	0x16de	; 0x16de <COM_Compare_to_OutStr_Offset>
    27ec:	88 23       	and	r24, r24
    27ee:	09 f4       	brne	.+2      	; 0x27f2 <UART_Execute_Command+0xe86>
    27f0:	61 c0       	rjmp	.+194    	; 0x28b4 <UART_Execute_Command+0xf48>
    27f2:	80 91 8a 10 	lds	r24, 0x108A	; 0x80108a <OutSTR_L>
    27f6:	fe 01       	movw	r30, r28
    27f8:	e8 0f       	add	r30, r24
    27fa:	f1 1d       	adc	r31, r1
    27fc:	80 81       	ld	r24, Z
    27fe:	81 11       	cpse	r24, r1
    2800:	2b c0       	rjmp	.+86     	; 0x2858 <UART_Execute_Command+0xeec>
    2802:	c8 01       	movw	r24, r16
    2804:	0e 94 02 4b 	call	0x9604	; 0x9604 <atol>
    2808:	61 15       	cp	r22, r1
    280a:	71 05       	cpc	r23, r1
    280c:	81 05       	cpc	r24, r1
    280e:	91 05       	cpc	r25, r1
    2810:	59 f4       	brne	.+22     	; 0x2828 <UART_Execute_Command+0xebc>
    2812:	80 91 cb 14 	lds	r24, 0x14CB	; 0x8014cb <FAN_CTR_State>
    2816:	80 68       	ori	r24, 0x80	; 128
    2818:	80 93 cb 14 	sts	0x14CB, r24	; 0x8014cb <FAN_CTR_State>
    281c:	80 91 cb 14 	lds	r24, 0x14CB	; 0x8014cb <FAN_CTR_State>
    2820:	8d 7f       	andi	r24, 0xFD	; 253
    2822:	80 93 cb 14 	sts	0x14CB, r24	; 0x8014cb <FAN_CTR_State>
    2826:	35 c0       	rjmp	.+106    	; 0x2892 <UART_Execute_Command+0xf26>
    2828:	61 30       	cpi	r22, 0x01	; 1
    282a:	71 05       	cpc	r23, r1
    282c:	81 05       	cpc	r24, r1
    282e:	91 05       	cpc	r25, r1
    2830:	59 f4       	brne	.+22     	; 0x2848 <UART_Execute_Command+0xedc>
    2832:	80 91 cb 14 	lds	r24, 0x14CB	; 0x8014cb <FAN_CTR_State>
    2836:	80 68       	ori	r24, 0x80	; 128
    2838:	80 93 cb 14 	sts	0x14CB, r24	; 0x8014cb <FAN_CTR_State>
    283c:	80 91 cb 14 	lds	r24, 0x14CB	; 0x8014cb <FAN_CTR_State>
    2840:	82 60       	ori	r24, 0x02	; 2
    2842:	80 93 cb 14 	sts	0x14CB, r24	; 0x8014cb <FAN_CTR_State>
    2846:	1a c0       	rjmp	.+52     	; 0x287c <UART_Execute_Command+0xf10>
    2848:	80 91 cb 14 	lds	r24, 0x14CB	; 0x8014cb <FAN_CTR_State>
    284c:	8f 77       	andi	r24, 0x7F	; 127
    284e:	80 93 cb 14 	sts	0x14CB, r24	; 0x8014cb <FAN_CTR_State>
    2852:	8b e0       	ldi	r24, 0x0B	; 11
    2854:	92 e0       	ldi	r25, 0x02	; 2
    2856:	e3 c9       	rjmp	.-3130   	; 0x1c1e <UART_Execute_Command+0x2b2>
    2858:	80 91 8a 10 	lds	r24, 0x108A	; 0x80108a <OutSTR_L>
    285c:	c8 0f       	add	r28, r24
    285e:	d1 1d       	adc	r29, r1
    2860:	88 81       	ld	r24, Y
    2862:	8f 33       	cpi	r24, 0x3F	; 63
    2864:	09 f0       	breq	.+2      	; 0x2868 <UART_Execute_Command+0xefc>
    2866:	ba c2       	rjmp	.+1396   	; 0x2ddc <UART_Execute_Command+0x1470>
    2868:	0e 94 e5 0b 	call	0x17ca	; 0x17ca <COM_Add_QuestMark_To_OutSTR_No_Sep>
    286c:	80 91 cb 14 	lds	r24, 0x14CB	; 0x8014cb <FAN_CTR_State>
    2870:	80 ff       	sbrs	r24, 0
    2872:	07 c0       	rjmp	.+14     	; 0x2882 <UART_Execute_Command+0xf16>
    2874:	80 91 cb 14 	lds	r24, 0x14CB	; 0x8014cb <FAN_CTR_State>
    2878:	87 ff       	sbrs	r24, 7
    287a:	03 c0       	rjmp	.+6      	; 0x2882 <UART_Execute_Command+0xf16>
    287c:	84 e0       	ldi	r24, 0x04	; 4
    287e:	92 e0       	ldi	r25, 0x02	; 2
    2880:	ce c9       	rjmp	.-3172   	; 0x1c1e <UART_Execute_Command+0x2b2>
    2882:	80 91 cb 14 	lds	r24, 0x14CB	; 0x8014cb <FAN_CTR_State>
    2886:	80 fd       	sbrc	r24, 0
    2888:	07 c0       	rjmp	.+14     	; 0x2898 <UART_Execute_Command+0xf2c>
    288a:	80 91 cb 14 	lds	r24, 0x14CB	; 0x8014cb <FAN_CTR_State>
    288e:	87 ff       	sbrs	r24, 7
    2890:	03 c0       	rjmp	.+6      	; 0x2898 <UART_Execute_Command+0xf2c>
    2892:	8c ef       	ldi	r24, 0xFC	; 252
    2894:	91 e0       	ldi	r25, 0x01	; 1
    2896:	c3 c9       	rjmp	.-3194   	; 0x1c1e <UART_Execute_Command+0x2b2>
    2898:	80 91 cb 14 	lds	r24, 0x14CB	; 0x8014cb <FAN_CTR_State>
    289c:	80 ff       	sbrs	r24, 0
    289e:	07 c0       	rjmp	.+14     	; 0x28ae <UART_Execute_Command+0xf42>
    28a0:	80 91 cb 14 	lds	r24, 0x14CB	; 0x8014cb <FAN_CTR_State>
    28a4:	87 fd       	sbrc	r24, 7
    28a6:	03 c0       	rjmp	.+6      	; 0x28ae <UART_Execute_Command+0xf42>
    28a8:	80 e1       	ldi	r24, 0x10	; 16
    28aa:	92 e0       	ldi	r25, 0x02	; 2
    28ac:	b8 c9       	rjmp	.-3216   	; 0x1c1e <UART_Execute_Command+0x2b2>
    28ae:	88 e1       	ldi	r24, 0x18	; 24
    28b0:	92 e0       	ldi	r25, 0x02	; 2
    28b2:	b5 c9       	rjmp	.-3222   	; 0x1c1e <UART_Execute_Command+0x2b2>
    28b4:	81 e2       	ldi	r24, 0x21	; 33
    28b6:	92 e0       	ldi	r25, 0x02	; 2
    28b8:	0e 94 85 0b 	call	0x170a	; 0x170a <COM_Copy_To_OutSTR_From_Start>
    28bc:	f0 90 8a 10 	lds	r15, 0x108A	; 0x80108a <OutSTR_L>
    28c0:	ce 01       	movw	r24, r28
    28c2:	0e 94 59 0b 	call	0x16b2	; 0x16b2 <COM_Compare_to_OutStr>
    28c6:	88 23       	and	r24, r24
    28c8:	09 f4       	brne	.+2      	; 0x28cc <UART_Execute_Command+0xf60>
    28ca:	84 c0       	rjmp	.+264    	; 0x29d4 <UART_Execute_Command+0x1068>
    28cc:	6f 2d       	mov	r22, r15
    28ce:	87 e2       	ldi	r24, 0x27	; 39
    28d0:	92 e0       	ldi	r25, 0x02	; 2
    28d2:	0e 94 cc 0b 	call	0x1798	; 0x1798 <COM_Add_To_OutSTR_At_Position>
    28d6:	6f 2d       	mov	r22, r15
    28d8:	ce 01       	movw	r24, r28
    28da:	0e 94 6f 0b 	call	0x16de	; 0x16de <COM_Compare_to_OutStr_Offset>
    28de:	88 23       	and	r24, r24
    28e0:	49 f0       	breq	.+18     	; 0x28f4 <UART_Execute_Command+0xf88>
    28e2:	40 91 97 14 	lds	r20, 0x1497	; 0x801497 <PV_Volt_DAC_ACT>
    28e6:	50 91 98 14 	lds	r21, 0x1498	; 0x801498 <PV_Volt_DAC_ACT+0x1>
    28ea:	60 91 99 14 	lds	r22, 0x1499	; 0x801499 <PV_Volt_DAC_ACT+0x2>
    28ee:	70 91 9a 14 	lds	r23, 0x149A	; 0x80149a <PV_Volt_DAC_ACT+0x3>
    28f2:	f9 c9       	rjmp	.-3086   	; 0x1ce6 <UART_Execute_Command+0x37a>
    28f4:	6f 2d       	mov	r22, r15
    28f6:	8d e2       	ldi	r24, 0x2D	; 45
    28f8:	92 e0       	ldi	r25, 0x02	; 2
    28fa:	0e 94 cc 0b 	call	0x1798	; 0x1798 <COM_Add_To_OutSTR_At_Position>
    28fe:	6f 2d       	mov	r22, r15
    2900:	ce 01       	movw	r24, r28
    2902:	0e 94 6f 0b 	call	0x16de	; 0x16de <COM_Compare_to_OutStr_Offset>
    2906:	88 23       	and	r24, r24
    2908:	69 f1       	breq	.+90     	; 0x2964 <UART_Execute_Command+0xff8>
    290a:	80 91 8a 10 	lds	r24, 0x108A	; 0x80108a <OutSTR_L>
    290e:	fe 01       	movw	r30, r28
    2910:	e8 0f       	add	r30, r24
    2912:	f1 1d       	adc	r31, r1
    2914:	80 81       	ld	r24, Z
    2916:	81 11       	cpse	r24, r1
    2918:	18 c0       	rjmp	.+48     	; 0x294a <UART_Execute_Command+0xfde>
    291a:	f8 01       	movw	r30, r16
    291c:	80 81       	ld	r24, Z
    291e:	90 e0       	ldi	r25, 0x00	; 0
    2920:	c0 97       	sbiw	r24, 0x30	; 48
    2922:	0a 97       	sbiw	r24, 0x0a	; 10
    2924:	08 f0       	brcs	.+2      	; 0x2928 <UART_Execute_Command+0xfbc>
    2926:	5a c2       	rjmp	.+1204   	; 0x2ddc <UART_Execute_Command+0x1470>
    2928:	c8 01       	movw	r24, r16
    292a:	0e 94 02 4b 	call	0x9604	; 0x9604 <atol>
    292e:	64 30       	cpi	r22, 0x04	; 4
    2930:	71 05       	cpc	r23, r1
    2932:	81 05       	cpc	r24, r1
    2934:	91 05       	cpc	r25, r1
    2936:	20 f0       	brcs	.+8      	; 0x2940 <UART_Execute_Command+0xfd4>
    2938:	83 e0       	ldi	r24, 0x03	; 3
    293a:	80 93 9a 0e 	sts	0x0E9A, r24	; 0x800e9a <PI_CTR_Prop_ID_Man>
    293e:	02 c0       	rjmp	.+4      	; 0x2944 <UART_Execute_Command+0xfd8>
    2940:	60 93 9a 0e 	sts	0x0E9A, r22	; 0x800e9a <PI_CTR_Prop_ID_Man>
    2944:	80 91 9a 0e 	lds	r24, 0x0E9A	; 0x800e9a <PI_CTR_Prop_ID_Man>
    2948:	64 c9       	rjmp	.-3384   	; 0x1c12 <UART_Execute_Command+0x2a6>
    294a:	80 91 8a 10 	lds	r24, 0x108A	; 0x80108a <OutSTR_L>
    294e:	c8 0f       	add	r28, r24
    2950:	d1 1d       	adc	r29, r1
    2952:	88 81       	ld	r24, Y
    2954:	8f 33       	cpi	r24, 0x3F	; 63
    2956:	09 f0       	breq	.+2      	; 0x295a <UART_Execute_Command+0xfee>
    2958:	41 c2       	rjmp	.+1154   	; 0x2ddc <UART_Execute_Command+0x1470>
    295a:	0e 94 e5 0b 	call	0x17ca	; 0x17ca <COM_Add_QuestMark_To_OutSTR_No_Sep>
    295e:	80 91 99 0e 	lds	r24, 0x0E99	; 0x800e99 <PI_CTR_Prop_ID_Act>
    2962:	57 c9       	rjmp	.-3410   	; 0x1c12 <UART_Execute_Command+0x2a6>
    2964:	6f 2d       	mov	r22, r15
    2966:	84 e3       	ldi	r24, 0x34	; 52
    2968:	92 e0       	ldi	r25, 0x02	; 2
    296a:	0e 94 cc 0b 	call	0x1798	; 0x1798 <COM_Add_To_OutSTR_At_Position>
    296e:	6f 2d       	mov	r22, r15
    2970:	ce 01       	movw	r24, r28
    2972:	0e 94 6f 0b 	call	0x16de	; 0x16de <COM_Compare_to_OutStr_Offset>
    2976:	88 23       	and	r24, r24
    2978:	69 f1       	breq	.+90     	; 0x29d4 <UART_Execute_Command+0x1068>
    297a:	80 91 8a 10 	lds	r24, 0x108A	; 0x80108a <OutSTR_L>
    297e:	fe 01       	movw	r30, r28
    2980:	e8 0f       	add	r30, r24
    2982:	f1 1d       	adc	r31, r1
    2984:	80 81       	ld	r24, Z
    2986:	81 11       	cpse	r24, r1
    2988:	18 c0       	rjmp	.+48     	; 0x29ba <UART_Execute_Command+0x104e>
    298a:	f8 01       	movw	r30, r16
    298c:	80 81       	ld	r24, Z
    298e:	90 e0       	ldi	r25, 0x00	; 0
    2990:	c0 97       	sbiw	r24, 0x30	; 48
    2992:	0a 97       	sbiw	r24, 0x0a	; 10
    2994:	08 f0       	brcs	.+2      	; 0x2998 <UART_Execute_Command+0x102c>
    2996:	22 c2       	rjmp	.+1092   	; 0x2ddc <UART_Execute_Command+0x1470>
    2998:	c8 01       	movw	r24, r16
    299a:	0e 94 02 4b 	call	0x9604	; 0x9604 <atol>
    299e:	64 30       	cpi	r22, 0x04	; 4
    29a0:	71 05       	cpc	r23, r1
    29a2:	81 05       	cpc	r24, r1
    29a4:	91 05       	cpc	r25, r1
    29a6:	20 f0       	brcs	.+8      	; 0x29b0 <UART_Execute_Command+0x1044>
    29a8:	83 e0       	ldi	r24, 0x03	; 3
    29aa:	80 93 9b 0e 	sts	0x0E9B, r24	; 0x800e9b <PI_CTR_Int_ID_Man>
    29ae:	02 c0       	rjmp	.+4      	; 0x29b4 <UART_Execute_Command+0x1048>
    29b0:	60 93 9b 0e 	sts	0x0E9B, r22	; 0x800e9b <PI_CTR_Int_ID_Man>
    29b4:	80 91 9b 0e 	lds	r24, 0x0E9B	; 0x800e9b <PI_CTR_Int_ID_Man>
    29b8:	2c c9       	rjmp	.-3496   	; 0x1c12 <UART_Execute_Command+0x2a6>
    29ba:	80 91 8a 10 	lds	r24, 0x108A	; 0x80108a <OutSTR_L>
    29be:	c8 0f       	add	r28, r24
    29c0:	d1 1d       	adc	r29, r1
    29c2:	88 81       	ld	r24, Y
    29c4:	8f 33       	cpi	r24, 0x3F	; 63
    29c6:	09 f0       	breq	.+2      	; 0x29ca <UART_Execute_Command+0x105e>
    29c8:	09 c2       	rjmp	.+1042   	; 0x2ddc <UART_Execute_Command+0x1470>
    29ca:	0e 94 e5 0b 	call	0x17ca	; 0x17ca <COM_Add_QuestMark_To_OutSTR_No_Sep>
    29ce:	80 91 9c 0e 	lds	r24, 0x0E9C	; 0x800e9c <PI_CTR_Int_ID_Act>
    29d2:	1f c9       	rjmp	.-3522   	; 0x1c12 <UART_Execute_Command+0x2a6>
    29d4:	8a e3       	ldi	r24, 0x3A	; 58
    29d6:	92 e0       	ldi	r25, 0x02	; 2
    29d8:	0e 94 85 0b 	call	0x170a	; 0x170a <COM_Copy_To_OutSTR_From_Start>
    29dc:	f0 90 8a 10 	lds	r15, 0x108A	; 0x80108a <OutSTR_L>
    29e0:	ce 01       	movw	r24, r28
    29e2:	0e 94 59 0b 	call	0x16b2	; 0x16b2 <COM_Compare_to_OutStr>
    29e6:	88 23       	and	r24, r24
    29e8:	09 f4       	brne	.+2      	; 0x29ec <UART_Execute_Command+0x1080>
    29ea:	42 c1       	rjmp	.+644    	; 0x2c70 <UART_Execute_Command+0x1304>
    29ec:	6f 2d       	mov	r22, r15
    29ee:	83 e7       	ldi	r24, 0x73	; 115
    29f0:	91 e0       	ldi	r25, 0x01	; 1
    29f2:	0e 94 cc 0b 	call	0x1798	; 0x1798 <COM_Add_To_OutSTR_At_Position>
    29f6:	6f 2d       	mov	r22, r15
    29f8:	ce 01       	movw	r24, r28
    29fa:	0e 94 6f 0b 	call	0x16de	; 0x16de <COM_Compare_to_OutStr_Offset>
    29fe:	88 23       	and	r24, r24
    2a00:	09 f4       	brne	.+2      	; 0x2a04 <UART_Execute_Command+0x1098>
    2a02:	6f c0       	rjmp	.+222    	; 0x2ae2 <UART_Execute_Command+0x1176>
    2a04:	80 91 8a 10 	lds	r24, 0x108A	; 0x80108a <OutSTR_L>
    2a08:	fe 01       	movw	r30, r28
    2a0a:	e8 0f       	add	r30, r24
    2a0c:	f1 1d       	adc	r31, r1
    2a0e:	80 81       	ld	r24, Z
    2a10:	81 11       	cpse	r24, r1
    2a12:	56 c0       	rjmp	.+172    	; 0x2ac0 <UART_Execute_Command+0x1154>
    2a14:	f8 01       	movw	r30, r16
    2a16:	80 81       	ld	r24, Z
    2a18:	90 e0       	ldi	r25, 0x00	; 0
    2a1a:	c0 97       	sbiw	r24, 0x30	; 48
    2a1c:	0a 97       	sbiw	r24, 0x0a	; 10
    2a1e:	08 f0       	brcs	.+2      	; 0x2a22 <UART_Execute_Command+0x10b6>
    2a20:	dd c1       	rjmp	.+954    	; 0x2ddc <UART_Execute_Command+0x1470>
    2a22:	c8 01       	movw	r24, r16
    2a24:	0e 94 02 4b 	call	0x9604	; 0x9604 <atol>
    2a28:	6f 3f       	cpi	r22, 0xFF	; 255
    2a2a:	71 05       	cpc	r23, r1
    2a2c:	81 05       	cpc	r24, r1
    2a2e:	91 05       	cpc	r25, r1
    2a30:	21 f0       	breq	.+8      	; 0x2a3a <UART_Execute_Command+0x10ce>
    2a32:	1c f0       	brlt	.+6      	; 0x2a3a <UART_Execute_Command+0x10ce>
    2a34:	8f ef       	ldi	r24, 0xFF	; 255
    2a36:	90 e0       	ldi	r25, 0x00	; 0
    2a38:	07 c0       	rjmp	.+14     	; 0x2a48 <UART_Execute_Command+0x10dc>
    2a3a:	16 16       	cp	r1, r22
    2a3c:	17 06       	cpc	r1, r23
    2a3e:	18 06       	cpc	r1, r24
    2a40:	19 06       	cpc	r1, r25
    2a42:	3c f0       	brlt	.+14     	; 0x2a52 <UART_Execute_Command+0x10e6>
    2a44:	81 e0       	ldi	r24, 0x01	; 1
    2a46:	90 e0       	ldi	r25, 0x00	; 0
    2a48:	90 93 8d 10 	sts	0x108D, r25	; 0x80108d <ADC_Num_Avr_VoltCurr+0x1>
    2a4c:	80 93 8c 10 	sts	0x108C, r24	; 0x80108c <ADC_Num_Avr_VoltCurr>
    2a50:	04 c0       	rjmp	.+8      	; 0x2a5a <UART_Execute_Command+0x10ee>
    2a52:	70 93 8d 10 	sts	0x108D, r23	; 0x80108d <ADC_Num_Avr_VoltCurr+0x1>
    2a56:	60 93 8c 10 	sts	0x108C, r22	; 0x80108c <ADC_Num_Avr_VoltCurr>
    2a5a:	60 91 8c 10 	lds	r22, 0x108C	; 0x80108c <ADC_Num_Avr_VoltCurr>
    2a5e:	70 91 8d 10 	lds	r23, 0x108D	; 0x80108d <ADC_Num_Avr_VoltCurr+0x1>
    2a62:	c0 91 10 14 	lds	r28, 0x1410	; 0x801410 <ADC_Cycl_Avr_VoltCurr>
    2a66:	80 e0       	ldi	r24, 0x00	; 0
    2a68:	90 e0       	ldi	r25, 0x00	; 0
    2a6a:	0e 94 d1 47 	call	0x8fa2	; 0x8fa2 <__floatunsisf>
    2a6e:	4b 01       	movw	r8, r22
    2a70:	5c 01       	movw	r10, r24
    2a72:	6c 2f       	mov	r22, r28
    2a74:	70 e0       	ldi	r23, 0x00	; 0
    2a76:	80 e0       	ldi	r24, 0x00	; 0
    2a78:	90 e0       	ldi	r25, 0x00	; 0
    2a7a:	0e 94 d1 47 	call	0x8fa2	; 0x8fa2 <__floatunsisf>
    2a7e:	9b 01       	movw	r18, r22
    2a80:	ac 01       	movw	r20, r24
    2a82:	c5 01       	movw	r24, r10
    2a84:	b4 01       	movw	r22, r8
    2a86:	0e 94 61 49 	call	0x92c2	; 0x92c2 <__mulsf3>
    2a8a:	9b 01       	movw	r18, r22
    2a8c:	ac 01       	movw	r20, r24
    2a8e:	60 e0       	ldi	r22, 0x00	; 0
    2a90:	70 e0       	ldi	r23, 0x00	; 0
    2a92:	80 e8       	ldi	r24, 0x80	; 128
    2a94:	9f e3       	ldi	r25, 0x3F	; 63
    2a96:	0e 94 07 47 	call	0x8e0e	; 0x8e0e <__divsf3>
    2a9a:	60 93 a3 10 	sts	0x10A3, r22	; 0x8010a3 <ADC_Avr_Mult_VoltCurr>
    2a9e:	70 93 a4 10 	sts	0x10A4, r23	; 0x8010a4 <ADC_Avr_Mult_VoltCurr+0x1>
    2aa2:	80 93 a5 10 	sts	0x10A5, r24	; 0x8010a5 <ADC_Avr_Mult_VoltCurr+0x2>
    2aa6:	90 93 a6 10 	sts	0x10A6, r25	; 0x8010a6 <ADC_Avr_Mult_VoltCurr+0x3>
    2aaa:	80 91 e4 14 	lds	r24, 0x14E4	; 0x8014e4 <Range_Status_B>
    2aae:	81 60       	ori	r24, 0x01	; 1
    2ab0:	80 93 e4 14 	sts	0x14E4, r24	; 0x8014e4 <Range_Status_B>
    2ab4:	80 91 e4 14 	lds	r24, 0x14E4	; 0x8014e4 <Range_Status_B>
    2ab8:	82 60       	ori	r24, 0x02	; 2
    2aba:	80 93 e4 14 	sts	0x14E4, r24	; 0x8014e4 <Range_Status_B>
    2abe:	0a c0       	rjmp	.+20     	; 0x2ad4 <UART_Execute_Command+0x1168>
    2ac0:	80 91 8a 10 	lds	r24, 0x108A	; 0x80108a <OutSTR_L>
    2ac4:	c8 0f       	add	r28, r24
    2ac6:	d1 1d       	adc	r29, r1
    2ac8:	88 81       	ld	r24, Y
    2aca:	8f 33       	cpi	r24, 0x3F	; 63
    2acc:	09 f0       	breq	.+2      	; 0x2ad0 <UART_Execute_Command+0x1164>
    2ace:	86 c1       	rjmp	.+780    	; 0x2ddc <UART_Execute_Command+0x1470>
    2ad0:	0e 94 e5 0b 	call	0x17ca	; 0x17ca <COM_Add_QuestMark_To_OutSTR_No_Sep>
    2ad4:	80 91 8c 10 	lds	r24, 0x108C	; 0x80108c <ADC_Num_Avr_VoltCurr>
    2ad8:	90 91 8d 10 	lds	r25, 0x108D	; 0x80108d <ADC_Num_Avr_VoltCurr+0x1>
    2adc:	4a e0       	ldi	r20, 0x0A	; 10
    2ade:	b8 01       	movw	r22, r16
    2ae0:	9b c8       	rjmp	.-3786   	; 0x1c18 <UART_Execute_Command+0x2ac>
    2ae2:	6f 2d       	mov	r22, r15
    2ae4:	8f e3       	ldi	r24, 0x3F	; 63
    2ae6:	92 e0       	ldi	r25, 0x02	; 2
    2ae8:	0e 94 cc 0b 	call	0x1798	; 0x1798 <COM_Add_To_OutSTR_At_Position>
    2aec:	6f 2d       	mov	r22, r15
    2aee:	ce 01       	movw	r24, r28
    2af0:	0e 94 6f 0b 	call	0x16de	; 0x16de <COM_Compare_to_OutStr_Offset>
    2af4:	88 23       	and	r24, r24
    2af6:	09 f4       	brne	.+2      	; 0x2afa <UART_Execute_Command+0x118e>
    2af8:	4a c0       	rjmp	.+148    	; 0x2b8e <UART_Execute_Command+0x1222>
    2afa:	80 91 8a 10 	lds	r24, 0x108A	; 0x80108a <OutSTR_L>
    2afe:	fe 01       	movw	r30, r28
    2b00:	e8 0f       	add	r30, r24
    2b02:	f1 1d       	adc	r31, r1
    2b04:	80 81       	ld	r24, Z
    2b06:	81 11       	cpse	r24, r1
    2b08:	35 c0       	rjmp	.+106    	; 0x2b74 <UART_Execute_Command+0x1208>
    2b0a:	f8 01       	movw	r30, r16
    2b0c:	80 81       	ld	r24, Z
    2b0e:	90 e0       	ldi	r25, 0x00	; 0
    2b10:	c0 97       	sbiw	r24, 0x30	; 48
    2b12:	0a 97       	sbiw	r24, 0x0a	; 10
    2b14:	08 f0       	brcs	.+2      	; 0x2b18 <UART_Execute_Command+0x11ac>
    2b16:	62 c1       	rjmp	.+708    	; 0x2ddc <UART_Execute_Command+0x1470>
    2b18:	c8 01       	movw	r24, r16
    2b1a:	0e 94 02 4b 	call	0x9604	; 0x9604 <atol>
    2b1e:	6f 3f       	cpi	r22, 0xFF	; 255
    2b20:	71 05       	cpc	r23, r1
    2b22:	81 05       	cpc	r24, r1
    2b24:	91 05       	cpc	r25, r1
    2b26:	19 f0       	breq	.+6      	; 0x2b2e <UART_Execute_Command+0x11c2>
    2b28:	14 f0       	brlt	.+4      	; 0x2b2e <UART_Execute_Command+0x11c2>
    2b2a:	8f ef       	ldi	r24, 0xFF	; 255
    2b2c:	06 c0       	rjmp	.+12     	; 0x2b3a <UART_Execute_Command+0x11ce>
    2b2e:	16 16       	cp	r1, r22
    2b30:	17 06       	cpc	r1, r23
    2b32:	18 06       	cpc	r1, r24
    2b34:	19 06       	cpc	r1, r25
    2b36:	24 f0       	brlt	.+8      	; 0x2b40 <UART_Execute_Command+0x11d4>
    2b38:	81 e0       	ldi	r24, 0x01	; 1
    2b3a:	80 93 48 12 	sts	0x1248, r24	; 0x801248 <ADC_Num_Avr_Other>
    2b3e:	02 c0       	rjmp	.+4      	; 0x2b44 <UART_Execute_Command+0x11d8>
    2b40:	60 93 48 12 	sts	0x1248, r22	; 0x801248 <ADC_Num_Avr_Other>
    2b44:	60 91 48 12 	lds	r22, 0x1248	; 0x801248 <ADC_Num_Avr_Other>
    2b48:	70 e0       	ldi	r23, 0x00	; 0
    2b4a:	80 e0       	ldi	r24, 0x00	; 0
    2b4c:	90 e0       	ldi	r25, 0x00	; 0
    2b4e:	0e 94 d1 47 	call	0x8fa2	; 0x8fa2 <__floatunsisf>
    2b52:	9b 01       	movw	r18, r22
    2b54:	ac 01       	movw	r20, r24
    2b56:	60 e0       	ldi	r22, 0x00	; 0
    2b58:	70 e0       	ldi	r23, 0x00	; 0
    2b5a:	80 e8       	ldi	r24, 0x80	; 128
    2b5c:	9f e3       	ldi	r25, 0x3F	; 63
    2b5e:	0e 94 07 47 	call	0x8e0e	; 0x8e0e <__divsf3>
    2b62:	60 93 5a 12 	sts	0x125A, r22	; 0x80125a <ADC_Avr_Mult_Other>
    2b66:	70 93 5b 12 	sts	0x125B, r23	; 0x80125b <ADC_Avr_Mult_Other+0x1>
    2b6a:	80 93 5c 12 	sts	0x125C, r24	; 0x80125c <ADC_Avr_Mult_Other+0x2>
    2b6e:	90 93 5d 12 	sts	0x125D, r25	; 0x80125d <ADC_Avr_Mult_Other+0x3>
    2b72:	0a c0       	rjmp	.+20     	; 0x2b88 <UART_Execute_Command+0x121c>
    2b74:	80 91 8a 10 	lds	r24, 0x108A	; 0x80108a <OutSTR_L>
    2b78:	c8 0f       	add	r28, r24
    2b7a:	d1 1d       	adc	r29, r1
    2b7c:	88 81       	ld	r24, Y
    2b7e:	8f 33       	cpi	r24, 0x3F	; 63
    2b80:	09 f0       	breq	.+2      	; 0x2b84 <UART_Execute_Command+0x1218>
    2b82:	2c c1       	rjmp	.+600    	; 0x2ddc <UART_Execute_Command+0x1470>
    2b84:	0e 94 e5 0b 	call	0x17ca	; 0x17ca <COM_Add_QuestMark_To_OutSTR_No_Sep>
    2b88:	80 91 48 12 	lds	r24, 0x1248	; 0x801248 <ADC_Num_Avr_Other>
    2b8c:	42 c8       	rjmp	.-3964   	; 0x1c12 <UART_Execute_Command+0x2a6>
    2b8e:	6f 2d       	mov	r22, r15
    2b90:	89 e4       	ldi	r24, 0x49	; 73
    2b92:	92 e0       	ldi	r25, 0x02	; 2
    2b94:	0e 94 cc 0b 	call	0x1798	; 0x1798 <COM_Add_To_OutSTR_At_Position>
    2b98:	6f 2d       	mov	r22, r15
    2b9a:	ce 01       	movw	r24, r28
    2b9c:	0e 94 6f 0b 	call	0x16de	; 0x16de <COM_Compare_to_OutStr_Offset>
    2ba0:	88 23       	and	r24, r24
    2ba2:	09 f4       	brne	.+2      	; 0x2ba6 <UART_Execute_Command+0x123a>
    2ba4:	65 c0       	rjmp	.+202    	; 0x2c70 <UART_Execute_Command+0x1304>
    2ba6:	80 91 8a 10 	lds	r24, 0x108A	; 0x80108a <OutSTR_L>
    2baa:	fe 01       	movw	r30, r28
    2bac:	e8 0f       	add	r30, r24
    2bae:	f1 1d       	adc	r31, r1
    2bb0:	80 81       	ld	r24, Z
    2bb2:	81 11       	cpse	r24, r1
    2bb4:	4f c0       	rjmp	.+158    	; 0x2c54 <UART_Execute_Command+0x12e8>
    2bb6:	f8 01       	movw	r30, r16
    2bb8:	80 81       	ld	r24, Z
    2bba:	90 e0       	ldi	r25, 0x00	; 0
    2bbc:	c0 97       	sbiw	r24, 0x30	; 48
    2bbe:	0a 97       	sbiw	r24, 0x0a	; 10
    2bc0:	08 f0       	brcs	.+2      	; 0x2bc4 <UART_Execute_Command+0x1258>
    2bc2:	0c c1       	rjmp	.+536    	; 0x2ddc <UART_Execute_Command+0x1470>
    2bc4:	c8 01       	movw	r24, r16
    2bc6:	0e 94 02 4b 	call	0x9604	; 0x9604 <atol>
    2bca:	65 36       	cpi	r22, 0x65	; 101
    2bcc:	71 05       	cpc	r23, r1
    2bce:	81 05       	cpc	r24, r1
    2bd0:	91 05       	cpc	r25, r1
    2bd2:	14 f0       	brlt	.+4      	; 0x2bd8 <UART_Execute_Command+0x126c>
    2bd4:	84 e6       	ldi	r24, 0x64	; 100
    2bd6:	06 c0       	rjmp	.+12     	; 0x2be4 <UART_Execute_Command+0x1278>
    2bd8:	16 16       	cp	r1, r22
    2bda:	17 06       	cpc	r1, r23
    2bdc:	18 06       	cpc	r1, r24
    2bde:	19 06       	cpc	r1, r25
    2be0:	24 f0       	brlt	.+8      	; 0x2bea <UART_Execute_Command+0x127e>
    2be2:	81 e0       	ldi	r24, 0x01	; 1
    2be4:	80 93 10 14 	sts	0x1410, r24	; 0x801410 <ADC_Cycl_Avr_VoltCurr>
    2be8:	02 c0       	rjmp	.+4      	; 0x2bee <UART_Execute_Command+0x1282>
    2bea:	60 93 10 14 	sts	0x1410, r22	; 0x801410 <ADC_Cycl_Avr_VoltCurr>
    2bee:	60 91 8c 10 	lds	r22, 0x108C	; 0x80108c <ADC_Num_Avr_VoltCurr>
    2bf2:	70 91 8d 10 	lds	r23, 0x108D	; 0x80108d <ADC_Num_Avr_VoltCurr+0x1>
    2bf6:	c0 91 10 14 	lds	r28, 0x1410	; 0x801410 <ADC_Cycl_Avr_VoltCurr>
    2bfa:	80 e0       	ldi	r24, 0x00	; 0
    2bfc:	90 e0       	ldi	r25, 0x00	; 0
    2bfe:	0e 94 d1 47 	call	0x8fa2	; 0x8fa2 <__floatunsisf>
    2c02:	4b 01       	movw	r8, r22
    2c04:	5c 01       	movw	r10, r24
    2c06:	6c 2f       	mov	r22, r28
    2c08:	70 e0       	ldi	r23, 0x00	; 0
    2c0a:	80 e0       	ldi	r24, 0x00	; 0
    2c0c:	90 e0       	ldi	r25, 0x00	; 0
    2c0e:	0e 94 d1 47 	call	0x8fa2	; 0x8fa2 <__floatunsisf>
    2c12:	9b 01       	movw	r18, r22
    2c14:	ac 01       	movw	r20, r24
    2c16:	c5 01       	movw	r24, r10
    2c18:	b4 01       	movw	r22, r8
    2c1a:	0e 94 61 49 	call	0x92c2	; 0x92c2 <__mulsf3>
    2c1e:	9b 01       	movw	r18, r22
    2c20:	ac 01       	movw	r20, r24
    2c22:	60 e0       	ldi	r22, 0x00	; 0
    2c24:	70 e0       	ldi	r23, 0x00	; 0
    2c26:	80 e8       	ldi	r24, 0x80	; 128
    2c28:	9f e3       	ldi	r25, 0x3F	; 63
    2c2a:	0e 94 07 47 	call	0x8e0e	; 0x8e0e <__divsf3>
    2c2e:	60 93 a3 10 	sts	0x10A3, r22	; 0x8010a3 <ADC_Avr_Mult_VoltCurr>
    2c32:	70 93 a4 10 	sts	0x10A4, r23	; 0x8010a4 <ADC_Avr_Mult_VoltCurr+0x1>
    2c36:	80 93 a5 10 	sts	0x10A5, r24	; 0x8010a5 <ADC_Avr_Mult_VoltCurr+0x2>
    2c3a:	90 93 a6 10 	sts	0x10A6, r25	; 0x8010a6 <ADC_Avr_Mult_VoltCurr+0x3>
    2c3e:	80 91 e4 14 	lds	r24, 0x14E4	; 0x8014e4 <Range_Status_B>
    2c42:	81 60       	ori	r24, 0x01	; 1
    2c44:	80 93 e4 14 	sts	0x14E4, r24	; 0x8014e4 <Range_Status_B>
    2c48:	80 91 e4 14 	lds	r24, 0x14E4	; 0x8014e4 <Range_Status_B>
    2c4c:	82 60       	ori	r24, 0x02	; 2
    2c4e:	80 93 e4 14 	sts	0x14E4, r24	; 0x8014e4 <Range_Status_B>
    2c52:	0a c0       	rjmp	.+20     	; 0x2c68 <UART_Execute_Command+0x12fc>
    2c54:	80 91 8a 10 	lds	r24, 0x108A	; 0x80108a <OutSTR_L>
    2c58:	c8 0f       	add	r28, r24
    2c5a:	d1 1d       	adc	r29, r1
    2c5c:	88 81       	ld	r24, Y
    2c5e:	8f 33       	cpi	r24, 0x3F	; 63
    2c60:	09 f0       	breq	.+2      	; 0x2c64 <UART_Execute_Command+0x12f8>
    2c62:	bc c0       	rjmp	.+376    	; 0x2ddc <UART_Execute_Command+0x1470>
    2c64:	0e 94 e5 0b 	call	0x17ca	; 0x17ca <COM_Add_QuestMark_To_OutSTR_No_Sep>
    2c68:	80 91 10 14 	lds	r24, 0x1410	; 0x801410 <ADC_Cycl_Avr_VoltCurr>
    2c6c:	0c 94 09 0e 	jmp	0x1c12	; 0x1c12 <UART_Execute_Command+0x2a6>
    2c70:	83 e5       	ldi	r24, 0x53	; 83
    2c72:	92 e0       	ldi	r25, 0x02	; 2
    2c74:	0e 94 85 0b 	call	0x170a	; 0x170a <COM_Copy_To_OutSTR_From_Start>
    2c78:	f0 90 8a 10 	lds	r15, 0x108A	; 0x80108a <OutSTR_L>
    2c7c:	ce 01       	movw	r24, r28
    2c7e:	0e 94 59 0b 	call	0x16b2	; 0x16b2 <COM_Compare_to_OutStr>
    2c82:	88 23       	and	r24, r24
    2c84:	61 f1       	breq	.+88     	; 0x2cde <UART_Execute_Command+0x1372>
    2c86:	6f 2d       	mov	r22, r15
    2c88:	8a e5       	ldi	r24, 0x5A	; 90
    2c8a:	92 e0       	ldi	r25, 0x02	; 2
    2c8c:	0e 94 cc 0b 	call	0x1798	; 0x1798 <COM_Add_To_OutSTR_At_Position>
    2c90:	6f 2d       	mov	r22, r15
    2c92:	ce 01       	movw	r24, r28
    2c94:	0e 94 6f 0b 	call	0x16de	; 0x16de <COM_Compare_to_OutStr_Offset>
    2c98:	88 23       	and	r24, r24
    2c9a:	49 f0       	breq	.+18     	; 0x2cae <UART_Execute_Command+0x1342>
    2c9c:	80 91 8a 10 	lds	r24, 0x108A	; 0x80108a <OutSTR_L>
    2ca0:	c8 0f       	add	r28, r24
    2ca2:	d1 1d       	adc	r29, r1
    2ca4:	88 81       	ld	r24, Y
    2ca6:	81 11       	cpse	r24, r1
    2ca8:	99 c0       	rjmp	.+306    	; 0x2ddc <UART_Execute_Command+0x1470>
    2caa:	61 e0       	ldi	r22, 0x01	; 1
    2cac:	13 c0       	rjmp	.+38     	; 0x2cd4 <UART_Execute_Command+0x1368>
    2cae:	6f 2d       	mov	r22, r15
    2cb0:	80 e0       	ldi	r24, 0x00	; 0
    2cb2:	91 e0       	ldi	r25, 0x01	; 1
    2cb4:	0e 94 cc 0b 	call	0x1798	; 0x1798 <COM_Add_To_OutSTR_At_Position>
    2cb8:	6f 2d       	mov	r22, r15
    2cba:	ce 01       	movw	r24, r28
    2cbc:	0e 94 6f 0b 	call	0x16de	; 0x16de <COM_Compare_to_OutStr_Offset>
    2cc0:	88 23       	and	r24, r24
    2cc2:	69 f0       	breq	.+26     	; 0x2cde <UART_Execute_Command+0x1372>
    2cc4:	80 91 8a 10 	lds	r24, 0x108A	; 0x80108a <OutSTR_L>
    2cc8:	c8 0f       	add	r28, r24
    2cca:	d1 1d       	adc	r29, r1
    2ccc:	88 81       	ld	r24, Y
    2cce:	81 11       	cpse	r24, r1
    2cd0:	85 c0       	rjmp	.+266    	; 0x2ddc <UART_Execute_Command+0x1470>
    2cd2:	60 e0       	ldi	r22, 0x00	; 0
    2cd4:	c8 01       	movw	r24, r16
    2cd6:	0e 94 cd 22 	call	0x459a	; 0x459a <EEPROM_ACCESS_UART>
    2cda:	0c 94 0e 0e 	jmp	0x1c1c	; 0x1c1c <UART_Execute_Command+0x2b0>
    2cde:	80 e6       	ldi	r24, 0x60	; 96
    2ce0:	92 e0       	ldi	r25, 0x02	; 2
    2ce2:	0e 94 85 0b 	call	0x170a	; 0x170a <COM_Copy_To_OutSTR_From_Start>
    2ce6:	ce 01       	movw	r24, r28
    2ce8:	0e 94 59 0b 	call	0x16b2	; 0x16b2 <COM_Compare_to_OutStr>
    2cec:	88 23       	and	r24, r24
    2cee:	09 f4       	brne	.+2      	; 0x2cf2 <UART_Execute_Command+0x1386>
    2cf0:	75 c0       	rjmp	.+234    	; 0x2ddc <UART_Execute_Command+0x1470>
    2cf2:	40 91 a7 10 	lds	r20, 0x10A7	; 0x8010a7 <AI_NTC_Temp_1>
    2cf6:	50 91 a8 10 	lds	r21, 0x10A8	; 0x8010a8 <AI_NTC_Temp_1+0x1>
    2cfa:	60 91 a9 10 	lds	r22, 0x10A9	; 0x8010a9 <AI_NTC_Temp_1+0x2>
    2cfe:	70 91 aa 10 	lds	r23, 0x10AA	; 0x8010aa <AI_NTC_Temp_1+0x3>
    2d02:	c8 01       	movw	r24, r16
    2d04:	0e 94 3c 0c 	call	0x1878	; 0x1878 <FloatToString>
    2d08:	c8 01       	movw	r24, r16
    2d0a:	0e 94 a6 0b 	call	0x174c	; 0x174c <COM_Add_To_OutSTR_with_Sep>
    2d0e:	40 91 15 14 	lds	r20, 0x1415	; 0x801415 <AI_NTC_Temp_2>
    2d12:	50 91 16 14 	lds	r21, 0x1416	; 0x801416 <AI_NTC_Temp_2+0x1>
    2d16:	60 91 17 14 	lds	r22, 0x1417	; 0x801417 <AI_NTC_Temp_2+0x2>
    2d1a:	70 91 18 14 	lds	r23, 0x1418	; 0x801418 <AI_NTC_Temp_2+0x3>
    2d1e:	c8 01       	movw	r24, r16
    2d20:	0e 94 3c 0c 	call	0x1878	; 0x1878 <FloatToString>
    2d24:	c8 01       	movw	r24, r16
    2d26:	0e 94 a6 0b 	call	0x174c	; 0x174c <COM_Add_To_OutSTR_with_Sep>
    2d2a:	80 91 2d 14 	lds	r24, 0x142D	; 0x80142d <SysConfig>
    2d2e:	80 ff       	sbrs	r24, 0
    2d30:	0e c0       	rjmp	.+28     	; 0x2d4e <UART_Execute_Command+0x13e2>
    2d32:	40 91 56 12 	lds	r20, 0x1256	; 0x801256 <AI_RTD_Temp>
    2d36:	50 91 57 12 	lds	r21, 0x1257	; 0x801257 <AI_RTD_Temp+0x1>
    2d3a:	60 91 58 12 	lds	r22, 0x1258	; 0x801258 <AI_RTD_Temp+0x2>
    2d3e:	70 91 59 12 	lds	r23, 0x1259	; 0x801259 <AI_RTD_Temp+0x3>
    2d42:	c8 01       	movw	r24, r16
    2d44:	0e 94 3c 0c 	call	0x1878	; 0x1878 <FloatToString>
    2d48:	c8 01       	movw	r24, r16
    2d4a:	0e 94 a6 0b 	call	0x174c	; 0x174c <COM_Add_To_OutSTR_with_Sep>
    2d4e:	80 91 2d 14 	lds	r24, 0x142D	; 0x80142d <SysConfig>
    2d52:	82 ff       	sbrs	r24, 2
    2d54:	2b c0       	rjmp	.+86     	; 0x2dac <UART_Execute_Command+0x1440>
    2d56:	c0 e0       	ldi	r28, 0x00	; 0
    2d58:	d0 e0       	ldi	r29, 0x00	; 0
    2d5a:	fe 01       	movw	r30, r28
    2d5c:	ee 0f       	add	r30, r30
    2d5e:	ff 1f       	adc	r31, r31
    2d60:	ee 0f       	add	r30, r30
    2d62:	ff 1f       	adc	r31, r31
    2d64:	e6 59       	subi	r30, 0x96	; 150
    2d66:	fa 4e       	sbci	r31, 0xEA	; 234
    2d68:	40 81       	ld	r20, Z
    2d6a:	51 81       	ldd	r21, Z+1	; 0x01
    2d6c:	62 81       	ldd	r22, Z+2	; 0x02
    2d6e:	73 81       	ldd	r23, Z+3	; 0x03
    2d70:	c8 01       	movw	r24, r16
    2d72:	0e 94 3c 0c 	call	0x1878	; 0x1878 <FloatToString>
    2d76:	c8 01       	movw	r24, r16
    2d78:	0e 94 a6 0b 	call	0x174c	; 0x174c <COM_Add_To_OutSTR_with_Sep>
    2d7c:	21 96       	adiw	r28, 0x01	; 1
    2d7e:	c8 30       	cpi	r28, 0x08	; 8
    2d80:	d1 05       	cpc	r29, r1
    2d82:	59 f7       	brne	.-42     	; 0x2d5a <UART_Execute_Command+0x13ee>
    2d84:	80 91 69 15 	lds	r24, 0x1569	; 0x801569 <AI_HEAT_ADC_Present_Mask>
    2d88:	4a e0       	ldi	r20, 0x0A	; 10
    2d8a:	b8 01       	movw	r22, r16
    2d8c:	90 e0       	ldi	r25, 0x00	; 0
    2d8e:	0e 94 07 4c 	call	0x980e	; 0x980e <__itoa_ncheck>
    2d92:	c8 01       	movw	r24, r16
    2d94:	0e 94 a6 0b 	call	0x174c	; 0x174c <COM_Add_To_OutSTR_with_Sep>
    2d98:	80 91 68 15 	lds	r24, 0x1568	; 0x801568 <AI_HEAT_ADC_Fault_Mask>
    2d9c:	4a e0       	ldi	r20, 0x0A	; 10
    2d9e:	b8 01       	movw	r22, r16
    2da0:	90 e0       	ldi	r25, 0x00	; 0
    2da2:	0e 94 07 4c 	call	0x980e	; 0x980e <__itoa_ncheck>
    2da6:	c8 01       	movw	r24, r16
    2da8:	0e 94 a6 0b 	call	0x174c	; 0x174c <COM_Add_To_OutSTR_with_Sep>
    2dac:	80 ea       	ldi	r24, 0xA0	; 160
    2dae:	9e e0       	ldi	r25, 0x0E	; 14
    2db0:	0e 94 1d 0b 	call	0x163a	; 0x163a <UART_WriteString>
    2db4:	80 91 2a 14 	lds	r24, 0x142A	; 0x80142a <SysStatus_B>
    2db8:	8e 7f       	andi	r24, 0xFE	; 254
    2dba:	80 93 2a 14 	sts	0x142A, r24	; 0x80142a <SysStatus_B>
    2dbe:	df 91       	pop	r29
    2dc0:	cf 91       	pop	r28
    2dc2:	1f 91       	pop	r17
    2dc4:	0f 91       	pop	r16
    2dc6:	ff 90       	pop	r15
    2dc8:	ef 90       	pop	r14
    2dca:	bf 90       	pop	r11
    2dcc:	af 90       	pop	r10
    2dce:	9f 90       	pop	r9
    2dd0:	8f 90       	pop	r8
    2dd2:	7f 90       	pop	r7
    2dd4:	6f 90       	pop	r6
    2dd6:	5f 90       	pop	r5
    2dd8:	4f 90       	pop	r4
    2dda:	08 95       	ret
    2ddc:	89 e1       	ldi	r24, 0x19	; 25
    2dde:	91 e0       	ldi	r25, 0x01	; 1
    2de0:	df 91       	pop	r29
    2de2:	cf 91       	pop	r28
    2de4:	1f 91       	pop	r17
    2de6:	0f 91       	pop	r16
    2de8:	ff 90       	pop	r15
    2dea:	ef 90       	pop	r14
    2dec:	bf 90       	pop	r11
    2dee:	af 90       	pop	r10
    2df0:	9f 90       	pop	r9
    2df2:	8f 90       	pop	r8
    2df4:	7f 90       	pop	r7
    2df6:	6f 90       	pop	r6
    2df8:	5f 90       	pop	r5
    2dfa:	4f 90       	pop	r4
    2dfc:	0c 94 1d 0b 	jmp	0x163a	; 0x163a <UART_WriteString>

00002e00 <UART_Process_Input>:
    2e00:	cf 93       	push	r28
    2e02:	df 93       	push	r29
    2e04:	cd b7       	in	r28, 0x3d	; 61
    2e06:	de b7       	in	r29, 0x3e	; 62
    2e08:	cc 57       	subi	r28, 0x7C	; 124
    2e0a:	d1 09       	sbc	r29, r1
    2e0c:	0f b6       	in	r0, 0x3f	; 63
    2e0e:	f8 94       	cli
    2e10:	de bf       	out	0x3e, r29	; 62
    2e12:	0f be       	out	0x3f, r0	; 63
    2e14:	cd bf       	out	0x3d, r28	; 61
    2e16:	80 91 11 10 	lds	r24, 0x1011	; 0x801011 <UART_Comand+0x1>
    2e1a:	83 32       	cpi	r24, 0x23	; 35
    2e1c:	09 f0       	breq	.+2      	; 0x2e20 <UART_Process_Input+0x20>
    2e1e:	56 c0       	rjmp	.+172    	; 0x2ecc <UART_Process_Input+0xcc>
    2e20:	90 91 10 10 	lds	r25, 0x1010	; 0x801010 <UART_Comand>
    2e24:	80 91 9f 0e 	lds	r24, 0x0E9F	; 0x800e9f <Com_ID>
    2e28:	98 13       	cpse	r25, r24
    2e2a:	50 c0       	rjmp	.+160    	; 0x2ecc <UART_Process_Input+0xcc>
    2e2c:	de 01       	movw	r26, r28
    2e2e:	a9 59       	subi	r26, 0x99	; 153
    2e30:	bf 4f       	sbci	r27, 0xFF	; 255
    2e32:	22 e0       	ldi	r18, 0x02	; 2
    2e34:	30 e0       	ldi	r19, 0x00	; 0
    2e36:	ad 01       	movw	r20, r26
    2e38:	92 2f       	mov	r25, r18
    2e3a:	8e ef       	ldi	r24, 0xFE	; 254
    2e3c:	82 0f       	add	r24, r18
    2e3e:	f9 01       	movw	r30, r18
    2e40:	e0 5f       	subi	r30, 0xF0	; 240
    2e42:	ff 4e       	sbci	r31, 0xEF	; 239
    2e44:	60 81       	ld	r22, Z
    2e46:	69 30       	cpi	r22, 0x09	; 9
    2e48:	b1 f0       	breq	.+44     	; 0x2e76 <UART_Process_Input+0x76>
    2e4a:	60 81       	ld	r22, Z
    2e4c:	61 11       	cpse	r22, r1
    2e4e:	05 c0       	rjmp	.+10     	; 0x2e5a <UART_Process_Input+0x5a>
    2e50:	fa 01       	movw	r30, r20
    2e52:	e8 0f       	add	r30, r24
    2e54:	f1 1d       	adc	r31, r1
    2e56:	10 82       	st	Z, r1
    2e58:	32 c0       	rjmp	.+100    	; 0x2ebe <UART_Process_Input+0xbe>
    2e5a:	80 91 94 0f 	lds	r24, 0x0F94	; 0x800f94 <UART_Comand_L>
    2e5e:	98 17       	cp	r25, r24
    2e60:	a8 f5       	brcc	.+106    	; 0x2ecc <UART_Process_Input+0xcc>
    2e62:	80 81       	ld	r24, Z
    2e64:	8d 93       	st	X+, r24
    2e66:	2f 5f       	subi	r18, 0xFF	; 255
    2e68:	3f 4f       	sbci	r19, 0xFF	; 255
    2e6a:	27 31       	cpi	r18, 0x17	; 23
    2e6c:	31 05       	cpc	r19, r1
    2e6e:	21 f7       	brne	.-56     	; 0x2e38 <UART_Process_Input+0x38>
    2e70:	86 e6       	ldi	r24, 0x66	; 102
    2e72:	92 e0       	ldi	r25, 0x02	; 2
    2e74:	1c c0       	rjmp	.+56     	; 0x2eae <UART_Process_Input+0xae>
    2e76:	fa 01       	movw	r30, r20
    2e78:	e8 0f       	add	r30, r24
    2e7a:	f1 1d       	adc	r31, r1
    2e7c:	10 82       	st	Z, r1
    2e7e:	20 91 94 0f 	lds	r18, 0x0F94	; 0x800f94 <UART_Comand_L>
    2e82:	28 17       	cp	r18, r24
    2e84:	e0 f0       	brcs	.+56     	; 0x2ebe <UART_Process_Input+0xbe>
    2e86:	9f 5f       	subi	r25, 0xFF	; 255
    2e88:	de 01       	movw	r26, r28
    2e8a:	11 96       	adiw	r26, 0x01	; 1
    2e8c:	20 e0       	ldi	r18, 0x00	; 0
    2e8e:	bd 01       	movw	r22, r26
    2e90:	e9 2f       	mov	r30, r25
    2e92:	f0 e0       	ldi	r31, 0x00	; 0
    2e94:	e0 5f       	subi	r30, 0xF0	; 240
    2e96:	ff 4e       	sbci	r31, 0xEF	; 239
    2e98:	80 81       	ld	r24, Z
    2e9a:	88 23       	and	r24, r24
    2e9c:	59 f0       	breq	.+22     	; 0x2eb4 <UART_Process_Input+0xb4>
    2e9e:	80 81       	ld	r24, Z
    2ea0:	8d 93       	st	X+, r24
    2ea2:	9f 5f       	subi	r25, 0xFF	; 255
    2ea4:	2f 5f       	subi	r18, 0xFF	; 255
    2ea6:	25 36       	cpi	r18, 0x65	; 101
    2ea8:	99 f7       	brne	.-26     	; 0x2e90 <UART_Process_Input+0x90>
    2eaa:	8f e6       	ldi	r24, 0x6F	; 111
    2eac:	92 e0       	ldi	r25, 0x02	; 2
    2eae:	0e 94 1d 0b 	call	0x163a	; 0x163a <UART_WriteString>
    2eb2:	0c c0       	rjmp	.+24     	; 0x2ecc <UART_Process_Input+0xcc>
    2eb4:	fb 01       	movw	r30, r22
    2eb6:	e2 0f       	add	r30, r18
    2eb8:	f1 1d       	adc	r31, r1
    2eba:	10 82       	st	Z, r1
    2ebc:	01 c0       	rjmp	.+2      	; 0x2ec0 <UART_Process_Input+0xc0>
    2ebe:	19 82       	std	Y+1, r1	; 0x01
    2ec0:	be 01       	movw	r22, r28
    2ec2:	6f 5f       	subi	r22, 0xFF	; 255
    2ec4:	7f 4f       	sbci	r23, 0xFF	; 255
    2ec6:	ca 01       	movw	r24, r20
    2ec8:	0e 94 b6 0c 	call	0x196c	; 0x196c <UART_Execute_Command>
    2ecc:	c4 58       	subi	r28, 0x84	; 132
    2ece:	df 4f       	sbci	r29, 0xFF	; 255
    2ed0:	0f b6       	in	r0, 0x3f	; 63
    2ed2:	f8 94       	cli
    2ed4:	de bf       	out	0x3e, r29	; 62
    2ed6:	0f be       	out	0x3f, r0	; 63
    2ed8:	cd bf       	out	0x3d, r28	; 61
    2eda:	df 91       	pop	r29
    2edc:	cf 91       	pop	r28
    2ede:	08 95       	ret

00002ee0 <StringToFloat>:
    2ee0:	0c 94 e2 4a 	jmp	0x95c4	; 0x95c4 <atof>

00002ee4 <EEPROM_Range_Cal_Set_Scale>:
    2ee4:	cf 93       	push	r28
    2ee6:	df 93       	push	r29
    2ee8:	cd b7       	in	r28, 0x3d	; 61
    2eea:	de b7       	in	r29, 0x3e	; 62
    2eec:	ac 97       	sbiw	r28, 0x2c	; 44
    2eee:	0f b6       	in	r0, 0x3f	; 63
    2ef0:	f8 94       	cli
    2ef2:	de bf       	out	0x3e, r29	; 62
    2ef4:	0f be       	out	0x3f, r0	; 63
    2ef6:	cd bf       	out	0x3d, r28	; 61
    2ef8:	20 91 26 14 	lds	r18, 0x1426	; 0x801426 <SysStatus_A>
    2efc:	21 ff       	sbrs	r18, 1
    2efe:	b1 c0       	rjmp	.+354    	; 0x3062 <EEPROM_Range_Cal_Set_Scale+0x17e>
    2f00:	dc 01       	movw	r26, r24
    2f02:	cb 01       	movw	r24, r22
    2f04:	20 91 ec 14 	lds	r18, 0x14EC	; 0x8014ec <Range_Status_A>
    2f08:	22 ff       	sbrs	r18, 2
    2f0a:	4c c0       	rjmp	.+152    	; 0x2fa4 <EEPROM_Range_Cal_Set_Scale+0xc0>
    2f0c:	20 91 e5 14 	lds	r18, 0x14E5	; 0x8014e5 <Range_Volt_ID_Act>
    2f10:	21 11       	cpse	r18, r1
    2f12:	0b c0       	rjmp	.+22     	; 0x2f2a <EEPROM_Range_Cal_Set_Scale+0x46>
    2f14:	89 a7       	std	Y+41, r24	; 0x29
    2f16:	9a a7       	std	Y+42, r25	; 0x2a
    2f18:	ab a7       	std	Y+43, r26	; 0x2b
    2f1a:	bc a7       	std	Y+44, r27	; 0x2c
    2f1c:	44 e0       	ldi	r20, 0x04	; 4
    2f1e:	50 e0       	ldi	r21, 0x00	; 0
    2f20:	6c e7       	ldi	r22, 0x7C	; 124
    2f22:	71 e0       	ldi	r23, 0x01	; 1
    2f24:	ce 01       	movw	r24, r28
    2f26:	89 96       	adiw	r24, 0x29	; 41
    2f28:	9a c0       	rjmp	.+308    	; 0x305e <EEPROM_Range_Cal_Set_Scale+0x17a>
    2f2a:	20 91 e5 14 	lds	r18, 0x14E5	; 0x8014e5 <Range_Volt_ID_Act>
    2f2e:	21 30       	cpi	r18, 0x01	; 1
    2f30:	59 f4       	brne	.+22     	; 0x2f48 <EEPROM_Range_Cal_Set_Scale+0x64>
    2f32:	8d a3       	std	Y+37, r24	; 0x25
    2f34:	9e a3       	std	Y+38, r25	; 0x26
    2f36:	af a3       	std	Y+39, r26	; 0x27
    2f38:	b8 a7       	std	Y+40, r27	; 0x28
    2f3a:	44 e0       	ldi	r20, 0x04	; 4
    2f3c:	50 e0       	ldi	r21, 0x00	; 0
    2f3e:	6c e6       	ldi	r22, 0x6C	; 108
    2f40:	71 e0       	ldi	r23, 0x01	; 1
    2f42:	ce 01       	movw	r24, r28
    2f44:	85 96       	adiw	r24, 0x25	; 37
    2f46:	8b c0       	rjmp	.+278    	; 0x305e <EEPROM_Range_Cal_Set_Scale+0x17a>
    2f48:	20 91 e5 14 	lds	r18, 0x14E5	; 0x8014e5 <Range_Volt_ID_Act>
    2f4c:	22 30       	cpi	r18, 0x02	; 2
    2f4e:	59 f4       	brne	.+22     	; 0x2f66 <EEPROM_Range_Cal_Set_Scale+0x82>
    2f50:	89 a3       	std	Y+33, r24	; 0x21
    2f52:	9a a3       	std	Y+34, r25	; 0x22
    2f54:	ab a3       	std	Y+35, r26	; 0x23
    2f56:	bc a3       	std	Y+36, r27	; 0x24
    2f58:	44 e0       	ldi	r20, 0x04	; 4
    2f5a:	50 e0       	ldi	r21, 0x00	; 0
    2f5c:	6c e5       	ldi	r22, 0x5C	; 92
    2f5e:	71 e0       	ldi	r23, 0x01	; 1
    2f60:	ce 01       	movw	r24, r28
    2f62:	81 96       	adiw	r24, 0x21	; 33
    2f64:	7c c0       	rjmp	.+248    	; 0x305e <EEPROM_Range_Cal_Set_Scale+0x17a>
    2f66:	20 91 e5 14 	lds	r18, 0x14E5	; 0x8014e5 <Range_Volt_ID_Act>
    2f6a:	23 30       	cpi	r18, 0x03	; 3
    2f6c:	59 f4       	brne	.+22     	; 0x2f84 <EEPROM_Range_Cal_Set_Scale+0xa0>
    2f6e:	8d 8f       	std	Y+29, r24	; 0x1d
    2f70:	9e 8f       	std	Y+30, r25	; 0x1e
    2f72:	af 8f       	std	Y+31, r26	; 0x1f
    2f74:	b8 a3       	std	Y+32, r27	; 0x20
    2f76:	44 e0       	ldi	r20, 0x04	; 4
    2f78:	50 e0       	ldi	r21, 0x00	; 0
    2f7a:	6c e4       	ldi	r22, 0x4C	; 76
    2f7c:	71 e0       	ldi	r23, 0x01	; 1
    2f7e:	ce 01       	movw	r24, r28
    2f80:	4d 96       	adiw	r24, 0x1d	; 29
    2f82:	6d c0       	rjmp	.+218    	; 0x305e <EEPROM_Range_Cal_Set_Scale+0x17a>
    2f84:	20 91 e5 14 	lds	r18, 0x14E5	; 0x8014e5 <Range_Volt_ID_Act>
    2f88:	24 30       	cpi	r18, 0x04	; 4
    2f8a:	09 f0       	breq	.+2      	; 0x2f8e <EEPROM_Range_Cal_Set_Scale+0xaa>
    2f8c:	6a c0       	rjmp	.+212    	; 0x3062 <EEPROM_Range_Cal_Set_Scale+0x17e>
    2f8e:	89 8f       	std	Y+25, r24	; 0x19
    2f90:	9a 8f       	std	Y+26, r25	; 0x1a
    2f92:	ab 8f       	std	Y+27, r26	; 0x1b
    2f94:	bc 8f       	std	Y+28, r27	; 0x1c
    2f96:	44 e0       	ldi	r20, 0x04	; 4
    2f98:	50 e0       	ldi	r21, 0x00	; 0
    2f9a:	6c e3       	ldi	r22, 0x3C	; 60
    2f9c:	71 e0       	ldi	r23, 0x01	; 1
    2f9e:	ce 01       	movw	r24, r28
    2fa0:	49 96       	adiw	r24, 0x19	; 25
    2fa2:	5d c0       	rjmp	.+186    	; 0x305e <EEPROM_Range_Cal_Set_Scale+0x17a>
    2fa4:	20 91 ec 14 	lds	r18, 0x14EC	; 0x8014ec <Range_Status_A>
    2fa8:	23 ff       	sbrs	r18, 3
    2faa:	5b c0       	rjmp	.+182    	; 0x3062 <EEPROM_Range_Cal_Set_Scale+0x17e>
    2fac:	20 91 5c 15 	lds	r18, 0x155C	; 0x80155c <Range_Curr_ID_Act>
    2fb0:	21 11       	cpse	r18, r1
    2fb2:	0b c0       	rjmp	.+22     	; 0x2fca <EEPROM_Range_Cal_Set_Scale+0xe6>
    2fb4:	8d 8b       	std	Y+21, r24	; 0x15
    2fb6:	9e 8b       	std	Y+22, r25	; 0x16
    2fb8:	af 8b       	std	Y+23, r26	; 0x17
    2fba:	b8 8f       	std	Y+24, r27	; 0x18
    2fbc:	44 e0       	ldi	r20, 0x04	; 4
    2fbe:	50 e0       	ldi	r21, 0x00	; 0
    2fc0:	6c e2       	ldi	r22, 0x2C	; 44
    2fc2:	71 e0       	ldi	r23, 0x01	; 1
    2fc4:	ce 01       	movw	r24, r28
    2fc6:	45 96       	adiw	r24, 0x15	; 21
    2fc8:	4a c0       	rjmp	.+148    	; 0x305e <EEPROM_Range_Cal_Set_Scale+0x17a>
    2fca:	20 91 5c 15 	lds	r18, 0x155C	; 0x80155c <Range_Curr_ID_Act>
    2fce:	21 30       	cpi	r18, 0x01	; 1
    2fd0:	59 f4       	brne	.+22     	; 0x2fe8 <EEPROM_Range_Cal_Set_Scale+0x104>
    2fd2:	89 8b       	std	Y+17, r24	; 0x11
    2fd4:	9a 8b       	std	Y+18, r25	; 0x12
    2fd6:	ab 8b       	std	Y+19, r26	; 0x13
    2fd8:	bc 8b       	std	Y+20, r27	; 0x14
    2fda:	44 e0       	ldi	r20, 0x04	; 4
    2fdc:	50 e0       	ldi	r21, 0x00	; 0
    2fde:	60 e2       	ldi	r22, 0x20	; 32
    2fe0:	71 e0       	ldi	r23, 0x01	; 1
    2fe2:	ce 01       	movw	r24, r28
    2fe4:	41 96       	adiw	r24, 0x11	; 17
    2fe6:	3b c0       	rjmp	.+118    	; 0x305e <EEPROM_Range_Cal_Set_Scale+0x17a>
    2fe8:	20 91 5c 15 	lds	r18, 0x155C	; 0x80155c <Range_Curr_ID_Act>
    2fec:	22 30       	cpi	r18, 0x02	; 2
    2fee:	59 f4       	brne	.+22     	; 0x3006 <EEPROM_Range_Cal_Set_Scale+0x122>
    2ff0:	8d 87       	std	Y+13, r24	; 0x0d
    2ff2:	9e 87       	std	Y+14, r25	; 0x0e
    2ff4:	af 87       	std	Y+15, r26	; 0x0f
    2ff6:	b8 8b       	std	Y+16, r27	; 0x10
    2ff8:	44 e0       	ldi	r20, 0x04	; 4
    2ffa:	50 e0       	ldi	r21, 0x00	; 0
    2ffc:	64 e1       	ldi	r22, 0x14	; 20
    2ffe:	71 e0       	ldi	r23, 0x01	; 1
    3000:	ce 01       	movw	r24, r28
    3002:	0d 96       	adiw	r24, 0x0d	; 13
    3004:	2c c0       	rjmp	.+88     	; 0x305e <EEPROM_Range_Cal_Set_Scale+0x17a>
    3006:	20 91 5c 15 	lds	r18, 0x155C	; 0x80155c <Range_Curr_ID_Act>
    300a:	23 30       	cpi	r18, 0x03	; 3
    300c:	59 f4       	brne	.+22     	; 0x3024 <EEPROM_Range_Cal_Set_Scale+0x140>
    300e:	89 87       	std	Y+9, r24	; 0x09
    3010:	9a 87       	std	Y+10, r25	; 0x0a
    3012:	ab 87       	std	Y+11, r26	; 0x0b
    3014:	bc 87       	std	Y+12, r27	; 0x0c
    3016:	44 e0       	ldi	r20, 0x04	; 4
    3018:	50 e0       	ldi	r21, 0x00	; 0
    301a:	68 e0       	ldi	r22, 0x08	; 8
    301c:	71 e0       	ldi	r23, 0x01	; 1
    301e:	ce 01       	movw	r24, r28
    3020:	09 96       	adiw	r24, 0x09	; 9
    3022:	1d c0       	rjmp	.+58     	; 0x305e <EEPROM_Range_Cal_Set_Scale+0x17a>
    3024:	20 91 5c 15 	lds	r18, 0x155C	; 0x80155c <Range_Curr_ID_Act>
    3028:	24 30       	cpi	r18, 0x04	; 4
    302a:	59 f4       	brne	.+22     	; 0x3042 <EEPROM_Range_Cal_Set_Scale+0x15e>
    302c:	8d 83       	std	Y+5, r24	; 0x05
    302e:	9e 83       	std	Y+6, r25	; 0x06
    3030:	af 83       	std	Y+7, r26	; 0x07
    3032:	b8 87       	std	Y+8, r27	; 0x08
    3034:	44 e0       	ldi	r20, 0x04	; 4
    3036:	50 e0       	ldi	r21, 0x00	; 0
    3038:	6c ef       	ldi	r22, 0xFC	; 252
    303a:	70 e0       	ldi	r23, 0x00	; 0
    303c:	ce 01       	movw	r24, r28
    303e:	05 96       	adiw	r24, 0x05	; 5
    3040:	0e c0       	rjmp	.+28     	; 0x305e <EEPROM_Range_Cal_Set_Scale+0x17a>
    3042:	20 91 5c 15 	lds	r18, 0x155C	; 0x80155c <Range_Curr_ID_Act>
    3046:	25 30       	cpi	r18, 0x05	; 5
    3048:	61 f4       	brne	.+24     	; 0x3062 <EEPROM_Range_Cal_Set_Scale+0x17e>
    304a:	89 83       	std	Y+1, r24	; 0x01
    304c:	9a 83       	std	Y+2, r25	; 0x02
    304e:	ab 83       	std	Y+3, r26	; 0x03
    3050:	bc 83       	std	Y+4, r27	; 0x04
    3052:	44 e0       	ldi	r20, 0x04	; 4
    3054:	50 e0       	ldi	r21, 0x00	; 0
    3056:	60 ef       	ldi	r22, 0xF0	; 240
    3058:	70 e0       	ldi	r23, 0x00	; 0
    305a:	ce 01       	movw	r24, r28
    305c:	01 96       	adiw	r24, 0x01	; 1
    305e:	0e 94 14 4e 	call	0x9c28	; 0x9c28 <eeprom_write_block>
    3062:	ac 96       	adiw	r28, 0x2c	; 44
    3064:	0f b6       	in	r0, 0x3f	; 63
    3066:	f8 94       	cli
    3068:	de bf       	out	0x3e, r29	; 62
    306a:	0f be       	out	0x3f, r0	; 63
    306c:	cd bf       	out	0x3d, r28	; 61
    306e:	df 91       	pop	r29
    3070:	cf 91       	pop	r28
    3072:	08 95       	ret

00003074 <EEPROM_Range_Cal_Set_Offset>:
    3074:	cf 93       	push	r28
    3076:	df 93       	push	r29
    3078:	cd b7       	in	r28, 0x3d	; 61
    307a:	de b7       	in	r29, 0x3e	; 62
    307c:	ac 97       	sbiw	r28, 0x2c	; 44
    307e:	0f b6       	in	r0, 0x3f	; 63
    3080:	f8 94       	cli
    3082:	de bf       	out	0x3e, r29	; 62
    3084:	0f be       	out	0x3f, r0	; 63
    3086:	cd bf       	out	0x3d, r28	; 61
    3088:	20 91 26 14 	lds	r18, 0x1426	; 0x801426 <SysStatus_A>
    308c:	21 ff       	sbrs	r18, 1
    308e:	b1 c0       	rjmp	.+354    	; 0x31f2 <EEPROM_Range_Cal_Set_Offset+0x17e>
    3090:	dc 01       	movw	r26, r24
    3092:	cb 01       	movw	r24, r22
    3094:	20 91 ec 14 	lds	r18, 0x14EC	; 0x8014ec <Range_Status_A>
    3098:	22 ff       	sbrs	r18, 2
    309a:	4c c0       	rjmp	.+152    	; 0x3134 <EEPROM_Range_Cal_Set_Offset+0xc0>
    309c:	20 91 e5 14 	lds	r18, 0x14E5	; 0x8014e5 <Range_Volt_ID_Act>
    30a0:	21 11       	cpse	r18, r1
    30a2:	0b c0       	rjmp	.+22     	; 0x30ba <EEPROM_Range_Cal_Set_Offset+0x46>
    30a4:	89 a7       	std	Y+41, r24	; 0x29
    30a6:	9a a7       	std	Y+42, r25	; 0x2a
    30a8:	ab a7       	std	Y+43, r26	; 0x2b
    30aa:	bc a7       	std	Y+44, r27	; 0x2c
    30ac:	44 e0       	ldi	r20, 0x04	; 4
    30ae:	50 e0       	ldi	r21, 0x00	; 0
    30b0:	60 e8       	ldi	r22, 0x80	; 128
    30b2:	71 e0       	ldi	r23, 0x01	; 1
    30b4:	ce 01       	movw	r24, r28
    30b6:	89 96       	adiw	r24, 0x29	; 41
    30b8:	9a c0       	rjmp	.+308    	; 0x31ee <EEPROM_Range_Cal_Set_Offset+0x17a>
    30ba:	20 91 e5 14 	lds	r18, 0x14E5	; 0x8014e5 <Range_Volt_ID_Act>
    30be:	21 30       	cpi	r18, 0x01	; 1
    30c0:	59 f4       	brne	.+22     	; 0x30d8 <EEPROM_Range_Cal_Set_Offset+0x64>
    30c2:	8d a3       	std	Y+37, r24	; 0x25
    30c4:	9e a3       	std	Y+38, r25	; 0x26
    30c6:	af a3       	std	Y+39, r26	; 0x27
    30c8:	b8 a7       	std	Y+40, r27	; 0x28
    30ca:	44 e0       	ldi	r20, 0x04	; 4
    30cc:	50 e0       	ldi	r21, 0x00	; 0
    30ce:	60 e7       	ldi	r22, 0x70	; 112
    30d0:	71 e0       	ldi	r23, 0x01	; 1
    30d2:	ce 01       	movw	r24, r28
    30d4:	85 96       	adiw	r24, 0x25	; 37
    30d6:	8b c0       	rjmp	.+278    	; 0x31ee <EEPROM_Range_Cal_Set_Offset+0x17a>
    30d8:	20 91 e5 14 	lds	r18, 0x14E5	; 0x8014e5 <Range_Volt_ID_Act>
    30dc:	22 30       	cpi	r18, 0x02	; 2
    30de:	59 f4       	brne	.+22     	; 0x30f6 <EEPROM_Range_Cal_Set_Offset+0x82>
    30e0:	89 a3       	std	Y+33, r24	; 0x21
    30e2:	9a a3       	std	Y+34, r25	; 0x22
    30e4:	ab a3       	std	Y+35, r26	; 0x23
    30e6:	bc a3       	std	Y+36, r27	; 0x24
    30e8:	44 e0       	ldi	r20, 0x04	; 4
    30ea:	50 e0       	ldi	r21, 0x00	; 0
    30ec:	60 e6       	ldi	r22, 0x60	; 96
    30ee:	71 e0       	ldi	r23, 0x01	; 1
    30f0:	ce 01       	movw	r24, r28
    30f2:	81 96       	adiw	r24, 0x21	; 33
    30f4:	7c c0       	rjmp	.+248    	; 0x31ee <EEPROM_Range_Cal_Set_Offset+0x17a>
    30f6:	20 91 e5 14 	lds	r18, 0x14E5	; 0x8014e5 <Range_Volt_ID_Act>
    30fa:	23 30       	cpi	r18, 0x03	; 3
    30fc:	59 f4       	brne	.+22     	; 0x3114 <EEPROM_Range_Cal_Set_Offset+0xa0>
    30fe:	8d 8f       	std	Y+29, r24	; 0x1d
    3100:	9e 8f       	std	Y+30, r25	; 0x1e
    3102:	af 8f       	std	Y+31, r26	; 0x1f
    3104:	b8 a3       	std	Y+32, r27	; 0x20
    3106:	44 e0       	ldi	r20, 0x04	; 4
    3108:	50 e0       	ldi	r21, 0x00	; 0
    310a:	60 e5       	ldi	r22, 0x50	; 80
    310c:	71 e0       	ldi	r23, 0x01	; 1
    310e:	ce 01       	movw	r24, r28
    3110:	4d 96       	adiw	r24, 0x1d	; 29
    3112:	6d c0       	rjmp	.+218    	; 0x31ee <EEPROM_Range_Cal_Set_Offset+0x17a>
    3114:	20 91 e5 14 	lds	r18, 0x14E5	; 0x8014e5 <Range_Volt_ID_Act>
    3118:	24 30       	cpi	r18, 0x04	; 4
    311a:	09 f0       	breq	.+2      	; 0x311e <EEPROM_Range_Cal_Set_Offset+0xaa>
    311c:	6a c0       	rjmp	.+212    	; 0x31f2 <EEPROM_Range_Cal_Set_Offset+0x17e>
    311e:	89 8f       	std	Y+25, r24	; 0x19
    3120:	9a 8f       	std	Y+26, r25	; 0x1a
    3122:	ab 8f       	std	Y+27, r26	; 0x1b
    3124:	bc 8f       	std	Y+28, r27	; 0x1c
    3126:	44 e0       	ldi	r20, 0x04	; 4
    3128:	50 e0       	ldi	r21, 0x00	; 0
    312a:	60 e4       	ldi	r22, 0x40	; 64
    312c:	71 e0       	ldi	r23, 0x01	; 1
    312e:	ce 01       	movw	r24, r28
    3130:	49 96       	adiw	r24, 0x19	; 25
    3132:	5d c0       	rjmp	.+186    	; 0x31ee <EEPROM_Range_Cal_Set_Offset+0x17a>
    3134:	20 91 ec 14 	lds	r18, 0x14EC	; 0x8014ec <Range_Status_A>
    3138:	23 ff       	sbrs	r18, 3
    313a:	5b c0       	rjmp	.+182    	; 0x31f2 <EEPROM_Range_Cal_Set_Offset+0x17e>
    313c:	20 91 5c 15 	lds	r18, 0x155C	; 0x80155c <Range_Curr_ID_Act>
    3140:	21 11       	cpse	r18, r1
    3142:	0b c0       	rjmp	.+22     	; 0x315a <EEPROM_Range_Cal_Set_Offset+0xe6>
    3144:	8d 8b       	std	Y+21, r24	; 0x15
    3146:	9e 8b       	std	Y+22, r25	; 0x16
    3148:	af 8b       	std	Y+23, r26	; 0x17
    314a:	b8 8f       	std	Y+24, r27	; 0x18
    314c:	44 e0       	ldi	r20, 0x04	; 4
    314e:	50 e0       	ldi	r21, 0x00	; 0
    3150:	60 e3       	ldi	r22, 0x30	; 48
    3152:	71 e0       	ldi	r23, 0x01	; 1
    3154:	ce 01       	movw	r24, r28
    3156:	45 96       	adiw	r24, 0x15	; 21
    3158:	4a c0       	rjmp	.+148    	; 0x31ee <EEPROM_Range_Cal_Set_Offset+0x17a>
    315a:	20 91 5c 15 	lds	r18, 0x155C	; 0x80155c <Range_Curr_ID_Act>
    315e:	21 30       	cpi	r18, 0x01	; 1
    3160:	59 f4       	brne	.+22     	; 0x3178 <EEPROM_Range_Cal_Set_Offset+0x104>
    3162:	89 8b       	std	Y+17, r24	; 0x11
    3164:	9a 8b       	std	Y+18, r25	; 0x12
    3166:	ab 8b       	std	Y+19, r26	; 0x13
    3168:	bc 8b       	std	Y+20, r27	; 0x14
    316a:	44 e0       	ldi	r20, 0x04	; 4
    316c:	50 e0       	ldi	r21, 0x00	; 0
    316e:	64 e2       	ldi	r22, 0x24	; 36
    3170:	71 e0       	ldi	r23, 0x01	; 1
    3172:	ce 01       	movw	r24, r28
    3174:	41 96       	adiw	r24, 0x11	; 17
    3176:	3b c0       	rjmp	.+118    	; 0x31ee <EEPROM_Range_Cal_Set_Offset+0x17a>
    3178:	20 91 5c 15 	lds	r18, 0x155C	; 0x80155c <Range_Curr_ID_Act>
    317c:	22 30       	cpi	r18, 0x02	; 2
    317e:	59 f4       	brne	.+22     	; 0x3196 <EEPROM_Range_Cal_Set_Offset+0x122>
    3180:	8d 87       	std	Y+13, r24	; 0x0d
    3182:	9e 87       	std	Y+14, r25	; 0x0e
    3184:	af 87       	std	Y+15, r26	; 0x0f
    3186:	b8 8b       	std	Y+16, r27	; 0x10
    3188:	44 e0       	ldi	r20, 0x04	; 4
    318a:	50 e0       	ldi	r21, 0x00	; 0
    318c:	68 e1       	ldi	r22, 0x18	; 24
    318e:	71 e0       	ldi	r23, 0x01	; 1
    3190:	ce 01       	movw	r24, r28
    3192:	0d 96       	adiw	r24, 0x0d	; 13
    3194:	2c c0       	rjmp	.+88     	; 0x31ee <EEPROM_Range_Cal_Set_Offset+0x17a>
    3196:	20 91 5c 15 	lds	r18, 0x155C	; 0x80155c <Range_Curr_ID_Act>
    319a:	23 30       	cpi	r18, 0x03	; 3
    319c:	59 f4       	brne	.+22     	; 0x31b4 <EEPROM_Range_Cal_Set_Offset+0x140>
    319e:	89 87       	std	Y+9, r24	; 0x09
    31a0:	9a 87       	std	Y+10, r25	; 0x0a
    31a2:	ab 87       	std	Y+11, r26	; 0x0b
    31a4:	bc 87       	std	Y+12, r27	; 0x0c
    31a6:	44 e0       	ldi	r20, 0x04	; 4
    31a8:	50 e0       	ldi	r21, 0x00	; 0
    31aa:	6c e0       	ldi	r22, 0x0C	; 12
    31ac:	71 e0       	ldi	r23, 0x01	; 1
    31ae:	ce 01       	movw	r24, r28
    31b0:	09 96       	adiw	r24, 0x09	; 9
    31b2:	1d c0       	rjmp	.+58     	; 0x31ee <EEPROM_Range_Cal_Set_Offset+0x17a>
    31b4:	20 91 5c 15 	lds	r18, 0x155C	; 0x80155c <Range_Curr_ID_Act>
    31b8:	24 30       	cpi	r18, 0x04	; 4
    31ba:	59 f4       	brne	.+22     	; 0x31d2 <EEPROM_Range_Cal_Set_Offset+0x15e>
    31bc:	8d 83       	std	Y+5, r24	; 0x05
    31be:	9e 83       	std	Y+6, r25	; 0x06
    31c0:	af 83       	std	Y+7, r26	; 0x07
    31c2:	b8 87       	std	Y+8, r27	; 0x08
    31c4:	44 e0       	ldi	r20, 0x04	; 4
    31c6:	50 e0       	ldi	r21, 0x00	; 0
    31c8:	60 e0       	ldi	r22, 0x00	; 0
    31ca:	71 e0       	ldi	r23, 0x01	; 1
    31cc:	ce 01       	movw	r24, r28
    31ce:	05 96       	adiw	r24, 0x05	; 5
    31d0:	0e c0       	rjmp	.+28     	; 0x31ee <EEPROM_Range_Cal_Set_Offset+0x17a>
    31d2:	20 91 5c 15 	lds	r18, 0x155C	; 0x80155c <Range_Curr_ID_Act>
    31d6:	25 30       	cpi	r18, 0x05	; 5
    31d8:	61 f4       	brne	.+24     	; 0x31f2 <EEPROM_Range_Cal_Set_Offset+0x17e>
    31da:	89 83       	std	Y+1, r24	; 0x01
    31dc:	9a 83       	std	Y+2, r25	; 0x02
    31de:	ab 83       	std	Y+3, r26	; 0x03
    31e0:	bc 83       	std	Y+4, r27	; 0x04
    31e2:	44 e0       	ldi	r20, 0x04	; 4
    31e4:	50 e0       	ldi	r21, 0x00	; 0
    31e6:	64 ef       	ldi	r22, 0xF4	; 244
    31e8:	70 e0       	ldi	r23, 0x00	; 0
    31ea:	ce 01       	movw	r24, r28
    31ec:	01 96       	adiw	r24, 0x01	; 1
    31ee:	0e 94 14 4e 	call	0x9c28	; 0x9c28 <eeprom_write_block>
    31f2:	ac 96       	adiw	r28, 0x2c	; 44
    31f4:	0f b6       	in	r0, 0x3f	; 63
    31f6:	f8 94       	cli
    31f8:	de bf       	out	0x3e, r29	; 62
    31fa:	0f be       	out	0x3f, r0	; 63
    31fc:	cd bf       	out	0x3d, r28	; 61
    31fe:	df 91       	pop	r29
    3200:	cf 91       	pop	r28
    3202:	08 95       	ret

00003204 <COM_EROM_ACCESS_FLOAT>:
    3204:	cf 92       	push	r12
    3206:	df 92       	push	r13
    3208:	ef 92       	push	r14
    320a:	ff 92       	push	r15
    320c:	0f 93       	push	r16
    320e:	1f 93       	push	r17
    3210:	cf 93       	push	r28
    3212:	df 93       	push	r29
    3214:	00 d0       	rcall	.+0      	; 0x3216 <COM_EROM_ACCESS_FLOAT+0x12>
    3216:	00 d0       	rcall	.+0      	; 0x3218 <COM_EROM_ACCESS_FLOAT+0x14>
    3218:	cd b7       	in	r28, 0x3d	; 61
    321a:	de b7       	in	r29, 0x3e	; 62
    321c:	7c 01       	movw	r14, r24
    321e:	8a 01       	movw	r16, r20
    3220:	69 01       	movw	r12, r18
    3222:	61 30       	cpi	r22, 0x01	; 1
    3224:	69 f4       	brne	.+26     	; 0x3240 <COM_EROM_ACCESS_FLOAT+0x3c>
    3226:	ca 01       	movw	r24, r20
    3228:	5b de       	rcall	.-842    	; 0x2ee0 <StringToFloat>
    322a:	69 83       	std	Y+1, r22	; 0x01
    322c:	7a 83       	std	Y+2, r23	; 0x02
    322e:	8b 83       	std	Y+3, r24	; 0x03
    3230:	9c 83       	std	Y+4, r25	; 0x04
    3232:	44 e0       	ldi	r20, 0x04	; 4
    3234:	50 e0       	ldi	r21, 0x00	; 0
    3236:	b7 01       	movw	r22, r14
    3238:	ce 01       	movw	r24, r28
    323a:	01 96       	adiw	r24, 0x01	; 1
    323c:	0e 94 14 4e 	call	0x9c28	; 0x9c28 <eeprom_write_block>
    3240:	44 e0       	ldi	r20, 0x04	; 4
    3242:	50 e0       	ldi	r21, 0x00	; 0
    3244:	b7 01       	movw	r22, r14
    3246:	ce 01       	movw	r24, r28
    3248:	01 96       	adiw	r24, 0x01	; 1
    324a:	0e 94 fc 4d 	call	0x9bf8	; 0x9bf8 <eeprom_read_block>
    324e:	49 81       	ldd	r20, Y+1	; 0x01
    3250:	5a 81       	ldd	r21, Y+2	; 0x02
    3252:	6b 81       	ldd	r22, Y+3	; 0x03
    3254:	7c 81       	ldd	r23, Y+4	; 0x04
    3256:	c8 01       	movw	r24, r16
    3258:	0e 94 3c 0c 	call	0x1878	; 0x1878 <FloatToString>
    325c:	b8 01       	movw	r22, r16
    325e:	c6 01       	movw	r24, r12
    3260:	0e 94 1a 0c 	call	0x1834	; 0x1834 <AddEnd_String>
    3264:	0f 90       	pop	r0
    3266:	0f 90       	pop	r0
    3268:	0f 90       	pop	r0
    326a:	0f 90       	pop	r0
    326c:	df 91       	pop	r29
    326e:	cf 91       	pop	r28
    3270:	1f 91       	pop	r17
    3272:	0f 91       	pop	r16
    3274:	ff 90       	pop	r15
    3276:	ef 90       	pop	r14
    3278:	df 90       	pop	r13
    327a:	cf 90       	pop	r12
    327c:	08 95       	ret

0000327e <COM_EROM_ACCESS_UINT8>:
    327e:	ef 92       	push	r14
    3280:	ff 92       	push	r15
    3282:	0f 93       	push	r16
    3284:	1f 93       	push	r17
    3286:	cf 93       	push	r28
    3288:	df 93       	push	r29
    328a:	8c 01       	movw	r16, r24
    328c:	ea 01       	movw	r28, r20
    328e:	79 01       	movw	r14, r18
    3290:	61 30       	cpi	r22, 0x01	; 1
    3292:	89 f4       	brne	.+34     	; 0x32b6 <COM_EROM_ACCESS_UINT8+0x38>
    3294:	ca 01       	movw	r24, r20
    3296:	0e 94 02 4b 	call	0x9604	; 0x9604 <atol>
    329a:	6f 3f       	cpi	r22, 0xFF	; 255
    329c:	71 05       	cpc	r23, r1
    329e:	81 05       	cpc	r24, r1
    32a0:	91 05       	cpc	r25, r1
    32a2:	09 f0       	breq	.+2      	; 0x32a6 <COM_EROM_ACCESS_UINT8+0x28>
    32a4:	24 f4       	brge	.+8      	; 0x32ae <COM_EROM_ACCESS_UINT8+0x30>
    32a6:	97 ff       	sbrs	r25, 7
    32a8:	03 c0       	rjmp	.+6      	; 0x32b0 <COM_EROM_ACCESS_UINT8+0x32>
    32aa:	60 e0       	ldi	r22, 0x00	; 0
    32ac:	01 c0       	rjmp	.+2      	; 0x32b0 <COM_EROM_ACCESS_UINT8+0x32>
    32ae:	6f ef       	ldi	r22, 0xFF	; 255
    32b0:	c8 01       	movw	r24, r16
    32b2:	0e 94 1d 4e 	call	0x9c3a	; 0x9c3a <eeprom_write_byte>
    32b6:	c8 01       	movw	r24, r16
    32b8:	0e 94 0c 4e 	call	0x9c18	; 0x9c18 <eeprom_read_byte>
    32bc:	4a e0       	ldi	r20, 0x0A	; 10
    32be:	be 01       	movw	r22, r28
    32c0:	90 e0       	ldi	r25, 0x00	; 0
    32c2:	0e 94 07 4c 	call	0x980e	; 0x980e <__itoa_ncheck>
    32c6:	be 01       	movw	r22, r28
    32c8:	c7 01       	movw	r24, r14
    32ca:	df 91       	pop	r29
    32cc:	cf 91       	pop	r28
    32ce:	1f 91       	pop	r17
    32d0:	0f 91       	pop	r16
    32d2:	ff 90       	pop	r15
    32d4:	ef 90       	pop	r14
    32d6:	0c 94 1a 0c 	jmp	0x1834	; 0x1834 <AddEnd_String>

000032da <COM_EROM_ACCESS_UINT16>:
    32da:	cf 92       	push	r12
    32dc:	df 92       	push	r13
    32de:	ef 92       	push	r14
    32e0:	ff 92       	push	r15
    32e2:	0f 93       	push	r16
    32e4:	1f 93       	push	r17
    32e6:	cf 93       	push	r28
    32e8:	df 93       	push	r29
    32ea:	00 d0       	rcall	.+0      	; 0x32ec <COM_EROM_ACCESS_UINT16+0x12>
    32ec:	cd b7       	in	r28, 0x3d	; 61
    32ee:	de b7       	in	r29, 0x3e	; 62
    32f0:	6c 01       	movw	r12, r24
    32f2:	8a 01       	movw	r16, r20
    32f4:	79 01       	movw	r14, r18
    32f6:	61 30       	cpi	r22, 0x01	; 1
    32f8:	e1 f4       	brne	.+56     	; 0x3332 <COM_EROM_ACCESS_UINT16+0x58>
    32fa:	ca 01       	movw	r24, r20
    32fc:	0e 94 02 4b 	call	0x9604	; 0x9604 <atol>
    3300:	61 15       	cp	r22, r1
    3302:	71 05       	cpc	r23, r1
    3304:	21 e0       	ldi	r18, 0x01	; 1
    3306:	82 07       	cpc	r24, r18
    3308:	91 05       	cpc	r25, r1
    330a:	2c f0       	brlt	.+10     	; 0x3316 <COM_EROM_ACCESS_UINT16+0x3c>
    330c:	8f ef       	ldi	r24, 0xFF	; 255
    330e:	9f ef       	ldi	r25, 0xFF	; 255
    3310:	9a 83       	std	Y+2, r25	; 0x02
    3312:	89 83       	std	Y+1, r24	; 0x01
    3314:	07 c0       	rjmp	.+14     	; 0x3324 <COM_EROM_ACCESS_UINT16+0x4a>
    3316:	97 ff       	sbrs	r25, 7
    3318:	03 c0       	rjmp	.+6      	; 0x3320 <COM_EROM_ACCESS_UINT16+0x46>
    331a:	1a 82       	std	Y+2, r1	; 0x02
    331c:	19 82       	std	Y+1, r1	; 0x01
    331e:	02 c0       	rjmp	.+4      	; 0x3324 <COM_EROM_ACCESS_UINT16+0x4a>
    3320:	7a 83       	std	Y+2, r23	; 0x02
    3322:	69 83       	std	Y+1, r22	; 0x01
    3324:	42 e0       	ldi	r20, 0x02	; 2
    3326:	50 e0       	ldi	r21, 0x00	; 0
    3328:	b6 01       	movw	r22, r12
    332a:	ce 01       	movw	r24, r28
    332c:	01 96       	adiw	r24, 0x01	; 1
    332e:	0e 94 14 4e 	call	0x9c28	; 0x9c28 <eeprom_write_block>
    3332:	42 e0       	ldi	r20, 0x02	; 2
    3334:	50 e0       	ldi	r21, 0x00	; 0
    3336:	b6 01       	movw	r22, r12
    3338:	ce 01       	movw	r24, r28
    333a:	01 96       	adiw	r24, 0x01	; 1
    333c:	0e 94 fc 4d 	call	0x9bf8	; 0x9bf8 <eeprom_read_block>
    3340:	69 81       	ldd	r22, Y+1	; 0x01
    3342:	7a 81       	ldd	r23, Y+2	; 0x02
    3344:	80 e0       	ldi	r24, 0x00	; 0
    3346:	90 e0       	ldi	r25, 0x00	; 0
    3348:	2a e0       	ldi	r18, 0x0A	; 10
    334a:	a8 01       	movw	r20, r16
    334c:	0e 94 11 4c 	call	0x9822	; 0x9822 <__ltoa_ncheck>
    3350:	b8 01       	movw	r22, r16
    3352:	c7 01       	movw	r24, r14
    3354:	0e 94 1a 0c 	call	0x1834	; 0x1834 <AddEnd_String>
    3358:	0f 90       	pop	r0
    335a:	0f 90       	pop	r0
    335c:	df 91       	pop	r29
    335e:	cf 91       	pop	r28
    3360:	1f 91       	pop	r17
    3362:	0f 91       	pop	r16
    3364:	ff 90       	pop	r15
    3366:	ef 90       	pop	r14
    3368:	df 90       	pop	r13
    336a:	cf 90       	pop	r12
    336c:	08 95       	ret

0000336e <EEPROM_READ_FLOAT>:
    336e:	cf 93       	push	r28
    3370:	df 93       	push	r29
    3372:	00 d0       	rcall	.+0      	; 0x3374 <EEPROM_READ_FLOAT+0x6>
    3374:	00 d0       	rcall	.+0      	; 0x3376 <EEPROM_READ_FLOAT+0x8>
    3376:	cd b7       	in	r28, 0x3d	; 61
    3378:	de b7       	in	r29, 0x3e	; 62
    337a:	44 e0       	ldi	r20, 0x04	; 4
    337c:	50 e0       	ldi	r21, 0x00	; 0
    337e:	bc 01       	movw	r22, r24
    3380:	ce 01       	movw	r24, r28
    3382:	01 96       	adiw	r24, 0x01	; 1
    3384:	0e 94 fc 4d 	call	0x9bf8	; 0x9bf8 <eeprom_read_block>
    3388:	69 81       	ldd	r22, Y+1	; 0x01
    338a:	7a 81       	ldd	r23, Y+2	; 0x02
    338c:	8b 81       	ldd	r24, Y+3	; 0x03
    338e:	9c 81       	ldd	r25, Y+4	; 0x04
    3390:	0f 90       	pop	r0
    3392:	0f 90       	pop	r0
    3394:	0f 90       	pop	r0
    3396:	0f 90       	pop	r0
    3398:	df 91       	pop	r29
    339a:	cf 91       	pop	r28
    339c:	08 95       	ret

0000339e <EEPROM_LOAD_VOLTAGE_RANGE>:
    339e:	90 91 32 14 	lds	r25, 0x1432	; 0x801432 <EEMEM_Written>
    33a2:	95 3a       	cpi	r25, 0xA5	; 165
    33a4:	09 f0       	breq	.+2      	; 0x33a8 <EEPROM_LOAD_VOLTAGE_RANGE+0xa>
    33a6:	c5 c0       	rjmp	.+394    	; 0x3532 <EEPROM_LOAD_VOLTAGE_RANGE+0x194>
    33a8:	81 11       	cpse	r24, r1
    33aa:	24 c0       	rjmp	.+72     	; 0x33f4 <EEPROM_LOAD_VOLTAGE_RANGE+0x56>
    33ac:	80 e8       	ldi	r24, 0x80	; 128
    33ae:	91 e0       	ldi	r25, 0x01	; 1
    33b0:	de df       	rcall	.-68     	; 0x336e <EEPROM_READ_FLOAT>
    33b2:	60 93 64 15 	sts	0x1564, r22	; 0x801564 <AI_Volt_Offset>
    33b6:	70 93 65 15 	sts	0x1565, r23	; 0x801565 <AI_Volt_Offset+0x1>
    33ba:	80 93 66 15 	sts	0x1566, r24	; 0x801566 <AI_Volt_Offset+0x2>
    33be:	90 93 67 15 	sts	0x1567, r25	; 0x801567 <AI_Volt_Offset+0x3>
    33c2:	8c e7       	ldi	r24, 0x7C	; 124
    33c4:	91 e0       	ldi	r25, 0x01	; 1
    33c6:	d3 df       	rcall	.-90     	; 0x336e <EEPROM_READ_FLOAT>
    33c8:	60 93 13 15 	sts	0x1513, r22	; 0x801513 <AI_Volt_Scale>
    33cc:	70 93 14 15 	sts	0x1514, r23	; 0x801514 <AI_Volt_Scale+0x1>
    33d0:	80 93 15 15 	sts	0x1515, r24	; 0x801515 <AI_Volt_Scale+0x2>
    33d4:	90 93 16 15 	sts	0x1516, r25	; 0x801516 <AI_Volt_Scale+0x3>
    33d8:	84 e7       	ldi	r24, 0x74	; 116
    33da:	91 e0       	ldi	r25, 0x01	; 1
    33dc:	c8 df       	rcall	.-112    	; 0x336e <EEPROM_READ_FLOAT>
    33de:	60 93 08 15 	sts	0x1508, r22	; 0x801508 <AI_Volt_R_Leak>
    33e2:	70 93 09 15 	sts	0x1509, r23	; 0x801509 <AI_Volt_R_Leak+0x1>
    33e6:	80 93 0a 15 	sts	0x150A, r24	; 0x80150a <AI_Volt_R_Leak+0x2>
    33ea:	90 93 0b 15 	sts	0x150B, r25	; 0x80150b <AI_Volt_R_Leak+0x3>
    33ee:	88 e7       	ldi	r24, 0x78	; 120
    33f0:	91 e0       	ldi	r25, 0x01	; 1
    33f2:	25 c0       	rjmp	.+74     	; 0x343e <EEPROM_LOAD_VOLTAGE_RANGE+0xa0>
    33f4:	81 30       	cpi	r24, 0x01	; 1
    33f6:	69 f5       	brne	.+90     	; 0x3452 <EEPROM_LOAD_VOLTAGE_RANGE+0xb4>
    33f8:	80 e7       	ldi	r24, 0x70	; 112
    33fa:	91 e0       	ldi	r25, 0x01	; 1
    33fc:	b8 df       	rcall	.-144    	; 0x336e <EEPROM_READ_FLOAT>
    33fe:	60 93 64 15 	sts	0x1564, r22	; 0x801564 <AI_Volt_Offset>
    3402:	70 93 65 15 	sts	0x1565, r23	; 0x801565 <AI_Volt_Offset+0x1>
    3406:	80 93 66 15 	sts	0x1566, r24	; 0x801566 <AI_Volt_Offset+0x2>
    340a:	90 93 67 15 	sts	0x1567, r25	; 0x801567 <AI_Volt_Offset+0x3>
    340e:	8c e6       	ldi	r24, 0x6C	; 108
    3410:	91 e0       	ldi	r25, 0x01	; 1
    3412:	ad df       	rcall	.-166    	; 0x336e <EEPROM_READ_FLOAT>
    3414:	60 93 13 15 	sts	0x1513, r22	; 0x801513 <AI_Volt_Scale>
    3418:	70 93 14 15 	sts	0x1514, r23	; 0x801514 <AI_Volt_Scale+0x1>
    341c:	80 93 15 15 	sts	0x1515, r24	; 0x801515 <AI_Volt_Scale+0x2>
    3420:	90 93 16 15 	sts	0x1516, r25	; 0x801516 <AI_Volt_Scale+0x3>
    3424:	84 e6       	ldi	r24, 0x64	; 100
    3426:	91 e0       	ldi	r25, 0x01	; 1
    3428:	a2 df       	rcall	.-188    	; 0x336e <EEPROM_READ_FLOAT>
    342a:	60 93 08 15 	sts	0x1508, r22	; 0x801508 <AI_Volt_R_Leak>
    342e:	70 93 09 15 	sts	0x1509, r23	; 0x801509 <AI_Volt_R_Leak+0x1>
    3432:	80 93 0a 15 	sts	0x150A, r24	; 0x80150a <AI_Volt_R_Leak+0x2>
    3436:	90 93 0b 15 	sts	0x150B, r25	; 0x80150b <AI_Volt_R_Leak+0x3>
    343a:	88 e6       	ldi	r24, 0x68	; 104
    343c:	91 e0       	ldi	r25, 0x01	; 1
    343e:	97 df       	rcall	.-210    	; 0x336e <EEPROM_READ_FLOAT>
    3440:	60 93 60 15 	sts	0x1560, r22	; 0x801560 <AI_Volt_Range_Val>
    3444:	70 93 61 15 	sts	0x1561, r23	; 0x801561 <AI_Volt_Range_Val+0x1>
    3448:	80 93 62 15 	sts	0x1562, r24	; 0x801562 <AI_Volt_Range_Val+0x2>
    344c:	90 93 63 15 	sts	0x1563, r25	; 0x801563 <AI_Volt_Range_Val+0x3>
    3450:	94 c0       	rjmp	.+296    	; 0x357a <EEPROM_LOAD_VOLTAGE_RANGE+0x1dc>
    3452:	82 30       	cpi	r24, 0x02	; 2
    3454:	21 f5       	brne	.+72     	; 0x349e <EEPROM_LOAD_VOLTAGE_RANGE+0x100>
    3456:	80 e6       	ldi	r24, 0x60	; 96
    3458:	91 e0       	ldi	r25, 0x01	; 1
    345a:	89 df       	rcall	.-238    	; 0x336e <EEPROM_READ_FLOAT>
    345c:	60 93 64 15 	sts	0x1564, r22	; 0x801564 <AI_Volt_Offset>
    3460:	70 93 65 15 	sts	0x1565, r23	; 0x801565 <AI_Volt_Offset+0x1>
    3464:	80 93 66 15 	sts	0x1566, r24	; 0x801566 <AI_Volt_Offset+0x2>
    3468:	90 93 67 15 	sts	0x1567, r25	; 0x801567 <AI_Volt_Offset+0x3>
    346c:	8c e5       	ldi	r24, 0x5C	; 92
    346e:	91 e0       	ldi	r25, 0x01	; 1
    3470:	7e df       	rcall	.-260    	; 0x336e <EEPROM_READ_FLOAT>
    3472:	60 93 13 15 	sts	0x1513, r22	; 0x801513 <AI_Volt_Scale>
    3476:	70 93 14 15 	sts	0x1514, r23	; 0x801514 <AI_Volt_Scale+0x1>
    347a:	80 93 15 15 	sts	0x1515, r24	; 0x801515 <AI_Volt_Scale+0x2>
    347e:	90 93 16 15 	sts	0x1516, r25	; 0x801516 <AI_Volt_Scale+0x3>
    3482:	84 e5       	ldi	r24, 0x54	; 84
    3484:	91 e0       	ldi	r25, 0x01	; 1
    3486:	73 df       	rcall	.-282    	; 0x336e <EEPROM_READ_FLOAT>
    3488:	60 93 08 15 	sts	0x1508, r22	; 0x801508 <AI_Volt_R_Leak>
    348c:	70 93 09 15 	sts	0x1509, r23	; 0x801509 <AI_Volt_R_Leak+0x1>
    3490:	80 93 0a 15 	sts	0x150A, r24	; 0x80150a <AI_Volt_R_Leak+0x2>
    3494:	90 93 0b 15 	sts	0x150B, r25	; 0x80150b <AI_Volt_R_Leak+0x3>
    3498:	88 e5       	ldi	r24, 0x58	; 88
    349a:	91 e0       	ldi	r25, 0x01	; 1
    349c:	d0 cf       	rjmp	.-96     	; 0x343e <EEPROM_LOAD_VOLTAGE_RANGE+0xa0>
    349e:	83 30       	cpi	r24, 0x03	; 3
    34a0:	21 f5       	brne	.+72     	; 0x34ea <EEPROM_LOAD_VOLTAGE_RANGE+0x14c>
    34a2:	80 e5       	ldi	r24, 0x50	; 80
    34a4:	91 e0       	ldi	r25, 0x01	; 1
    34a6:	63 df       	rcall	.-314    	; 0x336e <EEPROM_READ_FLOAT>
    34a8:	60 93 64 15 	sts	0x1564, r22	; 0x801564 <AI_Volt_Offset>
    34ac:	70 93 65 15 	sts	0x1565, r23	; 0x801565 <AI_Volt_Offset+0x1>
    34b0:	80 93 66 15 	sts	0x1566, r24	; 0x801566 <AI_Volt_Offset+0x2>
    34b4:	90 93 67 15 	sts	0x1567, r25	; 0x801567 <AI_Volt_Offset+0x3>
    34b8:	8c e4       	ldi	r24, 0x4C	; 76
    34ba:	91 e0       	ldi	r25, 0x01	; 1
    34bc:	58 df       	rcall	.-336    	; 0x336e <EEPROM_READ_FLOAT>
    34be:	60 93 13 15 	sts	0x1513, r22	; 0x801513 <AI_Volt_Scale>
    34c2:	70 93 14 15 	sts	0x1514, r23	; 0x801514 <AI_Volt_Scale+0x1>
    34c6:	80 93 15 15 	sts	0x1515, r24	; 0x801515 <AI_Volt_Scale+0x2>
    34ca:	90 93 16 15 	sts	0x1516, r25	; 0x801516 <AI_Volt_Scale+0x3>
    34ce:	84 e4       	ldi	r24, 0x44	; 68
    34d0:	91 e0       	ldi	r25, 0x01	; 1
    34d2:	4d df       	rcall	.-358    	; 0x336e <EEPROM_READ_FLOAT>
    34d4:	60 93 08 15 	sts	0x1508, r22	; 0x801508 <AI_Volt_R_Leak>
    34d8:	70 93 09 15 	sts	0x1509, r23	; 0x801509 <AI_Volt_R_Leak+0x1>
    34dc:	80 93 0a 15 	sts	0x150A, r24	; 0x80150a <AI_Volt_R_Leak+0x2>
    34e0:	90 93 0b 15 	sts	0x150B, r25	; 0x80150b <AI_Volt_R_Leak+0x3>
    34e4:	88 e4       	ldi	r24, 0x48	; 72
    34e6:	91 e0       	ldi	r25, 0x01	; 1
    34e8:	aa cf       	rjmp	.-172    	; 0x343e <EEPROM_LOAD_VOLTAGE_RANGE+0xa0>
    34ea:	80 e4       	ldi	r24, 0x40	; 64
    34ec:	91 e0       	ldi	r25, 0x01	; 1
    34ee:	3f df       	rcall	.-386    	; 0x336e <EEPROM_READ_FLOAT>
    34f0:	60 93 64 15 	sts	0x1564, r22	; 0x801564 <AI_Volt_Offset>
    34f4:	70 93 65 15 	sts	0x1565, r23	; 0x801565 <AI_Volt_Offset+0x1>
    34f8:	80 93 66 15 	sts	0x1566, r24	; 0x801566 <AI_Volt_Offset+0x2>
    34fc:	90 93 67 15 	sts	0x1567, r25	; 0x801567 <AI_Volt_Offset+0x3>
    3500:	8c e3       	ldi	r24, 0x3C	; 60
    3502:	91 e0       	ldi	r25, 0x01	; 1
    3504:	34 df       	rcall	.-408    	; 0x336e <EEPROM_READ_FLOAT>
    3506:	60 93 13 15 	sts	0x1513, r22	; 0x801513 <AI_Volt_Scale>
    350a:	70 93 14 15 	sts	0x1514, r23	; 0x801514 <AI_Volt_Scale+0x1>
    350e:	80 93 15 15 	sts	0x1515, r24	; 0x801515 <AI_Volt_Scale+0x2>
    3512:	90 93 16 15 	sts	0x1516, r25	; 0x801516 <AI_Volt_Scale+0x3>
    3516:	84 e3       	ldi	r24, 0x34	; 52
    3518:	91 e0       	ldi	r25, 0x01	; 1
    351a:	29 df       	rcall	.-430    	; 0x336e <EEPROM_READ_FLOAT>
    351c:	60 93 08 15 	sts	0x1508, r22	; 0x801508 <AI_Volt_R_Leak>
    3520:	70 93 09 15 	sts	0x1509, r23	; 0x801509 <AI_Volt_R_Leak+0x1>
    3524:	80 93 0a 15 	sts	0x150A, r24	; 0x80150a <AI_Volt_R_Leak+0x2>
    3528:	90 93 0b 15 	sts	0x150B, r25	; 0x80150b <AI_Volt_R_Leak+0x3>
    352c:	88 e3       	ldi	r24, 0x38	; 56
    352e:	91 e0       	ldi	r25, 0x01	; 1
    3530:	86 cf       	rjmp	.-244    	; 0x343e <EEPROM_LOAD_VOLTAGE_RANGE+0xa0>
    3532:	10 92 64 15 	sts	0x1564, r1	; 0x801564 <AI_Volt_Offset>
    3536:	10 92 65 15 	sts	0x1565, r1	; 0x801565 <AI_Volt_Offset+0x1>
    353a:	10 92 66 15 	sts	0x1566, r1	; 0x801566 <AI_Volt_Offset+0x2>
    353e:	10 92 67 15 	sts	0x1567, r1	; 0x801567 <AI_Volt_Offset+0x3>
    3542:	80 e0       	ldi	r24, 0x00	; 0
    3544:	90 e0       	ldi	r25, 0x00	; 0
    3546:	a0 e8       	ldi	r26, 0x80	; 128
    3548:	bf e3       	ldi	r27, 0x3F	; 63
    354a:	80 93 13 15 	sts	0x1513, r24	; 0x801513 <AI_Volt_Scale>
    354e:	90 93 14 15 	sts	0x1514, r25	; 0x801514 <AI_Volt_Scale+0x1>
    3552:	a0 93 15 15 	sts	0x1515, r26	; 0x801515 <AI_Volt_Scale+0x2>
    3556:	b0 93 16 15 	sts	0x1516, r27	; 0x801516 <AI_Volt_Scale+0x3>
    355a:	10 92 08 15 	sts	0x1508, r1	; 0x801508 <AI_Volt_R_Leak>
    355e:	10 92 09 15 	sts	0x1509, r1	; 0x801509 <AI_Volt_R_Leak+0x1>
    3562:	10 92 0a 15 	sts	0x150A, r1	; 0x80150a <AI_Volt_R_Leak+0x2>
    3566:	10 92 0b 15 	sts	0x150B, r1	; 0x80150b <AI_Volt_R_Leak+0x3>
    356a:	10 92 60 15 	sts	0x1560, r1	; 0x801560 <AI_Volt_Range_Val>
    356e:	10 92 61 15 	sts	0x1561, r1	; 0x801561 <AI_Volt_Range_Val+0x1>
    3572:	10 92 62 15 	sts	0x1562, r1	; 0x801562 <AI_Volt_Range_Val+0x2>
    3576:	10 92 63 15 	sts	0x1563, r1	; 0x801563 <AI_Volt_Range_Val+0x3>
    357a:	80 91 2b 14 	lds	r24, 0x142B	; 0x80142b <SysControl>
    357e:	87 ff       	sbrs	r24, 7
    3580:	18 c0       	rjmp	.+48     	; 0x35b2 <EEPROM_LOAD_VOLTAGE_RANGE+0x214>
    3582:	80 91 ec 14 	lds	r24, 0x14EC	; 0x8014ec <Range_Status_A>
    3586:	82 ff       	sbrs	r24, 2
    3588:	14 c0       	rjmp	.+40     	; 0x35b2 <EEPROM_LOAD_VOLTAGE_RANGE+0x214>
    358a:	10 92 64 15 	sts	0x1564, r1	; 0x801564 <AI_Volt_Offset>
    358e:	10 92 65 15 	sts	0x1565, r1	; 0x801565 <AI_Volt_Offset+0x1>
    3592:	10 92 66 15 	sts	0x1566, r1	; 0x801566 <AI_Volt_Offset+0x2>
    3596:	10 92 67 15 	sts	0x1567, r1	; 0x801567 <AI_Volt_Offset+0x3>
    359a:	80 e0       	ldi	r24, 0x00	; 0
    359c:	90 e0       	ldi	r25, 0x00	; 0
    359e:	a0 e8       	ldi	r26, 0x80	; 128
    35a0:	bf e3       	ldi	r27, 0x3F	; 63
    35a2:	80 93 13 15 	sts	0x1513, r24	; 0x801513 <AI_Volt_Scale>
    35a6:	90 93 14 15 	sts	0x1514, r25	; 0x801514 <AI_Volt_Scale+0x1>
    35aa:	a0 93 15 15 	sts	0x1515, r26	; 0x801515 <AI_Volt_Scale+0x2>
    35ae:	b0 93 16 15 	sts	0x1516, r27	; 0x801516 <AI_Volt_Scale+0x3>
    35b2:	08 95       	ret

000035b4 <EEPROM_LOAD_CURRENT_RANGE>:
    35b4:	90 91 32 14 	lds	r25, 0x1432	; 0x801432 <EEMEM_Written>
    35b8:	95 3a       	cpi	r25, 0xA5	; 165
    35ba:	09 f0       	breq	.+2      	; 0x35be <EEPROM_LOAD_CURRENT_RANGE+0xa>
    35bc:	a9 c0       	rjmp	.+338    	; 0x3710 <EEPROM_LOAD_CURRENT_RANGE+0x15c>
    35be:	81 11       	cpse	r24, r1
    35c0:	19 c0       	rjmp	.+50     	; 0x35f4 <EEPROM_LOAD_CURRENT_RANGE+0x40>
    35c2:	80 e3       	ldi	r24, 0x30	; 48
    35c4:	91 e0       	ldi	r25, 0x01	; 1
    35c6:	d3 de       	rcall	.-602    	; 0x336e <EEPROM_READ_FLOAT>
    35c8:	60 93 e0 14 	sts	0x14E0, r22	; 0x8014e0 <AI_Curr_Offset>
    35cc:	70 93 e1 14 	sts	0x14E1, r23	; 0x8014e1 <AI_Curr_Offset+0x1>
    35d0:	80 93 e2 14 	sts	0x14E2, r24	; 0x8014e2 <AI_Curr_Offset+0x2>
    35d4:	90 93 e3 14 	sts	0x14E3, r25	; 0x8014e3 <AI_Curr_Offset+0x3>
    35d8:	8c e2       	ldi	r24, 0x2C	; 44
    35da:	91 e0       	ldi	r25, 0x01	; 1
    35dc:	c8 de       	rcall	.-624    	; 0x336e <EEPROM_READ_FLOAT>
    35de:	60 93 dc 14 	sts	0x14DC, r22	; 0x8014dc <AI_Curr_Scale>
    35e2:	70 93 dd 14 	sts	0x14DD, r23	; 0x8014dd <AI_Curr_Scale+0x1>
    35e6:	80 93 de 14 	sts	0x14DE, r24	; 0x8014de <AI_Curr_Scale+0x2>
    35ea:	90 93 df 14 	sts	0x14DF, r25	; 0x8014df <AI_Curr_Scale+0x3>
    35ee:	88 e2       	ldi	r24, 0x28	; 40
    35f0:	91 e0       	ldi	r25, 0x01	; 1
    35f2:	1a c0       	rjmp	.+52     	; 0x3628 <EEPROM_LOAD_CURRENT_RANGE+0x74>
    35f4:	81 30       	cpi	r24, 0x01	; 1
    35f6:	11 f5       	brne	.+68     	; 0x363c <EEPROM_LOAD_CURRENT_RANGE+0x88>
    35f8:	84 e2       	ldi	r24, 0x24	; 36
    35fa:	91 e0       	ldi	r25, 0x01	; 1
    35fc:	b8 de       	rcall	.-656    	; 0x336e <EEPROM_READ_FLOAT>
    35fe:	60 93 e0 14 	sts	0x14E0, r22	; 0x8014e0 <AI_Curr_Offset>
    3602:	70 93 e1 14 	sts	0x14E1, r23	; 0x8014e1 <AI_Curr_Offset+0x1>
    3606:	80 93 e2 14 	sts	0x14E2, r24	; 0x8014e2 <AI_Curr_Offset+0x2>
    360a:	90 93 e3 14 	sts	0x14E3, r25	; 0x8014e3 <AI_Curr_Offset+0x3>
    360e:	80 e2       	ldi	r24, 0x20	; 32
    3610:	91 e0       	ldi	r25, 0x01	; 1
    3612:	ad de       	rcall	.-678    	; 0x336e <EEPROM_READ_FLOAT>
    3614:	60 93 dc 14 	sts	0x14DC, r22	; 0x8014dc <AI_Curr_Scale>
    3618:	70 93 dd 14 	sts	0x14DD, r23	; 0x8014dd <AI_Curr_Scale+0x1>
    361c:	80 93 de 14 	sts	0x14DE, r24	; 0x8014de <AI_Curr_Scale+0x2>
    3620:	90 93 df 14 	sts	0x14DF, r25	; 0x8014df <AI_Curr_Scale+0x3>
    3624:	8c e1       	ldi	r24, 0x1C	; 28
    3626:	91 e0       	ldi	r25, 0x01	; 1
    3628:	a2 de       	rcall	.-700    	; 0x336e <EEPROM_READ_FLOAT>
    362a:	60 93 d8 14 	sts	0x14D8, r22	; 0x8014d8 <AI_Curr_Range_Val>
    362e:	70 93 d9 14 	sts	0x14D9, r23	; 0x8014d9 <AI_Curr_Range_Val+0x1>
    3632:	80 93 da 14 	sts	0x14DA, r24	; 0x8014da <AI_Curr_Range_Val+0x2>
    3636:	90 93 db 14 	sts	0x14DB, r25	; 0x8014db <AI_Curr_Range_Val+0x3>
    363a:	86 c0       	rjmp	.+268    	; 0x3748 <EEPROM_LOAD_CURRENT_RANGE+0x194>
    363c:	82 30       	cpi	r24, 0x02	; 2
    363e:	c9 f4       	brne	.+50     	; 0x3672 <EEPROM_LOAD_CURRENT_RANGE+0xbe>
    3640:	88 e1       	ldi	r24, 0x18	; 24
    3642:	91 e0       	ldi	r25, 0x01	; 1
    3644:	94 de       	rcall	.-728    	; 0x336e <EEPROM_READ_FLOAT>
    3646:	60 93 e0 14 	sts	0x14E0, r22	; 0x8014e0 <AI_Curr_Offset>
    364a:	70 93 e1 14 	sts	0x14E1, r23	; 0x8014e1 <AI_Curr_Offset+0x1>
    364e:	80 93 e2 14 	sts	0x14E2, r24	; 0x8014e2 <AI_Curr_Offset+0x2>
    3652:	90 93 e3 14 	sts	0x14E3, r25	; 0x8014e3 <AI_Curr_Offset+0x3>
    3656:	84 e1       	ldi	r24, 0x14	; 20
    3658:	91 e0       	ldi	r25, 0x01	; 1
    365a:	89 de       	rcall	.-750    	; 0x336e <EEPROM_READ_FLOAT>
    365c:	60 93 dc 14 	sts	0x14DC, r22	; 0x8014dc <AI_Curr_Scale>
    3660:	70 93 dd 14 	sts	0x14DD, r23	; 0x8014dd <AI_Curr_Scale+0x1>
    3664:	80 93 de 14 	sts	0x14DE, r24	; 0x8014de <AI_Curr_Scale+0x2>
    3668:	90 93 df 14 	sts	0x14DF, r25	; 0x8014df <AI_Curr_Scale+0x3>
    366c:	80 e1       	ldi	r24, 0x10	; 16
    366e:	91 e0       	ldi	r25, 0x01	; 1
    3670:	db cf       	rjmp	.-74     	; 0x3628 <EEPROM_LOAD_CURRENT_RANGE+0x74>
    3672:	83 30       	cpi	r24, 0x03	; 3
    3674:	c9 f4       	brne	.+50     	; 0x36a8 <EEPROM_LOAD_CURRENT_RANGE+0xf4>
    3676:	8c e0       	ldi	r24, 0x0C	; 12
    3678:	91 e0       	ldi	r25, 0x01	; 1
    367a:	79 de       	rcall	.-782    	; 0x336e <EEPROM_READ_FLOAT>
    367c:	60 93 e0 14 	sts	0x14E0, r22	; 0x8014e0 <AI_Curr_Offset>
    3680:	70 93 e1 14 	sts	0x14E1, r23	; 0x8014e1 <AI_Curr_Offset+0x1>
    3684:	80 93 e2 14 	sts	0x14E2, r24	; 0x8014e2 <AI_Curr_Offset+0x2>
    3688:	90 93 e3 14 	sts	0x14E3, r25	; 0x8014e3 <AI_Curr_Offset+0x3>
    368c:	88 e0       	ldi	r24, 0x08	; 8
    368e:	91 e0       	ldi	r25, 0x01	; 1
    3690:	6e de       	rcall	.-804    	; 0x336e <EEPROM_READ_FLOAT>
    3692:	60 93 dc 14 	sts	0x14DC, r22	; 0x8014dc <AI_Curr_Scale>
    3696:	70 93 dd 14 	sts	0x14DD, r23	; 0x8014dd <AI_Curr_Scale+0x1>
    369a:	80 93 de 14 	sts	0x14DE, r24	; 0x8014de <AI_Curr_Scale+0x2>
    369e:	90 93 df 14 	sts	0x14DF, r25	; 0x8014df <AI_Curr_Scale+0x3>
    36a2:	84 e0       	ldi	r24, 0x04	; 4
    36a4:	91 e0       	ldi	r25, 0x01	; 1
    36a6:	c0 cf       	rjmp	.-128    	; 0x3628 <EEPROM_LOAD_CURRENT_RANGE+0x74>
    36a8:	84 30       	cpi	r24, 0x04	; 4
    36aa:	c9 f4       	brne	.+50     	; 0x36de <EEPROM_LOAD_CURRENT_RANGE+0x12a>
    36ac:	80 e0       	ldi	r24, 0x00	; 0
    36ae:	91 e0       	ldi	r25, 0x01	; 1
    36b0:	5e de       	rcall	.-836    	; 0x336e <EEPROM_READ_FLOAT>
    36b2:	60 93 e0 14 	sts	0x14E0, r22	; 0x8014e0 <AI_Curr_Offset>
    36b6:	70 93 e1 14 	sts	0x14E1, r23	; 0x8014e1 <AI_Curr_Offset+0x1>
    36ba:	80 93 e2 14 	sts	0x14E2, r24	; 0x8014e2 <AI_Curr_Offset+0x2>
    36be:	90 93 e3 14 	sts	0x14E3, r25	; 0x8014e3 <AI_Curr_Offset+0x3>
    36c2:	8c ef       	ldi	r24, 0xFC	; 252
    36c4:	90 e0       	ldi	r25, 0x00	; 0
    36c6:	53 de       	rcall	.-858    	; 0x336e <EEPROM_READ_FLOAT>
    36c8:	60 93 dc 14 	sts	0x14DC, r22	; 0x8014dc <AI_Curr_Scale>
    36cc:	70 93 dd 14 	sts	0x14DD, r23	; 0x8014dd <AI_Curr_Scale+0x1>
    36d0:	80 93 de 14 	sts	0x14DE, r24	; 0x8014de <AI_Curr_Scale+0x2>
    36d4:	90 93 df 14 	sts	0x14DF, r25	; 0x8014df <AI_Curr_Scale+0x3>
    36d8:	88 ef       	ldi	r24, 0xF8	; 248
    36da:	90 e0       	ldi	r25, 0x00	; 0
    36dc:	a5 cf       	rjmp	.-182    	; 0x3628 <EEPROM_LOAD_CURRENT_RANGE+0x74>
    36de:	84 ef       	ldi	r24, 0xF4	; 244
    36e0:	90 e0       	ldi	r25, 0x00	; 0
    36e2:	45 de       	rcall	.-886    	; 0x336e <EEPROM_READ_FLOAT>
    36e4:	60 93 e0 14 	sts	0x14E0, r22	; 0x8014e0 <AI_Curr_Offset>
    36e8:	70 93 e1 14 	sts	0x14E1, r23	; 0x8014e1 <AI_Curr_Offset+0x1>
    36ec:	80 93 e2 14 	sts	0x14E2, r24	; 0x8014e2 <AI_Curr_Offset+0x2>
    36f0:	90 93 e3 14 	sts	0x14E3, r25	; 0x8014e3 <AI_Curr_Offset+0x3>
    36f4:	80 ef       	ldi	r24, 0xF0	; 240
    36f6:	90 e0       	ldi	r25, 0x00	; 0
    36f8:	3a de       	rcall	.-908    	; 0x336e <EEPROM_READ_FLOAT>
    36fa:	60 93 dc 14 	sts	0x14DC, r22	; 0x8014dc <AI_Curr_Scale>
    36fe:	70 93 dd 14 	sts	0x14DD, r23	; 0x8014dd <AI_Curr_Scale+0x1>
    3702:	80 93 de 14 	sts	0x14DE, r24	; 0x8014de <AI_Curr_Scale+0x2>
    3706:	90 93 df 14 	sts	0x14DF, r25	; 0x8014df <AI_Curr_Scale+0x3>
    370a:	8c ee       	ldi	r24, 0xEC	; 236
    370c:	90 e0       	ldi	r25, 0x00	; 0
    370e:	8c cf       	rjmp	.-232    	; 0x3628 <EEPROM_LOAD_CURRENT_RANGE+0x74>
    3710:	10 92 e0 14 	sts	0x14E0, r1	; 0x8014e0 <AI_Curr_Offset>
    3714:	10 92 e1 14 	sts	0x14E1, r1	; 0x8014e1 <AI_Curr_Offset+0x1>
    3718:	10 92 e2 14 	sts	0x14E2, r1	; 0x8014e2 <AI_Curr_Offset+0x2>
    371c:	10 92 e3 14 	sts	0x14E3, r1	; 0x8014e3 <AI_Curr_Offset+0x3>
    3720:	80 e0       	ldi	r24, 0x00	; 0
    3722:	90 e0       	ldi	r25, 0x00	; 0
    3724:	a0 e8       	ldi	r26, 0x80	; 128
    3726:	bf e3       	ldi	r27, 0x3F	; 63
    3728:	80 93 dc 14 	sts	0x14DC, r24	; 0x8014dc <AI_Curr_Scale>
    372c:	90 93 dd 14 	sts	0x14DD, r25	; 0x8014dd <AI_Curr_Scale+0x1>
    3730:	a0 93 de 14 	sts	0x14DE, r26	; 0x8014de <AI_Curr_Scale+0x2>
    3734:	b0 93 df 14 	sts	0x14DF, r27	; 0x8014df <AI_Curr_Scale+0x3>
    3738:	10 92 d8 14 	sts	0x14D8, r1	; 0x8014d8 <AI_Curr_Range_Val>
    373c:	10 92 d9 14 	sts	0x14D9, r1	; 0x8014d9 <AI_Curr_Range_Val+0x1>
    3740:	10 92 da 14 	sts	0x14DA, r1	; 0x8014da <AI_Curr_Range_Val+0x2>
    3744:	10 92 db 14 	sts	0x14DB, r1	; 0x8014db <AI_Curr_Range_Val+0x3>
    3748:	80 91 2b 14 	lds	r24, 0x142B	; 0x80142b <SysControl>
    374c:	87 ff       	sbrs	r24, 7
    374e:	18 c0       	rjmp	.+48     	; 0x3780 <EEPROM_LOAD_CURRENT_RANGE+0x1cc>
    3750:	80 91 ec 14 	lds	r24, 0x14EC	; 0x8014ec <Range_Status_A>
    3754:	83 ff       	sbrs	r24, 3
    3756:	14 c0       	rjmp	.+40     	; 0x3780 <EEPROM_LOAD_CURRENT_RANGE+0x1cc>
    3758:	10 92 e0 14 	sts	0x14E0, r1	; 0x8014e0 <AI_Curr_Offset>
    375c:	10 92 e1 14 	sts	0x14E1, r1	; 0x8014e1 <AI_Curr_Offset+0x1>
    3760:	10 92 e2 14 	sts	0x14E2, r1	; 0x8014e2 <AI_Curr_Offset+0x2>
    3764:	10 92 e3 14 	sts	0x14E3, r1	; 0x8014e3 <AI_Curr_Offset+0x3>
    3768:	80 e0       	ldi	r24, 0x00	; 0
    376a:	90 e0       	ldi	r25, 0x00	; 0
    376c:	a0 e8       	ldi	r26, 0x80	; 128
    376e:	bf e3       	ldi	r27, 0x3F	; 63
    3770:	80 93 dc 14 	sts	0x14DC, r24	; 0x8014dc <AI_Curr_Scale>
    3774:	90 93 dd 14 	sts	0x14DD, r25	; 0x8014dd <AI_Curr_Scale+0x1>
    3778:	a0 93 de 14 	sts	0x14DE, r26	; 0x8014de <AI_Curr_Scale+0x2>
    377c:	b0 93 df 14 	sts	0x14DF, r27	; 0x8014df <AI_Curr_Scale+0x3>
    3780:	08 95       	ret

00003782 <EEPROM_Range_Cal_Get_Scale>:
    3782:	80 91 26 14 	lds	r24, 0x1426	; 0x801426 <SysStatus_A>
    3786:	81 ff       	sbrs	r24, 1
    3788:	55 c0       	rjmp	.+170    	; 0x3834 <EEPROM_Range_Cal_Get_Scale+0xb2>
    378a:	80 91 ec 14 	lds	r24, 0x14EC	; 0x8014ec <Range_Status_A>
    378e:	82 ff       	sbrs	r24, 2
    3790:	23 c0       	rjmp	.+70     	; 0x37d8 <EEPROM_Range_Cal_Get_Scale+0x56>
    3792:	80 91 e5 14 	lds	r24, 0x14E5	; 0x8014e5 <Range_Volt_ID_Act>
    3796:	81 11       	cpse	r24, r1
    3798:	03 c0       	rjmp	.+6      	; 0x37a0 <EEPROM_Range_Cal_Get_Scale+0x1e>
    379a:	8c e7       	ldi	r24, 0x7C	; 124
    379c:	91 e0       	ldi	r25, 0x01	; 1
    379e:	49 c0       	rjmp	.+146    	; 0x3832 <EEPROM_Range_Cal_Get_Scale+0xb0>
    37a0:	80 91 e5 14 	lds	r24, 0x14E5	; 0x8014e5 <Range_Volt_ID_Act>
    37a4:	81 30       	cpi	r24, 0x01	; 1
    37a6:	19 f4       	brne	.+6      	; 0x37ae <EEPROM_Range_Cal_Get_Scale+0x2c>
    37a8:	8c e6       	ldi	r24, 0x6C	; 108
    37aa:	91 e0       	ldi	r25, 0x01	; 1
    37ac:	42 c0       	rjmp	.+132    	; 0x3832 <EEPROM_Range_Cal_Get_Scale+0xb0>
    37ae:	80 91 e5 14 	lds	r24, 0x14E5	; 0x8014e5 <Range_Volt_ID_Act>
    37b2:	82 30       	cpi	r24, 0x02	; 2
    37b4:	19 f4       	brne	.+6      	; 0x37bc <EEPROM_Range_Cal_Get_Scale+0x3a>
    37b6:	8c e5       	ldi	r24, 0x5C	; 92
    37b8:	91 e0       	ldi	r25, 0x01	; 1
    37ba:	3b c0       	rjmp	.+118    	; 0x3832 <EEPROM_Range_Cal_Get_Scale+0xb0>
    37bc:	80 91 e5 14 	lds	r24, 0x14E5	; 0x8014e5 <Range_Volt_ID_Act>
    37c0:	83 30       	cpi	r24, 0x03	; 3
    37c2:	19 f4       	brne	.+6      	; 0x37ca <EEPROM_Range_Cal_Get_Scale+0x48>
    37c4:	8c e4       	ldi	r24, 0x4C	; 76
    37c6:	91 e0       	ldi	r25, 0x01	; 1
    37c8:	34 c0       	rjmp	.+104    	; 0x3832 <EEPROM_Range_Cal_Get_Scale+0xb0>
    37ca:	80 91 e5 14 	lds	r24, 0x14E5	; 0x8014e5 <Range_Volt_ID_Act>
    37ce:	84 30       	cpi	r24, 0x04	; 4
    37d0:	89 f5       	brne	.+98     	; 0x3834 <EEPROM_Range_Cal_Get_Scale+0xb2>
    37d2:	8c e3       	ldi	r24, 0x3C	; 60
    37d4:	91 e0       	ldi	r25, 0x01	; 1
    37d6:	2d c0       	rjmp	.+90     	; 0x3832 <EEPROM_Range_Cal_Get_Scale+0xb0>
    37d8:	80 91 ec 14 	lds	r24, 0x14EC	; 0x8014ec <Range_Status_A>
    37dc:	83 ff       	sbrs	r24, 3
    37de:	2a c0       	rjmp	.+84     	; 0x3834 <EEPROM_Range_Cal_Get_Scale+0xb2>
    37e0:	80 91 5c 15 	lds	r24, 0x155C	; 0x80155c <Range_Curr_ID_Act>
    37e4:	81 11       	cpse	r24, r1
    37e6:	03 c0       	rjmp	.+6      	; 0x37ee <EEPROM_Range_Cal_Get_Scale+0x6c>
    37e8:	8c e2       	ldi	r24, 0x2C	; 44
    37ea:	91 e0       	ldi	r25, 0x01	; 1
    37ec:	22 c0       	rjmp	.+68     	; 0x3832 <EEPROM_Range_Cal_Get_Scale+0xb0>
    37ee:	80 91 5c 15 	lds	r24, 0x155C	; 0x80155c <Range_Curr_ID_Act>
    37f2:	81 30       	cpi	r24, 0x01	; 1
    37f4:	19 f4       	brne	.+6      	; 0x37fc <EEPROM_Range_Cal_Get_Scale+0x7a>
    37f6:	80 e2       	ldi	r24, 0x20	; 32
    37f8:	91 e0       	ldi	r25, 0x01	; 1
    37fa:	1b c0       	rjmp	.+54     	; 0x3832 <EEPROM_Range_Cal_Get_Scale+0xb0>
    37fc:	80 91 5c 15 	lds	r24, 0x155C	; 0x80155c <Range_Curr_ID_Act>
    3800:	82 30       	cpi	r24, 0x02	; 2
    3802:	19 f4       	brne	.+6      	; 0x380a <EEPROM_Range_Cal_Get_Scale+0x88>
    3804:	84 e1       	ldi	r24, 0x14	; 20
    3806:	91 e0       	ldi	r25, 0x01	; 1
    3808:	14 c0       	rjmp	.+40     	; 0x3832 <EEPROM_Range_Cal_Get_Scale+0xb0>
    380a:	80 91 5c 15 	lds	r24, 0x155C	; 0x80155c <Range_Curr_ID_Act>
    380e:	83 30       	cpi	r24, 0x03	; 3
    3810:	19 f4       	brne	.+6      	; 0x3818 <EEPROM_Range_Cal_Get_Scale+0x96>
    3812:	88 e0       	ldi	r24, 0x08	; 8
    3814:	91 e0       	ldi	r25, 0x01	; 1
    3816:	0d c0       	rjmp	.+26     	; 0x3832 <EEPROM_Range_Cal_Get_Scale+0xb0>
    3818:	80 91 5c 15 	lds	r24, 0x155C	; 0x80155c <Range_Curr_ID_Act>
    381c:	84 30       	cpi	r24, 0x04	; 4
    381e:	19 f4       	brne	.+6      	; 0x3826 <EEPROM_Range_Cal_Get_Scale+0xa4>
    3820:	8c ef       	ldi	r24, 0xFC	; 252
    3822:	90 e0       	ldi	r25, 0x00	; 0
    3824:	06 c0       	rjmp	.+12     	; 0x3832 <EEPROM_Range_Cal_Get_Scale+0xb0>
    3826:	80 91 5c 15 	lds	r24, 0x155C	; 0x80155c <Range_Curr_ID_Act>
    382a:	85 30       	cpi	r24, 0x05	; 5
    382c:	19 f4       	brne	.+6      	; 0x3834 <EEPROM_Range_Cal_Get_Scale+0xb2>
    382e:	80 ef       	ldi	r24, 0xF0	; 240
    3830:	90 e0       	ldi	r25, 0x00	; 0
    3832:	9d cd       	rjmp	.-1222   	; 0x336e <EEPROM_READ_FLOAT>
    3834:	60 e0       	ldi	r22, 0x00	; 0
    3836:	70 e0       	ldi	r23, 0x00	; 0
    3838:	80 e8       	ldi	r24, 0x80	; 128
    383a:	9f eb       	ldi	r25, 0xBF	; 191
    383c:	08 95       	ret

0000383e <EEPROM_Range_Cal_Get_Offset>:
    383e:	80 91 26 14 	lds	r24, 0x1426	; 0x801426 <SysStatus_A>
    3842:	81 ff       	sbrs	r24, 1
    3844:	55 c0       	rjmp	.+170    	; 0x38f0 <EEPROM_Range_Cal_Get_Offset+0xb2>
    3846:	80 91 ec 14 	lds	r24, 0x14EC	; 0x8014ec <Range_Status_A>
    384a:	82 ff       	sbrs	r24, 2
    384c:	23 c0       	rjmp	.+70     	; 0x3894 <EEPROM_Range_Cal_Get_Offset+0x56>
    384e:	80 91 e5 14 	lds	r24, 0x14E5	; 0x8014e5 <Range_Volt_ID_Act>
    3852:	81 11       	cpse	r24, r1
    3854:	03 c0       	rjmp	.+6      	; 0x385c <EEPROM_Range_Cal_Get_Offset+0x1e>
    3856:	80 e8       	ldi	r24, 0x80	; 128
    3858:	91 e0       	ldi	r25, 0x01	; 1
    385a:	49 c0       	rjmp	.+146    	; 0x38ee <EEPROM_Range_Cal_Get_Offset+0xb0>
    385c:	80 91 e5 14 	lds	r24, 0x14E5	; 0x8014e5 <Range_Volt_ID_Act>
    3860:	81 30       	cpi	r24, 0x01	; 1
    3862:	19 f4       	brne	.+6      	; 0x386a <EEPROM_Range_Cal_Get_Offset+0x2c>
    3864:	80 e7       	ldi	r24, 0x70	; 112
    3866:	91 e0       	ldi	r25, 0x01	; 1
    3868:	42 c0       	rjmp	.+132    	; 0x38ee <EEPROM_Range_Cal_Get_Offset+0xb0>
    386a:	80 91 e5 14 	lds	r24, 0x14E5	; 0x8014e5 <Range_Volt_ID_Act>
    386e:	82 30       	cpi	r24, 0x02	; 2
    3870:	19 f4       	brne	.+6      	; 0x3878 <EEPROM_Range_Cal_Get_Offset+0x3a>
    3872:	80 e6       	ldi	r24, 0x60	; 96
    3874:	91 e0       	ldi	r25, 0x01	; 1
    3876:	3b c0       	rjmp	.+118    	; 0x38ee <EEPROM_Range_Cal_Get_Offset+0xb0>
    3878:	80 91 e5 14 	lds	r24, 0x14E5	; 0x8014e5 <Range_Volt_ID_Act>
    387c:	83 30       	cpi	r24, 0x03	; 3
    387e:	19 f4       	brne	.+6      	; 0x3886 <EEPROM_Range_Cal_Get_Offset+0x48>
    3880:	80 e5       	ldi	r24, 0x50	; 80
    3882:	91 e0       	ldi	r25, 0x01	; 1
    3884:	34 c0       	rjmp	.+104    	; 0x38ee <EEPROM_Range_Cal_Get_Offset+0xb0>
    3886:	80 91 e5 14 	lds	r24, 0x14E5	; 0x8014e5 <Range_Volt_ID_Act>
    388a:	84 30       	cpi	r24, 0x04	; 4
    388c:	89 f5       	brne	.+98     	; 0x38f0 <EEPROM_Range_Cal_Get_Offset+0xb2>
    388e:	80 e4       	ldi	r24, 0x40	; 64
    3890:	91 e0       	ldi	r25, 0x01	; 1
    3892:	2d c0       	rjmp	.+90     	; 0x38ee <EEPROM_Range_Cal_Get_Offset+0xb0>
    3894:	80 91 ec 14 	lds	r24, 0x14EC	; 0x8014ec <Range_Status_A>
    3898:	83 ff       	sbrs	r24, 3
    389a:	2a c0       	rjmp	.+84     	; 0x38f0 <EEPROM_Range_Cal_Get_Offset+0xb2>
    389c:	80 91 5c 15 	lds	r24, 0x155C	; 0x80155c <Range_Curr_ID_Act>
    38a0:	81 11       	cpse	r24, r1
    38a2:	03 c0       	rjmp	.+6      	; 0x38aa <EEPROM_Range_Cal_Get_Offset+0x6c>
    38a4:	80 e3       	ldi	r24, 0x30	; 48
    38a6:	91 e0       	ldi	r25, 0x01	; 1
    38a8:	22 c0       	rjmp	.+68     	; 0x38ee <EEPROM_Range_Cal_Get_Offset+0xb0>
    38aa:	80 91 5c 15 	lds	r24, 0x155C	; 0x80155c <Range_Curr_ID_Act>
    38ae:	81 30       	cpi	r24, 0x01	; 1
    38b0:	19 f4       	brne	.+6      	; 0x38b8 <EEPROM_Range_Cal_Get_Offset+0x7a>
    38b2:	84 e2       	ldi	r24, 0x24	; 36
    38b4:	91 e0       	ldi	r25, 0x01	; 1
    38b6:	1b c0       	rjmp	.+54     	; 0x38ee <EEPROM_Range_Cal_Get_Offset+0xb0>
    38b8:	80 91 5c 15 	lds	r24, 0x155C	; 0x80155c <Range_Curr_ID_Act>
    38bc:	82 30       	cpi	r24, 0x02	; 2
    38be:	19 f4       	brne	.+6      	; 0x38c6 <EEPROM_Range_Cal_Get_Offset+0x88>
    38c0:	88 e1       	ldi	r24, 0x18	; 24
    38c2:	91 e0       	ldi	r25, 0x01	; 1
    38c4:	14 c0       	rjmp	.+40     	; 0x38ee <EEPROM_Range_Cal_Get_Offset+0xb0>
    38c6:	80 91 5c 15 	lds	r24, 0x155C	; 0x80155c <Range_Curr_ID_Act>
    38ca:	83 30       	cpi	r24, 0x03	; 3
    38cc:	19 f4       	brne	.+6      	; 0x38d4 <EEPROM_Range_Cal_Get_Offset+0x96>
    38ce:	8c e0       	ldi	r24, 0x0C	; 12
    38d0:	91 e0       	ldi	r25, 0x01	; 1
    38d2:	0d c0       	rjmp	.+26     	; 0x38ee <EEPROM_Range_Cal_Get_Offset+0xb0>
    38d4:	80 91 5c 15 	lds	r24, 0x155C	; 0x80155c <Range_Curr_ID_Act>
    38d8:	84 30       	cpi	r24, 0x04	; 4
    38da:	19 f4       	brne	.+6      	; 0x38e2 <EEPROM_Range_Cal_Get_Offset+0xa4>
    38dc:	80 e0       	ldi	r24, 0x00	; 0
    38de:	91 e0       	ldi	r25, 0x01	; 1
    38e0:	06 c0       	rjmp	.+12     	; 0x38ee <EEPROM_Range_Cal_Get_Offset+0xb0>
    38e2:	80 91 5c 15 	lds	r24, 0x155C	; 0x80155c <Range_Curr_ID_Act>
    38e6:	85 30       	cpi	r24, 0x05	; 5
    38e8:	19 f4       	brne	.+6      	; 0x38f0 <EEPROM_Range_Cal_Get_Offset+0xb2>
    38ea:	84 ef       	ldi	r24, 0xF4	; 244
    38ec:	90 e0       	ldi	r25, 0x00	; 0
    38ee:	3f cd       	rjmp	.-1410   	; 0x336e <EEPROM_READ_FLOAT>
    38f0:	60 e0       	ldi	r22, 0x00	; 0
    38f2:	70 e0       	ldi	r23, 0x00	; 0
    38f4:	80 e8       	ldi	r24, 0x80	; 128
    38f6:	9f eb       	ldi	r25, 0xBF	; 191
    38f8:	08 95       	ret

000038fa <EEPROM_READ_UINT16>:
    38fa:	cf 93       	push	r28
    38fc:	df 93       	push	r29
    38fe:	00 d0       	rcall	.+0      	; 0x3900 <EEPROM_READ_UINT16+0x6>
    3900:	cd b7       	in	r28, 0x3d	; 61
    3902:	de b7       	in	r29, 0x3e	; 62
    3904:	42 e0       	ldi	r20, 0x02	; 2
    3906:	50 e0       	ldi	r21, 0x00	; 0
    3908:	bc 01       	movw	r22, r24
    390a:	ce 01       	movw	r24, r28
    390c:	01 96       	adiw	r24, 0x01	; 1
    390e:	0e 94 fc 4d 	call	0x9bf8	; 0x9bf8 <eeprom_read_block>
    3912:	89 81       	ldd	r24, Y+1	; 0x01
    3914:	9a 81       	ldd	r25, Y+2	; 0x02
    3916:	0f 90       	pop	r0
    3918:	0f 90       	pop	r0
    391a:	df 91       	pop	r29
    391c:	cf 91       	pop	r28
    391e:	08 95       	ret

00003920 <EEROM_LOAD_TIMER_1_CM>:
    3920:	80 91 32 14 	lds	r24, 0x1432	; 0x801432 <EEMEM_Written>
    3924:	85 3a       	cpi	r24, 0xA5	; 165
    3926:	19 f4       	brne	.+6      	; 0x392e <EEROM_LOAD_TIMER_1_CM+0xe>
    3928:	8b e5       	ldi	r24, 0x5B	; 91
    392a:	90 e0       	ldi	r25, 0x00	; 0
    392c:	e6 cf       	rjmp	.-52     	; 0x38fa <EEPROM_READ_UINT16>
    392e:	81 ee       	ldi	r24, 0xE1	; 225
    3930:	94 e0       	ldi	r25, 0x04	; 4
    3932:	08 95       	ret

00003934 <EEPROM_READ_INT32>:
    3934:	cf 93       	push	r28
    3936:	df 93       	push	r29
    3938:	00 d0       	rcall	.+0      	; 0x393a <EEPROM_READ_INT32+0x6>
    393a:	00 d0       	rcall	.+0      	; 0x393c <EEPROM_READ_INT32+0x8>
    393c:	cd b7       	in	r28, 0x3d	; 61
    393e:	de b7       	in	r29, 0x3e	; 62
    3940:	44 e0       	ldi	r20, 0x04	; 4
    3942:	50 e0       	ldi	r21, 0x00	; 0
    3944:	bc 01       	movw	r22, r24
    3946:	ce 01       	movw	r24, r28
    3948:	01 96       	adiw	r24, 0x01	; 1
    394a:	0e 94 fc 4d 	call	0x9bf8	; 0x9bf8 <eeprom_read_block>
    394e:	69 81       	ldd	r22, Y+1	; 0x01
    3950:	7a 81       	ldd	r23, Y+2	; 0x02
    3952:	8b 81       	ldd	r24, Y+3	; 0x03
    3954:	9c 81       	ldd	r25, Y+4	; 0x04
    3956:	0f 90       	pop	r0
    3958:	0f 90       	pop	r0
    395a:	0f 90       	pop	r0
    395c:	0f 90       	pop	r0
    395e:	df 91       	pop	r29
    3960:	cf 91       	pop	r28
    3962:	08 95       	ret

00003964 <EEPROM_READ_STRING>:
    3964:	cf 92       	push	r12
    3966:	df 92       	push	r13
    3968:	ef 92       	push	r14
    396a:	ff 92       	push	r15
    396c:	0f 93       	push	r16
    396e:	1f 93       	push	r17
    3970:	cf 93       	push	r28
    3972:	df 93       	push	r29
    3974:	cd b7       	in	r28, 0x3d	; 61
    3976:	de b7       	in	r29, 0x3e	; 62
    3978:	6c 01       	movw	r12, r24
    397a:	ed b6       	in	r14, 0x3d	; 61
    397c:	fe b6       	in	r15, 0x3e	; 62
    397e:	50 e0       	ldi	r21, 0x00	; 0
    3980:	8d b7       	in	r24, 0x3d	; 61
    3982:	9e b7       	in	r25, 0x3e	; 62
    3984:	84 1b       	sub	r24, r20
    3986:	95 0b       	sbc	r25, r21
    3988:	0f b6       	in	r0, 0x3f	; 63
    398a:	f8 94       	cli
    398c:	9e bf       	out	0x3e, r25	; 62
    398e:	0f be       	out	0x3f, r0	; 63
    3990:	8d bf       	out	0x3d, r24	; 61
    3992:	0d b7       	in	r16, 0x3d	; 61
    3994:	1e b7       	in	r17, 0x3e	; 62
    3996:	0f 5f       	subi	r16, 0xFF	; 255
    3998:	1f 4f       	sbci	r17, 0xFF	; 255
    399a:	c8 01       	movw	r24, r16
    399c:	0e 94 fc 4d 	call	0x9bf8	; 0x9bf8 <eeprom_read_block>
    39a0:	b8 01       	movw	r22, r16
    39a2:	c6 01       	movw	r24, r12
    39a4:	0e 94 09 0c 	call	0x1812	; 0x1812 <Copy_String>
    39a8:	0f b6       	in	r0, 0x3f	; 63
    39aa:	f8 94       	cli
    39ac:	fe be       	out	0x3e, r15	; 62
    39ae:	0f be       	out	0x3f, r0	; 63
    39b0:	ed be       	out	0x3d, r14	; 61
    39b2:	df 91       	pop	r29
    39b4:	cf 91       	pop	r28
    39b6:	1f 91       	pop	r17
    39b8:	0f 91       	pop	r16
    39ba:	ff 90       	pop	r15
    39bc:	ef 90       	pop	r14
    39be:	df 90       	pop	r13
    39c0:	cf 90       	pop	r12
    39c2:	08 95       	ret

000039c4 <EEPROM_LOAD_VAL_CONFIG>:
    39c4:	4f 92       	push	r4
    39c6:	5f 92       	push	r5
    39c8:	6f 92       	push	r6
    39ca:	7f 92       	push	r7
    39cc:	8f 92       	push	r8
    39ce:	9f 92       	push	r9
    39d0:	af 92       	push	r10
    39d2:	bf 92       	push	r11
    39d4:	cf 92       	push	r12
    39d6:	df 92       	push	r13
    39d8:	ef 92       	push	r14
    39da:	ff 92       	push	r15
    39dc:	0f 93       	push	r16
    39de:	1f 93       	push	r17
    39e0:	80 e1       	ldi	r24, 0x10	; 16
    39e2:	90 e0       	ldi	r25, 0x00	; 0
    39e4:	0e 94 0c 4e 	call	0x9c18	; 0x9c18 <eeprom_read_byte>
    39e8:	80 93 32 14 	sts	0x1432, r24	; 0x801432 <EEMEM_Written>
    39ec:	80 91 32 14 	lds	r24, 0x1432	; 0x801432 <EEMEM_Written>
    39f0:	85 3a       	cpi	r24, 0xA5	; 165
    39f2:	09 f0       	breq	.+2      	; 0x39f6 <EEPROM_LOAD_VAL_CONFIG+0x32>
    39f4:	d8 c2       	rjmp	.+1456   	; 0x3fa6 <EEPROM_LOAD_VAL_CONFIG+0x5e2>
    39f6:	45 e1       	ldi	r20, 0x15	; 21
    39f8:	63 ed       	ldi	r22, 0xD3	; 211
    39fa:	70 e0       	ldi	r23, 0x00	; 0
    39fc:	8d e3       	ldi	r24, 0x3D	; 61
    39fe:	94 e1       	ldi	r25, 0x14	; 20
    3a00:	b1 df       	rcall	.-158    	; 0x3964 <EEPROM_READ_STRING>
    3a02:	88 e5       	ldi	r24, 0x58	; 88
    3a04:	90 e0       	ldi	r25, 0x00	; 0
    3a06:	0e 94 0c 4e 	call	0x9c18	; 0x9c18 <eeprom_read_byte>
    3a0a:	80 93 2d 14 	sts	0x142D, r24	; 0x80142d <SysConfig>
    3a0e:	86 e5       	ldi	r24, 0x56	; 86
    3a10:	90 e0       	ldi	r25, 0x00	; 0
    3a12:	0e 94 0c 4e 	call	0x9c18	; 0x9c18 <eeprom_read_byte>
    3a16:	80 93 21 14 	sts	0x1421, r24	; 0x801421 <Temp_Sensor_Type>
    3a1a:	88 ee       	ldi	r24, 0xE8	; 232
    3a1c:	90 e0       	ldi	r25, 0x00	; 0
    3a1e:	8a df       	rcall	.-236    	; 0x3934 <EEPROM_READ_INT32>
    3a20:	60 93 9b 14 	sts	0x149B, r22	; 0x80149b <F_CPU_CAL>
    3a24:	70 93 9c 14 	sts	0x149C, r23	; 0x80149c <F_CPU_CAL+0x1>
    3a28:	80 93 9d 14 	sts	0x149D, r24	; 0x80149d <F_CPU_CAL+0x2>
    3a2c:	90 93 9e 14 	sts	0x149E, r25	; 0x80149e <F_CPU_CAL+0x3>
    3a30:	8a e5       	ldi	r24, 0x5A	; 90
    3a32:	90 e0       	ldi	r25, 0x00	; 0
    3a34:	0e 94 0c 4e 	call	0x9c18	; 0x9c18 <eeprom_read_byte>
    3a38:	80 93 30 14 	sts	0x1430, r24	; 0x801430 <Timer_Control_Match>
    3a3c:	89 e5       	ldi	r24, 0x59	; 89
    3a3e:	90 e0       	ldi	r25, 0x00	; 0
    3a40:	0e 94 0c 4e 	call	0x9c18	; 0x9c18 <eeprom_read_byte>
    3a44:	80 93 2e 14 	sts	0x142E, r24	; 0x80142e <Timer_Temp_Meas_Match>
    3a48:	8d e0       	ldi	r24, 0x0D	; 13
    3a4a:	90 e0       	ldi	r25, 0x00	; 0
    3a4c:	0e 94 0c 4e 	call	0x9c18	; 0x9c18 <eeprom_read_byte>
    3a50:	80 93 b7 06 	sts	0x06B7, r24	; 0x8006b7 <IV_Meas_Points>
    3a54:	8f e4       	ldi	r24, 0x4F	; 79
    3a56:	90 e0       	ldi	r25, 0x00	; 0
    3a58:	50 df       	rcall	.-352    	; 0x38fa <EEPROM_READ_UINT16>
    3a5a:	90 93 8d 10 	sts	0x108D, r25	; 0x80108d <ADC_Num_Avr_VoltCurr+0x1>
    3a5e:	80 93 8c 10 	sts	0x108C, r24	; 0x80108c <ADC_Num_Avr_VoltCurr>
    3a62:	8e e4       	ldi	r24, 0x4E	; 78
    3a64:	90 e0       	ldi	r25, 0x00	; 0
    3a66:	0e 94 0c 4e 	call	0x9c18	; 0x9c18 <eeprom_read_byte>
    3a6a:	80 93 10 14 	sts	0x1410, r24	; 0x801410 <ADC_Cycl_Avr_VoltCurr>
    3a6e:	8d e4       	ldi	r24, 0x4D	; 77
    3a70:	90 e0       	ldi	r25, 0x00	; 0
    3a72:	0e 94 0c 4e 	call	0x9c18	; 0x9c18 <eeprom_read_byte>
    3a76:	80 93 48 12 	sts	0x1248, r24	; 0x801248 <ADC_Num_Avr_Other>
    3a7a:	8e e8       	ldi	r24, 0x8E	; 142
    3a7c:	91 e0       	ldi	r25, 0x01	; 1
    3a7e:	0e 94 0c 4e 	call	0x9c18	; 0x9c18 <eeprom_read_byte>
    3a82:	80 93 ec 14 	sts	0x14EC, r24	; 0x8014ec <Range_Status_A>
    3a86:	8d e8       	ldi	r24, 0x8D	; 141
    3a88:	91 e0       	ldi	r25, 0x01	; 1
    3a8a:	0e 94 0c 4e 	call	0x9c18	; 0x9c18 <eeprom_read_byte>
    3a8e:	80 93 10 15 	sts	0x1510, r24	; 0x801510 <Range_Volt_ID_Man>
    3a92:	8c e8       	ldi	r24, 0x8C	; 140
    3a94:	91 e0       	ldi	r25, 0x01	; 1
    3a96:	0e 94 0c 4e 	call	0x9c18	; 0x9c18 <eeprom_read_byte>
    3a9a:	80 93 12 15 	sts	0x1512, r24	; 0x801512 <Range_Curr_ID_Man>
    3a9e:	8b e8       	ldi	r24, 0x8B	; 139
    3aa0:	91 e0       	ldi	r25, 0x01	; 1
    3aa2:	0e 94 0c 4e 	call	0x9c18	; 0x9c18 <eeprom_read_byte>
    3aa6:	80 93 46 15 	sts	0x1546, r24	; 0x801546 <Range_Volt_Enable>
    3aaa:	8a e8       	ldi	r24, 0x8A	; 138
    3aac:	91 e0       	ldi	r25, 0x01	; 1
    3aae:	0e 94 0c 4e 	call	0x9c18	; 0x9c18 <eeprom_read_byte>
    3ab2:	80 93 07 15 	sts	0x1507, r24	; 0x801507 <Range_Curr_Enable>
    3ab6:	86 e8       	ldi	r24, 0x86	; 134
    3ab8:	91 e0       	ldi	r25, 0x01	; 1
    3aba:	1f df       	rcall	.-450    	; 0x38fa <EEPROM_READ_UINT16>
    3abc:	90 93 5f 15 	sts	0x155F, r25	; 0x80155f <Range_Volt_Switch_Freq_Ctr_Max+0x1>
    3ac0:	80 93 5e 15 	sts	0x155E, r24	; 0x80155e <Range_Volt_Switch_Freq_Ctr_Max>
    3ac4:	88 e8       	ldi	r24, 0x88	; 136
    3ac6:	91 e0       	ldi	r25, 0x01	; 1
    3ac8:	18 df       	rcall	.-464    	; 0x38fa <EEPROM_READ_UINT16>
    3aca:	90 93 ee 14 	sts	0x14EE, r25	; 0x8014ee <Range_Curr_Switch_Freq_Ctr_Max+0x1>
    3ace:	80 93 ed 14 	sts	0x14ED, r24	; 0x8014ed <Range_Curr_Switch_Freq_Ctr_Max>
    3ad2:	84 e8       	ldi	r24, 0x84	; 132
    3ad4:	91 e0       	ldi	r25, 0x01	; 1
    3ad6:	0e 94 0c 4e 	call	0x9c18	; 0x9c18 <eeprom_read_byte>
    3ada:	80 93 11 15 	sts	0x1511, r24	; 0x801511 <Range_Volt_Switch_Delay_Ctr_Max>
    3ade:	85 e8       	ldi	r24, 0x85	; 133
    3ae0:	91 e0       	ldi	r25, 0x01	; 1
    3ae2:	0e 94 0c 4e 	call	0x9c18	; 0x9c18 <eeprom_read_byte>
    3ae6:	80 93 31 15 	sts	0x1531, r24	; 0x801531 <Range_Curr_Switch_Delay_Ctr_Max>
    3aea:	8c e0       	ldi	r24, 0x0C	; 12
    3aec:	90 e0       	ldi	r25, 0x00	; 0
    3aee:	0e 94 0c 4e 	call	0x9c18	; 0x9c18 <eeprom_read_byte>
    3af2:	80 93 c6 02 	sts	0x02C6, r24	; 0x8002c6 <IV_Mode>
    3af6:	88 e0       	ldi	r24, 0x08	; 8
    3af8:	90 e0       	ldi	r25, 0x00	; 0
    3afa:	39 dc       	rcall	.-1934   	; 0x336e <EEPROM_READ_FLOAT>
    3afc:	60 93 ae 02 	sts	0x02AE, r22	; 0x8002ae <IV_Cos_Max_Phase>
    3b00:	70 93 af 02 	sts	0x02AF, r23	; 0x8002af <IV_Cos_Max_Phase+0x1>
    3b04:	80 93 b0 02 	sts	0x02B0, r24	; 0x8002b0 <IV_Cos_Max_Phase+0x2>
    3b08:	90 93 b1 02 	sts	0x02B1, r25	; 0x8002b1 <IV_Cos_Max_Phase+0x3>
    3b0c:	84 e0       	ldi	r24, 0x04	; 4
    3b0e:	90 e0       	ldi	r25, 0x00	; 0
    3b10:	2e dc       	rcall	.-1956   	; 0x336e <EEPROM_READ_FLOAT>
    3b12:	60 93 a9 0a 	sts	0x0AA9, r22	; 0x800aa9 <IV_Voc_Overshoot_Fact>
    3b16:	70 93 aa 0a 	sts	0x0AAA, r23	; 0x800aaa <IV_Voc_Overshoot_Fact+0x1>
    3b1a:	80 93 ab 0a 	sts	0x0AAB, r24	; 0x800aab <IV_Voc_Overshoot_Fact+0x2>
    3b1e:	90 93 ac 0a 	sts	0x0AAC, r25	; 0x800aac <IV_Voc_Overshoot_Fact+0x3>
    3b22:	81 e0       	ldi	r24, 0x01	; 1
    3b24:	90 e0       	ldi	r25, 0x00	; 0
    3b26:	0e 94 0c 4e 	call	0x9c18	; 0x9c18 <eeprom_read_byte>
    3b2a:	80 93 c1 02 	sts	0x02C1, r24	; 0x8002c1 <IV_Point_Meas_Nu_AVR_Sets>
    3b2e:	80 e0       	ldi	r24, 0x00	; 0
    3b30:	90 e0       	ldi	r25, 0x00	; 0
    3b32:	0e 94 0c 4e 	call	0x9c18	; 0x9c18 <eeprom_read_byte>
    3b36:	80 93 b2 02 	sts	0x02B2, r24	; 0x8002b2 <IV_Point_Meas_Nu_AVR_VoltCurr>
    3b3a:	82 e0       	ldi	r24, 0x02	; 2
    3b3c:	90 e0       	ldi	r25, 0x00	; 0
    3b3e:	dd de       	rcall	.-582    	; 0x38fa <EEPROM_READ_UINT16>
    3b40:	90 93 b9 02 	sts	0x02B9, r25	; 0x8002b9 <IV_Point_Set_Delay_ms+0x1>
    3b44:	80 93 b8 02 	sts	0x02B8, r24	; 0x8002b8 <IV_Point_Set_Delay_ms>
    3b48:	8f e0       	ldi	r24, 0x0F	; 15
    3b4a:	90 e0       	ldi	r25, 0x00	; 0
    3b4c:	0e 94 0c 4e 	call	0x9c18	; 0x9c18 <eeprom_read_byte>
    3b50:	80 93 9a 0e 	sts	0x0E9A, r24	; 0x800e9a <PI_CTR_Prop_ID_Man>
    3b54:	8e e0       	ldi	r24, 0x0E	; 14
    3b56:	90 e0       	ldi	r25, 0x00	; 0
    3b58:	0e 94 0c 4e 	call	0x9c18	; 0x9c18 <eeprom_read_byte>
    3b5c:	80 93 9b 0e 	sts	0x0E9B, r24	; 0x800e9b <PI_CTR_Int_ID_Man>
    3b60:	89 e4       	ldi	r24, 0x49	; 73
    3b62:	90 e0       	ldi	r25, 0x00	; 0
    3b64:	04 dc       	rcall	.-2040   	; 0x336e <EEPROM_READ_FLOAT>
    3b66:	60 93 fb 13 	sts	0x13FB, r22	; 0x8013fb <CAL_Bias_A0>
    3b6a:	70 93 fc 13 	sts	0x13FC, r23	; 0x8013fc <CAL_Bias_A0+0x1>
    3b6e:	80 93 fd 13 	sts	0x13FD, r24	; 0x8013fd <CAL_Bias_A0+0x2>
    3b72:	90 93 fe 13 	sts	0x13FE, r25	; 0x8013fe <CAL_Bias_A0+0x3>
    3b76:	85 e4       	ldi	r24, 0x45	; 69
    3b78:	90 e0       	ldi	r25, 0x00	; 0
    3b7a:	f9 db       	rcall	.-2062   	; 0x336e <EEPROM_READ_FLOAT>
    3b7c:	60 93 43 12 	sts	0x1243, r22	; 0x801243 <CAL_Bias_A1>
    3b80:	70 93 44 12 	sts	0x1244, r23	; 0x801244 <CAL_Bias_A1+0x1>
    3b84:	80 93 45 12 	sts	0x1245, r24	; 0x801245 <CAL_Bias_A1+0x2>
    3b88:	90 93 46 12 	sts	0x1246, r25	; 0x801246 <CAL_Bias_A1+0x3>
    3b8c:	81 e4       	ldi	r24, 0x41	; 65
    3b8e:	90 e0       	ldi	r25, 0x00	; 0
    3b90:	ee db       	rcall	.-2084   	; 0x336e <EEPROM_READ_FLOAT>
    3b92:	60 93 62 12 	sts	0x1262, r22	; 0x801262 <CAL_RTD_A0>
    3b96:	70 93 63 12 	sts	0x1263, r23	; 0x801263 <CAL_RTD_A0+0x1>
    3b9a:	80 93 64 12 	sts	0x1264, r24	; 0x801264 <CAL_RTD_A0+0x2>
    3b9e:	90 93 65 12 	sts	0x1265, r25	; 0x801265 <CAL_RTD_A0+0x3>
    3ba2:	8d e3       	ldi	r24, 0x3D	; 61
    3ba4:	90 e0       	ldi	r25, 0x00	; 0
    3ba6:	e3 db       	rcall	.-2106   	; 0x336e <EEPROM_READ_FLOAT>
    3ba8:	60 93 3f 12 	sts	0x123F, r22	; 0x80123f <CAL_RTD_A1>
    3bac:	70 93 40 12 	sts	0x1240, r23	; 0x801240 <CAL_RTD_A1+0x1>
    3bb0:	80 93 41 12 	sts	0x1241, r24	; 0x801241 <CAL_RTD_A1+0x2>
    3bb4:	90 93 42 12 	sts	0x1242, r25	; 0x801242 <CAL_RTD_A1+0x3>
    3bb8:	89 e3       	ldi	r24, 0x39	; 57
    3bba:	90 e0       	ldi	r25, 0x00	; 0
    3bbc:	d8 db       	rcall	.-2128   	; 0x336e <EEPROM_READ_FLOAT>
    3bbe:	60 93 ff 13 	sts	0x13FF, r22	; 0x8013ff <CAL_RTD_A2>
    3bc2:	70 93 00 14 	sts	0x1400, r23	; 0x801400 <CAL_RTD_A2+0x1>
    3bc6:	80 93 01 14 	sts	0x1401, r24	; 0x801401 <CAL_RTD_A2+0x2>
    3bca:	90 93 02 14 	sts	0x1402, r25	; 0x801402 <CAL_RTD_A2+0x3>
    3bce:	85 e3       	ldi	r24, 0x35	; 53
    3bd0:	90 e0       	ldi	r25, 0x00	; 0
    3bd2:	cd db       	rcall	.-2150   	; 0x336e <EEPROM_READ_FLOAT>
    3bd4:	60 93 19 14 	sts	0x1419, r22	; 0x801419 <CAL_NTC_1_InvGain>
    3bd8:	70 93 1a 14 	sts	0x141A, r23	; 0x80141a <CAL_NTC_1_InvGain+0x1>
    3bdc:	80 93 1b 14 	sts	0x141B, r24	; 0x80141b <CAL_NTC_1_InvGain+0x2>
    3be0:	90 93 1c 14 	sts	0x141C, r25	; 0x80141c <CAL_NTC_1_InvGain+0x3>
    3be4:	81 e3       	ldi	r24, 0x31	; 49
    3be6:	90 e0       	ldi	r25, 0x00	; 0
    3be8:	c2 db       	rcall	.-2172   	; 0x336e <EEPROM_READ_FLOAT>
    3bea:	60 93 0c 14 	sts	0x140C, r22	; 0x80140c <CAL_NTC_1_RSer>
    3bee:	70 93 0d 14 	sts	0x140D, r23	; 0x80140d <CAL_NTC_1_RSer+0x1>
    3bf2:	80 93 0e 14 	sts	0x140E, r24	; 0x80140e <CAL_NTC_1_RSer+0x2>
    3bf6:	90 93 0f 14 	sts	0x140F, r25	; 0x80140f <CAL_NTC_1_RSer+0x3>
    3bfa:	8d e2       	ldi	r24, 0x2D	; 45
    3bfc:	90 e0       	ldi	r25, 0x00	; 0
    3bfe:	b7 db       	rcall	.-2194   	; 0x336e <EEPROM_READ_FLOAT>
    3c00:	60 93 8e 10 	sts	0x108E, r22	; 0x80108e <CAL_NTC_1_InvR25>
    3c04:	70 93 8f 10 	sts	0x108F, r23	; 0x80108f <CAL_NTC_1_InvR25+0x1>
    3c08:	80 93 90 10 	sts	0x1090, r24	; 0x801090 <CAL_NTC_1_InvR25+0x2>
    3c0c:	90 93 91 10 	sts	0x1091, r25	; 0x801091 <CAL_NTC_1_InvR25+0x3>
    3c10:	89 e2       	ldi	r24, 0x29	; 41
    3c12:	90 e0       	ldi	r25, 0x00	; 0
    3c14:	ac db       	rcall	.-2216   	; 0x336e <EEPROM_READ_FLOAT>
    3c16:	60 93 04 14 	sts	0x1404, r22	; 0x801404 <CAL_NTC_1_InvBeta>
    3c1a:	70 93 05 14 	sts	0x1405, r23	; 0x801405 <CAL_NTC_1_InvBeta+0x1>
    3c1e:	80 93 06 14 	sts	0x1406, r24	; 0x801406 <CAL_NTC_1_InvBeta+0x2>
    3c22:	90 93 07 14 	sts	0x1407, r25	; 0x801407 <CAL_NTC_1_InvBeta+0x3>
    3c26:	85 e2       	ldi	r24, 0x25	; 37
    3c28:	90 e0       	ldi	r25, 0x00	; 0
    3c2a:	a1 db       	rcall	.-2238   	; 0x336e <EEPROM_READ_FLOAT>
    3c2c:	60 93 1d 14 	sts	0x141D, r22	; 0x80141d <CAL_NTC_2_InvGain>
    3c30:	70 93 1e 14 	sts	0x141E, r23	; 0x80141e <CAL_NTC_2_InvGain+0x1>
    3c34:	80 93 1f 14 	sts	0x141F, r24	; 0x80141f <CAL_NTC_2_InvGain+0x2>
    3c38:	90 93 20 14 	sts	0x1420, r25	; 0x801420 <CAL_NTC_2_InvGain+0x3>
    3c3c:	81 e2       	ldi	r24, 0x21	; 33
    3c3e:	90 e0       	ldi	r25, 0x00	; 0
    3c40:	96 db       	rcall	.-2260   	; 0x336e <EEPROM_READ_FLOAT>
    3c42:	60 93 9f 10 	sts	0x109F, r22	; 0x80109f <CAL_NTC_2_RSer>
    3c46:	70 93 a0 10 	sts	0x10A0, r23	; 0x8010a0 <CAL_NTC_2_RSer+0x1>
    3c4a:	80 93 a1 10 	sts	0x10A1, r24	; 0x8010a1 <CAL_NTC_2_RSer+0x2>
    3c4e:	90 93 a2 10 	sts	0x10A2, r25	; 0x8010a2 <CAL_NTC_2_RSer+0x3>
    3c52:	8d e1       	ldi	r24, 0x1D	; 29
    3c54:	90 e0       	ldi	r25, 0x00	; 0
    3c56:	8b db       	rcall	.-2282   	; 0x336e <EEPROM_READ_FLOAT>
    3c58:	60 93 5e 12 	sts	0x125E, r22	; 0x80125e <CAL_NTC_2_InvR25>
    3c5c:	70 93 5f 12 	sts	0x125F, r23	; 0x80125f <CAL_NTC_2_InvR25+0x1>
    3c60:	80 93 60 12 	sts	0x1260, r24	; 0x801260 <CAL_NTC_2_InvR25+0x2>
    3c64:	90 93 61 12 	sts	0x1261, r25	; 0x801261 <CAL_NTC_2_InvR25+0x3>
    3c68:	89 e1       	ldi	r24, 0x19	; 25
    3c6a:	90 e0       	ldi	r25, 0x00	; 0
    3c6c:	80 db       	rcall	.-2304   	; 0x336e <EEPROM_READ_FLOAT>
    3c6e:	60 93 52 12 	sts	0x1252, r22	; 0x801252 <CAL_NTC_2_InvBeta>
    3c72:	70 93 53 12 	sts	0x1253, r23	; 0x801253 <CAL_NTC_2_InvBeta+0x1>
    3c76:	80 93 54 12 	sts	0x1254, r24	; 0x801254 <CAL_NTC_2_InvBeta+0x2>
    3c7a:	90 93 55 12 	sts	0x1255, r25	; 0x801255 <CAL_NTC_2_InvBeta+0x3>
    3c7e:	85 e1       	ldi	r24, 0x15	; 21
    3c80:	90 e0       	ldi	r25, 0x00	; 0
    3c82:	75 db       	rcall	.-2326   	; 0x336e <EEPROM_READ_FLOAT>
    3c84:	60 93 08 14 	sts	0x1408, r22	; 0x801408 <CAL_DAC_A0>
    3c88:	70 93 09 14 	sts	0x1409, r23	; 0x801409 <CAL_DAC_A0+0x1>
    3c8c:	80 93 0a 14 	sts	0x140A, r24	; 0x80140a <CAL_DAC_A0+0x2>
    3c90:	90 93 0b 14 	sts	0x140B, r25	; 0x80140b <CAL_DAC_A0+0x3>
    3c94:	81 e1       	ldi	r24, 0x11	; 17
    3c96:	90 e0       	ldi	r25, 0x00	; 0
    3c98:	6a db       	rcall	.-2348   	; 0x336e <EEPROM_READ_FLOAT>
    3c9a:	60 93 93 10 	sts	0x1093, r22	; 0x801093 <CAL_DAC_A1>
    3c9e:	70 93 94 10 	sts	0x1094, r23	; 0x801094 <CAL_DAC_A1+0x1>
    3ca2:	80 93 95 10 	sts	0x1095, r24	; 0x801095 <CAL_DAC_A1+0x2>
    3ca6:	90 93 96 10 	sts	0x1096, r25	; 0x801096 <CAL_DAC_A1+0x3>
    3caa:	8f ec       	ldi	r24, 0xCF	; 207
    3cac:	90 e0       	ldi	r25, 0x00	; 0
    3cae:	5f db       	rcall	.-2370   	; 0x336e <EEPROM_READ_FLOAT>
    3cb0:	60 93 a3 14 	sts	0x14A3, r22	; 0x8014a3 <Temp_NTC1_MIN_DisCon>
    3cb4:	70 93 a4 14 	sts	0x14A4, r23	; 0x8014a4 <Temp_NTC1_MIN_DisCon+0x1>
    3cb8:	80 93 a5 14 	sts	0x14A5, r24	; 0x8014a5 <Temp_NTC1_MIN_DisCon+0x2>
    3cbc:	90 93 a6 14 	sts	0x14A6, r25	; 0x8014a6 <Temp_NTC1_MIN_DisCon+0x3>
    3cc0:	8b ec       	ldi	r24, 0xCB	; 203
    3cc2:	90 e0       	ldi	r25, 0x00	; 0
    3cc4:	54 db       	rcall	.-2392   	; 0x336e <EEPROM_READ_FLOAT>
    3cc6:	60 93 61 14 	sts	0x1461, r22	; 0x801461 <Temp_NTC1_MAX_DisCon>
    3cca:	70 93 62 14 	sts	0x1462, r23	; 0x801462 <Temp_NTC1_MAX_DisCon+0x1>
    3cce:	80 93 63 14 	sts	0x1463, r24	; 0x801463 <Temp_NTC1_MAX_DisCon+0x2>
    3cd2:	90 93 64 14 	sts	0x1464, r25	; 0x801464 <Temp_NTC1_MAX_DisCon+0x3>
    3cd6:	87 ec       	ldi	r24, 0xC7	; 199
    3cd8:	90 e0       	ldi	r25, 0x00	; 0
    3cda:	49 db       	rcall	.-2414   	; 0x336e <EEPROM_READ_FLOAT>
    3cdc:	60 93 6a 14 	sts	0x146A, r22	; 0x80146a <Temp_NTC1_MIN_ReCon>
    3ce0:	70 93 6b 14 	sts	0x146B, r23	; 0x80146b <Temp_NTC1_MIN_ReCon+0x1>
    3ce4:	80 93 6c 14 	sts	0x146C, r24	; 0x80146c <Temp_NTC1_MIN_ReCon+0x2>
    3ce8:	90 93 6d 14 	sts	0x146D, r25	; 0x80146d <Temp_NTC1_MIN_ReCon+0x3>
    3cec:	83 ec       	ldi	r24, 0xC3	; 195
    3cee:	90 e0       	ldi	r25, 0x00	; 0
    3cf0:	3e db       	rcall	.-2436   	; 0x336e <EEPROM_READ_FLOAT>
    3cf2:	60 93 76 14 	sts	0x1476, r22	; 0x801476 <Temp_NTC1_MAX_ReCon>
    3cf6:	70 93 77 14 	sts	0x1477, r23	; 0x801477 <Temp_NTC1_MAX_ReCon+0x1>
    3cfa:	80 93 78 14 	sts	0x1478, r24	; 0x801478 <Temp_NTC1_MAX_ReCon+0x2>
    3cfe:	90 93 79 14 	sts	0x1479, r25	; 0x801479 <Temp_NTC1_MAX_ReCon+0x3>
    3d02:	8f eb       	ldi	r24, 0xBF	; 191
    3d04:	90 e0       	ldi	r25, 0x00	; 0
    3d06:	33 db       	rcall	.-2458   	; 0x336e <EEPROM_READ_FLOAT>
    3d08:	60 93 93 14 	sts	0x1493, r22	; 0x801493 <Temp_NTC2_MIN_DisCon>
    3d0c:	70 93 94 14 	sts	0x1494, r23	; 0x801494 <Temp_NTC2_MIN_DisCon+0x1>
    3d10:	80 93 95 14 	sts	0x1495, r24	; 0x801495 <Temp_NTC2_MIN_DisCon+0x2>
    3d14:	90 93 96 14 	sts	0x1496, r25	; 0x801496 <Temp_NTC2_MIN_DisCon+0x3>
    3d18:	8b eb       	ldi	r24, 0xBB	; 187
    3d1a:	90 e0       	ldi	r25, 0x00	; 0
    3d1c:	28 db       	rcall	.-2480   	; 0x336e <EEPROM_READ_FLOAT>
    3d1e:	60 93 39 14 	sts	0x1439, r22	; 0x801439 <Temp_NTC2_MAX_DisCon>
    3d22:	70 93 3a 14 	sts	0x143A, r23	; 0x80143a <Temp_NTC2_MAX_DisCon+0x1>
    3d26:	80 93 3b 14 	sts	0x143B, r24	; 0x80143b <Temp_NTC2_MAX_DisCon+0x2>
    3d2a:	90 93 3c 14 	sts	0x143C, r25	; 0x80143c <Temp_NTC2_MAX_DisCon+0x3>
    3d2e:	87 eb       	ldi	r24, 0xB7	; 183
    3d30:	90 e0       	ldi	r25, 0x00	; 0
    3d32:	1d db       	rcall	.-2502   	; 0x336e <EEPROM_READ_FLOAT>
    3d34:	60 93 d0 14 	sts	0x14D0, r22	; 0x8014d0 <Temp_NTC2_MIN_ReCon>
    3d38:	70 93 d1 14 	sts	0x14D1, r23	; 0x8014d1 <Temp_NTC2_MIN_ReCon+0x1>
    3d3c:	80 93 d2 14 	sts	0x14D2, r24	; 0x8014d2 <Temp_NTC2_MIN_ReCon+0x2>
    3d40:	90 93 d3 14 	sts	0x14D3, r25	; 0x8014d3 <Temp_NTC2_MIN_ReCon+0x3>
    3d44:	83 eb       	ldi	r24, 0xB3	; 179
    3d46:	90 e0       	ldi	r25, 0x00	; 0
    3d48:	12 db       	rcall	.-2524   	; 0x336e <EEPROM_READ_FLOAT>
    3d4a:	60 93 9f 14 	sts	0x149F, r22	; 0x80149f <Temp_NTC2_MAX_ReCon>
    3d4e:	70 93 a0 14 	sts	0x14A0, r23	; 0x8014a0 <Temp_NTC2_MAX_ReCon+0x1>
    3d52:	80 93 a1 14 	sts	0x14A1, r24	; 0x8014a1 <Temp_NTC2_MAX_ReCon+0x2>
    3d56:	90 93 a2 14 	sts	0x14A2, r25	; 0x8014a2 <Temp_NTC2_MAX_ReCon+0x3>
    3d5a:	8f ea       	ldi	r24, 0xAF	; 175
    3d5c:	90 e0       	ldi	r25, 0x00	; 0
    3d5e:	07 db       	rcall	.-2546   	; 0x336e <EEPROM_READ_FLOAT>
    3d60:	60 93 ba 02 	sts	0x02BA, r22	; 0x8002ba <BiasV_Range_Min>
    3d64:	70 93 bb 02 	sts	0x02BB, r23	; 0x8002bb <BiasV_Range_Min+0x1>
    3d68:	80 93 bc 02 	sts	0x02BC, r24	; 0x8002bc <BiasV_Range_Min+0x2>
    3d6c:	90 93 bd 02 	sts	0x02BD, r25	; 0x8002bd <BiasV_Range_Min+0x3>
    3d70:	8b ea       	ldi	r24, 0xAB	; 171
    3d72:	90 e0       	ldi	r25, 0x00	; 0
    3d74:	fc da       	rcall	.-2568   	; 0x336e <EEPROM_READ_FLOAT>
    3d76:	60 93 aa 02 	sts	0x02AA, r22	; 0x8002aa <__data_end>
    3d7a:	70 93 ab 02 	sts	0x02AB, r23	; 0x8002ab <__data_end+0x1>
    3d7e:	80 93 ac 02 	sts	0x02AC, r24	; 0x8002ac <__data_end+0x2>
    3d82:	90 93 ad 02 	sts	0x02AD, r25	; 0x8002ad <__data_end+0x3>
    3d86:	87 ea       	ldi	r24, 0xA7	; 167
    3d88:	90 e0       	ldi	r25, 0x00	; 0
    3d8a:	f1 da       	rcall	.-2590   	; 0x336e <EEPROM_READ_FLOAT>
    3d8c:	60 93 8e 14 	sts	0x148E, r22	; 0x80148e <LOAD_MPPT_Max_Step_CND>
    3d90:	70 93 8f 14 	sts	0x148F, r23	; 0x80148f <LOAD_MPPT_Max_Step_CND+0x1>
    3d94:	80 93 90 14 	sts	0x1490, r24	; 0x801490 <LOAD_MPPT_Max_Step_CND+0x2>
    3d98:	90 93 91 14 	sts	0x1491, r25	; 0x801491 <LOAD_MPPT_Max_Step_CND+0x3>
    3d9c:	83 ea       	ldi	r24, 0xA3	; 163
    3d9e:	90 e0       	ldi	r25, 0x00	; 0
    3da0:	e6 da       	rcall	.-2612   	; 0x336e <EEPROM_READ_FLOAT>
    3da2:	60 93 c1 14 	sts	0x14C1, r22	; 0x8014c1 <LOAD_MPPT_Min_Step_CND>
    3da6:	70 93 c2 14 	sts	0x14C2, r23	; 0x8014c2 <LOAD_MPPT_Min_Step_CND+0x1>
    3daa:	80 93 c3 14 	sts	0x14C3, r24	; 0x8014c3 <LOAD_MPPT_Min_Step_CND+0x2>
    3dae:	90 93 c4 14 	sts	0x14C4, r25	; 0x8014c4 <LOAD_MPPT_Min_Step_CND+0x3>
    3db2:	8f e9       	ldi	r24, 0x9F	; 159
    3db4:	90 e0       	ldi	r25, 0x00	; 0
    3db6:	db da       	rcall	.-2634   	; 0x336e <EEPROM_READ_FLOAT>
    3db8:	60 93 7e 14 	sts	0x147E, r22	; 0x80147e <LOAD_MPPT_Step_Increase_Fact>
    3dbc:	70 93 7f 14 	sts	0x147F, r23	; 0x80147f <LOAD_MPPT_Step_Increase_Fact+0x1>
    3dc0:	80 93 80 14 	sts	0x1480, r24	; 0x801480 <LOAD_MPPT_Step_Increase_Fact+0x2>
    3dc4:	90 93 81 14 	sts	0x1481, r25	; 0x801481 <LOAD_MPPT_Step_Increase_Fact+0x3>
    3dc8:	8b e9       	ldi	r24, 0x9B	; 155
    3dca:	90 e0       	ldi	r25, 0x00	; 0
    3dcc:	d0 da       	rcall	.-2656   	; 0x336e <EEPROM_READ_FLOAT>
    3dce:	60 93 ac 14 	sts	0x14AC, r22	; 0x8014ac <LOAD_MPPT_Step_Reduction_Fact>
    3dd2:	70 93 ad 14 	sts	0x14AD, r23	; 0x8014ad <LOAD_MPPT_Step_Reduction_Fact+0x1>
    3dd6:	80 93 ae 14 	sts	0x14AE, r24	; 0x8014ae <LOAD_MPPT_Step_Reduction_Fact+0x2>
    3dda:	90 93 af 14 	sts	0x14AF, r25	; 0x8014af <LOAD_MPPT_Step_Reduction_Fact+0x3>
    3dde:	87 e9       	ldi	r24, 0x97	; 151
    3de0:	90 e0       	ldi	r25, 0x00	; 0
    3de2:	c5 da       	rcall	.-2678   	; 0x336e <EEPROM_READ_FLOAT>
    3de4:	60 93 b9 14 	sts	0x14B9, r22	; 0x8014b9 <LOAD_MPPT_Tolerance_CND>
    3de8:	70 93 ba 14 	sts	0x14BA, r23	; 0x8014ba <LOAD_MPPT_Tolerance_CND+0x1>
    3dec:	80 93 bb 14 	sts	0x14BB, r24	; 0x8014bb <LOAD_MPPT_Tolerance_CND+0x2>
    3df0:	90 93 bc 14 	sts	0x14BC, r25	; 0x8014bc <LOAD_MPPT_Tolerance_CND+0x3>
    3df4:	60 91 b9 14 	lds	r22, 0x14B9	; 0x8014b9 <LOAD_MPPT_Tolerance_CND>
    3df8:	70 91 ba 14 	lds	r23, 0x14BA	; 0x8014ba <LOAD_MPPT_Tolerance_CND+0x1>
    3dfc:	80 91 bb 14 	lds	r24, 0x14BB	; 0x8014bb <LOAD_MPPT_Tolerance_CND+0x2>
    3e00:	90 91 bc 14 	lds	r25, 0x14BC	; 0x8014bc <LOAD_MPPT_Tolerance_CND+0x3>
    3e04:	20 91 b9 14 	lds	r18, 0x14B9	; 0x8014b9 <LOAD_MPPT_Tolerance_CND>
    3e08:	30 91 ba 14 	lds	r19, 0x14BA	; 0x8014ba <LOAD_MPPT_Tolerance_CND+0x1>
    3e0c:	40 91 bb 14 	lds	r20, 0x14BB	; 0x8014bb <LOAD_MPPT_Tolerance_CND+0x2>
    3e10:	50 91 bc 14 	lds	r21, 0x14BC	; 0x8014bc <LOAD_MPPT_Tolerance_CND+0x3>
    3e14:	0e 94 61 49 	call	0x92c2	; 0x92c2 <__mulsf3>
    3e18:	60 93 b9 14 	sts	0x14B9, r22	; 0x8014b9 <LOAD_MPPT_Tolerance_CND>
    3e1c:	70 93 ba 14 	sts	0x14BA, r23	; 0x8014ba <LOAD_MPPT_Tolerance_CND+0x1>
    3e20:	80 93 bb 14 	sts	0x14BB, r24	; 0x8014bb <LOAD_MPPT_Tolerance_CND+0x2>
    3e24:	90 93 bc 14 	sts	0x14BC, r25	; 0x8014bc <LOAD_MPPT_Tolerance_CND+0x3>
    3e28:	85 e9       	ldi	r24, 0x95	; 149
    3e2a:	90 e0       	ldi	r25, 0x00	; 0
    3e2c:	66 dd       	rcall	.-1332   	; 0x38fa <EEPROM_READ_UINT16>
    3e2e:	90 93 c6 14 	sts	0x14C6, r25	; 0x8014c6 <LOAD_MPPT_Timer_Update_Delay+0x1>
    3e32:	80 93 c5 14 	sts	0x14C5, r24	; 0x8014c5 <LOAD_MPPT_Timer_Update_Delay>
    3e36:	81 e9       	ldi	r24, 0x91	; 145
    3e38:	90 e0       	ldi	r25, 0x00	; 0
    3e3a:	99 da       	rcall	.-2766   	; 0x336e <EEPROM_READ_FLOAT>
    3e3c:	60 93 86 14 	sts	0x1486, r22	; 0x801486 <LOAD_CurrT_Max_Step_CND>
    3e40:	70 93 87 14 	sts	0x1487, r23	; 0x801487 <LOAD_CurrT_Max_Step_CND+0x1>
    3e44:	80 93 88 14 	sts	0x1488, r24	; 0x801488 <LOAD_CurrT_Max_Step_CND+0x2>
    3e48:	90 93 89 14 	sts	0x1489, r25	; 0x801489 <LOAD_CurrT_Max_Step_CND+0x3>
    3e4c:	8d e8       	ldi	r24, 0x8D	; 141
    3e4e:	90 e0       	ldi	r25, 0x00	; 0
    3e50:	8e da       	rcall	.-2788   	; 0x336e <EEPROM_READ_FLOAT>
    3e52:	60 93 35 14 	sts	0x1435, r22	; 0x801435 <LOAD_CurrT_Min_Step_CND>
    3e56:	70 93 36 14 	sts	0x1436, r23	; 0x801436 <LOAD_CurrT_Min_Step_CND+0x1>
    3e5a:	80 93 37 14 	sts	0x1437, r24	; 0x801437 <LOAD_CurrT_Min_Step_CND+0x2>
    3e5e:	90 93 38 14 	sts	0x1438, r25	; 0x801438 <LOAD_CurrT_Min_Step_CND+0x3>
    3e62:	89 e8       	ldi	r24, 0x89	; 137
    3e64:	90 e0       	ldi	r25, 0x00	; 0
    3e66:	83 da       	rcall	.-2810   	; 0x336e <EEPROM_READ_FLOAT>
    3e68:	60 93 65 14 	sts	0x1465, r22	; 0x801465 <LOAD_CurrT_Step_Increase_Fact>
    3e6c:	70 93 66 14 	sts	0x1466, r23	; 0x801466 <LOAD_CurrT_Step_Increase_Fact+0x1>
    3e70:	80 93 67 14 	sts	0x1467, r24	; 0x801467 <LOAD_CurrT_Step_Increase_Fact+0x2>
    3e74:	90 93 68 14 	sts	0x1468, r25	; 0x801468 <LOAD_CurrT_Step_Increase_Fact+0x3>
    3e78:	85 e8       	ldi	r24, 0x85	; 133
    3e7a:	90 e0       	ldi	r25, 0x00	; 0
    3e7c:	78 da       	rcall	.-2832   	; 0x336e <EEPROM_READ_FLOAT>
    3e7e:	60 93 b5 14 	sts	0x14B5, r22	; 0x8014b5 <LOAD_CurrT_Step_Reduction_Fact>
    3e82:	70 93 b6 14 	sts	0x14B6, r23	; 0x8014b6 <LOAD_CurrT_Step_Reduction_Fact+0x1>
    3e86:	80 93 b7 14 	sts	0x14B7, r24	; 0x8014b7 <LOAD_CurrT_Step_Reduction_Fact+0x2>
    3e8a:	90 93 b8 14 	sts	0x14B8, r25	; 0x8014b8 <LOAD_CurrT_Step_Reduction_Fact+0x3>
    3e8e:	81 e8       	ldi	r24, 0x81	; 129
    3e90:	90 e0       	ldi	r25, 0x00	; 0
    3e92:	6d da       	rcall	.-2854   	; 0x336e <EEPROM_READ_FLOAT>
    3e94:	60 93 6e 14 	sts	0x146E, r22	; 0x80146e <LOAD_CurrT_Tolerance_CND>
    3e98:	70 93 6f 14 	sts	0x146F, r23	; 0x80146f <LOAD_CurrT_Tolerance_CND+0x1>
    3e9c:	80 93 70 14 	sts	0x1470, r24	; 0x801470 <LOAD_CurrT_Tolerance_CND+0x2>
    3ea0:	90 93 71 14 	sts	0x1471, r25	; 0x801471 <LOAD_CurrT_Tolerance_CND+0x3>
    3ea4:	87 e5       	ldi	r24, 0x57	; 87
    3ea6:	90 e0       	ldi	r25, 0x00	; 0
    3ea8:	0e 94 0c 4e 	call	0x9c18	; 0x9c18 <eeprom_read_byte>
    3eac:	80 93 2b 14 	sts	0x142B, r24	; 0x80142b <SysControl>
    3eb0:	80 e8       	ldi	r24, 0x80	; 128
    3eb2:	90 e0       	ldi	r25, 0x00	; 0
    3eb4:	0e 94 0c 4e 	call	0x9c18	; 0x9c18 <eeprom_read_byte>
    3eb8:	80 93 a9 14 	sts	0x14A9, r24	; 0x8014a9 <PV_Mode_CTR>
    3ebc:	8c e7       	ldi	r24, 0x7C	; 124
    3ebe:	90 e0       	ldi	r25, 0x00	; 0
    3ec0:	56 da       	rcall	.-2900   	; 0x336e <EEPROM_READ_FLOAT>
    3ec2:	60 93 56 14 	sts	0x1456, r22	; 0x801456 <PV_Volt_Setpoint>
    3ec6:	70 93 57 14 	sts	0x1457, r23	; 0x801457 <PV_Volt_Setpoint+0x1>
    3eca:	80 93 58 14 	sts	0x1458, r24	; 0x801458 <PV_Volt_Setpoint+0x2>
    3ece:	90 93 59 14 	sts	0x1459, r25	; 0x801459 <PV_Volt_Setpoint+0x3>
    3ed2:	88 e7       	ldi	r24, 0x78	; 120
    3ed4:	90 e0       	ldi	r25, 0x00	; 0
    3ed6:	4b da       	rcall	.-2922   	; 0x336e <EEPROM_READ_FLOAT>
    3ed8:	60 93 b1 14 	sts	0x14B1, r22	; 0x8014b1 <PV_Curr_Setpoint>
    3edc:	70 93 b2 14 	sts	0x14B2, r23	; 0x8014b2 <PV_Curr_Setpoint+0x1>
    3ee0:	80 93 b3 14 	sts	0x14B3, r24	; 0x8014b3 <PV_Curr_Setpoint+0x2>
    3ee4:	90 93 b4 14 	sts	0x14B4, r25	; 0x8014b4 <PV_Curr_Setpoint+0x3>
    3ee8:	87 e7       	ldi	r24, 0x77	; 119
    3eea:	90 e0       	ldi	r25, 0x00	; 0
    3eec:	0e 94 0c 4e 	call	0x9c18	; 0x9c18 <eeprom_read_byte>
    3ef0:	80 93 cb 14 	sts	0x14CB, r24	; 0x8014cb <FAN_CTR_State>
    3ef4:	83 e7       	ldi	r24, 0x73	; 115
    3ef6:	90 e0       	ldi	r25, 0x00	; 0
    3ef8:	3a da       	rcall	.-2956   	; 0x336e <EEPROM_READ_FLOAT>
    3efa:	60 93 52 14 	sts	0x1452, r22	; 0x801452 <FAN_NTC1_T_On>
    3efe:	70 93 53 14 	sts	0x1453, r23	; 0x801453 <FAN_NTC1_T_On+0x1>
    3f02:	80 93 54 14 	sts	0x1454, r24	; 0x801454 <FAN_NTC1_T_On+0x2>
    3f06:	90 93 55 14 	sts	0x1455, r25	; 0x801455 <FAN_NTC1_T_On+0x3>
    3f0a:	8f e6       	ldi	r24, 0x6F	; 111
    3f0c:	90 e0       	ldi	r25, 0x00	; 0
    3f0e:	2f da       	rcall	.-2978   	; 0x336e <EEPROM_READ_FLOAT>
    3f10:	60 93 82 14 	sts	0x1482, r22	; 0x801482 <FAN_NTC1_T_Off>
    3f14:	70 93 83 14 	sts	0x1483, r23	; 0x801483 <FAN_NTC1_T_Off+0x1>
    3f18:	80 93 84 14 	sts	0x1484, r24	; 0x801484 <FAN_NTC1_T_Off+0x2>
    3f1c:	90 93 85 14 	sts	0x1485, r25	; 0x801485 <FAN_NTC1_T_Off+0x3>
    3f20:	8b e6       	ldi	r24, 0x6B	; 107
    3f22:	90 e0       	ldi	r25, 0x00	; 0
    3f24:	24 da       	rcall	.-3000   	; 0x336e <EEPROM_READ_FLOAT>
    3f26:	60 93 72 14 	sts	0x1472, r22	; 0x801472 <FAN_NTC2_T_On>
    3f2a:	70 93 73 14 	sts	0x1473, r23	; 0x801473 <FAN_NTC2_T_On+0x1>
    3f2e:	80 93 74 14 	sts	0x1474, r24	; 0x801474 <FAN_NTC2_T_On+0x2>
    3f32:	90 93 75 14 	sts	0x1475, r25	; 0x801475 <FAN_NTC2_T_On+0x3>
    3f36:	87 e6       	ldi	r24, 0x67	; 103
    3f38:	90 e0       	ldi	r25, 0x00	; 0
    3f3a:	19 da       	rcall	.-3022   	; 0x336e <EEPROM_READ_FLOAT>
    3f3c:	60 93 cc 14 	sts	0x14CC, r22	; 0x8014cc <FAN_NTC2_T_Off>
    3f40:	70 93 cd 14 	sts	0x14CD, r23	; 0x8014cd <FAN_NTC2_T_Off+0x1>
    3f44:	80 93 ce 14 	sts	0x14CE, r24	; 0x8014ce <FAN_NTC2_T_Off+0x2>
    3f48:	90 93 cf 14 	sts	0x14CF, r25	; 0x8014cf <FAN_NTC2_T_Off+0x3>
    3f4c:	83 e6       	ldi	r24, 0x63	; 99
    3f4e:	90 e0       	ldi	r25, 0x00	; 0
    3f50:	0e da       	rcall	.-3044   	; 0x336e <EEPROM_READ_FLOAT>
    3f52:	60 93 8a 14 	sts	0x148A, r22	; 0x80148a <FAN_Power_On>
    3f56:	70 93 8b 14 	sts	0x148B, r23	; 0x80148b <FAN_Power_On+0x1>
    3f5a:	80 93 8c 14 	sts	0x148C, r24	; 0x80148c <FAN_Power_On+0x2>
    3f5e:	90 93 8d 14 	sts	0x148D, r25	; 0x80148d <FAN_Power_On+0x3>
    3f62:	8f e5       	ldi	r24, 0x5F	; 95
    3f64:	90 e0       	ldi	r25, 0x00	; 0
    3f66:	03 da       	rcall	.-3066   	; 0x336e <EEPROM_READ_FLOAT>
    3f68:	60 93 7a 14 	sts	0x147A, r22	; 0x80147a <FAN_Power_Off>
    3f6c:	70 93 7b 14 	sts	0x147B, r23	; 0x80147b <FAN_Power_Off+0x1>
    3f70:	80 93 7c 14 	sts	0x147C, r24	; 0x80147c <FAN_Power_Off+0x2>
    3f74:	90 93 7d 14 	sts	0x147D, r25	; 0x80147d <FAN_Power_Off+0x3>
    3f78:	8d e5       	ldi	r24, 0x5D	; 93
    3f7a:	90 e0       	ldi	r25, 0x00	; 0
    3f7c:	be dc       	rcall	.-1668   	; 0x38fa <EEPROM_READ_UINT16>
    3f7e:	90 93 a8 14 	sts	0x14A8, r25	; 0x8014a8 <FAN_Switch_Timer_Max+0x1>
    3f82:	80 93 a7 14 	sts	0x14A7, r24	; 0x8014a7 <FAN_Switch_Timer_Max>
    3f86:	82 e5       	ldi	r24, 0x52	; 82
    3f88:	90 e0       	ldi	r25, 0x00	; 0
    3f8a:	f1 d9       	rcall	.-3102   	; 0x336e <EEPROM_READ_FLOAT>
    3f8c:	60 93 22 14 	sts	0x1422, r22	; 0x801422 <TEMP_MAX_Heat_NTC>
    3f90:	70 93 23 14 	sts	0x1423, r23	; 0x801423 <TEMP_MAX_Heat_NTC+0x1>
    3f94:	80 93 24 14 	sts	0x1424, r24	; 0x801424 <TEMP_MAX_Heat_NTC+0x2>
    3f98:	90 93 25 14 	sts	0x1425, r25	; 0x801425 <TEMP_MAX_Heat_NTC+0x3>
    3f9c:	81 e5       	ldi	r24, 0x51	; 81
    3f9e:	90 e0       	ldi	r25, 0x00	; 0
    3fa0:	0e 94 0c 4e 	call	0x9c18	; 0x9c18 <eeprom_read_byte>
    3fa4:	5e c2       	rjmp	.+1212   	; 0x4462 <__stack+0x363>
    3fa6:	68 e7       	ldi	r22, 0x78	; 120
    3fa8:	72 e0       	ldi	r23, 0x02	; 2
    3faa:	8d e3       	ldi	r24, 0x3D	; 61
    3fac:	94 e1       	ldi	r25, 0x14	; 20
    3fae:	0e 94 09 0c 	call	0x1812	; 0x1812 <Copy_String>
    3fb2:	95 e0       	ldi	r25, 0x05	; 5
    3fb4:	90 93 2d 14 	sts	0x142D, r25	; 0x80142d <SysConfig>
    3fb8:	83 e0       	ldi	r24, 0x03	; 3
    3fba:	80 93 21 14 	sts	0x1421, r24	; 0x801421 <Temp_Sensor_Type>
    3fbe:	40 e0       	ldi	r20, 0x00	; 0
    3fc0:	54 e2       	ldi	r21, 0x24	; 36
    3fc2:	64 ef       	ldi	r22, 0xF4	; 244
    3fc4:	70 e0       	ldi	r23, 0x00	; 0
    3fc6:	40 93 9b 14 	sts	0x149B, r20	; 0x80149b <F_CPU_CAL>
    3fca:	50 93 9c 14 	sts	0x149C, r21	; 0x80149c <F_CPU_CAL+0x1>
    3fce:	60 93 9d 14 	sts	0x149D, r22	; 0x80149d <F_CPU_CAL+0x2>
    3fd2:	70 93 9e 14 	sts	0x149E, r23	; 0x80149e <F_CPU_CAL+0x3>
    3fd6:	90 93 30 14 	sts	0x1430, r25	; 0x801430 <Timer_Control_Match>
    3fda:	84 e6       	ldi	r24, 0x64	; 100
    3fdc:	80 93 2e 14 	sts	0x142E, r24	; 0x80142e <Timer_Temp_Meas_Match>
    3fe0:	8a e0       	ldi	r24, 0x0A	; 10
    3fe2:	80 93 b7 06 	sts	0x06B7, r24	; 0x8006b7 <IV_Meas_Points>
    3fe6:	e1 e0       	ldi	r30, 0x01	; 1
    3fe8:	f0 e0       	ldi	r31, 0x00	; 0
    3fea:	f0 93 8d 10 	sts	0x108D, r31	; 0x80108d <ADC_Num_Avr_VoltCurr+0x1>
    3fee:	e0 93 8c 10 	sts	0x108C, r30	; 0x80108c <ADC_Num_Avr_VoltCurr>
    3ff2:	81 e0       	ldi	r24, 0x01	; 1
    3ff4:	80 93 10 14 	sts	0x1410, r24	; 0x801410 <ADC_Cycl_Avr_VoltCurr>
    3ff8:	80 93 48 12 	sts	0x1248, r24	; 0x801248 <ADC_Num_Avr_Other>
    3ffc:	10 92 ec 14 	sts	0x14EC, r1	; 0x8014ec <Range_Status_A>
    4000:	24 e0       	ldi	r18, 0x04	; 4
    4002:	20 93 10 15 	sts	0x1510, r18	; 0x801510 <Range_Volt_ID_Man>
    4006:	90 93 12 15 	sts	0x1512, r25	; 0x801512 <Range_Curr_ID_Man>
    400a:	9f ef       	ldi	r25, 0xFF	; 255
    400c:	90 93 46 15 	sts	0x1546, r25	; 0x801546 <Range_Volt_Enable>
    4010:	90 93 07 15 	sts	0x1507, r25	; 0x801507 <Range_Curr_Enable>
    4014:	2a ef       	ldi	r18, 0xFA	; 250
    4016:	30 e0       	ldi	r19, 0x00	; 0
    4018:	30 93 5f 15 	sts	0x155F, r19	; 0x80155f <Range_Volt_Switch_Freq_Ctr_Max+0x1>
    401c:	20 93 5e 15 	sts	0x155E, r18	; 0x80155e <Range_Volt_Switch_Freq_Ctr_Max>
    4020:	30 93 ee 14 	sts	0x14EE, r19	; 0x8014ee <Range_Curr_Switch_Freq_Ctr_Max+0x1>
    4024:	20 93 ed 14 	sts	0x14ED, r18	; 0x8014ed <Range_Curr_Switch_Freq_Ctr_Max>
    4028:	24 e6       	ldi	r18, 0x64	; 100
    402a:	30 e0       	ldi	r19, 0x00	; 0
    402c:	30 93 5f 15 	sts	0x155F, r19	; 0x80155f <Range_Volt_Switch_Freq_Ctr_Max+0x1>
    4030:	20 93 5e 15 	sts	0x155E, r18	; 0x80155e <Range_Volt_Switch_Freq_Ctr_Max>
    4034:	30 93 ee 14 	sts	0x14EE, r19	; 0x8014ee <Range_Curr_Switch_Freq_Ctr_Max+0x1>
    4038:	20 93 ed 14 	sts	0x14ED, r18	; 0x8014ed <Range_Curr_Switch_Freq_Ctr_Max>
    403c:	10 92 c6 02 	sts	0x02C6, r1	; 0x8002c6 <IV_Mode>
    4040:	46 ea       	ldi	r20, 0xA6	; 166
    4042:	5f e0       	ldi	r21, 0x0F	; 15
    4044:	69 ec       	ldi	r22, 0xC9	; 201
    4046:	7f e3       	ldi	r23, 0x3F	; 63
    4048:	40 93 ae 02 	sts	0x02AE, r20	; 0x8002ae <IV_Cos_Max_Phase>
    404c:	50 93 af 02 	sts	0x02AF, r21	; 0x8002af <IV_Cos_Max_Phase+0x1>
    4050:	60 93 b0 02 	sts	0x02B0, r22	; 0x8002b0 <IV_Cos_Max_Phase+0x2>
    4054:	70 93 b1 02 	sts	0x02B1, r23	; 0x8002b1 <IV_Cos_Max_Phase+0x3>
    4058:	4e ea       	ldi	r20, 0xAE	; 174
    405a:	57 e4       	ldi	r21, 0x47	; 71
    405c:	61 e8       	ldi	r22, 0x81	; 129
    405e:	7f e3       	ldi	r23, 0x3F	; 63
    4060:	40 93 a9 0a 	sts	0x0AA9, r20	; 0x800aa9 <IV_Voc_Overshoot_Fact>
    4064:	50 93 aa 0a 	sts	0x0AAA, r21	; 0x800aaa <IV_Voc_Overshoot_Fact+0x1>
    4068:	60 93 ab 0a 	sts	0x0AAB, r22	; 0x800aab <IV_Voc_Overshoot_Fact+0x2>
    406c:	70 93 ac 0a 	sts	0x0AAC, r23	; 0x800aac <IV_Voc_Overshoot_Fact+0x3>
    4070:	80 93 c1 02 	sts	0x02C1, r24	; 0x8002c1 <IV_Point_Meas_Nu_AVR_Sets>
    4074:	80 93 b2 02 	sts	0x02B2, r24	; 0x8002b2 <IV_Point_Meas_Nu_AVR_VoltCurr>
    4078:	85 e0       	ldi	r24, 0x05	; 5
    407a:	90 e0       	ldi	r25, 0x00	; 0
    407c:	90 93 b9 02 	sts	0x02B9, r25	; 0x8002b9 <IV_Point_Set_Delay_ms+0x1>
    4080:	80 93 b8 02 	sts	0x02B8, r24	; 0x8002b8 <IV_Point_Set_Delay_ms>
    4084:	10 92 9a 0e 	sts	0x0E9A, r1	; 0x800e9a <PI_CTR_Prop_ID_Man>
    4088:	10 92 9b 0e 	sts	0x0E9B, r1	; 0x800e9b <PI_CTR_Int_ID_Man>
    408c:	10 92 fb 13 	sts	0x13FB, r1	; 0x8013fb <CAL_Bias_A0>
    4090:	10 92 fc 13 	sts	0x13FC, r1	; 0x8013fc <CAL_Bias_A0+0x1>
    4094:	10 92 fd 13 	sts	0x13FD, r1	; 0x8013fd <CAL_Bias_A0+0x2>
    4098:	10 92 fe 13 	sts	0x13FE, r1	; 0x8013fe <CAL_Bias_A0+0x3>
    409c:	80 e0       	ldi	r24, 0x00	; 0
    409e:	90 e0       	ldi	r25, 0x00	; 0
    40a0:	a0 e8       	ldi	r26, 0x80	; 128
    40a2:	bf e3       	ldi	r27, 0x3F	; 63
    40a4:	80 93 43 12 	sts	0x1243, r24	; 0x801243 <CAL_Bias_A1>
    40a8:	90 93 44 12 	sts	0x1244, r25	; 0x801244 <CAL_Bias_A1+0x1>
    40ac:	a0 93 45 12 	sts	0x1245, r26	; 0x801245 <CAL_Bias_A1+0x2>
    40b0:	b0 93 46 12 	sts	0x1246, r27	; 0x801246 <CAL_Bias_A1+0x3>
    40b4:	10 92 62 12 	sts	0x1262, r1	; 0x801262 <CAL_RTD_A0>
    40b8:	10 92 63 12 	sts	0x1263, r1	; 0x801263 <CAL_RTD_A0+0x1>
    40bc:	10 92 64 12 	sts	0x1264, r1	; 0x801264 <CAL_RTD_A0+0x2>
    40c0:	10 92 65 12 	sts	0x1265, r1	; 0x801265 <CAL_RTD_A0+0x3>
    40c4:	80 93 3f 12 	sts	0x123F, r24	; 0x80123f <CAL_RTD_A1>
    40c8:	90 93 40 12 	sts	0x1240, r25	; 0x801240 <CAL_RTD_A1+0x1>
    40cc:	a0 93 41 12 	sts	0x1241, r26	; 0x801241 <CAL_RTD_A1+0x2>
    40d0:	b0 93 42 12 	sts	0x1242, r27	; 0x801242 <CAL_RTD_A1+0x3>
    40d4:	10 92 ff 13 	sts	0x13FF, r1	; 0x8013ff <CAL_RTD_A2>
    40d8:	10 92 00 14 	sts	0x1400, r1	; 0x801400 <CAL_RTD_A2+0x1>
    40dc:	10 92 01 14 	sts	0x1401, r1	; 0x801401 <CAL_RTD_A2+0x2>
    40e0:	10 92 02 14 	sts	0x1402, r1	; 0x801402 <CAL_RTD_A2+0x3>
    40e4:	2f ea       	ldi	r18, 0xAF	; 175
    40e6:	c2 2e       	mov	r12, r18
    40e8:	23 e2       	ldi	r18, 0x23	; 35
    40ea:	d2 2e       	mov	r13, r18
    40ec:	2e ee       	ldi	r18, 0xEE	; 238
    40ee:	e2 2e       	mov	r14, r18
    40f0:	2e e3       	ldi	r18, 0x3E	; 62
    40f2:	f2 2e       	mov	r15, r18
    40f4:	c0 92 19 14 	sts	0x1419, r12	; 0x801419 <CAL_NTC_1_InvGain>
    40f8:	d0 92 1a 14 	sts	0x141A, r13	; 0x80141a <CAL_NTC_1_InvGain+0x1>
    40fc:	e0 92 1b 14 	sts	0x141B, r14	; 0x80141b <CAL_NTC_1_InvGain+0x2>
    4100:	f0 92 1c 14 	sts	0x141C, r15	; 0x80141c <CAL_NTC_1_InvGain+0x3>
    4104:	00 e0       	ldi	r16, 0x00	; 0
    4106:	10 e5       	ldi	r17, 0x50	; 80
    4108:	23 e4       	ldi	r18, 0x43	; 67
    410a:	37 e4       	ldi	r19, 0x47	; 71
    410c:	00 93 0c 14 	sts	0x140C, r16	; 0x80140c <CAL_NTC_1_RSer>
    4110:	10 93 0d 14 	sts	0x140D, r17	; 0x80140d <CAL_NTC_1_RSer+0x1>
    4114:	20 93 0e 14 	sts	0x140E, r18	; 0x80140e <CAL_NTC_1_RSer+0x2>
    4118:	30 93 0f 14 	sts	0x140F, r19	; 0x80140f <CAL_NTC_1_RSer+0x3>
    411c:	47 e1       	ldi	r20, 0x17	; 23
    411e:	57 eb       	ldi	r21, 0xB7	; 183
    4120:	61 ed       	ldi	r22, 0xD1	; 209
    4122:	78 e3       	ldi	r23, 0x38	; 56
    4124:	40 93 8e 10 	sts	0x108E, r20	; 0x80108e <CAL_NTC_1_InvR25>
    4128:	50 93 8f 10 	sts	0x108F, r21	; 0x80108f <CAL_NTC_1_InvR25+0x1>
    412c:	60 93 90 10 	sts	0x1090, r22	; 0x801090 <CAL_NTC_1_InvR25+0x2>
    4130:	70 93 91 10 	sts	0x1091, r23	; 0x801091 <CAL_NTC_1_InvR25+0x3>
    4134:	0f 2e       	mov	r0, r31
    4136:	f9 e9       	ldi	r31, 0x99	; 153
    4138:	8f 2e       	mov	r8, r31
    413a:	f1 ea       	ldi	r31, 0xA1	; 161
    413c:	9f 2e       	mov	r9, r31
    413e:	f8 e9       	ldi	r31, 0x98	; 152
    4140:	af 2e       	mov	r10, r31
    4142:	f9 e3       	ldi	r31, 0x39	; 57
    4144:	bf 2e       	mov	r11, r31
    4146:	f0 2d       	mov	r31, r0
    4148:	80 92 04 14 	sts	0x1404, r8	; 0x801404 <CAL_NTC_1_InvBeta>
    414c:	90 92 05 14 	sts	0x1405, r9	; 0x801405 <CAL_NTC_1_InvBeta+0x1>
    4150:	a0 92 06 14 	sts	0x1406, r10	; 0x801406 <CAL_NTC_1_InvBeta+0x2>
    4154:	b0 92 07 14 	sts	0x1407, r11	; 0x801407 <CAL_NTC_1_InvBeta+0x3>
    4158:	c0 92 1d 14 	sts	0x141D, r12	; 0x80141d <CAL_NTC_2_InvGain>
    415c:	d0 92 1e 14 	sts	0x141E, r13	; 0x80141e <CAL_NTC_2_InvGain+0x1>
    4160:	e0 92 1f 14 	sts	0x141F, r14	; 0x80141f <CAL_NTC_2_InvGain+0x2>
    4164:	f0 92 20 14 	sts	0x1420, r15	; 0x801420 <CAL_NTC_2_InvGain+0x3>
    4168:	00 93 9f 10 	sts	0x109F, r16	; 0x80109f <CAL_NTC_2_RSer>
    416c:	10 93 a0 10 	sts	0x10A0, r17	; 0x8010a0 <CAL_NTC_2_RSer+0x1>
    4170:	20 93 a1 10 	sts	0x10A1, r18	; 0x8010a1 <CAL_NTC_2_RSer+0x2>
    4174:	30 93 a2 10 	sts	0x10A2, r19	; 0x8010a2 <CAL_NTC_2_RSer+0x3>
    4178:	40 93 5e 12 	sts	0x125E, r20	; 0x80125e <CAL_NTC_2_InvR25>
    417c:	50 93 5f 12 	sts	0x125F, r21	; 0x80125f <CAL_NTC_2_InvR25+0x1>
    4180:	60 93 60 12 	sts	0x1260, r22	; 0x801260 <CAL_NTC_2_InvR25+0x2>
    4184:	70 93 61 12 	sts	0x1261, r23	; 0x801261 <CAL_NTC_2_InvR25+0x3>
    4188:	4d e5       	ldi	r20, 0x5D	; 93
    418a:	57 e7       	ldi	r21, 0x77	; 119
    418c:	63 e8       	ldi	r22, 0x83	; 131
    418e:	79 e3       	ldi	r23, 0x39	; 57
    4190:	40 93 52 12 	sts	0x1252, r20	; 0x801252 <CAL_NTC_2_InvBeta>
    4194:	50 93 53 12 	sts	0x1253, r21	; 0x801253 <CAL_NTC_2_InvBeta+0x1>
    4198:	60 93 54 12 	sts	0x1254, r22	; 0x801254 <CAL_NTC_2_InvBeta+0x2>
    419c:	70 93 55 12 	sts	0x1255, r23	; 0x801255 <CAL_NTC_2_InvBeta+0x3>
    41a0:	40 e0       	ldi	r20, 0x00	; 0
    41a2:	50 e0       	ldi	r21, 0x00	; 0
    41a4:	62 e2       	ldi	r22, 0x22	; 34
    41a6:	74 e4       	ldi	r23, 0x44	; 68
    41a8:	40 93 08 14 	sts	0x1408, r20	; 0x801408 <CAL_DAC_A0>
    41ac:	50 93 09 14 	sts	0x1409, r21	; 0x801409 <CAL_DAC_A0+0x1>
    41b0:	60 93 0a 14 	sts	0x140A, r22	; 0x80140a <CAL_DAC_A0+0x2>
    41b4:	70 93 0b 14 	sts	0x140B, r23	; 0x80140b <CAL_DAC_A0+0x3>
    41b8:	80 93 93 10 	sts	0x1093, r24	; 0x801093 <CAL_DAC_A1>
    41bc:	90 93 94 10 	sts	0x1094, r25	; 0x801094 <CAL_DAC_A1+0x1>
    41c0:	a0 93 95 10 	sts	0x1095, r26	; 0x801095 <CAL_DAC_A1+0x2>
    41c4:	b0 93 96 10 	sts	0x1096, r27	; 0x801096 <CAL_DAC_A1+0x3>
    41c8:	10 92 a3 14 	sts	0x14A3, r1	; 0x8014a3 <Temp_NTC1_MIN_DisCon>
    41cc:	10 92 a4 14 	sts	0x14A4, r1	; 0x8014a4 <Temp_NTC1_MIN_DisCon+0x1>
    41d0:	10 92 a5 14 	sts	0x14A5, r1	; 0x8014a5 <Temp_NTC1_MIN_DisCon+0x2>
    41d4:	10 92 a6 14 	sts	0x14A6, r1	; 0x8014a6 <Temp_NTC1_MIN_DisCon+0x3>
    41d8:	40 e0       	ldi	r20, 0x00	; 0
    41da:	50 e0       	ldi	r21, 0x00	; 0
    41dc:	60 e2       	ldi	r22, 0x20	; 32
    41de:	72 e4       	ldi	r23, 0x42	; 66
    41e0:	40 93 61 14 	sts	0x1461, r20	; 0x801461 <Temp_NTC1_MAX_DisCon>
    41e4:	50 93 62 14 	sts	0x1462, r21	; 0x801462 <Temp_NTC1_MAX_DisCon+0x1>
    41e8:	60 93 63 14 	sts	0x1463, r22	; 0x801463 <Temp_NTC1_MAX_DisCon+0x2>
    41ec:	70 93 64 14 	sts	0x1464, r23	; 0x801464 <Temp_NTC1_MAX_DisCon+0x3>
    41f0:	40 e0       	ldi	r20, 0x00	; 0
    41f2:	50 e0       	ldi	r21, 0x00	; 0
    41f4:	60 ea       	ldi	r22, 0xA0	; 160
    41f6:	70 e4       	ldi	r23, 0x40	; 64
    41f8:	40 93 6a 14 	sts	0x146A, r20	; 0x80146a <Temp_NTC1_MIN_ReCon>
    41fc:	50 93 6b 14 	sts	0x146B, r21	; 0x80146b <Temp_NTC1_MIN_ReCon+0x1>
    4200:	60 93 6c 14 	sts	0x146C, r22	; 0x80146c <Temp_NTC1_MIN_ReCon+0x2>
    4204:	70 93 6d 14 	sts	0x146D, r23	; 0x80146d <Temp_NTC1_MIN_ReCon+0x3>
    4208:	00 e0       	ldi	r16, 0x00	; 0
    420a:	10 e0       	ldi	r17, 0x00	; 0
    420c:	2c e0       	ldi	r18, 0x0C	; 12
    420e:	32 e4       	ldi	r19, 0x42	; 66
    4210:	00 93 76 14 	sts	0x1476, r16	; 0x801476 <Temp_NTC1_MAX_ReCon>
    4214:	10 93 77 14 	sts	0x1477, r17	; 0x801477 <Temp_NTC1_MAX_ReCon+0x1>
    4218:	20 93 78 14 	sts	0x1478, r18	; 0x801478 <Temp_NTC1_MAX_ReCon+0x2>
    421c:	30 93 79 14 	sts	0x1479, r19	; 0x801479 <Temp_NTC1_MAX_ReCon+0x3>
    4220:	10 92 93 14 	sts	0x1493, r1	; 0x801493 <Temp_NTC2_MIN_DisCon>
    4224:	10 92 94 14 	sts	0x1494, r1	; 0x801494 <Temp_NTC2_MIN_DisCon+0x1>
    4228:	10 92 95 14 	sts	0x1495, r1	; 0x801495 <Temp_NTC2_MIN_DisCon+0x2>
    422c:	10 92 96 14 	sts	0x1496, r1	; 0x801496 <Temp_NTC2_MIN_DisCon+0x3>
    4230:	00 e0       	ldi	r16, 0x00	; 0
    4232:	10 e0       	ldi	r17, 0x00	; 0
    4234:	20 ea       	ldi	r18, 0xA0	; 160
    4236:	32 e4       	ldi	r19, 0x42	; 66
    4238:	00 93 39 14 	sts	0x1439, r16	; 0x801439 <Temp_NTC2_MAX_DisCon>
    423c:	10 93 3a 14 	sts	0x143A, r17	; 0x80143a <Temp_NTC2_MAX_DisCon+0x1>
    4240:	20 93 3b 14 	sts	0x143B, r18	; 0x80143b <Temp_NTC2_MAX_DisCon+0x2>
    4244:	30 93 3c 14 	sts	0x143C, r19	; 0x80143c <Temp_NTC2_MAX_DisCon+0x3>
    4248:	40 93 d0 14 	sts	0x14D0, r20	; 0x8014d0 <Temp_NTC2_MIN_ReCon>
    424c:	50 93 d1 14 	sts	0x14D1, r21	; 0x8014d1 <Temp_NTC2_MIN_ReCon+0x1>
    4250:	60 93 d2 14 	sts	0x14D2, r22	; 0x8014d2 <Temp_NTC2_MIN_ReCon+0x2>
    4254:	70 93 d3 14 	sts	0x14D3, r23	; 0x8014d3 <Temp_NTC2_MIN_ReCon+0x3>
    4258:	00 e0       	ldi	r16, 0x00	; 0
    425a:	10 e0       	ldi	r17, 0x00	; 0
    425c:	20 e7       	ldi	r18, 0x70	; 112
    425e:	32 e4       	ldi	r19, 0x42	; 66
    4260:	00 93 9f 14 	sts	0x149F, r16	; 0x80149f <Temp_NTC2_MAX_ReCon>
    4264:	10 93 a0 14 	sts	0x14A0, r17	; 0x8014a0 <Temp_NTC2_MAX_ReCon+0x1>
    4268:	20 93 a1 14 	sts	0x14A1, r18	; 0x8014a1 <Temp_NTC2_MAX_ReCon+0x2>
    426c:	30 93 a2 14 	sts	0x14A2, r19	; 0x8014a2 <Temp_NTC2_MAX_ReCon+0x3>
    4270:	00 e0       	ldi	r16, 0x00	; 0
    4272:	10 e6       	ldi	r17, 0x60	; 96
    4274:	2a e6       	ldi	r18, 0x6A	; 106
    4276:	36 e4       	ldi	r19, 0x46	; 70
    4278:	00 93 ba 02 	sts	0x02BA, r16	; 0x8002ba <BiasV_Range_Min>
    427c:	10 93 bb 02 	sts	0x02BB, r17	; 0x8002bb <BiasV_Range_Min+0x1>
    4280:	20 93 bc 02 	sts	0x02BC, r18	; 0x8002bc <BiasV_Range_Min+0x2>
    4284:	30 93 bd 02 	sts	0x02BD, r19	; 0x8002bd <BiasV_Range_Min+0x3>
    4288:	00 e0       	ldi	r16, 0x00	; 0
    428a:	18 ec       	ldi	r17, 0xC8	; 200
    428c:	2f e2       	ldi	r18, 0x2F	; 47
    428e:	37 e4       	ldi	r19, 0x47	; 71
    4290:	00 93 aa 02 	sts	0x02AA, r16	; 0x8002aa <__data_end>
    4294:	10 93 ab 02 	sts	0x02AB, r17	; 0x8002ab <__data_end+0x1>
    4298:	20 93 ac 02 	sts	0x02AC, r18	; 0x8002ac <__data_end+0x2>
    429c:	30 93 ad 02 	sts	0x02AD, r19	; 0x8002ad <__data_end+0x3>
    42a0:	41 2c       	mov	r4, r1
    42a2:	51 2c       	mov	r5, r1
    42a4:	2a e7       	ldi	r18, 0x7A	; 122
    42a6:	62 2e       	mov	r6, r18
    42a8:	24 e4       	ldi	r18, 0x44	; 68
    42aa:	72 2e       	mov	r7, r18
    42ac:	40 92 8e 14 	sts	0x148E, r4	; 0x80148e <LOAD_MPPT_Max_Step_CND>
    42b0:	50 92 8f 14 	sts	0x148F, r5	; 0x80148f <LOAD_MPPT_Max_Step_CND+0x1>
    42b4:	60 92 90 14 	sts	0x1490, r6	; 0x801490 <LOAD_MPPT_Max_Step_CND+0x2>
    42b8:	70 92 91 14 	sts	0x1491, r7	; 0x801491 <LOAD_MPPT_Max_Step_CND+0x3>
    42bc:	00 e0       	ldi	r16, 0x00	; 0
    42be:	10 e0       	ldi	r17, 0x00	; 0
    42c0:	20 e2       	ldi	r18, 0x20	; 32
    42c2:	31 e4       	ldi	r19, 0x41	; 65
    42c4:	00 93 c1 14 	sts	0x14C1, r16	; 0x8014c1 <LOAD_MPPT_Min_Step_CND>
    42c8:	10 93 c2 14 	sts	0x14C2, r17	; 0x8014c2 <LOAD_MPPT_Min_Step_CND+0x1>
    42cc:	20 93 c3 14 	sts	0x14C3, r18	; 0x8014c3 <LOAD_MPPT_Min_Step_CND+0x2>
    42d0:	30 93 c4 14 	sts	0x14C4, r19	; 0x8014c4 <LOAD_MPPT_Min_Step_CND+0x3>
    42d4:	0f 2e       	mov	r0, r31
    42d6:	fa e9       	ldi	r31, 0x9A	; 154
    42d8:	8f 2e       	mov	r8, r31
    42da:	f9 e9       	ldi	r31, 0x99	; 153
    42dc:	9f 2e       	mov	r9, r31
    42de:	a9 2c       	mov	r10, r9
    42e0:	ff e3       	ldi	r31, 0x3F	; 63
    42e2:	bf 2e       	mov	r11, r31
    42e4:	f0 2d       	mov	r31, r0
    42e6:	80 92 7e 14 	sts	0x147E, r8	; 0x80147e <LOAD_MPPT_Step_Increase_Fact>
    42ea:	90 92 7f 14 	sts	0x147F, r9	; 0x80147f <LOAD_MPPT_Step_Increase_Fact+0x1>
    42ee:	a0 92 80 14 	sts	0x1480, r10	; 0x801480 <LOAD_MPPT_Step_Increase_Fact+0x2>
    42f2:	b0 92 81 14 	sts	0x1481, r11	; 0x801481 <LOAD_MPPT_Step_Increase_Fact+0x3>
    42f6:	0f 2e       	mov	r0, r31
    42f8:	fa e9       	ldi	r31, 0x9A	; 154
    42fa:	cf 2e       	mov	r12, r31
    42fc:	f9 e9       	ldi	r31, 0x99	; 153
    42fe:	df 2e       	mov	r13, r31
    4300:	f9 e1       	ldi	r31, 0x19	; 25
    4302:	ef 2e       	mov	r14, r31
    4304:	ff e3       	ldi	r31, 0x3F	; 63
    4306:	ff 2e       	mov	r15, r31
    4308:	f0 2d       	mov	r31, r0
    430a:	c0 92 ac 14 	sts	0x14AC, r12	; 0x8014ac <LOAD_MPPT_Step_Reduction_Fact>
    430e:	d0 92 ad 14 	sts	0x14AD, r13	; 0x8014ad <LOAD_MPPT_Step_Reduction_Fact+0x1>
    4312:	e0 92 ae 14 	sts	0x14AE, r14	; 0x8014ae <LOAD_MPPT_Step_Reduction_Fact+0x2>
    4316:	f0 92 af 14 	sts	0x14AF, r15	; 0x8014af <LOAD_MPPT_Step_Reduction_Fact+0x3>
    431a:	0f 2e       	mov	r0, r31
    431c:	c1 2c       	mov	r12, r1
    431e:	f4 e2       	ldi	r31, 0x24	; 36
    4320:	df 2e       	mov	r13, r31
    4322:	f4 e7       	ldi	r31, 0x74	; 116
    4324:	ef 2e       	mov	r14, r31
    4326:	f9 e4       	ldi	r31, 0x49	; 73
    4328:	ff 2e       	mov	r15, r31
    432a:	f0 2d       	mov	r31, r0
    432c:	c0 92 b9 14 	sts	0x14B9, r12	; 0x8014b9 <LOAD_MPPT_Tolerance_CND>
    4330:	d0 92 ba 14 	sts	0x14BA, r13	; 0x8014ba <LOAD_MPPT_Tolerance_CND+0x1>
    4334:	e0 92 bb 14 	sts	0x14BB, r14	; 0x8014bb <LOAD_MPPT_Tolerance_CND+0x2>
    4338:	f0 92 bc 14 	sts	0x14BC, r15	; 0x8014bc <LOAD_MPPT_Tolerance_CND+0x3>
    433c:	f0 93 c6 14 	sts	0x14C6, r31	; 0x8014c6 <LOAD_MPPT_Timer_Update_Delay+0x1>
    4340:	e0 93 c5 14 	sts	0x14C5, r30	; 0x8014c5 <LOAD_MPPT_Timer_Update_Delay>
    4344:	40 92 86 14 	sts	0x1486, r4	; 0x801486 <LOAD_CurrT_Max_Step_CND>
    4348:	50 92 87 14 	sts	0x1487, r5	; 0x801487 <LOAD_CurrT_Max_Step_CND+0x1>
    434c:	60 92 88 14 	sts	0x1488, r6	; 0x801488 <LOAD_CurrT_Max_Step_CND+0x2>
    4350:	70 92 89 14 	sts	0x1489, r7	; 0x801489 <LOAD_CurrT_Max_Step_CND+0x3>
    4354:	80 93 35 14 	sts	0x1435, r24	; 0x801435 <LOAD_CurrT_Min_Step_CND>
    4358:	90 93 36 14 	sts	0x1436, r25	; 0x801436 <LOAD_CurrT_Min_Step_CND+0x1>
    435c:	a0 93 37 14 	sts	0x1437, r26	; 0x801437 <LOAD_CurrT_Min_Step_CND+0x2>
    4360:	b0 93 38 14 	sts	0x1438, r27	; 0x801438 <LOAD_CurrT_Min_Step_CND+0x3>
    4364:	80 92 65 14 	sts	0x1465, r8	; 0x801465 <LOAD_CurrT_Step_Increase_Fact>
    4368:	90 92 66 14 	sts	0x1466, r9	; 0x801466 <LOAD_CurrT_Step_Increase_Fact+0x1>
    436c:	a0 92 67 14 	sts	0x1467, r10	; 0x801467 <LOAD_CurrT_Step_Increase_Fact+0x2>
    4370:	b0 92 68 14 	sts	0x1468, r11	; 0x801468 <LOAD_CurrT_Step_Increase_Fact+0x3>
    4374:	8a e9       	ldi	r24, 0x9A	; 154
    4376:	99 e9       	ldi	r25, 0x99	; 153
    4378:	a9 e1       	ldi	r26, 0x19	; 25
    437a:	bf e3       	ldi	r27, 0x3F	; 63
    437c:	80 93 b5 14 	sts	0x14B5, r24	; 0x8014b5 <LOAD_CurrT_Step_Reduction_Fact>
    4380:	90 93 b6 14 	sts	0x14B6, r25	; 0x8014b6 <LOAD_CurrT_Step_Reduction_Fact+0x1>
    4384:	a0 93 b7 14 	sts	0x14B7, r26	; 0x8014b7 <LOAD_CurrT_Step_Reduction_Fact+0x2>
    4388:	b0 93 b8 14 	sts	0x14B8, r27	; 0x8014b8 <LOAD_CurrT_Step_Reduction_Fact+0x3>
    438c:	00 93 6e 14 	sts	0x146E, r16	; 0x80146e <LOAD_CurrT_Tolerance_CND>
    4390:	10 93 6f 14 	sts	0x146F, r17	; 0x80146f <LOAD_CurrT_Tolerance_CND+0x1>
    4394:	20 93 70 14 	sts	0x1470, r18	; 0x801470 <LOAD_CurrT_Tolerance_CND+0x2>
    4398:	30 93 71 14 	sts	0x1471, r19	; 0x801471 <LOAD_CurrT_Tolerance_CND+0x3>
    439c:	10 92 2b 14 	sts	0x142B, r1	; 0x80142b <SysControl>
    43a0:	10 92 a9 14 	sts	0x14A9, r1	; 0x8014a9 <PV_Mode_CTR>
    43a4:	10 92 56 14 	sts	0x1456, r1	; 0x801456 <PV_Volt_Setpoint>
    43a8:	10 92 57 14 	sts	0x1457, r1	; 0x801457 <PV_Volt_Setpoint+0x1>
    43ac:	10 92 58 14 	sts	0x1458, r1	; 0x801458 <PV_Volt_Setpoint+0x2>
    43b0:	10 92 59 14 	sts	0x1459, r1	; 0x801459 <PV_Volt_Setpoint+0x3>
    43b4:	10 92 b1 14 	sts	0x14B1, r1	; 0x8014b1 <PV_Curr_Setpoint>
    43b8:	10 92 b2 14 	sts	0x14B2, r1	; 0x8014b2 <PV_Curr_Setpoint+0x1>
    43bc:	10 92 b3 14 	sts	0x14B3, r1	; 0x8014b3 <PV_Curr_Setpoint+0x2>
    43c0:	10 92 b4 14 	sts	0x14B4, r1	; 0x8014b4 <PV_Curr_Setpoint+0x3>
    43c4:	10 92 cb 14 	sts	0x14CB, r1	; 0x8014cb <FAN_CTR_State>
    43c8:	c1 2c       	mov	r12, r1
    43ca:	d1 2c       	mov	r13, r1
    43cc:	80 ef       	ldi	r24, 0xF0	; 240
    43ce:	e8 2e       	mov	r14, r24
    43d0:	81 e4       	ldi	r24, 0x41	; 65
    43d2:	f8 2e       	mov	r15, r24
    43d4:	c0 92 52 14 	sts	0x1452, r12	; 0x801452 <FAN_NTC1_T_On>
    43d8:	d0 92 53 14 	sts	0x1453, r13	; 0x801453 <FAN_NTC1_T_On+0x1>
    43dc:	e0 92 54 14 	sts	0x1454, r14	; 0x801454 <FAN_NTC1_T_On+0x2>
    43e0:	f0 92 55 14 	sts	0x1455, r15	; 0x801455 <FAN_NTC1_T_On+0x3>
    43e4:	80 e0       	ldi	r24, 0x00	; 0
    43e6:	90 e0       	ldi	r25, 0x00	; 0
    43e8:	a8 ec       	ldi	r26, 0xC8	; 200
    43ea:	b1 e4       	ldi	r27, 0x41	; 65
    43ec:	80 93 82 14 	sts	0x1482, r24	; 0x801482 <FAN_NTC1_T_Off>
    43f0:	90 93 83 14 	sts	0x1483, r25	; 0x801483 <FAN_NTC1_T_Off+0x1>
    43f4:	a0 93 84 14 	sts	0x1484, r26	; 0x801484 <FAN_NTC1_T_Off+0x2>
    43f8:	b0 93 85 14 	sts	0x1485, r27	; 0x801485 <FAN_NTC1_T_Off+0x3>
    43fc:	c0 92 72 14 	sts	0x1472, r12	; 0x801472 <FAN_NTC2_T_On>
    4400:	d0 92 73 14 	sts	0x1473, r13	; 0x801473 <FAN_NTC2_T_On+0x1>
    4404:	e0 92 74 14 	sts	0x1474, r14	; 0x801474 <FAN_NTC2_T_On+0x2>
    4408:	f0 92 75 14 	sts	0x1475, r15	; 0x801475 <FAN_NTC2_T_On+0x3>
    440c:	80 93 cc 14 	sts	0x14CC, r24	; 0x8014cc <FAN_NTC2_T_Off>
    4410:	90 93 cd 14 	sts	0x14CD, r25	; 0x8014cd <FAN_NTC2_T_Off+0x1>
    4414:	a0 93 ce 14 	sts	0x14CE, r26	; 0x8014ce <FAN_NTC2_T_Off+0x2>
    4418:	b0 93 cf 14 	sts	0x14CF, r27	; 0x8014cf <FAN_NTC2_T_Off+0x3>
    441c:	00 93 8a 14 	sts	0x148A, r16	; 0x80148a <FAN_Power_On>
    4420:	10 93 8b 14 	sts	0x148B, r17	; 0x80148b <FAN_Power_On+0x1>
    4424:	20 93 8c 14 	sts	0x148C, r18	; 0x80148c <FAN_Power_On+0x2>
    4428:	30 93 8d 14 	sts	0x148D, r19	; 0x80148d <FAN_Power_On+0x3>
    442c:	40 93 7a 14 	sts	0x147A, r20	; 0x80147a <FAN_Power_Off>
    4430:	50 93 7b 14 	sts	0x147B, r21	; 0x80147b <FAN_Power_Off+0x1>
    4434:	60 93 7c 14 	sts	0x147C, r22	; 0x80147c <FAN_Power_Off+0x2>
    4438:	70 93 7d 14 	sts	0x147D, r23	; 0x80147d <FAN_Power_Off+0x3>
    443c:	80 e6       	ldi	r24, 0x60	; 96
    443e:	99 e0       	ldi	r25, 0x09	; 9
    4440:	90 93 a8 14 	sts	0x14A8, r25	; 0x8014a8 <FAN_Switch_Timer_Max+0x1>
    4444:	80 93 a7 14 	sts	0x14A7, r24	; 0x8014a7 <FAN_Switch_Timer_Max>
    4448:	80 e0       	ldi	r24, 0x00	; 0
    444a:	90 e0       	ldi	r25, 0x00	; 0
    444c:	ac e8       	ldi	r26, 0x8C	; 140
    444e:	b2 e4       	ldi	r27, 0x42	; 66
    4450:	80 93 22 14 	sts	0x1422, r24	; 0x801422 <TEMP_MAX_Heat_NTC>
    4454:	90 93 23 14 	sts	0x1423, r25	; 0x801423 <TEMP_MAX_Heat_NTC+0x1>
    4458:	a0 93 24 14 	sts	0x1424, r26	; 0x801424 <TEMP_MAX_Heat_NTC+0x2>
    445c:	b0 93 25 14 	sts	0x1425, r27	; 0x801425 <TEMP_MAX_Heat_NTC+0x3>
    4460:	82 e0       	ldi	r24, 0x02	; 2
    4462:	80 93 34 14 	sts	0x1434, r24	; 0x801434 <TEMP_Heat_dissipation_devices>
    4466:	60 91 8c 10 	lds	r22, 0x108C	; 0x80108c <ADC_Num_Avr_VoltCurr>
    446a:	70 91 8d 10 	lds	r23, 0x108D	; 0x80108d <ADC_Num_Avr_VoltCurr+0x1>
    446e:	10 91 10 14 	lds	r17, 0x1410	; 0x801410 <ADC_Cycl_Avr_VoltCurr>
    4472:	80 e0       	ldi	r24, 0x00	; 0
    4474:	90 e0       	ldi	r25, 0x00	; 0
    4476:	0e 94 d1 47 	call	0x8fa2	; 0x8fa2 <__floatunsisf>
    447a:	6b 01       	movw	r12, r22
    447c:	7c 01       	movw	r14, r24
    447e:	61 2f       	mov	r22, r17
    4480:	70 e0       	ldi	r23, 0x00	; 0
    4482:	80 e0       	ldi	r24, 0x00	; 0
    4484:	90 e0       	ldi	r25, 0x00	; 0
    4486:	0e 94 d1 47 	call	0x8fa2	; 0x8fa2 <__floatunsisf>
    448a:	9b 01       	movw	r18, r22
    448c:	ac 01       	movw	r20, r24
    448e:	c7 01       	movw	r24, r14
    4490:	b6 01       	movw	r22, r12
    4492:	0e 94 61 49 	call	0x92c2	; 0x92c2 <__mulsf3>
    4496:	9b 01       	movw	r18, r22
    4498:	ac 01       	movw	r20, r24
    449a:	60 e0       	ldi	r22, 0x00	; 0
    449c:	70 e0       	ldi	r23, 0x00	; 0
    449e:	80 e8       	ldi	r24, 0x80	; 128
    44a0:	9f e3       	ldi	r25, 0x3F	; 63
    44a2:	0e 94 07 47 	call	0x8e0e	; 0x8e0e <__divsf3>
    44a6:	60 93 a3 10 	sts	0x10A3, r22	; 0x8010a3 <ADC_Avr_Mult_VoltCurr>
    44aa:	70 93 a4 10 	sts	0x10A4, r23	; 0x8010a4 <ADC_Avr_Mult_VoltCurr+0x1>
    44ae:	80 93 a5 10 	sts	0x10A5, r24	; 0x8010a5 <ADC_Avr_Mult_VoltCurr+0x2>
    44b2:	90 93 a6 10 	sts	0x10A6, r25	; 0x8010a6 <ADC_Avr_Mult_VoltCurr+0x3>
    44b6:	60 91 48 12 	lds	r22, 0x1248	; 0x801248 <ADC_Num_Avr_Other>
    44ba:	70 e0       	ldi	r23, 0x00	; 0
    44bc:	80 e0       	ldi	r24, 0x00	; 0
    44be:	90 e0       	ldi	r25, 0x00	; 0
    44c0:	0e 94 d1 47 	call	0x8fa2	; 0x8fa2 <__floatunsisf>
    44c4:	9b 01       	movw	r18, r22
    44c6:	ac 01       	movw	r20, r24
    44c8:	60 e0       	ldi	r22, 0x00	; 0
    44ca:	70 e0       	ldi	r23, 0x00	; 0
    44cc:	80 e8       	ldi	r24, 0x80	; 128
    44ce:	9f e3       	ldi	r25, 0x3F	; 63
    44d0:	0e 94 07 47 	call	0x8e0e	; 0x8e0e <__divsf3>
    44d4:	60 93 5a 12 	sts	0x125A, r22	; 0x80125a <ADC_Avr_Mult_Other>
    44d8:	70 93 5b 12 	sts	0x125B, r23	; 0x80125b <ADC_Avr_Mult_Other+0x1>
    44dc:	80 93 5c 12 	sts	0x125C, r24	; 0x80125c <ADC_Avr_Mult_Other+0x2>
    44e0:	90 93 5d 12 	sts	0x125D, r25	; 0x80125d <ADC_Avr_Mult_Other+0x3>
    44e4:	60 91 9b 14 	lds	r22, 0x149B	; 0x80149b <F_CPU_CAL>
    44e8:	70 91 9c 14 	lds	r23, 0x149C	; 0x80149c <F_CPU_CAL+0x1>
    44ec:	80 91 9d 14 	lds	r24, 0x149D	; 0x80149d <F_CPU_CAL+0x2>
    44f0:	90 91 9e 14 	lds	r25, 0x149E	; 0x80149e <F_CPU_CAL+0x3>
    44f4:	0e 94 d3 47 	call	0x8fa6	; 0x8fa6 <__floatsisf>
    44f8:	20 e0       	ldi	r18, 0x00	; 0
    44fa:	34 e2       	ldi	r19, 0x24	; 36
    44fc:	44 e7       	ldi	r20, 0x74	; 116
    44fe:	59 e4       	ldi	r21, 0x49	; 73
    4500:	0e 94 07 47 	call	0x8e0e	; 0x8e0e <__divsf3>
    4504:	9b 01       	movw	r18, r22
    4506:	ac 01       	movw	r20, r24
    4508:	60 e0       	ldi	r22, 0x00	; 0
    450a:	70 e0       	ldi	r23, 0x00	; 0
    450c:	80 e8       	ldi	r24, 0x80	; 128
    450e:	9f e3       	ldi	r25, 0x3F	; 63
    4510:	0e 94 07 47 	call	0x8e0e	; 0x8e0e <__divsf3>
    4514:	20 e0       	ldi	r18, 0x00	; 0
    4516:	30 e0       	ldi	r19, 0x00	; 0
    4518:	4d e3       	ldi	r20, 0x3D	; 61
    451a:	53 e4       	ldi	r21, 0x43	; 67
    451c:	0e 94 61 49 	call	0x92c2	; 0x92c2 <__mulsf3>
    4520:	60 93 c7 02 	sts	0x02C7, r22	; 0x8002c7 <Trs_Meas_Time_us>
    4524:	70 93 c8 02 	sts	0x02C8, r23	; 0x8002c8 <Trs_Meas_Time_us+0x1>
    4528:	80 93 c9 02 	sts	0x02C9, r24	; 0x8002c9 <Trs_Meas_Time_us+0x2>
    452c:	90 93 ca 02 	sts	0x02CA, r25	; 0x8002ca <Trs_Meas_Time_us+0x3>
    4530:	60 91 9b 14 	lds	r22, 0x149B	; 0x80149b <F_CPU_CAL>
    4534:	70 91 9c 14 	lds	r23, 0x149C	; 0x80149c <F_CPU_CAL+0x1>
    4538:	80 91 9d 14 	lds	r24, 0x149D	; 0x80149d <F_CPU_CAL+0x2>
    453c:	90 91 9e 14 	lds	r25, 0x149E	; 0x80149e <F_CPU_CAL+0x3>
    4540:	0e 94 d3 47 	call	0x8fa6	; 0x8fa6 <__floatsisf>
    4544:	20 e0       	ldi	r18, 0x00	; 0
    4546:	34 e2       	ldi	r19, 0x24	; 36
    4548:	44 e7       	ldi	r20, 0x74	; 116
    454a:	59 e4       	ldi	r21, 0x49	; 73
    454c:	0e 94 07 47 	call	0x8e0e	; 0x8e0e <__divsf3>
    4550:	9b 01       	movw	r18, r22
    4552:	ac 01       	movw	r20, r24
    4554:	60 e0       	ldi	r22, 0x00	; 0
    4556:	70 e0       	ldi	r23, 0x00	; 0
    4558:	80 e8       	ldi	r24, 0x80	; 128
    455a:	9f e3       	ldi	r25, 0x3F	; 63
    455c:	0e 94 07 47 	call	0x8e0e	; 0x8e0e <__divsf3>
    4560:	20 e0       	ldi	r18, 0x00	; 0
    4562:	30 e0       	ldi	r19, 0x00	; 0
    4564:	40 e0       	ldi	r20, 0x00	; 0
    4566:	51 e4       	ldi	r21, 0x41	; 65
    4568:	0e 94 61 49 	call	0x92c2	; 0x92c2 <__mulsf3>
    456c:	60 93 b4 02 	sts	0x02B4, r22	; 0x8002b4 <Trs_Delay_Res_us>
    4570:	70 93 b5 02 	sts	0x02B5, r23	; 0x8002b5 <Trs_Delay_Res_us+0x1>
    4574:	80 93 b6 02 	sts	0x02B6, r24	; 0x8002b6 <Trs_Delay_Res_us+0x2>
    4578:	90 93 b7 02 	sts	0x02B7, r25	; 0x8002b7 <Trs_Delay_Res_us+0x3>
    457c:	1f 91       	pop	r17
    457e:	0f 91       	pop	r16
    4580:	ff 90       	pop	r15
    4582:	ef 90       	pop	r14
    4584:	df 90       	pop	r13
    4586:	cf 90       	pop	r12
    4588:	bf 90       	pop	r11
    458a:	af 90       	pop	r10
    458c:	9f 90       	pop	r9
    458e:	8f 90       	pop	r8
    4590:	7f 90       	pop	r7
    4592:	6f 90       	pop	r6
    4594:	5f 90       	pop	r5
    4596:	4f 90       	pop	r4
    4598:	08 95       	ret

0000459a <EEPROM_ACCESS_UART>:
    459a:	8f 92       	push	r8
    459c:	9f 92       	push	r9
    459e:	af 92       	push	r10
    45a0:	bf 92       	push	r11
    45a2:	df 92       	push	r13
    45a4:	ef 92       	push	r14
    45a6:	ff 92       	push	r15
    45a8:	0f 93       	push	r16
    45aa:	1f 93       	push	r17
    45ac:	cf 93       	push	r28
    45ae:	df 93       	push	r29
    45b0:	cd b7       	in	r28, 0x3d	; 61
    45b2:	de b7       	in	r29, 0x3e	; 62
    45b4:	c5 57       	subi	r28, 0x75	; 117
    45b6:	d1 09       	sbc	r29, r1
    45b8:	0f b6       	in	r0, 0x3f	; 63
    45ba:	f8 94       	cli
    45bc:	de bf       	out	0x3e, r29	; 62
    45be:	0f be       	out	0x3f, r0	; 63
    45c0:	cd bf       	out	0x3d, r28	; 61
    45c2:	8c 01       	movw	r16, r24
    45c4:	f6 2e       	mov	r15, r22
    45c6:	81 e0       	ldi	r24, 0x01	; 1
    45c8:	68 13       	cpse	r22, r24
    45ca:	3d c0       	rjmp	.+122    	; 0x4646 <EEPROM_ACCESS_UART+0xac>
    45cc:	f8 01       	movw	r30, r16
    45ce:	ce 01       	movw	r24, r28
    45d0:	01 96       	adiw	r24, 0x01	; 1
    45d2:	4c 01       	movw	r8, r24
    45d4:	dc 01       	movw	r26, r24
    45d6:	d1 2c       	mov	r13, r1
    45d8:	5c 01       	movw	r10, r24
    45da:	81 91       	ld	r24, Z+
    45dc:	89 30       	cpi	r24, 0x09	; 9
    45de:	69 f0       	breq	.+26     	; 0x45fa <EEPROM_ACCESS_UART+0x60>
    45e0:	81 11       	cpse	r24, r1
    45e2:	05 c0       	rjmp	.+10     	; 0x45ee <EEPROM_ACCESS_UART+0x54>
    45e4:	80 e8       	ldi	r24, 0x80	; 128
    45e6:	92 e0       	ldi	r25, 0x02	; 2
    45e8:	0e 94 1d 0b 	call	0x163a	; 0x163a <UART_WriteString>
    45ec:	5d c6       	rjmp	.+3258   	; 0x52a8 <EEPROM_ACCESS_UART+0xd0e>
    45ee:	8d 93       	st	X+, r24
    45f0:	d3 94       	inc	r13
    45f2:	96 e0       	ldi	r25, 0x06	; 6
    45f4:	d9 12       	cpse	r13, r25
    45f6:	f1 cf       	rjmp	.-30     	; 0x45da <EEPROM_ACCESS_UART+0x40>
    45f8:	f5 cf       	rjmp	.-22     	; 0x45e4 <EEPROM_ACCESS_UART+0x4a>
    45fa:	f4 01       	movw	r30, r8
    45fc:	ed 0d       	add	r30, r13
    45fe:	f1 1d       	adc	r31, r1
    4600:	10 82       	st	Z, r1
    4602:	c4 01       	movw	r24, r8
    4604:	0e 94 e5 4a 	call	0x95ca	; 0x95ca <atoi>
    4608:	e8 2e       	mov	r14, r24
    460a:	d3 94       	inc	r13
    460c:	90 e0       	ldi	r25, 0x00	; 0
    460e:	f8 01       	movw	r30, r16
    4610:	ed 0d       	add	r30, r13
    4612:	f1 1d       	adc	r31, r1
    4614:	20 81       	ld	r18, Z
    4616:	22 23       	and	r18, r18
    4618:	61 f0       	breq	.+24     	; 0x4632 <EEPROM_ACCESS_UART+0x98>
    461a:	f4 01       	movw	r30, r8
    461c:	21 93       	st	Z+, r18
    461e:	4f 01       	movw	r8, r30
    4620:	d3 94       	inc	r13
    4622:	9f 5f       	subi	r25, 0xFF	; 255
    4624:	91 36       	cpi	r25, 0x61	; 97
    4626:	99 f7       	brne	.-26     	; 0x460e <EEPROM_ACCESS_UART+0x74>
    4628:	80 e9       	ldi	r24, 0x90	; 144
    462a:	92 e0       	ldi	r25, 0x02	; 2
    462c:	0e 94 1d 0b 	call	0x163a	; 0x163a <UART_WriteString>
    4630:	3b c6       	rjmp	.+3190   	; 0x52a8 <EEPROM_ACCESS_UART+0xd0e>
    4632:	f5 01       	movw	r30, r10
    4634:	e9 0f       	add	r30, r25
    4636:	f1 1d       	adc	r31, r1
    4638:	10 82       	st	Z, r1
    463a:	4a e0       	ldi	r20, 0x0A	; 10
    463c:	b8 01       	movw	r22, r16
    463e:	90 e0       	ldi	r25, 0x00	; 0
    4640:	0e 94 07 4c 	call	0x980e	; 0x980e <__itoa_ncheck>
    4644:	04 c0       	rjmp	.+8      	; 0x464e <EEPROM_ACCESS_UART+0xb4>
    4646:	c8 01       	movw	r24, r16
    4648:	0e 94 e5 4a 	call	0x95ca	; 0x95ca <atoi>
    464c:	e8 2e       	mov	r14, r24
    464e:	60 ea       	ldi	r22, 0xA0	; 160
    4650:	72 e0       	ldi	r23, 0x02	; 2
    4652:	c8 01       	movw	r24, r16
    4654:	0e 94 1a 0c 	call	0x1834	; 0x1834 <AddEnd_String>
    4658:	e1 10       	cpse	r14, r1
    465a:	0a c0       	rjmp	.+20     	; 0x4670 <EEPROM_ACCESS_UART+0xd6>
    465c:	98 01       	movw	r18, r16
    465e:	ae 01       	movw	r20, r28
    4660:	4f 5f       	subi	r20, 0xFF	; 255
    4662:	5f 4f       	sbci	r21, 0xFF	; 255
    4664:	6f 2d       	mov	r22, r15
    4666:	80 e1       	ldi	r24, 0x10	; 16
    4668:	90 e0       	ldi	r25, 0x00	; 0
    466a:	0e 94 3f 19 	call	0x327e	; 0x327e <COM_EROM_ACCESS_UINT8>
    466e:	1c c6       	rjmp	.+3128   	; 0x52a8 <EEPROM_ACCESS_UART+0xd0e>
    4670:	f1 e0       	ldi	r31, 0x01	; 1
    4672:	ef 12       	cpse	r14, r31
    4674:	21 c0       	rjmp	.+66     	; 0x46b8 <EEPROM_ACCESS_UART+0x11e>
    4676:	ff 12       	cpse	r15, r31
    4678:	11 c0       	rjmp	.+34     	; 0x469c <EEPROM_ACCESS_UART+0x102>
    467a:	be 01       	movw	r22, r28
    467c:	6f 5f       	subi	r22, 0xFF	; 255
    467e:	7f 4f       	sbci	r23, 0xFF	; 255
    4680:	ce 01       	movw	r24, r28
    4682:	8f 59       	subi	r24, 0x9F	; 159
    4684:	9f 4f       	sbci	r25, 0xFF	; 255
    4686:	0e 94 09 0c 	call	0x1812	; 0x1812 <Copy_String>
    468a:	44 e1       	ldi	r20, 0x14	; 20
    468c:	50 e0       	ldi	r21, 0x00	; 0
    468e:	63 ed       	ldi	r22, 0xD3	; 211
    4690:	70 e0       	ldi	r23, 0x00	; 0
    4692:	ce 01       	movw	r24, r28
    4694:	8f 59       	subi	r24, 0x9F	; 159
    4696:	9f 4f       	sbci	r25, 0xFF	; 255
    4698:	0e 94 14 4e 	call	0x9c28	; 0x9c28 <eeprom_write_block>
    469c:	44 e1       	ldi	r20, 0x14	; 20
    469e:	63 ed       	ldi	r22, 0xD3	; 211
    46a0:	70 e0       	ldi	r23, 0x00	; 0
    46a2:	ce 01       	movw	r24, r28
    46a4:	8f 59       	subi	r24, 0x9F	; 159
    46a6:	9f 4f       	sbci	r25, 0xFF	; 255
    46a8:	5d d9       	rcall	.-3398   	; 0x3964 <EEPROM_READ_STRING>
    46aa:	be 01       	movw	r22, r28
    46ac:	6f 59       	subi	r22, 0x9F	; 159
    46ae:	7f 4f       	sbci	r23, 0xFF	; 255
    46b0:	c8 01       	movw	r24, r16
    46b2:	0e 94 1a 0c 	call	0x1834	; 0x1834 <AddEnd_String>
    46b6:	f8 c5       	rjmp	.+3056   	; 0x52a8 <EEPROM_ACCESS_UART+0xd0e>
    46b8:	82 e0       	ldi	r24, 0x02	; 2
    46ba:	e8 12       	cpse	r14, r24
    46bc:	0a c0       	rjmp	.+20     	; 0x46d2 <EEPROM_ACCESS_UART+0x138>
    46be:	98 01       	movw	r18, r16
    46c0:	ae 01       	movw	r20, r28
    46c2:	4f 5f       	subi	r20, 0xFF	; 255
    46c4:	5f 4f       	sbci	r21, 0xFF	; 255
    46c6:	6f 2d       	mov	r22, r15
    46c8:	88 e5       	ldi	r24, 0x58	; 88
    46ca:	90 e0       	ldi	r25, 0x00	; 0
    46cc:	0e 94 3f 19 	call	0x327e	; 0x327e <COM_EROM_ACCESS_UINT8>
    46d0:	eb c5       	rjmp	.+3030   	; 0x52a8 <EEPROM_ACCESS_UART+0xd0e>
    46d2:	93 e0       	ldi	r25, 0x03	; 3
    46d4:	e9 12       	cpse	r14, r25
    46d6:	0a c0       	rjmp	.+20     	; 0x46ec <EEPROM_ACCESS_UART+0x152>
    46d8:	98 01       	movw	r18, r16
    46da:	ae 01       	movw	r20, r28
    46dc:	4f 5f       	subi	r20, 0xFF	; 255
    46de:	5f 4f       	sbci	r21, 0xFF	; 255
    46e0:	6f 2d       	mov	r22, r15
    46e2:	86 e5       	ldi	r24, 0x56	; 86
    46e4:	90 e0       	ldi	r25, 0x00	; 0
    46e6:	0e 94 3f 19 	call	0x327e	; 0x327e <COM_EROM_ACCESS_UINT8>
    46ea:	de c5       	rjmp	.+3004   	; 0x52a8 <EEPROM_ACCESS_UART+0xd0e>
    46ec:	e5 e0       	ldi	r30, 0x05	; 5
    46ee:	ee 12       	cpse	r14, r30
    46f0:	26 c0       	rjmp	.+76     	; 0x473e <EEPROM_ACCESS_UART+0x1a4>
    46f2:	f1 e0       	ldi	r31, 0x01	; 1
    46f4:	ff 12       	cpse	r15, r31
    46f6:	13 c0       	rjmp	.+38     	; 0x471e <EEPROM_ACCESS_UART+0x184>
    46f8:	ce 01       	movw	r24, r28
    46fa:	01 96       	adiw	r24, 0x01	; 1
    46fc:	0e 94 02 4b 	call	0x9604	; 0x9604 <atol>
    4700:	a5 96       	adiw	r28, 0x25	; 37
    4702:	6c af       	std	Y+60, r22	; 0x3c
    4704:	7d af       	std	Y+61, r23	; 0x3d
    4706:	8e af       	std	Y+62, r24	; 0x3e
    4708:	9f af       	std	Y+63, r25	; 0x3f
    470a:	a5 97       	sbiw	r28, 0x25	; 37
    470c:	44 e0       	ldi	r20, 0x04	; 4
    470e:	50 e0       	ldi	r21, 0x00	; 0
    4710:	68 ee       	ldi	r22, 0xE8	; 232
    4712:	70 e0       	ldi	r23, 0x00	; 0
    4714:	ce 01       	movw	r24, r28
    4716:	8f 59       	subi	r24, 0x9F	; 159
    4718:	9f 4f       	sbci	r25, 0xFF	; 255
    471a:	0e 94 14 4e 	call	0x9c28	; 0x9c28 <eeprom_write_block>
    471e:	88 ee       	ldi	r24, 0xE8	; 232
    4720:	90 e0       	ldi	r25, 0x00	; 0
    4722:	08 d9       	rcall	.-3568   	; 0x3934 <EEPROM_READ_INT32>
    4724:	2a e0       	ldi	r18, 0x0A	; 10
    4726:	ae 01       	movw	r20, r28
    4728:	4f 5f       	subi	r20, 0xFF	; 255
    472a:	5f 4f       	sbci	r21, 0xFF	; 255
    472c:	0e 94 11 4c 	call	0x9822	; 0x9822 <__ltoa_ncheck>
    4730:	be 01       	movw	r22, r28
    4732:	6f 5f       	subi	r22, 0xFF	; 255
    4734:	7f 4f       	sbci	r23, 0xFF	; 255
    4736:	c8 01       	movw	r24, r16
    4738:	0e 94 1a 0c 	call	0x1834	; 0x1834 <AddEnd_String>
    473c:	b5 c5       	rjmp	.+2922   	; 0x52a8 <EEPROM_ACCESS_UART+0xd0e>
    473e:	86 e0       	ldi	r24, 0x06	; 6
    4740:	e8 12       	cpse	r14, r24
    4742:	0a c0       	rjmp	.+20     	; 0x4758 <EEPROM_ACCESS_UART+0x1be>
    4744:	98 01       	movw	r18, r16
    4746:	ae 01       	movw	r20, r28
    4748:	4f 5f       	subi	r20, 0xFF	; 255
    474a:	5f 4f       	sbci	r21, 0xFF	; 255
    474c:	6f 2d       	mov	r22, r15
    474e:	8b e5       	ldi	r24, 0x5B	; 91
    4750:	90 e0       	ldi	r25, 0x00	; 0
    4752:	0e 94 6d 19 	call	0x32da	; 0x32da <COM_EROM_ACCESS_UINT16>
    4756:	a8 c5       	rjmp	.+2896   	; 0x52a8 <EEPROM_ACCESS_UART+0xd0e>
    4758:	97 e0       	ldi	r25, 0x07	; 7
    475a:	e9 12       	cpse	r14, r25
    475c:	0a c0       	rjmp	.+20     	; 0x4772 <EEPROM_ACCESS_UART+0x1d8>
    475e:	98 01       	movw	r18, r16
    4760:	ae 01       	movw	r20, r28
    4762:	4f 5f       	subi	r20, 0xFF	; 255
    4764:	5f 4f       	sbci	r21, 0xFF	; 255
    4766:	6f 2d       	mov	r22, r15
    4768:	8a e5       	ldi	r24, 0x5A	; 90
    476a:	90 e0       	ldi	r25, 0x00	; 0
    476c:	0e 94 3f 19 	call	0x327e	; 0x327e <COM_EROM_ACCESS_UINT8>
    4770:	9b c5       	rjmp	.+2870   	; 0x52a8 <EEPROM_ACCESS_UART+0xd0e>
    4772:	e8 e0       	ldi	r30, 0x08	; 8
    4774:	ee 12       	cpse	r14, r30
    4776:	0a c0       	rjmp	.+20     	; 0x478c <EEPROM_ACCESS_UART+0x1f2>
    4778:	98 01       	movw	r18, r16
    477a:	ae 01       	movw	r20, r28
    477c:	4f 5f       	subi	r20, 0xFF	; 255
    477e:	5f 4f       	sbci	r21, 0xFF	; 255
    4780:	6f 2d       	mov	r22, r15
    4782:	89 e5       	ldi	r24, 0x59	; 89
    4784:	90 e0       	ldi	r25, 0x00	; 0
    4786:	0e 94 3f 19 	call	0x327e	; 0x327e <COM_EROM_ACCESS_UINT8>
    478a:	8e c5       	rjmp	.+2844   	; 0x52a8 <EEPROM_ACCESS_UART+0xd0e>
    478c:	fa e0       	ldi	r31, 0x0A	; 10
    478e:	ef 12       	cpse	r14, r31
    4790:	0a c0       	rjmp	.+20     	; 0x47a6 <EEPROM_ACCESS_UART+0x20c>
    4792:	98 01       	movw	r18, r16
    4794:	ae 01       	movw	r20, r28
    4796:	4f 5f       	subi	r20, 0xFF	; 255
    4798:	5f 4f       	sbci	r21, 0xFF	; 255
    479a:	6f 2d       	mov	r22, r15
    479c:	8f e4       	ldi	r24, 0x4F	; 79
    479e:	90 e0       	ldi	r25, 0x00	; 0
    47a0:	0e 94 6d 19 	call	0x32da	; 0x32da <COM_EROM_ACCESS_UINT16>
    47a4:	81 c5       	rjmp	.+2818   	; 0x52a8 <EEPROM_ACCESS_UART+0xd0e>
    47a6:	8b e0       	ldi	r24, 0x0B	; 11
    47a8:	e8 12       	cpse	r14, r24
    47aa:	0a c0       	rjmp	.+20     	; 0x47c0 <EEPROM_ACCESS_UART+0x226>
    47ac:	98 01       	movw	r18, r16
    47ae:	ae 01       	movw	r20, r28
    47b0:	4f 5f       	subi	r20, 0xFF	; 255
    47b2:	5f 4f       	sbci	r21, 0xFF	; 255
    47b4:	6f 2d       	mov	r22, r15
    47b6:	8d e4       	ldi	r24, 0x4D	; 77
    47b8:	90 e0       	ldi	r25, 0x00	; 0
    47ba:	0e 94 3f 19 	call	0x327e	; 0x327e <COM_EROM_ACCESS_UINT8>
    47be:	74 c5       	rjmp	.+2792   	; 0x52a8 <EEPROM_ACCESS_UART+0xd0e>
    47c0:	9c e0       	ldi	r25, 0x0C	; 12
    47c2:	e9 12       	cpse	r14, r25
    47c4:	0a c0       	rjmp	.+20     	; 0x47da <EEPROM_ACCESS_UART+0x240>
    47c6:	98 01       	movw	r18, r16
    47c8:	ae 01       	movw	r20, r28
    47ca:	4f 5f       	subi	r20, 0xFF	; 255
    47cc:	5f 4f       	sbci	r21, 0xFF	; 255
    47ce:	6f 2d       	mov	r22, r15
    47d0:	8e e4       	ldi	r24, 0x4E	; 78
    47d2:	90 e0       	ldi	r25, 0x00	; 0
    47d4:	0e 94 3f 19 	call	0x327e	; 0x327e <COM_EROM_ACCESS_UINT8>
    47d8:	67 c5       	rjmp	.+2766   	; 0x52a8 <EEPROM_ACCESS_UART+0xd0e>
    47da:	e4 e1       	ldi	r30, 0x14	; 20
    47dc:	ee 12       	cpse	r14, r30
    47de:	0a c0       	rjmp	.+20     	; 0x47f4 <EEPROM_ACCESS_UART+0x25a>
    47e0:	98 01       	movw	r18, r16
    47e2:	ae 01       	movw	r20, r28
    47e4:	4f 5f       	subi	r20, 0xFF	; 255
    47e6:	5f 4f       	sbci	r21, 0xFF	; 255
    47e8:	6f 2d       	mov	r22, r15
    47ea:	8e e8       	ldi	r24, 0x8E	; 142
    47ec:	91 e0       	ldi	r25, 0x01	; 1
    47ee:	0e 94 3f 19 	call	0x327e	; 0x327e <COM_EROM_ACCESS_UINT8>
    47f2:	5a c5       	rjmp	.+2740   	; 0x52a8 <EEPROM_ACCESS_UART+0xd0e>
    47f4:	f5 e1       	ldi	r31, 0x15	; 21
    47f6:	ef 12       	cpse	r14, r31
    47f8:	0a c0       	rjmp	.+20     	; 0x480e <EEPROM_ACCESS_UART+0x274>
    47fa:	98 01       	movw	r18, r16
    47fc:	ae 01       	movw	r20, r28
    47fe:	4f 5f       	subi	r20, 0xFF	; 255
    4800:	5f 4f       	sbci	r21, 0xFF	; 255
    4802:	6f 2d       	mov	r22, r15
    4804:	8d e8       	ldi	r24, 0x8D	; 141
    4806:	91 e0       	ldi	r25, 0x01	; 1
    4808:	0e 94 3f 19 	call	0x327e	; 0x327e <COM_EROM_ACCESS_UINT8>
    480c:	4d c5       	rjmp	.+2714   	; 0x52a8 <EEPROM_ACCESS_UART+0xd0e>
    480e:	86 e1       	ldi	r24, 0x16	; 22
    4810:	e8 12       	cpse	r14, r24
    4812:	0a c0       	rjmp	.+20     	; 0x4828 <EEPROM_ACCESS_UART+0x28e>
    4814:	98 01       	movw	r18, r16
    4816:	ae 01       	movw	r20, r28
    4818:	4f 5f       	subi	r20, 0xFF	; 255
    481a:	5f 4f       	sbci	r21, 0xFF	; 255
    481c:	6f 2d       	mov	r22, r15
    481e:	8c e8       	ldi	r24, 0x8C	; 140
    4820:	91 e0       	ldi	r25, 0x01	; 1
    4822:	0e 94 3f 19 	call	0x327e	; 0x327e <COM_EROM_ACCESS_UINT8>
    4826:	40 c5       	rjmp	.+2688   	; 0x52a8 <EEPROM_ACCESS_UART+0xd0e>
    4828:	97 e1       	ldi	r25, 0x17	; 23
    482a:	e9 12       	cpse	r14, r25
    482c:	0a c0       	rjmp	.+20     	; 0x4842 <EEPROM_ACCESS_UART+0x2a8>
    482e:	98 01       	movw	r18, r16
    4830:	ae 01       	movw	r20, r28
    4832:	4f 5f       	subi	r20, 0xFF	; 255
    4834:	5f 4f       	sbci	r21, 0xFF	; 255
    4836:	6f 2d       	mov	r22, r15
    4838:	86 e8       	ldi	r24, 0x86	; 134
    483a:	91 e0       	ldi	r25, 0x01	; 1
    483c:	0e 94 6d 19 	call	0x32da	; 0x32da <COM_EROM_ACCESS_UINT16>
    4840:	33 c5       	rjmp	.+2662   	; 0x52a8 <EEPROM_ACCESS_UART+0xd0e>
    4842:	e8 e1       	ldi	r30, 0x18	; 24
    4844:	ee 12       	cpse	r14, r30
    4846:	0a c0       	rjmp	.+20     	; 0x485c <EEPROM_ACCESS_UART+0x2c2>
    4848:	98 01       	movw	r18, r16
    484a:	ae 01       	movw	r20, r28
    484c:	4f 5f       	subi	r20, 0xFF	; 255
    484e:	5f 4f       	sbci	r21, 0xFF	; 255
    4850:	6f 2d       	mov	r22, r15
    4852:	88 e8       	ldi	r24, 0x88	; 136
    4854:	91 e0       	ldi	r25, 0x01	; 1
    4856:	0e 94 6d 19 	call	0x32da	; 0x32da <COM_EROM_ACCESS_UINT16>
    485a:	26 c5       	rjmp	.+2636   	; 0x52a8 <EEPROM_ACCESS_UART+0xd0e>
    485c:	f5 e5       	ldi	r31, 0x55	; 85
    485e:	ef 12       	cpse	r14, r31
    4860:	0a c0       	rjmp	.+20     	; 0x4876 <EEPROM_ACCESS_UART+0x2dc>
    4862:	98 01       	movw	r18, r16
    4864:	ae 01       	movw	r20, r28
    4866:	4f 5f       	subi	r20, 0xFF	; 255
    4868:	5f 4f       	sbci	r21, 0xFF	; 255
    486a:	6f 2d       	mov	r22, r15
    486c:	84 e8       	ldi	r24, 0x84	; 132
    486e:	91 e0       	ldi	r25, 0x01	; 1
    4870:	0e 94 3f 19 	call	0x327e	; 0x327e <COM_EROM_ACCESS_UINT8>
    4874:	19 c5       	rjmp	.+2610   	; 0x52a8 <EEPROM_ACCESS_UART+0xd0e>
    4876:	86 e5       	ldi	r24, 0x56	; 86
    4878:	e8 12       	cpse	r14, r24
    487a:	0a c0       	rjmp	.+20     	; 0x4890 <EEPROM_ACCESS_UART+0x2f6>
    487c:	98 01       	movw	r18, r16
    487e:	ae 01       	movw	r20, r28
    4880:	4f 5f       	subi	r20, 0xFF	; 255
    4882:	5f 4f       	sbci	r21, 0xFF	; 255
    4884:	6f 2d       	mov	r22, r15
    4886:	85 e8       	ldi	r24, 0x85	; 133
    4888:	91 e0       	ldi	r25, 0x01	; 1
    488a:	0e 94 3f 19 	call	0x327e	; 0x327e <COM_EROM_ACCESS_UINT8>
    488e:	0c c5       	rjmp	.+2584   	; 0x52a8 <EEPROM_ACCESS_UART+0xd0e>
    4890:	99 e1       	ldi	r25, 0x19	; 25
    4892:	e9 12       	cpse	r14, r25
    4894:	0a c0       	rjmp	.+20     	; 0x48aa <EEPROM_ACCESS_UART+0x310>
    4896:	98 01       	movw	r18, r16
    4898:	ae 01       	movw	r20, r28
    489a:	4f 5f       	subi	r20, 0xFF	; 255
    489c:	5f 4f       	sbci	r21, 0xFF	; 255
    489e:	6f 2d       	mov	r22, r15
    48a0:	80 e8       	ldi	r24, 0x80	; 128
    48a2:	91 e0       	ldi	r25, 0x01	; 1
    48a4:	0e 94 02 19 	call	0x3204	; 0x3204 <COM_EROM_ACCESS_FLOAT>
    48a8:	ff c4       	rjmp	.+2558   	; 0x52a8 <EEPROM_ACCESS_UART+0xd0e>
    48aa:	ea e1       	ldi	r30, 0x1A	; 26
    48ac:	ee 12       	cpse	r14, r30
    48ae:	0a c0       	rjmp	.+20     	; 0x48c4 <EEPROM_ACCESS_UART+0x32a>
    48b0:	98 01       	movw	r18, r16
    48b2:	ae 01       	movw	r20, r28
    48b4:	4f 5f       	subi	r20, 0xFF	; 255
    48b6:	5f 4f       	sbci	r21, 0xFF	; 255
    48b8:	6f 2d       	mov	r22, r15
    48ba:	8c e7       	ldi	r24, 0x7C	; 124
    48bc:	91 e0       	ldi	r25, 0x01	; 1
    48be:	0e 94 02 19 	call	0x3204	; 0x3204 <COM_EROM_ACCESS_FLOAT>
    48c2:	f2 c4       	rjmp	.+2532   	; 0x52a8 <EEPROM_ACCESS_UART+0xd0e>
    48c4:	fb e1       	ldi	r31, 0x1B	; 27
    48c6:	ef 12       	cpse	r14, r31
    48c8:	0a c0       	rjmp	.+20     	; 0x48de <EEPROM_ACCESS_UART+0x344>
    48ca:	98 01       	movw	r18, r16
    48cc:	ae 01       	movw	r20, r28
    48ce:	4f 5f       	subi	r20, 0xFF	; 255
    48d0:	5f 4f       	sbci	r21, 0xFF	; 255
    48d2:	6f 2d       	mov	r22, r15
    48d4:	88 e7       	ldi	r24, 0x78	; 120
    48d6:	91 e0       	ldi	r25, 0x01	; 1
    48d8:	0e 94 02 19 	call	0x3204	; 0x3204 <COM_EROM_ACCESS_FLOAT>
    48dc:	e5 c4       	rjmp	.+2506   	; 0x52a8 <EEPROM_ACCESS_UART+0xd0e>
    48de:	8c e1       	ldi	r24, 0x1C	; 28
    48e0:	e8 12       	cpse	r14, r24
    48e2:	0a c0       	rjmp	.+20     	; 0x48f8 <EEPROM_ACCESS_UART+0x35e>
    48e4:	98 01       	movw	r18, r16
    48e6:	ae 01       	movw	r20, r28
    48e8:	4f 5f       	subi	r20, 0xFF	; 255
    48ea:	5f 4f       	sbci	r21, 0xFF	; 255
    48ec:	6f 2d       	mov	r22, r15
    48ee:	84 e7       	ldi	r24, 0x74	; 116
    48f0:	91 e0       	ldi	r25, 0x01	; 1
    48f2:	0e 94 02 19 	call	0x3204	; 0x3204 <COM_EROM_ACCESS_FLOAT>
    48f6:	d8 c4       	rjmp	.+2480   	; 0x52a8 <EEPROM_ACCESS_UART+0xd0e>
    48f8:	9e e1       	ldi	r25, 0x1E	; 30
    48fa:	e9 12       	cpse	r14, r25
    48fc:	0a c0       	rjmp	.+20     	; 0x4912 <EEPROM_ACCESS_UART+0x378>
    48fe:	98 01       	movw	r18, r16
    4900:	ae 01       	movw	r20, r28
    4902:	4f 5f       	subi	r20, 0xFF	; 255
    4904:	5f 4f       	sbci	r21, 0xFF	; 255
    4906:	6f 2d       	mov	r22, r15
    4908:	80 e7       	ldi	r24, 0x70	; 112
    490a:	91 e0       	ldi	r25, 0x01	; 1
    490c:	0e 94 02 19 	call	0x3204	; 0x3204 <COM_EROM_ACCESS_FLOAT>
    4910:	cb c4       	rjmp	.+2454   	; 0x52a8 <EEPROM_ACCESS_UART+0xd0e>
    4912:	ef e1       	ldi	r30, 0x1F	; 31
    4914:	ee 12       	cpse	r14, r30
    4916:	0a c0       	rjmp	.+20     	; 0x492c <EEPROM_ACCESS_UART+0x392>
    4918:	98 01       	movw	r18, r16
    491a:	ae 01       	movw	r20, r28
    491c:	4f 5f       	subi	r20, 0xFF	; 255
    491e:	5f 4f       	sbci	r21, 0xFF	; 255
    4920:	6f 2d       	mov	r22, r15
    4922:	8c e6       	ldi	r24, 0x6C	; 108
    4924:	91 e0       	ldi	r25, 0x01	; 1
    4926:	0e 94 02 19 	call	0x3204	; 0x3204 <COM_EROM_ACCESS_FLOAT>
    492a:	be c4       	rjmp	.+2428   	; 0x52a8 <EEPROM_ACCESS_UART+0xd0e>
    492c:	f0 e2       	ldi	r31, 0x20	; 32
    492e:	ef 12       	cpse	r14, r31
    4930:	0a c0       	rjmp	.+20     	; 0x4946 <EEPROM_ACCESS_UART+0x3ac>
    4932:	98 01       	movw	r18, r16
    4934:	ae 01       	movw	r20, r28
    4936:	4f 5f       	subi	r20, 0xFF	; 255
    4938:	5f 4f       	sbci	r21, 0xFF	; 255
    493a:	6f 2d       	mov	r22, r15
    493c:	88 e6       	ldi	r24, 0x68	; 104
    493e:	91 e0       	ldi	r25, 0x01	; 1
    4940:	0e 94 02 19 	call	0x3204	; 0x3204 <COM_EROM_ACCESS_FLOAT>
    4944:	b1 c4       	rjmp	.+2402   	; 0x52a8 <EEPROM_ACCESS_UART+0xd0e>
    4946:	81 e2       	ldi	r24, 0x21	; 33
    4948:	e8 12       	cpse	r14, r24
    494a:	0a c0       	rjmp	.+20     	; 0x4960 <EEPROM_ACCESS_UART+0x3c6>
    494c:	98 01       	movw	r18, r16
    494e:	ae 01       	movw	r20, r28
    4950:	4f 5f       	subi	r20, 0xFF	; 255
    4952:	5f 4f       	sbci	r21, 0xFF	; 255
    4954:	6f 2d       	mov	r22, r15
    4956:	84 e6       	ldi	r24, 0x64	; 100
    4958:	91 e0       	ldi	r25, 0x01	; 1
    495a:	0e 94 02 19 	call	0x3204	; 0x3204 <COM_EROM_ACCESS_FLOAT>
    495e:	a4 c4       	rjmp	.+2376   	; 0x52a8 <EEPROM_ACCESS_UART+0xd0e>
    4960:	93 e2       	ldi	r25, 0x23	; 35
    4962:	e9 12       	cpse	r14, r25
    4964:	0a c0       	rjmp	.+20     	; 0x497a <EEPROM_ACCESS_UART+0x3e0>
    4966:	98 01       	movw	r18, r16
    4968:	ae 01       	movw	r20, r28
    496a:	4f 5f       	subi	r20, 0xFF	; 255
    496c:	5f 4f       	sbci	r21, 0xFF	; 255
    496e:	6f 2d       	mov	r22, r15
    4970:	80 e6       	ldi	r24, 0x60	; 96
    4972:	91 e0       	ldi	r25, 0x01	; 1
    4974:	0e 94 02 19 	call	0x3204	; 0x3204 <COM_EROM_ACCESS_FLOAT>
    4978:	97 c4       	rjmp	.+2350   	; 0x52a8 <EEPROM_ACCESS_UART+0xd0e>
    497a:	e4 e2       	ldi	r30, 0x24	; 36
    497c:	ee 12       	cpse	r14, r30
    497e:	0a c0       	rjmp	.+20     	; 0x4994 <EEPROM_ACCESS_UART+0x3fa>
    4980:	98 01       	movw	r18, r16
    4982:	ae 01       	movw	r20, r28
    4984:	4f 5f       	subi	r20, 0xFF	; 255
    4986:	5f 4f       	sbci	r21, 0xFF	; 255
    4988:	6f 2d       	mov	r22, r15
    498a:	8c e5       	ldi	r24, 0x5C	; 92
    498c:	91 e0       	ldi	r25, 0x01	; 1
    498e:	0e 94 02 19 	call	0x3204	; 0x3204 <COM_EROM_ACCESS_FLOAT>
    4992:	8a c4       	rjmp	.+2324   	; 0x52a8 <EEPROM_ACCESS_UART+0xd0e>
    4994:	f5 e2       	ldi	r31, 0x25	; 37
    4996:	ef 12       	cpse	r14, r31
    4998:	0a c0       	rjmp	.+20     	; 0x49ae <EEPROM_ACCESS_UART+0x414>
    499a:	98 01       	movw	r18, r16
    499c:	ae 01       	movw	r20, r28
    499e:	4f 5f       	subi	r20, 0xFF	; 255
    49a0:	5f 4f       	sbci	r21, 0xFF	; 255
    49a2:	6f 2d       	mov	r22, r15
    49a4:	88 e5       	ldi	r24, 0x58	; 88
    49a6:	91 e0       	ldi	r25, 0x01	; 1
    49a8:	0e 94 02 19 	call	0x3204	; 0x3204 <COM_EROM_ACCESS_FLOAT>
    49ac:	7d c4       	rjmp	.+2298   	; 0x52a8 <EEPROM_ACCESS_UART+0xd0e>
    49ae:	86 e2       	ldi	r24, 0x26	; 38
    49b0:	e8 12       	cpse	r14, r24
    49b2:	0a c0       	rjmp	.+20     	; 0x49c8 <EEPROM_ACCESS_UART+0x42e>
    49b4:	98 01       	movw	r18, r16
    49b6:	ae 01       	movw	r20, r28
    49b8:	4f 5f       	subi	r20, 0xFF	; 255
    49ba:	5f 4f       	sbci	r21, 0xFF	; 255
    49bc:	6f 2d       	mov	r22, r15
    49be:	84 e5       	ldi	r24, 0x54	; 84
    49c0:	91 e0       	ldi	r25, 0x01	; 1
    49c2:	0e 94 02 19 	call	0x3204	; 0x3204 <COM_EROM_ACCESS_FLOAT>
    49c6:	70 c4       	rjmp	.+2272   	; 0x52a8 <EEPROM_ACCESS_UART+0xd0e>
    49c8:	98 e2       	ldi	r25, 0x28	; 40
    49ca:	e9 12       	cpse	r14, r25
    49cc:	0a c0       	rjmp	.+20     	; 0x49e2 <EEPROM_ACCESS_UART+0x448>
    49ce:	98 01       	movw	r18, r16
    49d0:	ae 01       	movw	r20, r28
    49d2:	4f 5f       	subi	r20, 0xFF	; 255
    49d4:	5f 4f       	sbci	r21, 0xFF	; 255
    49d6:	6f 2d       	mov	r22, r15
    49d8:	80 e5       	ldi	r24, 0x50	; 80
    49da:	91 e0       	ldi	r25, 0x01	; 1
    49dc:	0e 94 02 19 	call	0x3204	; 0x3204 <COM_EROM_ACCESS_FLOAT>
    49e0:	63 c4       	rjmp	.+2246   	; 0x52a8 <EEPROM_ACCESS_UART+0xd0e>
    49e2:	e9 e2       	ldi	r30, 0x29	; 41
    49e4:	ee 12       	cpse	r14, r30
    49e6:	0a c0       	rjmp	.+20     	; 0x49fc <EEPROM_ACCESS_UART+0x462>
    49e8:	98 01       	movw	r18, r16
    49ea:	ae 01       	movw	r20, r28
    49ec:	4f 5f       	subi	r20, 0xFF	; 255
    49ee:	5f 4f       	sbci	r21, 0xFF	; 255
    49f0:	6f 2d       	mov	r22, r15
    49f2:	8c e4       	ldi	r24, 0x4C	; 76
    49f4:	91 e0       	ldi	r25, 0x01	; 1
    49f6:	0e 94 02 19 	call	0x3204	; 0x3204 <COM_EROM_ACCESS_FLOAT>
    49fa:	56 c4       	rjmp	.+2220   	; 0x52a8 <EEPROM_ACCESS_UART+0xd0e>
    49fc:	fa e2       	ldi	r31, 0x2A	; 42
    49fe:	ef 12       	cpse	r14, r31
    4a00:	0a c0       	rjmp	.+20     	; 0x4a16 <EEPROM_ACCESS_UART+0x47c>
    4a02:	98 01       	movw	r18, r16
    4a04:	ae 01       	movw	r20, r28
    4a06:	4f 5f       	subi	r20, 0xFF	; 255
    4a08:	5f 4f       	sbci	r21, 0xFF	; 255
    4a0a:	6f 2d       	mov	r22, r15
    4a0c:	88 e4       	ldi	r24, 0x48	; 72
    4a0e:	91 e0       	ldi	r25, 0x01	; 1
    4a10:	0e 94 02 19 	call	0x3204	; 0x3204 <COM_EROM_ACCESS_FLOAT>
    4a14:	49 c4       	rjmp	.+2194   	; 0x52a8 <EEPROM_ACCESS_UART+0xd0e>
    4a16:	8b e2       	ldi	r24, 0x2B	; 43
    4a18:	e8 12       	cpse	r14, r24
    4a1a:	0a c0       	rjmp	.+20     	; 0x4a30 <EEPROM_ACCESS_UART+0x496>
    4a1c:	98 01       	movw	r18, r16
    4a1e:	ae 01       	movw	r20, r28
    4a20:	4f 5f       	subi	r20, 0xFF	; 255
    4a22:	5f 4f       	sbci	r21, 0xFF	; 255
    4a24:	6f 2d       	mov	r22, r15
    4a26:	84 e4       	ldi	r24, 0x44	; 68
    4a28:	91 e0       	ldi	r25, 0x01	; 1
    4a2a:	0e 94 02 19 	call	0x3204	; 0x3204 <COM_EROM_ACCESS_FLOAT>
    4a2e:	3c c4       	rjmp	.+2168   	; 0x52a8 <EEPROM_ACCESS_UART+0xd0e>
    4a30:	9d e2       	ldi	r25, 0x2D	; 45
    4a32:	e9 12       	cpse	r14, r25
    4a34:	0a c0       	rjmp	.+20     	; 0x4a4a <EEPROM_ACCESS_UART+0x4b0>
    4a36:	98 01       	movw	r18, r16
    4a38:	ae 01       	movw	r20, r28
    4a3a:	4f 5f       	subi	r20, 0xFF	; 255
    4a3c:	5f 4f       	sbci	r21, 0xFF	; 255
    4a3e:	6f 2d       	mov	r22, r15
    4a40:	80 e4       	ldi	r24, 0x40	; 64
    4a42:	91 e0       	ldi	r25, 0x01	; 1
    4a44:	0e 94 02 19 	call	0x3204	; 0x3204 <COM_EROM_ACCESS_FLOAT>
    4a48:	2f c4       	rjmp	.+2142   	; 0x52a8 <EEPROM_ACCESS_UART+0xd0e>
    4a4a:	ee e2       	ldi	r30, 0x2E	; 46
    4a4c:	ee 12       	cpse	r14, r30
    4a4e:	0a c0       	rjmp	.+20     	; 0x4a64 <EEPROM_ACCESS_UART+0x4ca>
    4a50:	98 01       	movw	r18, r16
    4a52:	ae 01       	movw	r20, r28
    4a54:	4f 5f       	subi	r20, 0xFF	; 255
    4a56:	5f 4f       	sbci	r21, 0xFF	; 255
    4a58:	6f 2d       	mov	r22, r15
    4a5a:	8c e3       	ldi	r24, 0x3C	; 60
    4a5c:	91 e0       	ldi	r25, 0x01	; 1
    4a5e:	0e 94 02 19 	call	0x3204	; 0x3204 <COM_EROM_ACCESS_FLOAT>
    4a62:	22 c4       	rjmp	.+2116   	; 0x52a8 <EEPROM_ACCESS_UART+0xd0e>
    4a64:	ff e2       	ldi	r31, 0x2F	; 47
    4a66:	ef 12       	cpse	r14, r31
    4a68:	0a c0       	rjmp	.+20     	; 0x4a7e <EEPROM_ACCESS_UART+0x4e4>
    4a6a:	98 01       	movw	r18, r16
    4a6c:	ae 01       	movw	r20, r28
    4a6e:	4f 5f       	subi	r20, 0xFF	; 255
    4a70:	5f 4f       	sbci	r21, 0xFF	; 255
    4a72:	6f 2d       	mov	r22, r15
    4a74:	88 e3       	ldi	r24, 0x38	; 56
    4a76:	91 e0       	ldi	r25, 0x01	; 1
    4a78:	0e 94 02 19 	call	0x3204	; 0x3204 <COM_EROM_ACCESS_FLOAT>
    4a7c:	15 c4       	rjmp	.+2090   	; 0x52a8 <EEPROM_ACCESS_UART+0xd0e>
    4a7e:	80 e3       	ldi	r24, 0x30	; 48
    4a80:	e8 12       	cpse	r14, r24
    4a82:	0a c0       	rjmp	.+20     	; 0x4a98 <EEPROM_ACCESS_UART+0x4fe>
    4a84:	98 01       	movw	r18, r16
    4a86:	ae 01       	movw	r20, r28
    4a88:	4f 5f       	subi	r20, 0xFF	; 255
    4a8a:	5f 4f       	sbci	r21, 0xFF	; 255
    4a8c:	6f 2d       	mov	r22, r15
    4a8e:	84 e3       	ldi	r24, 0x34	; 52
    4a90:	91 e0       	ldi	r25, 0x01	; 1
    4a92:	0e 94 02 19 	call	0x3204	; 0x3204 <COM_EROM_ACCESS_FLOAT>
    4a96:	08 c4       	rjmp	.+2064   	; 0x52a8 <EEPROM_ACCESS_UART+0xd0e>
    4a98:	97 e3       	ldi	r25, 0x37	; 55
    4a9a:	e9 12       	cpse	r14, r25
    4a9c:	0a c0       	rjmp	.+20     	; 0x4ab2 <EEPROM_ACCESS_UART+0x518>
    4a9e:	98 01       	movw	r18, r16
    4aa0:	ae 01       	movw	r20, r28
    4aa2:	4f 5f       	subi	r20, 0xFF	; 255
    4aa4:	5f 4f       	sbci	r21, 0xFF	; 255
    4aa6:	6f 2d       	mov	r22, r15
    4aa8:	80 e3       	ldi	r24, 0x30	; 48
    4aaa:	91 e0       	ldi	r25, 0x01	; 1
    4aac:	0e 94 02 19 	call	0x3204	; 0x3204 <COM_EROM_ACCESS_FLOAT>
    4ab0:	fb c3       	rjmp	.+2038   	; 0x52a8 <EEPROM_ACCESS_UART+0xd0e>
    4ab2:	e8 e3       	ldi	r30, 0x38	; 56
    4ab4:	ee 12       	cpse	r14, r30
    4ab6:	0a c0       	rjmp	.+20     	; 0x4acc <EEPROM_ACCESS_UART+0x532>
    4ab8:	98 01       	movw	r18, r16
    4aba:	ae 01       	movw	r20, r28
    4abc:	4f 5f       	subi	r20, 0xFF	; 255
    4abe:	5f 4f       	sbci	r21, 0xFF	; 255
    4ac0:	6f 2d       	mov	r22, r15
    4ac2:	8c e2       	ldi	r24, 0x2C	; 44
    4ac4:	91 e0       	ldi	r25, 0x01	; 1
    4ac6:	0e 94 02 19 	call	0x3204	; 0x3204 <COM_EROM_ACCESS_FLOAT>
    4aca:	ee c3       	rjmp	.+2012   	; 0x52a8 <EEPROM_ACCESS_UART+0xd0e>
    4acc:	f9 e3       	ldi	r31, 0x39	; 57
    4ace:	ef 12       	cpse	r14, r31
    4ad0:	0a c0       	rjmp	.+20     	; 0x4ae6 <EEPROM_ACCESS_UART+0x54c>
    4ad2:	98 01       	movw	r18, r16
    4ad4:	ae 01       	movw	r20, r28
    4ad6:	4f 5f       	subi	r20, 0xFF	; 255
    4ad8:	5f 4f       	sbci	r21, 0xFF	; 255
    4ada:	6f 2d       	mov	r22, r15
    4adc:	88 e2       	ldi	r24, 0x28	; 40
    4ade:	91 e0       	ldi	r25, 0x01	; 1
    4ae0:	0e 94 02 19 	call	0x3204	; 0x3204 <COM_EROM_ACCESS_FLOAT>
    4ae4:	e1 c3       	rjmp	.+1986   	; 0x52a8 <EEPROM_ACCESS_UART+0xd0e>
    4ae6:	8c e3       	ldi	r24, 0x3C	; 60
    4ae8:	e8 12       	cpse	r14, r24
    4aea:	0a c0       	rjmp	.+20     	; 0x4b00 <EEPROM_ACCESS_UART+0x566>
    4aec:	98 01       	movw	r18, r16
    4aee:	ae 01       	movw	r20, r28
    4af0:	4f 5f       	subi	r20, 0xFF	; 255
    4af2:	5f 4f       	sbci	r21, 0xFF	; 255
    4af4:	6f 2d       	mov	r22, r15
    4af6:	84 e2       	ldi	r24, 0x24	; 36
    4af8:	91 e0       	ldi	r25, 0x01	; 1
    4afa:	0e 94 02 19 	call	0x3204	; 0x3204 <COM_EROM_ACCESS_FLOAT>
    4afe:	d4 c3       	rjmp	.+1960   	; 0x52a8 <EEPROM_ACCESS_UART+0xd0e>
    4b00:	9d e3       	ldi	r25, 0x3D	; 61
    4b02:	e9 12       	cpse	r14, r25
    4b04:	0a c0       	rjmp	.+20     	; 0x4b1a <EEPROM_ACCESS_UART+0x580>
    4b06:	98 01       	movw	r18, r16
    4b08:	ae 01       	movw	r20, r28
    4b0a:	4f 5f       	subi	r20, 0xFF	; 255
    4b0c:	5f 4f       	sbci	r21, 0xFF	; 255
    4b0e:	6f 2d       	mov	r22, r15
    4b10:	80 e2       	ldi	r24, 0x20	; 32
    4b12:	91 e0       	ldi	r25, 0x01	; 1
    4b14:	0e 94 02 19 	call	0x3204	; 0x3204 <COM_EROM_ACCESS_FLOAT>
    4b18:	c7 c3       	rjmp	.+1934   	; 0x52a8 <EEPROM_ACCESS_UART+0xd0e>
    4b1a:	ee e3       	ldi	r30, 0x3E	; 62
    4b1c:	ee 12       	cpse	r14, r30
    4b1e:	0a c0       	rjmp	.+20     	; 0x4b34 <EEPROM_ACCESS_UART+0x59a>
    4b20:	98 01       	movw	r18, r16
    4b22:	ae 01       	movw	r20, r28
    4b24:	4f 5f       	subi	r20, 0xFF	; 255
    4b26:	5f 4f       	sbci	r21, 0xFF	; 255
    4b28:	6f 2d       	mov	r22, r15
    4b2a:	8c e1       	ldi	r24, 0x1C	; 28
    4b2c:	91 e0       	ldi	r25, 0x01	; 1
    4b2e:	0e 94 02 19 	call	0x3204	; 0x3204 <COM_EROM_ACCESS_FLOAT>
    4b32:	ba c3       	rjmp	.+1908   	; 0x52a8 <EEPROM_ACCESS_UART+0xd0e>
    4b34:	f1 e4       	ldi	r31, 0x41	; 65
    4b36:	ef 12       	cpse	r14, r31
    4b38:	0a c0       	rjmp	.+20     	; 0x4b4e <EEPROM_ACCESS_UART+0x5b4>
    4b3a:	98 01       	movw	r18, r16
    4b3c:	ae 01       	movw	r20, r28
    4b3e:	4f 5f       	subi	r20, 0xFF	; 255
    4b40:	5f 4f       	sbci	r21, 0xFF	; 255
    4b42:	6f 2d       	mov	r22, r15
    4b44:	88 e1       	ldi	r24, 0x18	; 24
    4b46:	91 e0       	ldi	r25, 0x01	; 1
    4b48:	0e 94 02 19 	call	0x3204	; 0x3204 <COM_EROM_ACCESS_FLOAT>
    4b4c:	ad c3       	rjmp	.+1882   	; 0x52a8 <EEPROM_ACCESS_UART+0xd0e>
    4b4e:	82 e4       	ldi	r24, 0x42	; 66
    4b50:	e8 12       	cpse	r14, r24
    4b52:	0a c0       	rjmp	.+20     	; 0x4b68 <EEPROM_ACCESS_UART+0x5ce>
    4b54:	98 01       	movw	r18, r16
    4b56:	ae 01       	movw	r20, r28
    4b58:	4f 5f       	subi	r20, 0xFF	; 255
    4b5a:	5f 4f       	sbci	r21, 0xFF	; 255
    4b5c:	6f 2d       	mov	r22, r15
    4b5e:	84 e1       	ldi	r24, 0x14	; 20
    4b60:	91 e0       	ldi	r25, 0x01	; 1
    4b62:	0e 94 02 19 	call	0x3204	; 0x3204 <COM_EROM_ACCESS_FLOAT>
    4b66:	a0 c3       	rjmp	.+1856   	; 0x52a8 <EEPROM_ACCESS_UART+0xd0e>
    4b68:	93 e4       	ldi	r25, 0x43	; 67
    4b6a:	e9 12       	cpse	r14, r25
    4b6c:	0a c0       	rjmp	.+20     	; 0x4b82 <EEPROM_ACCESS_UART+0x5e8>
    4b6e:	98 01       	movw	r18, r16
    4b70:	ae 01       	movw	r20, r28
    4b72:	4f 5f       	subi	r20, 0xFF	; 255
    4b74:	5f 4f       	sbci	r21, 0xFF	; 255
    4b76:	6f 2d       	mov	r22, r15
    4b78:	80 e1       	ldi	r24, 0x10	; 16
    4b7a:	91 e0       	ldi	r25, 0x01	; 1
    4b7c:	0e 94 02 19 	call	0x3204	; 0x3204 <COM_EROM_ACCESS_FLOAT>
    4b80:	93 c3       	rjmp	.+1830   	; 0x52a8 <EEPROM_ACCESS_UART+0xd0e>
    4b82:	e6 e4       	ldi	r30, 0x46	; 70
    4b84:	ee 12       	cpse	r14, r30
    4b86:	0a c0       	rjmp	.+20     	; 0x4b9c <EEPROM_ACCESS_UART+0x602>
    4b88:	98 01       	movw	r18, r16
    4b8a:	ae 01       	movw	r20, r28
    4b8c:	4f 5f       	subi	r20, 0xFF	; 255
    4b8e:	5f 4f       	sbci	r21, 0xFF	; 255
    4b90:	6f 2d       	mov	r22, r15
    4b92:	8c e0       	ldi	r24, 0x0C	; 12
    4b94:	91 e0       	ldi	r25, 0x01	; 1
    4b96:	0e 94 02 19 	call	0x3204	; 0x3204 <COM_EROM_ACCESS_FLOAT>
    4b9a:	86 c3       	rjmp	.+1804   	; 0x52a8 <EEPROM_ACCESS_UART+0xd0e>
    4b9c:	f7 e4       	ldi	r31, 0x47	; 71
    4b9e:	ef 12       	cpse	r14, r31
    4ba0:	0a c0       	rjmp	.+20     	; 0x4bb6 <EEPROM_ACCESS_UART+0x61c>
    4ba2:	98 01       	movw	r18, r16
    4ba4:	ae 01       	movw	r20, r28
    4ba6:	4f 5f       	subi	r20, 0xFF	; 255
    4ba8:	5f 4f       	sbci	r21, 0xFF	; 255
    4baa:	6f 2d       	mov	r22, r15
    4bac:	88 e0       	ldi	r24, 0x08	; 8
    4bae:	91 e0       	ldi	r25, 0x01	; 1
    4bb0:	0e 94 02 19 	call	0x3204	; 0x3204 <COM_EROM_ACCESS_FLOAT>
    4bb4:	79 c3       	rjmp	.+1778   	; 0x52a8 <EEPROM_ACCESS_UART+0xd0e>
    4bb6:	88 e4       	ldi	r24, 0x48	; 72
    4bb8:	e8 12       	cpse	r14, r24
    4bba:	0a c0       	rjmp	.+20     	; 0x4bd0 <EEPROM_ACCESS_UART+0x636>
    4bbc:	98 01       	movw	r18, r16
    4bbe:	ae 01       	movw	r20, r28
    4bc0:	4f 5f       	subi	r20, 0xFF	; 255
    4bc2:	5f 4f       	sbci	r21, 0xFF	; 255
    4bc4:	6f 2d       	mov	r22, r15
    4bc6:	84 e0       	ldi	r24, 0x04	; 4
    4bc8:	91 e0       	ldi	r25, 0x01	; 1
    4bca:	0e 94 02 19 	call	0x3204	; 0x3204 <COM_EROM_ACCESS_FLOAT>
    4bce:	6c c3       	rjmp	.+1752   	; 0x52a8 <EEPROM_ACCESS_UART+0xd0e>
    4bd0:	9b e4       	ldi	r25, 0x4B	; 75
    4bd2:	e9 12       	cpse	r14, r25
    4bd4:	0a c0       	rjmp	.+20     	; 0x4bea <EEPROM_ACCESS_UART+0x650>
    4bd6:	98 01       	movw	r18, r16
    4bd8:	ae 01       	movw	r20, r28
    4bda:	4f 5f       	subi	r20, 0xFF	; 255
    4bdc:	5f 4f       	sbci	r21, 0xFF	; 255
    4bde:	6f 2d       	mov	r22, r15
    4be0:	80 e0       	ldi	r24, 0x00	; 0
    4be2:	91 e0       	ldi	r25, 0x01	; 1
    4be4:	0e 94 02 19 	call	0x3204	; 0x3204 <COM_EROM_ACCESS_FLOAT>
    4be8:	5f c3       	rjmp	.+1726   	; 0x52a8 <EEPROM_ACCESS_UART+0xd0e>
    4bea:	ec e4       	ldi	r30, 0x4C	; 76
    4bec:	ee 12       	cpse	r14, r30
    4bee:	0a c0       	rjmp	.+20     	; 0x4c04 <EEPROM_ACCESS_UART+0x66a>
    4bf0:	98 01       	movw	r18, r16
    4bf2:	ae 01       	movw	r20, r28
    4bf4:	4f 5f       	subi	r20, 0xFF	; 255
    4bf6:	5f 4f       	sbci	r21, 0xFF	; 255
    4bf8:	6f 2d       	mov	r22, r15
    4bfa:	8c ef       	ldi	r24, 0xFC	; 252
    4bfc:	90 e0       	ldi	r25, 0x00	; 0
    4bfe:	0e 94 02 19 	call	0x3204	; 0x3204 <COM_EROM_ACCESS_FLOAT>
    4c02:	52 c3       	rjmp	.+1700   	; 0x52a8 <EEPROM_ACCESS_UART+0xd0e>
    4c04:	fd e4       	ldi	r31, 0x4D	; 77
    4c06:	ef 12       	cpse	r14, r31
    4c08:	0a c0       	rjmp	.+20     	; 0x4c1e <EEPROM_ACCESS_UART+0x684>
    4c0a:	98 01       	movw	r18, r16
    4c0c:	ae 01       	movw	r20, r28
    4c0e:	4f 5f       	subi	r20, 0xFF	; 255
    4c10:	5f 4f       	sbci	r21, 0xFF	; 255
    4c12:	6f 2d       	mov	r22, r15
    4c14:	88 ef       	ldi	r24, 0xF8	; 248
    4c16:	90 e0       	ldi	r25, 0x00	; 0
    4c18:	0e 94 02 19 	call	0x3204	; 0x3204 <COM_EROM_ACCESS_FLOAT>
    4c1c:	45 c3       	rjmp	.+1674   	; 0x52a8 <EEPROM_ACCESS_UART+0xd0e>
    4c1e:	80 e5       	ldi	r24, 0x50	; 80
    4c20:	e8 12       	cpse	r14, r24
    4c22:	0a c0       	rjmp	.+20     	; 0x4c38 <EEPROM_ACCESS_UART+0x69e>
    4c24:	98 01       	movw	r18, r16
    4c26:	ae 01       	movw	r20, r28
    4c28:	4f 5f       	subi	r20, 0xFF	; 255
    4c2a:	5f 4f       	sbci	r21, 0xFF	; 255
    4c2c:	6f 2d       	mov	r22, r15
    4c2e:	84 ef       	ldi	r24, 0xF4	; 244
    4c30:	90 e0       	ldi	r25, 0x00	; 0
    4c32:	0e 94 02 19 	call	0x3204	; 0x3204 <COM_EROM_ACCESS_FLOAT>
    4c36:	38 c3       	rjmp	.+1648   	; 0x52a8 <EEPROM_ACCESS_UART+0xd0e>
    4c38:	91 e5       	ldi	r25, 0x51	; 81
    4c3a:	e9 12       	cpse	r14, r25
    4c3c:	0a c0       	rjmp	.+20     	; 0x4c52 <EEPROM_ACCESS_UART+0x6b8>
    4c3e:	98 01       	movw	r18, r16
    4c40:	ae 01       	movw	r20, r28
    4c42:	4f 5f       	subi	r20, 0xFF	; 255
    4c44:	5f 4f       	sbci	r21, 0xFF	; 255
    4c46:	6f 2d       	mov	r22, r15
    4c48:	80 ef       	ldi	r24, 0xF0	; 240
    4c4a:	90 e0       	ldi	r25, 0x00	; 0
    4c4c:	0e 94 02 19 	call	0x3204	; 0x3204 <COM_EROM_ACCESS_FLOAT>
    4c50:	2b c3       	rjmp	.+1622   	; 0x52a8 <EEPROM_ACCESS_UART+0xd0e>
    4c52:	e2 e5       	ldi	r30, 0x52	; 82
    4c54:	ee 12       	cpse	r14, r30
    4c56:	0a c0       	rjmp	.+20     	; 0x4c6c <EEPROM_ACCESS_UART+0x6d2>
    4c58:	98 01       	movw	r18, r16
    4c5a:	ae 01       	movw	r20, r28
    4c5c:	4f 5f       	subi	r20, 0xFF	; 255
    4c5e:	5f 4f       	sbci	r21, 0xFF	; 255
    4c60:	6f 2d       	mov	r22, r15
    4c62:	8c ee       	ldi	r24, 0xEC	; 236
    4c64:	90 e0       	ldi	r25, 0x00	; 0
    4c66:	0e 94 02 19 	call	0x3204	; 0x3204 <COM_EROM_ACCESS_FLOAT>
    4c6a:	1e c3       	rjmp	.+1596   	; 0x52a8 <EEPROM_ACCESS_UART+0xd0e>
    4c6c:	f3 e5       	ldi	r31, 0x53	; 83
    4c6e:	ef 12       	cpse	r14, r31
    4c70:	0a c0       	rjmp	.+20     	; 0x4c86 <EEPROM_ACCESS_UART+0x6ec>
    4c72:	98 01       	movw	r18, r16
    4c74:	ae 01       	movw	r20, r28
    4c76:	4f 5f       	subi	r20, 0xFF	; 255
    4c78:	5f 4f       	sbci	r21, 0xFF	; 255
    4c7a:	6f 2d       	mov	r22, r15
    4c7c:	8b e8       	ldi	r24, 0x8B	; 139
    4c7e:	91 e0       	ldi	r25, 0x01	; 1
    4c80:	0e 94 3f 19 	call	0x327e	; 0x327e <COM_EROM_ACCESS_UINT8>
    4c84:	11 c3       	rjmp	.+1570   	; 0x52a8 <EEPROM_ACCESS_UART+0xd0e>
    4c86:	84 e5       	ldi	r24, 0x54	; 84
    4c88:	e8 12       	cpse	r14, r24
    4c8a:	0a c0       	rjmp	.+20     	; 0x4ca0 <EEPROM_ACCESS_UART+0x706>
    4c8c:	98 01       	movw	r18, r16
    4c8e:	ae 01       	movw	r20, r28
    4c90:	4f 5f       	subi	r20, 0xFF	; 255
    4c92:	5f 4f       	sbci	r21, 0xFF	; 255
    4c94:	6f 2d       	mov	r22, r15
    4c96:	8a e8       	ldi	r24, 0x8A	; 138
    4c98:	91 e0       	ldi	r25, 0x01	; 1
    4c9a:	0e 94 3f 19 	call	0x327e	; 0x327e <COM_EROM_ACCESS_UINT8>
    4c9e:	04 c3       	rjmp	.+1544   	; 0x52a8 <EEPROM_ACCESS_UART+0xd0e>
    4ca0:	9a e5       	ldi	r25, 0x5A	; 90
    4ca2:	e9 12       	cpse	r14, r25
    4ca4:	0a c0       	rjmp	.+20     	; 0x4cba <EEPROM_ACCESS_UART+0x720>
    4ca6:	98 01       	movw	r18, r16
    4ca8:	ae 01       	movw	r20, r28
    4caa:	4f 5f       	subi	r20, 0xFF	; 255
    4cac:	5f 4f       	sbci	r21, 0xFF	; 255
    4cae:	6f 2d       	mov	r22, r15
    4cb0:	89 e4       	ldi	r24, 0x49	; 73
    4cb2:	90 e0       	ldi	r25, 0x00	; 0
    4cb4:	0e 94 02 19 	call	0x3204	; 0x3204 <COM_EROM_ACCESS_FLOAT>
    4cb8:	f7 c2       	rjmp	.+1518   	; 0x52a8 <EEPROM_ACCESS_UART+0xd0e>
    4cba:	eb e5       	ldi	r30, 0x5B	; 91
    4cbc:	ee 12       	cpse	r14, r30
    4cbe:	0a c0       	rjmp	.+20     	; 0x4cd4 <EEPROM_ACCESS_UART+0x73a>
    4cc0:	98 01       	movw	r18, r16
    4cc2:	ae 01       	movw	r20, r28
    4cc4:	4f 5f       	subi	r20, 0xFF	; 255
    4cc6:	5f 4f       	sbci	r21, 0xFF	; 255
    4cc8:	6f 2d       	mov	r22, r15
    4cca:	85 e4       	ldi	r24, 0x45	; 69
    4ccc:	90 e0       	ldi	r25, 0x00	; 0
    4cce:	0e 94 02 19 	call	0x3204	; 0x3204 <COM_EROM_ACCESS_FLOAT>
    4cd2:	ea c2       	rjmp	.+1492   	; 0x52a8 <EEPROM_ACCESS_UART+0xd0e>
    4cd4:	ff e5       	ldi	r31, 0x5F	; 95
    4cd6:	ef 12       	cpse	r14, r31
    4cd8:	0a c0       	rjmp	.+20     	; 0x4cee <EEPROM_ACCESS_UART+0x754>
    4cda:	98 01       	movw	r18, r16
    4cdc:	ae 01       	movw	r20, r28
    4cde:	4f 5f       	subi	r20, 0xFF	; 255
    4ce0:	5f 4f       	sbci	r21, 0xFF	; 255
    4ce2:	6f 2d       	mov	r22, r15
    4ce4:	81 e4       	ldi	r24, 0x41	; 65
    4ce6:	90 e0       	ldi	r25, 0x00	; 0
    4ce8:	0e 94 02 19 	call	0x3204	; 0x3204 <COM_EROM_ACCESS_FLOAT>
    4cec:	dd c2       	rjmp	.+1466   	; 0x52a8 <EEPROM_ACCESS_UART+0xd0e>
    4cee:	80 e6       	ldi	r24, 0x60	; 96
    4cf0:	e8 12       	cpse	r14, r24
    4cf2:	0a c0       	rjmp	.+20     	; 0x4d08 <EEPROM_ACCESS_UART+0x76e>
    4cf4:	98 01       	movw	r18, r16
    4cf6:	ae 01       	movw	r20, r28
    4cf8:	4f 5f       	subi	r20, 0xFF	; 255
    4cfa:	5f 4f       	sbci	r21, 0xFF	; 255
    4cfc:	6f 2d       	mov	r22, r15
    4cfe:	8d e3       	ldi	r24, 0x3D	; 61
    4d00:	90 e0       	ldi	r25, 0x00	; 0
    4d02:	0e 94 02 19 	call	0x3204	; 0x3204 <COM_EROM_ACCESS_FLOAT>
    4d06:	d0 c2       	rjmp	.+1440   	; 0x52a8 <EEPROM_ACCESS_UART+0xd0e>
    4d08:	91 e6       	ldi	r25, 0x61	; 97
    4d0a:	e9 12       	cpse	r14, r25
    4d0c:	0a c0       	rjmp	.+20     	; 0x4d22 <EEPROM_ACCESS_UART+0x788>
    4d0e:	98 01       	movw	r18, r16
    4d10:	ae 01       	movw	r20, r28
    4d12:	4f 5f       	subi	r20, 0xFF	; 255
    4d14:	5f 4f       	sbci	r21, 0xFF	; 255
    4d16:	6f 2d       	mov	r22, r15
    4d18:	89 e3       	ldi	r24, 0x39	; 57
    4d1a:	90 e0       	ldi	r25, 0x00	; 0
    4d1c:	0e 94 02 19 	call	0x3204	; 0x3204 <COM_EROM_ACCESS_FLOAT>
    4d20:	c3 c2       	rjmp	.+1414   	; 0x52a8 <EEPROM_ACCESS_UART+0xd0e>
    4d22:	e4 e6       	ldi	r30, 0x64	; 100
    4d24:	ee 12       	cpse	r14, r30
    4d26:	0a c0       	rjmp	.+20     	; 0x4d3c <EEPROM_ACCESS_UART+0x7a2>
    4d28:	98 01       	movw	r18, r16
    4d2a:	ae 01       	movw	r20, r28
    4d2c:	4f 5f       	subi	r20, 0xFF	; 255
    4d2e:	5f 4f       	sbci	r21, 0xFF	; 255
    4d30:	6f 2d       	mov	r22, r15
    4d32:	85 e3       	ldi	r24, 0x35	; 53
    4d34:	90 e0       	ldi	r25, 0x00	; 0
    4d36:	0e 94 02 19 	call	0x3204	; 0x3204 <COM_EROM_ACCESS_FLOAT>
    4d3a:	b6 c2       	rjmp	.+1388   	; 0x52a8 <EEPROM_ACCESS_UART+0xd0e>
    4d3c:	f5 e6       	ldi	r31, 0x65	; 101
    4d3e:	ef 12       	cpse	r14, r31
    4d40:	0a c0       	rjmp	.+20     	; 0x4d56 <EEPROM_ACCESS_UART+0x7bc>
    4d42:	98 01       	movw	r18, r16
    4d44:	ae 01       	movw	r20, r28
    4d46:	4f 5f       	subi	r20, 0xFF	; 255
    4d48:	5f 4f       	sbci	r21, 0xFF	; 255
    4d4a:	6f 2d       	mov	r22, r15
    4d4c:	81 e3       	ldi	r24, 0x31	; 49
    4d4e:	90 e0       	ldi	r25, 0x00	; 0
    4d50:	0e 94 02 19 	call	0x3204	; 0x3204 <COM_EROM_ACCESS_FLOAT>
    4d54:	a9 c2       	rjmp	.+1362   	; 0x52a8 <EEPROM_ACCESS_UART+0xd0e>
    4d56:	86 e6       	ldi	r24, 0x66	; 102
    4d58:	e8 12       	cpse	r14, r24
    4d5a:	0a c0       	rjmp	.+20     	; 0x4d70 <EEPROM_ACCESS_UART+0x7d6>
    4d5c:	98 01       	movw	r18, r16
    4d5e:	ae 01       	movw	r20, r28
    4d60:	4f 5f       	subi	r20, 0xFF	; 255
    4d62:	5f 4f       	sbci	r21, 0xFF	; 255
    4d64:	6f 2d       	mov	r22, r15
    4d66:	8d e2       	ldi	r24, 0x2D	; 45
    4d68:	90 e0       	ldi	r25, 0x00	; 0
    4d6a:	0e 94 02 19 	call	0x3204	; 0x3204 <COM_EROM_ACCESS_FLOAT>
    4d6e:	9c c2       	rjmp	.+1336   	; 0x52a8 <EEPROM_ACCESS_UART+0xd0e>
    4d70:	97 e6       	ldi	r25, 0x67	; 103
    4d72:	e9 12       	cpse	r14, r25
    4d74:	0a c0       	rjmp	.+20     	; 0x4d8a <EEPROM_ACCESS_UART+0x7f0>
    4d76:	98 01       	movw	r18, r16
    4d78:	ae 01       	movw	r20, r28
    4d7a:	4f 5f       	subi	r20, 0xFF	; 255
    4d7c:	5f 4f       	sbci	r21, 0xFF	; 255
    4d7e:	6f 2d       	mov	r22, r15
    4d80:	89 e2       	ldi	r24, 0x29	; 41
    4d82:	90 e0       	ldi	r25, 0x00	; 0
    4d84:	0e 94 02 19 	call	0x3204	; 0x3204 <COM_EROM_ACCESS_FLOAT>
    4d88:	8f c2       	rjmp	.+1310   	; 0x52a8 <EEPROM_ACCESS_UART+0xd0e>
    4d8a:	e9 e6       	ldi	r30, 0x69	; 105
    4d8c:	ee 12       	cpse	r14, r30
    4d8e:	0a c0       	rjmp	.+20     	; 0x4da4 <EEPROM_ACCESS_UART+0x80a>
    4d90:	98 01       	movw	r18, r16
    4d92:	ae 01       	movw	r20, r28
    4d94:	4f 5f       	subi	r20, 0xFF	; 255
    4d96:	5f 4f       	sbci	r21, 0xFF	; 255
    4d98:	6f 2d       	mov	r22, r15
    4d9a:	85 e2       	ldi	r24, 0x25	; 37
    4d9c:	90 e0       	ldi	r25, 0x00	; 0
    4d9e:	0e 94 02 19 	call	0x3204	; 0x3204 <COM_EROM_ACCESS_FLOAT>
    4da2:	82 c2       	rjmp	.+1284   	; 0x52a8 <EEPROM_ACCESS_UART+0xd0e>
    4da4:	fa e6       	ldi	r31, 0x6A	; 106
    4da6:	ef 12       	cpse	r14, r31
    4da8:	0a c0       	rjmp	.+20     	; 0x4dbe <EEPROM_ACCESS_UART+0x824>
    4daa:	98 01       	movw	r18, r16
    4dac:	ae 01       	movw	r20, r28
    4dae:	4f 5f       	subi	r20, 0xFF	; 255
    4db0:	5f 4f       	sbci	r21, 0xFF	; 255
    4db2:	6f 2d       	mov	r22, r15
    4db4:	81 e2       	ldi	r24, 0x21	; 33
    4db6:	90 e0       	ldi	r25, 0x00	; 0
    4db8:	0e 94 02 19 	call	0x3204	; 0x3204 <COM_EROM_ACCESS_FLOAT>
    4dbc:	75 c2       	rjmp	.+1258   	; 0x52a8 <EEPROM_ACCESS_UART+0xd0e>
    4dbe:	8b e6       	ldi	r24, 0x6B	; 107
    4dc0:	e8 12       	cpse	r14, r24
    4dc2:	0a c0       	rjmp	.+20     	; 0x4dd8 <EEPROM_ACCESS_UART+0x83e>
    4dc4:	98 01       	movw	r18, r16
    4dc6:	ae 01       	movw	r20, r28
    4dc8:	4f 5f       	subi	r20, 0xFF	; 255
    4dca:	5f 4f       	sbci	r21, 0xFF	; 255
    4dcc:	6f 2d       	mov	r22, r15
    4dce:	8d e1       	ldi	r24, 0x1D	; 29
    4dd0:	90 e0       	ldi	r25, 0x00	; 0
    4dd2:	0e 94 02 19 	call	0x3204	; 0x3204 <COM_EROM_ACCESS_FLOAT>
    4dd6:	68 c2       	rjmp	.+1232   	; 0x52a8 <EEPROM_ACCESS_UART+0xd0e>
    4dd8:	9c e6       	ldi	r25, 0x6C	; 108
    4dda:	e9 12       	cpse	r14, r25
    4ddc:	0a c0       	rjmp	.+20     	; 0x4df2 <EEPROM_ACCESS_UART+0x858>
    4dde:	98 01       	movw	r18, r16
    4de0:	ae 01       	movw	r20, r28
    4de2:	4f 5f       	subi	r20, 0xFF	; 255
    4de4:	5f 4f       	sbci	r21, 0xFF	; 255
    4de6:	6f 2d       	mov	r22, r15
    4de8:	89 e1       	ldi	r24, 0x19	; 25
    4dea:	90 e0       	ldi	r25, 0x00	; 0
    4dec:	0e 94 02 19 	call	0x3204	; 0x3204 <COM_EROM_ACCESS_FLOAT>
    4df0:	5b c2       	rjmp	.+1206   	; 0x52a8 <EEPROM_ACCESS_UART+0xd0e>
    4df2:	ee e6       	ldi	r30, 0x6E	; 110
    4df4:	ee 12       	cpse	r14, r30
    4df6:	0a c0       	rjmp	.+20     	; 0x4e0c <EEPROM_ACCESS_UART+0x872>
    4df8:	98 01       	movw	r18, r16
    4dfa:	ae 01       	movw	r20, r28
    4dfc:	4f 5f       	subi	r20, 0xFF	; 255
    4dfe:	5f 4f       	sbci	r21, 0xFF	; 255
    4e00:	6f 2d       	mov	r22, r15
    4e02:	85 e1       	ldi	r24, 0x15	; 21
    4e04:	90 e0       	ldi	r25, 0x00	; 0
    4e06:	0e 94 02 19 	call	0x3204	; 0x3204 <COM_EROM_ACCESS_FLOAT>
    4e0a:	4e c2       	rjmp	.+1180   	; 0x52a8 <EEPROM_ACCESS_UART+0xd0e>
    4e0c:	ff e6       	ldi	r31, 0x6F	; 111
    4e0e:	ef 12       	cpse	r14, r31
    4e10:	0a c0       	rjmp	.+20     	; 0x4e26 <EEPROM_ACCESS_UART+0x88c>
    4e12:	98 01       	movw	r18, r16
    4e14:	ae 01       	movw	r20, r28
    4e16:	4f 5f       	subi	r20, 0xFF	; 255
    4e18:	5f 4f       	sbci	r21, 0xFF	; 255
    4e1a:	6f 2d       	mov	r22, r15
    4e1c:	81 e1       	ldi	r24, 0x11	; 17
    4e1e:	90 e0       	ldi	r25, 0x00	; 0
    4e20:	0e 94 02 19 	call	0x3204	; 0x3204 <COM_EROM_ACCESS_FLOAT>
    4e24:	41 c2       	rjmp	.+1154   	; 0x52a8 <EEPROM_ACCESS_UART+0xd0e>
    4e26:	83 e7       	ldi	r24, 0x73	; 115
    4e28:	e8 12       	cpse	r14, r24
    4e2a:	0a c0       	rjmp	.+20     	; 0x4e40 <EEPROM_ACCESS_UART+0x8a6>
    4e2c:	98 01       	movw	r18, r16
    4e2e:	ae 01       	movw	r20, r28
    4e30:	4f 5f       	subi	r20, 0xFF	; 255
    4e32:	5f 4f       	sbci	r21, 0xFF	; 255
    4e34:	6f 2d       	mov	r22, r15
    4e36:	8f e0       	ldi	r24, 0x0F	; 15
    4e38:	90 e0       	ldi	r25, 0x00	; 0
    4e3a:	0e 94 3f 19 	call	0x327e	; 0x327e <COM_EROM_ACCESS_UINT8>
    4e3e:	34 c2       	rjmp	.+1128   	; 0x52a8 <EEPROM_ACCESS_UART+0xd0e>
    4e40:	94 e7       	ldi	r25, 0x74	; 116
    4e42:	e9 12       	cpse	r14, r25
    4e44:	0a c0       	rjmp	.+20     	; 0x4e5a <EEPROM_ACCESS_UART+0x8c0>
    4e46:	98 01       	movw	r18, r16
    4e48:	ae 01       	movw	r20, r28
    4e4a:	4f 5f       	subi	r20, 0xFF	; 255
    4e4c:	5f 4f       	sbci	r21, 0xFF	; 255
    4e4e:	6f 2d       	mov	r22, r15
    4e50:	8e e0       	ldi	r24, 0x0E	; 14
    4e52:	90 e0       	ldi	r25, 0x00	; 0
    4e54:	0e 94 3f 19 	call	0x327e	; 0x327e <COM_EROM_ACCESS_UINT8>
    4e58:	27 c2       	rjmp	.+1102   	; 0x52a8 <EEPROM_ACCESS_UART+0xd0e>
    4e5a:	ed e7       	ldi	r30, 0x7D	; 125
    4e5c:	ee 12       	cpse	r14, r30
    4e5e:	0a c0       	rjmp	.+20     	; 0x4e74 <EEPROM_ACCESS_UART+0x8da>
    4e60:	98 01       	movw	r18, r16
    4e62:	ae 01       	movw	r20, r28
    4e64:	4f 5f       	subi	r20, 0xFF	; 255
    4e66:	5f 4f       	sbci	r21, 0xFF	; 255
    4e68:	6f 2d       	mov	r22, r15
    4e6a:	8f ec       	ldi	r24, 0xCF	; 207
    4e6c:	90 e0       	ldi	r25, 0x00	; 0
    4e6e:	0e 94 02 19 	call	0x3204	; 0x3204 <COM_EROM_ACCESS_FLOAT>
    4e72:	1a c2       	rjmp	.+1076   	; 0x52a8 <EEPROM_ACCESS_UART+0xd0e>
    4e74:	fe e7       	ldi	r31, 0x7E	; 126
    4e76:	ef 12       	cpse	r14, r31
    4e78:	0a c0       	rjmp	.+20     	; 0x4e8e <EEPROM_ACCESS_UART+0x8f4>
    4e7a:	98 01       	movw	r18, r16
    4e7c:	ae 01       	movw	r20, r28
    4e7e:	4f 5f       	subi	r20, 0xFF	; 255
    4e80:	5f 4f       	sbci	r21, 0xFF	; 255
    4e82:	6f 2d       	mov	r22, r15
    4e84:	8b ec       	ldi	r24, 0xCB	; 203
    4e86:	90 e0       	ldi	r25, 0x00	; 0
    4e88:	0e 94 02 19 	call	0x3204	; 0x3204 <COM_EROM_ACCESS_FLOAT>
    4e8c:	0d c2       	rjmp	.+1050   	; 0x52a8 <EEPROM_ACCESS_UART+0xd0e>
    4e8e:	8f e7       	ldi	r24, 0x7F	; 127
    4e90:	e8 12       	cpse	r14, r24
    4e92:	0a c0       	rjmp	.+20     	; 0x4ea8 <EEPROM_ACCESS_UART+0x90e>
    4e94:	98 01       	movw	r18, r16
    4e96:	ae 01       	movw	r20, r28
    4e98:	4f 5f       	subi	r20, 0xFF	; 255
    4e9a:	5f 4f       	sbci	r21, 0xFF	; 255
    4e9c:	6f 2d       	mov	r22, r15
    4e9e:	87 ec       	ldi	r24, 0xC7	; 199
    4ea0:	90 e0       	ldi	r25, 0x00	; 0
    4ea2:	0e 94 02 19 	call	0x3204	; 0x3204 <COM_EROM_ACCESS_FLOAT>
    4ea6:	00 c2       	rjmp	.+1024   	; 0x52a8 <EEPROM_ACCESS_UART+0xd0e>
    4ea8:	90 e8       	ldi	r25, 0x80	; 128
    4eaa:	e9 12       	cpse	r14, r25
    4eac:	0a c0       	rjmp	.+20     	; 0x4ec2 <EEPROM_ACCESS_UART+0x928>
    4eae:	98 01       	movw	r18, r16
    4eb0:	ae 01       	movw	r20, r28
    4eb2:	4f 5f       	subi	r20, 0xFF	; 255
    4eb4:	5f 4f       	sbci	r21, 0xFF	; 255
    4eb6:	6f 2d       	mov	r22, r15
    4eb8:	83 ec       	ldi	r24, 0xC3	; 195
    4eba:	90 e0       	ldi	r25, 0x00	; 0
    4ebc:	0e 94 02 19 	call	0x3204	; 0x3204 <COM_EROM_ACCESS_FLOAT>
    4ec0:	f3 c1       	rjmp	.+998    	; 0x52a8 <EEPROM_ACCESS_UART+0xd0e>
    4ec2:	e2 e8       	ldi	r30, 0x82	; 130
    4ec4:	ee 12       	cpse	r14, r30
    4ec6:	0a c0       	rjmp	.+20     	; 0x4edc <EEPROM_ACCESS_UART+0x942>
    4ec8:	98 01       	movw	r18, r16
    4eca:	ae 01       	movw	r20, r28
    4ecc:	4f 5f       	subi	r20, 0xFF	; 255
    4ece:	5f 4f       	sbci	r21, 0xFF	; 255
    4ed0:	6f 2d       	mov	r22, r15
    4ed2:	8f eb       	ldi	r24, 0xBF	; 191
    4ed4:	90 e0       	ldi	r25, 0x00	; 0
    4ed6:	0e 94 02 19 	call	0x3204	; 0x3204 <COM_EROM_ACCESS_FLOAT>
    4eda:	e6 c1       	rjmp	.+972    	; 0x52a8 <EEPROM_ACCESS_UART+0xd0e>
    4edc:	f3 e8       	ldi	r31, 0x83	; 131
    4ede:	ef 12       	cpse	r14, r31
    4ee0:	0a c0       	rjmp	.+20     	; 0x4ef6 <EEPROM_ACCESS_UART+0x95c>
    4ee2:	98 01       	movw	r18, r16
    4ee4:	ae 01       	movw	r20, r28
    4ee6:	4f 5f       	subi	r20, 0xFF	; 255
    4ee8:	5f 4f       	sbci	r21, 0xFF	; 255
    4eea:	6f 2d       	mov	r22, r15
    4eec:	8b eb       	ldi	r24, 0xBB	; 187
    4eee:	90 e0       	ldi	r25, 0x00	; 0
    4ef0:	0e 94 02 19 	call	0x3204	; 0x3204 <COM_EROM_ACCESS_FLOAT>
    4ef4:	d9 c1       	rjmp	.+946    	; 0x52a8 <EEPROM_ACCESS_UART+0xd0e>
    4ef6:	84 e8       	ldi	r24, 0x84	; 132
    4ef8:	e8 12       	cpse	r14, r24
    4efa:	0a c0       	rjmp	.+20     	; 0x4f10 <EEPROM_ACCESS_UART+0x976>
    4efc:	98 01       	movw	r18, r16
    4efe:	ae 01       	movw	r20, r28
    4f00:	4f 5f       	subi	r20, 0xFF	; 255
    4f02:	5f 4f       	sbci	r21, 0xFF	; 255
    4f04:	6f 2d       	mov	r22, r15
    4f06:	87 eb       	ldi	r24, 0xB7	; 183
    4f08:	90 e0       	ldi	r25, 0x00	; 0
    4f0a:	0e 94 02 19 	call	0x3204	; 0x3204 <COM_EROM_ACCESS_FLOAT>
    4f0e:	cc c1       	rjmp	.+920    	; 0x52a8 <EEPROM_ACCESS_UART+0xd0e>
    4f10:	95 e8       	ldi	r25, 0x85	; 133
    4f12:	e9 12       	cpse	r14, r25
    4f14:	0a c0       	rjmp	.+20     	; 0x4f2a <EEPROM_ACCESS_UART+0x990>
    4f16:	98 01       	movw	r18, r16
    4f18:	ae 01       	movw	r20, r28
    4f1a:	4f 5f       	subi	r20, 0xFF	; 255
    4f1c:	5f 4f       	sbci	r21, 0xFF	; 255
    4f1e:	6f 2d       	mov	r22, r15
    4f20:	83 eb       	ldi	r24, 0xB3	; 179
    4f22:	90 e0       	ldi	r25, 0x00	; 0
    4f24:	0e 94 02 19 	call	0x3204	; 0x3204 <COM_EROM_ACCESS_FLOAT>
    4f28:	bf c1       	rjmp	.+894    	; 0x52a8 <EEPROM_ACCESS_UART+0xd0e>
    4f2a:	e7 e8       	ldi	r30, 0x87	; 135
    4f2c:	ee 12       	cpse	r14, r30
    4f2e:	0a c0       	rjmp	.+20     	; 0x4f44 <EEPROM_ACCESS_UART+0x9aa>
    4f30:	98 01       	movw	r18, r16
    4f32:	ae 01       	movw	r20, r28
    4f34:	4f 5f       	subi	r20, 0xFF	; 255
    4f36:	5f 4f       	sbci	r21, 0xFF	; 255
    4f38:	6f 2d       	mov	r22, r15
    4f3a:	8f ea       	ldi	r24, 0xAF	; 175
    4f3c:	90 e0       	ldi	r25, 0x00	; 0
    4f3e:	0e 94 02 19 	call	0x3204	; 0x3204 <COM_EROM_ACCESS_FLOAT>
    4f42:	b2 c1       	rjmp	.+868    	; 0x52a8 <EEPROM_ACCESS_UART+0xd0e>
    4f44:	f8 e8       	ldi	r31, 0x88	; 136
    4f46:	ef 12       	cpse	r14, r31
    4f48:	0a c0       	rjmp	.+20     	; 0x4f5e <EEPROM_ACCESS_UART+0x9c4>
    4f4a:	98 01       	movw	r18, r16
    4f4c:	ae 01       	movw	r20, r28
    4f4e:	4f 5f       	subi	r20, 0xFF	; 255
    4f50:	5f 4f       	sbci	r21, 0xFF	; 255
    4f52:	6f 2d       	mov	r22, r15
    4f54:	8b ea       	ldi	r24, 0xAB	; 171
    4f56:	90 e0       	ldi	r25, 0x00	; 0
    4f58:	0e 94 02 19 	call	0x3204	; 0x3204 <COM_EROM_ACCESS_FLOAT>
    4f5c:	a5 c1       	rjmp	.+842    	; 0x52a8 <EEPROM_ACCESS_UART+0xd0e>
    4f5e:	8c e8       	ldi	r24, 0x8C	; 140
    4f60:	e8 12       	cpse	r14, r24
    4f62:	0a c0       	rjmp	.+20     	; 0x4f78 <EEPROM_ACCESS_UART+0x9de>
    4f64:	98 01       	movw	r18, r16
    4f66:	ae 01       	movw	r20, r28
    4f68:	4f 5f       	subi	r20, 0xFF	; 255
    4f6a:	5f 4f       	sbci	r21, 0xFF	; 255
    4f6c:	6f 2d       	mov	r22, r15
    4f6e:	8d e0       	ldi	r24, 0x0D	; 13
    4f70:	90 e0       	ldi	r25, 0x00	; 0
    4f72:	0e 94 3f 19 	call	0x327e	; 0x327e <COM_EROM_ACCESS_UINT8>
    4f76:	98 c1       	rjmp	.+816    	; 0x52a8 <EEPROM_ACCESS_UART+0xd0e>
    4f78:	9d e8       	ldi	r25, 0x8D	; 141
    4f7a:	e9 12       	cpse	r14, r25
    4f7c:	0a c0       	rjmp	.+20     	; 0x4f92 <EEPROM_ACCESS_UART+0x9f8>
    4f7e:	98 01       	movw	r18, r16
    4f80:	ae 01       	movw	r20, r28
    4f82:	4f 5f       	subi	r20, 0xFF	; 255
    4f84:	5f 4f       	sbci	r21, 0xFF	; 255
    4f86:	6f 2d       	mov	r22, r15
    4f88:	8c e0       	ldi	r24, 0x0C	; 12
    4f8a:	90 e0       	ldi	r25, 0x00	; 0
    4f8c:	0e 94 3f 19 	call	0x327e	; 0x327e <COM_EROM_ACCESS_UINT8>
    4f90:	8b c1       	rjmp	.+790    	; 0x52a8 <EEPROM_ACCESS_UART+0xd0e>
    4f92:	ee e8       	ldi	r30, 0x8E	; 142
    4f94:	ee 12       	cpse	r14, r30
    4f96:	0a c0       	rjmp	.+20     	; 0x4fac <EEPROM_ACCESS_UART+0xa12>
    4f98:	98 01       	movw	r18, r16
    4f9a:	ae 01       	movw	r20, r28
    4f9c:	4f 5f       	subi	r20, 0xFF	; 255
    4f9e:	5f 4f       	sbci	r21, 0xFF	; 255
    4fa0:	6f 2d       	mov	r22, r15
    4fa2:	88 e0       	ldi	r24, 0x08	; 8
    4fa4:	90 e0       	ldi	r25, 0x00	; 0
    4fa6:	0e 94 02 19 	call	0x3204	; 0x3204 <COM_EROM_ACCESS_FLOAT>
    4faa:	7e c1       	rjmp	.+764    	; 0x52a8 <EEPROM_ACCESS_UART+0xd0e>
    4fac:	ff e8       	ldi	r31, 0x8F	; 143
    4fae:	ef 12       	cpse	r14, r31
    4fb0:	0a c0       	rjmp	.+20     	; 0x4fc6 <EEPROM_ACCESS_UART+0xa2c>
    4fb2:	98 01       	movw	r18, r16
    4fb4:	ae 01       	movw	r20, r28
    4fb6:	4f 5f       	subi	r20, 0xFF	; 255
    4fb8:	5f 4f       	sbci	r21, 0xFF	; 255
    4fba:	6f 2d       	mov	r22, r15
    4fbc:	84 e0       	ldi	r24, 0x04	; 4
    4fbe:	90 e0       	ldi	r25, 0x00	; 0
    4fc0:	0e 94 02 19 	call	0x3204	; 0x3204 <COM_EROM_ACCESS_FLOAT>
    4fc4:	71 c1       	rjmp	.+738    	; 0x52a8 <EEPROM_ACCESS_UART+0xd0e>
    4fc6:	80 e9       	ldi	r24, 0x90	; 144
    4fc8:	e8 12       	cpse	r14, r24
    4fca:	0a c0       	rjmp	.+20     	; 0x4fe0 <EEPROM_ACCESS_UART+0xa46>
    4fcc:	98 01       	movw	r18, r16
    4fce:	ae 01       	movw	r20, r28
    4fd0:	4f 5f       	subi	r20, 0xFF	; 255
    4fd2:	5f 4f       	sbci	r21, 0xFF	; 255
    4fd4:	6f 2d       	mov	r22, r15
    4fd6:	82 e0       	ldi	r24, 0x02	; 2
    4fd8:	90 e0       	ldi	r25, 0x00	; 0
    4fda:	0e 94 6d 19 	call	0x32da	; 0x32da <COM_EROM_ACCESS_UINT16>
    4fde:	64 c1       	rjmp	.+712    	; 0x52a8 <EEPROM_ACCESS_UART+0xd0e>
    4fe0:	91 e9       	ldi	r25, 0x91	; 145
    4fe2:	e9 12       	cpse	r14, r25
    4fe4:	0a c0       	rjmp	.+20     	; 0x4ffa <EEPROM_ACCESS_UART+0xa60>
    4fe6:	98 01       	movw	r18, r16
    4fe8:	ae 01       	movw	r20, r28
    4fea:	4f 5f       	subi	r20, 0xFF	; 255
    4fec:	5f 4f       	sbci	r21, 0xFF	; 255
    4fee:	6f 2d       	mov	r22, r15
    4ff0:	81 e0       	ldi	r24, 0x01	; 1
    4ff2:	90 e0       	ldi	r25, 0x00	; 0
    4ff4:	0e 94 3f 19 	call	0x327e	; 0x327e <COM_EROM_ACCESS_UINT8>
    4ff8:	57 c1       	rjmp	.+686    	; 0x52a8 <EEPROM_ACCESS_UART+0xd0e>
    4ffa:	e2 e9       	ldi	r30, 0x92	; 146
    4ffc:	ee 12       	cpse	r14, r30
    4ffe:	0a c0       	rjmp	.+20     	; 0x5014 <EEPROM_ACCESS_UART+0xa7a>
    5000:	98 01       	movw	r18, r16
    5002:	ae 01       	movw	r20, r28
    5004:	4f 5f       	subi	r20, 0xFF	; 255
    5006:	5f 4f       	sbci	r21, 0xFF	; 255
    5008:	6f 2d       	mov	r22, r15
    500a:	80 e0       	ldi	r24, 0x00	; 0
    500c:	90 e0       	ldi	r25, 0x00	; 0
    500e:	0e 94 3f 19 	call	0x327e	; 0x327e <COM_EROM_ACCESS_UINT8>
    5012:	4a c1       	rjmp	.+660    	; 0x52a8 <EEPROM_ACCESS_UART+0xd0e>
    5014:	f6 e9       	ldi	r31, 0x96	; 150
    5016:	ef 12       	cpse	r14, r31
    5018:	0a c0       	rjmp	.+20     	; 0x502e <EEPROM_ACCESS_UART+0xa94>
    501a:	98 01       	movw	r18, r16
    501c:	ae 01       	movw	r20, r28
    501e:	4f 5f       	subi	r20, 0xFF	; 255
    5020:	5f 4f       	sbci	r21, 0xFF	; 255
    5022:	6f 2d       	mov	r22, r15
    5024:	87 ea       	ldi	r24, 0xA7	; 167
    5026:	90 e0       	ldi	r25, 0x00	; 0
    5028:	0e 94 02 19 	call	0x3204	; 0x3204 <COM_EROM_ACCESS_FLOAT>
    502c:	3d c1       	rjmp	.+634    	; 0x52a8 <EEPROM_ACCESS_UART+0xd0e>
    502e:	87 e9       	ldi	r24, 0x97	; 151
    5030:	e8 12       	cpse	r14, r24
    5032:	0a c0       	rjmp	.+20     	; 0x5048 <EEPROM_ACCESS_UART+0xaae>
    5034:	98 01       	movw	r18, r16
    5036:	ae 01       	movw	r20, r28
    5038:	4f 5f       	subi	r20, 0xFF	; 255
    503a:	5f 4f       	sbci	r21, 0xFF	; 255
    503c:	6f 2d       	mov	r22, r15
    503e:	83 ea       	ldi	r24, 0xA3	; 163
    5040:	90 e0       	ldi	r25, 0x00	; 0
    5042:	0e 94 02 19 	call	0x3204	; 0x3204 <COM_EROM_ACCESS_FLOAT>
    5046:	30 c1       	rjmp	.+608    	; 0x52a8 <EEPROM_ACCESS_UART+0xd0e>
    5048:	98 e9       	ldi	r25, 0x98	; 152
    504a:	e9 12       	cpse	r14, r25
    504c:	0a c0       	rjmp	.+20     	; 0x5062 <EEPROM_ACCESS_UART+0xac8>
    504e:	98 01       	movw	r18, r16
    5050:	ae 01       	movw	r20, r28
    5052:	4f 5f       	subi	r20, 0xFF	; 255
    5054:	5f 4f       	sbci	r21, 0xFF	; 255
    5056:	6f 2d       	mov	r22, r15
    5058:	8f e9       	ldi	r24, 0x9F	; 159
    505a:	90 e0       	ldi	r25, 0x00	; 0
    505c:	0e 94 02 19 	call	0x3204	; 0x3204 <COM_EROM_ACCESS_FLOAT>
    5060:	23 c1       	rjmp	.+582    	; 0x52a8 <EEPROM_ACCESS_UART+0xd0e>
    5062:	e9 e9       	ldi	r30, 0x99	; 153
    5064:	ee 12       	cpse	r14, r30
    5066:	0a c0       	rjmp	.+20     	; 0x507c <EEPROM_ACCESS_UART+0xae2>
    5068:	98 01       	movw	r18, r16
    506a:	ae 01       	movw	r20, r28
    506c:	4f 5f       	subi	r20, 0xFF	; 255
    506e:	5f 4f       	sbci	r21, 0xFF	; 255
    5070:	6f 2d       	mov	r22, r15
    5072:	8b e9       	ldi	r24, 0x9B	; 155
    5074:	90 e0       	ldi	r25, 0x00	; 0
    5076:	0e 94 02 19 	call	0x3204	; 0x3204 <COM_EROM_ACCESS_FLOAT>
    507a:	16 c1       	rjmp	.+556    	; 0x52a8 <EEPROM_ACCESS_UART+0xd0e>
    507c:	fa e9       	ldi	r31, 0x9A	; 154
    507e:	ef 12       	cpse	r14, r31
    5080:	0a c0       	rjmp	.+20     	; 0x5096 <EEPROM_ACCESS_UART+0xafc>
    5082:	98 01       	movw	r18, r16
    5084:	ae 01       	movw	r20, r28
    5086:	4f 5f       	subi	r20, 0xFF	; 255
    5088:	5f 4f       	sbci	r21, 0xFF	; 255
    508a:	6f 2d       	mov	r22, r15
    508c:	87 e9       	ldi	r24, 0x97	; 151
    508e:	90 e0       	ldi	r25, 0x00	; 0
    5090:	0e 94 02 19 	call	0x3204	; 0x3204 <COM_EROM_ACCESS_FLOAT>
    5094:	09 c1       	rjmp	.+530    	; 0x52a8 <EEPROM_ACCESS_UART+0xd0e>
    5096:	8b e9       	ldi	r24, 0x9B	; 155
    5098:	e8 12       	cpse	r14, r24
    509a:	0a c0       	rjmp	.+20     	; 0x50b0 <EEPROM_ACCESS_UART+0xb16>
    509c:	98 01       	movw	r18, r16
    509e:	ae 01       	movw	r20, r28
    50a0:	4f 5f       	subi	r20, 0xFF	; 255
    50a2:	5f 4f       	sbci	r21, 0xFF	; 255
    50a4:	6f 2d       	mov	r22, r15
    50a6:	85 e9       	ldi	r24, 0x95	; 149
    50a8:	90 e0       	ldi	r25, 0x00	; 0
    50aa:	0e 94 6d 19 	call	0x32da	; 0x32da <COM_EROM_ACCESS_UINT16>
    50ae:	fc c0       	rjmp	.+504    	; 0x52a8 <EEPROM_ACCESS_UART+0xd0e>
    50b0:	90 ea       	ldi	r25, 0xA0	; 160
    50b2:	e9 12       	cpse	r14, r25
    50b4:	0a c0       	rjmp	.+20     	; 0x50ca <EEPROM_ACCESS_UART+0xb30>
    50b6:	98 01       	movw	r18, r16
    50b8:	ae 01       	movw	r20, r28
    50ba:	4f 5f       	subi	r20, 0xFF	; 255
    50bc:	5f 4f       	sbci	r21, 0xFF	; 255
    50be:	6f 2d       	mov	r22, r15
    50c0:	81 e9       	ldi	r24, 0x91	; 145
    50c2:	90 e0       	ldi	r25, 0x00	; 0
    50c4:	0e 94 02 19 	call	0x3204	; 0x3204 <COM_EROM_ACCESS_FLOAT>
    50c8:	ef c0       	rjmp	.+478    	; 0x52a8 <EEPROM_ACCESS_UART+0xd0e>
    50ca:	e1 ea       	ldi	r30, 0xA1	; 161
    50cc:	ee 12       	cpse	r14, r30
    50ce:	0a c0       	rjmp	.+20     	; 0x50e4 <EEPROM_ACCESS_UART+0xb4a>
    50d0:	98 01       	movw	r18, r16
    50d2:	ae 01       	movw	r20, r28
    50d4:	4f 5f       	subi	r20, 0xFF	; 255
    50d6:	5f 4f       	sbci	r21, 0xFF	; 255
    50d8:	6f 2d       	mov	r22, r15
    50da:	8d e8       	ldi	r24, 0x8D	; 141
    50dc:	90 e0       	ldi	r25, 0x00	; 0
    50de:	0e 94 02 19 	call	0x3204	; 0x3204 <COM_EROM_ACCESS_FLOAT>
    50e2:	e2 c0       	rjmp	.+452    	; 0x52a8 <EEPROM_ACCESS_UART+0xd0e>
    50e4:	f2 ea       	ldi	r31, 0xA2	; 162
    50e6:	ef 12       	cpse	r14, r31
    50e8:	0a c0       	rjmp	.+20     	; 0x50fe <EEPROM_ACCESS_UART+0xb64>
    50ea:	98 01       	movw	r18, r16
    50ec:	ae 01       	movw	r20, r28
    50ee:	4f 5f       	subi	r20, 0xFF	; 255
    50f0:	5f 4f       	sbci	r21, 0xFF	; 255
    50f2:	6f 2d       	mov	r22, r15
    50f4:	89 e8       	ldi	r24, 0x89	; 137
    50f6:	90 e0       	ldi	r25, 0x00	; 0
    50f8:	0e 94 02 19 	call	0x3204	; 0x3204 <COM_EROM_ACCESS_FLOAT>
    50fc:	d5 c0       	rjmp	.+426    	; 0x52a8 <EEPROM_ACCESS_UART+0xd0e>
    50fe:	83 ea       	ldi	r24, 0xA3	; 163
    5100:	e8 12       	cpse	r14, r24
    5102:	0a c0       	rjmp	.+20     	; 0x5118 <EEPROM_ACCESS_UART+0xb7e>
    5104:	98 01       	movw	r18, r16
    5106:	ae 01       	movw	r20, r28
    5108:	4f 5f       	subi	r20, 0xFF	; 255
    510a:	5f 4f       	sbci	r21, 0xFF	; 255
    510c:	6f 2d       	mov	r22, r15
    510e:	85 e8       	ldi	r24, 0x85	; 133
    5110:	90 e0       	ldi	r25, 0x00	; 0
    5112:	0e 94 02 19 	call	0x3204	; 0x3204 <COM_EROM_ACCESS_FLOAT>
    5116:	c8 c0       	rjmp	.+400    	; 0x52a8 <EEPROM_ACCESS_UART+0xd0e>
    5118:	94 ea       	ldi	r25, 0xA4	; 164
    511a:	e9 12       	cpse	r14, r25
    511c:	0a c0       	rjmp	.+20     	; 0x5132 <EEPROM_ACCESS_UART+0xb98>
    511e:	98 01       	movw	r18, r16
    5120:	ae 01       	movw	r20, r28
    5122:	4f 5f       	subi	r20, 0xFF	; 255
    5124:	5f 4f       	sbci	r21, 0xFF	; 255
    5126:	6f 2d       	mov	r22, r15
    5128:	81 e8       	ldi	r24, 0x81	; 129
    512a:	90 e0       	ldi	r25, 0x00	; 0
    512c:	0e 94 02 19 	call	0x3204	; 0x3204 <COM_EROM_ACCESS_FLOAT>
    5130:	bb c0       	rjmp	.+374    	; 0x52a8 <EEPROM_ACCESS_UART+0xd0e>
    5132:	e5 ea       	ldi	r30, 0xA5	; 165
    5134:	ee 12       	cpse	r14, r30
    5136:	0a c0       	rjmp	.+20     	; 0x514c <EEPROM_ACCESS_UART+0xbb2>
    5138:	98 01       	movw	r18, r16
    513a:	ae 01       	movw	r20, r28
    513c:	4f 5f       	subi	r20, 0xFF	; 255
    513e:	5f 4f       	sbci	r21, 0xFF	; 255
    5140:	6f 2d       	mov	r22, r15
    5142:	87 e5       	ldi	r24, 0x57	; 87
    5144:	90 e0       	ldi	r25, 0x00	; 0
    5146:	0e 94 3f 19 	call	0x327e	; 0x327e <COM_EROM_ACCESS_UINT8>
    514a:	ae c0       	rjmp	.+348    	; 0x52a8 <EEPROM_ACCESS_UART+0xd0e>
    514c:	f6 ea       	ldi	r31, 0xA6	; 166
    514e:	ef 12       	cpse	r14, r31
    5150:	0a c0       	rjmp	.+20     	; 0x5166 <EEPROM_ACCESS_UART+0xbcc>
    5152:	98 01       	movw	r18, r16
    5154:	ae 01       	movw	r20, r28
    5156:	4f 5f       	subi	r20, 0xFF	; 255
    5158:	5f 4f       	sbci	r21, 0xFF	; 255
    515a:	6f 2d       	mov	r22, r15
    515c:	80 e8       	ldi	r24, 0x80	; 128
    515e:	90 e0       	ldi	r25, 0x00	; 0
    5160:	0e 94 3f 19 	call	0x327e	; 0x327e <COM_EROM_ACCESS_UINT8>
    5164:	a1 c0       	rjmp	.+322    	; 0x52a8 <EEPROM_ACCESS_UART+0xd0e>
    5166:	87 ea       	ldi	r24, 0xA7	; 167
    5168:	e8 12       	cpse	r14, r24
    516a:	0a c0       	rjmp	.+20     	; 0x5180 <EEPROM_ACCESS_UART+0xbe6>
    516c:	98 01       	movw	r18, r16
    516e:	ae 01       	movw	r20, r28
    5170:	4f 5f       	subi	r20, 0xFF	; 255
    5172:	5f 4f       	sbci	r21, 0xFF	; 255
    5174:	6f 2d       	mov	r22, r15
    5176:	8c e7       	ldi	r24, 0x7C	; 124
    5178:	90 e0       	ldi	r25, 0x00	; 0
    517a:	0e 94 02 19 	call	0x3204	; 0x3204 <COM_EROM_ACCESS_FLOAT>
    517e:	94 c0       	rjmp	.+296    	; 0x52a8 <EEPROM_ACCESS_UART+0xd0e>
    5180:	98 ea       	ldi	r25, 0xA8	; 168
    5182:	e9 12       	cpse	r14, r25
    5184:	0a c0       	rjmp	.+20     	; 0x519a <EEPROM_ACCESS_UART+0xc00>
    5186:	98 01       	movw	r18, r16
    5188:	ae 01       	movw	r20, r28
    518a:	4f 5f       	subi	r20, 0xFF	; 255
    518c:	5f 4f       	sbci	r21, 0xFF	; 255
    518e:	6f 2d       	mov	r22, r15
    5190:	88 e7       	ldi	r24, 0x78	; 120
    5192:	90 e0       	ldi	r25, 0x00	; 0
    5194:	0e 94 02 19 	call	0x3204	; 0x3204 <COM_EROM_ACCESS_FLOAT>
    5198:	87 c0       	rjmp	.+270    	; 0x52a8 <EEPROM_ACCESS_UART+0xd0e>
    519a:	ef ea       	ldi	r30, 0xAF	; 175
    519c:	ee 12       	cpse	r14, r30
    519e:	0a c0       	rjmp	.+20     	; 0x51b4 <EEPROM_ACCESS_UART+0xc1a>
    51a0:	98 01       	movw	r18, r16
    51a2:	ae 01       	movw	r20, r28
    51a4:	4f 5f       	subi	r20, 0xFF	; 255
    51a6:	5f 4f       	sbci	r21, 0xFF	; 255
    51a8:	6f 2d       	mov	r22, r15
    51aa:	87 e7       	ldi	r24, 0x77	; 119
    51ac:	90 e0       	ldi	r25, 0x00	; 0
    51ae:	0e 94 3f 19 	call	0x327e	; 0x327e <COM_EROM_ACCESS_UINT8>
    51b2:	7a c0       	rjmp	.+244    	; 0x52a8 <EEPROM_ACCESS_UART+0xd0e>
    51b4:	f0 eb       	ldi	r31, 0xB0	; 176
    51b6:	ef 12       	cpse	r14, r31
    51b8:	0a c0       	rjmp	.+20     	; 0x51ce <EEPROM_ACCESS_UART+0xc34>
    51ba:	98 01       	movw	r18, r16
    51bc:	ae 01       	movw	r20, r28
    51be:	4f 5f       	subi	r20, 0xFF	; 255
    51c0:	5f 4f       	sbci	r21, 0xFF	; 255
    51c2:	6f 2d       	mov	r22, r15
    51c4:	83 e7       	ldi	r24, 0x73	; 115
    51c6:	90 e0       	ldi	r25, 0x00	; 0
    51c8:	0e 94 02 19 	call	0x3204	; 0x3204 <COM_EROM_ACCESS_FLOAT>
    51cc:	6d c0       	rjmp	.+218    	; 0x52a8 <EEPROM_ACCESS_UART+0xd0e>
    51ce:	81 eb       	ldi	r24, 0xB1	; 177
    51d0:	e8 12       	cpse	r14, r24
    51d2:	0a c0       	rjmp	.+20     	; 0x51e8 <EEPROM_ACCESS_UART+0xc4e>
    51d4:	98 01       	movw	r18, r16
    51d6:	ae 01       	movw	r20, r28
    51d8:	4f 5f       	subi	r20, 0xFF	; 255
    51da:	5f 4f       	sbci	r21, 0xFF	; 255
    51dc:	6f 2d       	mov	r22, r15
    51de:	8f e6       	ldi	r24, 0x6F	; 111
    51e0:	90 e0       	ldi	r25, 0x00	; 0
    51e2:	0e 94 02 19 	call	0x3204	; 0x3204 <COM_EROM_ACCESS_FLOAT>
    51e6:	60 c0       	rjmp	.+192    	; 0x52a8 <EEPROM_ACCESS_UART+0xd0e>
    51e8:	92 eb       	ldi	r25, 0xB2	; 178
    51ea:	e9 12       	cpse	r14, r25
    51ec:	0a c0       	rjmp	.+20     	; 0x5202 <EEPROM_ACCESS_UART+0xc68>
    51ee:	98 01       	movw	r18, r16
    51f0:	ae 01       	movw	r20, r28
    51f2:	4f 5f       	subi	r20, 0xFF	; 255
    51f4:	5f 4f       	sbci	r21, 0xFF	; 255
    51f6:	6f 2d       	mov	r22, r15
    51f8:	8b e6       	ldi	r24, 0x6B	; 107
    51fa:	90 e0       	ldi	r25, 0x00	; 0
    51fc:	0e 94 02 19 	call	0x3204	; 0x3204 <COM_EROM_ACCESS_FLOAT>
    5200:	53 c0       	rjmp	.+166    	; 0x52a8 <EEPROM_ACCESS_UART+0xd0e>
    5202:	e3 eb       	ldi	r30, 0xB3	; 179
    5204:	ee 12       	cpse	r14, r30
    5206:	0a c0       	rjmp	.+20     	; 0x521c <EEPROM_ACCESS_UART+0xc82>
    5208:	98 01       	movw	r18, r16
    520a:	ae 01       	movw	r20, r28
    520c:	4f 5f       	subi	r20, 0xFF	; 255
    520e:	5f 4f       	sbci	r21, 0xFF	; 255
    5210:	6f 2d       	mov	r22, r15
    5212:	87 e6       	ldi	r24, 0x67	; 103
    5214:	90 e0       	ldi	r25, 0x00	; 0
    5216:	0e 94 02 19 	call	0x3204	; 0x3204 <COM_EROM_ACCESS_FLOAT>
    521a:	46 c0       	rjmp	.+140    	; 0x52a8 <EEPROM_ACCESS_UART+0xd0e>
    521c:	f4 eb       	ldi	r31, 0xB4	; 180
    521e:	ef 12       	cpse	r14, r31
    5220:	0a c0       	rjmp	.+20     	; 0x5236 <EEPROM_ACCESS_UART+0xc9c>
    5222:	98 01       	movw	r18, r16
    5224:	ae 01       	movw	r20, r28
    5226:	4f 5f       	subi	r20, 0xFF	; 255
    5228:	5f 4f       	sbci	r21, 0xFF	; 255
    522a:	6f 2d       	mov	r22, r15
    522c:	83 e6       	ldi	r24, 0x63	; 99
    522e:	90 e0       	ldi	r25, 0x00	; 0
    5230:	0e 94 02 19 	call	0x3204	; 0x3204 <COM_EROM_ACCESS_FLOAT>
    5234:	39 c0       	rjmp	.+114    	; 0x52a8 <EEPROM_ACCESS_UART+0xd0e>
    5236:	85 eb       	ldi	r24, 0xB5	; 181
    5238:	e8 12       	cpse	r14, r24
    523a:	0a c0       	rjmp	.+20     	; 0x5250 <EEPROM_ACCESS_UART+0xcb6>
    523c:	98 01       	movw	r18, r16
    523e:	ae 01       	movw	r20, r28
    5240:	4f 5f       	subi	r20, 0xFF	; 255
    5242:	5f 4f       	sbci	r21, 0xFF	; 255
    5244:	6f 2d       	mov	r22, r15
    5246:	8f e5       	ldi	r24, 0x5F	; 95
    5248:	90 e0       	ldi	r25, 0x00	; 0
    524a:	0e 94 02 19 	call	0x3204	; 0x3204 <COM_EROM_ACCESS_FLOAT>
    524e:	2c c0       	rjmp	.+88     	; 0x52a8 <EEPROM_ACCESS_UART+0xd0e>
    5250:	96 eb       	ldi	r25, 0xB6	; 182
    5252:	e9 12       	cpse	r14, r25
    5254:	0a c0       	rjmp	.+20     	; 0x526a <EEPROM_ACCESS_UART+0xcd0>
    5256:	98 01       	movw	r18, r16
    5258:	ae 01       	movw	r20, r28
    525a:	4f 5f       	subi	r20, 0xFF	; 255
    525c:	5f 4f       	sbci	r21, 0xFF	; 255
    525e:	6f 2d       	mov	r22, r15
    5260:	8d e5       	ldi	r24, 0x5D	; 93
    5262:	90 e0       	ldi	r25, 0x00	; 0
    5264:	0e 94 6d 19 	call	0x32da	; 0x32da <COM_EROM_ACCESS_UINT16>
    5268:	1f c0       	rjmp	.+62     	; 0x52a8 <EEPROM_ACCESS_UART+0xd0e>
    526a:	e7 eb       	ldi	r30, 0xB7	; 183
    526c:	ee 12       	cpse	r14, r30
    526e:	0a c0       	rjmp	.+20     	; 0x5284 <EEPROM_ACCESS_UART+0xcea>
    5270:	98 01       	movw	r18, r16
    5272:	ae 01       	movw	r20, r28
    5274:	4f 5f       	subi	r20, 0xFF	; 255
    5276:	5f 4f       	sbci	r21, 0xFF	; 255
    5278:	6f 2d       	mov	r22, r15
    527a:	82 e5       	ldi	r24, 0x52	; 82
    527c:	90 e0       	ldi	r25, 0x00	; 0
    527e:	0e 94 02 19 	call	0x3204	; 0x3204 <COM_EROM_ACCESS_FLOAT>
    5282:	12 c0       	rjmp	.+36     	; 0x52a8 <EEPROM_ACCESS_UART+0xd0e>
    5284:	f8 eb       	ldi	r31, 0xB8	; 184
    5286:	ef 12       	cpse	r14, r31
    5288:	0a c0       	rjmp	.+20     	; 0x529e <EEPROM_ACCESS_UART+0xd04>
    528a:	98 01       	movw	r18, r16
    528c:	ae 01       	movw	r20, r28
    528e:	4f 5f       	subi	r20, 0xFF	; 255
    5290:	5f 4f       	sbci	r21, 0xFF	; 255
    5292:	6f 2d       	mov	r22, r15
    5294:	81 e5       	ldi	r24, 0x51	; 81
    5296:	90 e0       	ldi	r25, 0x00	; 0
    5298:	0e 94 3f 19 	call	0x327e	; 0x327e <COM_EROM_ACCESS_UINT8>
    529c:	05 c0       	rjmp	.+10     	; 0x52a8 <EEPROM_ACCESS_UART+0xd0e>
    529e:	69 e1       	ldi	r22, 0x19	; 25
    52a0:	71 e0       	ldi	r23, 0x01	; 1
    52a2:	c8 01       	movw	r24, r16
    52a4:	0e 94 1a 0c 	call	0x1834	; 0x1834 <AddEnd_String>
    52a8:	cb 58       	subi	r28, 0x8B	; 139
    52aa:	df 4f       	sbci	r29, 0xFF	; 255
    52ac:	0f b6       	in	r0, 0x3f	; 63
    52ae:	f8 94       	cli
    52b0:	de bf       	out	0x3e, r29	; 62
    52b2:	0f be       	out	0x3f, r0	; 63
    52b4:	cd bf       	out	0x3d, r28	; 61
    52b6:	df 91       	pop	r29
    52b8:	cf 91       	pop	r28
    52ba:	1f 91       	pop	r17
    52bc:	0f 91       	pop	r16
    52be:	ff 90       	pop	r15
    52c0:	ef 90       	pop	r14
    52c2:	df 90       	pop	r13
    52c4:	bf 90       	pop	r11
    52c6:	af 90       	pop	r10
    52c8:	9f 90       	pop	r9
    52ca:	8f 90       	pop	r8
    52cc:	08 95       	ret

000052ce <ADC_Convert_MAX11163>:
    52ce:	85 e0       	ldi	r24, 0x05	; 5
    52d0:	8a 95       	dec	r24
    52d2:	f1 f7       	brne	.-4      	; 0x52d0 <ADC_Convert_MAX11163+0x2>
    52d4:	00 00       	nop
    52d6:	2a 9a       	sbi	0x05, 2	; 5
    52d8:	80 e1       	ldi	r24, 0x10	; 16
    52da:	8a 95       	dec	r24
    52dc:	f1 f7       	brne	.-4      	; 0x52da <ADC_Convert_MAX11163+0xc>
    52de:	2a 98       	cbi	0x05, 2	; 5
    52e0:	1e bc       	out	0x2e, r1	; 46
    52e2:	0d b4       	in	r0, 0x2d	; 45
    52e4:	07 fe       	sbrs	r0, 7
    52e6:	fd cf       	rjmp	.-6      	; 0x52e2 <ADC_Convert_MAX11163+0x14>
    52e8:	9e b5       	in	r25, 0x2e	; 46
    52ea:	1e bc       	out	0x2e, r1	; 46
    52ec:	0d b4       	in	r0, 0x2d	; 45
    52ee:	07 fe       	sbrs	r0, 7
    52f0:	fd cf       	rjmp	.-6      	; 0x52ec <ADC_Convert_MAX11163+0x1e>
    52f2:	8e b5       	in	r24, 0x2e	; 46
    52f4:	08 95       	ret

000052f6 <ADC_Convert_Avr_MAX11163>:
    52f6:	cf 92       	push	r12
    52f8:	df 92       	push	r13
    52fa:	ef 92       	push	r14
    52fc:	ff 92       	push	r15
    52fe:	9c 01       	movw	r18, r24
    5300:	c1 2c       	mov	r12, r1
    5302:	d1 2c       	mov	r13, r1
    5304:	76 01       	movw	r14, r12
    5306:	60 e0       	ldi	r22, 0x00	; 0
    5308:	70 e0       	ldi	r23, 0x00	; 0
    530a:	cb 01       	movw	r24, r22
    530c:	21 15       	cp	r18, r1
    530e:	31 05       	cpc	r19, r1
    5310:	e1 f0       	breq	.+56     	; 0x534a <ADC_Convert_Avr_MAX11163+0x54>
    5312:	21 50       	subi	r18, 0x01	; 1
    5314:	31 09       	sbc	r19, r1
    5316:	45 e0       	ldi	r20, 0x05	; 5
    5318:	4a 95       	dec	r20
    531a:	f1 f7       	brne	.-4      	; 0x5318 <ADC_Convert_Avr_MAX11163+0x22>
    531c:	00 00       	nop
    531e:	2a 9a       	sbi	0x05, 2	; 5
    5320:	40 e1       	ldi	r20, 0x10	; 16
    5322:	4a 95       	dec	r20
    5324:	f1 f7       	brne	.-4      	; 0x5322 <ADC_Convert_Avr_MAX11163+0x2c>
    5326:	2a 98       	cbi	0x05, 2	; 5
    5328:	1e bc       	out	0x2e, r1	; 46
    532a:	0d b4       	in	r0, 0x2d	; 45
    532c:	07 fe       	sbrs	r0, 7
    532e:	fd cf       	rjmp	.-6      	; 0x532a <ADC_Convert_Avr_MAX11163+0x34>
    5330:	4e b5       	in	r20, 0x2e	; 46
    5332:	d4 2e       	mov	r13, r20
    5334:	1e bc       	out	0x2e, r1	; 46
    5336:	0d b4       	in	r0, 0x2d	; 45
    5338:	07 fe       	sbrs	r0, 7
    533a:	fd cf       	rjmp	.-6      	; 0x5336 <ADC_Convert_Avr_MAX11163+0x40>
    533c:	4e b5       	in	r20, 0x2e	; 46
    533e:	c4 2e       	mov	r12, r20
    5340:	6c 0d       	add	r22, r12
    5342:	7d 1d       	adc	r23, r13
    5344:	8e 1d       	adc	r24, r14
    5346:	9f 1d       	adc	r25, r15
    5348:	e1 cf       	rjmp	.-62     	; 0x530c <ADC_Convert_Avr_MAX11163+0x16>
    534a:	ff 90       	pop	r15
    534c:	ef 90       	pop	r14
    534e:	df 90       	pop	r13
    5350:	cf 90       	pop	r12
    5352:	08 95       	ret

00005354 <ADC_Convert_Avr_OLUL_MAX11163>:
    5354:	cf 92       	push	r12
    5356:	df 92       	push	r13
    5358:	ef 92       	push	r14
    535a:	ff 92       	push	r15
    535c:	9c 01       	movw	r18, r24
    535e:	c1 2c       	mov	r12, r1
    5360:	d1 2c       	mov	r13, r1
    5362:	76 01       	movw	r14, r12
    5364:	10 92 92 10 	sts	0x1092, r1	; 0x801092 <AI_Over_Load>
    5368:	10 92 03 14 	sts	0x1403, r1	; 0x801403 <AI_Under_Load>
    536c:	60 e0       	ldi	r22, 0x00	; 0
    536e:	70 e0       	ldi	r23, 0x00	; 0
    5370:	cb 01       	movw	r24, r22
    5372:	f1 e0       	ldi	r31, 0x01	; 1
    5374:	21 15       	cp	r18, r1
    5376:	31 05       	cpc	r19, r1
    5378:	51 f1       	breq	.+84     	; 0x53ce <ADC_Convert_Avr_OLUL_MAX11163+0x7a>
    537a:	21 50       	subi	r18, 0x01	; 1
    537c:	31 09       	sbc	r19, r1
    537e:	45 e0       	ldi	r20, 0x05	; 5
    5380:	4a 95       	dec	r20
    5382:	f1 f7       	brne	.-4      	; 0x5380 <ADC_Convert_Avr_OLUL_MAX11163+0x2c>
    5384:	00 00       	nop
    5386:	2a 9a       	sbi	0x05, 2	; 5
    5388:	40 e1       	ldi	r20, 0x10	; 16
    538a:	4a 95       	dec	r20
    538c:	f1 f7       	brne	.-4      	; 0x538a <ADC_Convert_Avr_OLUL_MAX11163+0x36>
    538e:	2a 98       	cbi	0x05, 2	; 5
    5390:	1e bc       	out	0x2e, r1	; 46
    5392:	0d b4       	in	r0, 0x2d	; 45
    5394:	07 fe       	sbrs	r0, 7
    5396:	fd cf       	rjmp	.-6      	; 0x5392 <ADC_Convert_Avr_OLUL_MAX11163+0x3e>
    5398:	ee b5       	in	r30, 0x2e	; 46
    539a:	de 2e       	mov	r13, r30
    539c:	1e bc       	out	0x2e, r1	; 46
    539e:	0d b4       	in	r0, 0x2d	; 45
    53a0:	07 fe       	sbrs	r0, 7
    53a2:	fd cf       	rjmp	.-6      	; 0x539e <ADC_Convert_Avr_OLUL_MAX11163+0x4a>
    53a4:	ee b5       	in	r30, 0x2e	; 46
    53a6:	ce 2e       	mov	r12, r30
    53a8:	ad 2d       	mov	r26, r13
    53aa:	d1 10       	cpse	r13, r1
    53ac:	05 c0       	rjmp	.+10     	; 0x53b8 <ADC_Convert_Avr_OLUL_MAX11163+0x64>
    53ae:	e1 11       	cpse	r30, r1
    53b0:	09 c0       	rjmp	.+18     	; 0x53c4 <ADC_Convert_Avr_OLUL_MAX11163+0x70>
    53b2:	f0 93 03 14 	sts	0x1403, r31	; 0x801403 <AI_Under_Load>
    53b6:	06 c0       	rjmp	.+12     	; 0x53c4 <ADC_Convert_Avr_OLUL_MAX11163+0x70>
    53b8:	af 3f       	cpi	r26, 0xFF	; 255
    53ba:	21 f4       	brne	.+8      	; 0x53c4 <ADC_Convert_Avr_OLUL_MAX11163+0x70>
    53bc:	ef 3f       	cpi	r30, 0xFF	; 255
    53be:	11 f4       	brne	.+4      	; 0x53c4 <ADC_Convert_Avr_OLUL_MAX11163+0x70>
    53c0:	f0 93 92 10 	sts	0x1092, r31	; 0x801092 <AI_Over_Load>
    53c4:	6c 0d       	add	r22, r12
    53c6:	7d 1d       	adc	r23, r13
    53c8:	8e 1d       	adc	r24, r14
    53ca:	9f 1d       	adc	r25, r15
    53cc:	d3 cf       	rjmp	.-90     	; 0x5374 <ADC_Convert_Avr_OLUL_MAX11163+0x20>
    53ce:	ff 90       	pop	r15
    53d0:	ef 90       	pop	r14
    53d2:	df 90       	pop	r13
    53d4:	cf 90       	pop	r12
    53d6:	08 95       	ret

000053d8 <Meas_Analog_Inputs>:
    53d8:	4f 92       	push	r4
    53da:	5f 92       	push	r5
    53dc:	6f 92       	push	r6
    53de:	7f 92       	push	r7
    53e0:	8f 92       	push	r8
    53e2:	9f 92       	push	r9
    53e4:	af 92       	push	r10
    53e6:	bf 92       	push	r11
    53e8:	cf 92       	push	r12
    53ea:	df 92       	push	r13
    53ec:	ef 92       	push	r14
    53ee:	ff 92       	push	r15
    53f0:	80 91 8c 10 	lds	r24, 0x108C	; 0x80108c <ADC_Num_Avr_VoltCurr>
    53f4:	90 91 8d 10 	lds	r25, 0x108D	; 0x80108d <ADC_Num_Avr_VoltCurr+0x1>
    53f8:	ad df       	rcall	.-166    	; 0x5354 <ADC_Convert_Avr_OLUL_MAX11163>
    53fa:	13 9a       	sbi	0x02, 3	; 2
    53fc:	12 98       	cbi	0x02, 2	; 2
    53fe:	11 98       	cbi	0x02, 1	; 2
    5400:	30 91 4d 12 	lds	r19, 0x124D	; 0x80124d <ADC_Cycl_Avr_Counter>
    5404:	20 91 10 14 	lds	r18, 0x1410	; 0x801410 <ADC_Cycl_Avr_VoltCurr>
    5408:	32 17       	cp	r19, r18
    540a:	10 f0       	brcs	.+4      	; 0x5410 <Meas_Analog_Inputs+0x38>
    540c:	10 92 4d 12 	sts	0x124D, r1	; 0x80124d <ADC_Cycl_Avr_Counter>
    5410:	20 91 e4 14 	lds	r18, 0x14E4	; 0x8014e4 <Range_Status_B>
    5414:	20 ff       	sbrs	r18, 0
    5416:	15 c0       	rjmp	.+42     	; 0x5442 <Meas_Analog_Inputs+0x6a>
    5418:	20 91 e4 14 	lds	r18, 0x14E4	; 0x8014e4 <Range_Status_B>
    541c:	2e 7f       	andi	r18, 0xFE	; 254
    541e:	20 93 e4 14 	sts	0x14E4, r18	; 0x8014e4 <Range_Status_B>
    5422:	20 91 10 14 	lds	r18, 0x1410	; 0x801410 <ADC_Cycl_Avr_VoltCurr>
    5426:	22 23       	and	r18, r18
    5428:	c1 f0       	breq	.+48     	; 0x545a <Meas_Analog_Inputs+0x82>
    542a:	21 50       	subi	r18, 0x01	; 1
    542c:	34 e0       	ldi	r19, 0x04	; 4
    542e:	23 9f       	mul	r18, r19
    5430:	f0 01       	movw	r30, r0
    5432:	11 24       	eor	r1, r1
    5434:	e5 55       	subi	r30, 0x55	; 85
    5436:	ff 4e       	sbci	r31, 0xEF	; 239
    5438:	60 83       	st	Z, r22
    543a:	71 83       	std	Z+1, r23	; 0x01
    543c:	82 83       	std	Z+2, r24	; 0x02
    543e:	93 83       	std	Z+3, r25	; 0x03
    5440:	f2 cf       	rjmp	.-28     	; 0x5426 <Meas_Analog_Inputs+0x4e>
    5442:	e0 91 4d 12 	lds	r30, 0x124D	; 0x80124d <ADC_Cycl_Avr_Counter>
    5446:	24 e0       	ldi	r18, 0x04	; 4
    5448:	e2 9f       	mul	r30, r18
    544a:	f0 01       	movw	r30, r0
    544c:	11 24       	eor	r1, r1
    544e:	e5 55       	subi	r30, 0x55	; 85
    5450:	ff 4e       	sbci	r31, 0xEF	; 239
    5452:	60 83       	st	Z, r22
    5454:	71 83       	std	Z+1, r23	; 0x01
    5456:	82 83       	std	Z+2, r24	; 0x02
    5458:	93 83       	std	Z+3, r25	; 0x03
    545a:	20 91 10 14 	lds	r18, 0x1410	; 0x801410 <ADC_Cycl_Avr_VoltCurr>
    545e:	60 e0       	ldi	r22, 0x00	; 0
    5460:	70 e0       	ldi	r23, 0x00	; 0
    5462:	cb 01       	movw	r24, r22
    5464:	22 23       	and	r18, r18
    5466:	81 f0       	breq	.+32     	; 0x5488 <Meas_Analog_Inputs+0xb0>
    5468:	21 50       	subi	r18, 0x01	; 1
    546a:	34 e0       	ldi	r19, 0x04	; 4
    546c:	23 9f       	mul	r18, r19
    546e:	f0 01       	movw	r30, r0
    5470:	11 24       	eor	r1, r1
    5472:	e5 55       	subi	r30, 0x55	; 85
    5474:	ff 4e       	sbci	r31, 0xEF	; 239
    5476:	c0 80       	ld	r12, Z
    5478:	d1 80       	ldd	r13, Z+1	; 0x01
    547a:	e2 80       	ldd	r14, Z+2	; 0x02
    547c:	f3 80       	ldd	r15, Z+3	; 0x03
    547e:	6c 0d       	add	r22, r12
    5480:	7d 1d       	adc	r23, r13
    5482:	8e 1d       	adc	r24, r14
    5484:	9f 1d       	adc	r25, r15
    5486:	ee cf       	rjmp	.-36     	; 0x5464 <Meas_Analog_Inputs+0x8c>
    5488:	40 90 a3 10 	lds	r4, 0x10A3	; 0x8010a3 <ADC_Avr_Mult_VoltCurr>
    548c:	50 90 a4 10 	lds	r5, 0x10A4	; 0x8010a4 <ADC_Avr_Mult_VoltCurr+0x1>
    5490:	60 90 a5 10 	lds	r6, 0x10A5	; 0x8010a5 <ADC_Avr_Mult_VoltCurr+0x2>
    5494:	70 90 a6 10 	lds	r7, 0x10A6	; 0x8010a6 <ADC_Avr_Mult_VoltCurr+0x3>
    5498:	80 90 64 15 	lds	r8, 0x1564	; 0x801564 <AI_Volt_Offset>
    549c:	90 90 65 15 	lds	r9, 0x1565	; 0x801565 <AI_Volt_Offset+0x1>
    54a0:	a0 90 66 15 	lds	r10, 0x1566	; 0x801566 <AI_Volt_Offset+0x2>
    54a4:	b0 90 67 15 	lds	r11, 0x1567	; 0x801567 <AI_Volt_Offset+0x3>
    54a8:	c0 90 13 15 	lds	r12, 0x1513	; 0x801513 <AI_Volt_Scale>
    54ac:	d0 90 14 15 	lds	r13, 0x1514	; 0x801514 <AI_Volt_Scale+0x1>
    54b0:	e0 90 15 15 	lds	r14, 0x1515	; 0x801515 <AI_Volt_Scale+0x2>
    54b4:	f0 90 16 15 	lds	r15, 0x1516	; 0x801516 <AI_Volt_Scale+0x3>
    54b8:	0e 94 d1 47 	call	0x8fa2	; 0x8fa2 <__floatunsisf>
    54bc:	a3 01       	movw	r20, r6
    54be:	92 01       	movw	r18, r4
    54c0:	0e 94 61 49 	call	0x92c2	; 0x92c2 <__mulsf3>
    54c4:	a5 01       	movw	r20, r10
    54c6:	94 01       	movw	r18, r8
    54c8:	0e 94 9f 46 	call	0x8d3e	; 0x8d3e <__addsf3>
    54cc:	a7 01       	movw	r20, r14
    54ce:	96 01       	movw	r18, r12
    54d0:	0e 94 61 49 	call	0x92c2	; 0x92c2 <__mulsf3>
    54d4:	60 93 97 10 	sts	0x1097, r22	; 0x801097 <AI_Volt>
    54d8:	70 93 98 10 	sts	0x1098, r23	; 0x801098 <AI_Volt+0x1>
    54dc:	80 93 99 10 	sts	0x1099, r24	; 0x801099 <AI_Volt+0x2>
    54e0:	90 93 9a 10 	sts	0x109A, r25	; 0x80109a <AI_Volt+0x3>
    54e4:	80 91 03 14 	lds	r24, 0x1403	; 0x801403 <AI_Under_Load>
    54e8:	88 23       	and	r24, r24
    54ea:	49 f0       	breq	.+18     	; 0x54fe <Meas_Analog_Inputs+0x126>
    54ec:	80 91 26 14 	lds	r24, 0x1426	; 0x801426 <SysStatus_A>
    54f0:	84 60       	ori	r24, 0x04	; 4
    54f2:	80 93 26 14 	sts	0x1426, r24	; 0x801426 <SysStatus_A>
    54f6:	80 91 ec 14 	lds	r24, 0x14EC	; 0x8014ec <Range_Status_A>
    54fa:	80 62       	ori	r24, 0x20	; 32
    54fc:	1a c0       	rjmp	.+52     	; 0x5532 <Meas_Analog_Inputs+0x15a>
    54fe:	80 91 92 10 	lds	r24, 0x1092	; 0x801092 <AI_Over_Load>
    5502:	88 23       	and	r24, r24
    5504:	71 f0       	breq	.+28     	; 0x5522 <Meas_Analog_Inputs+0x14a>
    5506:	80 91 26 14 	lds	r24, 0x1426	; 0x801426 <SysStatus_A>
    550a:	84 60       	ori	r24, 0x04	; 4
    550c:	80 93 26 14 	sts	0x1426, r24	; 0x801426 <SysStatus_A>
    5510:	80 91 ec 14 	lds	r24, 0x14EC	; 0x8014ec <Range_Status_A>
    5514:	80 61       	ori	r24, 0x10	; 16
    5516:	80 93 ec 14 	sts	0x14EC, r24	; 0x8014ec <Range_Status_A>
    551a:	80 91 ec 14 	lds	r24, 0x14EC	; 0x8014ec <Range_Status_A>
    551e:	8f 7d       	andi	r24, 0xDF	; 223
    5520:	0d c0       	rjmp	.+26     	; 0x553c <Meas_Analog_Inputs+0x164>
    5522:	80 91 26 14 	lds	r24, 0x1426	; 0x801426 <SysStatus_A>
    5526:	8b 7f       	andi	r24, 0xFB	; 251
    5528:	80 93 26 14 	sts	0x1426, r24	; 0x801426 <SysStatus_A>
    552c:	80 91 ec 14 	lds	r24, 0x14EC	; 0x8014ec <Range_Status_A>
    5530:	8f 7d       	andi	r24, 0xDF	; 223
    5532:	80 93 ec 14 	sts	0x14EC, r24	; 0x8014ec <Range_Status_A>
    5536:	80 91 ec 14 	lds	r24, 0x14EC	; 0x8014ec <Range_Status_A>
    553a:	8f 7e       	andi	r24, 0xEF	; 239
    553c:	80 93 ec 14 	sts	0x14EC, r24	; 0x8014ec <Range_Status_A>
    5540:	87 ef       	ldi	r24, 0xF7	; 247
    5542:	90 e0       	ldi	r25, 0x00	; 0
    5544:	01 97       	sbiw	r24, 0x01	; 1
    5546:	f1 f7       	brne	.-4      	; 0x5544 <Meas_Analog_Inputs+0x16c>
    5548:	00 c0       	rjmp	.+0      	; 0x554a <Meas_Analog_Inputs+0x172>
    554a:	00 00       	nop
    554c:	80 91 8c 10 	lds	r24, 0x108C	; 0x80108c <ADC_Num_Avr_VoltCurr>
    5550:	90 91 8d 10 	lds	r25, 0x108D	; 0x80108d <ADC_Num_Avr_VoltCurr+0x1>
    5554:	ff de       	rcall	.-514    	; 0x5354 <ADC_Convert_Avr_OLUL_MAX11163>
    5556:	13 98       	cbi	0x02, 3	; 2
    5558:	12 9a       	sbi	0x02, 2	; 2
    555a:	11 98       	cbi	0x02, 1	; 2
    555c:	20 91 e4 14 	lds	r18, 0x14E4	; 0x8014e4 <Range_Status_B>
    5560:	21 ff       	sbrs	r18, 1
    5562:	15 c0       	rjmp	.+42     	; 0x558e <Meas_Analog_Inputs+0x1b6>
    5564:	20 91 e4 14 	lds	r18, 0x14E4	; 0x8014e4 <Range_Status_B>
    5568:	2d 7f       	andi	r18, 0xFD	; 253
    556a:	20 93 e4 14 	sts	0x14E4, r18	; 0x8014e4 <Range_Status_B>
    556e:	20 91 10 14 	lds	r18, 0x1410	; 0x801410 <ADC_Cycl_Avr_VoltCurr>
    5572:	22 23       	and	r18, r18
    5574:	c1 f0       	breq	.+48     	; 0x55a6 <Meas_Analog_Inputs+0x1ce>
    5576:	21 50       	subi	r18, 0x01	; 1
    5578:	34 e0       	ldi	r19, 0x04	; 4
    557a:	23 9f       	mul	r18, r19
    557c:	f0 01       	movw	r30, r0
    557e:	11 24       	eor	r1, r1
    5580:	ea 59       	subi	r30, 0x9A	; 154
    5582:	fd 4e       	sbci	r31, 0xED	; 237
    5584:	60 83       	st	Z, r22
    5586:	71 83       	std	Z+1, r23	; 0x01
    5588:	82 83       	std	Z+2, r24	; 0x02
    558a:	93 83       	std	Z+3, r25	; 0x03
    558c:	f2 cf       	rjmp	.-28     	; 0x5572 <Meas_Analog_Inputs+0x19a>
    558e:	e0 91 4d 12 	lds	r30, 0x124D	; 0x80124d <ADC_Cycl_Avr_Counter>
    5592:	24 e0       	ldi	r18, 0x04	; 4
    5594:	e2 9f       	mul	r30, r18
    5596:	f0 01       	movw	r30, r0
    5598:	11 24       	eor	r1, r1
    559a:	ea 59       	subi	r30, 0x9A	; 154
    559c:	fd 4e       	sbci	r31, 0xED	; 237
    559e:	60 83       	st	Z, r22
    55a0:	71 83       	std	Z+1, r23	; 0x01
    55a2:	82 83       	std	Z+2, r24	; 0x02
    55a4:	93 83       	std	Z+3, r25	; 0x03
    55a6:	80 91 4d 12 	lds	r24, 0x124D	; 0x80124d <ADC_Cycl_Avr_Counter>
    55aa:	8f 5f       	subi	r24, 0xFF	; 255
    55ac:	80 93 4d 12 	sts	0x124D, r24	; 0x80124d <ADC_Cycl_Avr_Counter>
    55b0:	20 91 10 14 	lds	r18, 0x1410	; 0x801410 <ADC_Cycl_Avr_VoltCurr>
    55b4:	60 e0       	ldi	r22, 0x00	; 0
    55b6:	70 e0       	ldi	r23, 0x00	; 0
    55b8:	cb 01       	movw	r24, r22
    55ba:	22 23       	and	r18, r18
    55bc:	81 f0       	breq	.+32     	; 0x55de <Meas_Analog_Inputs+0x206>
    55be:	21 50       	subi	r18, 0x01	; 1
    55c0:	34 e0       	ldi	r19, 0x04	; 4
    55c2:	23 9f       	mul	r18, r19
    55c4:	f0 01       	movw	r30, r0
    55c6:	11 24       	eor	r1, r1
    55c8:	ea 59       	subi	r30, 0x9A	; 154
    55ca:	fd 4e       	sbci	r31, 0xED	; 237
    55cc:	c0 80       	ld	r12, Z
    55ce:	d1 80       	ldd	r13, Z+1	; 0x01
    55d0:	e2 80       	ldd	r14, Z+2	; 0x02
    55d2:	f3 80       	ldd	r15, Z+3	; 0x03
    55d4:	6c 0d       	add	r22, r12
    55d6:	7d 1d       	adc	r23, r13
    55d8:	8e 1d       	adc	r24, r14
    55da:	9f 1d       	adc	r25, r15
    55dc:	ee cf       	rjmp	.-36     	; 0x55ba <Meas_Analog_Inputs+0x1e2>
    55de:	40 90 a3 10 	lds	r4, 0x10A3	; 0x8010a3 <ADC_Avr_Mult_VoltCurr>
    55e2:	50 90 a4 10 	lds	r5, 0x10A4	; 0x8010a4 <ADC_Avr_Mult_VoltCurr+0x1>
    55e6:	60 90 a5 10 	lds	r6, 0x10A5	; 0x8010a5 <ADC_Avr_Mult_VoltCurr+0x2>
    55ea:	70 90 a6 10 	lds	r7, 0x10A6	; 0x8010a6 <ADC_Avr_Mult_VoltCurr+0x3>
    55ee:	80 90 e0 14 	lds	r8, 0x14E0	; 0x8014e0 <AI_Curr_Offset>
    55f2:	90 90 e1 14 	lds	r9, 0x14E1	; 0x8014e1 <AI_Curr_Offset+0x1>
    55f6:	a0 90 e2 14 	lds	r10, 0x14E2	; 0x8014e2 <AI_Curr_Offset+0x2>
    55fa:	b0 90 e3 14 	lds	r11, 0x14E3	; 0x8014e3 <AI_Curr_Offset+0x3>
    55fe:	c0 90 dc 14 	lds	r12, 0x14DC	; 0x8014dc <AI_Curr_Scale>
    5602:	d0 90 dd 14 	lds	r13, 0x14DD	; 0x8014dd <AI_Curr_Scale+0x1>
    5606:	e0 90 de 14 	lds	r14, 0x14DE	; 0x8014de <AI_Curr_Scale+0x2>
    560a:	f0 90 df 14 	lds	r15, 0x14DF	; 0x8014df <AI_Curr_Scale+0x3>
    560e:	0e 94 d1 47 	call	0x8fa2	; 0x8fa2 <__floatunsisf>
    5612:	a3 01       	movw	r20, r6
    5614:	92 01       	movw	r18, r4
    5616:	0e 94 61 49 	call	0x92c2	; 0x92c2 <__mulsf3>
    561a:	a5 01       	movw	r20, r10
    561c:	94 01       	movw	r18, r8
    561e:	0e 94 9f 46 	call	0x8d3e	; 0x8d3e <__addsf3>
    5622:	a7 01       	movw	r20, r14
    5624:	96 01       	movw	r18, r12
    5626:	0e 94 61 49 	call	0x92c2	; 0x92c2 <__mulsf3>
    562a:	60 93 4e 12 	sts	0x124E, r22	; 0x80124e <AI_Curr>
    562e:	70 93 4f 12 	sts	0x124F, r23	; 0x80124f <AI_Curr+0x1>
    5632:	80 93 50 12 	sts	0x1250, r24	; 0x801250 <AI_Curr+0x2>
    5636:	90 93 51 12 	sts	0x1251, r25	; 0x801251 <AI_Curr+0x3>
    563a:	60 91 97 10 	lds	r22, 0x1097	; 0x801097 <AI_Volt>
    563e:	70 91 98 10 	lds	r23, 0x1098	; 0x801098 <AI_Volt+0x1>
    5642:	80 91 99 10 	lds	r24, 0x1099	; 0x801099 <AI_Volt+0x2>
    5646:	90 91 9a 10 	lds	r25, 0x109A	; 0x80109a <AI_Volt+0x3>
    564a:	20 91 08 15 	lds	r18, 0x1508	; 0x801508 <AI_Volt_R_Leak>
    564e:	30 91 09 15 	lds	r19, 0x1509	; 0x801509 <AI_Volt_R_Leak+0x1>
    5652:	40 91 0a 15 	lds	r20, 0x150A	; 0x80150a <AI_Volt_R_Leak+0x2>
    5656:	50 91 0b 15 	lds	r21, 0x150B	; 0x80150b <AI_Volt_R_Leak+0x3>
    565a:	c0 90 4e 12 	lds	r12, 0x124E	; 0x80124e <AI_Curr>
    565e:	d0 90 4f 12 	lds	r13, 0x124F	; 0x80124f <AI_Curr+0x1>
    5662:	e0 90 50 12 	lds	r14, 0x1250	; 0x801250 <AI_Curr+0x2>
    5666:	f0 90 51 12 	lds	r15, 0x1251	; 0x801251 <AI_Curr+0x3>
    566a:	0e 94 61 49 	call	0x92c2	; 0x92c2 <__mulsf3>
    566e:	a7 01       	movw	r20, r14
    5670:	96 01       	movw	r18, r12
    5672:	0e 94 9f 46 	call	0x8d3e	; 0x8d3e <__addsf3>
    5676:	60 93 49 12 	sts	0x1249, r22	; 0x801249 <AI_Curr_Corr>
    567a:	70 93 4a 12 	sts	0x124A, r23	; 0x80124a <AI_Curr_Corr+0x1>
    567e:	80 93 4b 12 	sts	0x124B, r24	; 0x80124b <AI_Curr_Corr+0x2>
    5682:	90 93 4c 12 	sts	0x124C, r25	; 0x80124c <AI_Curr_Corr+0x3>
    5686:	80 91 03 14 	lds	r24, 0x1403	; 0x801403 <AI_Under_Load>
    568a:	88 23       	and	r24, r24
    568c:	49 f0       	breq	.+18     	; 0x56a0 <Meas_Analog_Inputs+0x2c8>
    568e:	80 91 26 14 	lds	r24, 0x1426	; 0x801426 <SysStatus_A>
    5692:	88 60       	ori	r24, 0x08	; 8
    5694:	80 93 26 14 	sts	0x1426, r24	; 0x801426 <SysStatus_A>
    5698:	80 91 ec 14 	lds	r24, 0x14EC	; 0x8014ec <Range_Status_A>
    569c:	80 68       	ori	r24, 0x80	; 128
    569e:	1a c0       	rjmp	.+52     	; 0x56d4 <Meas_Analog_Inputs+0x2fc>
    56a0:	80 91 92 10 	lds	r24, 0x1092	; 0x801092 <AI_Over_Load>
    56a4:	88 23       	and	r24, r24
    56a6:	71 f0       	breq	.+28     	; 0x56c4 <Meas_Analog_Inputs+0x2ec>
    56a8:	80 91 26 14 	lds	r24, 0x1426	; 0x801426 <SysStatus_A>
    56ac:	88 60       	ori	r24, 0x08	; 8
    56ae:	80 93 26 14 	sts	0x1426, r24	; 0x801426 <SysStatus_A>
    56b2:	80 91 ec 14 	lds	r24, 0x14EC	; 0x8014ec <Range_Status_A>
    56b6:	80 64       	ori	r24, 0x40	; 64
    56b8:	80 93 ec 14 	sts	0x14EC, r24	; 0x8014ec <Range_Status_A>
    56bc:	80 91 ec 14 	lds	r24, 0x14EC	; 0x8014ec <Range_Status_A>
    56c0:	8f 77       	andi	r24, 0x7F	; 127
    56c2:	0d c0       	rjmp	.+26     	; 0x56de <Meas_Analog_Inputs+0x306>
    56c4:	80 91 26 14 	lds	r24, 0x1426	; 0x801426 <SysStatus_A>
    56c8:	87 7f       	andi	r24, 0xF7	; 247
    56ca:	80 93 26 14 	sts	0x1426, r24	; 0x801426 <SysStatus_A>
    56ce:	80 91 ec 14 	lds	r24, 0x14EC	; 0x8014ec <Range_Status_A>
    56d2:	8f 77       	andi	r24, 0x7F	; 127
    56d4:	80 93 ec 14 	sts	0x14EC, r24	; 0x8014ec <Range_Status_A>
    56d8:	80 91 ec 14 	lds	r24, 0x14EC	; 0x8014ec <Range_Status_A>
    56dc:	8f 7b       	andi	r24, 0xBF	; 191
    56de:	80 93 ec 14 	sts	0x14EC, r24	; 0x8014ec <Range_Status_A>
    56e2:	85 ed       	ldi	r24, 0xD5	; 213
    56e4:	8a 95       	dec	r24
    56e6:	f1 f7       	brne	.-4      	; 0x56e4 <Meas_Analog_Inputs+0x30c>
    56e8:	00 00       	nop
    56ea:	80 91 48 12 	lds	r24, 0x1248	; 0x801248 <ADC_Num_Avr_Other>
    56ee:	90 e0       	ldi	r25, 0x00	; 0
    56f0:	02 de       	rcall	.-1020   	; 0x52f6 <ADC_Convert_Avr_MAX11163>
    56f2:	13 9a       	sbi	0x02, 3	; 2
    56f4:	12 9a       	sbi	0x02, 2	; 2
    56f6:	11 98       	cbi	0x02, 1	; 2
    56f8:	c0 90 5a 12 	lds	r12, 0x125A	; 0x80125a <ADC_Avr_Mult_Other>
    56fc:	d0 90 5b 12 	lds	r13, 0x125B	; 0x80125b <ADC_Avr_Mult_Other+0x1>
    5700:	e0 90 5c 12 	lds	r14, 0x125C	; 0x80125c <ADC_Avr_Mult_Other+0x2>
    5704:	f0 90 5d 12 	lds	r15, 0x125D	; 0x80125d <ADC_Avr_Mult_Other+0x3>
    5708:	0e 94 d1 47 	call	0x8fa2	; 0x8fa2 <__floatunsisf>
    570c:	a7 01       	movw	r20, r14
    570e:	96 01       	movw	r18, r12
    5710:	0e 94 61 49 	call	0x92c2	; 0x92c2 <__mulsf3>
    5714:	60 93 9b 10 	sts	0x109B, r22	; 0x80109b <AI_Offset>
    5718:	70 93 9c 10 	sts	0x109C, r23	; 0x80109c <AI_Offset+0x1>
    571c:	80 93 9d 10 	sts	0x109D, r24	; 0x80109d <AI_Offset+0x2>
    5720:	90 93 9e 10 	sts	0x109E, r25	; 0x80109e <AI_Offset+0x3>
    5724:	8f e5       	ldi	r24, 0x5F	; 95
    5726:	91 e0       	ldi	r25, 0x01	; 1
    5728:	01 97       	sbiw	r24, 0x01	; 1
    572a:	f1 f7       	brne	.-4      	; 0x5728 <Meas_Analog_Inputs+0x350>
    572c:	00 c0       	rjmp	.+0      	; 0x572e <Meas_Analog_Inputs+0x356>
    572e:	00 00       	nop
    5730:	80 91 48 12 	lds	r24, 0x1248	; 0x801248 <ADC_Num_Avr_Other>
    5734:	90 e0       	ldi	r25, 0x00	; 0
    5736:	df dd       	rcall	.-1090   	; 0x52f6 <ADC_Convert_Avr_MAX11163>
    5738:	13 9a       	sbi	0x02, 3	; 2
    573a:	12 98       	cbi	0x02, 2	; 2
    573c:	11 9a       	sbi	0x02, 1	; 2
    573e:	40 90 5a 12 	lds	r4, 0x125A	; 0x80125a <ADC_Avr_Mult_Other>
    5742:	50 90 5b 12 	lds	r5, 0x125B	; 0x80125b <ADC_Avr_Mult_Other+0x1>
    5746:	60 90 5c 12 	lds	r6, 0x125C	; 0x80125c <ADC_Avr_Mult_Other+0x2>
    574a:	70 90 5d 12 	lds	r7, 0x125D	; 0x80125d <ADC_Avr_Mult_Other+0x3>
    574e:	80 90 43 12 	lds	r8, 0x1243	; 0x801243 <CAL_Bias_A1>
    5752:	90 90 44 12 	lds	r9, 0x1244	; 0x801244 <CAL_Bias_A1+0x1>
    5756:	a0 90 45 12 	lds	r10, 0x1245	; 0x801245 <CAL_Bias_A1+0x2>
    575a:	b0 90 46 12 	lds	r11, 0x1246	; 0x801246 <CAL_Bias_A1+0x3>
    575e:	c0 90 fb 13 	lds	r12, 0x13FB	; 0x8013fb <CAL_Bias_A0>
    5762:	d0 90 fc 13 	lds	r13, 0x13FC	; 0x8013fc <CAL_Bias_A0+0x1>
    5766:	e0 90 fd 13 	lds	r14, 0x13FD	; 0x8013fd <CAL_Bias_A0+0x2>
    576a:	f0 90 fe 13 	lds	r15, 0x13FE	; 0x8013fe <CAL_Bias_A0+0x3>
    576e:	0e 94 d1 47 	call	0x8fa2	; 0x8fa2 <__floatunsisf>
    5772:	a3 01       	movw	r20, r6
    5774:	92 01       	movw	r18, r4
    5776:	0e 94 61 49 	call	0x92c2	; 0x92c2 <__mulsf3>
    577a:	a5 01       	movw	r20, r10
    577c:	94 01       	movw	r18, r8
    577e:	0e 94 61 49 	call	0x92c2	; 0x92c2 <__mulsf3>
    5782:	a7 01       	movw	r20, r14
    5784:	96 01       	movw	r18, r12
    5786:	0e 94 9f 46 	call	0x8d3e	; 0x8d3e <__addsf3>
    578a:	60 93 11 14 	sts	0x1411, r22	; 0x801411 <AI_Bias>
    578e:	70 93 12 14 	sts	0x1412, r23	; 0x801412 <AI_Bias+0x1>
    5792:	80 93 13 14 	sts	0x1413, r24	; 0x801413 <AI_Bias+0x2>
    5796:	90 93 14 14 	sts	0x1414, r25	; 0x801414 <AI_Bias+0x3>
    579a:	83 e2       	ldi	r24, 0x23	; 35
    579c:	91 e0       	ldi	r25, 0x01	; 1
    579e:	01 97       	sbiw	r24, 0x01	; 1
    57a0:	f1 f7       	brne	.-4      	; 0x579e <Meas_Analog_Inputs+0x3c6>
    57a2:	00 c0       	rjmp	.+0      	; 0x57a4 <Meas_Analog_Inputs+0x3cc>
    57a4:	00 00       	nop
    57a6:	80 91 48 12 	lds	r24, 0x1248	; 0x801248 <ADC_Num_Avr_Other>
    57aa:	90 e0       	ldi	r25, 0x00	; 0
    57ac:	a4 dd       	rcall	.-1208   	; 0x52f6 <ADC_Convert_Avr_MAX11163>
    57ae:	13 98       	cbi	0x02, 3	; 2
    57b0:	12 98       	cbi	0x02, 2	; 2
    57b2:	11 9a       	sbi	0x02, 1	; 2
    57b4:	c0 90 5a 12 	lds	r12, 0x125A	; 0x80125a <ADC_Avr_Mult_Other>
    57b8:	d0 90 5b 12 	lds	r13, 0x125B	; 0x80125b <ADC_Avr_Mult_Other+0x1>
    57bc:	e0 90 5c 12 	lds	r14, 0x125C	; 0x80125c <ADC_Avr_Mult_Other+0x2>
    57c0:	f0 90 5d 12 	lds	r15, 0x125D	; 0x80125d <ADC_Avr_Mult_Other+0x3>
    57c4:	0e 94 d1 47 	call	0x8fa2	; 0x8fa2 <__floatunsisf>
    57c8:	a7 01       	movw	r20, r14
    57ca:	96 01       	movw	r18, r12
    57cc:	0e 94 61 49 	call	0x92c2	; 0x92c2 <__mulsf3>
    57d0:	20 91 19 14 	lds	r18, 0x1419	; 0x801419 <CAL_NTC_1_InvGain>
    57d4:	30 91 1a 14 	lds	r19, 0x141A	; 0x80141a <CAL_NTC_1_InvGain+0x1>
    57d8:	40 91 1b 14 	lds	r20, 0x141B	; 0x80141b <CAL_NTC_1_InvGain+0x2>
    57dc:	50 91 1c 14 	lds	r21, 0x141C	; 0x80141c <CAL_NTC_1_InvGain+0x3>
    57e0:	0e 94 61 49 	call	0x92c2	; 0x92c2 <__mulsf3>
    57e4:	6b 01       	movw	r12, r22
    57e6:	7c 01       	movw	r14, r24
    57e8:	9b 01       	movw	r18, r22
    57ea:	ac 01       	movw	r20, r24
    57ec:	60 e0       	ldi	r22, 0x00	; 0
    57ee:	70 e0       	ldi	r23, 0x00	; 0
    57f0:	80 e8       	ldi	r24, 0x80	; 128
    57f2:	97 e4       	ldi	r25, 0x47	; 71
    57f4:	0e 94 9e 46 	call	0x8d3c	; 0x8d3c <__subsf3>
    57f8:	9b 01       	movw	r18, r22
    57fa:	ac 01       	movw	r20, r24
    57fc:	c7 01       	movw	r24, r14
    57fe:	b6 01       	movw	r22, r12
    5800:	0e 94 07 47 	call	0x8e0e	; 0x8e0e <__divsf3>
    5804:	20 91 0c 14 	lds	r18, 0x140C	; 0x80140c <CAL_NTC_1_RSer>
    5808:	30 91 0d 14 	lds	r19, 0x140D	; 0x80140d <CAL_NTC_1_RSer+0x1>
    580c:	40 91 0e 14 	lds	r20, 0x140E	; 0x80140e <CAL_NTC_1_RSer+0x2>
    5810:	50 91 0f 14 	lds	r21, 0x140F	; 0x80140f <CAL_NTC_1_RSer+0x3>
    5814:	c0 90 8e 10 	lds	r12, 0x108E	; 0x80108e <CAL_NTC_1_InvR25>
    5818:	d0 90 8f 10 	lds	r13, 0x108F	; 0x80108f <CAL_NTC_1_InvR25+0x1>
    581c:	e0 90 90 10 	lds	r14, 0x1090	; 0x801090 <CAL_NTC_1_InvR25+0x2>
    5820:	f0 90 91 10 	lds	r15, 0x1091	; 0x801091 <CAL_NTC_1_InvR25+0x3>
    5824:	0e 94 61 49 	call	0x92c2	; 0x92c2 <__mulsf3>
    5828:	a7 01       	movw	r20, r14
    582a:	96 01       	movw	r18, r12
    582c:	0e 94 61 49 	call	0x92c2	; 0x92c2 <__mulsf3>
    5830:	0e 94 ee 48 	call	0x91dc	; 0x91dc <log>
    5834:	20 91 04 14 	lds	r18, 0x1404	; 0x801404 <CAL_NTC_1_InvBeta>
    5838:	30 91 05 14 	lds	r19, 0x1405	; 0x801405 <CAL_NTC_1_InvBeta+0x1>
    583c:	40 91 06 14 	lds	r20, 0x1406	; 0x801406 <CAL_NTC_1_InvBeta+0x2>
    5840:	50 91 07 14 	lds	r21, 0x1407	; 0x801407 <CAL_NTC_1_InvBeta+0x3>
    5844:	0e 94 61 49 	call	0x92c2	; 0x92c2 <__mulsf3>
    5848:	2e e1       	ldi	r18, 0x1E	; 30
    584a:	3f ec       	ldi	r19, 0xCF	; 207
    584c:	4b e5       	ldi	r20, 0x5B	; 91
    584e:	5b e3       	ldi	r21, 0x3B	; 59
    5850:	0e 94 9f 46 	call	0x8d3e	; 0x8d3e <__addsf3>
    5854:	9b 01       	movw	r18, r22
    5856:	ac 01       	movw	r20, r24
    5858:	60 e0       	ldi	r22, 0x00	; 0
    585a:	70 e0       	ldi	r23, 0x00	; 0
    585c:	80 e8       	ldi	r24, 0x80	; 128
    585e:	9f e3       	ldi	r25, 0x3F	; 63
    5860:	0e 94 07 47 	call	0x8e0e	; 0x8e0e <__divsf3>
    5864:	23 e3       	ldi	r18, 0x33	; 51
    5866:	33 e9       	ldi	r19, 0x93	; 147
    5868:	48 e8       	ldi	r20, 0x88	; 136
    586a:	53 e4       	ldi	r21, 0x43	; 67
    586c:	0e 94 9e 46 	call	0x8d3c	; 0x8d3c <__subsf3>
    5870:	60 93 a7 10 	sts	0x10A7, r22	; 0x8010a7 <AI_NTC_Temp_1>
    5874:	70 93 a8 10 	sts	0x10A8, r23	; 0x8010a8 <AI_NTC_Temp_1+0x1>
    5878:	80 93 a9 10 	sts	0x10A9, r24	; 0x8010a9 <AI_NTC_Temp_1+0x2>
    587c:	90 93 aa 10 	sts	0x10AA, r25	; 0x8010aa <AI_NTC_Temp_1+0x3>
    5880:	80 91 48 12 	lds	r24, 0x1248	; 0x801248 <ADC_Num_Avr_Other>
    5884:	90 e0       	ldi	r25, 0x00	; 0
    5886:	37 dd       	rcall	.-1426   	; 0x52f6 <ADC_Convert_Avr_MAX11163>
    5888:	13 98       	cbi	0x02, 3	; 2
    588a:	12 98       	cbi	0x02, 2	; 2
    588c:	11 98       	cbi	0x02, 1	; 2
    588e:	c0 90 5a 12 	lds	r12, 0x125A	; 0x80125a <ADC_Avr_Mult_Other>
    5892:	d0 90 5b 12 	lds	r13, 0x125B	; 0x80125b <ADC_Avr_Mult_Other+0x1>
    5896:	e0 90 5c 12 	lds	r14, 0x125C	; 0x80125c <ADC_Avr_Mult_Other+0x2>
    589a:	f0 90 5d 12 	lds	r15, 0x125D	; 0x80125d <ADC_Avr_Mult_Other+0x3>
    589e:	0e 94 d1 47 	call	0x8fa2	; 0x8fa2 <__floatunsisf>
    58a2:	a7 01       	movw	r20, r14
    58a4:	96 01       	movw	r18, r12
    58a6:	0e 94 61 49 	call	0x92c2	; 0x92c2 <__mulsf3>
    58aa:	20 91 1d 14 	lds	r18, 0x141D	; 0x80141d <CAL_NTC_2_InvGain>
    58ae:	30 91 1e 14 	lds	r19, 0x141E	; 0x80141e <CAL_NTC_2_InvGain+0x1>
    58b2:	40 91 1f 14 	lds	r20, 0x141F	; 0x80141f <CAL_NTC_2_InvGain+0x2>
    58b6:	50 91 20 14 	lds	r21, 0x1420	; 0x801420 <CAL_NTC_2_InvGain+0x3>
    58ba:	0e 94 61 49 	call	0x92c2	; 0x92c2 <__mulsf3>
    58be:	6b 01       	movw	r12, r22
    58c0:	7c 01       	movw	r14, r24
    58c2:	9b 01       	movw	r18, r22
    58c4:	ac 01       	movw	r20, r24
    58c6:	60 e0       	ldi	r22, 0x00	; 0
    58c8:	70 e0       	ldi	r23, 0x00	; 0
    58ca:	80 e8       	ldi	r24, 0x80	; 128
    58cc:	97 e4       	ldi	r25, 0x47	; 71
    58ce:	0e 94 9e 46 	call	0x8d3c	; 0x8d3c <__subsf3>
    58d2:	9b 01       	movw	r18, r22
    58d4:	ac 01       	movw	r20, r24
    58d6:	c7 01       	movw	r24, r14
    58d8:	b6 01       	movw	r22, r12
    58da:	0e 94 07 47 	call	0x8e0e	; 0x8e0e <__divsf3>
    58de:	20 91 9f 10 	lds	r18, 0x109F	; 0x80109f <CAL_NTC_2_RSer>
    58e2:	30 91 a0 10 	lds	r19, 0x10A0	; 0x8010a0 <CAL_NTC_2_RSer+0x1>
    58e6:	40 91 a1 10 	lds	r20, 0x10A1	; 0x8010a1 <CAL_NTC_2_RSer+0x2>
    58ea:	50 91 a2 10 	lds	r21, 0x10A2	; 0x8010a2 <CAL_NTC_2_RSer+0x3>
    58ee:	c0 90 5e 12 	lds	r12, 0x125E	; 0x80125e <CAL_NTC_2_InvR25>
    58f2:	d0 90 5f 12 	lds	r13, 0x125F	; 0x80125f <CAL_NTC_2_InvR25+0x1>
    58f6:	e0 90 60 12 	lds	r14, 0x1260	; 0x801260 <CAL_NTC_2_InvR25+0x2>
    58fa:	f0 90 61 12 	lds	r15, 0x1261	; 0x801261 <CAL_NTC_2_InvR25+0x3>
    58fe:	0e 94 61 49 	call	0x92c2	; 0x92c2 <__mulsf3>
    5902:	a7 01       	movw	r20, r14
    5904:	96 01       	movw	r18, r12
    5906:	0e 94 61 49 	call	0x92c2	; 0x92c2 <__mulsf3>
    590a:	0e 94 ee 48 	call	0x91dc	; 0x91dc <log>
    590e:	20 91 52 12 	lds	r18, 0x1252	; 0x801252 <CAL_NTC_2_InvBeta>
    5912:	30 91 53 12 	lds	r19, 0x1253	; 0x801253 <CAL_NTC_2_InvBeta+0x1>
    5916:	40 91 54 12 	lds	r20, 0x1254	; 0x801254 <CAL_NTC_2_InvBeta+0x2>
    591a:	50 91 55 12 	lds	r21, 0x1255	; 0x801255 <CAL_NTC_2_InvBeta+0x3>
    591e:	0e 94 61 49 	call	0x92c2	; 0x92c2 <__mulsf3>
    5922:	2e e1       	ldi	r18, 0x1E	; 30
    5924:	3f ec       	ldi	r19, 0xCF	; 207
    5926:	4b e5       	ldi	r20, 0x5B	; 91
    5928:	5b e3       	ldi	r21, 0x3B	; 59
    592a:	0e 94 9f 46 	call	0x8d3e	; 0x8d3e <__addsf3>
    592e:	9b 01       	movw	r18, r22
    5930:	ac 01       	movw	r20, r24
    5932:	60 e0       	ldi	r22, 0x00	; 0
    5934:	70 e0       	ldi	r23, 0x00	; 0
    5936:	80 e8       	ldi	r24, 0x80	; 128
    5938:	9f e3       	ldi	r25, 0x3F	; 63
    593a:	0e 94 07 47 	call	0x8e0e	; 0x8e0e <__divsf3>
    593e:	23 e3       	ldi	r18, 0x33	; 51
    5940:	33 e9       	ldi	r19, 0x93	; 147
    5942:	48 e8       	ldi	r20, 0x88	; 136
    5944:	53 e4       	ldi	r21, 0x43	; 67
    5946:	0e 94 9e 46 	call	0x8d3c	; 0x8d3c <__subsf3>
    594a:	60 93 15 14 	sts	0x1415, r22	; 0x801415 <AI_NTC_Temp_2>
    594e:	70 93 16 14 	sts	0x1416, r23	; 0x801416 <AI_NTC_Temp_2+0x1>
    5952:	80 93 17 14 	sts	0x1417, r24	; 0x801417 <AI_NTC_Temp_2+0x2>
    5956:	90 93 18 14 	sts	0x1418, r25	; 0x801418 <AI_NTC_Temp_2+0x3>
    595a:	ff 90       	pop	r15
    595c:	ef 90       	pop	r14
    595e:	df 90       	pop	r13
    5960:	cf 90       	pop	r12
    5962:	bf 90       	pop	r11
    5964:	af 90       	pop	r10
    5966:	9f 90       	pop	r9
    5968:	8f 90       	pop	r8
    596a:	7f 90       	pop	r7
    596c:	6f 90       	pop	r6
    596e:	5f 90       	pop	r5
    5970:	4f 90       	pop	r4
    5972:	08 95       	ret

00005974 <Meas_AI_Volt_Only>:
    5974:	4f 92       	push	r4
    5976:	5f 92       	push	r5
    5978:	6f 92       	push	r6
    597a:	7f 92       	push	r7
    597c:	8f 92       	push	r8
    597e:	9f 92       	push	r9
    5980:	af 92       	push	r10
    5982:	bf 92       	push	r11
    5984:	cf 92       	push	r12
    5986:	df 92       	push	r13
    5988:	ef 92       	push	r14
    598a:	ff 92       	push	r15
    598c:	13 98       	cbi	0x02, 3	; 2
    598e:	12 98       	cbi	0x02, 2	; 2
    5990:	11 98       	cbi	0x02, 1	; 2
    5992:	8f e8       	ldi	r24, 0x8F	; 143
    5994:	91 e0       	ldi	r25, 0x01	; 1
    5996:	01 97       	sbiw	r24, 0x01	; 1
    5998:	f1 f7       	brne	.-4      	; 0x5996 <Meas_AI_Volt_Only+0x22>
    599a:	00 c0       	rjmp	.+0      	; 0x599c <Meas_AI_Volt_Only+0x28>
    599c:	00 00       	nop
    599e:	20 91 10 14 	lds	r18, 0x1410	; 0x801410 <ADC_Cycl_Avr_VoltCurr>
    59a2:	80 91 8c 10 	lds	r24, 0x108C	; 0x80108c <ADC_Num_Avr_VoltCurr>
    59a6:	90 91 8d 10 	lds	r25, 0x108D	; 0x80108d <ADC_Num_Avr_VoltCurr+0x1>
    59aa:	ac 01       	movw	r20, r24
    59ac:	24 9f       	mul	r18, r20
    59ae:	c0 01       	movw	r24, r0
    59b0:	25 9f       	mul	r18, r21
    59b2:	90 0d       	add	r25, r0
    59b4:	11 24       	eor	r1, r1
    59b6:	ce dc       	rcall	.-1636   	; 0x5354 <ADC_Convert_Avr_OLUL_MAX11163>
    59b8:	40 90 a3 10 	lds	r4, 0x10A3	; 0x8010a3 <ADC_Avr_Mult_VoltCurr>
    59bc:	50 90 a4 10 	lds	r5, 0x10A4	; 0x8010a4 <ADC_Avr_Mult_VoltCurr+0x1>
    59c0:	60 90 a5 10 	lds	r6, 0x10A5	; 0x8010a5 <ADC_Avr_Mult_VoltCurr+0x2>
    59c4:	70 90 a6 10 	lds	r7, 0x10A6	; 0x8010a6 <ADC_Avr_Mult_VoltCurr+0x3>
    59c8:	80 90 64 15 	lds	r8, 0x1564	; 0x801564 <AI_Volt_Offset>
    59cc:	90 90 65 15 	lds	r9, 0x1565	; 0x801565 <AI_Volt_Offset+0x1>
    59d0:	a0 90 66 15 	lds	r10, 0x1566	; 0x801566 <AI_Volt_Offset+0x2>
    59d4:	b0 90 67 15 	lds	r11, 0x1567	; 0x801567 <AI_Volt_Offset+0x3>
    59d8:	c0 90 13 15 	lds	r12, 0x1513	; 0x801513 <AI_Volt_Scale>
    59dc:	d0 90 14 15 	lds	r13, 0x1514	; 0x801514 <AI_Volt_Scale+0x1>
    59e0:	e0 90 15 15 	lds	r14, 0x1515	; 0x801515 <AI_Volt_Scale+0x2>
    59e4:	f0 90 16 15 	lds	r15, 0x1516	; 0x801516 <AI_Volt_Scale+0x3>
    59e8:	0e 94 d1 47 	call	0x8fa2	; 0x8fa2 <__floatunsisf>
    59ec:	a3 01       	movw	r20, r6
    59ee:	92 01       	movw	r18, r4
    59f0:	0e 94 61 49 	call	0x92c2	; 0x92c2 <__mulsf3>
    59f4:	a5 01       	movw	r20, r10
    59f6:	94 01       	movw	r18, r8
    59f8:	0e 94 9f 46 	call	0x8d3e	; 0x8d3e <__addsf3>
    59fc:	a7 01       	movw	r20, r14
    59fe:	96 01       	movw	r18, r12
    5a00:	0e 94 61 49 	call	0x92c2	; 0x92c2 <__mulsf3>
    5a04:	60 93 97 10 	sts	0x1097, r22	; 0x801097 <AI_Volt>
    5a08:	70 93 98 10 	sts	0x1098, r23	; 0x801098 <AI_Volt+0x1>
    5a0c:	80 93 99 10 	sts	0x1099, r24	; 0x801099 <AI_Volt+0x2>
    5a10:	90 93 9a 10 	sts	0x109A, r25	; 0x80109a <AI_Volt+0x3>
    5a14:	80 91 03 14 	lds	r24, 0x1403	; 0x801403 <AI_Under_Load>
    5a18:	88 23       	and	r24, r24
    5a1a:	21 f0       	breq	.+8      	; 0x5a24 <Meas_AI_Volt_Only+0xb0>
    5a1c:	80 91 ec 14 	lds	r24, 0x14EC	; 0x8014ec <Range_Status_A>
    5a20:	80 62       	ori	r24, 0x20	; 32
    5a22:	10 c0       	rjmp	.+32     	; 0x5a44 <Meas_AI_Volt_Only+0xd0>
    5a24:	80 91 92 10 	lds	r24, 0x1092	; 0x801092 <AI_Over_Load>
    5a28:	88 23       	and	r24, r24
    5a2a:	49 f0       	breq	.+18     	; 0x5a3e <Meas_AI_Volt_Only+0xca>
    5a2c:	80 91 ec 14 	lds	r24, 0x14EC	; 0x8014ec <Range_Status_A>
    5a30:	80 61       	ori	r24, 0x10	; 16
    5a32:	80 93 ec 14 	sts	0x14EC, r24	; 0x8014ec <Range_Status_A>
    5a36:	80 91 ec 14 	lds	r24, 0x14EC	; 0x8014ec <Range_Status_A>
    5a3a:	8f 7d       	andi	r24, 0xDF	; 223
    5a3c:	08 c0       	rjmp	.+16     	; 0x5a4e <Meas_AI_Volt_Only+0xda>
    5a3e:	80 91 ec 14 	lds	r24, 0x14EC	; 0x8014ec <Range_Status_A>
    5a42:	8f 7d       	andi	r24, 0xDF	; 223
    5a44:	80 93 ec 14 	sts	0x14EC, r24	; 0x8014ec <Range_Status_A>
    5a48:	80 91 ec 14 	lds	r24, 0x14EC	; 0x8014ec <Range_Status_A>
    5a4c:	8f 7e       	andi	r24, 0xEF	; 239
    5a4e:	80 93 ec 14 	sts	0x14EC, r24	; 0x8014ec <Range_Status_A>
    5a52:	13 9a       	sbi	0x02, 3	; 2
    5a54:	12 9a       	sbi	0x02, 2	; 2
    5a56:	11 9a       	sbi	0x02, 1	; 2
    5a58:	ff 90       	pop	r15
    5a5a:	ef 90       	pop	r14
    5a5c:	df 90       	pop	r13
    5a5e:	cf 90       	pop	r12
    5a60:	bf 90       	pop	r11
    5a62:	af 90       	pop	r10
    5a64:	9f 90       	pop	r9
    5a66:	8f 90       	pop	r8
    5a68:	7f 90       	pop	r7
    5a6a:	6f 90       	pop	r6
    5a6c:	5f 90       	pop	r5
    5a6e:	4f 90       	pop	r4
    5a70:	08 95       	ret

00005a72 <Meas_AI_Curr_Only>:
    5a72:	4f 92       	push	r4
    5a74:	5f 92       	push	r5
    5a76:	6f 92       	push	r6
    5a78:	7f 92       	push	r7
    5a7a:	8f 92       	push	r8
    5a7c:	9f 92       	push	r9
    5a7e:	af 92       	push	r10
    5a80:	bf 92       	push	r11
    5a82:	cf 92       	push	r12
    5a84:	df 92       	push	r13
    5a86:	ef 92       	push	r14
    5a88:	ff 92       	push	r15
    5a8a:	13 9a       	sbi	0x02, 3	; 2
    5a8c:	12 98       	cbi	0x02, 2	; 2
    5a8e:	11 98       	cbi	0x02, 1	; 2
    5a90:	8f e8       	ldi	r24, 0x8F	; 143
    5a92:	91 e0       	ldi	r25, 0x01	; 1
    5a94:	01 97       	sbiw	r24, 0x01	; 1
    5a96:	f1 f7       	brne	.-4      	; 0x5a94 <Meas_AI_Curr_Only+0x22>
    5a98:	00 c0       	rjmp	.+0      	; 0x5a9a <Meas_AI_Curr_Only+0x28>
    5a9a:	00 00       	nop
    5a9c:	20 91 10 14 	lds	r18, 0x1410	; 0x801410 <ADC_Cycl_Avr_VoltCurr>
    5aa0:	80 91 8c 10 	lds	r24, 0x108C	; 0x80108c <ADC_Num_Avr_VoltCurr>
    5aa4:	90 91 8d 10 	lds	r25, 0x108D	; 0x80108d <ADC_Num_Avr_VoltCurr+0x1>
    5aa8:	ac 01       	movw	r20, r24
    5aaa:	24 9f       	mul	r18, r20
    5aac:	c0 01       	movw	r24, r0
    5aae:	25 9f       	mul	r18, r21
    5ab0:	90 0d       	add	r25, r0
    5ab2:	11 24       	eor	r1, r1
    5ab4:	4f dc       	rcall	.-1890   	; 0x5354 <ADC_Convert_Avr_OLUL_MAX11163>
    5ab6:	40 90 a3 10 	lds	r4, 0x10A3	; 0x8010a3 <ADC_Avr_Mult_VoltCurr>
    5aba:	50 90 a4 10 	lds	r5, 0x10A4	; 0x8010a4 <ADC_Avr_Mult_VoltCurr+0x1>
    5abe:	60 90 a5 10 	lds	r6, 0x10A5	; 0x8010a5 <ADC_Avr_Mult_VoltCurr+0x2>
    5ac2:	70 90 a6 10 	lds	r7, 0x10A6	; 0x8010a6 <ADC_Avr_Mult_VoltCurr+0x3>
    5ac6:	80 90 e0 14 	lds	r8, 0x14E0	; 0x8014e0 <AI_Curr_Offset>
    5aca:	90 90 e1 14 	lds	r9, 0x14E1	; 0x8014e1 <AI_Curr_Offset+0x1>
    5ace:	a0 90 e2 14 	lds	r10, 0x14E2	; 0x8014e2 <AI_Curr_Offset+0x2>
    5ad2:	b0 90 e3 14 	lds	r11, 0x14E3	; 0x8014e3 <AI_Curr_Offset+0x3>
    5ad6:	c0 90 dc 14 	lds	r12, 0x14DC	; 0x8014dc <AI_Curr_Scale>
    5ada:	d0 90 dd 14 	lds	r13, 0x14DD	; 0x8014dd <AI_Curr_Scale+0x1>
    5ade:	e0 90 de 14 	lds	r14, 0x14DE	; 0x8014de <AI_Curr_Scale+0x2>
    5ae2:	f0 90 df 14 	lds	r15, 0x14DF	; 0x8014df <AI_Curr_Scale+0x3>
    5ae6:	0e 94 d1 47 	call	0x8fa2	; 0x8fa2 <__floatunsisf>
    5aea:	a3 01       	movw	r20, r6
    5aec:	92 01       	movw	r18, r4
    5aee:	0e 94 61 49 	call	0x92c2	; 0x92c2 <__mulsf3>
    5af2:	a5 01       	movw	r20, r10
    5af4:	94 01       	movw	r18, r8
    5af6:	0e 94 9f 46 	call	0x8d3e	; 0x8d3e <__addsf3>
    5afa:	a7 01       	movw	r20, r14
    5afc:	96 01       	movw	r18, r12
    5afe:	0e 94 61 49 	call	0x92c2	; 0x92c2 <__mulsf3>
    5b02:	60 93 4e 12 	sts	0x124E, r22	; 0x80124e <AI_Curr>
    5b06:	70 93 4f 12 	sts	0x124F, r23	; 0x80124f <AI_Curr+0x1>
    5b0a:	80 93 50 12 	sts	0x1250, r24	; 0x801250 <AI_Curr+0x2>
    5b0e:	90 93 51 12 	sts	0x1251, r25	; 0x801251 <AI_Curr+0x3>
    5b12:	80 91 03 14 	lds	r24, 0x1403	; 0x801403 <AI_Under_Load>
    5b16:	88 23       	and	r24, r24
    5b18:	21 f0       	breq	.+8      	; 0x5b22 <Meas_AI_Curr_Only+0xb0>
    5b1a:	80 91 ec 14 	lds	r24, 0x14EC	; 0x8014ec <Range_Status_A>
    5b1e:	80 68       	ori	r24, 0x80	; 128
    5b20:	10 c0       	rjmp	.+32     	; 0x5b42 <Meas_AI_Curr_Only+0xd0>
    5b22:	80 91 92 10 	lds	r24, 0x1092	; 0x801092 <AI_Over_Load>
    5b26:	88 23       	and	r24, r24
    5b28:	49 f0       	breq	.+18     	; 0x5b3c <Meas_AI_Curr_Only+0xca>
    5b2a:	80 91 ec 14 	lds	r24, 0x14EC	; 0x8014ec <Range_Status_A>
    5b2e:	80 64       	ori	r24, 0x40	; 64
    5b30:	80 93 ec 14 	sts	0x14EC, r24	; 0x8014ec <Range_Status_A>
    5b34:	80 91 ec 14 	lds	r24, 0x14EC	; 0x8014ec <Range_Status_A>
    5b38:	8f 77       	andi	r24, 0x7F	; 127
    5b3a:	08 c0       	rjmp	.+16     	; 0x5b4c <Meas_AI_Curr_Only+0xda>
    5b3c:	80 91 ec 14 	lds	r24, 0x14EC	; 0x8014ec <Range_Status_A>
    5b40:	8f 77       	andi	r24, 0x7F	; 127
    5b42:	80 93 ec 14 	sts	0x14EC, r24	; 0x8014ec <Range_Status_A>
    5b46:	80 91 ec 14 	lds	r24, 0x14EC	; 0x8014ec <Range_Status_A>
    5b4a:	8f 7b       	andi	r24, 0xBF	; 191
    5b4c:	80 93 ec 14 	sts	0x14EC, r24	; 0x8014ec <Range_Status_A>
    5b50:	13 9a       	sbi	0x02, 3	; 2
    5b52:	12 9a       	sbi	0x02, 2	; 2
    5b54:	11 9a       	sbi	0x02, 1	; 2
    5b56:	ff 90       	pop	r15
    5b58:	ef 90       	pop	r14
    5b5a:	df 90       	pop	r13
    5b5c:	cf 90       	pop	r12
    5b5e:	bf 90       	pop	r11
    5b60:	af 90       	pop	r10
    5b62:	9f 90       	pop	r9
    5b64:	8f 90       	pop	r8
    5b66:	7f 90       	pop	r7
    5b68:	6f 90       	pop	r6
    5b6a:	5f 90       	pop	r5
    5b6c:	4f 90       	pop	r4
    5b6e:	08 95       	ret

00005b70 <Set_DAC_Output_RAW>:
    5b70:	2c b5       	in	r18, 0x2c	; 44
    5b72:	28 60       	ori	r18, 0x08	; 8
    5b74:	2c bd       	out	0x2c, r18	; 44
    5b76:	8f 5f       	subi	r24, 0xFF	; 255
    5b78:	9f 47       	sbci	r25, 0x7F	; 127
    5b7a:	2c 98       	cbi	0x05, 4	; 5
    5b7c:	1e bc       	out	0x2e, r1	; 46
    5b7e:	0d b4       	in	r0, 0x2d	; 45
    5b80:	07 fe       	sbrs	r0, 7
    5b82:	fd cf       	rjmp	.-6      	; 0x5b7e <Set_DAC_Output_RAW+0xe>
    5b84:	9e bd       	out	0x2e, r25	; 46
    5b86:	0d b4       	in	r0, 0x2d	; 45
    5b88:	07 fe       	sbrs	r0, 7
    5b8a:	fd cf       	rjmp	.-6      	; 0x5b86 <Set_DAC_Output_RAW+0x16>
    5b8c:	8e bd       	out	0x2e, r24	; 46
    5b8e:	0d b4       	in	r0, 0x2d	; 45
    5b90:	07 fe       	sbrs	r0, 7
    5b92:	fd cf       	rjmp	.-6      	; 0x5b8e <Set_DAC_Output_RAW+0x1e>
    5b94:	2c 9a       	sbi	0x05, 4	; 5
    5b96:	8c b5       	in	r24, 0x2c	; 44
    5b98:	87 7f       	andi	r24, 0xF7	; 247
    5b9a:	8c bd       	out	0x2c, r24	; 44
    5b9c:	08 95       	ret

00005b9e <Set_DAC_Output_Volts>:
    5b9e:	4f 92       	push	r4
    5ba0:	5f 92       	push	r5
    5ba2:	6f 92       	push	r6
    5ba4:	7f 92       	push	r7
    5ba6:	8f 92       	push	r8
    5ba8:	9f 92       	push	r9
    5baa:	af 92       	push	r10
    5bac:	bf 92       	push	r11
    5bae:	cf 92       	push	r12
    5bb0:	df 92       	push	r13
    5bb2:	ef 92       	push	r14
    5bb4:	ff 92       	push	r15
    5bb6:	4b 01       	movw	r8, r22
    5bb8:	5c 01       	movw	r10, r24
    5bba:	20 91 13 15 	lds	r18, 0x1513	; 0x801513 <AI_Volt_Scale>
    5bbe:	30 91 14 15 	lds	r19, 0x1514	; 0x801514 <AI_Volt_Scale+0x1>
    5bc2:	40 91 15 15 	lds	r20, 0x1515	; 0x801515 <AI_Volt_Scale+0x2>
    5bc6:	50 91 16 15 	lds	r21, 0x1516	; 0x801516 <AI_Volt_Scale+0x3>
    5bca:	40 90 93 10 	lds	r4, 0x1093	; 0x801093 <CAL_DAC_A1>
    5bce:	50 90 94 10 	lds	r5, 0x1094	; 0x801094 <CAL_DAC_A1+0x1>
    5bd2:	60 90 95 10 	lds	r6, 0x1095	; 0x801095 <CAL_DAC_A1+0x2>
    5bd6:	70 90 96 10 	lds	r7, 0x1096	; 0x801096 <CAL_DAC_A1+0x3>
    5bda:	c0 90 08 14 	lds	r12, 0x1408	; 0x801408 <CAL_DAC_A0>
    5bde:	d0 90 09 14 	lds	r13, 0x1409	; 0x801409 <CAL_DAC_A0+0x1>
    5be2:	e0 90 0a 14 	lds	r14, 0x140A	; 0x80140a <CAL_DAC_A0+0x2>
    5be6:	f0 90 0b 14 	lds	r15, 0x140B	; 0x80140b <CAL_DAC_A0+0x3>
    5bea:	0e 94 07 47 	call	0x8e0e	; 0x8e0e <__divsf3>
    5bee:	a3 01       	movw	r20, r6
    5bf0:	92 01       	movw	r18, r4
    5bf2:	0e 94 61 49 	call	0x92c2	; 0x92c2 <__mulsf3>
    5bf6:	a7 01       	movw	r20, r14
    5bf8:	96 01       	movw	r18, r12
    5bfa:	0e 94 9f 46 	call	0x8d3e	; 0x8d3e <__addsf3>
    5bfe:	6b 01       	movw	r12, r22
    5c00:	7c 01       	movw	r14, r24
    5c02:	20 e0       	ldi	r18, 0x00	; 0
    5c04:	3a ef       	ldi	r19, 0xFA	; 250
    5c06:	4f e7       	ldi	r20, 0x7F	; 127
    5c08:	57 e4       	ldi	r21, 0x47	; 71
    5c0a:	0e 94 a8 48 	call	0x9150	; 0x9150 <__gesf2>
    5c0e:	87 ff       	sbrs	r24, 7
    5c10:	17 c0       	rjmp	.+46     	; 0x5c40 <Set_DAC_Output_Volts+0xa2>
    5c12:	20 91 08 14 	lds	r18, 0x1408	; 0x801408 <CAL_DAC_A0>
    5c16:	30 91 09 14 	lds	r19, 0x1409	; 0x801409 <CAL_DAC_A0+0x1>
    5c1a:	40 91 0a 14 	lds	r20, 0x140A	; 0x80140a <CAL_DAC_A0+0x2>
    5c1e:	50 91 0b 14 	lds	r21, 0x140B	; 0x80140b <CAL_DAC_A0+0x3>
    5c22:	c7 01       	movw	r24, r14
    5c24:	b6 01       	movw	r22, r12
    5c26:	0e 94 03 47 	call	0x8e06	; 0x8e06 <__cmpsf2>
    5c2a:	87 ff       	sbrs	r24, 7
    5c2c:	10 c0       	rjmp	.+32     	; 0x5c4e <Set_DAC_Output_Volts+0xb0>
    5c2e:	c0 90 08 14 	lds	r12, 0x1408	; 0x801408 <CAL_DAC_A0>
    5c32:	d0 90 09 14 	lds	r13, 0x1409	; 0x801409 <CAL_DAC_A0+0x1>
    5c36:	e0 90 0a 14 	lds	r14, 0x140A	; 0x80140a <CAL_DAC_A0+0x2>
    5c3a:	f0 90 0b 14 	lds	r15, 0x140B	; 0x80140b <CAL_DAC_A0+0x3>
    5c3e:	07 c0       	rjmp	.+14     	; 0x5c4e <Set_DAC_Output_Volts+0xb0>
    5c40:	c1 2c       	mov	r12, r1
    5c42:	8a ef       	ldi	r24, 0xFA	; 250
    5c44:	d8 2e       	mov	r13, r24
    5c46:	8f e7       	ldi	r24, 0x7F	; 127
    5c48:	e8 2e       	mov	r14, r24
    5c4a:	87 e4       	ldi	r24, 0x47	; 71
    5c4c:	f8 2e       	mov	r15, r24
    5c4e:	80 92 97 14 	sts	0x1497, r8	; 0x801497 <PV_Volt_DAC_ACT>
    5c52:	90 92 98 14 	sts	0x1498, r9	; 0x801498 <PV_Volt_DAC_ACT+0x1>
    5c56:	a0 92 99 14 	sts	0x1499, r10	; 0x801499 <PV_Volt_DAC_ACT+0x2>
    5c5a:	b0 92 9a 14 	sts	0x149A, r11	; 0x80149a <PV_Volt_DAC_ACT+0x3>
    5c5e:	c7 01       	movw	r24, r14
    5c60:	b6 01       	movw	r22, r12
    5c62:	0e 94 a5 47 	call	0x8f4a	; 0x8f4a <__fixunssfsi>
    5c66:	cb 01       	movw	r24, r22
    5c68:	ff 90       	pop	r15
    5c6a:	ef 90       	pop	r14
    5c6c:	df 90       	pop	r13
    5c6e:	cf 90       	pop	r12
    5c70:	bf 90       	pop	r11
    5c72:	af 90       	pop	r10
    5c74:	9f 90       	pop	r9
    5c76:	8f 90       	pop	r8
    5c78:	7f 90       	pop	r7
    5c7a:	6f 90       	pop	r6
    5c7c:	5f 90       	pop	r5
    5c7e:	4f 90       	pop	r4
    5c80:	77 cf       	rjmp	.-274    	; 0x5b70 <Set_DAC_Output_RAW>

00005c82 <TEMP_MAX31865_Setup>:
    5c82:	8c b5       	in	r24, 0x2c	; 44
    5c84:	81 60       	ori	r24, 0x01	; 1
    5c86:	8c bd       	out	0x2c, r24	; 44
    5c88:	8c b5       	in	r24, 0x2c	; 44
    5c8a:	82 60       	ori	r24, 0x02	; 2
    5c8c:	8c bd       	out	0x2c, r24	; 44
    5c8e:	8c b5       	in	r24, 0x2c	; 44
    5c90:	84 60       	ori	r24, 0x04	; 4
    5c92:	8c bd       	out	0x2c, r24	; 44
    5c94:	14 98       	cbi	0x02, 4	; 2
    5c96:	80 e8       	ldi	r24, 0x80	; 128
    5c98:	8e bd       	out	0x2e, r24	; 46
    5c9a:	0d b4       	in	r0, 0x2d	; 45
    5c9c:	07 fe       	sbrs	r0, 7
    5c9e:	fd cf       	rjmp	.-6      	; 0x5c9a <TEMP_MAX31865_Setup+0x18>
    5ca0:	81 ee       	ldi	r24, 0xE1	; 225
    5ca2:	8e bd       	out	0x2e, r24	; 46
    5ca4:	0d b4       	in	r0, 0x2d	; 45
    5ca6:	07 fe       	sbrs	r0, 7
    5ca8:	fd cf       	rjmp	.-6      	; 0x5ca4 <TEMP_MAX31865_Setup+0x22>
    5caa:	14 9a       	sbi	0x02, 4	; 2
    5cac:	8c b5       	in	r24, 0x2c	; 44
    5cae:	8b 7f       	andi	r24, 0xFB	; 251
    5cb0:	8c bd       	out	0x2c, r24	; 44
    5cb2:	8c b5       	in	r24, 0x2c	; 44
    5cb4:	8e 7f       	andi	r24, 0xFE	; 254
    5cb6:	8c bd       	out	0x2c, r24	; 44
    5cb8:	08 95       	ret

00005cba <TEMP_MAX31865_Measure>:
    5cba:	8c b5       	in	r24, 0x2c	; 44
    5cbc:	81 60       	ori	r24, 0x01	; 1
    5cbe:	8c bd       	out	0x2c, r24	; 44
    5cc0:	8c b5       	in	r24, 0x2c	; 44
    5cc2:	82 60       	ori	r24, 0x02	; 2
    5cc4:	8c bd       	out	0x2c, r24	; 44
    5cc6:	8c b5       	in	r24, 0x2c	; 44
    5cc8:	84 60       	ori	r24, 0x04	; 4
    5cca:	8c bd       	out	0x2c, r24	; 44
    5ccc:	14 98       	cbi	0x02, 4	; 2
    5cce:	81 e0       	ldi	r24, 0x01	; 1
    5cd0:	8e bd       	out	0x2e, r24	; 46
    5cd2:	0d b4       	in	r0, 0x2d	; 45
    5cd4:	07 fe       	sbrs	r0, 7
    5cd6:	fd cf       	rjmp	.-6      	; 0x5cd2 <TEMP_MAX31865_Measure+0x18>
    5cd8:	8f ef       	ldi	r24, 0xFF	; 255
    5cda:	8e bd       	out	0x2e, r24	; 46
    5cdc:	0d b4       	in	r0, 0x2d	; 45
    5cde:	07 fe       	sbrs	r0, 7
    5ce0:	fd cf       	rjmp	.-6      	; 0x5cdc <TEMP_MAX31865_Measure+0x22>
    5ce2:	2e b5       	in	r18, 0x2e	; 46
    5ce4:	60 e0       	ldi	r22, 0x00	; 0
    5ce6:	70 e0       	ldi	r23, 0x00	; 0
    5ce8:	cb 01       	movw	r24, r22
    5cea:	72 2f       	mov	r23, r18
    5cec:	2f ef       	ldi	r18, 0xFF	; 255
    5cee:	2e bd       	out	0x2e, r18	; 46
    5cf0:	0d b4       	in	r0, 0x2d	; 45
    5cf2:	07 fe       	sbrs	r0, 7
    5cf4:	fd cf       	rjmp	.-6      	; 0x5cf0 <TEMP_MAX31865_Measure+0x36>
    5cf6:	2e b5       	in	r18, 0x2e	; 46
    5cf8:	62 2f       	mov	r22, r18
    5cfa:	96 95       	lsr	r25
    5cfc:	87 95       	ror	r24
    5cfe:	77 95       	ror	r23
    5d00:	67 95       	ror	r22
    5d02:	14 9a       	sbi	0x02, 4	; 2
    5d04:	2c b5       	in	r18, 0x2c	; 44
    5d06:	2b 7f       	andi	r18, 0xFB	; 251
    5d08:	2c bd       	out	0x2c, r18	; 44
    5d0a:	2c b5       	in	r18, 0x2c	; 44
    5d0c:	2e 7f       	andi	r18, 0xFE	; 254
    5d0e:	2c bd       	out	0x2c, r18	; 44
    5d10:	08 95       	ret

00005d12 <TEMP_MAX31856_Setup>:
    5d12:	8c b5       	in	r24, 0x2c	; 44
    5d14:	81 60       	ori	r24, 0x01	; 1
    5d16:	8c bd       	out	0x2c, r24	; 44
    5d18:	8c b5       	in	r24, 0x2c	; 44
    5d1a:	82 60       	ori	r24, 0x02	; 2
    5d1c:	8c bd       	out	0x2c, r24	; 44
    5d1e:	8c b5       	in	r24, 0x2c	; 44
    5d20:	84 60       	ori	r24, 0x04	; 4
    5d22:	8c bd       	out	0x2c, r24	; 44
    5d24:	14 98       	cbi	0x02, 4	; 2
    5d26:	80 e8       	ldi	r24, 0x80	; 128
    5d28:	8e bd       	out	0x2e, r24	; 46
    5d2a:	0d b4       	in	r0, 0x2d	; 45
    5d2c:	07 fe       	sbrs	r0, 7
    5d2e:	fd cf       	rjmp	.-6      	; 0x5d2a <TEMP_MAX31856_Setup+0x18>
    5d30:	83 e0       	ldi	r24, 0x03	; 3
    5d32:	8e bd       	out	0x2e, r24	; 46
    5d34:	0d b4       	in	r0, 0x2d	; 45
    5d36:	07 fe       	sbrs	r0, 7
    5d38:	fd cf       	rjmp	.-6      	; 0x5d34 <TEMP_MAX31856_Setup+0x22>
    5d3a:	14 9a       	sbi	0x02, 4	; 2
    5d3c:	14 98       	cbi	0x02, 4	; 2
    5d3e:	81 e8       	ldi	r24, 0x81	; 129
    5d40:	8e bd       	out	0x2e, r24	; 46
    5d42:	0d b4       	in	r0, 0x2d	; 45
    5d44:	07 fe       	sbrs	r0, 7
    5d46:	fd cf       	rjmp	.-6      	; 0x5d42 <TEMP_MAX31856_Setup+0x30>
    5d48:	87 e7       	ldi	r24, 0x77	; 119
    5d4a:	8e bd       	out	0x2e, r24	; 46
    5d4c:	0d b4       	in	r0, 0x2d	; 45
    5d4e:	07 fe       	sbrs	r0, 7
    5d50:	fd cf       	rjmp	.-6      	; 0x5d4c <TEMP_MAX31856_Setup+0x3a>
    5d52:	14 9a       	sbi	0x02, 4	; 2
    5d54:	14 98       	cbi	0x02, 4	; 2
    5d56:	80 e8       	ldi	r24, 0x80	; 128
    5d58:	8e bd       	out	0x2e, r24	; 46
    5d5a:	0d b4       	in	r0, 0x2d	; 45
    5d5c:	07 fe       	sbrs	r0, 7
    5d5e:	fd cf       	rjmp	.-6      	; 0x5d5a <TEMP_MAX31856_Setup+0x48>
    5d60:	81 e8       	ldi	r24, 0x81	; 129
    5d62:	8e bd       	out	0x2e, r24	; 46
    5d64:	0d b4       	in	r0, 0x2d	; 45
    5d66:	07 fe       	sbrs	r0, 7
    5d68:	fd cf       	rjmp	.-6      	; 0x5d64 <TEMP_MAX31856_Setup+0x52>
    5d6a:	14 9a       	sbi	0x02, 4	; 2
    5d6c:	8c b5       	in	r24, 0x2c	; 44
    5d6e:	8b 7f       	andi	r24, 0xFB	; 251
    5d70:	8c bd       	out	0x2c, r24	; 44
    5d72:	8c b5       	in	r24, 0x2c	; 44
    5d74:	8d 7f       	andi	r24, 0xFD	; 253
    5d76:	8c bd       	out	0x2c, r24	; 44
    5d78:	08 95       	ret

00005d7a <TEMP_MAX31856_Measure>:
    5d7a:	8c b5       	in	r24, 0x2c	; 44
    5d7c:	81 60       	ori	r24, 0x01	; 1
    5d7e:	8c bd       	out	0x2c, r24	; 44
    5d80:	8c b5       	in	r24, 0x2c	; 44
    5d82:	8d 7f       	andi	r24, 0xFD	; 253
    5d84:	8c bd       	out	0x2c, r24	; 44
    5d86:	8c b5       	in	r24, 0x2c	; 44
    5d88:	84 60       	ori	r24, 0x04	; 4
    5d8a:	8c bd       	out	0x2c, r24	; 44
    5d8c:	14 98       	cbi	0x02, 4	; 2
    5d8e:	8c e0       	ldi	r24, 0x0C	; 12
    5d90:	8e bd       	out	0x2e, r24	; 46
    5d92:	0d b4       	in	r0, 0x2d	; 45
    5d94:	07 fe       	sbrs	r0, 7
    5d96:	fd cf       	rjmp	.-6      	; 0x5d92 <TEMP_MAX31856_Measure+0x18>
    5d98:	8f ef       	ldi	r24, 0xFF	; 255
    5d9a:	8e bd       	out	0x2e, r24	; 46
    5d9c:	0d b4       	in	r0, 0x2d	; 45
    5d9e:	07 fe       	sbrs	r0, 7
    5da0:	fd cf       	rjmp	.-6      	; 0x5d9c <TEMP_MAX31856_Measure+0x22>
    5da2:	3e b5       	in	r19, 0x2e	; 46
    5da4:	8f ef       	ldi	r24, 0xFF	; 255
    5da6:	8e bd       	out	0x2e, r24	; 46
    5da8:	0d b4       	in	r0, 0x2d	; 45
    5daa:	07 fe       	sbrs	r0, 7
    5dac:	fd cf       	rjmp	.-6      	; 0x5da8 <TEMP_MAX31856_Measure+0x2e>
    5dae:	6e b5       	in	r22, 0x2e	; 46
    5db0:	8f ef       	ldi	r24, 0xFF	; 255
    5db2:	8e bd       	out	0x2e, r24	; 46
    5db4:	0d b4       	in	r0, 0x2d	; 45
    5db6:	07 fe       	sbrs	r0, 7
    5db8:	fd cf       	rjmp	.-6      	; 0x5db4 <TEMP_MAX31856_Measure+0x3a>
    5dba:	2e b5       	in	r18, 0x2e	; 46
    5dbc:	14 9a       	sbi	0x02, 4	; 2
    5dbe:	8c b5       	in	r24, 0x2c	; 44
    5dc0:	8b 7f       	andi	r24, 0xFB	; 251
    5dc2:	8c bd       	out	0x2c, r24	; 44
    5dc4:	8c b5       	in	r24, 0x2c	; 44
    5dc6:	8d 7f       	andi	r24, 0xFD	; 253
    5dc8:	8c bd       	out	0x2c, r24	; 44
    5dca:	86 2f       	mov	r24, r22
    5dcc:	90 e0       	ldi	r25, 0x00	; 0
    5dce:	a0 e0       	ldi	r26, 0x00	; 0
    5dd0:	b0 e0       	ldi	r27, 0x00	; 0
    5dd2:	ba 2f       	mov	r27, r26
    5dd4:	a9 2f       	mov	r26, r25
    5dd6:	98 2f       	mov	r25, r24
    5dd8:	88 27       	eor	r24, r24
    5dda:	a3 2b       	or	r26, r19
    5ddc:	82 2b       	or	r24, r18
    5dde:	bc 01       	movw	r22, r24
    5de0:	cd 01       	movw	r24, r26
    5de2:	55 e0       	ldi	r21, 0x05	; 5
    5de4:	95 95       	asr	r25
    5de6:	87 95       	ror	r24
    5de8:	77 95       	ror	r23
    5dea:	67 95       	ror	r22
    5dec:	5a 95       	dec	r21
    5dee:	d1 f7       	brne	.-12     	; 0x5de4 <TEMP_MAX31856_Measure+0x6a>
    5df0:	82 ff       	sbrs	r24, 2
    5df2:	02 c0       	rjmp	.+4      	; 0x5df8 <TEMP_MAX31856_Measure+0x7e>
    5df4:	88 6f       	ori	r24, 0xF8	; 248
    5df6:	9f 6f       	ori	r25, 0xFF	; 255
    5df8:	0e 94 d3 47 	call	0x8fa6	; 0x8fa6 <__floatsisf>
    5dfc:	20 e0       	ldi	r18, 0x00	; 0
    5dfe:	30 e0       	ldi	r19, 0x00	; 0
    5e00:	40 e0       	ldi	r20, 0x00	; 0
    5e02:	5c e3       	ldi	r21, 0x3C	; 60
    5e04:	0c 94 61 49 	jmp	0x92c2	; 0x92c2 <__mulsf3>

00005e08 <TEMP_MCP9600_Setup>:
    5e08:	84 ea       	ldi	r24, 0xA4	; 164
    5e0a:	80 93 bc 00 	sts	0x00BC, r24	; 0x8000bc <__TEXT_REGION_LENGTH__+0x7e00bc>
    5e0e:	80 91 bc 00 	lds	r24, 0x00BC	; 0x8000bc <__TEXT_REGION_LENGTH__+0x7e00bc>
    5e12:	87 ff       	sbrs	r24, 7
    5e14:	fc cf       	rjmp	.-8      	; 0x5e0e <TEMP_MCP9600_Setup+0x6>
    5e16:	80 91 b9 00 	lds	r24, 0x00B9	; 0x8000b9 <__TEXT_REGION_LENGTH__+0x7e00b9>
    5e1a:	88 7f       	andi	r24, 0xF8	; 248
    5e1c:	88 30       	cpi	r24, 0x08	; 8
    5e1e:	09 f0       	breq	.+2      	; 0x5e22 <TEMP_MCP9600_Setup+0x1a>
    5e20:	8e c0       	rjmp	.+284    	; 0x5f3e <TEMP_MCP9600_Setup+0x136>
    5e22:	85 e3       	ldi	r24, 0x35	; 53
    5e24:	8a 95       	dec	r24
    5e26:	f1 f7       	brne	.-4      	; 0x5e24 <TEMP_MCP9600_Setup+0x1c>
    5e28:	00 00       	nop
    5e2a:	80 ec       	ldi	r24, 0xC0	; 192
    5e2c:	80 93 bb 00 	sts	0x00BB, r24	; 0x8000bb <__TEXT_REGION_LENGTH__+0x7e00bb>
    5e30:	84 e8       	ldi	r24, 0x84	; 132
    5e32:	80 93 bc 00 	sts	0x00BC, r24	; 0x8000bc <__TEXT_REGION_LENGTH__+0x7e00bc>
    5e36:	80 91 bc 00 	lds	r24, 0x00BC	; 0x8000bc <__TEXT_REGION_LENGTH__+0x7e00bc>
    5e3a:	87 ff       	sbrs	r24, 7
    5e3c:	fc cf       	rjmp	.-8      	; 0x5e36 <TEMP_MCP9600_Setup+0x2e>
    5e3e:	80 91 b9 00 	lds	r24, 0x00B9	; 0x8000b9 <__TEXT_REGION_LENGTH__+0x7e00b9>
    5e42:	88 7f       	andi	r24, 0xF8	; 248
    5e44:	88 31       	cpi	r24, 0x18	; 24
    5e46:	09 f0       	breq	.+2      	; 0x5e4a <TEMP_MCP9600_Setup+0x42>
    5e48:	7a c0       	rjmp	.+244    	; 0x5f3e <TEMP_MCP9600_Setup+0x136>
    5e4a:	85 e3       	ldi	r24, 0x35	; 53
    5e4c:	8a 95       	dec	r24
    5e4e:	f1 f7       	brne	.-4      	; 0x5e4c <TEMP_MCP9600_Setup+0x44>
    5e50:	00 00       	nop
    5e52:	85 e0       	ldi	r24, 0x05	; 5
    5e54:	80 93 bb 00 	sts	0x00BB, r24	; 0x8000bb <__TEXT_REGION_LENGTH__+0x7e00bb>
    5e58:	84 e8       	ldi	r24, 0x84	; 132
    5e5a:	80 93 bc 00 	sts	0x00BC, r24	; 0x8000bc <__TEXT_REGION_LENGTH__+0x7e00bc>
    5e5e:	80 91 bc 00 	lds	r24, 0x00BC	; 0x8000bc <__TEXT_REGION_LENGTH__+0x7e00bc>
    5e62:	87 ff       	sbrs	r24, 7
    5e64:	fc cf       	rjmp	.-8      	; 0x5e5e <TEMP_MCP9600_Setup+0x56>
    5e66:	80 91 b9 00 	lds	r24, 0x00B9	; 0x8000b9 <__TEXT_REGION_LENGTH__+0x7e00b9>
    5e6a:	88 7f       	andi	r24, 0xF8	; 248
    5e6c:	88 32       	cpi	r24, 0x28	; 40
    5e6e:	09 f0       	breq	.+2      	; 0x5e72 <TEMP_MCP9600_Setup+0x6a>
    5e70:	66 c0       	rjmp	.+204    	; 0x5f3e <TEMP_MCP9600_Setup+0x136>
    5e72:	85 e3       	ldi	r24, 0x35	; 53
    5e74:	8a 95       	dec	r24
    5e76:	f1 f7       	brne	.-4      	; 0x5e74 <TEMP_MCP9600_Setup+0x6c>
    5e78:	00 00       	nop
    5e7a:	10 92 bb 00 	sts	0x00BB, r1	; 0x8000bb <__TEXT_REGION_LENGTH__+0x7e00bb>
    5e7e:	84 e8       	ldi	r24, 0x84	; 132
    5e80:	80 93 bc 00 	sts	0x00BC, r24	; 0x8000bc <__TEXT_REGION_LENGTH__+0x7e00bc>
    5e84:	80 91 bc 00 	lds	r24, 0x00BC	; 0x8000bc <__TEXT_REGION_LENGTH__+0x7e00bc>
    5e88:	87 ff       	sbrs	r24, 7
    5e8a:	fc cf       	rjmp	.-8      	; 0x5e84 <TEMP_MCP9600_Setup+0x7c>
    5e8c:	80 91 b9 00 	lds	r24, 0x00B9	; 0x8000b9 <__TEXT_REGION_LENGTH__+0x7e00b9>
    5e90:	88 7f       	andi	r24, 0xF8	; 248
    5e92:	88 32       	cpi	r24, 0x28	; 40
    5e94:	09 f0       	breq	.+2      	; 0x5e98 <TEMP_MCP9600_Setup+0x90>
    5e96:	53 c0       	rjmp	.+166    	; 0x5f3e <TEMP_MCP9600_Setup+0x136>
    5e98:	85 e3       	ldi	r24, 0x35	; 53
    5e9a:	8a 95       	dec	r24
    5e9c:	f1 f7       	brne	.-4      	; 0x5e9a <TEMP_MCP9600_Setup+0x92>
    5e9e:	00 00       	nop
    5ea0:	84 e9       	ldi	r24, 0x94	; 148
    5ea2:	80 93 bc 00 	sts	0x00BC, r24	; 0x8000bc <__TEXT_REGION_LENGTH__+0x7e00bc>
    5ea6:	85 e3       	ldi	r24, 0x35	; 53
    5ea8:	8a 95       	dec	r24
    5eaa:	f1 f7       	brne	.-4      	; 0x5ea8 <TEMP_MCP9600_Setup+0xa0>
    5eac:	00 00       	nop
    5eae:	84 ea       	ldi	r24, 0xA4	; 164
    5eb0:	80 93 bc 00 	sts	0x00BC, r24	; 0x8000bc <__TEXT_REGION_LENGTH__+0x7e00bc>
    5eb4:	80 91 bc 00 	lds	r24, 0x00BC	; 0x8000bc <__TEXT_REGION_LENGTH__+0x7e00bc>
    5eb8:	87 ff       	sbrs	r24, 7
    5eba:	fc cf       	rjmp	.-8      	; 0x5eb4 <TEMP_MCP9600_Setup+0xac>
    5ebc:	80 91 b9 00 	lds	r24, 0x00B9	; 0x8000b9 <__TEXT_REGION_LENGTH__+0x7e00b9>
    5ec0:	88 7f       	andi	r24, 0xF8	; 248
    5ec2:	88 30       	cpi	r24, 0x08	; 8
    5ec4:	e1 f5       	brne	.+120    	; 0x5f3e <TEMP_MCP9600_Setup+0x136>
    5ec6:	85 e3       	ldi	r24, 0x35	; 53
    5ec8:	8a 95       	dec	r24
    5eca:	f1 f7       	brne	.-4      	; 0x5ec8 <TEMP_MCP9600_Setup+0xc0>
    5ecc:	00 00       	nop
    5ece:	80 ec       	ldi	r24, 0xC0	; 192
    5ed0:	80 93 bb 00 	sts	0x00BB, r24	; 0x8000bb <__TEXT_REGION_LENGTH__+0x7e00bb>
    5ed4:	84 e8       	ldi	r24, 0x84	; 132
    5ed6:	80 93 bc 00 	sts	0x00BC, r24	; 0x8000bc <__TEXT_REGION_LENGTH__+0x7e00bc>
    5eda:	80 91 bc 00 	lds	r24, 0x00BC	; 0x8000bc <__TEXT_REGION_LENGTH__+0x7e00bc>
    5ede:	87 ff       	sbrs	r24, 7
    5ee0:	fc cf       	rjmp	.-8      	; 0x5eda <TEMP_MCP9600_Setup+0xd2>
    5ee2:	80 91 b9 00 	lds	r24, 0x00B9	; 0x8000b9 <__TEXT_REGION_LENGTH__+0x7e00b9>
    5ee6:	88 7f       	andi	r24, 0xF8	; 248
    5ee8:	88 31       	cpi	r24, 0x18	; 24
    5eea:	49 f5       	brne	.+82     	; 0x5f3e <TEMP_MCP9600_Setup+0x136>
    5eec:	85 e3       	ldi	r24, 0x35	; 53
    5eee:	8a 95       	dec	r24
    5ef0:	f1 f7       	brne	.-4      	; 0x5eee <TEMP_MCP9600_Setup+0xe6>
    5ef2:	00 00       	nop
    5ef4:	86 e0       	ldi	r24, 0x06	; 6
    5ef6:	80 93 bb 00 	sts	0x00BB, r24	; 0x8000bb <__TEXT_REGION_LENGTH__+0x7e00bb>
    5efa:	84 e8       	ldi	r24, 0x84	; 132
    5efc:	80 93 bc 00 	sts	0x00BC, r24	; 0x8000bc <__TEXT_REGION_LENGTH__+0x7e00bc>
    5f00:	80 91 bc 00 	lds	r24, 0x00BC	; 0x8000bc <__TEXT_REGION_LENGTH__+0x7e00bc>
    5f04:	87 ff       	sbrs	r24, 7
    5f06:	fc cf       	rjmp	.-8      	; 0x5f00 <TEMP_MCP9600_Setup+0xf8>
    5f08:	80 91 b9 00 	lds	r24, 0x00B9	; 0x8000b9 <__TEXT_REGION_LENGTH__+0x7e00b9>
    5f0c:	88 7f       	andi	r24, 0xF8	; 248
    5f0e:	88 32       	cpi	r24, 0x28	; 40
    5f10:	b1 f4       	brne	.+44     	; 0x5f3e <TEMP_MCP9600_Setup+0x136>
    5f12:	85 e3       	ldi	r24, 0x35	; 53
    5f14:	8a 95       	dec	r24
    5f16:	f1 f7       	brne	.-4      	; 0x5f14 <TEMP_MCP9600_Setup+0x10c>
    5f18:	00 00       	nop
    5f1a:	10 92 bb 00 	sts	0x00BB, r1	; 0x8000bb <__TEXT_REGION_LENGTH__+0x7e00bb>
    5f1e:	84 e8       	ldi	r24, 0x84	; 132
    5f20:	80 93 bc 00 	sts	0x00BC, r24	; 0x8000bc <__TEXT_REGION_LENGTH__+0x7e00bc>
    5f24:	80 91 bc 00 	lds	r24, 0x00BC	; 0x8000bc <__TEXT_REGION_LENGTH__+0x7e00bc>
    5f28:	87 ff       	sbrs	r24, 7
    5f2a:	fc cf       	rjmp	.-8      	; 0x5f24 <TEMP_MCP9600_Setup+0x11c>
    5f2c:	80 91 b9 00 	lds	r24, 0x00B9	; 0x8000b9 <__TEXT_REGION_LENGTH__+0x7e00b9>
    5f30:	88 7f       	andi	r24, 0xF8	; 248
    5f32:	88 32       	cpi	r24, 0x28	; 40
    5f34:	21 f4       	brne	.+8      	; 0x5f3e <TEMP_MCP9600_Setup+0x136>
    5f36:	85 e3       	ldi	r24, 0x35	; 53
    5f38:	8a 95       	dec	r24
    5f3a:	f1 f7       	brne	.-4      	; 0x5f38 <TEMP_MCP9600_Setup+0x130>
    5f3c:	00 00       	nop
    5f3e:	84 e9       	ldi	r24, 0x94	; 148
    5f40:	80 93 bc 00 	sts	0x00BC, r24	; 0x8000bc <__TEXT_REGION_LENGTH__+0x7e00bc>
    5f44:	85 e3       	ldi	r24, 0x35	; 53
    5f46:	8a 95       	dec	r24
    5f48:	f1 f7       	brne	.-4      	; 0x5f46 <TEMP_MCP9600_Setup+0x13e>
    5f4a:	00 00       	nop
    5f4c:	08 95       	ret

00005f4e <TEMP_MCP9600_Measure>:
    5f4e:	48 ee       	ldi	r20, 0xE8	; 232
    5f50:	5d ef       	ldi	r21, 0xFD	; 253
    5f52:	24 ea       	ldi	r18, 0xA4	; 164
    5f54:	20 93 bc 00 	sts	0x00BC, r18	; 0x8000bc <__TEXT_REGION_LENGTH__+0x7e00bc>
    5f58:	20 91 bc 00 	lds	r18, 0x00BC	; 0x8000bc <__TEXT_REGION_LENGTH__+0x7e00bc>
    5f5c:	27 ff       	sbrs	r18, 7
    5f5e:	fc cf       	rjmp	.-8      	; 0x5f58 <TEMP_MCP9600_Measure+0xa>
    5f60:	20 91 b9 00 	lds	r18, 0x00B9	; 0x8000b9 <__TEXT_REGION_LENGTH__+0x7e00b9>
    5f64:	28 7f       	andi	r18, 0xF8	; 248
    5f66:	28 30       	cpi	r18, 0x08	; 8
    5f68:	09 f0       	breq	.+2      	; 0x5f6c <TEMP_MCP9600_Measure+0x1e>
    5f6a:	6f c0       	rjmp	.+222    	; 0x604a <TEMP_MCP9600_Measure+0xfc>
    5f6c:	85 e3       	ldi	r24, 0x35	; 53
    5f6e:	8a 95       	dec	r24
    5f70:	f1 f7       	brne	.-4      	; 0x5f6e <TEMP_MCP9600_Measure+0x20>
    5f72:	00 00       	nop
    5f74:	20 ec       	ldi	r18, 0xC0	; 192
    5f76:	20 93 bb 00 	sts	0x00BB, r18	; 0x8000bb <__TEXT_REGION_LENGTH__+0x7e00bb>
    5f7a:	24 e8       	ldi	r18, 0x84	; 132
    5f7c:	20 93 bc 00 	sts	0x00BC, r18	; 0x8000bc <__TEXT_REGION_LENGTH__+0x7e00bc>
    5f80:	20 91 bc 00 	lds	r18, 0x00BC	; 0x8000bc <__TEXT_REGION_LENGTH__+0x7e00bc>
    5f84:	27 ff       	sbrs	r18, 7
    5f86:	fc cf       	rjmp	.-8      	; 0x5f80 <TEMP_MCP9600_Measure+0x32>
    5f88:	20 91 b9 00 	lds	r18, 0x00B9	; 0x8000b9 <__TEXT_REGION_LENGTH__+0x7e00b9>
    5f8c:	28 7f       	andi	r18, 0xF8	; 248
    5f8e:	28 31       	cpi	r18, 0x18	; 24
    5f90:	09 f0       	breq	.+2      	; 0x5f94 <TEMP_MCP9600_Measure+0x46>
    5f92:	5b c0       	rjmp	.+182    	; 0x604a <TEMP_MCP9600_Measure+0xfc>
    5f94:	85 e3       	ldi	r24, 0x35	; 53
    5f96:	8a 95       	dec	r24
    5f98:	f1 f7       	brne	.-4      	; 0x5f96 <TEMP_MCP9600_Measure+0x48>
    5f9a:	00 00       	nop
    5f9c:	10 92 bb 00 	sts	0x00BB, r1	; 0x8000bb <__TEXT_REGION_LENGTH__+0x7e00bb>
    5fa0:	24 e8       	ldi	r18, 0x84	; 132
    5fa2:	20 93 bc 00 	sts	0x00BC, r18	; 0x8000bc <__TEXT_REGION_LENGTH__+0x7e00bc>
    5fa6:	20 91 bc 00 	lds	r18, 0x00BC	; 0x8000bc <__TEXT_REGION_LENGTH__+0x7e00bc>
    5faa:	27 ff       	sbrs	r18, 7
    5fac:	fc cf       	rjmp	.-8      	; 0x5fa6 <TEMP_MCP9600_Measure+0x58>
    5fae:	20 91 b9 00 	lds	r18, 0x00B9	; 0x8000b9 <__TEXT_REGION_LENGTH__+0x7e00b9>
    5fb2:	28 7f       	andi	r18, 0xF8	; 248
    5fb4:	28 32       	cpi	r18, 0x28	; 40
    5fb6:	09 f0       	breq	.+2      	; 0x5fba <TEMP_MCP9600_Measure+0x6c>
    5fb8:	48 c0       	rjmp	.+144    	; 0x604a <TEMP_MCP9600_Measure+0xfc>
    5fba:	85 e3       	ldi	r24, 0x35	; 53
    5fbc:	8a 95       	dec	r24
    5fbe:	f1 f7       	brne	.-4      	; 0x5fbc <TEMP_MCP9600_Measure+0x6e>
    5fc0:	00 00       	nop
    5fc2:	24 e9       	ldi	r18, 0x94	; 148
    5fc4:	20 93 bc 00 	sts	0x00BC, r18	; 0x8000bc <__TEXT_REGION_LENGTH__+0x7e00bc>
    5fc8:	8a e6       	ldi	r24, 0x6A	; 106
    5fca:	8a 95       	dec	r24
    5fcc:	f1 f7       	brne	.-4      	; 0x5fca <TEMP_MCP9600_Measure+0x7c>
    5fce:	00 c0       	rjmp	.+0      	; 0x5fd0 <TEMP_MCP9600_Measure+0x82>
    5fd0:	24 ea       	ldi	r18, 0xA4	; 164
    5fd2:	20 93 bc 00 	sts	0x00BC, r18	; 0x8000bc <__TEXT_REGION_LENGTH__+0x7e00bc>
    5fd6:	20 91 bc 00 	lds	r18, 0x00BC	; 0x8000bc <__TEXT_REGION_LENGTH__+0x7e00bc>
    5fda:	27 ff       	sbrs	r18, 7
    5fdc:	fc cf       	rjmp	.-8      	; 0x5fd6 <TEMP_MCP9600_Measure+0x88>
    5fde:	20 91 b9 00 	lds	r18, 0x00B9	; 0x8000b9 <__TEXT_REGION_LENGTH__+0x7e00b9>
    5fe2:	28 7f       	andi	r18, 0xF8	; 248
    5fe4:	28 30       	cpi	r18, 0x08	; 8
    5fe6:	89 f5       	brne	.+98     	; 0x604a <TEMP_MCP9600_Measure+0xfc>
    5fe8:	85 e3       	ldi	r24, 0x35	; 53
    5fea:	8a 95       	dec	r24
    5fec:	f1 f7       	brne	.-4      	; 0x5fea <TEMP_MCP9600_Measure+0x9c>
    5fee:	00 00       	nop
    5ff0:	21 ec       	ldi	r18, 0xC1	; 193
    5ff2:	20 93 bb 00 	sts	0x00BB, r18	; 0x8000bb <__TEXT_REGION_LENGTH__+0x7e00bb>
    5ff6:	24 e8       	ldi	r18, 0x84	; 132
    5ff8:	20 93 bc 00 	sts	0x00BC, r18	; 0x8000bc <__TEXT_REGION_LENGTH__+0x7e00bc>
    5ffc:	20 91 bc 00 	lds	r18, 0x00BC	; 0x8000bc <__TEXT_REGION_LENGTH__+0x7e00bc>
    6000:	27 ff       	sbrs	r18, 7
    6002:	fc cf       	rjmp	.-8      	; 0x5ffc <TEMP_MCP9600_Measure+0xae>
    6004:	20 91 b9 00 	lds	r18, 0x00B9	; 0x8000b9 <__TEXT_REGION_LENGTH__+0x7e00b9>
    6008:	28 7f       	andi	r18, 0xF8	; 248
    600a:	20 34       	cpi	r18, 0x40	; 64
    600c:	f1 f4       	brne	.+60     	; 0x604a <TEMP_MCP9600_Measure+0xfc>
    600e:	24 ec       	ldi	r18, 0xC4	; 196
    6010:	20 93 bc 00 	sts	0x00BC, r18	; 0x8000bc <__TEXT_REGION_LENGTH__+0x7e00bc>
    6014:	20 91 bc 00 	lds	r18, 0x00BC	; 0x8000bc <__TEXT_REGION_LENGTH__+0x7e00bc>
    6018:	27 ff       	sbrs	r18, 7
    601a:	fc cf       	rjmp	.-8      	; 0x6014 <TEMP_MCP9600_Measure+0xc6>
    601c:	20 91 b9 00 	lds	r18, 0x00B9	; 0x8000b9 <__TEXT_REGION_LENGTH__+0x7e00b9>
    6020:	28 7f       	andi	r18, 0xF8	; 248
    6022:	20 35       	cpi	r18, 0x50	; 80
    6024:	91 f4       	brne	.+36     	; 0x604a <TEMP_MCP9600_Measure+0xfc>
    6026:	20 91 bb 00 	lds	r18, 0x00BB	; 0x8000bb <__TEXT_REGION_LENGTH__+0x7e00bb>
    602a:	52 2f       	mov	r21, r18
    602c:	24 e8       	ldi	r18, 0x84	; 132
    602e:	20 93 bc 00 	sts	0x00BC, r18	; 0x8000bc <__TEXT_REGION_LENGTH__+0x7e00bc>
    6032:	20 91 bc 00 	lds	r18, 0x00BC	; 0x8000bc <__TEXT_REGION_LENGTH__+0x7e00bc>
    6036:	27 ff       	sbrs	r18, 7
    6038:	fc cf       	rjmp	.-8      	; 0x6032 <TEMP_MCP9600_Measure+0xe4>
    603a:	20 91 b9 00 	lds	r18, 0x00B9	; 0x8000b9 <__TEXT_REGION_LENGTH__+0x7e00b9>
    603e:	28 7f       	andi	r18, 0xF8	; 248
    6040:	28 35       	cpi	r18, 0x58	; 88
    6042:	19 f4       	brne	.+6      	; 0x604a <TEMP_MCP9600_Measure+0xfc>
    6044:	20 91 bb 00 	lds	r18, 0x00BB	; 0x8000bb <__TEXT_REGION_LENGTH__+0x7e00bb>
    6048:	42 2f       	mov	r20, r18
    604a:	24 e9       	ldi	r18, 0x94	; 148
    604c:	20 93 bc 00 	sts	0x00BC, r18	; 0x8000bc <__TEXT_REGION_LENGTH__+0x7e00bc>
    6050:	ba 01       	movw	r22, r20
    6052:	80 e0       	ldi	r24, 0x00	; 0
    6054:	90 e0       	ldi	r25, 0x00	; 0
    6056:	57 ff       	sbrs	r21, 7
    6058:	0e c0       	rjmp	.+28     	; 0x6076 <TEMP_MCP9600_Measure+0x128>
    605a:	0e 94 d1 47 	call	0x8fa2	; 0x8fa2 <__floatunsisf>
    605e:	20 e0       	ldi	r18, 0x00	; 0
    6060:	30 e0       	ldi	r19, 0x00	; 0
    6062:	40 e8       	ldi	r20, 0x80	; 128
    6064:	5d e3       	ldi	r21, 0x3D	; 61
    6066:	0e 94 61 49 	call	0x92c2	; 0x92c2 <__mulsf3>
    606a:	20 e0       	ldi	r18, 0x00	; 0
    606c:	30 e0       	ldi	r19, 0x00	; 0
    606e:	40 e8       	ldi	r20, 0x80	; 128
    6070:	55 e4       	ldi	r21, 0x45	; 69
    6072:	0c 94 9e 46 	jmp	0x8d3c	; 0x8d3c <__subsf3>
    6076:	0e 94 d1 47 	call	0x8fa2	; 0x8fa2 <__floatunsisf>
    607a:	20 e0       	ldi	r18, 0x00	; 0
    607c:	30 e0       	ldi	r19, 0x00	; 0
    607e:	40 e8       	ldi	r20, 0x80	; 128
    6080:	5d e3       	ldi	r21, 0x3D	; 61
    6082:	0c 94 61 49 	jmp	0x92c2	; 0x92c2 <__mulsf3>

00006086 <DIOExp_Write_Outputs>:
    6086:	94 ea       	ldi	r25, 0xA4	; 164
    6088:	90 93 bc 00 	sts	0x00BC, r25	; 0x8000bc <__TEXT_REGION_LENGTH__+0x7e00bc>
    608c:	90 91 bc 00 	lds	r25, 0x00BC	; 0x8000bc <__TEXT_REGION_LENGTH__+0x7e00bc>
    6090:	97 ff       	sbrs	r25, 7
    6092:	fc cf       	rjmp	.-8      	; 0x608c <DIOExp_Write_Outputs+0x6>
    6094:	90 91 b9 00 	lds	r25, 0x00B9	; 0x8000b9 <__TEXT_REGION_LENGTH__+0x7e00b9>
    6098:	98 7f       	andi	r25, 0xF8	; 248
    609a:	98 30       	cpi	r25, 0x08	; 8
    609c:	b1 f5       	brne	.+108    	; 0x610a <DIOExp_Write_Outputs+0x84>
    609e:	90 e4       	ldi	r25, 0x40	; 64
    60a0:	90 93 bb 00 	sts	0x00BB, r25	; 0x8000bb <__TEXT_REGION_LENGTH__+0x7e00bb>
    60a4:	94 e8       	ldi	r25, 0x84	; 132
    60a6:	90 93 bc 00 	sts	0x00BC, r25	; 0x8000bc <__TEXT_REGION_LENGTH__+0x7e00bc>
    60aa:	90 91 bc 00 	lds	r25, 0x00BC	; 0x8000bc <__TEXT_REGION_LENGTH__+0x7e00bc>
    60ae:	97 ff       	sbrs	r25, 7
    60b0:	fc cf       	rjmp	.-8      	; 0x60aa <DIOExp_Write_Outputs+0x24>
    60b2:	90 91 b9 00 	lds	r25, 0x00B9	; 0x8000b9 <__TEXT_REGION_LENGTH__+0x7e00b9>
    60b6:	98 7f       	andi	r25, 0xF8	; 248
    60b8:	98 31       	cpi	r25, 0x18	; 24
    60ba:	39 f5       	brne	.+78     	; 0x610a <DIOExp_Write_Outputs+0x84>
    60bc:	80 93 bb 00 	sts	0x00BB, r24	; 0x8000bb <__TEXT_REGION_LENGTH__+0x7e00bb>
    60c0:	84 e8       	ldi	r24, 0x84	; 132
    60c2:	80 93 bc 00 	sts	0x00BC, r24	; 0x8000bc <__TEXT_REGION_LENGTH__+0x7e00bc>
    60c6:	80 91 bc 00 	lds	r24, 0x00BC	; 0x8000bc <__TEXT_REGION_LENGTH__+0x7e00bc>
    60ca:	87 ff       	sbrs	r24, 7
    60cc:	fc cf       	rjmp	.-8      	; 0x60c6 <DIOExp_Write_Outputs+0x40>
    60ce:	80 91 b9 00 	lds	r24, 0x00B9	; 0x8000b9 <__TEXT_REGION_LENGTH__+0x7e00b9>
    60d2:	88 7f       	andi	r24, 0xF8	; 248
    60d4:	88 32       	cpi	r24, 0x28	; 40
    60d6:	c9 f4       	brne	.+50     	; 0x610a <DIOExp_Write_Outputs+0x84>
    60d8:	60 93 bb 00 	sts	0x00BB, r22	; 0x8000bb <__TEXT_REGION_LENGTH__+0x7e00bb>
    60dc:	84 e8       	ldi	r24, 0x84	; 132
    60de:	80 93 bc 00 	sts	0x00BC, r24	; 0x8000bc <__TEXT_REGION_LENGTH__+0x7e00bc>
    60e2:	80 91 bc 00 	lds	r24, 0x00BC	; 0x8000bc <__TEXT_REGION_LENGTH__+0x7e00bc>
    60e6:	87 ff       	sbrs	r24, 7
    60e8:	fc cf       	rjmp	.-8      	; 0x60e2 <DIOExp_Write_Outputs+0x5c>
    60ea:	80 91 b9 00 	lds	r24, 0x00B9	; 0x8000b9 <__TEXT_REGION_LENGTH__+0x7e00b9>
    60ee:	88 7f       	andi	r24, 0xF8	; 248
    60f0:	88 32       	cpi	r24, 0x28	; 40
    60f2:	59 f4       	brne	.+22     	; 0x610a <DIOExp_Write_Outputs+0x84>
    60f4:	40 93 bb 00 	sts	0x00BB, r20	; 0x8000bb <__TEXT_REGION_LENGTH__+0x7e00bb>
    60f8:	84 e8       	ldi	r24, 0x84	; 132
    60fa:	80 93 bc 00 	sts	0x00BC, r24	; 0x8000bc <__TEXT_REGION_LENGTH__+0x7e00bc>
    60fe:	80 91 bc 00 	lds	r24, 0x00BC	; 0x8000bc <__TEXT_REGION_LENGTH__+0x7e00bc>
    6102:	87 ff       	sbrs	r24, 7
    6104:	fc cf       	rjmp	.-8      	; 0x60fe <DIOExp_Write_Outputs+0x78>
    6106:	80 91 b9 00 	lds	r24, 0x00B9	; 0x8000b9 <__TEXT_REGION_LENGTH__+0x7e00b9>
    610a:	84 e9       	ldi	r24, 0x94	; 148
    610c:	80 93 bc 00 	sts	0x00BC, r24	; 0x8000bc <__TEXT_REGION_LENGTH__+0x7e00bc>
    6110:	8a e6       	ldi	r24, 0x6A	; 106
    6112:	8a 95       	dec	r24
    6114:	f1 f7       	brne	.-4      	; 0x6112 <DIOExp_Write_Outputs+0x8c>
    6116:	00 c0       	rjmp	.+0      	; 0x6118 <DIOExp_Write_Outputs+0x92>
    6118:	08 95       	ret

0000611a <DIOExp_config_init>:
    611a:	80 e4       	ldi	r24, 0x40	; 64
    611c:	80 93 b8 00 	sts	0x00B8, r24	; 0x8000b8 <__TEXT_REGION_LENGTH__+0x7e00b8>
    6120:	e9 eb       	ldi	r30, 0xB9	; 185
    6122:	f0 e0       	ldi	r31, 0x00	; 0
    6124:	80 81       	ld	r24, Z
    6126:	8d 7f       	andi	r24, 0xFD	; 253
    6128:	80 83       	st	Z, r24
    612a:	80 81       	ld	r24, Z
    612c:	8e 7f       	andi	r24, 0xFE	; 254
    612e:	80 83       	st	Z, r24
    6130:	40 91 fa 13 	lds	r20, 0x13FA	; 0x8013fa <DIOE_PORT_B_STATE>
    6134:	60 91 47 12 	lds	r22, 0x1247	; 0x801247 <DIOE_PORT_A_STATE>
    6138:	82 e0       	ldi	r24, 0x02	; 2
    613a:	a5 df       	rcall	.-182    	; 0x6086 <DIOExp_Write_Outputs>
    613c:	40 e0       	ldi	r20, 0x00	; 0
    613e:	60 e0       	ldi	r22, 0x00	; 0
    6140:	86 e0       	ldi	r24, 0x06	; 6
    6142:	a1 cf       	rjmp	.-190    	; 0x6086 <DIOExp_Write_Outputs>

00006144 <Set_DDR_and_Default_State>:
    6144:	2c 9a       	sbi	0x05, 4	; 5
    6146:	24 9a       	sbi	0x04, 4	; 4
    6148:	2b 9a       	sbi	0x05, 3	; 5
    614a:	23 9a       	sbi	0x04, 3	; 4
    614c:	2a 98       	cbi	0x05, 2	; 5
    614e:	22 9a       	sbi	0x04, 2	; 4
    6150:	80 91 2d 14 	lds	r24, 0x142D	; 0x80142d <SysConfig>
    6154:	80 ff       	sbrs	r24, 0
    6156:	14 c0       	rjmp	.+40     	; 0x6180 <Set_DDR_and_Default_State+0x3c>
    6158:	80 91 21 14 	lds	r24, 0x1421	; 0x801421 <Temp_Sensor_Type>
    615c:	81 30       	cpi	r24, 0x01	; 1
    615e:	21 f0       	breq	.+8      	; 0x6168 <Set_DDR_and_Default_State+0x24>
    6160:	80 91 21 14 	lds	r24, 0x1421	; 0x801421 <Temp_Sensor_Type>
    6164:	83 30       	cpi	r24, 0x03	; 3
    6166:	21 f4       	brne	.+8      	; 0x6170 <Set_DDR_and_Default_State+0x2c>
    6168:	14 9a       	sbi	0x02, 4	; 2
    616a:	0c 9a       	sbi	0x01, 4	; 1
    616c:	55 98       	cbi	0x0a, 5	; 10
    616e:	08 c0       	rjmp	.+16     	; 0x6180 <Set_DDR_and_Default_State+0x3c>
    6170:	80 91 21 14 	lds	r24, 0x1421	; 0x801421 <Temp_Sensor_Type>
    6174:	82 30       	cpi	r24, 0x02	; 2
    6176:	21 f4       	brne	.+8      	; 0x6180 <Set_DDR_and_Default_State+0x3c>
    6178:	0c 98       	cbi	0x01, 4	; 1
    617a:	0d 98       	cbi	0x01, 5	; 1
    617c:	55 98       	cbi	0x0a, 5	; 10
    617e:	56 98       	cbi	0x0a, 6	; 10
    6180:	80 91 2d 14 	lds	r24, 0x142D	; 0x80142d <SysConfig>
    6184:	82 ff       	sbrs	r24, 2
    6186:	02 c0       	rjmp	.+4      	; 0x618c <Set_DDR_and_Default_State+0x48>
    6188:	0d 98       	cbi	0x01, 5	; 1
    618a:	15 98       	cbi	0x02, 5	; 2
    618c:	0e 9a       	sbi	0x01, 6	; 1
    618e:	0f 9a       	sbi	0x01, 7	; 1
    6190:	3e 98       	cbi	0x07, 6	; 7
    6192:	3d 98       	cbi	0x07, 5	; 7
    6194:	3b 98       	cbi	0x07, 3	; 7
    6196:	3c 98       	cbi	0x07, 4	; 7
    6198:	3a 98       	cbi	0x07, 2	; 7
    619a:	13 98       	cbi	0x02, 3	; 2
    619c:	0b 9a       	sbi	0x01, 3	; 1
    619e:	12 98       	cbi	0x02, 2	; 2
    61a0:	0a 9a       	sbi	0x01, 2	; 1
    61a2:	11 98       	cbi	0x02, 1	; 2
    61a4:	09 9a       	sbi	0x01, 1	; 1
    61a6:	5a 98       	cbi	0x0b, 2	; 11
    61a8:	52 9a       	sbi	0x0a, 2	; 10
    61aa:	08 98       	cbi	0x01, 0	; 1
    61ac:	20 9a       	sbi	0x04, 0	; 4
    61ae:	28 98       	cbi	0x05, 0	; 5
    61b0:	29 98       	cbi	0x05, 1	; 5
    61b2:	09 9a       	sbi	0x01, 1	; 1
    61b4:	3f 9a       	sbi	0x07, 7	; 7
    61b6:	47 98       	cbi	0x08, 7	; 8
    61b8:	57 9a       	sbi	0x0a, 7	; 10
    61ba:	5f 98       	cbi	0x0b, 7	; 11
    61bc:	08 95       	ret

000061be <RS485_get_com_address_external_pins>:
    61be:	80 e4       	ldi	r24, 0x40	; 64
    61c0:	80 93 9f 0e 	sts	0x0E9F, r24	; 0x800e9f <Com_ID>
    61c4:	36 99       	sbic	0x06, 6	; 6
    61c6:	05 c0       	rjmp	.+10     	; 0x61d2 <RS485_get_com_address_external_pins+0x14>
    61c8:	80 91 9f 0e 	lds	r24, 0x0E9F	; 0x800e9f <Com_ID>
    61cc:	8f 5f       	subi	r24, 0xFF	; 255
    61ce:	80 93 9f 0e 	sts	0x0E9F, r24	; 0x800e9f <Com_ID>
    61d2:	35 99       	sbic	0x06, 5	; 6
    61d4:	05 c0       	rjmp	.+10     	; 0x61e0 <RS485_get_com_address_external_pins+0x22>
    61d6:	80 91 9f 0e 	lds	r24, 0x0E9F	; 0x800e9f <Com_ID>
    61da:	8e 5f       	subi	r24, 0xFE	; 254
    61dc:	80 93 9f 0e 	sts	0x0E9F, r24	; 0x800e9f <Com_ID>
    61e0:	33 99       	sbic	0x06, 3	; 6
    61e2:	05 c0       	rjmp	.+10     	; 0x61ee <RS485_get_com_address_external_pins+0x30>
    61e4:	80 91 9f 0e 	lds	r24, 0x0E9F	; 0x800e9f <Com_ID>
    61e8:	8c 5f       	subi	r24, 0xFC	; 252
    61ea:	80 93 9f 0e 	sts	0x0E9F, r24	; 0x800e9f <Com_ID>
    61ee:	34 99       	sbic	0x06, 4	; 6
    61f0:	05 c0       	rjmp	.+10     	; 0x61fc <RS485_get_com_address_external_pins+0x3e>
    61f2:	80 91 9f 0e 	lds	r24, 0x0E9F	; 0x800e9f <Com_ID>
    61f6:	88 5f       	subi	r24, 0xF8	; 248
    61f8:	80 93 9f 0e 	sts	0x0E9F, r24	; 0x800e9f <Com_ID>
    61fc:	32 99       	sbic	0x06, 2	; 6
    61fe:	05 c0       	rjmp	.+10     	; 0x620a <RS485_get_com_address_external_pins+0x4c>
    6200:	80 91 9f 0e 	lds	r24, 0x0E9F	; 0x800e9f <Com_ID>
    6204:	80 5f       	subi	r24, 0xF0	; 240
    6206:	80 93 9f 0e 	sts	0x0E9F, r24	; 0x800e9f <Com_ID>
    620a:	08 95       	ret

0000620c <main>:
    620c:	cf 93       	push	r28
    620e:	df 93       	push	r29
    6210:	00 d0       	rcall	.+0      	; 0x6212 <main+0x6>
    6212:	00 d0       	rcall	.+0      	; 0x6214 <main+0x8>
    6214:	00 d0       	rcall	.+0      	; 0x6216 <main+0xa>
    6216:	cd b7       	in	r28, 0x3d	; 61
    6218:	de b7       	in	r29, 0x3e	; 62
    621a:	f8 94       	cli
    621c:	a8 95       	wdr
    621e:	84 b7       	in	r24, 0x34	; 52
    6220:	87 7f       	andi	r24, 0xF7	; 247
    6222:	84 bf       	out	0x34, r24	; 52
    6224:	0f b6       	in	r0, 0x3f	; 63
    6226:	f8 94       	cli
    6228:	a8 95       	wdr
    622a:	80 91 60 00 	lds	r24, 0x0060	; 0x800060 <__TEXT_REGION_LENGTH__+0x7e0060>
    622e:	88 61       	ori	r24, 0x18	; 24
    6230:	80 93 60 00 	sts	0x0060, r24	; 0x800060 <__TEXT_REGION_LENGTH__+0x7e0060>
    6234:	10 92 60 00 	sts	0x0060, r1	; 0x800060 <__TEXT_REGION_LENGTH__+0x7e0060>
    6238:	0f be       	out	0x3f, r0	; 63
    623a:	10 92 2f 14 	sts	0x142F, r1	; 0x80142f <TimerMeas_Count>
    623e:	10 92 33 14 	sts	0x1433, r1	; 0x801433 <Timer_Control_Counter>
    6242:	10 92 26 14 	sts	0x1426, r1	; 0x801426 <SysStatus_A>
    6246:	10 92 2b 14 	sts	0x142B, r1	; 0x80142b <SysControl>
    624a:	10 92 2d 14 	sts	0x142D, r1	; 0x80142d <SysConfig>
    624e:	10 92 31 14 	sts	0x1431, r1	; 0x801431 <Timer_CTR>
    6252:	10 92 29 14 	sts	0x1429, r1	; 0x801429 <UartStatus>
    6256:	10 92 2c 14 	sts	0x142C, r1	; 0x80142c <PV_Status>
    625a:	10 92 a9 14 	sts	0x14A9, r1	; 0x8014a9 <PV_Mode_CTR>
    625e:	10 92 92 14 	sts	0x1492, r1	; 0x801492 <PV_Mode_ACT>
    6262:	10 92 56 14 	sts	0x1456, r1	; 0x801456 <PV_Volt_Setpoint>
    6266:	10 92 57 14 	sts	0x1457, r1	; 0x801457 <PV_Volt_Setpoint+0x1>
    626a:	10 92 58 14 	sts	0x1458, r1	; 0x801458 <PV_Volt_Setpoint+0x2>
    626e:	10 92 59 14 	sts	0x1459, r1	; 0x801459 <PV_Volt_Setpoint+0x3>
    6272:	10 92 bd 14 	sts	0x14BD, r1	; 0x8014bd <PV_Volt_DAQ_New>
    6276:	10 92 be 14 	sts	0x14BE, r1	; 0x8014be <PV_Volt_DAQ_New+0x1>
    627a:	10 92 bf 14 	sts	0x14BF, r1	; 0x8014bf <PV_Volt_DAQ_New+0x2>
    627e:	10 92 c0 14 	sts	0x14C0, r1	; 0x8014c0 <PV_Volt_DAQ_New+0x3>
    6282:	10 92 b1 14 	sts	0x14B1, r1	; 0x8014b1 <PV_Curr_Setpoint>
    6286:	10 92 b2 14 	sts	0x14B2, r1	; 0x8014b2 <PV_Curr_Setpoint+0x1>
    628a:	10 92 b3 14 	sts	0x14B3, r1	; 0x8014b3 <PV_Curr_Setpoint+0x2>
    628e:	10 92 b4 14 	sts	0x14B4, r1	; 0x8014b4 <PV_Curr_Setpoint+0x3>
    6292:	10 92 47 12 	sts	0x1247, r1	; 0x801247 <DIOE_PORT_A_STATE>
    6296:	10 92 fa 13 	sts	0x13FA, r1	; 0x8013fa <DIOE_PORT_B_STATE>
    629a:	2f ef       	ldi	r18, 0xFF	; 255
    629c:	84 e3       	ldi	r24, 0x34	; 52
    629e:	9c e0       	ldi	r25, 0x0C	; 12
    62a0:	21 50       	subi	r18, 0x01	; 1
    62a2:	80 40       	sbci	r24, 0x00	; 0
    62a4:	90 40       	sbci	r25, 0x00	; 0
    62a6:	e1 f7       	brne	.-8      	; 0x62a0 <main+0x94>
    62a8:	00 c0       	rjmp	.+0      	; 0x62aa <main+0x9e>
    62aa:	00 00       	nop
    62ac:	0e 94 e2 1c 	call	0x39c4	; 0x39c4 <EEPROM_LOAD_VAL_CONFIG>
    62b0:	49 df       	rcall	.-366    	; 0x6144 <Set_DDR_and_Default_State>
    62b2:	9f e0       	ldi	r25, 0x0F	; 15
    62b4:	88 e1       	ldi	r24, 0x18	; 24
    62b6:	0f b6       	in	r0, 0x3f	; 63
    62b8:	f8 94       	cli
    62ba:	a8 95       	wdr
    62bc:	80 93 60 00 	sts	0x0060, r24	; 0x800060 <__TEXT_REGION_LENGTH__+0x7e0060>
    62c0:	0f be       	out	0x3f, r0	; 63
    62c2:	90 93 60 00 	sts	0x0060, r25	; 0x800060 <__TEXT_REGION_LENGTH__+0x7e0060>
    62c6:	a8 95       	wdr
    62c8:	28 df       	rcall	.-432    	; 0x611a <DIOExp_config_init>
    62ca:	40 91 fa 13 	lds	r20, 0x13FA	; 0x8013fa <DIOE_PORT_B_STATE>
    62ce:	60 91 47 12 	lds	r22, 0x1247	; 0x801247 <DIOE_PORT_A_STATE>
    62d2:	82 e0       	ldi	r24, 0x02	; 2
    62d4:	d8 de       	rcall	.-592    	; 0x6086 <DIOExp_Write_Outputs>
    62d6:	73 df       	rcall	.-282    	; 0x61be <RS485_get_com_address_external_pins>
    62d8:	84 b1       	in	r24, 0x04	; 4
    62da:	80 6b       	ori	r24, 0xB0	; 176
    62dc:	84 b9       	out	0x04, r24	; 4
    62de:	8c b5       	in	r24, 0x2c	; 44
    62e0:	80 65       	ori	r24, 0x50	; 80
    62e2:	8c bd       	out	0x2c, r24	; 44
    62e4:	8c b5       	in	r24, 0x2c	; 44
    62e6:	8d 7f       	andi	r24, 0xFD	; 253
    62e8:	8c bd       	out	0x2c, r24	; 44
    62ea:	8c b5       	in	r24, 0x2c	; 44
    62ec:	8e 7f       	andi	r24, 0xFE	; 254
    62ee:	8c bd       	out	0x2c, r24	; 44
    62f0:	8d b5       	in	r24, 0x2d	; 45
    62f2:	8e 7f       	andi	r24, 0xFE	; 254
    62f4:	8d bd       	out	0x2d, r24	; 45
    62f6:	2c 98       	cbi	0x05, 4	; 5
    62f8:	80 91 c1 00 	lds	r24, 0x00C1	; 0x8000c1 <__TEXT_REGION_LENGTH__+0x7e00c1>
    62fc:	88 61       	ori	r24, 0x18	; 24
    62fe:	80 93 c1 00 	sts	0x00C1, r24	; 0x8000c1 <__TEXT_REGION_LENGTH__+0x7e00c1>
    6302:	80 91 c2 00 	lds	r24, 0x00C2	; 0x8000c2 <__TEXT_REGION_LENGTH__+0x7e00c2>
    6306:	86 60       	ori	r24, 0x06	; 6
    6308:	80 93 c2 00 	sts	0x00C2, r24	; 0x8000c2 <__TEXT_REGION_LENGTH__+0x7e00c2>
    630c:	10 92 c5 00 	sts	0x00C5, r1	; 0x8000c5 <__TEXT_REGION_LENGTH__+0x7e00c5>
    6310:	84 e0       	ldi	r24, 0x04	; 4
    6312:	80 93 c4 00 	sts	0x00C4, r24	; 0x8000c4 <__TEXT_REGION_LENGTH__+0x7e00c4>
    6316:	80 91 c1 00 	lds	r24, 0x00C1	; 0x8000c1 <__TEXT_REGION_LENGTH__+0x7e00c1>
    631a:	80 68       	ori	r24, 0x80	; 128
    631c:	80 93 c1 00 	sts	0x00C1, r24	; 0x8000c1 <__TEXT_REGION_LENGTH__+0x7e00c1>
    6320:	5a 98       	cbi	0x0b, 2	; 11
    6322:	52 9a       	sbi	0x0a, 2	; 10
    6324:	10 92 8b 10 	sts	0x108B, r1	; 0x80108b <UART_In_Buff_L>
    6328:	10 92 94 0f 	sts	0x0F94, r1	; 0x800f94 <UART_Comand_L>
    632c:	80 91 80 00 	lds	r24, 0x0080	; 0x800080 <__TEXT_REGION_LENGTH__+0x7e0080>
    6330:	80 93 80 00 	sts	0x0080, r24	; 0x800080 <__TEXT_REGION_LENGTH__+0x7e0080>
    6334:	80 91 81 00 	lds	r24, 0x0081	; 0x800081 <__TEXT_REGION_LENGTH__+0x7e0081>
    6338:	8b 60       	ori	r24, 0x0B	; 11
    633a:	80 93 81 00 	sts	0x0081, r24	; 0x800081 <__TEXT_REGION_LENGTH__+0x7e0081>
    633e:	10 92 8b 00 	sts	0x008B, r1	; 0x80008b <__TEXT_REGION_LENGTH__+0x7e008b>
    6342:	10 92 8a 00 	sts	0x008A, r1	; 0x80008a <__TEXT_REGION_LENGTH__+0x7e008a>
    6346:	0e 94 90 1c 	call	0x3920	; 0x3920 <EEROM_LOAD_TIMER_1_CM>
    634a:	90 93 89 00 	sts	0x0089, r25	; 0x800089 <__TEXT_REGION_LENGTH__+0x7e0089>
    634e:	80 93 88 00 	sts	0x0088, r24	; 0x800088 <__TEXT_REGION_LENGTH__+0x7e0088>
    6352:	80 91 6f 00 	lds	r24, 0x006F	; 0x80006f <__TEXT_REGION_LENGTH__+0x7e006f>
    6356:	82 60       	ori	r24, 0x02	; 2
    6358:	80 93 6f 00 	sts	0x006F, r24	; 0x80006f <__TEXT_REGION_LENGTH__+0x7e006f>
    635c:	0e 94 a5 3d 	call	0x7b4a	; 0x7b4a <Reset_Over_Current_Clamp>
    6360:	85 e0       	ldi	r24, 0x05	; 5
    6362:	80 93 e5 14 	sts	0x14E5, r24	; 0x8014e5 <Range_Volt_ID_Act>
    6366:	86 e0       	ldi	r24, 0x06	; 6
    6368:	80 93 5c 15 	sts	0x155C, r24	; 0x80155c <Range_Curr_ID_Act>
    636c:	84 e0       	ldi	r24, 0x04	; 4
    636e:	0e 94 fb 3f 	call	0x7ff6	; 0x7ff6 <SET_VOLTAGE_RANGE>
    6372:	85 e0       	ldi	r24, 0x05	; 5
    6374:	0e 94 f9 40 	call	0x81f2	; 0x81f2 <SET_CURRENT_RANGE>
    6378:	0e 94 ca 3d 	call	0x7b94	; 0x7b94 <Preare_Auto_Range_Selection>
    637c:	6d d4       	rcall	.+2266   	; 0x6c58 <Reset_Fan_Control>
    637e:	0e 94 0a 0b 	call	0x1614	; 0x1614 <PI_CRT__Process_Controller_Settings>
    6382:	80 91 2d 14 	lds	r24, 0x142D	; 0x80142d <SysConfig>
    6386:	80 ff       	sbrs	r24, 0
    6388:	11 c0       	rjmp	.+34     	; 0x63ac <main+0x1a0>
    638a:	80 91 21 14 	lds	r24, 0x1421	; 0x801421 <Temp_Sensor_Type>
    638e:	81 30       	cpi	r24, 0x01	; 1
    6390:	11 f4       	brne	.+4      	; 0x6396 <main+0x18a>
    6392:	77 dc       	rcall	.-1810   	; 0x5c82 <TEMP_MAX31865_Setup>
    6394:	0b c0       	rjmp	.+22     	; 0x63ac <main+0x1a0>
    6396:	80 91 21 14 	lds	r24, 0x1421	; 0x801421 <Temp_Sensor_Type>
    639a:	82 30       	cpi	r24, 0x02	; 2
    639c:	11 f4       	brne	.+4      	; 0x63a2 <main+0x196>
    639e:	34 dd       	rcall	.-1432   	; 0x5e08 <TEMP_MCP9600_Setup>
    63a0:	05 c0       	rjmp	.+10     	; 0x63ac <main+0x1a0>
    63a2:	80 91 21 14 	lds	r24, 0x1421	; 0x801421 <Temp_Sensor_Type>
    63a6:	83 30       	cpi	r24, 0x03	; 3
    63a8:	09 f4       	brne	.+2      	; 0x63ac <main+0x1a0>
    63aa:	b3 dc       	rcall	.-1690   	; 0x5d12 <TEMP_MAX31856_Setup>
    63ac:	80 91 2d 14 	lds	r24, 0x142D	; 0x80142d <SysConfig>
    63b0:	82 fd       	sbrc	r24, 2
    63b2:	0e 94 52 46 	call	0x8ca4	; 0x8ca4 <Temp_monitoring_Setup>
    63b6:	8f ef       	ldi	r24, 0xFF	; 255
    63b8:	9f ef       	ldi	r25, 0xFF	; 255
    63ba:	da db       	rcall	.-2124   	; 0x5b70 <Set_DAC_Output_RAW>
    63bc:	0d d8       	rcall	.-4070   	; 0x53d8 <Meas_Analog_Inputs>
    63be:	80 91 31 14 	lds	r24, 0x1431	; 0x801431 <Timer_CTR>
    63c2:	8e 7f       	andi	r24, 0xFE	; 254
    63c4:	80 93 31 14 	sts	0x1431, r24	; 0x801431 <Timer_CTR>
    63c8:	78 94       	sei
    63ca:	1d 82       	std	Y+5, r1	; 0x05
    63cc:	a1 e0       	ldi	r26, 0x01	; 1
    63ce:	ae 83       	std	Y+6, r26	; 0x06
    63d0:	33 24       	eor	r3, r3
    63d2:	33 94       	inc	r3
    63d4:	01 e0       	ldi	r16, 0x01	; 1
    63d6:	10 e0       	ldi	r17, 0x00	; 0
    63d8:	a8 95       	wdr
    63da:	80 91 31 14 	lds	r24, 0x1431	; 0x801431 <Timer_CTR>
    63de:	80 ff       	sbrs	r24, 0
    63e0:	68 c1       	rjmp	.+720    	; 0x66b2 <main+0x4a6>
    63e2:	0e 94 ec 29 	call	0x53d8	; 0x53d8 <Meas_Analog_Inputs>
    63e6:	0e 94 9a 42 	call	0x8534	; 0x8534 <Check_Input_Range_Selection>
    63ea:	0e 94 0a 0b 	call	0x1614	; 0x1614 <PI_CRT__Process_Controller_Settings>
    63ee:	80 91 31 14 	lds	r24, 0x1431	; 0x801431 <Timer_CTR>
    63f2:	81 ff       	sbrs	r24, 1
    63f4:	06 c0       	rjmp	.+12     	; 0x6402 <main+0x1f6>
    63f6:	0e 94 77 3b 	call	0x76ee	; 0x76ee <LOAD_CTR_MAIN>
    63fa:	80 91 31 14 	lds	r24, 0x1431	; 0x801431 <Timer_CTR>
    63fe:	8d 7f       	andi	r24, 0xFD	; 253
    6400:	51 c1       	rjmp	.+674    	; 0x66a4 <main+0x498>
    6402:	80 91 94 0f 	lds	r24, 0x0F94	; 0x800f94 <UART_Comand_L>
    6406:	88 23       	and	r24, r24
    6408:	89 f0       	breq	.+34     	; 0x642c <main+0x220>
    640a:	80 91 29 14 	lds	r24, 0x1429	; 0x801429 <UartStatus>
    640e:	86 fd       	sbrc	r24, 6
    6410:	4b c1       	rjmp	.+662    	; 0x66a8 <main+0x49c>
    6412:	80 91 2b 14 	lds	r24, 0x142B	; 0x80142b <SysControl>
    6416:	81 fd       	sbrc	r24, 1
    6418:	47 c1       	rjmp	.+654    	; 0x66a8 <main+0x49c>
    641a:	80 91 2b 14 	lds	r24, 0x142B	; 0x80142b <SysControl>
    641e:	82 fd       	sbrc	r24, 2
    6420:	43 c1       	rjmp	.+646    	; 0x66a8 <main+0x49c>
    6422:	0e 94 00 17 	call	0x2e00	; 0x2e00 <UART_Process_Input>
    6426:	10 92 94 0f 	sts	0x0F94, r1	; 0x800f94 <UART_Comand_L>
    642a:	3e c1       	rjmp	.+636    	; 0x66a8 <main+0x49c>
    642c:	80 91 31 14 	lds	r24, 0x1431	; 0x801431 <Timer_CTR>
    6430:	83 ff       	sbrs	r24, 3
    6432:	3a c1       	rjmp	.+628    	; 0x66a8 <main+0x49c>
    6434:	80 91 2d 14 	lds	r24, 0x142D	; 0x80142d <SysConfig>
    6438:	80 ff       	sbrs	r24, 0
    643a:	5e c0       	rjmp	.+188    	; 0x64f8 <main+0x2ec>
    643c:	be 81       	ldd	r27, Y+6	; 0x06
    643e:	bb 23       	and	r27, r27
    6440:	09 f4       	brne	.+2      	; 0x6444 <main+0x238>
    6442:	5a c0       	rjmp	.+180    	; 0x64f8 <main+0x2ec>
    6444:	80 91 21 14 	lds	r24, 0x1421	; 0x801421 <Temp_Sensor_Type>
    6448:	81 30       	cpi	r24, 0x01	; 1
    644a:	09 f0       	breq	.+2      	; 0x644e <main+0x242>
    644c:	42 c0       	rjmp	.+132    	; 0x64d2 <main+0x2c6>
    644e:	4d 99       	sbic	0x09, 5	; 9
    6450:	53 c0       	rjmp	.+166    	; 0x64f8 <main+0x2ec>
    6452:	33 dc       	rcall	.-1946   	; 0x5cba <TEMP_MAX31865_Measure>
    6454:	0e 94 d1 47 	call	0x8fa2	; 0x8fa2 <__floatunsisf>
    6458:	6b 01       	movw	r12, r22
    645a:	7c 01       	movw	r14, r24
    645c:	80 90 ff 13 	lds	r8, 0x13FF	; 0x8013ff <CAL_RTD_A2>
    6460:	90 90 00 14 	lds	r9, 0x1400	; 0x801400 <CAL_RTD_A2+0x1>
    6464:	a0 90 01 14 	lds	r10, 0x1401	; 0x801401 <CAL_RTD_A2+0x2>
    6468:	b0 90 02 14 	lds	r11, 0x1402	; 0x801402 <CAL_RTD_A2+0x3>
    646c:	40 90 3f 12 	lds	r4, 0x123F	; 0x80123f <CAL_RTD_A1>
    6470:	50 90 40 12 	lds	r5, 0x1240	; 0x801240 <CAL_RTD_A1+0x1>
    6474:	60 90 41 12 	lds	r6, 0x1241	; 0x801241 <CAL_RTD_A1+0x2>
    6478:	70 90 42 12 	lds	r7, 0x1242	; 0x801242 <CAL_RTD_A1+0x3>
    647c:	80 91 62 12 	lds	r24, 0x1262	; 0x801262 <CAL_RTD_A0>
    6480:	90 91 63 12 	lds	r25, 0x1263	; 0x801263 <CAL_RTD_A0+0x1>
    6484:	a0 91 64 12 	lds	r26, 0x1264	; 0x801264 <CAL_RTD_A0+0x2>
    6488:	b0 91 65 12 	lds	r27, 0x1265	; 0x801265 <CAL_RTD_A0+0x3>
    648c:	89 83       	std	Y+1, r24	; 0x01
    648e:	9a 83       	std	Y+2, r25	; 0x02
    6490:	ab 83       	std	Y+3, r26	; 0x03
    6492:	bc 83       	std	Y+4, r27	; 0x04
    6494:	a7 01       	movw	r20, r14
    6496:	96 01       	movw	r18, r12
    6498:	c7 01       	movw	r24, r14
    649a:	b6 01       	movw	r22, r12
    649c:	0e 94 61 49 	call	0x92c2	; 0x92c2 <__mulsf3>
    64a0:	a5 01       	movw	r20, r10
    64a2:	94 01       	movw	r18, r8
    64a4:	0e 94 61 49 	call	0x92c2	; 0x92c2 <__mulsf3>
    64a8:	4b 01       	movw	r8, r22
    64aa:	5c 01       	movw	r10, r24
    64ac:	a3 01       	movw	r20, r6
    64ae:	92 01       	movw	r18, r4
    64b0:	c7 01       	movw	r24, r14
    64b2:	b6 01       	movw	r22, r12
    64b4:	0e 94 61 49 	call	0x92c2	; 0x92c2 <__mulsf3>
    64b8:	9b 01       	movw	r18, r22
    64ba:	ac 01       	movw	r20, r24
    64bc:	c5 01       	movw	r24, r10
    64be:	b4 01       	movw	r22, r8
    64c0:	0e 94 9f 46 	call	0x8d3e	; 0x8d3e <__addsf3>
    64c4:	29 81       	ldd	r18, Y+1	; 0x01
    64c6:	3a 81       	ldd	r19, Y+2	; 0x02
    64c8:	4b 81       	ldd	r20, Y+3	; 0x03
    64ca:	5c 81       	ldd	r21, Y+4	; 0x04
    64cc:	0e 94 9f 46 	call	0x8d3e	; 0x8d3e <__addsf3>
    64d0:	0b c0       	rjmp	.+22     	; 0x64e8 <main+0x2dc>
    64d2:	80 91 21 14 	lds	r24, 0x1421	; 0x801421 <Temp_Sensor_Type>
    64d6:	82 30       	cpi	r24, 0x02	; 2
    64d8:	11 f4       	brne	.+4      	; 0x64de <main+0x2d2>
    64da:	39 dd       	rcall	.-1422   	; 0x5f4e <TEMP_MCP9600_Measure>
    64dc:	05 c0       	rjmp	.+10     	; 0x64e8 <main+0x2dc>
    64de:	80 91 21 14 	lds	r24, 0x1421	; 0x801421 <Temp_Sensor_Type>
    64e2:	83 30       	cpi	r24, 0x03	; 3
    64e4:	49 f4       	brne	.+18     	; 0x64f8 <main+0x2ec>
    64e6:	49 dc       	rcall	.-1902   	; 0x5d7a <TEMP_MAX31856_Measure>
    64e8:	60 93 56 12 	sts	0x1256, r22	; 0x801256 <AI_RTD_Temp>
    64ec:	70 93 57 12 	sts	0x1257, r23	; 0x801257 <AI_RTD_Temp+0x1>
    64f0:	80 93 58 12 	sts	0x1258, r24	; 0x801258 <AI_RTD_Temp+0x2>
    64f4:	90 93 59 12 	sts	0x1259, r25	; 0x801259 <AI_RTD_Temp+0x3>
    64f8:	80 91 2d 14 	lds	r24, 0x142D	; 0x80142d <SysConfig>
    64fc:	82 ff       	sbrs	r24, 2
    64fe:	b5 c0       	rjmp	.+362    	; 0x666a <main+0x45e>
    6500:	9e 81       	ldd	r25, Y+6	; 0x06
    6502:	91 11       	cpse	r25, r1
    6504:	b2 c0       	rjmp	.+356    	; 0x666a <main+0x45e>
    6506:	80 91 69 15 	lds	r24, 0x1569	; 0x801569 <AI_HEAT_ADC_Present_Mask>
    650a:	90 e0       	ldi	r25, 0x00	; 0
    650c:	0d 80       	ldd	r0, Y+5	; 0x05
    650e:	02 c0       	rjmp	.+4      	; 0x6514 <main+0x308>
    6510:	95 95       	asr	r25
    6512:	87 95       	ror	r24
    6514:	0a 94       	dec	r0
    6516:	e2 f7       	brpl	.-8      	; 0x6510 <main+0x304>
    6518:	80 ff       	sbrs	r24, 0
    651a:	03 c0       	rjmp	.+6      	; 0x6522 <main+0x316>
    651c:	8d 81       	ldd	r24, Y+5	; 0x05
    651e:	0e 94 94 44 	call	0x8928	; 0x8928 <Read_Temp_ADC121C021>
    6522:	ad 81       	ldd	r26, Y+5	; 0x05
    6524:	af 5f       	subi	r26, 0xFF	; 255
    6526:	ad 83       	std	Y+5, r26	; 0x05
    6528:	a8 30       	cpi	r26, 0x08	; 8
    652a:	08 f0       	brcs	.+2      	; 0x652e <main+0x322>
    652c:	1d 82       	std	Y+5, r1	; 0x05
    652e:	e1 2c       	mov	r14, r1
    6530:	f1 2c       	mov	r15, r1
    6532:	b1 2c       	mov	r11, r1
    6534:	80 91 69 15 	lds	r24, 0x1569	; 0x801569 <AI_HEAT_ADC_Present_Mask>
    6538:	90 e0       	ldi	r25, 0x00	; 0
    653a:	0e 2c       	mov	r0, r14
    653c:	02 c0       	rjmp	.+4      	; 0x6542 <main+0x336>
    653e:	95 95       	asr	r25
    6540:	87 95       	ror	r24
    6542:	0a 94       	dec	r0
    6544:	e2 f7       	brpl	.-8      	; 0x653e <main+0x332>
    6546:	80 ff       	sbrs	r24, 0
    6548:	4f c0       	rjmp	.+158    	; 0x65e8 <main+0x3dc>
    654a:	80 91 2a 14 	lds	r24, 0x142A	; 0x80142a <SysStatus_B>
    654e:	67 01       	movw	r12, r14
    6550:	cc 0c       	add	r12, r12
    6552:	dd 1c       	adc	r13, r13
    6554:	cc 0c       	add	r12, r12
    6556:	dd 1c       	adc	r13, r13
    6558:	f6 01       	movw	r30, r12
    655a:	e6 59       	subi	r30, 0x96	; 150
    655c:	fa 4e       	sbci	r31, 0xEA	; 234
    655e:	84 ff       	sbrs	r24, 4
    6560:	17 c0       	rjmp	.+46     	; 0x6590 <main+0x384>
    6562:	40 80       	ld	r4, Z
    6564:	51 80       	ldd	r5, Z+1	; 0x01
    6566:	62 80       	ldd	r6, Z+2	; 0x02
    6568:	73 80       	ldd	r7, Z+3	; 0x03
    656a:	60 91 22 14 	lds	r22, 0x1422	; 0x801422 <TEMP_MAX_Heat_NTC>
    656e:	70 91 23 14 	lds	r23, 0x1423	; 0x801423 <TEMP_MAX_Heat_NTC+0x1>
    6572:	80 91 24 14 	lds	r24, 0x1424	; 0x801424 <TEMP_MAX_Heat_NTC+0x2>
    6576:	90 91 25 14 	lds	r25, 0x1425	; 0x801425 <TEMP_MAX_Heat_NTC+0x3>
    657a:	20 e0       	ldi	r18, 0x00	; 0
    657c:	30 e0       	ldi	r19, 0x00	; 0
    657e:	40 ea       	ldi	r20, 0xA0	; 160
    6580:	50 e4       	ldi	r21, 0x40	; 64
    6582:	0e 94 9e 46 	call	0x8d3c	; 0x8d3c <__subsf3>
    6586:	9b 01       	movw	r18, r22
    6588:	ac 01       	movw	r20, r24
    658a:	c3 01       	movw	r24, r6
    658c:	b2 01       	movw	r22, r4
    658e:	0c c0       	rjmp	.+24     	; 0x65a8 <main+0x39c>
    6590:	60 81       	ld	r22, Z
    6592:	71 81       	ldd	r23, Z+1	; 0x01
    6594:	82 81       	ldd	r24, Z+2	; 0x02
    6596:	93 81       	ldd	r25, Z+3	; 0x03
    6598:	20 91 22 14 	lds	r18, 0x1422	; 0x801422 <TEMP_MAX_Heat_NTC>
    659c:	30 91 23 14 	lds	r19, 0x1423	; 0x801423 <TEMP_MAX_Heat_NTC+0x1>
    65a0:	40 91 24 14 	lds	r20, 0x1424	; 0x801424 <TEMP_MAX_Heat_NTC+0x2>
    65a4:	50 91 25 14 	lds	r21, 0x1425	; 0x801425 <TEMP_MAX_Heat_NTC+0x3>
    65a8:	0e 94 a8 48 	call	0x9150	; 0x9150 <__gesf2>
    65ac:	87 fd       	sbrc	r24, 7
    65ae:	02 c0       	rjmp	.+4      	; 0x65b4 <main+0x3a8>
    65b0:	bb 24       	eor	r11, r11
    65b2:	b3 94       	inc	r11
    65b4:	f6 01       	movw	r30, r12
    65b6:	e6 59       	subi	r30, 0x96	; 150
    65b8:	fa 4e       	sbci	r31, 0xEA	; 234
    65ba:	60 81       	ld	r22, Z
    65bc:	71 81       	ldd	r23, Z+1	; 0x01
    65be:	82 81       	ldd	r24, Z+2	; 0x02
    65c0:	93 81       	ldd	r25, Z+3	; 0x03
    65c2:	20 e0       	ldi	r18, 0x00	; 0
    65c4:	30 e0       	ldi	r19, 0x00	; 0
    65c6:	40 e2       	ldi	r20, 0x20	; 32
    65c8:	51 ec       	ldi	r21, 0xC1	; 193
    65ca:	0e 94 03 47 	call	0x8e06	; 0x8e06 <__cmpsf2>
    65ce:	18 16       	cp	r1, r24
    65d0:	5c f0       	brlt	.+22     	; 0x65e8 <main+0x3dc>
    65d2:	20 91 68 15 	lds	r18, 0x1568	; 0x801568 <AI_HEAT_ADC_Fault_Mask>
    65d6:	c8 01       	movw	r24, r16
    65d8:	0e 2c       	mov	r0, r14
    65da:	01 c0       	rjmp	.+2      	; 0x65de <main+0x3d2>
    65dc:	88 0f       	add	r24, r24
    65de:	0a 94       	dec	r0
    65e0:	ea f7       	brpl	.-6      	; 0x65dc <main+0x3d0>
    65e2:	82 2b       	or	r24, r18
    65e4:	80 93 68 15 	sts	0x1568, r24	; 0x801568 <AI_HEAT_ADC_Fault_Mask>
    65e8:	bf ef       	ldi	r27, 0xFF	; 255
    65ea:	eb 1a       	sub	r14, r27
    65ec:	fb 0a       	sbc	r15, r27
    65ee:	28 e0       	ldi	r18, 0x08	; 8
    65f0:	e2 16       	cp	r14, r18
    65f2:	f1 04       	cpc	r15, r1
    65f4:	09 f0       	breq	.+2      	; 0x65f8 <main+0x3ec>
    65f6:	9e cf       	rjmp	.-196    	; 0x6534 <main+0x328>
    65f8:	80 91 2a 14 	lds	r24, 0x142A	; 0x80142a <SysStatus_B>
    65fc:	bb 20       	and	r11, r11
    65fe:	11 f0       	breq	.+4      	; 0x6604 <main+0x3f8>
    6600:	80 61       	ori	r24, 0x10	; 16
    6602:	01 c0       	rjmp	.+2      	; 0x6606 <main+0x3fa>
    6604:	8f 7e       	andi	r24, 0xEF	; 239
    6606:	80 93 2a 14 	sts	0x142A, r24	; 0x80142a <SysStatus_B>
    660a:	05 99       	sbic	0x00, 5	; 0
    660c:	04 c0       	rjmp	.+8      	; 0x6616 <main+0x40a>
    660e:	80 91 2a 14 	lds	r24, 0x142A	; 0x80142a <SysStatus_B>
    6612:	80 62       	ori	r24, 0x20	; 32
    6614:	03 c0       	rjmp	.+6      	; 0x661c <main+0x410>
    6616:	80 91 2a 14 	lds	r24, 0x142A	; 0x80142a <SysStatus_B>
    661a:	8f 7d       	andi	r24, 0xDF	; 223
    661c:	80 93 2a 14 	sts	0x142A, r24	; 0x80142a <SysStatus_B>
    6620:	20 e0       	ldi	r18, 0x00	; 0
    6622:	30 e0       	ldi	r19, 0x00	; 0
    6624:	40 e0       	ldi	r20, 0x00	; 0
    6626:	80 91 69 15 	lds	r24, 0x1569	; 0x801569 <AI_HEAT_ADC_Present_Mask>
    662a:	90 e0       	ldi	r25, 0x00	; 0
    662c:	02 2e       	mov	r0, r18
    662e:	02 c0       	rjmp	.+4      	; 0x6634 <main+0x428>
    6630:	95 95       	asr	r25
    6632:	87 95       	ror	r24
    6634:	0a 94       	dec	r0
    6636:	e2 f7       	brpl	.-8      	; 0x6630 <main+0x424>
    6638:	80 fd       	sbrc	r24, 0
    663a:	4f 5f       	subi	r20, 0xFF	; 255
    663c:	2f 5f       	subi	r18, 0xFF	; 255
    663e:	3f 4f       	sbci	r19, 0xFF	; 255
    6640:	28 30       	cpi	r18, 0x08	; 8
    6642:	31 05       	cpc	r19, r1
    6644:	81 f7       	brne	.-32     	; 0x6626 <main+0x41a>
    6646:	80 91 34 14 	lds	r24, 0x1434	; 0x801434 <TEMP_Heat_dissipation_devices>
    664a:	48 17       	cp	r20, r24
    664c:	20 f0       	brcs	.+8      	; 0x6656 <main+0x44a>
    664e:	80 91 68 15 	lds	r24, 0x1568	; 0x801568 <AI_HEAT_ADC_Fault_Mask>
    6652:	88 23       	and	r24, r24
    6654:	21 f0       	breq	.+8      	; 0x665e <main+0x452>
    6656:	80 91 2a 14 	lds	r24, 0x142A	; 0x80142a <SysStatus_B>
    665a:	80 64       	ori	r24, 0x40	; 64
    665c:	03 c0       	rjmp	.+6      	; 0x6664 <main+0x458>
    665e:	80 91 2a 14 	lds	r24, 0x142A	; 0x80142a <SysStatus_B>
    6662:	8f 7b       	andi	r24, 0xBF	; 191
    6664:	80 93 2a 14 	sts	0x142A, r24	; 0x80142a <SysStatus_B>
    6668:	17 c0       	rjmp	.+46     	; 0x6698 <main+0x48c>
    666a:	80 91 2d 14 	lds	r24, 0x142D	; 0x80142d <SysConfig>
    666e:	82 fd       	sbrc	r24, 2
    6670:	13 c0       	rjmp	.+38     	; 0x6698 <main+0x48c>
    6672:	80 91 2a 14 	lds	r24, 0x142A	; 0x80142a <SysStatus_B>
    6676:	8f 7e       	andi	r24, 0xEF	; 239
    6678:	80 93 2a 14 	sts	0x142A, r24	; 0x80142a <SysStatus_B>
    667c:	80 91 2a 14 	lds	r24, 0x142A	; 0x80142a <SysStatus_B>
    6680:	8f 7d       	andi	r24, 0xDF	; 223
    6682:	80 93 2a 14 	sts	0x142A, r24	; 0x80142a <SysStatus_B>
    6686:	80 91 2a 14 	lds	r24, 0x142A	; 0x80142a <SysStatus_B>
    668a:	8f 7b       	andi	r24, 0xBF	; 191
    668c:	80 93 2a 14 	sts	0x142A, r24	; 0x80142a <SysStatus_B>
    6690:	10 92 69 15 	sts	0x1569, r1	; 0x801569 <AI_HEAT_ADC_Present_Mask>
    6694:	10 92 68 15 	sts	0x1568, r1	; 0x801568 <AI_HEAT_ADC_Fault_Mask>
    6698:	8e 81       	ldd	r24, Y+6	; 0x06
    669a:	83 25       	eor	r24, r3
    669c:	8e 83       	std	Y+6, r24	; 0x06
    669e:	80 91 31 14 	lds	r24, 0x1431	; 0x801431 <Timer_CTR>
    66a2:	87 7f       	andi	r24, 0xF7	; 247
    66a4:	80 93 31 14 	sts	0x1431, r24	; 0x801431 <Timer_CTR>
    66a8:	80 91 31 14 	lds	r24, 0x1431	; 0x801431 <Timer_CTR>
    66ac:	8e 7f       	andi	r24, 0xFE	; 254
    66ae:	80 93 31 14 	sts	0x1431, r24	; 0x801431 <Timer_CTR>
    66b2:	80 91 29 14 	lds	r24, 0x1429	; 0x801429 <UartStatus>
    66b6:	86 fd       	sbrc	r24, 6
    66b8:	0e 94 47 0c 	call	0x188e	; 0x188e <UART_Transfer_IV>
    66bc:	a8 95       	wdr
    66be:	8c ce       	rjmp	.-744    	; 0x63d8 <main+0x1cc>

000066c0 <__vector_20>:
    66c0:	1f 92       	push	r1
    66c2:	0f 92       	push	r0
    66c4:	0f b6       	in	r0, 0x3f	; 63
    66c6:	0f 92       	push	r0
    66c8:	11 24       	eor	r1, r1
    66ca:	0b b6       	in	r0, 0x3b	; 59
    66cc:	0f 92       	push	r0
    66ce:	2f 93       	push	r18
    66d0:	3f 93       	push	r19
    66d2:	4f 93       	push	r20
    66d4:	5f 93       	push	r21
    66d6:	8f 93       	push	r24
    66d8:	9f 93       	push	r25
    66da:	af 93       	push	r26
    66dc:	bf 93       	push	r27
    66de:	ef 93       	push	r30
    66e0:	ff 93       	push	r31
    66e2:	3f b7       	in	r19, 0x3f	; 63
    66e4:	80 91 c0 00 	lds	r24, 0x00C0	; 0x8000c0 <__TEXT_REGION_LENGTH__+0x7e00c0>
    66e8:	87 ff       	sbrs	r24, 7
    66ea:	fc cf       	rjmp	.-8      	; 0x66e4 <__vector_20+0x24>
    66ec:	80 91 c6 00 	lds	r24, 0x00C6	; 0x8000c6 <__TEXT_REGION_LENGTH__+0x7e00c6>
    66f0:	8a 30       	cpi	r24, 0x0A	; 10
    66f2:	29 f5       	brne	.+74     	; 0x673e <__vector_20+0x7e>
    66f4:	80 91 1b 0f 	lds	r24, 0x0F1B	; 0x800f1b <UART_In_Buff+0x1>
    66f8:	83 32       	cpi	r24, 0x23	; 35
    66fa:	91 f5       	brne	.+100    	; 0x6760 <__vector_20+0xa0>
    66fc:	90 91 1a 0f 	lds	r25, 0x0F1A	; 0x800f1a <UART_In_Buff>
    6700:	80 91 9f 0e 	lds	r24, 0x0E9F	; 0x800e9f <Com_ID>
    6704:	98 13       	cpse	r25, r24
    6706:	2c c0       	rjmp	.+88     	; 0x6760 <__vector_20+0xa0>
    6708:	80 91 94 0f 	lds	r24, 0x0F94	; 0x800f94 <UART_Comand_L>
    670c:	81 11       	cpse	r24, r1
    670e:	28 c0       	rjmp	.+80     	; 0x6760 <__vector_20+0xa0>
    6710:	20 e0       	ldi	r18, 0x00	; 0
    6712:	40 91 8b 10 	lds	r20, 0x108B	; 0x80108b <UART_In_Buff_L>
    6716:	82 2f       	mov	r24, r18
    6718:	90 e0       	ldi	r25, 0x00	; 0
    671a:	50 e0       	ldi	r21, 0x00	; 0
    671c:	fc 01       	movw	r30, r24
    671e:	e0 5f       	subi	r30, 0xF0	; 240
    6720:	ff 4e       	sbci	r31, 0xEF	; 239
    6722:	84 17       	cp	r24, r20
    6724:	95 07       	cpc	r25, r21
    6726:	3c f4       	brge	.+14     	; 0x6736 <__vector_20+0x76>
    6728:	dc 01       	movw	r26, r24
    672a:	a6 5e       	subi	r26, 0xE6	; 230
    672c:	b0 4f       	sbci	r27, 0xF0	; 240
    672e:	8c 91       	ld	r24, X
    6730:	80 83       	st	Z, r24
    6732:	2f 5f       	subi	r18, 0xFF	; 255
    6734:	ee cf       	rjmp	.-36     	; 0x6712 <__vector_20+0x52>
    6736:	10 82       	st	Z, r1
    6738:	20 93 94 0f 	sts	0x0F94, r18	; 0x800f94 <UART_Comand_L>
    673c:	11 c0       	rjmp	.+34     	; 0x6760 <__vector_20+0xa0>
    673e:	88 23       	and	r24, r24
    6740:	89 f0       	breq	.+34     	; 0x6764 <__vector_20+0xa4>
    6742:	e0 91 8b 10 	lds	r30, 0x108B	; 0x80108b <UART_In_Buff_L>
    6746:	f0 e0       	ldi	r31, 0x00	; 0
    6748:	e6 5e       	subi	r30, 0xE6	; 230
    674a:	f0 4f       	sbci	r31, 0xF0	; 240
    674c:	80 83       	st	Z, r24
    674e:	80 91 8b 10 	lds	r24, 0x108B	; 0x80108b <UART_In_Buff_L>
    6752:	8f 5f       	subi	r24, 0xFF	; 255
    6754:	80 93 8b 10 	sts	0x108B, r24	; 0x80108b <UART_In_Buff_L>
    6758:	80 91 8b 10 	lds	r24, 0x108B	; 0x80108b <UART_In_Buff_L>
    675c:	89 37       	cpi	r24, 0x79	; 121
    675e:	10 f0       	brcs	.+4      	; 0x6764 <__vector_20+0xa4>
    6760:	10 92 8b 10 	sts	0x108B, r1	; 0x80108b <UART_In_Buff_L>
    6764:	3f bf       	out	0x3f, r19	; 63
    6766:	ff 91       	pop	r31
    6768:	ef 91       	pop	r30
    676a:	bf 91       	pop	r27
    676c:	af 91       	pop	r26
    676e:	9f 91       	pop	r25
    6770:	8f 91       	pop	r24
    6772:	5f 91       	pop	r21
    6774:	4f 91       	pop	r20
    6776:	3f 91       	pop	r19
    6778:	2f 91       	pop	r18
    677a:	0f 90       	pop	r0
    677c:	0b be       	out	0x3b, r0	; 59
    677e:	0f 90       	pop	r0
    6780:	0f be       	out	0x3f, r0	; 63
    6782:	0f 90       	pop	r0
    6784:	1f 90       	pop	r1
    6786:	18 95       	reti

00006788 <__vector_22>:
    6788:	1f 92       	push	r1
    678a:	0f 92       	push	r0
    678c:	0f b6       	in	r0, 0x3f	; 63
    678e:	0f 92       	push	r0
    6790:	11 24       	eor	r1, r1
    6792:	0b b6       	in	r0, 0x3b	; 59
    6794:	0f 92       	push	r0
    6796:	2f 93       	push	r18
    6798:	8f 93       	push	r24
    679a:	9f 93       	push	r25
    679c:	ef 93       	push	r30
    679e:	ff 93       	push	r31
    67a0:	9f b7       	in	r25, 0x3f	; 63
    67a2:	20 91 95 0f 	lds	r18, 0x0F95	; 0x800f95 <UART_Reply_P>
    67a6:	80 91 9e 0e 	lds	r24, 0x0E9E	; 0x800e9e <UART_Reply_L>
    67aa:	28 17       	cp	r18, r24
    67ac:	58 f0       	brcs	.+22     	; 0x67c4 <__vector_22+0x3c>
    67ae:	80 91 c1 00 	lds	r24, 0x00C1	; 0x8000c1 <__TEXT_REGION_LENGTH__+0x7e00c1>
    67b2:	8f 7b       	andi	r24, 0xBF	; 191
    67b4:	80 93 c1 00 	sts	0x00C1, r24	; 0x8000c1 <__TEXT_REGION_LENGTH__+0x7e00c1>
    67b8:	5a 98       	cbi	0x0b, 2	; 11
    67ba:	10 92 9e 0e 	sts	0x0E9E, r1	; 0x800e9e <UART_Reply_L>
    67be:	10 92 95 0f 	sts	0x0F95, r1	; 0x800f95 <UART_Reply_P>
    67c2:	0d c0       	rjmp	.+26     	; 0x67de <__vector_22+0x56>
    67c4:	e0 91 95 0f 	lds	r30, 0x0F95	; 0x800f95 <UART_Reply_P>
    67c8:	f0 e0       	ldi	r31, 0x00	; 0
    67ca:	ea 56       	subi	r30, 0x6A	; 106
    67cc:	f0 4f       	sbci	r31, 0xF0	; 240
    67ce:	80 81       	ld	r24, Z
    67d0:	80 93 c6 00 	sts	0x00C6, r24	; 0x8000c6 <__TEXT_REGION_LENGTH__+0x7e00c6>
    67d4:	80 91 95 0f 	lds	r24, 0x0F95	; 0x800f95 <UART_Reply_P>
    67d8:	8f 5f       	subi	r24, 0xFF	; 255
    67da:	80 93 95 0f 	sts	0x0F95, r24	; 0x800f95 <UART_Reply_P>
    67de:	9f bf       	out	0x3f, r25	; 63
    67e0:	ff 91       	pop	r31
    67e2:	ef 91       	pop	r30
    67e4:	9f 91       	pop	r25
    67e6:	8f 91       	pop	r24
    67e8:	2f 91       	pop	r18
    67ea:	0f 90       	pop	r0
    67ec:	0b be       	out	0x3b, r0	; 59
    67ee:	0f 90       	pop	r0
    67f0:	0f be       	out	0x3f, r0	; 63
    67f2:	0f 90       	pop	r0
    67f4:	1f 90       	pop	r1
    67f6:	18 95       	reti

000067f8 <__vector_13>:
    67f8:	1f 92       	push	r1
    67fa:	0f 92       	push	r0
    67fc:	0f b6       	in	r0, 0x3f	; 63
    67fe:	0f 92       	push	r0
    6800:	11 24       	eor	r1, r1
    6802:	2f 93       	push	r18
    6804:	4f 93       	push	r20
    6806:	5f 93       	push	r21
    6808:	8f 93       	push	r24
    680a:	9f 93       	push	r25
    680c:	2f b7       	in	r18, 0x3f	; 63
    680e:	80 91 31 14 	lds	r24, 0x1431	; 0x801431 <Timer_CTR>
    6812:	80 ff       	sbrs	r24, 0
    6814:	05 c0       	rjmp	.+10     	; 0x6820 <__vector_13+0x28>
    6816:	80 91 2a 14 	lds	r24, 0x142A	; 0x80142a <SysStatus_B>
    681a:	81 60       	ori	r24, 0x01	; 1
    681c:	80 93 2a 14 	sts	0x142A, r24	; 0x80142a <SysStatus_B>
    6820:	80 91 31 14 	lds	r24, 0x1431	; 0x801431 <Timer_CTR>
    6824:	81 60       	ori	r24, 0x01	; 1
    6826:	80 93 31 14 	sts	0x1431, r24	; 0x801431 <Timer_CTR>
    682a:	80 91 33 14 	lds	r24, 0x1433	; 0x801433 <Timer_Control_Counter>
    682e:	8f 5f       	subi	r24, 0xFF	; 255
    6830:	80 93 33 14 	sts	0x1433, r24	; 0x801433 <Timer_Control_Counter>
    6834:	90 91 33 14 	lds	r25, 0x1433	; 0x801433 <Timer_Control_Counter>
    6838:	80 91 30 14 	lds	r24, 0x1430	; 0x801430 <Timer_Control_Match>
    683c:	98 13       	cpse	r25, r24
    683e:	07 c0       	rjmp	.+14     	; 0x684e <__vector_13+0x56>
    6840:	80 91 31 14 	lds	r24, 0x1431	; 0x801431 <Timer_CTR>
    6844:	82 60       	ori	r24, 0x02	; 2
    6846:	80 93 31 14 	sts	0x1431, r24	; 0x801431 <Timer_CTR>
    684a:	10 92 33 14 	sts	0x1433, r1	; 0x801433 <Timer_Control_Counter>
    684e:	80 91 27 14 	lds	r24, 0x1427	; 0x801427 <Timer_Temp_Meas_Counter>
    6852:	90 91 28 14 	lds	r25, 0x1428	; 0x801428 <Timer_Temp_Meas_Counter+0x1>
    6856:	01 96       	adiw	r24, 0x01	; 1
    6858:	90 93 28 14 	sts	0x1428, r25	; 0x801428 <Timer_Temp_Meas_Counter+0x1>
    685c:	80 93 27 14 	sts	0x1427, r24	; 0x801427 <Timer_Temp_Meas_Counter>
    6860:	80 91 2e 14 	lds	r24, 0x142E	; 0x80142e <Timer_Temp_Meas_Match>
    6864:	40 91 27 14 	lds	r20, 0x1427	; 0x801427 <Timer_Temp_Meas_Counter>
    6868:	50 91 28 14 	lds	r21, 0x1428	; 0x801428 <Timer_Temp_Meas_Counter+0x1>
    686c:	90 e0       	ldi	r25, 0x00	; 0
    686e:	84 17       	cp	r24, r20
    6870:	95 07       	cpc	r25, r21
    6872:	49 f4       	brne	.+18     	; 0x6886 <__vector_13+0x8e>
    6874:	80 91 31 14 	lds	r24, 0x1431	; 0x801431 <Timer_CTR>
    6878:	88 60       	ori	r24, 0x08	; 8
    687a:	80 93 31 14 	sts	0x1431, r24	; 0x801431 <Timer_CTR>
    687e:	10 92 28 14 	sts	0x1428, r1	; 0x801428 <Timer_Temp_Meas_Counter+0x1>
    6882:	10 92 27 14 	sts	0x1427, r1	; 0x801427 <Timer_Temp_Meas_Counter>
    6886:	2f bf       	out	0x3f, r18	; 63
    6888:	9f 91       	pop	r25
    688a:	8f 91       	pop	r24
    688c:	5f 91       	pop	r21
    688e:	4f 91       	pop	r20
    6890:	2f 91       	pop	r18
    6892:	0f 90       	pop	r0
    6894:	0f be       	out	0x3f, r0	; 63
    6896:	0f 90       	pop	r0
    6898:	1f 90       	pop	r1
    689a:	18 95       	reti

0000689c <Process_Operating_Temperature_State>:
    689c:	80 91 26 14 	lds	r24, 0x1426	; 0x801426 <SysStatus_A>
    68a0:	86 ff       	sbrs	r24, 6
    68a2:	2d c0       	rjmp	.+90     	; 0x68fe <Process_Operating_Temperature_State+0x62>
    68a4:	60 91 a7 10 	lds	r22, 0x10A7	; 0x8010a7 <AI_NTC_Temp_1>
    68a8:	70 91 a8 10 	lds	r23, 0x10A8	; 0x8010a8 <AI_NTC_Temp_1+0x1>
    68ac:	80 91 a9 10 	lds	r24, 0x10A9	; 0x8010a9 <AI_NTC_Temp_1+0x2>
    68b0:	90 91 aa 10 	lds	r25, 0x10AA	; 0x8010aa <AI_NTC_Temp_1+0x3>
    68b4:	20 91 6a 14 	lds	r18, 0x146A	; 0x80146a <Temp_NTC1_MIN_ReCon>
    68b8:	30 91 6b 14 	lds	r19, 0x146B	; 0x80146b <Temp_NTC1_MIN_ReCon+0x1>
    68bc:	40 91 6c 14 	lds	r20, 0x146C	; 0x80146c <Temp_NTC1_MIN_ReCon+0x2>
    68c0:	50 91 6d 14 	lds	r21, 0x146D	; 0x80146d <Temp_NTC1_MIN_ReCon+0x3>
    68c4:	0e 94 a8 48 	call	0x9150	; 0x9150 <__gesf2>
    68c8:	18 16       	cp	r1, r24
    68ca:	0c f0       	brlt	.+2      	; 0x68ce <Process_Operating_Temperature_State+0x32>
    68cc:	45 c0       	rjmp	.+138    	; 0x6958 <Process_Operating_Temperature_State+0xbc>
    68ce:	60 91 a7 10 	lds	r22, 0x10A7	; 0x8010a7 <AI_NTC_Temp_1>
    68d2:	70 91 a8 10 	lds	r23, 0x10A8	; 0x8010a8 <AI_NTC_Temp_1+0x1>
    68d6:	80 91 a9 10 	lds	r24, 0x10A9	; 0x8010a9 <AI_NTC_Temp_1+0x2>
    68da:	90 91 aa 10 	lds	r25, 0x10AA	; 0x8010aa <AI_NTC_Temp_1+0x3>
    68de:	20 91 76 14 	lds	r18, 0x1476	; 0x801476 <Temp_NTC1_MAX_ReCon>
    68e2:	30 91 77 14 	lds	r19, 0x1477	; 0x801477 <Temp_NTC1_MAX_ReCon+0x1>
    68e6:	40 91 78 14 	lds	r20, 0x1478	; 0x801478 <Temp_NTC1_MAX_ReCon+0x2>
    68ea:	50 91 79 14 	lds	r21, 0x1479	; 0x801479 <Temp_NTC1_MAX_ReCon+0x3>
    68ee:	0e 94 03 47 	call	0x8e06	; 0x8e06 <__cmpsf2>
    68f2:	87 ff       	sbrs	r24, 7
    68f4:	31 c0       	rjmp	.+98     	; 0x6958 <Process_Operating_Temperature_State+0xbc>
    68f6:	80 91 26 14 	lds	r24, 0x1426	; 0x801426 <SysStatus_A>
    68fa:	8f 7b       	andi	r24, 0xBF	; 191
    68fc:	2b c0       	rjmp	.+86     	; 0x6954 <Process_Operating_Temperature_State+0xb8>
    68fe:	60 91 a7 10 	lds	r22, 0x10A7	; 0x8010a7 <AI_NTC_Temp_1>
    6902:	70 91 a8 10 	lds	r23, 0x10A8	; 0x8010a8 <AI_NTC_Temp_1+0x1>
    6906:	80 91 a9 10 	lds	r24, 0x10A9	; 0x8010a9 <AI_NTC_Temp_1+0x2>
    690a:	90 91 aa 10 	lds	r25, 0x10AA	; 0x8010aa <AI_NTC_Temp_1+0x3>
    690e:	20 91 a3 14 	lds	r18, 0x14A3	; 0x8014a3 <Temp_NTC1_MIN_DisCon>
    6912:	30 91 a4 14 	lds	r19, 0x14A4	; 0x8014a4 <Temp_NTC1_MIN_DisCon+0x1>
    6916:	40 91 a5 14 	lds	r20, 0x14A5	; 0x8014a5 <Temp_NTC1_MIN_DisCon+0x2>
    691a:	50 91 a6 14 	lds	r21, 0x14A6	; 0x8014a6 <Temp_NTC1_MIN_DisCon+0x3>
    691e:	0e 94 03 47 	call	0x8e06	; 0x8e06 <__cmpsf2>
    6922:	87 fd       	sbrc	r24, 7
    6924:	14 c0       	rjmp	.+40     	; 0x694e <Process_Operating_Temperature_State+0xb2>
    6926:	60 91 a7 10 	lds	r22, 0x10A7	; 0x8010a7 <AI_NTC_Temp_1>
    692a:	70 91 a8 10 	lds	r23, 0x10A8	; 0x8010a8 <AI_NTC_Temp_1+0x1>
    692e:	80 91 a9 10 	lds	r24, 0x10A9	; 0x8010a9 <AI_NTC_Temp_1+0x2>
    6932:	90 91 aa 10 	lds	r25, 0x10AA	; 0x8010aa <AI_NTC_Temp_1+0x3>
    6936:	20 91 61 14 	lds	r18, 0x1461	; 0x801461 <Temp_NTC1_MAX_DisCon>
    693a:	30 91 62 14 	lds	r19, 0x1462	; 0x801462 <Temp_NTC1_MAX_DisCon+0x1>
    693e:	40 91 63 14 	lds	r20, 0x1463	; 0x801463 <Temp_NTC1_MAX_DisCon+0x2>
    6942:	50 91 64 14 	lds	r21, 0x1464	; 0x801464 <Temp_NTC1_MAX_DisCon+0x3>
    6946:	0e 94 a8 48 	call	0x9150	; 0x9150 <__gesf2>
    694a:	18 16       	cp	r1, r24
    694c:	2c f4       	brge	.+10     	; 0x6958 <Process_Operating_Temperature_State+0xbc>
    694e:	80 91 26 14 	lds	r24, 0x1426	; 0x801426 <SysStatus_A>
    6952:	80 64       	ori	r24, 0x40	; 64
    6954:	80 93 26 14 	sts	0x1426, r24	; 0x801426 <SysStatus_A>
    6958:	80 91 26 14 	lds	r24, 0x1426	; 0x801426 <SysStatus_A>
    695c:	87 ff       	sbrs	r24, 7
    695e:	2d c0       	rjmp	.+90     	; 0x69ba <Process_Operating_Temperature_State+0x11e>
    6960:	60 91 15 14 	lds	r22, 0x1415	; 0x801415 <AI_NTC_Temp_2>
    6964:	70 91 16 14 	lds	r23, 0x1416	; 0x801416 <AI_NTC_Temp_2+0x1>
    6968:	80 91 17 14 	lds	r24, 0x1417	; 0x801417 <AI_NTC_Temp_2+0x2>
    696c:	90 91 18 14 	lds	r25, 0x1418	; 0x801418 <AI_NTC_Temp_2+0x3>
    6970:	20 91 d0 14 	lds	r18, 0x14D0	; 0x8014d0 <Temp_NTC2_MIN_ReCon>
    6974:	30 91 d1 14 	lds	r19, 0x14D1	; 0x8014d1 <Temp_NTC2_MIN_ReCon+0x1>
    6978:	40 91 d2 14 	lds	r20, 0x14D2	; 0x8014d2 <Temp_NTC2_MIN_ReCon+0x2>
    697c:	50 91 d3 14 	lds	r21, 0x14D3	; 0x8014d3 <Temp_NTC2_MIN_ReCon+0x3>
    6980:	0e 94 a8 48 	call	0x9150	; 0x9150 <__gesf2>
    6984:	18 16       	cp	r1, r24
    6986:	0c f0       	brlt	.+2      	; 0x698a <Process_Operating_Temperature_State+0xee>
    6988:	45 c0       	rjmp	.+138    	; 0x6a14 <Process_Operating_Temperature_State+0x178>
    698a:	60 91 15 14 	lds	r22, 0x1415	; 0x801415 <AI_NTC_Temp_2>
    698e:	70 91 16 14 	lds	r23, 0x1416	; 0x801416 <AI_NTC_Temp_2+0x1>
    6992:	80 91 17 14 	lds	r24, 0x1417	; 0x801417 <AI_NTC_Temp_2+0x2>
    6996:	90 91 18 14 	lds	r25, 0x1418	; 0x801418 <AI_NTC_Temp_2+0x3>
    699a:	20 91 9f 14 	lds	r18, 0x149F	; 0x80149f <Temp_NTC2_MAX_ReCon>
    699e:	30 91 a0 14 	lds	r19, 0x14A0	; 0x8014a0 <Temp_NTC2_MAX_ReCon+0x1>
    69a2:	40 91 a1 14 	lds	r20, 0x14A1	; 0x8014a1 <Temp_NTC2_MAX_ReCon+0x2>
    69a6:	50 91 a2 14 	lds	r21, 0x14A2	; 0x8014a2 <Temp_NTC2_MAX_ReCon+0x3>
    69aa:	0e 94 03 47 	call	0x8e06	; 0x8e06 <__cmpsf2>
    69ae:	87 ff       	sbrs	r24, 7
    69b0:	31 c0       	rjmp	.+98     	; 0x6a14 <Process_Operating_Temperature_State+0x178>
    69b2:	80 91 26 14 	lds	r24, 0x1426	; 0x801426 <SysStatus_A>
    69b6:	8f 77       	andi	r24, 0x7F	; 127
    69b8:	2b c0       	rjmp	.+86     	; 0x6a10 <Process_Operating_Temperature_State+0x174>
    69ba:	60 91 15 14 	lds	r22, 0x1415	; 0x801415 <AI_NTC_Temp_2>
    69be:	70 91 16 14 	lds	r23, 0x1416	; 0x801416 <AI_NTC_Temp_2+0x1>
    69c2:	80 91 17 14 	lds	r24, 0x1417	; 0x801417 <AI_NTC_Temp_2+0x2>
    69c6:	90 91 18 14 	lds	r25, 0x1418	; 0x801418 <AI_NTC_Temp_2+0x3>
    69ca:	20 91 93 14 	lds	r18, 0x1493	; 0x801493 <Temp_NTC2_MIN_DisCon>
    69ce:	30 91 94 14 	lds	r19, 0x1494	; 0x801494 <Temp_NTC2_MIN_DisCon+0x1>
    69d2:	40 91 95 14 	lds	r20, 0x1495	; 0x801495 <Temp_NTC2_MIN_DisCon+0x2>
    69d6:	50 91 96 14 	lds	r21, 0x1496	; 0x801496 <Temp_NTC2_MIN_DisCon+0x3>
    69da:	0e 94 03 47 	call	0x8e06	; 0x8e06 <__cmpsf2>
    69de:	87 fd       	sbrc	r24, 7
    69e0:	14 c0       	rjmp	.+40     	; 0x6a0a <Process_Operating_Temperature_State+0x16e>
    69e2:	60 91 15 14 	lds	r22, 0x1415	; 0x801415 <AI_NTC_Temp_2>
    69e6:	70 91 16 14 	lds	r23, 0x1416	; 0x801416 <AI_NTC_Temp_2+0x1>
    69ea:	80 91 17 14 	lds	r24, 0x1417	; 0x801417 <AI_NTC_Temp_2+0x2>
    69ee:	90 91 18 14 	lds	r25, 0x1418	; 0x801418 <AI_NTC_Temp_2+0x3>
    69f2:	20 91 39 14 	lds	r18, 0x1439	; 0x801439 <Temp_NTC2_MAX_DisCon>
    69f6:	30 91 3a 14 	lds	r19, 0x143A	; 0x80143a <Temp_NTC2_MAX_DisCon+0x1>
    69fa:	40 91 3b 14 	lds	r20, 0x143B	; 0x80143b <Temp_NTC2_MAX_DisCon+0x2>
    69fe:	50 91 3c 14 	lds	r21, 0x143C	; 0x80143c <Temp_NTC2_MAX_DisCon+0x3>
    6a02:	0e 94 a8 48 	call	0x9150	; 0x9150 <__gesf2>
    6a06:	18 16       	cp	r1, r24
    6a08:	2c f4       	brge	.+10     	; 0x6a14 <Process_Operating_Temperature_State+0x178>
    6a0a:	80 91 26 14 	lds	r24, 0x1426	; 0x801426 <SysStatus_A>
    6a0e:	80 68       	ori	r24, 0x80	; 128
    6a10:	80 93 26 14 	sts	0x1426, r24	; 0x801426 <SysStatus_A>
    6a14:	08 95       	ret

00006a16 <Process_Bias_Voltage_State>:
    6a16:	60 91 11 14 	lds	r22, 0x1411	; 0x801411 <AI_Bias>
    6a1a:	70 91 12 14 	lds	r23, 0x1412	; 0x801412 <AI_Bias+0x1>
    6a1e:	80 91 13 14 	lds	r24, 0x1413	; 0x801413 <AI_Bias+0x2>
    6a22:	90 91 14 14 	lds	r25, 0x1414	; 0x801414 <AI_Bias+0x3>
    6a26:	20 91 ba 02 	lds	r18, 0x02BA	; 0x8002ba <BiasV_Range_Min>
    6a2a:	30 91 bb 02 	lds	r19, 0x02BB	; 0x8002bb <BiasV_Range_Min+0x1>
    6a2e:	40 91 bc 02 	lds	r20, 0x02BC	; 0x8002bc <BiasV_Range_Min+0x2>
    6a32:	50 91 bd 02 	lds	r21, 0x02BD	; 0x8002bd <BiasV_Range_Min+0x3>
    6a36:	0e 94 03 47 	call	0x8e06	; 0x8e06 <__cmpsf2>
    6a3a:	87 fd       	sbrc	r24, 7
    6a3c:	14 c0       	rjmp	.+40     	; 0x6a66 <Process_Bias_Voltage_State+0x50>
    6a3e:	60 91 11 14 	lds	r22, 0x1411	; 0x801411 <AI_Bias>
    6a42:	70 91 12 14 	lds	r23, 0x1412	; 0x801412 <AI_Bias+0x1>
    6a46:	80 91 13 14 	lds	r24, 0x1413	; 0x801413 <AI_Bias+0x2>
    6a4a:	90 91 14 14 	lds	r25, 0x1414	; 0x801414 <AI_Bias+0x3>
    6a4e:	20 91 aa 02 	lds	r18, 0x02AA	; 0x8002aa <__data_end>
    6a52:	30 91 ab 02 	lds	r19, 0x02AB	; 0x8002ab <__data_end+0x1>
    6a56:	40 91 ac 02 	lds	r20, 0x02AC	; 0x8002ac <__data_end+0x2>
    6a5a:	50 91 ad 02 	lds	r21, 0x02AD	; 0x8002ad <__data_end+0x3>
    6a5e:	0e 94 a8 48 	call	0x9150	; 0x9150 <__gesf2>
    6a62:	18 16       	cp	r1, r24
    6a64:	8c f4       	brge	.+34     	; 0x6a88 <Process_Bias_Voltage_State+0x72>
    6a66:	80 91 5a 14 	lds	r24, 0x145A	; 0x80145a <BiasV_Error_Delay_Counter>
    6a6a:	88 23       	and	r24, r24
    6a6c:	21 f0       	breq	.+8      	; 0x6a76 <Process_Bias_Voltage_State+0x60>
    6a6e:	80 91 5a 14 	lds	r24, 0x145A	; 0x80145a <BiasV_Error_Delay_Counter>
    6a72:	81 50       	subi	r24, 0x01	; 1
    6a74:	19 c0       	rjmp	.+50     	; 0x6aa8 <Process_Bias_Voltage_State+0x92>
    6a76:	80 91 26 14 	lds	r24, 0x1426	; 0x801426 <SysStatus_A>
    6a7a:	80 62       	ori	r24, 0x20	; 32
    6a7c:	80 93 26 14 	sts	0x1426, r24	; 0x801426 <SysStatus_A>
    6a80:	88 ec       	ldi	r24, 0xC8	; 200
    6a82:	80 93 b0 14 	sts	0x14B0, r24	; 0x8014b0 <BiasV_Error_Timout_Counter>
    6a86:	08 95       	ret
    6a88:	80 91 b0 14 	lds	r24, 0x14B0	; 0x8014b0 <BiasV_Error_Timout_Counter>
    6a8c:	88 23       	and	r24, r24
    6a8e:	31 f0       	breq	.+12     	; 0x6a9c <Process_Bias_Voltage_State+0x86>
    6a90:	80 91 b0 14 	lds	r24, 0x14B0	; 0x8014b0 <BiasV_Error_Timout_Counter>
    6a94:	81 50       	subi	r24, 0x01	; 1
    6a96:	80 93 b0 14 	sts	0x14B0, r24	; 0x8014b0 <BiasV_Error_Timout_Counter>
    6a9a:	05 c0       	rjmp	.+10     	; 0x6aa6 <Process_Bias_Voltage_State+0x90>
    6a9c:	80 91 26 14 	lds	r24, 0x1426	; 0x801426 <SysStatus_A>
    6aa0:	8f 7d       	andi	r24, 0xDF	; 223
    6aa2:	80 93 26 14 	sts	0x1426, r24	; 0x801426 <SysStatus_A>
    6aa6:	84 e1       	ldi	r24, 0x14	; 20
    6aa8:	80 93 5a 14 	sts	0x145A, r24	; 0x80145a <BiasV_Error_Delay_Counter>
    6aac:	08 95       	ret

00006aae <Process_Fan_Control>:
    6aae:	80 91 cb 14 	lds	r24, 0x14CB	; 0x8014cb <FAN_CTR_State>
    6ab2:	87 fd       	sbrc	r24, 7
    6ab4:	a7 c0       	rjmp	.+334    	; 0x6c04 <Process_Fan_Control+0x156>
    6ab6:	80 91 5b 14 	lds	r24, 0x145B	; 0x80145b <FAN_Switch_Counter>
    6aba:	90 91 5c 14 	lds	r25, 0x145C	; 0x80145c <FAN_Switch_Counter+0x1>
    6abe:	89 2b       	or	r24, r25
    6ac0:	49 f0       	breq	.+18     	; 0x6ad4 <Process_Fan_Control+0x26>
    6ac2:	80 91 5b 14 	lds	r24, 0x145B	; 0x80145b <FAN_Switch_Counter>
    6ac6:	90 91 5c 14 	lds	r25, 0x145C	; 0x80145c <FAN_Switch_Counter+0x1>
    6aca:	01 97       	sbiw	r24, 0x01	; 1
    6acc:	90 93 5c 14 	sts	0x145C, r25	; 0x80145c <FAN_Switch_Counter+0x1>
    6ad0:	80 93 5b 14 	sts	0x145B, r24	; 0x80145b <FAN_Switch_Counter>
    6ad4:	80 91 cb 14 	lds	r24, 0x14CB	; 0x8014cb <FAN_CTR_State>
    6ad8:	80 fd       	sbrc	r24, 0
    6ada:	49 c0       	rjmp	.+146    	; 0x6b6e <Process_Fan_Control+0xc0>
    6adc:	60 91 15 14 	lds	r22, 0x1415	; 0x801415 <AI_NTC_Temp_2>
    6ae0:	70 91 16 14 	lds	r23, 0x1416	; 0x801416 <AI_NTC_Temp_2+0x1>
    6ae4:	80 91 17 14 	lds	r24, 0x1417	; 0x801417 <AI_NTC_Temp_2+0x2>
    6ae8:	90 91 18 14 	lds	r25, 0x1418	; 0x801418 <AI_NTC_Temp_2+0x3>
    6aec:	20 91 72 14 	lds	r18, 0x1472	; 0x801472 <FAN_NTC2_T_On>
    6af0:	30 91 73 14 	lds	r19, 0x1473	; 0x801473 <FAN_NTC2_T_On+0x1>
    6af4:	40 91 74 14 	lds	r20, 0x1474	; 0x801474 <FAN_NTC2_T_On+0x2>
    6af8:	50 91 75 14 	lds	r21, 0x1475	; 0x801475 <FAN_NTC2_T_On+0x3>
    6afc:	0e 94 a8 48 	call	0x9150	; 0x9150 <__gesf2>
    6b00:	18 16       	cp	r1, r24
    6b02:	44 f1       	brlt	.+80     	; 0x6b54 <Process_Fan_Control+0xa6>
    6b04:	60 91 a7 10 	lds	r22, 0x10A7	; 0x8010a7 <AI_NTC_Temp_1>
    6b08:	70 91 a8 10 	lds	r23, 0x10A8	; 0x8010a8 <AI_NTC_Temp_1+0x1>
    6b0c:	80 91 a9 10 	lds	r24, 0x10A9	; 0x8010a9 <AI_NTC_Temp_1+0x2>
    6b10:	90 91 aa 10 	lds	r25, 0x10AA	; 0x8010aa <AI_NTC_Temp_1+0x3>
    6b14:	20 91 52 14 	lds	r18, 0x1452	; 0x801452 <FAN_NTC1_T_On>
    6b18:	30 91 53 14 	lds	r19, 0x1453	; 0x801453 <FAN_NTC1_T_On+0x1>
    6b1c:	40 91 54 14 	lds	r20, 0x1454	; 0x801454 <FAN_NTC1_T_On+0x2>
    6b20:	50 91 55 14 	lds	r21, 0x1455	; 0x801455 <FAN_NTC1_T_On+0x3>
    6b24:	0e 94 a8 48 	call	0x9150	; 0x9150 <__gesf2>
    6b28:	18 16       	cp	r1, r24
    6b2a:	a4 f0       	brlt	.+40     	; 0x6b54 <Process_Fan_Control+0xa6>
    6b2c:	60 91 d4 14 	lds	r22, 0x14D4	; 0x8014d4 <PV_Active_Load_Power>
    6b30:	70 91 d5 14 	lds	r23, 0x14D5	; 0x8014d5 <PV_Active_Load_Power+0x1>
    6b34:	80 91 d6 14 	lds	r24, 0x14D6	; 0x8014d6 <PV_Active_Load_Power+0x2>
    6b38:	90 91 d7 14 	lds	r25, 0x14D7	; 0x8014d7 <PV_Active_Load_Power+0x3>
    6b3c:	20 91 8a 14 	lds	r18, 0x148A	; 0x80148a <FAN_Power_On>
    6b40:	30 91 8b 14 	lds	r19, 0x148B	; 0x80148b <FAN_Power_On+0x1>
    6b44:	40 91 8c 14 	lds	r20, 0x148C	; 0x80148c <FAN_Power_On+0x2>
    6b48:	50 91 8d 14 	lds	r21, 0x148D	; 0x80148d <FAN_Power_On+0x3>
    6b4c:	0e 94 a8 48 	call	0x9150	; 0x9150 <__gesf2>
    6b50:	18 16       	cp	r1, r24
    6b52:	6c f4       	brge	.+26     	; 0x6b6e <Process_Fan_Control+0xc0>
    6b54:	80 91 cb 14 	lds	r24, 0x14CB	; 0x8014cb <FAN_CTR_State>
    6b58:	82 60       	ori	r24, 0x02	; 2
    6b5a:	80 93 cb 14 	sts	0x14CB, r24	; 0x8014cb <FAN_CTR_State>
    6b5e:	80 91 a7 14 	lds	r24, 0x14A7	; 0x8014a7 <FAN_Switch_Timer_Max>
    6b62:	90 91 a8 14 	lds	r25, 0x14A8	; 0x8014a8 <FAN_Switch_Timer_Max+0x1>
    6b66:	90 93 5c 14 	sts	0x145C, r25	; 0x80145c <FAN_Switch_Counter+0x1>
    6b6a:	80 93 5b 14 	sts	0x145B, r24	; 0x80145b <FAN_Switch_Counter>
    6b6e:	80 91 cb 14 	lds	r24, 0x14CB	; 0x8014cb <FAN_CTR_State>
    6b72:	80 ff       	sbrs	r24, 0
    6b74:	47 c0       	rjmp	.+142    	; 0x6c04 <Process_Fan_Control+0x156>
    6b76:	60 91 15 14 	lds	r22, 0x1415	; 0x801415 <AI_NTC_Temp_2>
    6b7a:	70 91 16 14 	lds	r23, 0x1416	; 0x801416 <AI_NTC_Temp_2+0x1>
    6b7e:	80 91 17 14 	lds	r24, 0x1417	; 0x801417 <AI_NTC_Temp_2+0x2>
    6b82:	90 91 18 14 	lds	r25, 0x1418	; 0x801418 <AI_NTC_Temp_2+0x3>
    6b86:	20 91 cc 14 	lds	r18, 0x14CC	; 0x8014cc <FAN_NTC2_T_Off>
    6b8a:	30 91 cd 14 	lds	r19, 0x14CD	; 0x8014cd <FAN_NTC2_T_Off+0x1>
    6b8e:	40 91 ce 14 	lds	r20, 0x14CE	; 0x8014ce <FAN_NTC2_T_Off+0x2>
    6b92:	50 91 cf 14 	lds	r21, 0x14CF	; 0x8014cf <FAN_NTC2_T_Off+0x3>
    6b96:	0e 94 03 47 	call	0x8e06	; 0x8e06 <__cmpsf2>
    6b9a:	87 ff       	sbrs	r24, 7
    6b9c:	33 c0       	rjmp	.+102    	; 0x6c04 <Process_Fan_Control+0x156>
    6b9e:	60 91 a7 10 	lds	r22, 0x10A7	; 0x8010a7 <AI_NTC_Temp_1>
    6ba2:	70 91 a8 10 	lds	r23, 0x10A8	; 0x8010a8 <AI_NTC_Temp_1+0x1>
    6ba6:	80 91 a9 10 	lds	r24, 0x10A9	; 0x8010a9 <AI_NTC_Temp_1+0x2>
    6baa:	90 91 aa 10 	lds	r25, 0x10AA	; 0x8010aa <AI_NTC_Temp_1+0x3>
    6bae:	20 91 82 14 	lds	r18, 0x1482	; 0x801482 <FAN_NTC1_T_Off>
    6bb2:	30 91 83 14 	lds	r19, 0x1483	; 0x801483 <FAN_NTC1_T_Off+0x1>
    6bb6:	40 91 84 14 	lds	r20, 0x1484	; 0x801484 <FAN_NTC1_T_Off+0x2>
    6bba:	50 91 85 14 	lds	r21, 0x1485	; 0x801485 <FAN_NTC1_T_Off+0x3>
    6bbe:	0e 94 03 47 	call	0x8e06	; 0x8e06 <__cmpsf2>
    6bc2:	87 ff       	sbrs	r24, 7
    6bc4:	1f c0       	rjmp	.+62     	; 0x6c04 <Process_Fan_Control+0x156>
    6bc6:	60 91 d4 14 	lds	r22, 0x14D4	; 0x8014d4 <PV_Active_Load_Power>
    6bca:	70 91 d5 14 	lds	r23, 0x14D5	; 0x8014d5 <PV_Active_Load_Power+0x1>
    6bce:	80 91 d6 14 	lds	r24, 0x14D6	; 0x8014d6 <PV_Active_Load_Power+0x2>
    6bd2:	90 91 d7 14 	lds	r25, 0x14D7	; 0x8014d7 <PV_Active_Load_Power+0x3>
    6bd6:	20 91 7a 14 	lds	r18, 0x147A	; 0x80147a <FAN_Power_Off>
    6bda:	30 91 7b 14 	lds	r19, 0x147B	; 0x80147b <FAN_Power_Off+0x1>
    6bde:	40 91 7c 14 	lds	r20, 0x147C	; 0x80147c <FAN_Power_Off+0x2>
    6be2:	50 91 7d 14 	lds	r21, 0x147D	; 0x80147d <FAN_Power_Off+0x3>
    6be6:	0e 94 03 47 	call	0x8e06	; 0x8e06 <__cmpsf2>
    6bea:	87 ff       	sbrs	r24, 7
    6bec:	0b c0       	rjmp	.+22     	; 0x6c04 <Process_Fan_Control+0x156>
    6bee:	80 91 5b 14 	lds	r24, 0x145B	; 0x80145b <FAN_Switch_Counter>
    6bf2:	90 91 5c 14 	lds	r25, 0x145C	; 0x80145c <FAN_Switch_Counter+0x1>
    6bf6:	89 2b       	or	r24, r25
    6bf8:	29 f4       	brne	.+10     	; 0x6c04 <Process_Fan_Control+0x156>
    6bfa:	80 91 cb 14 	lds	r24, 0x14CB	; 0x8014cb <FAN_CTR_State>
    6bfe:	8d 7f       	andi	r24, 0xFD	; 253
    6c00:	80 93 cb 14 	sts	0x14CB, r24	; 0x8014cb <FAN_CTR_State>
    6c04:	80 91 cb 14 	lds	r24, 0x14CB	; 0x8014cb <FAN_CTR_State>
    6c08:	81 ff       	sbrs	r24, 1
    6c0a:	04 c0       	rjmp	.+8      	; 0x6c14 <Process_Fan_Control+0x166>
    6c0c:	80 91 cb 14 	lds	r24, 0x14CB	; 0x8014cb <FAN_CTR_State>
    6c10:	80 ff       	sbrs	r24, 0
    6c12:	08 c0       	rjmp	.+16     	; 0x6c24 <Process_Fan_Control+0x176>
    6c14:	80 91 cb 14 	lds	r24, 0x14CB	; 0x8014cb <FAN_CTR_State>
    6c18:	81 fd       	sbrc	r24, 1
    6c1a:	1d c0       	rjmp	.+58     	; 0x6c56 <Process_Fan_Control+0x1a8>
    6c1c:	80 91 cb 14 	lds	r24, 0x14CB	; 0x8014cb <FAN_CTR_State>
    6c20:	80 ff       	sbrs	r24, 0
    6c22:	19 c0       	rjmp	.+50     	; 0x6c56 <Process_Fan_Control+0x1a8>
    6c24:	80 91 cb 14 	lds	r24, 0x14CB	; 0x8014cb <FAN_CTR_State>
    6c28:	81 ff       	sbrs	r24, 1
    6c2a:	06 c0       	rjmp	.+12     	; 0x6c38 <Process_Fan_Control+0x18a>
    6c2c:	16 98       	cbi	0x02, 6	; 2
    6c2e:	17 9a       	sbi	0x02, 7	; 2
    6c30:	80 91 cb 14 	lds	r24, 0x14CB	; 0x8014cb <FAN_CTR_State>
    6c34:	81 60       	ori	r24, 0x01	; 1
    6c36:	05 c0       	rjmp	.+10     	; 0x6c42 <Process_Fan_Control+0x194>
    6c38:	16 9a       	sbi	0x02, 6	; 2
    6c3a:	17 98       	cbi	0x02, 7	; 2
    6c3c:	80 91 cb 14 	lds	r24, 0x14CB	; 0x8014cb <FAN_CTR_State>
    6c40:	8e 7f       	andi	r24, 0xFE	; 254
    6c42:	80 93 cb 14 	sts	0x14CB, r24	; 0x8014cb <FAN_CTR_State>
    6c46:	8f e1       	ldi	r24, 0x1F	; 31
    6c48:	9e e4       	ldi	r25, 0x4E	; 78
    6c4a:	01 97       	sbiw	r24, 0x01	; 1
    6c4c:	f1 f7       	brne	.-4      	; 0x6c4a <Process_Fan_Control+0x19c>
    6c4e:	00 c0       	rjmp	.+0      	; 0x6c50 <Process_Fan_Control+0x1a2>
    6c50:	00 00       	nop
    6c52:	16 9a       	sbi	0x02, 6	; 2
    6c54:	17 9a       	sbi	0x02, 7	; 2
    6c56:	08 95       	ret

00006c58 <Reset_Fan_Control>:
    6c58:	10 92 5c 14 	sts	0x145C, r1	; 0x80145c <FAN_Switch_Counter+0x1>
    6c5c:	10 92 5b 14 	sts	0x145B, r1	; 0x80145b <FAN_Switch_Counter>
    6c60:	16 9a       	sbi	0x02, 6	; 2
    6c62:	17 98       	cbi	0x02, 7	; 2
    6c64:	80 91 cb 14 	lds	r24, 0x14CB	; 0x8014cb <FAN_CTR_State>
    6c68:	8e 7f       	andi	r24, 0xFE	; 254
    6c6a:	80 93 cb 14 	sts	0x14CB, r24	; 0x8014cb <FAN_CTR_State>
    6c6e:	8f e1       	ldi	r24, 0x1F	; 31
    6c70:	9e e4       	ldi	r25, 0x4E	; 78
    6c72:	01 97       	sbiw	r24, 0x01	; 1
    6c74:	f1 f7       	brne	.-4      	; 0x6c72 <Reset_Fan_Control+0x1a>
    6c76:	00 c0       	rjmp	.+0      	; 0x6c78 <Reset_Fan_Control+0x20>
    6c78:	00 00       	nop
    6c7a:	16 9a       	sbi	0x02, 6	; 2
    6c7c:	17 9a       	sbi	0x02, 7	; 2
    6c7e:	08 95       	ret

00006c80 <Check_if_Active_Errors_Output_Disabled>:
    6c80:	80 91 26 14 	lds	r24, 0x1426	; 0x801426 <SysStatus_A>
    6c84:	86 fd       	sbrc	r24, 6
    6c86:	16 c0       	rjmp	.+44     	; 0x6cb4 <Check_if_Active_Errors_Output_Disabled+0x34>
    6c88:	80 91 26 14 	lds	r24, 0x1426	; 0x801426 <SysStatus_A>
    6c8c:	87 fd       	sbrc	r24, 7
    6c8e:	12 c0       	rjmp	.+36     	; 0x6cb4 <Check_if_Active_Errors_Output_Disabled+0x34>
    6c90:	80 91 26 14 	lds	r24, 0x1426	; 0x801426 <SysStatus_A>
    6c94:	85 fd       	sbrc	r24, 5
    6c96:	0e c0       	rjmp	.+28     	; 0x6cb4 <Check_if_Active_Errors_Output_Disabled+0x34>
    6c98:	80 91 2a 14 	lds	r24, 0x142A	; 0x80142a <SysStatus_B>
    6c9c:	84 fd       	sbrc	r24, 4
    6c9e:	0a c0       	rjmp	.+20     	; 0x6cb4 <Check_if_Active_Errors_Output_Disabled+0x34>
    6ca0:	80 91 2a 14 	lds	r24, 0x142A	; 0x80142a <SysStatus_B>
    6ca4:	85 fd       	sbrc	r24, 5
    6ca6:	06 c0       	rjmp	.+12     	; 0x6cb4 <Check_if_Active_Errors_Output_Disabled+0x34>
    6ca8:	80 91 2a 14 	lds	r24, 0x142A	; 0x80142a <SysStatus_B>
    6cac:	86 fb       	bst	r24, 6
    6cae:	88 27       	eor	r24, r24
    6cb0:	80 f9       	bld	r24, 0
    6cb2:	08 95       	ret
    6cb4:	81 e0       	ldi	r24, 0x01	; 1
    6cb6:	08 95       	ret

00006cb8 <Process_Error_LED_State>:
    6cb8:	e3 df       	rcall	.-58     	; 0x6c80 <Check_if_Active_Errors_Output_Disabled>
    6cba:	81 11       	cpse	r24, r1
    6cbc:	0c c0       	rjmp	.+24     	; 0x6cd6 <Process_Error_LED_State+0x1e>
    6cbe:	80 91 26 14 	lds	r24, 0x1426	; 0x801426 <SysStatus_A>
    6cc2:	84 fd       	sbrc	r24, 4
    6cc4:	08 c0       	rjmp	.+16     	; 0x6cd6 <Process_Error_LED_State+0x1e>
    6cc6:	80 91 26 14 	lds	r24, 0x1426	; 0x801426 <SysStatus_A>
    6cca:	82 fd       	sbrc	r24, 2
    6ccc:	04 c0       	rjmp	.+8      	; 0x6cd6 <Process_Error_LED_State+0x1e>
    6cce:	80 91 26 14 	lds	r24, 0x1426	; 0x801426 <SysStatus_A>
    6cd2:	83 ff       	sbrs	r24, 3
    6cd4:	02 c0       	rjmp	.+4      	; 0x6cda <Process_Error_LED_State+0x22>
    6cd6:	5f 9a       	sbi	0x0b, 7	; 11
    6cd8:	08 95       	ret
    6cda:	5f 98       	cbi	0x0b, 7	; 11
    6cdc:	08 95       	ret

00006cde <Check_Temp_Disconnect_State>:
    6cde:	cf 93       	push	r28
    6ce0:	60 91 a7 10 	lds	r22, 0x10A7	; 0x8010a7 <AI_NTC_Temp_1>
    6ce4:	70 91 a8 10 	lds	r23, 0x10A8	; 0x8010a8 <AI_NTC_Temp_1+0x1>
    6ce8:	80 91 a9 10 	lds	r24, 0x10A9	; 0x8010a9 <AI_NTC_Temp_1+0x2>
    6cec:	90 91 aa 10 	lds	r25, 0x10AA	; 0x8010aa <AI_NTC_Temp_1+0x3>
    6cf0:	20 91 a3 14 	lds	r18, 0x14A3	; 0x8014a3 <Temp_NTC1_MIN_DisCon>
    6cf4:	30 91 a4 14 	lds	r19, 0x14A4	; 0x8014a4 <Temp_NTC1_MIN_DisCon+0x1>
    6cf8:	40 91 a5 14 	lds	r20, 0x14A5	; 0x8014a5 <Temp_NTC1_MIN_DisCon+0x2>
    6cfc:	50 91 a6 14 	lds	r21, 0x14A6	; 0x8014a6 <Temp_NTC1_MIN_DisCon+0x3>
    6d00:	0e 94 03 47 	call	0x8e06	; 0x8e06 <__cmpsf2>
    6d04:	87 fd       	sbrc	r24, 7
    6d06:	17 c0       	rjmp	.+46     	; 0x6d36 <Check_Temp_Disconnect_State+0x58>
    6d08:	60 91 a7 10 	lds	r22, 0x10A7	; 0x8010a7 <AI_NTC_Temp_1>
    6d0c:	70 91 a8 10 	lds	r23, 0x10A8	; 0x8010a8 <AI_NTC_Temp_1+0x1>
    6d10:	80 91 a9 10 	lds	r24, 0x10A9	; 0x8010a9 <AI_NTC_Temp_1+0x2>
    6d14:	90 91 aa 10 	lds	r25, 0x10AA	; 0x8010aa <AI_NTC_Temp_1+0x3>
    6d18:	20 91 61 14 	lds	r18, 0x1461	; 0x801461 <Temp_NTC1_MAX_DisCon>
    6d1c:	30 91 62 14 	lds	r19, 0x1462	; 0x801462 <Temp_NTC1_MAX_DisCon+0x1>
    6d20:	40 91 63 14 	lds	r20, 0x1463	; 0x801463 <Temp_NTC1_MAX_DisCon+0x2>
    6d24:	50 91 64 14 	lds	r21, 0x1464	; 0x801464 <Temp_NTC1_MAX_DisCon+0x3>
    6d28:	c1 e0       	ldi	r28, 0x01	; 1
    6d2a:	0e 94 a8 48 	call	0x9150	; 0x9150 <__gesf2>
    6d2e:	18 16       	cp	r1, r24
    6d30:	1c f0       	brlt	.+6      	; 0x6d38 <Check_Temp_Disconnect_State+0x5a>
    6d32:	c0 e0       	ldi	r28, 0x00	; 0
    6d34:	01 c0       	rjmp	.+2      	; 0x6d38 <Check_Temp_Disconnect_State+0x5a>
    6d36:	c1 e0       	ldi	r28, 0x01	; 1
    6d38:	60 91 15 14 	lds	r22, 0x1415	; 0x801415 <AI_NTC_Temp_2>
    6d3c:	70 91 16 14 	lds	r23, 0x1416	; 0x801416 <AI_NTC_Temp_2+0x1>
    6d40:	80 91 17 14 	lds	r24, 0x1417	; 0x801417 <AI_NTC_Temp_2+0x2>
    6d44:	90 91 18 14 	lds	r25, 0x1418	; 0x801418 <AI_NTC_Temp_2+0x3>
    6d48:	20 91 93 14 	lds	r18, 0x1493	; 0x801493 <Temp_NTC2_MIN_DisCon>
    6d4c:	30 91 94 14 	lds	r19, 0x1494	; 0x801494 <Temp_NTC2_MIN_DisCon+0x1>
    6d50:	40 91 95 14 	lds	r20, 0x1495	; 0x801495 <Temp_NTC2_MIN_DisCon+0x2>
    6d54:	50 91 96 14 	lds	r21, 0x1496	; 0x801496 <Temp_NTC2_MIN_DisCon+0x3>
    6d58:	0e 94 03 47 	call	0x8e06	; 0x8e06 <__cmpsf2>
    6d5c:	87 fd       	sbrc	r24, 7
    6d5e:	14 c0       	rjmp	.+40     	; 0x6d88 <Check_Temp_Disconnect_State+0xaa>
    6d60:	60 91 15 14 	lds	r22, 0x1415	; 0x801415 <AI_NTC_Temp_2>
    6d64:	70 91 16 14 	lds	r23, 0x1416	; 0x801416 <AI_NTC_Temp_2+0x1>
    6d68:	80 91 17 14 	lds	r24, 0x1417	; 0x801417 <AI_NTC_Temp_2+0x2>
    6d6c:	90 91 18 14 	lds	r25, 0x1418	; 0x801418 <AI_NTC_Temp_2+0x3>
    6d70:	20 91 39 14 	lds	r18, 0x1439	; 0x801439 <Temp_NTC2_MAX_DisCon>
    6d74:	30 91 3a 14 	lds	r19, 0x143A	; 0x80143a <Temp_NTC2_MAX_DisCon+0x1>
    6d78:	40 91 3b 14 	lds	r20, 0x143B	; 0x80143b <Temp_NTC2_MAX_DisCon+0x2>
    6d7c:	50 91 3c 14 	lds	r21, 0x143C	; 0x80143c <Temp_NTC2_MAX_DisCon+0x3>
    6d80:	0e 94 a8 48 	call	0x9150	; 0x9150 <__gesf2>
    6d84:	18 16       	cp	r1, r24
    6d86:	0c f4       	brge	.+2      	; 0x6d8a <Check_Temp_Disconnect_State+0xac>
    6d88:	c1 e0       	ldi	r28, 0x01	; 1
    6d8a:	8c 2f       	mov	r24, r28
    6d8c:	cf 91       	pop	r28
    6d8e:	08 95       	ret

00006d90 <PV_Mode__Constant_Current_Init>:
    6d90:	10 92 69 14 	sts	0x1469, r1	; 0x801469 <Track_Status>
    6d94:	80 91 a9 14 	lds	r24, 0x14A9	; 0x8014a9 <PV_Mode_CTR>
    6d98:	80 93 92 14 	sts	0x1492, r24	; 0x801492 <PV_Mode_ACT>
    6d9c:	10 92 bd 14 	sts	0x14BD, r1	; 0x8014bd <PV_Volt_DAQ_New>
    6da0:	10 92 be 14 	sts	0x14BE, r1	; 0x8014be <PV_Volt_DAQ_New+0x1>
    6da4:	10 92 bf 14 	sts	0x14BF, r1	; 0x8014bf <PV_Volt_DAQ_New+0x2>
    6da8:	10 92 c0 14 	sts	0x14C0, r1	; 0x8014c0 <PV_Volt_DAQ_New+0x3>
    6dac:	80 91 69 14 	lds	r24, 0x1469	; 0x801469 <Track_Status>
    6db0:	81 60       	ori	r24, 0x01	; 1
    6db2:	80 93 69 14 	sts	0x1469, r24	; 0x801469 <Track_Status>
    6db6:	60 91 13 15 	lds	r22, 0x1513	; 0x801513 <AI_Volt_Scale>
    6dba:	70 91 14 15 	lds	r23, 0x1514	; 0x801514 <AI_Volt_Scale+0x1>
    6dbe:	80 91 15 15 	lds	r24, 0x1515	; 0x801515 <AI_Volt_Scale+0x2>
    6dc2:	90 91 16 15 	lds	r25, 0x1516	; 0x801516 <AI_Volt_Scale+0x3>
    6dc6:	20 91 86 14 	lds	r18, 0x1486	; 0x801486 <LOAD_CurrT_Max_Step_CND>
    6dca:	30 91 87 14 	lds	r19, 0x1487	; 0x801487 <LOAD_CurrT_Max_Step_CND+0x1>
    6dce:	40 91 88 14 	lds	r20, 0x1488	; 0x801488 <LOAD_CurrT_Max_Step_CND+0x2>
    6dd2:	50 91 89 14 	lds	r21, 0x1489	; 0x801489 <LOAD_CurrT_Max_Step_CND+0x3>
    6dd6:	0e 94 61 49 	call	0x92c2	; 0x92c2 <__mulsf3>
    6dda:	60 93 c7 14 	sts	0x14C7, r22	; 0x8014c7 <Track_Volt_Step_Size>
    6dde:	70 93 c8 14 	sts	0x14C8, r23	; 0x8014c8 <Track_Volt_Step_Size+0x1>
    6de2:	80 93 c9 14 	sts	0x14C9, r24	; 0x8014c9 <Track_Volt_Step_Size+0x2>
    6de6:	90 93 ca 14 	sts	0x14CA, r25	; 0x8014ca <Track_Volt_Step_Size+0x3>
    6dea:	08 95       	ret

00006dec <PV_Mode__Constant_Current_Main>:
    6dec:	8f 92       	push	r8
    6dee:	9f 92       	push	r9
    6df0:	af 92       	push	r10
    6df2:	bf 92       	push	r11
    6df4:	cf 92       	push	r12
    6df6:	df 92       	push	r13
    6df8:	ef 92       	push	r14
    6dfa:	ff 92       	push	r15
    6dfc:	60 91 13 15 	lds	r22, 0x1513	; 0x801513 <AI_Volt_Scale>
    6e00:	70 91 14 15 	lds	r23, 0x1514	; 0x801514 <AI_Volt_Scale+0x1>
    6e04:	80 91 15 15 	lds	r24, 0x1515	; 0x801515 <AI_Volt_Scale+0x2>
    6e08:	90 91 16 15 	lds	r25, 0x1516	; 0x801516 <AI_Volt_Scale+0x3>
    6e0c:	80 90 97 10 	lds	r8, 0x1097	; 0x801097 <AI_Volt>
    6e10:	90 90 98 10 	lds	r9, 0x1098	; 0x801098 <AI_Volt+0x1>
    6e14:	a0 90 99 10 	lds	r10, 0x1099	; 0x801099 <AI_Volt+0x2>
    6e18:	b0 90 9a 10 	lds	r11, 0x109A	; 0x80109a <AI_Volt+0x3>
    6e1c:	c0 90 bd 14 	lds	r12, 0x14BD	; 0x8014bd <PV_Volt_DAQ_New>
    6e20:	d0 90 be 14 	lds	r13, 0x14BE	; 0x8014be <PV_Volt_DAQ_New+0x1>
    6e24:	e0 90 bf 14 	lds	r14, 0x14BF	; 0x8014bf <PV_Volt_DAQ_New+0x2>
    6e28:	f0 90 c0 14 	lds	r15, 0x14C0	; 0x8014c0 <PV_Volt_DAQ_New+0x3>
    6e2c:	20 e0       	ldi	r18, 0x00	; 0
    6e2e:	30 e0       	ldi	r19, 0x00	; 0
    6e30:	4a ef       	ldi	r20, 0xFA	; 250
    6e32:	53 e4       	ldi	r21, 0x43	; 67
    6e34:	0e 94 61 49 	call	0x92c2	; 0x92c2 <__mulsf3>
    6e38:	a5 01       	movw	r20, r10
    6e3a:	94 01       	movw	r18, r8
    6e3c:	0e 94 9f 46 	call	0x8d3e	; 0x8d3e <__addsf3>
    6e40:	a7 01       	movw	r20, r14
    6e42:	96 01       	movw	r18, r12
    6e44:	0e 94 03 47 	call	0x8e06	; 0x8e06 <__cmpsf2>
    6e48:	87 ff       	sbrs	r24, 7
    6e4a:	15 c0       	rjmp	.+42     	; 0x6e76 <PV_Mode__Constant_Current_Main+0x8a>
    6e4c:	80 91 97 10 	lds	r24, 0x1097	; 0x801097 <AI_Volt>
    6e50:	90 91 98 10 	lds	r25, 0x1098	; 0x801098 <AI_Volt+0x1>
    6e54:	a0 91 99 10 	lds	r26, 0x1099	; 0x801099 <AI_Volt+0x2>
    6e58:	b0 91 9a 10 	lds	r27, 0x109A	; 0x80109a <AI_Volt+0x3>
    6e5c:	80 93 bd 14 	sts	0x14BD, r24	; 0x8014bd <PV_Volt_DAQ_New>
    6e60:	90 93 be 14 	sts	0x14BE, r25	; 0x8014be <PV_Volt_DAQ_New+0x1>
    6e64:	a0 93 bf 14 	sts	0x14BF, r26	; 0x8014bf <PV_Volt_DAQ_New+0x2>
    6e68:	b0 93 c0 14 	sts	0x14C0, r27	; 0x8014c0 <PV_Volt_DAQ_New+0x3>
    6e6c:	80 91 69 14 	lds	r24, 0x1469	; 0x801469 <Track_Status>
    6e70:	8e 7f       	andi	r24, 0xFE	; 254
    6e72:	80 93 69 14 	sts	0x1469, r24	; 0x801469 <Track_Status>
    6e76:	80 90 b1 14 	lds	r8, 0x14B1	; 0x8014b1 <PV_Curr_Setpoint>
    6e7a:	90 90 b2 14 	lds	r9, 0x14B2	; 0x8014b2 <PV_Curr_Setpoint+0x1>
    6e7e:	a0 90 b3 14 	lds	r10, 0x14B3	; 0x8014b3 <PV_Curr_Setpoint+0x2>
    6e82:	b0 90 b4 14 	lds	r11, 0x14B4	; 0x8014b4 <PV_Curr_Setpoint+0x3>
    6e86:	60 91 dc 14 	lds	r22, 0x14DC	; 0x8014dc <AI_Curr_Scale>
    6e8a:	70 91 dd 14 	lds	r23, 0x14DD	; 0x8014dd <AI_Curr_Scale+0x1>
    6e8e:	80 91 de 14 	lds	r24, 0x14DE	; 0x8014de <AI_Curr_Scale+0x2>
    6e92:	90 91 df 14 	lds	r25, 0x14DF	; 0x8014df <AI_Curr_Scale+0x3>
    6e96:	20 91 6e 14 	lds	r18, 0x146E	; 0x80146e <LOAD_CurrT_Tolerance_CND>
    6e9a:	30 91 6f 14 	lds	r19, 0x146F	; 0x80146f <LOAD_CurrT_Tolerance_CND+0x1>
    6e9e:	40 91 70 14 	lds	r20, 0x1470	; 0x801470 <LOAD_CurrT_Tolerance_CND+0x2>
    6ea2:	50 91 71 14 	lds	r21, 0x1471	; 0x801471 <LOAD_CurrT_Tolerance_CND+0x3>
    6ea6:	c0 90 49 12 	lds	r12, 0x1249	; 0x801249 <AI_Curr_Corr>
    6eaa:	d0 90 4a 12 	lds	r13, 0x124A	; 0x80124a <AI_Curr_Corr+0x1>
    6eae:	e0 90 4b 12 	lds	r14, 0x124B	; 0x80124b <AI_Curr_Corr+0x2>
    6eb2:	f0 90 4c 12 	lds	r15, 0x124C	; 0x80124c <AI_Curr_Corr+0x3>
    6eb6:	0e 94 61 49 	call	0x92c2	; 0x92c2 <__mulsf3>
    6eba:	9b 01       	movw	r18, r22
    6ebc:	ac 01       	movw	r20, r24
    6ebe:	c5 01       	movw	r24, r10
    6ec0:	b4 01       	movw	r22, r8
    6ec2:	0e 94 9e 46 	call	0x8d3c	; 0x8d3c <__subsf3>
    6ec6:	a7 01       	movw	r20, r14
    6ec8:	96 01       	movw	r18, r12
    6eca:	0e 94 a8 48 	call	0x9150	; 0x9150 <__gesf2>
    6ece:	18 16       	cp	r1, r24
    6ed0:	14 f5       	brge	.+68     	; 0x6f16 <PV_Mode__Constant_Current_Main+0x12a>
    6ed2:	60 91 bd 14 	lds	r22, 0x14BD	; 0x8014bd <PV_Volt_DAQ_New>
    6ed6:	70 91 be 14 	lds	r23, 0x14BE	; 0x8014be <PV_Volt_DAQ_New+0x1>
    6eda:	80 91 bf 14 	lds	r24, 0x14BF	; 0x8014bf <PV_Volt_DAQ_New+0x2>
    6ede:	90 91 c0 14 	lds	r25, 0x14C0	; 0x8014c0 <PV_Volt_DAQ_New+0x3>
    6ee2:	20 91 c7 14 	lds	r18, 0x14C7	; 0x8014c7 <Track_Volt_Step_Size>
    6ee6:	30 91 c8 14 	lds	r19, 0x14C8	; 0x8014c8 <Track_Volt_Step_Size+0x1>
    6eea:	40 91 c9 14 	lds	r20, 0x14C9	; 0x8014c9 <Track_Volt_Step_Size+0x2>
    6eee:	50 91 ca 14 	lds	r21, 0x14CA	; 0x8014ca <Track_Volt_Step_Size+0x3>
    6ef2:	0e 94 9e 46 	call	0x8d3c	; 0x8d3c <__subsf3>
    6ef6:	60 93 bd 14 	sts	0x14BD, r22	; 0x8014bd <PV_Volt_DAQ_New>
    6efa:	70 93 be 14 	sts	0x14BE, r23	; 0x8014be <PV_Volt_DAQ_New+0x1>
    6efe:	80 93 bf 14 	sts	0x14BF, r24	; 0x8014bf <PV_Volt_DAQ_New+0x2>
    6f02:	90 93 c0 14 	sts	0x14C0, r25	; 0x8014c0 <PV_Volt_DAQ_New+0x3>
    6f06:	80 91 69 14 	lds	r24, 0x1469	; 0x801469 <Track_Status>
    6f0a:	80 ff       	sbrs	r24, 0
    6f0c:	64 c0       	rjmp	.+200    	; 0x6fd6 <PV_Mode__Constant_Current_Main+0x1ea>
    6f0e:	80 91 69 14 	lds	r24, 0x1469	; 0x801469 <Track_Status>
    6f12:	8e 7f       	andi	r24, 0xFE	; 254
    6f14:	4d c0       	rjmp	.+154    	; 0x6fb0 <PV_Mode__Constant_Current_Main+0x1c4>
    6f16:	60 91 dc 14 	lds	r22, 0x14DC	; 0x8014dc <AI_Curr_Scale>
    6f1a:	70 91 dd 14 	lds	r23, 0x14DD	; 0x8014dd <AI_Curr_Scale+0x1>
    6f1e:	80 91 de 14 	lds	r24, 0x14DE	; 0x8014de <AI_Curr_Scale+0x2>
    6f22:	90 91 df 14 	lds	r25, 0x14DF	; 0x8014df <AI_Curr_Scale+0x3>
    6f26:	20 91 6e 14 	lds	r18, 0x146E	; 0x80146e <LOAD_CurrT_Tolerance_CND>
    6f2a:	30 91 6f 14 	lds	r19, 0x146F	; 0x80146f <LOAD_CurrT_Tolerance_CND+0x1>
    6f2e:	40 91 70 14 	lds	r20, 0x1470	; 0x801470 <LOAD_CurrT_Tolerance_CND+0x2>
    6f32:	50 91 71 14 	lds	r21, 0x1471	; 0x801471 <LOAD_CurrT_Tolerance_CND+0x3>
    6f36:	80 90 b1 14 	lds	r8, 0x14B1	; 0x8014b1 <PV_Curr_Setpoint>
    6f3a:	90 90 b2 14 	lds	r9, 0x14B2	; 0x8014b2 <PV_Curr_Setpoint+0x1>
    6f3e:	a0 90 b3 14 	lds	r10, 0x14B3	; 0x8014b3 <PV_Curr_Setpoint+0x2>
    6f42:	b0 90 b4 14 	lds	r11, 0x14B4	; 0x8014b4 <PV_Curr_Setpoint+0x3>
    6f46:	c0 90 49 12 	lds	r12, 0x1249	; 0x801249 <AI_Curr_Corr>
    6f4a:	d0 90 4a 12 	lds	r13, 0x124A	; 0x80124a <AI_Curr_Corr+0x1>
    6f4e:	e0 90 4b 12 	lds	r14, 0x124B	; 0x80124b <AI_Curr_Corr+0x2>
    6f52:	f0 90 4c 12 	lds	r15, 0x124C	; 0x80124c <AI_Curr_Corr+0x3>
    6f56:	0e 94 61 49 	call	0x92c2	; 0x92c2 <__mulsf3>
    6f5a:	a5 01       	movw	r20, r10
    6f5c:	94 01       	movw	r18, r8
    6f5e:	0e 94 9f 46 	call	0x8d3e	; 0x8d3e <__addsf3>
    6f62:	a7 01       	movw	r20, r14
    6f64:	96 01       	movw	r18, r12
    6f66:	0e 94 03 47 	call	0x8e06	; 0x8e06 <__cmpsf2>
    6f6a:	87 ff       	sbrs	r24, 7
    6f6c:	4e c0       	rjmp	.+156    	; 0x700a <PV_Mode__Constant_Current_Main+0x21e>
    6f6e:	60 91 bd 14 	lds	r22, 0x14BD	; 0x8014bd <PV_Volt_DAQ_New>
    6f72:	70 91 be 14 	lds	r23, 0x14BE	; 0x8014be <PV_Volt_DAQ_New+0x1>
    6f76:	80 91 bf 14 	lds	r24, 0x14BF	; 0x8014bf <PV_Volt_DAQ_New+0x2>
    6f7a:	90 91 c0 14 	lds	r25, 0x14C0	; 0x8014c0 <PV_Volt_DAQ_New+0x3>
    6f7e:	20 91 c7 14 	lds	r18, 0x14C7	; 0x8014c7 <Track_Volt_Step_Size>
    6f82:	30 91 c8 14 	lds	r19, 0x14C8	; 0x8014c8 <Track_Volt_Step_Size+0x1>
    6f86:	40 91 c9 14 	lds	r20, 0x14C9	; 0x8014c9 <Track_Volt_Step_Size+0x2>
    6f8a:	50 91 ca 14 	lds	r21, 0x14CA	; 0x8014ca <Track_Volt_Step_Size+0x3>
    6f8e:	0e 94 9f 46 	call	0x8d3e	; 0x8d3e <__addsf3>
    6f92:	60 93 bd 14 	sts	0x14BD, r22	; 0x8014bd <PV_Volt_DAQ_New>
    6f96:	70 93 be 14 	sts	0x14BE, r23	; 0x8014be <PV_Volt_DAQ_New+0x1>
    6f9a:	80 93 bf 14 	sts	0x14BF, r24	; 0x8014bf <PV_Volt_DAQ_New+0x2>
    6f9e:	90 93 c0 14 	sts	0x14C0, r25	; 0x8014c0 <PV_Volt_DAQ_New+0x3>
    6fa2:	80 91 69 14 	lds	r24, 0x1469	; 0x801469 <Track_Status>
    6fa6:	80 fd       	sbrc	r24, 0
    6fa8:	16 c0       	rjmp	.+44     	; 0x6fd6 <PV_Mode__Constant_Current_Main+0x1ea>
    6faa:	80 91 69 14 	lds	r24, 0x1469	; 0x801469 <Track_Status>
    6fae:	81 60       	ori	r24, 0x01	; 1
    6fb0:	80 93 69 14 	sts	0x1469, r24	; 0x801469 <Track_Status>
    6fb4:	60 91 c7 14 	lds	r22, 0x14C7	; 0x8014c7 <Track_Volt_Step_Size>
    6fb8:	70 91 c8 14 	lds	r23, 0x14C8	; 0x8014c8 <Track_Volt_Step_Size+0x1>
    6fbc:	80 91 c9 14 	lds	r24, 0x14C9	; 0x8014c9 <Track_Volt_Step_Size+0x2>
    6fc0:	90 91 ca 14 	lds	r25, 0x14CA	; 0x8014ca <Track_Volt_Step_Size+0x3>
    6fc4:	20 91 b5 14 	lds	r18, 0x14B5	; 0x8014b5 <LOAD_CurrT_Step_Reduction_Fact>
    6fc8:	30 91 b6 14 	lds	r19, 0x14B6	; 0x8014b6 <LOAD_CurrT_Step_Reduction_Fact+0x1>
    6fcc:	40 91 b7 14 	lds	r20, 0x14B7	; 0x8014b7 <LOAD_CurrT_Step_Reduction_Fact+0x2>
    6fd0:	50 91 b8 14 	lds	r21, 0x14B8	; 0x8014b8 <LOAD_CurrT_Step_Reduction_Fact+0x3>
    6fd4:	10 c0       	rjmp	.+32     	; 0x6ff6 <PV_Mode__Constant_Current_Main+0x20a>
    6fd6:	60 91 c7 14 	lds	r22, 0x14C7	; 0x8014c7 <Track_Volt_Step_Size>
    6fda:	70 91 c8 14 	lds	r23, 0x14C8	; 0x8014c8 <Track_Volt_Step_Size+0x1>
    6fde:	80 91 c9 14 	lds	r24, 0x14C9	; 0x8014c9 <Track_Volt_Step_Size+0x2>
    6fe2:	90 91 ca 14 	lds	r25, 0x14CA	; 0x8014ca <Track_Volt_Step_Size+0x3>
    6fe6:	20 91 65 14 	lds	r18, 0x1465	; 0x801465 <LOAD_CurrT_Step_Increase_Fact>
    6fea:	30 91 66 14 	lds	r19, 0x1466	; 0x801466 <LOAD_CurrT_Step_Increase_Fact+0x1>
    6fee:	40 91 67 14 	lds	r20, 0x1467	; 0x801467 <LOAD_CurrT_Step_Increase_Fact+0x2>
    6ff2:	50 91 68 14 	lds	r21, 0x1468	; 0x801468 <LOAD_CurrT_Step_Increase_Fact+0x3>
    6ff6:	0e 94 61 49 	call	0x92c2	; 0x92c2 <__mulsf3>
    6ffa:	60 93 c7 14 	sts	0x14C7, r22	; 0x8014c7 <Track_Volt_Step_Size>
    6ffe:	70 93 c8 14 	sts	0x14C8, r23	; 0x8014c8 <Track_Volt_Step_Size+0x1>
    7002:	80 93 c9 14 	sts	0x14C9, r24	; 0x8014c9 <Track_Volt_Step_Size+0x2>
    7006:	90 93 ca 14 	sts	0x14CA, r25	; 0x8014ca <Track_Volt_Step_Size+0x3>
    700a:	60 91 13 15 	lds	r22, 0x1513	; 0x801513 <AI_Volt_Scale>
    700e:	70 91 14 15 	lds	r23, 0x1514	; 0x801514 <AI_Volt_Scale+0x1>
    7012:	80 91 15 15 	lds	r24, 0x1515	; 0x801515 <AI_Volt_Scale+0x2>
    7016:	90 91 16 15 	lds	r25, 0x1516	; 0x801516 <AI_Volt_Scale+0x3>
    701a:	20 91 86 14 	lds	r18, 0x1486	; 0x801486 <LOAD_CurrT_Max_Step_CND>
    701e:	30 91 87 14 	lds	r19, 0x1487	; 0x801487 <LOAD_CurrT_Max_Step_CND+0x1>
    7022:	40 91 88 14 	lds	r20, 0x1488	; 0x801488 <LOAD_CurrT_Max_Step_CND+0x2>
    7026:	50 91 89 14 	lds	r21, 0x1489	; 0x801489 <LOAD_CurrT_Max_Step_CND+0x3>
    702a:	c0 90 c7 14 	lds	r12, 0x14C7	; 0x8014c7 <Track_Volt_Step_Size>
    702e:	d0 90 c8 14 	lds	r13, 0x14C8	; 0x8014c8 <Track_Volt_Step_Size+0x1>
    7032:	e0 90 c9 14 	lds	r14, 0x14C9	; 0x8014c9 <Track_Volt_Step_Size+0x2>
    7036:	f0 90 ca 14 	lds	r15, 0x14CA	; 0x8014ca <Track_Volt_Step_Size+0x3>
    703a:	0e 94 61 49 	call	0x92c2	; 0x92c2 <__mulsf3>
    703e:	a7 01       	movw	r20, r14
    7040:	96 01       	movw	r18, r12
    7042:	0e 94 03 47 	call	0x8e06	; 0x8e06 <__cmpsf2>
    7046:	87 ff       	sbrs	r24, 7
    7048:	11 c0       	rjmp	.+34     	; 0x706c <PV_Mode__Constant_Current_Main+0x280>
    704a:	60 91 13 15 	lds	r22, 0x1513	; 0x801513 <AI_Volt_Scale>
    704e:	70 91 14 15 	lds	r23, 0x1514	; 0x801514 <AI_Volt_Scale+0x1>
    7052:	80 91 15 15 	lds	r24, 0x1515	; 0x801515 <AI_Volt_Scale+0x2>
    7056:	90 91 16 15 	lds	r25, 0x1516	; 0x801516 <AI_Volt_Scale+0x3>
    705a:	20 91 86 14 	lds	r18, 0x1486	; 0x801486 <LOAD_CurrT_Max_Step_CND>
    705e:	30 91 87 14 	lds	r19, 0x1487	; 0x801487 <LOAD_CurrT_Max_Step_CND+0x1>
    7062:	40 91 88 14 	lds	r20, 0x1488	; 0x801488 <LOAD_CurrT_Max_Step_CND+0x2>
    7066:	50 91 89 14 	lds	r21, 0x1489	; 0x801489 <LOAD_CurrT_Max_Step_CND+0x3>
    706a:	30 c0       	rjmp	.+96     	; 0x70cc <PV_Mode__Constant_Current_Main+0x2e0>
    706c:	60 91 13 15 	lds	r22, 0x1513	; 0x801513 <AI_Volt_Scale>
    7070:	70 91 14 15 	lds	r23, 0x1514	; 0x801514 <AI_Volt_Scale+0x1>
    7074:	80 91 15 15 	lds	r24, 0x1515	; 0x801515 <AI_Volt_Scale+0x2>
    7078:	90 91 16 15 	lds	r25, 0x1516	; 0x801516 <AI_Volt_Scale+0x3>
    707c:	20 91 35 14 	lds	r18, 0x1435	; 0x801435 <LOAD_CurrT_Min_Step_CND>
    7080:	30 91 36 14 	lds	r19, 0x1436	; 0x801436 <LOAD_CurrT_Min_Step_CND+0x1>
    7084:	40 91 37 14 	lds	r20, 0x1437	; 0x801437 <LOAD_CurrT_Min_Step_CND+0x2>
    7088:	50 91 38 14 	lds	r21, 0x1438	; 0x801438 <LOAD_CurrT_Min_Step_CND+0x3>
    708c:	c0 90 c7 14 	lds	r12, 0x14C7	; 0x8014c7 <Track_Volt_Step_Size>
    7090:	d0 90 c8 14 	lds	r13, 0x14C8	; 0x8014c8 <Track_Volt_Step_Size+0x1>
    7094:	e0 90 c9 14 	lds	r14, 0x14C9	; 0x8014c9 <Track_Volt_Step_Size+0x2>
    7098:	f0 90 ca 14 	lds	r15, 0x14CA	; 0x8014ca <Track_Volt_Step_Size+0x3>
    709c:	0e 94 61 49 	call	0x92c2	; 0x92c2 <__mulsf3>
    70a0:	a7 01       	movw	r20, r14
    70a2:	96 01       	movw	r18, r12
    70a4:	0e 94 a8 48 	call	0x9150	; 0x9150 <__gesf2>
    70a8:	18 16       	cp	r1, r24
    70aa:	d4 f4       	brge	.+52     	; 0x70e0 <PV_Mode__Constant_Current_Main+0x2f4>
    70ac:	60 91 13 15 	lds	r22, 0x1513	; 0x801513 <AI_Volt_Scale>
    70b0:	70 91 14 15 	lds	r23, 0x1514	; 0x801514 <AI_Volt_Scale+0x1>
    70b4:	80 91 15 15 	lds	r24, 0x1515	; 0x801515 <AI_Volt_Scale+0x2>
    70b8:	90 91 16 15 	lds	r25, 0x1516	; 0x801516 <AI_Volt_Scale+0x3>
    70bc:	20 91 35 14 	lds	r18, 0x1435	; 0x801435 <LOAD_CurrT_Min_Step_CND>
    70c0:	30 91 36 14 	lds	r19, 0x1436	; 0x801436 <LOAD_CurrT_Min_Step_CND+0x1>
    70c4:	40 91 37 14 	lds	r20, 0x1437	; 0x801437 <LOAD_CurrT_Min_Step_CND+0x2>
    70c8:	50 91 38 14 	lds	r21, 0x1438	; 0x801438 <LOAD_CurrT_Min_Step_CND+0x3>
    70cc:	0e 94 61 49 	call	0x92c2	; 0x92c2 <__mulsf3>
    70d0:	60 93 c7 14 	sts	0x14C7, r22	; 0x8014c7 <Track_Volt_Step_Size>
    70d4:	70 93 c8 14 	sts	0x14C8, r23	; 0x8014c8 <Track_Volt_Step_Size+0x1>
    70d8:	80 93 c9 14 	sts	0x14C9, r24	; 0x8014c9 <Track_Volt_Step_Size+0x2>
    70dc:	90 93 ca 14 	sts	0x14CA, r25	; 0x8014ca <Track_Volt_Step_Size+0x3>
    70e0:	60 91 bd 14 	lds	r22, 0x14BD	; 0x8014bd <PV_Volt_DAQ_New>
    70e4:	70 91 be 14 	lds	r23, 0x14BE	; 0x8014be <PV_Volt_DAQ_New+0x1>
    70e8:	80 91 bf 14 	lds	r24, 0x14BF	; 0x8014bf <PV_Volt_DAQ_New+0x2>
    70ec:	90 91 c0 14 	lds	r25, 0x14C0	; 0x8014c0 <PV_Volt_DAQ_New+0x3>
    70f0:	20 e0       	ldi	r18, 0x00	; 0
    70f2:	30 e0       	ldi	r19, 0x00	; 0
    70f4:	a9 01       	movw	r20, r18
    70f6:	0e 94 03 47 	call	0x8e06	; 0x8e06 <__cmpsf2>
    70fa:	87 ff       	sbrs	r24, 7
    70fc:	0d c0       	rjmp	.+26     	; 0x7118 <PV_Mode__Constant_Current_Main+0x32c>
    70fe:	10 92 bd 14 	sts	0x14BD, r1	; 0x8014bd <PV_Volt_DAQ_New>
    7102:	10 92 be 14 	sts	0x14BE, r1	; 0x8014be <PV_Volt_DAQ_New+0x1>
    7106:	10 92 bf 14 	sts	0x14BF, r1	; 0x8014bf <PV_Volt_DAQ_New+0x2>
    710a:	10 92 c0 14 	sts	0x14C0, r1	; 0x8014c0 <PV_Volt_DAQ_New+0x3>
    710e:	80 91 69 14 	lds	r24, 0x1469	; 0x801469 <Track_Status>
    7112:	81 60       	ori	r24, 0x01	; 1
    7114:	80 93 69 14 	sts	0x1469, r24	; 0x801469 <Track_Status>
    7118:	ff 90       	pop	r15
    711a:	ef 90       	pop	r14
    711c:	df 90       	pop	r13
    711e:	cf 90       	pop	r12
    7120:	bf 90       	pop	r11
    7122:	af 90       	pop	r10
    7124:	9f 90       	pop	r9
    7126:	8f 90       	pop	r8
    7128:	08 95       	ret

0000712a <PV_Mode__MPPT_Simple_Init>:
    712a:	10 92 69 14 	sts	0x1469, r1	; 0x801469 <Track_Status>
    712e:	80 e0       	ldi	r24, 0x00	; 0
    7130:	90 e0       	ldi	r25, 0x00	; 0
    7132:	aa e7       	ldi	r26, 0x7A	; 122
    7134:	b4 ec       	ldi	r27, 0xC4	; 196
    7136:	80 93 5d 14 	sts	0x145D, r24	; 0x80145d <Track_Power_Old>
    713a:	90 93 5e 14 	sts	0x145E, r25	; 0x80145e <Track_Power_Old+0x1>
    713e:	a0 93 5f 14 	sts	0x145F, r26	; 0x80145f <Track_Power_Old+0x2>
    7142:	b0 93 60 14 	sts	0x1460, r27	; 0x801460 <Track_Power_Old+0x3>
    7146:	80 93 d4 14 	sts	0x14D4, r24	; 0x8014d4 <PV_Active_Load_Power>
    714a:	90 93 d5 14 	sts	0x14D5, r25	; 0x8014d5 <PV_Active_Load_Power+0x1>
    714e:	a0 93 d6 14 	sts	0x14D6, r26	; 0x8014d6 <PV_Active_Load_Power+0x2>
    7152:	b0 93 d7 14 	sts	0x14D7, r27	; 0x8014d7 <PV_Active_Load_Power+0x3>
    7156:	80 91 c5 14 	lds	r24, 0x14C5	; 0x8014c5 <LOAD_MPPT_Timer_Update_Delay>
    715a:	90 91 c6 14 	lds	r25, 0x14C6	; 0x8014c6 <LOAD_MPPT_Timer_Update_Delay+0x1>
    715e:	90 93 ab 14 	sts	0x14AB, r25	; 0x8014ab <LOAD_MPPT_Update_Counter+0x1>
    7162:	80 93 aa 14 	sts	0x14AA, r24	; 0x8014aa <LOAD_MPPT_Update_Counter>
    7166:	80 91 a9 14 	lds	r24, 0x14A9	; 0x8014a9 <PV_Mode_CTR>
    716a:	80 93 92 14 	sts	0x1492, r24	; 0x801492 <PV_Mode_ACT>
    716e:	0e 94 59 01 	call	0x2b2	; 0x2b2 <IV_MEAS__Get_Voc_Set_Optimum_Range>
    7172:	26 e6       	ldi	r18, 0x66	; 102
    7174:	36 e6       	ldi	r19, 0x66	; 102
    7176:	46 e2       	ldi	r20, 0x26	; 38
    7178:	5f e3       	ldi	r21, 0x3F	; 63
    717a:	0e 94 61 49 	call	0x92c2	; 0x92c2 <__mulsf3>
    717e:	60 93 bd 14 	sts	0x14BD, r22	; 0x8014bd <PV_Volt_DAQ_New>
    7182:	70 93 be 14 	sts	0x14BE, r23	; 0x8014be <PV_Volt_DAQ_New+0x1>
    7186:	80 93 bf 14 	sts	0x14BF, r24	; 0x8014bf <PV_Volt_DAQ_New+0x2>
    718a:	90 93 c0 14 	sts	0x14C0, r25	; 0x8014c0 <PV_Volt_DAQ_New+0x3>
    718e:	80 91 69 14 	lds	r24, 0x1469	; 0x801469 <Track_Status>
    7192:	81 60       	ori	r24, 0x01	; 1
    7194:	80 93 69 14 	sts	0x1469, r24	; 0x801469 <Track_Status>
    7198:	60 91 13 15 	lds	r22, 0x1513	; 0x801513 <AI_Volt_Scale>
    719c:	70 91 14 15 	lds	r23, 0x1514	; 0x801514 <AI_Volt_Scale+0x1>
    71a0:	80 91 15 15 	lds	r24, 0x1515	; 0x801515 <AI_Volt_Scale+0x2>
    71a4:	90 91 16 15 	lds	r25, 0x1516	; 0x801516 <AI_Volt_Scale+0x3>
    71a8:	20 91 8e 14 	lds	r18, 0x148E	; 0x80148e <LOAD_MPPT_Max_Step_CND>
    71ac:	30 91 8f 14 	lds	r19, 0x148F	; 0x80148f <LOAD_MPPT_Max_Step_CND+0x1>
    71b0:	40 91 90 14 	lds	r20, 0x1490	; 0x801490 <LOAD_MPPT_Max_Step_CND+0x2>
    71b4:	50 91 91 14 	lds	r21, 0x1491	; 0x801491 <LOAD_MPPT_Max_Step_CND+0x3>
    71b8:	0e 94 61 49 	call	0x92c2	; 0x92c2 <__mulsf3>
    71bc:	60 93 c7 14 	sts	0x14C7, r22	; 0x8014c7 <Track_Volt_Step_Size>
    71c0:	70 93 c8 14 	sts	0x14C8, r23	; 0x8014c8 <Track_Volt_Step_Size+0x1>
    71c4:	80 93 c9 14 	sts	0x14C9, r24	; 0x8014c9 <Track_Volt_Step_Size+0x2>
    71c8:	90 93 ca 14 	sts	0x14CA, r25	; 0x8014ca <Track_Volt_Step_Size+0x3>
    71cc:	08 95       	ret

000071ce <PV_Mode__MPPT_Simple_Main>:
    71ce:	4f 92       	push	r4
    71d0:	5f 92       	push	r5
    71d2:	6f 92       	push	r6
    71d4:	7f 92       	push	r7
    71d6:	8f 92       	push	r8
    71d8:	9f 92       	push	r9
    71da:	af 92       	push	r10
    71dc:	bf 92       	push	r11
    71de:	cf 92       	push	r12
    71e0:	df 92       	push	r13
    71e2:	ef 92       	push	r14
    71e4:	ff 92       	push	r15
    71e6:	80 91 aa 14 	lds	r24, 0x14AA	; 0x8014aa <LOAD_MPPT_Update_Counter>
    71ea:	90 91 ab 14 	lds	r25, 0x14AB	; 0x8014ab <LOAD_MPPT_Update_Counter+0x1>
    71ee:	01 97       	sbiw	r24, 0x01	; 1
    71f0:	90 93 ab 14 	sts	0x14AB, r25	; 0x8014ab <LOAD_MPPT_Update_Counter+0x1>
    71f4:	80 93 aa 14 	sts	0x14AA, r24	; 0x8014aa <LOAD_MPPT_Update_Counter>
    71f8:	80 91 aa 14 	lds	r24, 0x14AA	; 0x8014aa <LOAD_MPPT_Update_Counter>
    71fc:	90 91 ab 14 	lds	r25, 0x14AB	; 0x8014ab <LOAD_MPPT_Update_Counter+0x1>
    7200:	89 2b       	or	r24, r25
    7202:	09 f0       	breq	.+2      	; 0x7206 <PV_Mode__MPPT_Simple_Main+0x38>
    7204:	67 c2       	rjmp	.+1230   	; 0x76d4 <PV_Mode__MPPT_Simple_Main+0x506>
    7206:	80 91 c5 14 	lds	r24, 0x14C5	; 0x8014c5 <LOAD_MPPT_Timer_Update_Delay>
    720a:	90 91 c6 14 	lds	r25, 0x14C6	; 0x8014c6 <LOAD_MPPT_Timer_Update_Delay+0x1>
    720e:	90 93 ab 14 	sts	0x14AB, r25	; 0x8014ab <LOAD_MPPT_Update_Counter+0x1>
    7212:	80 93 aa 14 	sts	0x14AA, r24	; 0x8014aa <LOAD_MPPT_Update_Counter>
    7216:	80 91 69 14 	lds	r24, 0x1469	; 0x801469 <Track_Status>
    721a:	87 ff       	sbrs	r24, 7
    721c:	08 c0       	rjmp	.+16     	; 0x722e <PV_Mode__MPPT_Simple_Main+0x60>
    721e:	80 91 69 14 	lds	r24, 0x1469	; 0x801469 <Track_Status>
    7222:	8f 77       	andi	r24, 0x7F	; 127
    7224:	80 93 69 14 	sts	0x1469, r24	; 0x801469 <Track_Status>
    7228:	0e 94 4a 05 	call	0xa94	; 0xa94 <get_DAC_Volt_at_Pmax_from_IV>
    722c:	92 c1       	rjmp	.+804    	; 0x7552 <PV_Mode__MPPT_Simple_Main+0x384>
    722e:	60 91 13 15 	lds	r22, 0x1513	; 0x801513 <AI_Volt_Scale>
    7232:	70 91 14 15 	lds	r23, 0x1514	; 0x801514 <AI_Volt_Scale+0x1>
    7236:	80 91 15 15 	lds	r24, 0x1515	; 0x801515 <AI_Volt_Scale+0x2>
    723a:	90 91 16 15 	lds	r25, 0x1516	; 0x801516 <AI_Volt_Scale+0x3>
    723e:	80 90 97 10 	lds	r8, 0x1097	; 0x801097 <AI_Volt>
    7242:	90 90 98 10 	lds	r9, 0x1098	; 0x801098 <AI_Volt+0x1>
    7246:	a0 90 99 10 	lds	r10, 0x1099	; 0x801099 <AI_Volt+0x2>
    724a:	b0 90 9a 10 	lds	r11, 0x109A	; 0x80109a <AI_Volt+0x3>
    724e:	c0 90 bd 14 	lds	r12, 0x14BD	; 0x8014bd <PV_Volt_DAQ_New>
    7252:	d0 90 be 14 	lds	r13, 0x14BE	; 0x8014be <PV_Volt_DAQ_New+0x1>
    7256:	e0 90 bf 14 	lds	r14, 0x14BF	; 0x8014bf <PV_Volt_DAQ_New+0x2>
    725a:	f0 90 c0 14 	lds	r15, 0x14C0	; 0x8014c0 <PV_Volt_DAQ_New+0x3>
    725e:	20 e0       	ldi	r18, 0x00	; 0
    7260:	30 e0       	ldi	r19, 0x00	; 0
    7262:	4a ef       	ldi	r20, 0xFA	; 250
    7264:	53 e4       	ldi	r21, 0x43	; 67
    7266:	0e 94 61 49 	call	0x92c2	; 0x92c2 <__mulsf3>
    726a:	a5 01       	movw	r20, r10
    726c:	94 01       	movw	r18, r8
    726e:	0e 94 9f 46 	call	0x8d3e	; 0x8d3e <__addsf3>
    7272:	a7 01       	movw	r20, r14
    7274:	96 01       	movw	r18, r12
    7276:	0e 94 03 47 	call	0x8e06	; 0x8e06 <__cmpsf2>
    727a:	87 ff       	sbrs	r24, 7
    727c:	1c c0       	rjmp	.+56     	; 0x72b6 <PV_Mode__MPPT_Simple_Main+0xe8>
    727e:	60 91 97 10 	lds	r22, 0x1097	; 0x801097 <AI_Volt>
    7282:	70 91 98 10 	lds	r23, 0x1098	; 0x801098 <AI_Volt+0x1>
    7286:	80 91 99 10 	lds	r24, 0x1099	; 0x801099 <AI_Volt+0x2>
    728a:	90 91 9a 10 	lds	r25, 0x109A	; 0x80109a <AI_Volt+0x3>
    728e:	26 e6       	ldi	r18, 0x66	; 102
    7290:	36 e6       	ldi	r19, 0x66	; 102
    7292:	46 e6       	ldi	r20, 0x66	; 102
    7294:	5f e3       	ldi	r21, 0x3F	; 63
    7296:	0e 94 61 49 	call	0x92c2	; 0x92c2 <__mulsf3>
    729a:	60 93 bd 14 	sts	0x14BD, r22	; 0x8014bd <PV_Volt_DAQ_New>
    729e:	70 93 be 14 	sts	0x14BE, r23	; 0x8014be <PV_Volt_DAQ_New+0x1>
    72a2:	80 93 bf 14 	sts	0x14BF, r24	; 0x8014bf <PV_Volt_DAQ_New+0x2>
    72a6:	90 93 c0 14 	sts	0x14C0, r25	; 0x8014c0 <PV_Volt_DAQ_New+0x3>
    72aa:	80 91 69 14 	lds	r24, 0x1469	; 0x801469 <Track_Status>
    72ae:	8e 7f       	andi	r24, 0xFE	; 254
    72b0:	80 93 69 14 	sts	0x1469, r24	; 0x801469 <Track_Status>
    72b4:	69 c0       	rjmp	.+210    	; 0x7388 <PV_Mode__MPPT_Simple_Main+0x1ba>
    72b6:	60 91 13 15 	lds	r22, 0x1513	; 0x801513 <AI_Volt_Scale>
    72ba:	70 91 14 15 	lds	r23, 0x1514	; 0x801514 <AI_Volt_Scale+0x1>
    72be:	80 91 15 15 	lds	r24, 0x1515	; 0x801515 <AI_Volt_Scale+0x2>
    72c2:	90 91 16 15 	lds	r25, 0x1516	; 0x801516 <AI_Volt_Scale+0x3>
    72c6:	20 91 dc 14 	lds	r18, 0x14DC	; 0x8014dc <AI_Curr_Scale>
    72ca:	30 91 dd 14 	lds	r19, 0x14DD	; 0x8014dd <AI_Curr_Scale+0x1>
    72ce:	40 91 de 14 	lds	r20, 0x14DE	; 0x8014de <AI_Curr_Scale+0x2>
    72d2:	50 91 df 14 	lds	r21, 0x14DF	; 0x8014df <AI_Curr_Scale+0x3>
    72d6:	40 90 b9 14 	lds	r4, 0x14B9	; 0x8014b9 <LOAD_MPPT_Tolerance_CND>
    72da:	50 90 ba 14 	lds	r5, 0x14BA	; 0x8014ba <LOAD_MPPT_Tolerance_CND+0x1>
    72de:	60 90 bb 14 	lds	r6, 0x14BB	; 0x8014bb <LOAD_MPPT_Tolerance_CND+0x2>
    72e2:	70 90 bc 14 	lds	r7, 0x14BC	; 0x8014bc <LOAD_MPPT_Tolerance_CND+0x3>
    72e6:	80 90 5d 14 	lds	r8, 0x145D	; 0x80145d <Track_Power_Old>
    72ea:	90 90 5e 14 	lds	r9, 0x145E	; 0x80145e <Track_Power_Old+0x1>
    72ee:	a0 90 5f 14 	lds	r10, 0x145F	; 0x80145f <Track_Power_Old+0x2>
    72f2:	b0 90 60 14 	lds	r11, 0x1460	; 0x801460 <Track_Power_Old+0x3>
    72f6:	c0 90 d4 14 	lds	r12, 0x14D4	; 0x8014d4 <PV_Active_Load_Power>
    72fa:	d0 90 d5 14 	lds	r13, 0x14D5	; 0x8014d5 <PV_Active_Load_Power+0x1>
    72fe:	e0 90 d6 14 	lds	r14, 0x14D6	; 0x8014d6 <PV_Active_Load_Power+0x2>
    7302:	f0 90 d7 14 	lds	r15, 0x14D7	; 0x8014d7 <PV_Active_Load_Power+0x3>
    7306:	0e 94 61 49 	call	0x92c2	; 0x92c2 <__mulsf3>
    730a:	a3 01       	movw	r20, r6
    730c:	92 01       	movw	r18, r4
    730e:	0e 94 61 49 	call	0x92c2	; 0x92c2 <__mulsf3>
    7312:	a5 01       	movw	r20, r10
    7314:	94 01       	movw	r18, r8
    7316:	0e 94 9f 46 	call	0x8d3e	; 0x8d3e <__addsf3>
    731a:	a7 01       	movw	r20, r14
    731c:	96 01       	movw	r18, r12
    731e:	0e 94 03 47 	call	0x8e06	; 0x8e06 <__cmpsf2>
    7322:	87 ff       	sbrs	r24, 7
    7324:	4c c0       	rjmp	.+152    	; 0x73be <PV_Mode__MPPT_Simple_Main+0x1f0>
    7326:	80 91 69 14 	lds	r24, 0x1469	; 0x801469 <Track_Status>
    732a:	80 ff       	sbrs	r24, 0
    732c:	13 c0       	rjmp	.+38     	; 0x7354 <PV_Mode__MPPT_Simple_Main+0x186>
    732e:	60 91 bd 14 	lds	r22, 0x14BD	; 0x8014bd <PV_Volt_DAQ_New>
    7332:	70 91 be 14 	lds	r23, 0x14BE	; 0x8014be <PV_Volt_DAQ_New+0x1>
    7336:	80 91 bf 14 	lds	r24, 0x14BF	; 0x8014bf <PV_Volt_DAQ_New+0x2>
    733a:	90 91 c0 14 	lds	r25, 0x14C0	; 0x8014c0 <PV_Volt_DAQ_New+0x3>
    733e:	20 91 c7 14 	lds	r18, 0x14C7	; 0x8014c7 <Track_Volt_Step_Size>
    7342:	30 91 c8 14 	lds	r19, 0x14C8	; 0x8014c8 <Track_Volt_Step_Size+0x1>
    7346:	40 91 c9 14 	lds	r20, 0x14C9	; 0x8014c9 <Track_Volt_Step_Size+0x2>
    734a:	50 91 ca 14 	lds	r21, 0x14CA	; 0x8014ca <Track_Volt_Step_Size+0x3>
    734e:	0e 94 9f 46 	call	0x8d3e	; 0x8d3e <__addsf3>
    7352:	12 c0       	rjmp	.+36     	; 0x7378 <PV_Mode__MPPT_Simple_Main+0x1aa>
    7354:	60 91 bd 14 	lds	r22, 0x14BD	; 0x8014bd <PV_Volt_DAQ_New>
    7358:	70 91 be 14 	lds	r23, 0x14BE	; 0x8014be <PV_Volt_DAQ_New+0x1>
    735c:	80 91 bf 14 	lds	r24, 0x14BF	; 0x8014bf <PV_Volt_DAQ_New+0x2>
    7360:	90 91 c0 14 	lds	r25, 0x14C0	; 0x8014c0 <PV_Volt_DAQ_New+0x3>
    7364:	20 91 c7 14 	lds	r18, 0x14C7	; 0x8014c7 <Track_Volt_Step_Size>
    7368:	30 91 c8 14 	lds	r19, 0x14C8	; 0x8014c8 <Track_Volt_Step_Size+0x1>
    736c:	40 91 c9 14 	lds	r20, 0x14C9	; 0x8014c9 <Track_Volt_Step_Size+0x2>
    7370:	50 91 ca 14 	lds	r21, 0x14CA	; 0x8014ca <Track_Volt_Step_Size+0x3>
    7374:	0e 94 9e 46 	call	0x8d3c	; 0x8d3c <__subsf3>
    7378:	60 93 bd 14 	sts	0x14BD, r22	; 0x8014bd <PV_Volt_DAQ_New>
    737c:	70 93 be 14 	sts	0x14BE, r23	; 0x8014be <PV_Volt_DAQ_New+0x1>
    7380:	80 93 bf 14 	sts	0x14BF, r24	; 0x8014bf <PV_Volt_DAQ_New+0x2>
    7384:	90 93 c0 14 	sts	0x14C0, r25	; 0x8014c0 <PV_Volt_DAQ_New+0x3>
    7388:	60 91 c7 14 	lds	r22, 0x14C7	; 0x8014c7 <Track_Volt_Step_Size>
    738c:	70 91 c8 14 	lds	r23, 0x14C8	; 0x8014c8 <Track_Volt_Step_Size+0x1>
    7390:	80 91 c9 14 	lds	r24, 0x14C9	; 0x8014c9 <Track_Volt_Step_Size+0x2>
    7394:	90 91 ca 14 	lds	r25, 0x14CA	; 0x8014ca <Track_Volt_Step_Size+0x3>
    7398:	20 91 7e 14 	lds	r18, 0x147E	; 0x80147e <LOAD_MPPT_Step_Increase_Fact>
    739c:	30 91 7f 14 	lds	r19, 0x147F	; 0x80147f <LOAD_MPPT_Step_Increase_Fact+0x1>
    73a0:	40 91 80 14 	lds	r20, 0x1480	; 0x801480 <LOAD_MPPT_Step_Increase_Fact+0x2>
    73a4:	50 91 81 14 	lds	r21, 0x1481	; 0x801481 <LOAD_MPPT_Step_Increase_Fact+0x3>
    73a8:	0e 94 61 49 	call	0x92c2	; 0x92c2 <__mulsf3>
    73ac:	60 93 c7 14 	sts	0x14C7, r22	; 0x8014c7 <Track_Volt_Step_Size>
    73b0:	70 93 c8 14 	sts	0x14C8, r23	; 0x8014c8 <Track_Volt_Step_Size+0x1>
    73b4:	80 93 c9 14 	sts	0x14C9, r24	; 0x8014c9 <Track_Volt_Step_Size+0x2>
    73b8:	90 93 ca 14 	sts	0x14CA, r25	; 0x8014ca <Track_Volt_Step_Size+0x3>
    73bc:	90 c0       	rjmp	.+288    	; 0x74de <PV_Mode__MPPT_Simple_Main+0x310>
    73be:	80 90 5d 14 	lds	r8, 0x145D	; 0x80145d <Track_Power_Old>
    73c2:	90 90 5e 14 	lds	r9, 0x145E	; 0x80145e <Track_Power_Old+0x1>
    73c6:	a0 90 5f 14 	lds	r10, 0x145F	; 0x80145f <Track_Power_Old+0x2>
    73ca:	b0 90 60 14 	lds	r11, 0x1460	; 0x801460 <Track_Power_Old+0x3>
    73ce:	60 91 13 15 	lds	r22, 0x1513	; 0x801513 <AI_Volt_Scale>
    73d2:	70 91 14 15 	lds	r23, 0x1514	; 0x801514 <AI_Volt_Scale+0x1>
    73d6:	80 91 15 15 	lds	r24, 0x1515	; 0x801515 <AI_Volt_Scale+0x2>
    73da:	90 91 16 15 	lds	r25, 0x1516	; 0x801516 <AI_Volt_Scale+0x3>
    73de:	20 91 dc 14 	lds	r18, 0x14DC	; 0x8014dc <AI_Curr_Scale>
    73e2:	30 91 dd 14 	lds	r19, 0x14DD	; 0x8014dd <AI_Curr_Scale+0x1>
    73e6:	40 91 de 14 	lds	r20, 0x14DE	; 0x8014de <AI_Curr_Scale+0x2>
    73ea:	50 91 df 14 	lds	r21, 0x14DF	; 0x8014df <AI_Curr_Scale+0x3>
    73ee:	40 90 b9 14 	lds	r4, 0x14B9	; 0x8014b9 <LOAD_MPPT_Tolerance_CND>
    73f2:	50 90 ba 14 	lds	r5, 0x14BA	; 0x8014ba <LOAD_MPPT_Tolerance_CND+0x1>
    73f6:	60 90 bb 14 	lds	r6, 0x14BB	; 0x8014bb <LOAD_MPPT_Tolerance_CND+0x2>
    73fa:	70 90 bc 14 	lds	r7, 0x14BC	; 0x8014bc <LOAD_MPPT_Tolerance_CND+0x3>
    73fe:	c0 90 d4 14 	lds	r12, 0x14D4	; 0x8014d4 <PV_Active_Load_Power>
    7402:	d0 90 d5 14 	lds	r13, 0x14D5	; 0x8014d5 <PV_Active_Load_Power+0x1>
    7406:	e0 90 d6 14 	lds	r14, 0x14D6	; 0x8014d6 <PV_Active_Load_Power+0x2>
    740a:	f0 90 d7 14 	lds	r15, 0x14D7	; 0x8014d7 <PV_Active_Load_Power+0x3>
    740e:	0e 94 61 49 	call	0x92c2	; 0x92c2 <__mulsf3>
    7412:	a3 01       	movw	r20, r6
    7414:	92 01       	movw	r18, r4
    7416:	0e 94 61 49 	call	0x92c2	; 0x92c2 <__mulsf3>
    741a:	9b 01       	movw	r18, r22
    741c:	ac 01       	movw	r20, r24
    741e:	c5 01       	movw	r24, r10
    7420:	b4 01       	movw	r22, r8
    7422:	0e 94 9e 46 	call	0x8d3c	; 0x8d3c <__subsf3>
    7426:	a7 01       	movw	r20, r14
    7428:	96 01       	movw	r18, r12
    742a:	0e 94 a8 48 	call	0x9150	; 0x9150 <__gesf2>
    742e:	18 16       	cp	r1, r24
    7430:	0c f0       	brlt	.+2      	; 0x7434 <PV_Mode__MPPT_Simple_Main+0x266>
    7432:	66 c0       	rjmp	.+204    	; 0x7500 <PV_Mode__MPPT_Simple_Main+0x332>
    7434:	60 91 c7 14 	lds	r22, 0x14C7	; 0x8014c7 <Track_Volt_Step_Size>
    7438:	70 91 c8 14 	lds	r23, 0x14C8	; 0x8014c8 <Track_Volt_Step_Size+0x1>
    743c:	80 91 c9 14 	lds	r24, 0x14C9	; 0x8014c9 <Track_Volt_Step_Size+0x2>
    7440:	90 91 ca 14 	lds	r25, 0x14CA	; 0x8014ca <Track_Volt_Step_Size+0x3>
    7444:	20 91 ac 14 	lds	r18, 0x14AC	; 0x8014ac <LOAD_MPPT_Step_Reduction_Fact>
    7448:	30 91 ad 14 	lds	r19, 0x14AD	; 0x8014ad <LOAD_MPPT_Step_Reduction_Fact+0x1>
    744c:	40 91 ae 14 	lds	r20, 0x14AE	; 0x8014ae <LOAD_MPPT_Step_Reduction_Fact+0x2>
    7450:	50 91 af 14 	lds	r21, 0x14AF	; 0x8014af <LOAD_MPPT_Step_Reduction_Fact+0x3>
    7454:	0e 94 61 49 	call	0x92c2	; 0x92c2 <__mulsf3>
    7458:	60 93 c7 14 	sts	0x14C7, r22	; 0x8014c7 <Track_Volt_Step_Size>
    745c:	70 93 c8 14 	sts	0x14C8, r23	; 0x8014c8 <Track_Volt_Step_Size+0x1>
    7460:	80 93 c9 14 	sts	0x14C9, r24	; 0x8014c9 <Track_Volt_Step_Size+0x2>
    7464:	90 93 ca 14 	sts	0x14CA, r25	; 0x8014ca <Track_Volt_Step_Size+0x3>
    7468:	80 91 69 14 	lds	r24, 0x1469	; 0x801469 <Track_Status>
    746c:	80 ff       	sbrs	r24, 0
    746e:	18 c0       	rjmp	.+48     	; 0x74a0 <PV_Mode__MPPT_Simple_Main+0x2d2>
    7470:	80 91 69 14 	lds	r24, 0x1469	; 0x801469 <Track_Status>
    7474:	8e 7f       	andi	r24, 0xFE	; 254
    7476:	80 93 69 14 	sts	0x1469, r24	; 0x801469 <Track_Status>
    747a:	60 91 bd 14 	lds	r22, 0x14BD	; 0x8014bd <PV_Volt_DAQ_New>
    747e:	70 91 be 14 	lds	r23, 0x14BE	; 0x8014be <PV_Volt_DAQ_New+0x1>
    7482:	80 91 bf 14 	lds	r24, 0x14BF	; 0x8014bf <PV_Volt_DAQ_New+0x2>
    7486:	90 91 c0 14 	lds	r25, 0x14C0	; 0x8014c0 <PV_Volt_DAQ_New+0x3>
    748a:	20 91 c7 14 	lds	r18, 0x14C7	; 0x8014c7 <Track_Volt_Step_Size>
    748e:	30 91 c8 14 	lds	r19, 0x14C8	; 0x8014c8 <Track_Volt_Step_Size+0x1>
    7492:	40 91 c9 14 	lds	r20, 0x14C9	; 0x8014c9 <Track_Volt_Step_Size+0x2>
    7496:	50 91 ca 14 	lds	r21, 0x14CA	; 0x8014ca <Track_Volt_Step_Size+0x3>
    749a:	0e 94 9e 46 	call	0x8d3c	; 0x8d3c <__subsf3>
    749e:	17 c0       	rjmp	.+46     	; 0x74ce <PV_Mode__MPPT_Simple_Main+0x300>
    74a0:	80 91 69 14 	lds	r24, 0x1469	; 0x801469 <Track_Status>
    74a4:	81 60       	ori	r24, 0x01	; 1
    74a6:	80 93 69 14 	sts	0x1469, r24	; 0x801469 <Track_Status>
    74aa:	60 91 bd 14 	lds	r22, 0x14BD	; 0x8014bd <PV_Volt_DAQ_New>
    74ae:	70 91 be 14 	lds	r23, 0x14BE	; 0x8014be <PV_Volt_DAQ_New+0x1>
    74b2:	80 91 bf 14 	lds	r24, 0x14BF	; 0x8014bf <PV_Volt_DAQ_New+0x2>
    74b6:	90 91 c0 14 	lds	r25, 0x14C0	; 0x8014c0 <PV_Volt_DAQ_New+0x3>
    74ba:	20 91 c7 14 	lds	r18, 0x14C7	; 0x8014c7 <Track_Volt_Step_Size>
    74be:	30 91 c8 14 	lds	r19, 0x14C8	; 0x8014c8 <Track_Volt_Step_Size+0x1>
    74c2:	40 91 c9 14 	lds	r20, 0x14C9	; 0x8014c9 <Track_Volt_Step_Size+0x2>
    74c6:	50 91 ca 14 	lds	r21, 0x14CA	; 0x8014ca <Track_Volt_Step_Size+0x3>
    74ca:	0e 94 9f 46 	call	0x8d3e	; 0x8d3e <__addsf3>
    74ce:	60 93 bd 14 	sts	0x14BD, r22	; 0x8014bd <PV_Volt_DAQ_New>
    74d2:	70 93 be 14 	sts	0x14BE, r23	; 0x8014be <PV_Volt_DAQ_New+0x1>
    74d6:	80 93 bf 14 	sts	0x14BF, r24	; 0x8014bf <PV_Volt_DAQ_New+0x2>
    74da:	90 93 c0 14 	sts	0x14C0, r25	; 0x8014c0 <PV_Volt_DAQ_New+0x3>
    74de:	80 91 d4 14 	lds	r24, 0x14D4	; 0x8014d4 <PV_Active_Load_Power>
    74e2:	90 91 d5 14 	lds	r25, 0x14D5	; 0x8014d5 <PV_Active_Load_Power+0x1>
    74e6:	a0 91 d6 14 	lds	r26, 0x14D6	; 0x8014d6 <PV_Active_Load_Power+0x2>
    74ea:	b0 91 d7 14 	lds	r27, 0x14D7	; 0x8014d7 <PV_Active_Load_Power+0x3>
    74ee:	80 93 5d 14 	sts	0x145D, r24	; 0x80145d <Track_Power_Old>
    74f2:	90 93 5e 14 	sts	0x145E, r25	; 0x80145e <Track_Power_Old+0x1>
    74f6:	a0 93 5f 14 	sts	0x145F, r26	; 0x80145f <Track_Power_Old+0x2>
    74fa:	b0 93 60 14 	sts	0x1460, r27	; 0x801460 <Track_Power_Old+0x3>
    74fe:	31 c0       	rjmp	.+98     	; 0x7562 <PV_Mode__MPPT_Simple_Main+0x394>
    7500:	80 91 69 14 	lds	r24, 0x1469	; 0x801469 <Track_Status>
    7504:	80 ff       	sbrs	r24, 0
    7506:	13 c0       	rjmp	.+38     	; 0x752e <PV_Mode__MPPT_Simple_Main+0x360>
    7508:	60 91 bd 14 	lds	r22, 0x14BD	; 0x8014bd <PV_Volt_DAQ_New>
    750c:	70 91 be 14 	lds	r23, 0x14BE	; 0x8014be <PV_Volt_DAQ_New+0x1>
    7510:	80 91 bf 14 	lds	r24, 0x14BF	; 0x8014bf <PV_Volt_DAQ_New+0x2>
    7514:	90 91 c0 14 	lds	r25, 0x14C0	; 0x8014c0 <PV_Volt_DAQ_New+0x3>
    7518:	20 91 c7 14 	lds	r18, 0x14C7	; 0x8014c7 <Track_Volt_Step_Size>
    751c:	30 91 c8 14 	lds	r19, 0x14C8	; 0x8014c8 <Track_Volt_Step_Size+0x1>
    7520:	40 91 c9 14 	lds	r20, 0x14C9	; 0x8014c9 <Track_Volt_Step_Size+0x2>
    7524:	50 91 ca 14 	lds	r21, 0x14CA	; 0x8014ca <Track_Volt_Step_Size+0x3>
    7528:	0e 94 9f 46 	call	0x8d3e	; 0x8d3e <__addsf3>
    752c:	12 c0       	rjmp	.+36     	; 0x7552 <PV_Mode__MPPT_Simple_Main+0x384>
    752e:	60 91 bd 14 	lds	r22, 0x14BD	; 0x8014bd <PV_Volt_DAQ_New>
    7532:	70 91 be 14 	lds	r23, 0x14BE	; 0x8014be <PV_Volt_DAQ_New+0x1>
    7536:	80 91 bf 14 	lds	r24, 0x14BF	; 0x8014bf <PV_Volt_DAQ_New+0x2>
    753a:	90 91 c0 14 	lds	r25, 0x14C0	; 0x8014c0 <PV_Volt_DAQ_New+0x3>
    753e:	20 91 c7 14 	lds	r18, 0x14C7	; 0x8014c7 <Track_Volt_Step_Size>
    7542:	30 91 c8 14 	lds	r19, 0x14C8	; 0x8014c8 <Track_Volt_Step_Size+0x1>
    7546:	40 91 c9 14 	lds	r20, 0x14C9	; 0x8014c9 <Track_Volt_Step_Size+0x2>
    754a:	50 91 ca 14 	lds	r21, 0x14CA	; 0x8014ca <Track_Volt_Step_Size+0x3>
    754e:	0e 94 9e 46 	call	0x8d3c	; 0x8d3c <__subsf3>
    7552:	60 93 bd 14 	sts	0x14BD, r22	; 0x8014bd <PV_Volt_DAQ_New>
    7556:	70 93 be 14 	sts	0x14BE, r23	; 0x8014be <PV_Volt_DAQ_New+0x1>
    755a:	80 93 bf 14 	sts	0x14BF, r24	; 0x8014bf <PV_Volt_DAQ_New+0x2>
    755e:	90 93 c0 14 	sts	0x14C0, r25	; 0x8014c0 <PV_Volt_DAQ_New+0x3>
    7562:	60 91 13 15 	lds	r22, 0x1513	; 0x801513 <AI_Volt_Scale>
    7566:	70 91 14 15 	lds	r23, 0x1514	; 0x801514 <AI_Volt_Scale+0x1>
    756a:	80 91 15 15 	lds	r24, 0x1515	; 0x801515 <AI_Volt_Scale+0x2>
    756e:	90 91 16 15 	lds	r25, 0x1516	; 0x801516 <AI_Volt_Scale+0x3>
    7572:	20 91 8e 14 	lds	r18, 0x148E	; 0x80148e <LOAD_MPPT_Max_Step_CND>
    7576:	30 91 8f 14 	lds	r19, 0x148F	; 0x80148f <LOAD_MPPT_Max_Step_CND+0x1>
    757a:	40 91 90 14 	lds	r20, 0x1490	; 0x801490 <LOAD_MPPT_Max_Step_CND+0x2>
    757e:	50 91 91 14 	lds	r21, 0x1491	; 0x801491 <LOAD_MPPT_Max_Step_CND+0x3>
    7582:	c0 90 c7 14 	lds	r12, 0x14C7	; 0x8014c7 <Track_Volt_Step_Size>
    7586:	d0 90 c8 14 	lds	r13, 0x14C8	; 0x8014c8 <Track_Volt_Step_Size+0x1>
    758a:	e0 90 c9 14 	lds	r14, 0x14C9	; 0x8014c9 <Track_Volt_Step_Size+0x2>
    758e:	f0 90 ca 14 	lds	r15, 0x14CA	; 0x8014ca <Track_Volt_Step_Size+0x3>
    7592:	0e 94 61 49 	call	0x92c2	; 0x92c2 <__mulsf3>
    7596:	a7 01       	movw	r20, r14
    7598:	96 01       	movw	r18, r12
    759a:	0e 94 03 47 	call	0x8e06	; 0x8e06 <__cmpsf2>
    759e:	87 ff       	sbrs	r24, 7
    75a0:	11 c0       	rjmp	.+34     	; 0x75c4 <PV_Mode__MPPT_Simple_Main+0x3f6>
    75a2:	60 91 13 15 	lds	r22, 0x1513	; 0x801513 <AI_Volt_Scale>
    75a6:	70 91 14 15 	lds	r23, 0x1514	; 0x801514 <AI_Volt_Scale+0x1>
    75aa:	80 91 15 15 	lds	r24, 0x1515	; 0x801515 <AI_Volt_Scale+0x2>
    75ae:	90 91 16 15 	lds	r25, 0x1516	; 0x801516 <AI_Volt_Scale+0x3>
    75b2:	20 91 8e 14 	lds	r18, 0x148E	; 0x80148e <LOAD_MPPT_Max_Step_CND>
    75b6:	30 91 8f 14 	lds	r19, 0x148F	; 0x80148f <LOAD_MPPT_Max_Step_CND+0x1>
    75ba:	40 91 90 14 	lds	r20, 0x1490	; 0x801490 <LOAD_MPPT_Max_Step_CND+0x2>
    75be:	50 91 91 14 	lds	r21, 0x1491	; 0x801491 <LOAD_MPPT_Max_Step_CND+0x3>
    75c2:	30 c0       	rjmp	.+96     	; 0x7624 <PV_Mode__MPPT_Simple_Main+0x456>
    75c4:	60 91 13 15 	lds	r22, 0x1513	; 0x801513 <AI_Volt_Scale>
    75c8:	70 91 14 15 	lds	r23, 0x1514	; 0x801514 <AI_Volt_Scale+0x1>
    75cc:	80 91 15 15 	lds	r24, 0x1515	; 0x801515 <AI_Volt_Scale+0x2>
    75d0:	90 91 16 15 	lds	r25, 0x1516	; 0x801516 <AI_Volt_Scale+0x3>
    75d4:	20 91 c1 14 	lds	r18, 0x14C1	; 0x8014c1 <LOAD_MPPT_Min_Step_CND>
    75d8:	30 91 c2 14 	lds	r19, 0x14C2	; 0x8014c2 <LOAD_MPPT_Min_Step_CND+0x1>
    75dc:	40 91 c3 14 	lds	r20, 0x14C3	; 0x8014c3 <LOAD_MPPT_Min_Step_CND+0x2>
    75e0:	50 91 c4 14 	lds	r21, 0x14C4	; 0x8014c4 <LOAD_MPPT_Min_Step_CND+0x3>
    75e4:	c0 90 c7 14 	lds	r12, 0x14C7	; 0x8014c7 <Track_Volt_Step_Size>
    75e8:	d0 90 c8 14 	lds	r13, 0x14C8	; 0x8014c8 <Track_Volt_Step_Size+0x1>
    75ec:	e0 90 c9 14 	lds	r14, 0x14C9	; 0x8014c9 <Track_Volt_Step_Size+0x2>
    75f0:	f0 90 ca 14 	lds	r15, 0x14CA	; 0x8014ca <Track_Volt_Step_Size+0x3>
    75f4:	0e 94 61 49 	call	0x92c2	; 0x92c2 <__mulsf3>
    75f8:	a7 01       	movw	r20, r14
    75fa:	96 01       	movw	r18, r12
    75fc:	0e 94 a8 48 	call	0x9150	; 0x9150 <__gesf2>
    7600:	18 16       	cp	r1, r24
    7602:	d4 f4       	brge	.+52     	; 0x7638 <PV_Mode__MPPT_Simple_Main+0x46a>
    7604:	60 91 13 15 	lds	r22, 0x1513	; 0x801513 <AI_Volt_Scale>
    7608:	70 91 14 15 	lds	r23, 0x1514	; 0x801514 <AI_Volt_Scale+0x1>
    760c:	80 91 15 15 	lds	r24, 0x1515	; 0x801515 <AI_Volt_Scale+0x2>
    7610:	90 91 16 15 	lds	r25, 0x1516	; 0x801516 <AI_Volt_Scale+0x3>
    7614:	20 91 c1 14 	lds	r18, 0x14C1	; 0x8014c1 <LOAD_MPPT_Min_Step_CND>
    7618:	30 91 c2 14 	lds	r19, 0x14C2	; 0x8014c2 <LOAD_MPPT_Min_Step_CND+0x1>
    761c:	40 91 c3 14 	lds	r20, 0x14C3	; 0x8014c3 <LOAD_MPPT_Min_Step_CND+0x2>
    7620:	50 91 c4 14 	lds	r21, 0x14C4	; 0x8014c4 <LOAD_MPPT_Min_Step_CND+0x3>
    7624:	0e 94 61 49 	call	0x92c2	; 0x92c2 <__mulsf3>
    7628:	60 93 c7 14 	sts	0x14C7, r22	; 0x8014c7 <Track_Volt_Step_Size>
    762c:	70 93 c8 14 	sts	0x14C8, r23	; 0x8014c8 <Track_Volt_Step_Size+0x1>
    7630:	80 93 c9 14 	sts	0x14C9, r24	; 0x8014c9 <Track_Volt_Step_Size+0x2>
    7634:	90 93 ca 14 	sts	0x14CA, r25	; 0x8014ca <Track_Volt_Step_Size+0x3>
    7638:	60 91 bd 14 	lds	r22, 0x14BD	; 0x8014bd <PV_Volt_DAQ_New>
    763c:	70 91 be 14 	lds	r23, 0x14BE	; 0x8014be <PV_Volt_DAQ_New+0x1>
    7640:	80 91 bf 14 	lds	r24, 0x14BF	; 0x8014bf <PV_Volt_DAQ_New+0x2>
    7644:	90 91 c0 14 	lds	r25, 0x14C0	; 0x8014c0 <PV_Volt_DAQ_New+0x3>
    7648:	20 e0       	ldi	r18, 0x00	; 0
    764a:	30 e0       	ldi	r19, 0x00	; 0
    764c:	a9 01       	movw	r20, r18
    764e:	0e 94 03 47 	call	0x8e06	; 0x8e06 <__cmpsf2>
    7652:	87 ff       	sbrs	r24, 7
    7654:	3f c0       	rjmp	.+126    	; 0x76d4 <PV_Mode__MPPT_Simple_Main+0x506>
    7656:	80 91 69 14 	lds	r24, 0x1469	; 0x801469 <Track_Status>
    765a:	81 60       	ori	r24, 0x01	; 1
    765c:	80 93 69 14 	sts	0x1469, r24	; 0x801469 <Track_Status>
    7660:	60 91 13 15 	lds	r22, 0x1513	; 0x801513 <AI_Volt_Scale>
    7664:	70 91 14 15 	lds	r23, 0x1514	; 0x801514 <AI_Volt_Scale+0x1>
    7668:	80 91 15 15 	lds	r24, 0x1515	; 0x801515 <AI_Volt_Scale+0x2>
    766c:	90 91 16 15 	lds	r25, 0x1516	; 0x801516 <AI_Volt_Scale+0x3>
    7670:	20 91 8e 14 	lds	r18, 0x148E	; 0x80148e <LOAD_MPPT_Max_Step_CND>
    7674:	30 91 8f 14 	lds	r19, 0x148F	; 0x80148f <LOAD_MPPT_Max_Step_CND+0x1>
    7678:	40 91 90 14 	lds	r20, 0x1490	; 0x801490 <LOAD_MPPT_Max_Step_CND+0x2>
    767c:	50 91 91 14 	lds	r21, 0x1491	; 0x801491 <LOAD_MPPT_Max_Step_CND+0x3>
    7680:	0e 94 61 49 	call	0x92c2	; 0x92c2 <__mulsf3>
    7684:	60 93 c7 14 	sts	0x14C7, r22	; 0x8014c7 <Track_Volt_Step_Size>
    7688:	70 93 c8 14 	sts	0x14C8, r23	; 0x8014c8 <Track_Volt_Step_Size+0x1>
    768c:	80 93 c9 14 	sts	0x14C9, r24	; 0x8014c9 <Track_Volt_Step_Size+0x2>
    7690:	90 93 ca 14 	sts	0x14CA, r25	; 0x8014ca <Track_Volt_Step_Size+0x3>
    7694:	80 91 c7 14 	lds	r24, 0x14C7	; 0x8014c7 <Track_Volt_Step_Size>
    7698:	90 91 c8 14 	lds	r25, 0x14C8	; 0x8014c8 <Track_Volt_Step_Size+0x1>
    769c:	a0 91 c9 14 	lds	r26, 0x14C9	; 0x8014c9 <Track_Volt_Step_Size+0x2>
    76a0:	b0 91 ca 14 	lds	r27, 0x14CA	; 0x8014ca <Track_Volt_Step_Size+0x3>
    76a4:	80 93 bd 14 	sts	0x14BD, r24	; 0x8014bd <PV_Volt_DAQ_New>
    76a8:	90 93 be 14 	sts	0x14BE, r25	; 0x8014be <PV_Volt_DAQ_New+0x1>
    76ac:	a0 93 bf 14 	sts	0x14BF, r26	; 0x8014bf <PV_Volt_DAQ_New+0x2>
    76b0:	b0 93 c0 14 	sts	0x14C0, r27	; 0x8014c0 <PV_Volt_DAQ_New+0x3>
    76b4:	80 91 d4 14 	lds	r24, 0x14D4	; 0x8014d4 <PV_Active_Load_Power>
    76b8:	90 91 d5 14 	lds	r25, 0x14D5	; 0x8014d5 <PV_Active_Load_Power+0x1>
    76bc:	a0 91 d6 14 	lds	r26, 0x14D6	; 0x8014d6 <PV_Active_Load_Power+0x2>
    76c0:	b0 91 d7 14 	lds	r27, 0x14D7	; 0x8014d7 <PV_Active_Load_Power+0x3>
    76c4:	80 93 5d 14 	sts	0x145D, r24	; 0x80145d <Track_Power_Old>
    76c8:	90 93 5e 14 	sts	0x145E, r25	; 0x80145e <Track_Power_Old+0x1>
    76cc:	a0 93 5f 14 	sts	0x145F, r26	; 0x80145f <Track_Power_Old+0x2>
    76d0:	b0 93 60 14 	sts	0x1460, r27	; 0x801460 <Track_Power_Old+0x3>
    76d4:	ff 90       	pop	r15
    76d6:	ef 90       	pop	r14
    76d8:	df 90       	pop	r13
    76da:	cf 90       	pop	r12
    76dc:	bf 90       	pop	r11
    76de:	af 90       	pop	r10
    76e0:	9f 90       	pop	r9
    76e2:	8f 90       	pop	r8
    76e4:	7f 90       	pop	r7
    76e6:	6f 90       	pop	r6
    76e8:	5f 90       	pop	r5
    76ea:	4f 90       	pop	r4
    76ec:	08 95       	ret

000076ee <LOAD_CTR_MAIN>:
    76ee:	60 91 97 10 	lds	r22, 0x1097	; 0x801097 <AI_Volt>
    76f2:	70 91 98 10 	lds	r23, 0x1098	; 0x801098 <AI_Volt+0x1>
    76f6:	80 91 99 10 	lds	r24, 0x1099	; 0x801099 <AI_Volt+0x2>
    76fa:	90 91 9a 10 	lds	r25, 0x109A	; 0x80109a <AI_Volt+0x3>
    76fe:	20 91 49 12 	lds	r18, 0x1249	; 0x801249 <AI_Curr_Corr>
    7702:	30 91 4a 12 	lds	r19, 0x124A	; 0x80124a <AI_Curr_Corr+0x1>
    7706:	40 91 4b 12 	lds	r20, 0x124B	; 0x80124b <AI_Curr_Corr+0x2>
    770a:	50 91 4c 12 	lds	r21, 0x124C	; 0x80124c <AI_Curr_Corr+0x3>
    770e:	0e 94 61 49 	call	0x92c2	; 0x92c2 <__mulsf3>
    7712:	60 93 d4 14 	sts	0x14D4, r22	; 0x8014d4 <PV_Active_Load_Power>
    7716:	70 93 d5 14 	sts	0x14D5, r23	; 0x8014d5 <PV_Active_Load_Power+0x1>
    771a:	80 93 d6 14 	sts	0x14D6, r24	; 0x8014d6 <PV_Active_Load_Power+0x2>
    771e:	90 93 d7 14 	sts	0x14D7, r25	; 0x8014d7 <PV_Active_Load_Power+0x3>
    7722:	80 91 2b 14 	lds	r24, 0x142B	; 0x80142b <SysControl>
    7726:	87 ff       	sbrs	r24, 7
    7728:	0b c0       	rjmp	.+22     	; 0x7740 <LOAD_CTR_MAIN+0x52>
    772a:	80 91 26 14 	lds	r24, 0x1426	; 0x801426 <SysStatus_A>
    772e:	82 60       	ori	r24, 0x02	; 2
    7730:	80 93 26 14 	sts	0x1426, r24	; 0x801426 <SysStatus_A>
    7734:	80 91 2b 14 	lds	r24, 0x142B	; 0x80142b <SysControl>
    7738:	8e 7f       	andi	r24, 0xFE	; 254
    773a:	80 93 2b 14 	sts	0x142B, r24	; 0x80142b <SysControl>
    773e:	05 c0       	rjmp	.+10     	; 0x774a <LOAD_CTR_MAIN+0x5c>
    7740:	80 91 26 14 	lds	r24, 0x1426	; 0x801426 <SysStatus_A>
    7744:	8d 7f       	andi	r24, 0xFD	; 253
    7746:	80 93 26 14 	sts	0x1426, r24	; 0x801426 <SysStatus_A>
    774a:	a8 d8       	rcall	.-3760   	; 0x689c <Process_Operating_Temperature_State>
    774c:	64 d9       	rcall	.-3384   	; 0x6a16 <Process_Bias_Voltage_State>
    774e:	af d9       	rcall	.-3234   	; 0x6aae <Process_Fan_Control>
    7750:	b3 da       	rcall	.-2714   	; 0x6cb8 <Process_Error_LED_State>
    7752:	80 91 2b 14 	lds	r24, 0x142B	; 0x80142b <SysControl>
    7756:	80 ff       	sbrs	r24, 0
    7758:	d4 c0       	rjmp	.+424    	; 0x7902 <LOAD_CTR_MAIN+0x214>
    775a:	80 91 2b 14 	lds	r24, 0x142B	; 0x80142b <SysControl>
    775e:	81 ff       	sbrs	r24, 1
    7760:	1c c0       	rjmp	.+56     	; 0x779a <LOAD_CTR_MAIN+0xac>
    7762:	bd da       	rcall	.-2694   	; 0x6cde <Check_Temp_Disconnect_State>
    7764:	81 11       	cpse	r24, r1
    7766:	04 c0       	rjmp	.+8      	; 0x7770 <LOAD_CTR_MAIN+0x82>
    7768:	80 91 26 14 	lds	r24, 0x1426	; 0x801426 <SysStatus_A>
    776c:	85 ff       	sbrs	r24, 5
    776e:	0b c0       	rjmp	.+22     	; 0x7786 <LOAD_CTR_MAIN+0x98>
    7770:	80 91 26 14 	lds	r24, 0x1426	; 0x801426 <SysStatus_A>
    7774:	8e 7f       	andi	r24, 0xFE	; 254
    7776:	80 93 26 14 	sts	0x1426, r24	; 0x801426 <SysStatus_A>
    777a:	47 98       	cbi	0x08, 7	; 8
    777c:	28 98       	cbi	0x05, 0	; 5
    777e:	80 91 2b 14 	lds	r24, 0x142B	; 0x80142b <SysControl>
    7782:	8d 7f       	andi	r24, 0xFD	; 253
    7784:	bb c0       	rjmp	.+374    	; 0x78fc <LOAD_CTR_MAIN+0x20e>
    7786:	80 91 26 14 	lds	r24, 0x1426	; 0x801426 <SysStatus_A>
    778a:	81 60       	ori	r24, 0x01	; 1
    778c:	80 93 26 14 	sts	0x1426, r24	; 0x801426 <SysStatus_A>
    7790:	47 9a       	sbi	0x08, 7	; 8
    7792:	28 9a       	sbi	0x05, 0	; 5
    7794:	0e 94 a8 07 	call	0xf50	; 0xf50 <PV_IV_MEAS>
    7798:	d3 c0       	rjmp	.+422    	; 0x7940 <LOAD_CTR_MAIN+0x252>
    779a:	80 91 2b 14 	lds	r24, 0x142B	; 0x80142b <SysControl>
    779e:	82 ff       	sbrs	r24, 2
    77a0:	1c c0       	rjmp	.+56     	; 0x77da <LOAD_CTR_MAIN+0xec>
    77a2:	9d da       	rcall	.-2758   	; 0x6cde <Check_Temp_Disconnect_State>
    77a4:	81 11       	cpse	r24, r1
    77a6:	04 c0       	rjmp	.+8      	; 0x77b0 <LOAD_CTR_MAIN+0xc2>
    77a8:	80 91 26 14 	lds	r24, 0x1426	; 0x801426 <SysStatus_A>
    77ac:	85 ff       	sbrs	r24, 5
    77ae:	0b c0       	rjmp	.+22     	; 0x77c6 <LOAD_CTR_MAIN+0xd8>
    77b0:	80 91 26 14 	lds	r24, 0x1426	; 0x801426 <SysStatus_A>
    77b4:	8e 7f       	andi	r24, 0xFE	; 254
    77b6:	80 93 26 14 	sts	0x1426, r24	; 0x801426 <SysStatus_A>
    77ba:	47 98       	cbi	0x08, 7	; 8
    77bc:	28 98       	cbi	0x05, 0	; 5
    77be:	80 91 2b 14 	lds	r24, 0x142B	; 0x80142b <SysControl>
    77c2:	8b 7f       	andi	r24, 0xFB	; 251
    77c4:	9b c0       	rjmp	.+310    	; 0x78fc <LOAD_CTR_MAIN+0x20e>
    77c6:	80 91 26 14 	lds	r24, 0x1426	; 0x801426 <SysStatus_A>
    77ca:	81 60       	ori	r24, 0x01	; 1
    77cc:	80 93 26 14 	sts	0x1426, r24	; 0x801426 <SysStatus_A>
    77d0:	47 9a       	sbi	0x08, 7	; 8
    77d2:	28 9a       	sbi	0x05, 0	; 5
    77d4:	0e 94 2c 02 	call	0x458	; 0x458 <PV_TRANS_MEAS>
    77d8:	b3 c0       	rjmp	.+358    	; 0x7940 <LOAD_CTR_MAIN+0x252>
    77da:	52 da       	rcall	.-2908   	; 0x6c80 <Check_if_Active_Errors_Output_Disabled>
    77dc:	88 23       	and	r24, r24
    77de:	c1 f0       	breq	.+48     	; 0x7810 <LOAD_CTR_MAIN+0x122>
    77e0:	80 91 26 14 	lds	r24, 0x1426	; 0x801426 <SysStatus_A>
    77e4:	81 60       	ori	r24, 0x01	; 1
    77e6:	80 93 26 14 	sts	0x1426, r24	; 0x801426 <SysStatus_A>
    77ea:	47 9a       	sbi	0x08, 7	; 8
    77ec:	28 98       	cbi	0x05, 0	; 5
    77ee:	80 91 5e 15 	lds	r24, 0x155E	; 0x80155e <Range_Volt_Switch_Freq_Ctr_Max>
    77f2:	90 91 5f 15 	lds	r25, 0x155F	; 0x80155f <Range_Volt_Switch_Freq_Ctr_Max+0x1>
    77f6:	90 93 30 15 	sts	0x1530, r25	; 0x801530 <Range_Volt_Switch_Freq_Counter+0x1>
    77fa:	80 93 2f 15 	sts	0x152F, r24	; 0x80152f <Range_Volt_Switch_Freq_Counter>
    77fe:	80 91 ed 14 	lds	r24, 0x14ED	; 0x8014ed <Range_Curr_Switch_Freq_Ctr_Max>
    7802:	90 91 ee 14 	lds	r25, 0x14EE	; 0x8014ee <Range_Curr_Switch_Freq_Ctr_Max+0x1>
    7806:	90 93 eb 14 	sts	0x14EB, r25	; 0x8014eb <Range_Curr_Switch_Freq_Counter+0x1>
    780a:	80 93 ea 14 	sts	0x14EA, r24	; 0x8014ea <Range_Curr_Switch_Freq_Counter>
    780e:	98 c0       	rjmp	.+304    	; 0x7940 <LOAD_CTR_MAIN+0x252>
    7810:	80 91 a9 14 	lds	r24, 0x14A9	; 0x8014a9 <PV_Mode_CTR>
    7814:	81 30       	cpi	r24, 0x01	; 1
    7816:	61 f4       	brne	.+24     	; 0x7830 <LOAD_CTR_MAIN+0x142>
    7818:	80 91 a9 14 	lds	r24, 0x14A9	; 0x8014a9 <PV_Mode_CTR>
    781c:	80 93 92 14 	sts	0x1492, r24	; 0x801492 <PV_Mode_ACT>
    7820:	80 91 26 14 	lds	r24, 0x1426	; 0x801426 <SysStatus_A>
    7824:	81 60       	ori	r24, 0x01	; 1
    7826:	80 93 26 14 	sts	0x1426, r24	; 0x801426 <SysStatus_A>
    782a:	47 9a       	sbi	0x08, 7	; 8
    782c:	28 98       	cbi	0x05, 0	; 5
    782e:	88 c0       	rjmp	.+272    	; 0x7940 <LOAD_CTR_MAIN+0x252>
    7830:	80 91 a9 14 	lds	r24, 0x14A9	; 0x8014a9 <PV_Mode_CTR>
    7834:	82 30       	cpi	r24, 0x02	; 2
    7836:	a1 f4       	brne	.+40     	; 0x7860 <LOAD_CTR_MAIN+0x172>
    7838:	80 91 a9 14 	lds	r24, 0x14A9	; 0x8014a9 <PV_Mode_CTR>
    783c:	80 93 92 14 	sts	0x1492, r24	; 0x801492 <PV_Mode_ACT>
    7840:	80 91 26 14 	lds	r24, 0x1426	; 0x801426 <SysStatus_A>
    7844:	81 60       	ori	r24, 0x01	; 1
    7846:	80 93 26 14 	sts	0x1426, r24	; 0x801426 <SysStatus_A>
    784a:	47 9a       	sbi	0x08, 7	; 8
    784c:	28 9a       	sbi	0x05, 0	; 5
    784e:	10 92 bd 14 	sts	0x14BD, r1	; 0x8014bd <PV_Volt_DAQ_New>
    7852:	10 92 be 14 	sts	0x14BE, r1	; 0x8014be <PV_Volt_DAQ_New+0x1>
    7856:	10 92 bf 14 	sts	0x14BF, r1	; 0x8014bf <PV_Volt_DAQ_New+0x2>
    785a:	10 92 c0 14 	sts	0x14C0, r1	; 0x8014c0 <PV_Volt_DAQ_New+0x3>
    785e:	70 c0       	rjmp	.+224    	; 0x7940 <LOAD_CTR_MAIN+0x252>
    7860:	80 91 a9 14 	lds	r24, 0x14A9	; 0x8014a9 <PV_Mode_CTR>
    7864:	83 30       	cpi	r24, 0x03	; 3
    7866:	a1 f4       	brne	.+40     	; 0x7890 <LOAD_CTR_MAIN+0x1a2>
    7868:	80 91 a9 14 	lds	r24, 0x14A9	; 0x8014a9 <PV_Mode_CTR>
    786c:	80 93 92 14 	sts	0x1492, r24	; 0x801492 <PV_Mode_ACT>
    7870:	80 91 26 14 	lds	r24, 0x1426	; 0x801426 <SysStatus_A>
    7874:	81 60       	ori	r24, 0x01	; 1
    7876:	80 93 26 14 	sts	0x1426, r24	; 0x801426 <SysStatus_A>
    787a:	47 9a       	sbi	0x08, 7	; 8
    787c:	28 9a       	sbi	0x05, 0	; 5
    787e:	80 91 56 14 	lds	r24, 0x1456	; 0x801456 <PV_Volt_Setpoint>
    7882:	90 91 57 14 	lds	r25, 0x1457	; 0x801457 <PV_Volt_Setpoint+0x1>
    7886:	a0 91 58 14 	lds	r26, 0x1458	; 0x801458 <PV_Volt_Setpoint+0x2>
    788a:	b0 91 59 14 	lds	r27, 0x1459	; 0x801459 <PV_Volt_Setpoint+0x3>
    788e:	50 c0       	rjmp	.+160    	; 0x7930 <LOAD_CTR_MAIN+0x242>
    7890:	80 91 a9 14 	lds	r24, 0x14A9	; 0x8014a9 <PV_Mode_CTR>
    7894:	84 30       	cpi	r24, 0x04	; 4
    7896:	89 f4       	brne	.+34     	; 0x78ba <LOAD_CTR_MAIN+0x1cc>
    7898:	80 91 26 14 	lds	r24, 0x1426	; 0x801426 <SysStatus_A>
    789c:	81 60       	ori	r24, 0x01	; 1
    789e:	80 93 26 14 	sts	0x1426, r24	; 0x801426 <SysStatus_A>
    78a2:	47 9a       	sbi	0x08, 7	; 8
    78a4:	28 9a       	sbi	0x05, 0	; 5
    78a6:	90 91 92 14 	lds	r25, 0x1492	; 0x801492 <PV_Mode_ACT>
    78aa:	80 91 a9 14 	lds	r24, 0x14A9	; 0x8014a9 <PV_Mode_CTR>
    78ae:	98 13       	cpse	r25, r24
    78b0:	02 c0       	rjmp	.+4      	; 0x78b6 <LOAD_CTR_MAIN+0x1c8>
    78b2:	9c da       	rcall	.-2760   	; 0x6dec <PV_Mode__Constant_Current_Main>
    78b4:	45 c0       	rjmp	.+138    	; 0x7940 <LOAD_CTR_MAIN+0x252>
    78b6:	6c da       	rcall	.-2856   	; 0x6d90 <PV_Mode__Constant_Current_Init>
    78b8:	43 c0       	rjmp	.+134    	; 0x7940 <LOAD_CTR_MAIN+0x252>
    78ba:	80 91 a9 14 	lds	r24, 0x14A9	; 0x8014a9 <PV_Mode_CTR>
    78be:	85 30       	cpi	r24, 0x05	; 5
    78c0:	89 f4       	brne	.+34     	; 0x78e4 <LOAD_CTR_MAIN+0x1f6>
    78c2:	80 91 26 14 	lds	r24, 0x1426	; 0x801426 <SysStatus_A>
    78c6:	81 60       	ori	r24, 0x01	; 1
    78c8:	80 93 26 14 	sts	0x1426, r24	; 0x801426 <SysStatus_A>
    78cc:	47 9a       	sbi	0x08, 7	; 8
    78ce:	28 9a       	sbi	0x05, 0	; 5
    78d0:	90 91 92 14 	lds	r25, 0x1492	; 0x801492 <PV_Mode_ACT>
    78d4:	80 91 a9 14 	lds	r24, 0x14A9	; 0x8014a9 <PV_Mode_CTR>
    78d8:	98 13       	cpse	r25, r24
    78da:	02 c0       	rjmp	.+4      	; 0x78e0 <LOAD_CTR_MAIN+0x1f2>
    78dc:	78 dc       	rcall	.-1808   	; 0x71ce <PV_Mode__MPPT_Simple_Main>
    78de:	30 c0       	rjmp	.+96     	; 0x7940 <LOAD_CTR_MAIN+0x252>
    78e0:	24 dc       	rcall	.-1976   	; 0x712a <PV_Mode__MPPT_Simple_Init>
    78e2:	2e c0       	rjmp	.+92     	; 0x7940 <LOAD_CTR_MAIN+0x252>
    78e4:	10 92 a9 14 	sts	0x14A9, r1	; 0x8014a9 <PV_Mode_CTR>
    78e8:	80 91 26 14 	lds	r24, 0x1426	; 0x801426 <SysStatus_A>
    78ec:	8e 7f       	andi	r24, 0xFE	; 254
    78ee:	80 93 26 14 	sts	0x1426, r24	; 0x801426 <SysStatus_A>
    78f2:	47 98       	cbi	0x08, 7	; 8
    78f4:	28 98       	cbi	0x05, 0	; 5
    78f6:	80 91 2b 14 	lds	r24, 0x142B	; 0x80142b <SysControl>
    78fa:	8e 7f       	andi	r24, 0xFE	; 254
    78fc:	80 93 2b 14 	sts	0x142B, r24	; 0x80142b <SysControl>
    7900:	1f c0       	rjmp	.+62     	; 0x7940 <LOAD_CTR_MAIN+0x252>
    7902:	80 91 26 14 	lds	r24, 0x1426	; 0x801426 <SysStatus_A>
    7906:	8e 7f       	andi	r24, 0xFE	; 254
    7908:	80 93 26 14 	sts	0x1426, r24	; 0x801426 <SysStatus_A>
    790c:	47 98       	cbi	0x08, 7	; 8
    790e:	28 98       	cbi	0x05, 0	; 5
    7910:	80 91 2b 14 	lds	r24, 0x142B	; 0x80142b <SysControl>
    7914:	8d 7f       	andi	r24, 0xFD	; 253
    7916:	80 93 2b 14 	sts	0x142B, r24	; 0x80142b <SysControl>
    791a:	80 91 2b 14 	lds	r24, 0x142B	; 0x80142b <SysControl>
    791e:	8b 7f       	andi	r24, 0xFB	; 251
    7920:	80 93 2b 14 	sts	0x142B, r24	; 0x80142b <SysControl>
    7924:	10 92 92 14 	sts	0x1492, r1	; 0x801492 <PV_Mode_ACT>
    7928:	80 e0       	ldi	r24, 0x00	; 0
    792a:	9a ef       	ldi	r25, 0xFA	; 250
    792c:	af e7       	ldi	r26, 0x7F	; 127
    792e:	b7 e4       	ldi	r27, 0x47	; 71
    7930:	80 93 bd 14 	sts	0x14BD, r24	; 0x8014bd <PV_Volt_DAQ_New>
    7934:	90 93 be 14 	sts	0x14BE, r25	; 0x8014be <PV_Volt_DAQ_New+0x1>
    7938:	a0 93 bf 14 	sts	0x14BF, r26	; 0x8014bf <PV_Volt_DAQ_New+0x2>
    793c:	b0 93 c0 14 	sts	0x14C0, r27	; 0x8014c0 <PV_Volt_DAQ_New+0x3>
    7940:	60 91 97 14 	lds	r22, 0x1497	; 0x801497 <PV_Volt_DAC_ACT>
    7944:	70 91 98 14 	lds	r23, 0x1498	; 0x801498 <PV_Volt_DAC_ACT+0x1>
    7948:	80 91 99 14 	lds	r24, 0x1499	; 0x801499 <PV_Volt_DAC_ACT+0x2>
    794c:	90 91 9a 14 	lds	r25, 0x149A	; 0x80149a <PV_Volt_DAC_ACT+0x3>
    7950:	20 91 bd 14 	lds	r18, 0x14BD	; 0x8014bd <PV_Volt_DAQ_New>
    7954:	30 91 be 14 	lds	r19, 0x14BE	; 0x8014be <PV_Volt_DAQ_New+0x1>
    7958:	40 91 bf 14 	lds	r20, 0x14BF	; 0x8014bf <PV_Volt_DAQ_New+0x2>
    795c:	50 91 c0 14 	lds	r21, 0x14C0	; 0x8014c0 <PV_Volt_DAQ_New+0x3>
    7960:	0e 94 03 47 	call	0x8e06	; 0x8e06 <__cmpsf2>
    7964:	88 23       	and	r24, r24
    7966:	51 f0       	breq	.+20     	; 0x797c <LOAD_CTR_MAIN+0x28e>
    7968:	60 91 bd 14 	lds	r22, 0x14BD	; 0x8014bd <PV_Volt_DAQ_New>
    796c:	70 91 be 14 	lds	r23, 0x14BE	; 0x8014be <PV_Volt_DAQ_New+0x1>
    7970:	80 91 bf 14 	lds	r24, 0x14BF	; 0x8014bf <PV_Volt_DAQ_New+0x2>
    7974:	90 91 c0 14 	lds	r25, 0x14C0	; 0x8014c0 <PV_Volt_DAQ_New+0x3>
    7978:	0c 94 cf 2d 	jmp	0x5b9e	; 0x5b9e <Set_DAC_Output_Volts>
    797c:	08 95       	ret

0000797e <Get_Best_Voltage_Range_From_Value>:
    797e:	af 92       	push	r10
    7980:	bf 92       	push	r11
    7982:	cf 92       	push	r12
    7984:	df 92       	push	r13
    7986:	ef 92       	push	r14
    7988:	ff 92       	push	r15
    798a:	0f 93       	push	r16
    798c:	1f 93       	push	r17
    798e:	cf 93       	push	r28
    7990:	6b 01       	movw	r12, r22
    7992:	7c 01       	movw	r14, r24
    7994:	04 e0       	ldi	r16, 0x04	; 4
    7996:	10 e0       	ldi	r17, 0x00	; 0
    7998:	c0 2f       	mov	r28, r16
    799a:	58 01       	movw	r10, r16
    799c:	aa 0c       	add	r10, r10
    799e:	bb 1c       	adc	r11, r11
    79a0:	aa 0c       	add	r10, r10
    79a2:	bb 1c       	adc	r11, r11
    79a4:	f5 01       	movw	r30, r10
    79a6:	ee 5c       	subi	r30, 0xCE	; 206
    79a8:	fa 4e       	sbci	r31, 0xEA	; 234
    79aa:	60 81       	ld	r22, Z
    79ac:	71 81       	ldd	r23, Z+1	; 0x01
    79ae:	82 81       	ldd	r24, Z+2	; 0x02
    79b0:	93 81       	ldd	r25, Z+3	; 0x03
    79b2:	a7 01       	movw	r20, r14
    79b4:	96 01       	movw	r18, r12
    79b6:	0e 94 a8 48 	call	0x9150	; 0x9150 <__gesf2>
    79ba:	18 16       	cp	r1, r24
    79bc:	6c f4       	brge	.+26     	; 0x79d8 <Get_Best_Voltage_Range_From_Value+0x5a>
    79be:	f5 01       	movw	r30, r10
    79c0:	e9 5b       	subi	r30, 0xB9	; 185
    79c2:	fa 4e       	sbci	r31, 0xEA	; 234
    79c4:	20 81       	ld	r18, Z
    79c6:	31 81       	ldd	r19, Z+1	; 0x01
    79c8:	42 81       	ldd	r20, Z+2	; 0x02
    79ca:	53 81       	ldd	r21, Z+3	; 0x03
    79cc:	c7 01       	movw	r24, r14
    79ce:	b6 01       	movw	r22, r12
    79d0:	0e 94 a8 48 	call	0x9150	; 0x9150 <__gesf2>
    79d4:	18 16       	cp	r1, r24
    79d6:	24 f0       	brlt	.+8      	; 0x79e0 <Get_Best_Voltage_Range_From_Value+0x62>
    79d8:	01 50       	subi	r16, 0x01	; 1
    79da:	11 09       	sbc	r17, r1
    79dc:	e8 f6       	brcc	.-70     	; 0x7998 <Get_Best_Voltage_Range_From_Value+0x1a>
    79de:	c4 e0       	ldi	r28, 0x04	; 4
    79e0:	2c 2f       	mov	r18, r28
    79e2:	30 e0       	ldi	r19, 0x00	; 0
    79e4:	80 91 e5 14 	lds	r24, 0x14E5	; 0x8014e5 <Range_Volt_ID_Act>
    79e8:	90 e0       	ldi	r25, 0x00	; 0
    79ea:	01 96       	adiw	r24, 0x01	; 1
    79ec:	28 17       	cp	r18, r24
    79ee:	39 07       	cpc	r19, r25
    79f0:	99 f4       	brne	.+38     	; 0x7a18 <Get_Best_Voltage_Range_From_Value+0x9a>
    79f2:	e0 91 e5 14 	lds	r30, 0x14E5	; 0x8014e5 <Range_Volt_ID_Act>
    79f6:	84 e0       	ldi	r24, 0x04	; 4
    79f8:	e8 9f       	mul	r30, r24
    79fa:	f0 01       	movw	r30, r0
    79fc:	11 24       	eor	r1, r1
    79fe:	ee 5c       	subi	r30, 0xCE	; 206
    7a00:	fa 4e       	sbci	r31, 0xEA	; 234
    7a02:	20 81       	ld	r18, Z
    7a04:	31 81       	ldd	r19, Z+1	; 0x01
    7a06:	42 81       	ldd	r20, Z+2	; 0x02
    7a08:	53 81       	ldd	r21, Z+3	; 0x03
    7a0a:	c7 01       	movw	r24, r14
    7a0c:	b6 01       	movw	r22, r12
    7a0e:	0e 94 03 47 	call	0x8e06	; 0x8e06 <__cmpsf2>
    7a12:	87 ff       	sbrs	r24, 7
    7a14:	1c c0       	rjmp	.+56     	; 0x7a4e <Get_Best_Voltage_Range_From_Value+0xd0>
    7a16:	19 c0       	rjmp	.+50     	; 0x7a4a <Get_Best_Voltage_Range_From_Value+0xcc>
    7a18:	80 91 e5 14 	lds	r24, 0x14E5	; 0x8014e5 <Range_Volt_ID_Act>
    7a1c:	90 e0       	ldi	r25, 0x00	; 0
    7a1e:	01 97       	sbiw	r24, 0x01	; 1
    7a20:	28 17       	cp	r18, r24
    7a22:	39 07       	cpc	r19, r25
    7a24:	a1 f4       	brne	.+40     	; 0x7a4e <Get_Best_Voltage_Range_From_Value+0xd0>
    7a26:	e0 91 e5 14 	lds	r30, 0x14E5	; 0x8014e5 <Range_Volt_ID_Act>
    7a2a:	84 e0       	ldi	r24, 0x04	; 4
    7a2c:	e8 9f       	mul	r30, r24
    7a2e:	f0 01       	movw	r30, r0
    7a30:	11 24       	eor	r1, r1
    7a32:	e9 5b       	subi	r30, 0xB9	; 185
    7a34:	fa 4e       	sbci	r31, 0xEA	; 234
    7a36:	20 81       	ld	r18, Z
    7a38:	31 81       	ldd	r19, Z+1	; 0x01
    7a3a:	42 81       	ldd	r20, Z+2	; 0x02
    7a3c:	53 81       	ldd	r21, Z+3	; 0x03
    7a3e:	c7 01       	movw	r24, r14
    7a40:	b6 01       	movw	r22, r12
    7a42:	0e 94 a8 48 	call	0x9150	; 0x9150 <__gesf2>
    7a46:	18 16       	cp	r1, r24
    7a48:	14 f4       	brge	.+4      	; 0x7a4e <Get_Best_Voltage_Range_From_Value+0xd0>
    7a4a:	c0 91 e5 14 	lds	r28, 0x14E5	; 0x8014e5 <Range_Volt_ID_Act>
    7a4e:	8c 2f       	mov	r24, r28
    7a50:	cf 91       	pop	r28
    7a52:	1f 91       	pop	r17
    7a54:	0f 91       	pop	r16
    7a56:	ff 90       	pop	r15
    7a58:	ef 90       	pop	r14
    7a5a:	df 90       	pop	r13
    7a5c:	cf 90       	pop	r12
    7a5e:	bf 90       	pop	r11
    7a60:	af 90       	pop	r10
    7a62:	08 95       	ret

00007a64 <Get_Best_Current_Range_From_Value>:
    7a64:	af 92       	push	r10
    7a66:	bf 92       	push	r11
    7a68:	cf 92       	push	r12
    7a6a:	df 92       	push	r13
    7a6c:	ef 92       	push	r14
    7a6e:	ff 92       	push	r15
    7a70:	0f 93       	push	r16
    7a72:	1f 93       	push	r17
    7a74:	cf 93       	push	r28
    7a76:	6b 01       	movw	r12, r22
    7a78:	7c 01       	movw	r14, r24
    7a7a:	05 e0       	ldi	r16, 0x05	; 5
    7a7c:	10 e0       	ldi	r17, 0x00	; 0
    7a7e:	c0 2f       	mov	r28, r16
    7a80:	58 01       	movw	r10, r16
    7a82:	aa 0c       	add	r10, r10
    7a84:	bb 1c       	adc	r11, r11
    7a86:	aa 0c       	add	r10, r10
    7a88:	bb 1c       	adc	r11, r11
    7a8a:	f5 01       	movw	r30, r10
    7a8c:	e1 51       	subi	r30, 0x11	; 17
    7a8e:	fb 4e       	sbci	r31, 0xEB	; 235
    7a90:	60 81       	ld	r22, Z
    7a92:	71 81       	ldd	r23, Z+1	; 0x01
    7a94:	82 81       	ldd	r24, Z+2	; 0x02
    7a96:	93 81       	ldd	r25, Z+3	; 0x03
    7a98:	a7 01       	movw	r20, r14
    7a9a:	96 01       	movw	r18, r12
    7a9c:	0e 94 a8 48 	call	0x9150	; 0x9150 <__gesf2>
    7aa0:	18 16       	cp	r1, r24
    7aa2:	6c f4       	brge	.+26     	; 0x7abe <Get_Best_Current_Range_From_Value+0x5a>
    7aa4:	f5 01       	movw	r30, r10
    7aa6:	e9 5e       	subi	r30, 0xE9	; 233
    7aa8:	fa 4e       	sbci	r31, 0xEA	; 234
    7aaa:	20 81       	ld	r18, Z
    7aac:	31 81       	ldd	r19, Z+1	; 0x01
    7aae:	42 81       	ldd	r20, Z+2	; 0x02
    7ab0:	53 81       	ldd	r21, Z+3	; 0x03
    7ab2:	c7 01       	movw	r24, r14
    7ab4:	b6 01       	movw	r22, r12
    7ab6:	0e 94 a8 48 	call	0x9150	; 0x9150 <__gesf2>
    7aba:	18 16       	cp	r1, r24
    7abc:	24 f0       	brlt	.+8      	; 0x7ac6 <Get_Best_Current_Range_From_Value+0x62>
    7abe:	01 50       	subi	r16, 0x01	; 1
    7ac0:	11 09       	sbc	r17, r1
    7ac2:	e8 f6       	brcc	.-70     	; 0x7a7e <Get_Best_Current_Range_From_Value+0x1a>
    7ac4:	c5 e0       	ldi	r28, 0x05	; 5
    7ac6:	2c 2f       	mov	r18, r28
    7ac8:	30 e0       	ldi	r19, 0x00	; 0
    7aca:	80 91 5c 15 	lds	r24, 0x155C	; 0x80155c <Range_Curr_ID_Act>
    7ace:	90 e0       	ldi	r25, 0x00	; 0
    7ad0:	01 96       	adiw	r24, 0x01	; 1
    7ad2:	28 17       	cp	r18, r24
    7ad4:	39 07       	cpc	r19, r25
    7ad6:	99 f4       	brne	.+38     	; 0x7afe <Get_Best_Current_Range_From_Value+0x9a>
    7ad8:	e0 91 5c 15 	lds	r30, 0x155C	; 0x80155c <Range_Curr_ID_Act>
    7adc:	84 e0       	ldi	r24, 0x04	; 4
    7ade:	e8 9f       	mul	r30, r24
    7ae0:	f0 01       	movw	r30, r0
    7ae2:	11 24       	eor	r1, r1
    7ae4:	e1 51       	subi	r30, 0x11	; 17
    7ae6:	fb 4e       	sbci	r31, 0xEB	; 235
    7ae8:	20 81       	ld	r18, Z
    7aea:	31 81       	ldd	r19, Z+1	; 0x01
    7aec:	42 81       	ldd	r20, Z+2	; 0x02
    7aee:	53 81       	ldd	r21, Z+3	; 0x03
    7af0:	c7 01       	movw	r24, r14
    7af2:	b6 01       	movw	r22, r12
    7af4:	0e 94 03 47 	call	0x8e06	; 0x8e06 <__cmpsf2>
    7af8:	87 ff       	sbrs	r24, 7
    7afa:	1c c0       	rjmp	.+56     	; 0x7b34 <Get_Best_Current_Range_From_Value+0xd0>
    7afc:	19 c0       	rjmp	.+50     	; 0x7b30 <Get_Best_Current_Range_From_Value+0xcc>
    7afe:	80 91 5c 15 	lds	r24, 0x155C	; 0x80155c <Range_Curr_ID_Act>
    7b02:	90 e0       	ldi	r25, 0x00	; 0
    7b04:	01 97       	sbiw	r24, 0x01	; 1
    7b06:	28 17       	cp	r18, r24
    7b08:	39 07       	cpc	r19, r25
    7b0a:	a1 f4       	brne	.+40     	; 0x7b34 <Get_Best_Current_Range_From_Value+0xd0>
    7b0c:	e0 91 5c 15 	lds	r30, 0x155C	; 0x80155c <Range_Curr_ID_Act>
    7b10:	84 e0       	ldi	r24, 0x04	; 4
    7b12:	e8 9f       	mul	r30, r24
    7b14:	f0 01       	movw	r30, r0
    7b16:	11 24       	eor	r1, r1
    7b18:	e9 5e       	subi	r30, 0xE9	; 233
    7b1a:	fa 4e       	sbci	r31, 0xEA	; 234
    7b1c:	20 81       	ld	r18, Z
    7b1e:	31 81       	ldd	r19, Z+1	; 0x01
    7b20:	42 81       	ldd	r20, Z+2	; 0x02
    7b22:	53 81       	ldd	r21, Z+3	; 0x03
    7b24:	c7 01       	movw	r24, r14
    7b26:	b6 01       	movw	r22, r12
    7b28:	0e 94 a8 48 	call	0x9150	; 0x9150 <__gesf2>
    7b2c:	18 16       	cp	r1, r24
    7b2e:	14 f4       	brge	.+4      	; 0x7b34 <Get_Best_Current_Range_From_Value+0xd0>
    7b30:	c0 91 5c 15 	lds	r28, 0x155C	; 0x80155c <Range_Curr_ID_Act>
    7b34:	8c 2f       	mov	r24, r28
    7b36:	cf 91       	pop	r28
    7b38:	1f 91       	pop	r17
    7b3a:	0f 91       	pop	r16
    7b3c:	ff 90       	pop	r15
    7b3e:	ef 90       	pop	r14
    7b40:	df 90       	pop	r13
    7b42:	cf 90       	pop	r12
    7b44:	bf 90       	pop	r11
    7b46:	af 90       	pop	r10
    7b48:	08 95       	ret

00007b4a <Reset_Over_Current_Clamp>:
    7b4a:	80 91 fa 13 	lds	r24, 0x13FA	; 0x8013fa <DIOE_PORT_B_STATE>
    7b4e:	81 60       	ori	r24, 0x01	; 1
    7b50:	80 93 fa 13 	sts	0x13FA, r24	; 0x8013fa <DIOE_PORT_B_STATE>
    7b54:	40 91 fa 13 	lds	r20, 0x13FA	; 0x8013fa <DIOE_PORT_B_STATE>
    7b58:	60 91 47 12 	lds	r22, 0x1247	; 0x801247 <DIOE_PORT_A_STATE>
    7b5c:	82 e0       	ldi	r24, 0x02	; 2
    7b5e:	0e 94 43 30 	call	0x6086	; 0x6086 <DIOExp_Write_Outputs>
    7b62:	8f e8       	ldi	r24, 0x8F	; 143
    7b64:	91 e0       	ldi	r25, 0x01	; 1
    7b66:	01 97       	sbiw	r24, 0x01	; 1
    7b68:	f1 f7       	brne	.-4      	; 0x7b66 <Reset_Over_Current_Clamp+0x1c>
    7b6a:	00 c0       	rjmp	.+0      	; 0x7b6c <Reset_Over_Current_Clamp+0x22>
    7b6c:	00 00       	nop
    7b6e:	80 91 fa 13 	lds	r24, 0x13FA	; 0x8013fa <DIOE_PORT_B_STATE>
    7b72:	8e 7f       	andi	r24, 0xFE	; 254
    7b74:	80 93 fa 13 	sts	0x13FA, r24	; 0x8013fa <DIOE_PORT_B_STATE>
    7b78:	40 91 fa 13 	lds	r20, 0x13FA	; 0x8013fa <DIOE_PORT_B_STATE>
    7b7c:	60 91 47 12 	lds	r22, 0x1247	; 0x801247 <DIOE_PORT_A_STATE>
    7b80:	82 e0       	ldi	r24, 0x02	; 2
    7b82:	0e 94 43 30 	call	0x6086	; 0x6086 <DIOExp_Write_Outputs>
    7b86:	8f e8       	ldi	r24, 0x8F	; 143
    7b88:	91 e0       	ldi	r25, 0x01	; 1
    7b8a:	01 97       	sbiw	r24, 0x01	; 1
    7b8c:	f1 f7       	brne	.-4      	; 0x7b8a <Reset_Over_Current_Clamp+0x40>
    7b8e:	00 c0       	rjmp	.+0      	; 0x7b90 <Reset_Over_Current_Clamp+0x46>
    7b90:	00 00       	nop
    7b92:	08 95       	ret

00007b94 <Preare_Auto_Range_Selection>:
    7b94:	4f 92       	push	r4
    7b96:	5f 92       	push	r5
    7b98:	6f 92       	push	r6
    7b9a:	7f 92       	push	r7
    7b9c:	8f 92       	push	r8
    7b9e:	9f 92       	push	r9
    7ba0:	af 92       	push	r10
    7ba2:	bf 92       	push	r11
    7ba4:	cf 92       	push	r12
    7ba6:	df 92       	push	r13
    7ba8:	ef 92       	push	r14
    7baa:	ff 92       	push	r15
    7bac:	cf 93       	push	r28
    7bae:	df 93       	push	r29
    7bb0:	cd b7       	in	r28, 0x3d	; 61
    7bb2:	de b7       	in	r29, 0x3e	; 62
    7bb4:	a0 97       	sbiw	r28, 0x20	; 32
    7bb6:	0f b6       	in	r0, 0x3f	; 63
    7bb8:	f8 94       	cli
    7bba:	de bf       	out	0x3e, r29	; 62
    7bbc:	0f be       	out	0x3f, r0	; 63
    7bbe:	cd bf       	out	0x3d, r28	; 61
    7bc0:	10 92 30 15 	sts	0x1530, r1	; 0x801530 <Range_Volt_Switch_Freq_Counter+0x1>
    7bc4:	10 92 2f 15 	sts	0x152F, r1	; 0x80152f <Range_Volt_Switch_Freq_Counter>
    7bc8:	10 92 eb 14 	sts	0x14EB, r1	; 0x8014eb <Range_Curr_Switch_Freq_Counter+0x1>
    7bcc:	10 92 ea 14 	sts	0x14EA, r1	; 0x8014ea <Range_Curr_Switch_Freq_Counter>
    7bd0:	8c e7       	ldi	r24, 0x7C	; 124
    7bd2:	91 e0       	ldi	r25, 0x01	; 1
    7bd4:	0e 94 b7 19 	call	0x336e	; 0x336e <EEPROM_READ_FLOAT>
    7bd8:	29 e1       	ldi	r18, 0x19	; 25
    7bda:	36 e6       	ldi	r19, 0x66	; 102
    7bdc:	47 e6       	ldi	r20, 0x67	; 103
    7bde:	56 e4       	ldi	r21, 0x46	; 70
    7be0:	0e 94 61 49 	call	0x92c2	; 0x92c2 <__mulsf3>
    7be4:	6b 01       	movw	r12, r22
    7be6:	7c 01       	movw	r14, r24
    7be8:	8c e6       	ldi	r24, 0x6C	; 108
    7bea:	91 e0       	ldi	r25, 0x01	; 1
    7bec:	0e 94 b7 19 	call	0x336e	; 0x336e <EEPROM_READ_FLOAT>
    7bf0:	20 e0       	ldi	r18, 0x00	; 0
    7bf2:	38 ef       	ldi	r19, 0xF8	; 248
    7bf4:	42 e7       	ldi	r20, 0x72	; 114
    7bf6:	57 e4       	ldi	r21, 0x47	; 71
    7bf8:	0e 94 61 49 	call	0x92c2	; 0x92c2 <__mulsf3>
    7bfc:	69 83       	std	Y+1, r22	; 0x01
    7bfe:	7a 83       	std	Y+2, r23	; 0x02
    7c00:	8b 83       	std	Y+3, r24	; 0x03
    7c02:	9c 83       	std	Y+4, r25	; 0x04
    7c04:	8c e5       	ldi	r24, 0x5C	; 92
    7c06:	91 e0       	ldi	r25, 0x01	; 1
    7c08:	0e 94 b7 19 	call	0x336e	; 0x336e <EEPROM_READ_FLOAT>
    7c0c:	20 e0       	ldi	r18, 0x00	; 0
    7c0e:	38 ef       	ldi	r19, 0xF8	; 248
    7c10:	42 e7       	ldi	r20, 0x72	; 114
    7c12:	57 e4       	ldi	r21, 0x47	; 71
    7c14:	0e 94 61 49 	call	0x92c2	; 0x92c2 <__mulsf3>
    7c18:	6d 83       	std	Y+5, r22	; 0x05
    7c1a:	7e 83       	std	Y+6, r23	; 0x06
    7c1c:	8f 83       	std	Y+7, r24	; 0x07
    7c1e:	98 87       	std	Y+8, r25	; 0x08
    7c20:	8c e4       	ldi	r24, 0x4C	; 76
    7c22:	91 e0       	ldi	r25, 0x01	; 1
    7c24:	0e 94 b7 19 	call	0x336e	; 0x336e <EEPROM_READ_FLOAT>
    7c28:	20 e0       	ldi	r18, 0x00	; 0
    7c2a:	38 ef       	ldi	r19, 0xF8	; 248
    7c2c:	42 e7       	ldi	r20, 0x72	; 114
    7c2e:	57 e4       	ldi	r21, 0x47	; 71
    7c30:	0e 94 61 49 	call	0x92c2	; 0x92c2 <__mulsf3>
    7c34:	69 87       	std	Y+9, r22	; 0x09
    7c36:	7a 87       	std	Y+10, r23	; 0x0a
    7c38:	8b 87       	std	Y+11, r24	; 0x0b
    7c3a:	9c 87       	std	Y+12, r25	; 0x0c
    7c3c:	8c e3       	ldi	r24, 0x3C	; 60
    7c3e:	91 e0       	ldi	r25, 0x01	; 1
    7c40:	0e 94 b7 19 	call	0x336e	; 0x336e <EEPROM_READ_FLOAT>
    7c44:	69 8f       	std	Y+25, r22	; 0x19
    7c46:	7a 8f       	std	Y+26, r23	; 0x1a
    7c48:	8b 8f       	std	Y+27, r24	; 0x1b
    7c4a:	9c 8f       	std	Y+28, r25	; 0x1c
    7c4c:	8c e2       	ldi	r24, 0x2C	; 44
    7c4e:	91 e0       	ldi	r25, 0x01	; 1
    7c50:	0e 94 b7 19 	call	0x336e	; 0x336e <EEPROM_READ_FLOAT>
    7c54:	20 e0       	ldi	r18, 0x00	; 0
    7c56:	38 ef       	ldi	r19, 0xF8	; 248
    7c58:	42 e7       	ldi	r20, 0x72	; 114
    7c5a:	57 e4       	ldi	r21, 0x47	; 71
    7c5c:	0e 94 61 49 	call	0x92c2	; 0x92c2 <__mulsf3>
    7c60:	4b 01       	movw	r8, r22
    7c62:	5c 01       	movw	r10, r24
    7c64:	80 e2       	ldi	r24, 0x20	; 32
    7c66:	91 e0       	ldi	r25, 0x01	; 1
    7c68:	0e 94 b7 19 	call	0x336e	; 0x336e <EEPROM_READ_FLOAT>
    7c6c:	20 e0       	ldi	r18, 0x00	; 0
    7c6e:	38 ef       	ldi	r19, 0xF8	; 248
    7c70:	42 e7       	ldi	r20, 0x72	; 114
    7c72:	57 e4       	ldi	r21, 0x47	; 71
    7c74:	0e 94 61 49 	call	0x92c2	; 0x92c2 <__mulsf3>
    7c78:	6d 87       	std	Y+13, r22	; 0x0d
    7c7a:	7e 87       	std	Y+14, r23	; 0x0e
    7c7c:	8f 87       	std	Y+15, r24	; 0x0f
    7c7e:	98 8b       	std	Y+16, r25	; 0x10
    7c80:	84 e1       	ldi	r24, 0x14	; 20
    7c82:	91 e0       	ldi	r25, 0x01	; 1
    7c84:	0e 94 b7 19 	call	0x336e	; 0x336e <EEPROM_READ_FLOAT>
    7c88:	20 e0       	ldi	r18, 0x00	; 0
    7c8a:	38 ef       	ldi	r19, 0xF8	; 248
    7c8c:	42 e7       	ldi	r20, 0x72	; 114
    7c8e:	57 e4       	ldi	r21, 0x47	; 71
    7c90:	0e 94 61 49 	call	0x92c2	; 0x92c2 <__mulsf3>
    7c94:	69 8b       	std	Y+17, r22	; 0x11
    7c96:	7a 8b       	std	Y+18, r23	; 0x12
    7c98:	8b 8b       	std	Y+19, r24	; 0x13
    7c9a:	9c 8b       	std	Y+20, r25	; 0x14
    7c9c:	88 e0       	ldi	r24, 0x08	; 8
    7c9e:	91 e0       	ldi	r25, 0x01	; 1
    7ca0:	0e 94 b7 19 	call	0x336e	; 0x336e <EEPROM_READ_FLOAT>
    7ca4:	20 e0       	ldi	r18, 0x00	; 0
    7ca6:	38 ef       	ldi	r19, 0xF8	; 248
    7ca8:	42 e7       	ldi	r20, 0x72	; 114
    7caa:	57 e4       	ldi	r21, 0x47	; 71
    7cac:	0e 94 61 49 	call	0x92c2	; 0x92c2 <__mulsf3>
    7cb0:	2b 01       	movw	r4, r22
    7cb2:	3c 01       	movw	r6, r24
    7cb4:	8c ef       	ldi	r24, 0xFC	; 252
    7cb6:	90 e0       	ldi	r25, 0x00	; 0
    7cb8:	0e 94 b7 19 	call	0x336e	; 0x336e <EEPROM_READ_FLOAT>
    7cbc:	20 e0       	ldi	r18, 0x00	; 0
    7cbe:	38 ef       	ldi	r19, 0xF8	; 248
    7cc0:	42 e7       	ldi	r20, 0x72	; 114
    7cc2:	57 e4       	ldi	r21, 0x47	; 71
    7cc4:	0e 94 61 49 	call	0x92c2	; 0x92c2 <__mulsf3>
    7cc8:	6d 8b       	std	Y+21, r22	; 0x15
    7cca:	7e 8b       	std	Y+22, r23	; 0x16
    7ccc:	8f 8b       	std	Y+23, r24	; 0x17
    7cce:	98 8f       	std	Y+24, r25	; 0x18
    7cd0:	80 ef       	ldi	r24, 0xF0	; 240
    7cd2:	90 e0       	ldi	r25, 0x00	; 0
    7cd4:	0e 94 b7 19 	call	0x336e	; 0x336e <EEPROM_READ_FLOAT>
    7cd8:	6d 8f       	std	Y+29, r22	; 0x1d
    7cda:	7e 8f       	std	Y+30, r23	; 0x1e
    7cdc:	8f 8f       	std	Y+31, r24	; 0x1f
    7cde:	98 a3       	std	Y+32, r25	; 0x20
    7ce0:	2a e0       	ldi	r18, 0x0A	; 10
    7ce2:	37 ed       	ldi	r19, 0xD7	; 215
    7ce4:	43 e8       	ldi	r20, 0x83	; 131
    7ce6:	5f e3       	ldi	r21, 0x3F	; 63
    7ce8:	c7 01       	movw	r24, r14
    7cea:	b6 01       	movw	r22, r12
    7cec:	0e 94 61 49 	call	0x92c2	; 0x92c2 <__mulsf3>
    7cf0:	e2 e3       	ldi	r30, 0x32	; 50
    7cf2:	f5 e1       	ldi	r31, 0x15	; 21
    7cf4:	60 83       	st	Z, r22
    7cf6:	71 83       	std	Z+1, r23	; 0x01
    7cf8:	82 83       	std	Z+2, r24	; 0x02
    7cfa:	93 83       	std	Z+3, r25	; 0x03
    7cfc:	2a e0       	ldi	r18, 0x0A	; 10
    7cfe:	37 ed       	ldi	r19, 0xD7	; 215
    7d00:	43 e8       	ldi	r20, 0x83	; 131
    7d02:	5f e3       	ldi	r21, 0x3F	; 63
    7d04:	69 81       	ldd	r22, Y+1	; 0x01
    7d06:	7a 81       	ldd	r23, Y+2	; 0x02
    7d08:	8b 81       	ldd	r24, Y+3	; 0x03
    7d0a:	9c 81       	ldd	r25, Y+4	; 0x04
    7d0c:	0e 94 61 49 	call	0x92c2	; 0x92c2 <__mulsf3>
    7d10:	60 93 36 15 	sts	0x1536, r22	; 0x801536 <Threshold_Volt_Over_Range+0x4>
    7d14:	70 93 37 15 	sts	0x1537, r23	; 0x801537 <Threshold_Volt_Over_Range+0x5>
    7d18:	80 93 38 15 	sts	0x1538, r24	; 0x801538 <Threshold_Volt_Over_Range+0x6>
    7d1c:	90 93 39 15 	sts	0x1539, r25	; 0x801539 <Threshold_Volt_Over_Range+0x7>
    7d20:	2a e0       	ldi	r18, 0x0A	; 10
    7d22:	37 ed       	ldi	r19, 0xD7	; 215
    7d24:	43 e8       	ldi	r20, 0x83	; 131
    7d26:	5f e3       	ldi	r21, 0x3F	; 63
    7d28:	6d 81       	ldd	r22, Y+5	; 0x05
    7d2a:	7e 81       	ldd	r23, Y+6	; 0x06
    7d2c:	8f 81       	ldd	r24, Y+7	; 0x07
    7d2e:	98 85       	ldd	r25, Y+8	; 0x08
    7d30:	0e 94 61 49 	call	0x92c2	; 0x92c2 <__mulsf3>
    7d34:	60 93 3a 15 	sts	0x153A, r22	; 0x80153a <Threshold_Volt_Over_Range+0x8>
    7d38:	70 93 3b 15 	sts	0x153B, r23	; 0x80153b <Threshold_Volt_Over_Range+0x9>
    7d3c:	80 93 3c 15 	sts	0x153C, r24	; 0x80153c <Threshold_Volt_Over_Range+0xa>
    7d40:	90 93 3d 15 	sts	0x153D, r25	; 0x80153d <Threshold_Volt_Over_Range+0xb>
    7d44:	2a e0       	ldi	r18, 0x0A	; 10
    7d46:	37 ed       	ldi	r19, 0xD7	; 215
    7d48:	43 e8       	ldi	r20, 0x83	; 131
    7d4a:	5f e3       	ldi	r21, 0x3F	; 63
    7d4c:	69 85       	ldd	r22, Y+9	; 0x09
    7d4e:	7a 85       	ldd	r23, Y+10	; 0x0a
    7d50:	8b 85       	ldd	r24, Y+11	; 0x0b
    7d52:	9c 85       	ldd	r25, Y+12	; 0x0c
    7d54:	0e 94 61 49 	call	0x92c2	; 0x92c2 <__mulsf3>
    7d58:	60 93 3e 15 	sts	0x153E, r22	; 0x80153e <Threshold_Volt_Over_Range+0xc>
    7d5c:	70 93 3f 15 	sts	0x153F, r23	; 0x80153f <Threshold_Volt_Over_Range+0xd>
    7d60:	80 93 40 15 	sts	0x1540, r24	; 0x801540 <Threshold_Volt_Over_Range+0xe>
    7d64:	90 93 41 15 	sts	0x1541, r25	; 0x801541 <Threshold_Volt_Over_Range+0xf>
    7d68:	20 e0       	ldi	r18, 0x00	; 0
    7d6a:	38 ef       	ldi	r19, 0xF8	; 248
    7d6c:	42 e7       	ldi	r20, 0x72	; 114
    7d6e:	57 e4       	ldi	r21, 0x47	; 71
    7d70:	69 8d       	ldd	r22, Y+25	; 0x19
    7d72:	7a 8d       	ldd	r23, Y+26	; 0x1a
    7d74:	8b 8d       	ldd	r24, Y+27	; 0x1b
    7d76:	9c 8d       	ldd	r25, Y+28	; 0x1c
    7d78:	0e 94 61 49 	call	0x92c2	; 0x92c2 <__mulsf3>
    7d7c:	2a e0       	ldi	r18, 0x0A	; 10
    7d7e:	37 ed       	ldi	r19, 0xD7	; 215
    7d80:	43 e8       	ldi	r20, 0x83	; 131
    7d82:	5f e3       	ldi	r21, 0x3F	; 63
    7d84:	0e 94 61 49 	call	0x92c2	; 0x92c2 <__mulsf3>
    7d88:	60 93 42 15 	sts	0x1542, r22	; 0x801542 <Threshold_Volt_Over_Range+0x10>
    7d8c:	70 93 43 15 	sts	0x1543, r23	; 0x801543 <Threshold_Volt_Over_Range+0x11>
    7d90:	80 93 44 15 	sts	0x1544, r24	; 0x801544 <Threshold_Volt_Over_Range+0x12>
    7d94:	90 93 45 15 	sts	0x1545, r25	; 0x801545 <Threshold_Volt_Over_Range+0x13>
    7d98:	d7 01       	movw	r26, r14
    7d9a:	c6 01       	movw	r24, r12
    7d9c:	b0 58       	subi	r27, 0x80	; 128
    7d9e:	e7 e4       	ldi	r30, 0x47	; 71
    7da0:	f5 e1       	ldi	r31, 0x15	; 21
    7da2:	80 83       	st	Z, r24
    7da4:	91 83       	std	Z+1, r25	; 0x01
    7da6:	a2 83       	std	Z+2, r26	; 0x02
    7da8:	b3 83       	std	Z+3, r27	; 0x03
    7daa:	26 e6       	ldi	r18, 0x66	; 102
    7dac:	36 e6       	ldi	r19, 0x66	; 102
    7dae:	46 e6       	ldi	r20, 0x66	; 102
    7db0:	5f e3       	ldi	r21, 0x3F	; 63
    7db2:	c7 01       	movw	r24, r14
    7db4:	b6 01       	movw	r22, r12
    7db6:	0e 94 61 49 	call	0x92c2	; 0x92c2 <__mulsf3>
    7dba:	60 93 4b 15 	sts	0x154B, r22	; 0x80154b <Threshold_Volt_Under_Range+0x4>
    7dbe:	70 93 4c 15 	sts	0x154C, r23	; 0x80154c <Threshold_Volt_Under_Range+0x5>
    7dc2:	80 93 4d 15 	sts	0x154D, r24	; 0x80154d <Threshold_Volt_Under_Range+0x6>
    7dc6:	90 93 4e 15 	sts	0x154E, r25	; 0x80154e <Threshold_Volt_Under_Range+0x7>
    7dca:	26 e6       	ldi	r18, 0x66	; 102
    7dcc:	36 e6       	ldi	r19, 0x66	; 102
    7dce:	46 e6       	ldi	r20, 0x66	; 102
    7dd0:	5f e3       	ldi	r21, 0x3F	; 63
    7dd2:	69 81       	ldd	r22, Y+1	; 0x01
    7dd4:	7a 81       	ldd	r23, Y+2	; 0x02
    7dd6:	8b 81       	ldd	r24, Y+3	; 0x03
    7dd8:	9c 81       	ldd	r25, Y+4	; 0x04
    7dda:	0e 94 61 49 	call	0x92c2	; 0x92c2 <__mulsf3>
    7dde:	60 93 4f 15 	sts	0x154F, r22	; 0x80154f <Threshold_Volt_Under_Range+0x8>
    7de2:	70 93 50 15 	sts	0x1550, r23	; 0x801550 <Threshold_Volt_Under_Range+0x9>
    7de6:	80 93 51 15 	sts	0x1551, r24	; 0x801551 <Threshold_Volt_Under_Range+0xa>
    7dea:	90 93 52 15 	sts	0x1552, r25	; 0x801552 <Threshold_Volt_Under_Range+0xb>
    7dee:	26 e6       	ldi	r18, 0x66	; 102
    7df0:	36 e6       	ldi	r19, 0x66	; 102
    7df2:	46 e6       	ldi	r20, 0x66	; 102
    7df4:	5f e3       	ldi	r21, 0x3F	; 63
    7df6:	6d 81       	ldd	r22, Y+5	; 0x05
    7df8:	7e 81       	ldd	r23, Y+6	; 0x06
    7dfa:	8f 81       	ldd	r24, Y+7	; 0x07
    7dfc:	98 85       	ldd	r25, Y+8	; 0x08
    7dfe:	0e 94 61 49 	call	0x92c2	; 0x92c2 <__mulsf3>
    7e02:	60 93 53 15 	sts	0x1553, r22	; 0x801553 <Threshold_Volt_Under_Range+0xc>
    7e06:	70 93 54 15 	sts	0x1554, r23	; 0x801554 <Threshold_Volt_Under_Range+0xd>
    7e0a:	80 93 55 15 	sts	0x1555, r24	; 0x801555 <Threshold_Volt_Under_Range+0xe>
    7e0e:	90 93 56 15 	sts	0x1556, r25	; 0x801556 <Threshold_Volt_Under_Range+0xf>
    7e12:	26 e6       	ldi	r18, 0x66	; 102
    7e14:	36 e6       	ldi	r19, 0x66	; 102
    7e16:	46 e6       	ldi	r20, 0x66	; 102
    7e18:	5f e3       	ldi	r21, 0x3F	; 63
    7e1a:	69 85       	ldd	r22, Y+9	; 0x09
    7e1c:	7a 85       	ldd	r23, Y+10	; 0x0a
    7e1e:	8b 85       	ldd	r24, Y+11	; 0x0b
    7e20:	9c 85       	ldd	r25, Y+12	; 0x0c
    7e22:	0e 94 61 49 	call	0x92c2	; 0x92c2 <__mulsf3>
    7e26:	60 93 57 15 	sts	0x1557, r22	; 0x801557 <Threshold_Volt_Under_Range+0x10>
    7e2a:	70 93 58 15 	sts	0x1558, r23	; 0x801558 <Threshold_Volt_Under_Range+0x11>
    7e2e:	80 93 59 15 	sts	0x1559, r24	; 0x801559 <Threshold_Volt_Under_Range+0x12>
    7e32:	90 93 5a 15 	sts	0x155A, r25	; 0x80155a <Threshold_Volt_Under_Range+0x13>
    7e36:	2a e0       	ldi	r18, 0x0A	; 10
    7e38:	37 ed       	ldi	r19, 0xD7	; 215
    7e3a:	43 e8       	ldi	r20, 0x83	; 131
    7e3c:	5f e3       	ldi	r21, 0x3F	; 63
    7e3e:	c5 01       	movw	r24, r10
    7e40:	b4 01       	movw	r22, r8
    7e42:	0e 94 61 49 	call	0x92c2	; 0x92c2 <__mulsf3>
    7e46:	ef ee       	ldi	r30, 0xEF	; 239
    7e48:	f4 e1       	ldi	r31, 0x14	; 20
    7e4a:	60 83       	st	Z, r22
    7e4c:	71 83       	std	Z+1, r23	; 0x01
    7e4e:	82 83       	std	Z+2, r24	; 0x02
    7e50:	93 83       	std	Z+3, r25	; 0x03
    7e52:	2a e0       	ldi	r18, 0x0A	; 10
    7e54:	37 ed       	ldi	r19, 0xD7	; 215
    7e56:	43 e8       	ldi	r20, 0x83	; 131
    7e58:	5f e3       	ldi	r21, 0x3F	; 63
    7e5a:	6d 85       	ldd	r22, Y+13	; 0x0d
    7e5c:	7e 85       	ldd	r23, Y+14	; 0x0e
    7e5e:	8f 85       	ldd	r24, Y+15	; 0x0f
    7e60:	98 89       	ldd	r25, Y+16	; 0x10
    7e62:	0e 94 61 49 	call	0x92c2	; 0x92c2 <__mulsf3>
    7e66:	60 93 f3 14 	sts	0x14F3, r22	; 0x8014f3 <Threshold_Curr_Over_Range+0x4>
    7e6a:	70 93 f4 14 	sts	0x14F4, r23	; 0x8014f4 <Threshold_Curr_Over_Range+0x5>
    7e6e:	80 93 f5 14 	sts	0x14F5, r24	; 0x8014f5 <Threshold_Curr_Over_Range+0x6>
    7e72:	90 93 f6 14 	sts	0x14F6, r25	; 0x8014f6 <Threshold_Curr_Over_Range+0x7>
    7e76:	2a e0       	ldi	r18, 0x0A	; 10
    7e78:	37 ed       	ldi	r19, 0xD7	; 215
    7e7a:	43 e8       	ldi	r20, 0x83	; 131
    7e7c:	5f e3       	ldi	r21, 0x3F	; 63
    7e7e:	69 89       	ldd	r22, Y+17	; 0x11
    7e80:	7a 89       	ldd	r23, Y+18	; 0x12
    7e82:	8b 89       	ldd	r24, Y+19	; 0x13
    7e84:	9c 89       	ldd	r25, Y+20	; 0x14
    7e86:	0e 94 61 49 	call	0x92c2	; 0x92c2 <__mulsf3>
    7e8a:	60 93 f7 14 	sts	0x14F7, r22	; 0x8014f7 <Threshold_Curr_Over_Range+0x8>
    7e8e:	70 93 f8 14 	sts	0x14F8, r23	; 0x8014f8 <Threshold_Curr_Over_Range+0x9>
    7e92:	80 93 f9 14 	sts	0x14F9, r24	; 0x8014f9 <Threshold_Curr_Over_Range+0xa>
    7e96:	90 93 fa 14 	sts	0x14FA, r25	; 0x8014fa <Threshold_Curr_Over_Range+0xb>
    7e9a:	2a e0       	ldi	r18, 0x0A	; 10
    7e9c:	37 ed       	ldi	r19, 0xD7	; 215
    7e9e:	43 e8       	ldi	r20, 0x83	; 131
    7ea0:	5f e3       	ldi	r21, 0x3F	; 63
    7ea2:	c3 01       	movw	r24, r6
    7ea4:	b2 01       	movw	r22, r4
    7ea6:	0e 94 61 49 	call	0x92c2	; 0x92c2 <__mulsf3>
    7eaa:	60 93 fb 14 	sts	0x14FB, r22	; 0x8014fb <Threshold_Curr_Over_Range+0xc>
    7eae:	70 93 fc 14 	sts	0x14FC, r23	; 0x8014fc <Threshold_Curr_Over_Range+0xd>
    7eb2:	80 93 fd 14 	sts	0x14FD, r24	; 0x8014fd <Threshold_Curr_Over_Range+0xe>
    7eb6:	90 93 fe 14 	sts	0x14FE, r25	; 0x8014fe <Threshold_Curr_Over_Range+0xf>
    7eba:	2a e0       	ldi	r18, 0x0A	; 10
    7ebc:	37 ed       	ldi	r19, 0xD7	; 215
    7ebe:	43 e8       	ldi	r20, 0x83	; 131
    7ec0:	5f e3       	ldi	r21, 0x3F	; 63
    7ec2:	6d 89       	ldd	r22, Y+21	; 0x15
    7ec4:	7e 89       	ldd	r23, Y+22	; 0x16
    7ec6:	8f 89       	ldd	r24, Y+23	; 0x17
    7ec8:	98 8d       	ldd	r25, Y+24	; 0x18
    7eca:	0e 94 61 49 	call	0x92c2	; 0x92c2 <__mulsf3>
    7ece:	60 93 ff 14 	sts	0x14FF, r22	; 0x8014ff <Threshold_Curr_Over_Range+0x10>
    7ed2:	70 93 00 15 	sts	0x1500, r23	; 0x801500 <Threshold_Curr_Over_Range+0x11>
    7ed6:	80 93 01 15 	sts	0x1501, r24	; 0x801501 <Threshold_Curr_Over_Range+0x12>
    7eda:	90 93 02 15 	sts	0x1502, r25	; 0x801502 <Threshold_Curr_Over_Range+0x13>
    7ede:	20 e0       	ldi	r18, 0x00	; 0
    7ee0:	38 ef       	ldi	r19, 0xF8	; 248
    7ee2:	42 e7       	ldi	r20, 0x72	; 114
    7ee4:	57 e4       	ldi	r21, 0x47	; 71
    7ee6:	6d 8d       	ldd	r22, Y+29	; 0x1d
    7ee8:	7e 8d       	ldd	r23, Y+30	; 0x1e
    7eea:	8f 8d       	ldd	r24, Y+31	; 0x1f
    7eec:	98 a1       	ldd	r25, Y+32	; 0x20
    7eee:	0e 94 61 49 	call	0x92c2	; 0x92c2 <__mulsf3>
    7ef2:	2a e0       	ldi	r18, 0x0A	; 10
    7ef4:	37 ed       	ldi	r19, 0xD7	; 215
    7ef6:	43 e8       	ldi	r20, 0x83	; 131
    7ef8:	5f e3       	ldi	r21, 0x3F	; 63
    7efa:	0e 94 61 49 	call	0x92c2	; 0x92c2 <__mulsf3>
    7efe:	60 93 03 15 	sts	0x1503, r22	; 0x801503 <Threshold_Curr_Over_Range+0x14>
    7f02:	70 93 04 15 	sts	0x1504, r23	; 0x801504 <Threshold_Curr_Over_Range+0x15>
    7f06:	80 93 05 15 	sts	0x1505, r24	; 0x801505 <Threshold_Curr_Over_Range+0x16>
    7f0a:	90 93 06 15 	sts	0x1506, r25	; 0x801506 <Threshold_Curr_Over_Range+0x17>
    7f0e:	d5 01       	movw	r26, r10
    7f10:	c4 01       	movw	r24, r8
    7f12:	b0 58       	subi	r27, 0x80	; 128
    7f14:	e7 e1       	ldi	r30, 0x17	; 23
    7f16:	f5 e1       	ldi	r31, 0x15	; 21
    7f18:	80 83       	st	Z, r24
    7f1a:	91 83       	std	Z+1, r25	; 0x01
    7f1c:	a2 83       	std	Z+2, r26	; 0x02
    7f1e:	b3 83       	std	Z+3, r27	; 0x03
    7f20:	26 e6       	ldi	r18, 0x66	; 102
    7f22:	36 e6       	ldi	r19, 0x66	; 102
    7f24:	46 e6       	ldi	r20, 0x66	; 102
    7f26:	5f e3       	ldi	r21, 0x3F	; 63
    7f28:	c5 01       	movw	r24, r10
    7f2a:	b4 01       	movw	r22, r8
    7f2c:	0e 94 61 49 	call	0x92c2	; 0x92c2 <__mulsf3>
    7f30:	60 93 1b 15 	sts	0x151B, r22	; 0x80151b <Threshold_Curr_Under_Range+0x4>
    7f34:	70 93 1c 15 	sts	0x151C, r23	; 0x80151c <Threshold_Curr_Under_Range+0x5>
    7f38:	80 93 1d 15 	sts	0x151D, r24	; 0x80151d <Threshold_Curr_Under_Range+0x6>
    7f3c:	90 93 1e 15 	sts	0x151E, r25	; 0x80151e <Threshold_Curr_Under_Range+0x7>
    7f40:	26 e6       	ldi	r18, 0x66	; 102
    7f42:	36 e6       	ldi	r19, 0x66	; 102
    7f44:	46 e6       	ldi	r20, 0x66	; 102
    7f46:	5f e3       	ldi	r21, 0x3F	; 63
    7f48:	6d 85       	ldd	r22, Y+13	; 0x0d
    7f4a:	7e 85       	ldd	r23, Y+14	; 0x0e
    7f4c:	8f 85       	ldd	r24, Y+15	; 0x0f
    7f4e:	98 89       	ldd	r25, Y+16	; 0x10
    7f50:	0e 94 61 49 	call	0x92c2	; 0x92c2 <__mulsf3>
    7f54:	60 93 1f 15 	sts	0x151F, r22	; 0x80151f <Threshold_Curr_Under_Range+0x8>
    7f58:	70 93 20 15 	sts	0x1520, r23	; 0x801520 <Threshold_Curr_Under_Range+0x9>
    7f5c:	80 93 21 15 	sts	0x1521, r24	; 0x801521 <Threshold_Curr_Under_Range+0xa>
    7f60:	90 93 22 15 	sts	0x1522, r25	; 0x801522 <Threshold_Curr_Under_Range+0xb>
    7f64:	26 e6       	ldi	r18, 0x66	; 102
    7f66:	36 e6       	ldi	r19, 0x66	; 102
    7f68:	46 e6       	ldi	r20, 0x66	; 102
    7f6a:	5f e3       	ldi	r21, 0x3F	; 63
    7f6c:	69 89       	ldd	r22, Y+17	; 0x11
    7f6e:	7a 89       	ldd	r23, Y+18	; 0x12
    7f70:	8b 89       	ldd	r24, Y+19	; 0x13
    7f72:	9c 89       	ldd	r25, Y+20	; 0x14
    7f74:	0e 94 61 49 	call	0x92c2	; 0x92c2 <__mulsf3>
    7f78:	60 93 23 15 	sts	0x1523, r22	; 0x801523 <Threshold_Curr_Under_Range+0xc>
    7f7c:	70 93 24 15 	sts	0x1524, r23	; 0x801524 <Threshold_Curr_Under_Range+0xd>
    7f80:	80 93 25 15 	sts	0x1525, r24	; 0x801525 <Threshold_Curr_Under_Range+0xe>
    7f84:	90 93 26 15 	sts	0x1526, r25	; 0x801526 <Threshold_Curr_Under_Range+0xf>
    7f88:	26 e6       	ldi	r18, 0x66	; 102
    7f8a:	36 e6       	ldi	r19, 0x66	; 102
    7f8c:	46 e6       	ldi	r20, 0x66	; 102
    7f8e:	5f e3       	ldi	r21, 0x3F	; 63
    7f90:	c3 01       	movw	r24, r6
    7f92:	b2 01       	movw	r22, r4
    7f94:	0e 94 61 49 	call	0x92c2	; 0x92c2 <__mulsf3>
    7f98:	60 93 27 15 	sts	0x1527, r22	; 0x801527 <Threshold_Curr_Under_Range+0x10>
    7f9c:	70 93 28 15 	sts	0x1528, r23	; 0x801528 <Threshold_Curr_Under_Range+0x11>
    7fa0:	80 93 29 15 	sts	0x1529, r24	; 0x801529 <Threshold_Curr_Under_Range+0x12>
    7fa4:	90 93 2a 15 	sts	0x152A, r25	; 0x80152a <Threshold_Curr_Under_Range+0x13>
    7fa8:	26 e6       	ldi	r18, 0x66	; 102
    7faa:	36 e6       	ldi	r19, 0x66	; 102
    7fac:	46 e6       	ldi	r20, 0x66	; 102
    7fae:	5f e3       	ldi	r21, 0x3F	; 63
    7fb0:	6d 89       	ldd	r22, Y+21	; 0x15
    7fb2:	7e 89       	ldd	r23, Y+22	; 0x16
    7fb4:	8f 89       	ldd	r24, Y+23	; 0x17
    7fb6:	98 8d       	ldd	r25, Y+24	; 0x18
    7fb8:	0e 94 61 49 	call	0x92c2	; 0x92c2 <__mulsf3>
    7fbc:	60 93 2b 15 	sts	0x152B, r22	; 0x80152b <Threshold_Curr_Under_Range+0x14>
    7fc0:	70 93 2c 15 	sts	0x152C, r23	; 0x80152c <Threshold_Curr_Under_Range+0x15>
    7fc4:	80 93 2d 15 	sts	0x152D, r24	; 0x80152d <Threshold_Curr_Under_Range+0x16>
    7fc8:	90 93 2e 15 	sts	0x152E, r25	; 0x80152e <Threshold_Curr_Under_Range+0x17>
    7fcc:	a0 96       	adiw	r28, 0x20	; 32
    7fce:	0f b6       	in	r0, 0x3f	; 63
    7fd0:	f8 94       	cli
    7fd2:	de bf       	out	0x3e, r29	; 62
    7fd4:	0f be       	out	0x3f, r0	; 63
    7fd6:	cd bf       	out	0x3d, r28	; 61
    7fd8:	df 91       	pop	r29
    7fda:	cf 91       	pop	r28
    7fdc:	ff 90       	pop	r15
    7fde:	ef 90       	pop	r14
    7fe0:	df 90       	pop	r13
    7fe2:	cf 90       	pop	r12
    7fe4:	bf 90       	pop	r11
    7fe6:	af 90       	pop	r10
    7fe8:	9f 90       	pop	r9
    7fea:	8f 90       	pop	r8
    7fec:	7f 90       	pop	r7
    7fee:	6f 90       	pop	r6
    7ff0:	5f 90       	pop	r5
    7ff2:	4f 90       	pop	r4
    7ff4:	08 95       	ret

00007ff6 <SET_VOLTAGE_RANGE>:
    7ff6:	cf 93       	push	r28
    7ff8:	c8 2f       	mov	r28, r24
    7ffa:	80 91 5e 15 	lds	r24, 0x155E	; 0x80155e <Range_Volt_Switch_Freq_Ctr_Max>
    7ffe:	90 91 5f 15 	lds	r25, 0x155F	; 0x80155f <Range_Volt_Switch_Freq_Ctr_Max+0x1>
    8002:	90 93 30 15 	sts	0x1530, r25	; 0x801530 <Range_Volt_Switch_Freq_Counter+0x1>
    8006:	80 93 2f 15 	sts	0x152F, r24	; 0x80152f <Range_Volt_Switch_Freq_Counter>
    800a:	80 91 11 15 	lds	r24, 0x1511	; 0x801511 <Range_Volt_Switch_Delay_Ctr_Max>
    800e:	80 93 5b 15 	sts	0x155B, r24	; 0x80155b <Range_Volt_Switch_Delay_Counter>
    8012:	8c 2f       	mov	r24, r28
    8014:	0e 94 cf 19 	call	0x339e	; 0x339e <EEPROM_LOAD_VOLTAGE_RANGE>
    8018:	80 91 e5 14 	lds	r24, 0x14E5	; 0x8014e5 <Range_Volt_ID_Act>
    801c:	88 23       	and	r24, r24
    801e:	41 f0       	breq	.+16     	; 0x8030 <SET_VOLTAGE_RANGE+0x3a>
    8020:	80 91 e5 14 	lds	r24, 0x14E5	; 0x8014e5 <Range_Volt_ID_Act>
    8024:	81 30       	cpi	r24, 0x01	; 1
    8026:	21 f0       	breq	.+8      	; 0x8030 <SET_VOLTAGE_RANGE+0x3a>
    8028:	80 91 e5 14 	lds	r24, 0x14E5	; 0x8014e5 <Range_Volt_ID_Act>
    802c:	82 30       	cpi	r24, 0x02	; 2
    802e:	21 f4       	brne	.+8      	; 0x8038 <SET_VOLTAGE_RANGE+0x42>
    8030:	81 e0       	ldi	r24, 0x01	; 1
    8032:	c3 30       	cpi	r28, 0x03	; 3
    8034:	88 f4       	brcc	.+34     	; 0x8058 <SET_VOLTAGE_RANGE+0x62>
    8036:	0d c0       	rjmp	.+26     	; 0x8052 <SET_VOLTAGE_RANGE+0x5c>
    8038:	80 91 e5 14 	lds	r24, 0x14E5	; 0x8014e5 <Range_Volt_ID_Act>
    803c:	83 30       	cpi	r24, 0x03	; 3
    803e:	21 f0       	breq	.+8      	; 0x8048 <SET_VOLTAGE_RANGE+0x52>
    8040:	80 91 e5 14 	lds	r24, 0x14E5	; 0x8014e5 <Range_Volt_ID_Act>
    8044:	84 30       	cpi	r24, 0x04	; 4
    8046:	39 f4       	brne	.+14     	; 0x8056 <SET_VOLTAGE_RANGE+0x60>
    8048:	81 e0       	ldi	r24, 0x01	; 1
    804a:	9d ef       	ldi	r25, 0xFD	; 253
    804c:	9c 0f       	add	r25, r28
    804e:	92 30       	cpi	r25, 0x02	; 2
    8050:	18 f4       	brcc	.+6      	; 0x8058 <SET_VOLTAGE_RANGE+0x62>
    8052:	80 e0       	ldi	r24, 0x00	; 0
    8054:	01 c0       	rjmp	.+2      	; 0x8058 <SET_VOLTAGE_RANGE+0x62>
    8056:	81 e0       	ldi	r24, 0x01	; 1
    8058:	90 91 e5 14 	lds	r25, 0x14E5	; 0x8014e5 <Range_Volt_ID_Act>
    805c:	99 23       	and	r25, r25
    805e:	41 f0       	breq	.+16     	; 0x8070 <SET_VOLTAGE_RANGE+0x7a>
    8060:	90 91 e5 14 	lds	r25, 0x14E5	; 0x8014e5 <Range_Volt_ID_Act>
    8064:	91 30       	cpi	r25, 0x01	; 1
    8066:	21 f0       	breq	.+8      	; 0x8070 <SET_VOLTAGE_RANGE+0x7a>
    8068:	90 91 e5 14 	lds	r25, 0x14E5	; 0x8014e5 <Range_Volt_ID_Act>
    806c:	94 30       	cpi	r25, 0x04	; 4
    806e:	39 f4       	brne	.+14     	; 0x807e <SET_VOLTAGE_RANGE+0x88>
    8070:	c2 30       	cpi	r28, 0x02	; 2
    8072:	08 f4       	brcc	.+2      	; 0x8076 <SET_VOLTAGE_RANGE+0x80>
    8074:	ab c0       	rjmp	.+342    	; 0x81cc <SET_VOLTAGE_RANGE+0x1d6>
    8076:	91 e0       	ldi	r25, 0x01	; 1
    8078:	c4 30       	cpi	r28, 0x04	; 4
    807a:	79 f4       	brne	.+30     	; 0x809a <SET_VOLTAGE_RANGE+0xa4>
    807c:	0d c0       	rjmp	.+26     	; 0x8098 <SET_VOLTAGE_RANGE+0xa2>
    807e:	90 91 e5 14 	lds	r25, 0x14E5	; 0x8014e5 <Range_Volt_ID_Act>
    8082:	92 30       	cpi	r25, 0x02	; 2
    8084:	21 f0       	breq	.+8      	; 0x808e <SET_VOLTAGE_RANGE+0x98>
    8086:	90 91 e5 14 	lds	r25, 0x14E5	; 0x8014e5 <Range_Volt_ID_Act>
    808a:	93 30       	cpi	r25, 0x03	; 3
    808c:	49 f4       	brne	.+18     	; 0x80a0 <SET_VOLTAGE_RANGE+0xaa>
    808e:	91 e0       	ldi	r25, 0x01	; 1
    8090:	2e ef       	ldi	r18, 0xFE	; 254
    8092:	2c 0f       	add	r18, r28
    8094:	22 30       	cpi	r18, 0x02	; 2
    8096:	08 f4       	brcc	.+2      	; 0x809a <SET_VOLTAGE_RANGE+0xa4>
    8098:	90 e0       	ldi	r25, 0x00	; 0
    809a:	81 30       	cpi	r24, 0x01	; 1
    809c:	71 f4       	brne	.+28     	; 0x80ba <SET_VOLTAGE_RANGE+0xc4>
    809e:	03 c0       	rjmp	.+6      	; 0x80a6 <SET_VOLTAGE_RANGE+0xb0>
    80a0:	81 30       	cpi	r24, 0x01	; 1
    80a2:	71 f4       	brne	.+28     	; 0x80c0 <SET_VOLTAGE_RANGE+0xca>
    80a4:	91 e0       	ldi	r25, 0x01	; 1
    80a6:	20 91 47 12 	lds	r18, 0x1247	; 0x801247 <DIOE_PORT_A_STATE>
    80aa:	2e 7f       	andi	r18, 0xFE	; 254
    80ac:	20 93 47 12 	sts	0x1247, r18	; 0x801247 <DIOE_PORT_A_STATE>
    80b0:	20 91 47 12 	lds	r18, 0x1247	; 0x801247 <DIOE_PORT_A_STATE>
    80b4:	2d 7f       	andi	r18, 0xFD	; 253
    80b6:	20 93 47 12 	sts	0x1247, r18	; 0x801247 <DIOE_PORT_A_STATE>
    80ba:	91 30       	cpi	r25, 0x01	; 1
    80bc:	09 f0       	breq	.+2      	; 0x80c0 <SET_VOLTAGE_RANGE+0xca>
    80be:	82 c0       	rjmp	.+260    	; 0x81c4 <SET_VOLTAGE_RANGE+0x1ce>
    80c0:	90 91 47 12 	lds	r25, 0x1247	; 0x801247 <DIOE_PORT_A_STATE>
    80c4:	9b 7f       	andi	r25, 0xFB	; 251
    80c6:	90 93 47 12 	sts	0x1247, r25	; 0x801247 <DIOE_PORT_A_STATE>
    80ca:	90 91 47 12 	lds	r25, 0x1247	; 0x801247 <DIOE_PORT_A_STATE>
    80ce:	97 7f       	andi	r25, 0xF7	; 247
    80d0:	90 93 47 12 	sts	0x1247, r25	; 0x801247 <DIOE_PORT_A_STATE>
    80d4:	c1 11       	cpse	r28, r1
    80d6:	04 c0       	rjmp	.+8      	; 0x80e0 <SET_VOLTAGE_RANGE+0xea>
    80d8:	90 91 47 12 	lds	r25, 0x1247	; 0x801247 <DIOE_PORT_A_STATE>
    80dc:	98 60       	ori	r25, 0x08	; 8
    80de:	07 c0       	rjmp	.+14     	; 0x80ee <SET_VOLTAGE_RANGE+0xf8>
    80e0:	c1 30       	cpi	r28, 0x01	; 1
    80e2:	d1 f3       	breq	.-12     	; 0x80d8 <SET_VOLTAGE_RANGE+0xe2>
    80e4:	c2 30       	cpi	r28, 0x02	; 2
    80e6:	59 f4       	brne	.+22     	; 0x80fe <SET_VOLTAGE_RANGE+0x108>
    80e8:	90 91 47 12 	lds	r25, 0x1247	; 0x801247 <DIOE_PORT_A_STATE>
    80ec:	94 60       	ori	r25, 0x04	; 4
    80ee:	90 93 47 12 	sts	0x1247, r25	; 0x801247 <DIOE_PORT_A_STATE>
    80f2:	81 30       	cpi	r24, 0x01	; 1
    80f4:	b1 f4       	brne	.+44     	; 0x8122 <SET_VOLTAGE_RANGE+0x12c>
    80f6:	80 91 47 12 	lds	r24, 0x1247	; 0x801247 <DIOE_PORT_A_STATE>
    80fa:	81 60       	ori	r24, 0x01	; 1
    80fc:	10 c0       	rjmp	.+32     	; 0x811e <SET_VOLTAGE_RANGE+0x128>
    80fe:	91 e0       	ldi	r25, 0x01	; 1
    8100:	c3 30       	cpi	r28, 0x03	; 3
    8102:	09 f0       	breq	.+2      	; 0x8106 <SET_VOLTAGE_RANGE+0x110>
    8104:	6a c0       	rjmp	.+212    	; 0x81da <SET_VOLTAGE_RANGE+0x1e4>
    8106:	91 30       	cpi	r25, 0x01	; 1
    8108:	29 f4       	brne	.+10     	; 0x8114 <SET_VOLTAGE_RANGE+0x11e>
    810a:	90 91 47 12 	lds	r25, 0x1247	; 0x801247 <DIOE_PORT_A_STATE>
    810e:	94 60       	ori	r25, 0x04	; 4
    8110:	90 93 47 12 	sts	0x1247, r25	; 0x801247 <DIOE_PORT_A_STATE>
    8114:	81 30       	cpi	r24, 0x01	; 1
    8116:	29 f4       	brne	.+10     	; 0x8122 <SET_VOLTAGE_RANGE+0x12c>
    8118:	80 91 47 12 	lds	r24, 0x1247	; 0x801247 <DIOE_PORT_A_STATE>
    811c:	82 60       	ori	r24, 0x02	; 2
    811e:	80 93 47 12 	sts	0x1247, r24	; 0x801247 <DIOE_PORT_A_STATE>
    8122:	40 91 fa 13 	lds	r20, 0x13FA	; 0x8013fa <DIOE_PORT_B_STATE>
    8126:	60 91 47 12 	lds	r22, 0x1247	; 0x801247 <DIOE_PORT_A_STATE>
    812a:	82 e0       	ldi	r24, 0x02	; 2
    812c:	0e 94 43 30 	call	0x6086	; 0x6086 <DIOExp_Write_Outputs>
    8130:	8f ed       	ldi	r24, 0xDF	; 223
    8132:	9e e2       	ldi	r25, 0x2E	; 46
    8134:	01 97       	sbiw	r24, 0x01	; 1
    8136:	f1 f7       	brne	.-4      	; 0x8134 <SET_VOLTAGE_RANGE+0x13e>
    8138:	00 c0       	rjmp	.+0      	; 0x813a <SET_VOLTAGE_RANGE+0x144>
    813a:	00 00       	nop
    813c:	60 91 97 14 	lds	r22, 0x1497	; 0x801497 <PV_Volt_DAC_ACT>
    8140:	70 91 98 14 	lds	r23, 0x1498	; 0x801498 <PV_Volt_DAC_ACT+0x1>
    8144:	80 91 99 14 	lds	r24, 0x1499	; 0x801499 <PV_Volt_DAC_ACT+0x2>
    8148:	90 91 9a 14 	lds	r25, 0x149A	; 0x80149a <PV_Volt_DAC_ACT+0x3>
    814c:	0e 94 cf 2d 	call	0x5b9e	; 0x5b9e <Set_DAC_Output_Volts>
    8150:	8f e5       	ldi	r24, 0x5F	; 95
    8152:	9d e6       	ldi	r25, 0x6D	; 109
    8154:	01 97       	sbiw	r24, 0x01	; 1
    8156:	f1 f7       	brne	.-4      	; 0x8154 <SET_VOLTAGE_RANGE+0x15e>
    8158:	00 c0       	rjmp	.+0      	; 0x815a <SET_VOLTAGE_RANGE+0x164>
    815a:	00 00       	nop
    815c:	80 91 47 12 	lds	r24, 0x1247	; 0x801247 <DIOE_PORT_A_STATE>
    8160:	81 60       	ori	r24, 0x01	; 1
    8162:	80 93 47 12 	sts	0x1247, r24	; 0x801247 <DIOE_PORT_A_STATE>
    8166:	80 91 47 12 	lds	r24, 0x1247	; 0x801247 <DIOE_PORT_A_STATE>
    816a:	82 60       	ori	r24, 0x02	; 2
    816c:	80 93 47 12 	sts	0x1247, r24	; 0x801247 <DIOE_PORT_A_STATE>
    8170:	80 91 47 12 	lds	r24, 0x1247	; 0x801247 <DIOE_PORT_A_STATE>
    8174:	84 60       	ori	r24, 0x04	; 4
    8176:	80 93 47 12 	sts	0x1247, r24	; 0x801247 <DIOE_PORT_A_STATE>
    817a:	80 91 47 12 	lds	r24, 0x1247	; 0x801247 <DIOE_PORT_A_STATE>
    817e:	88 60       	ori	r24, 0x08	; 8
    8180:	80 93 47 12 	sts	0x1247, r24	; 0x801247 <DIOE_PORT_A_STATE>
    8184:	40 91 fa 13 	lds	r20, 0x13FA	; 0x8013fa <DIOE_PORT_B_STATE>
    8188:	60 91 47 12 	lds	r22, 0x1247	; 0x801247 <DIOE_PORT_A_STATE>
    818c:	82 e0       	ldi	r24, 0x02	; 2
    818e:	0e 94 43 30 	call	0x6086	; 0x6086 <DIOExp_Write_Outputs>
    8192:	8f e3       	ldi	r24, 0x3F	; 63
    8194:	9c e9       	ldi	r25, 0x9C	; 156
    8196:	01 97       	sbiw	r24, 0x01	; 1
    8198:	f1 f7       	brne	.-4      	; 0x8196 <SET_VOLTAGE_RANGE+0x1a0>
    819a:	00 c0       	rjmp	.+0      	; 0x819c <SET_VOLTAGE_RANGE+0x1a6>
    819c:	00 00       	nop
    819e:	c0 93 e5 14 	sts	0x14E5, r28	; 0x8014e5 <Range_Volt_ID_Act>
    81a2:	80 91 e4 14 	lds	r24, 0x14E4	; 0x8014e4 <Range_Status_B>
    81a6:	81 60       	ori	r24, 0x01	; 1
    81a8:	80 93 e4 14 	sts	0x14E4, r24	; 0x8014e4 <Range_Status_B>
    81ac:	80 91 2a 14 	lds	r24, 0x142A	; 0x80142a <SysStatus_B>
    81b0:	8e 7f       	andi	r24, 0xFE	; 254
    81b2:	80 93 2a 14 	sts	0x142A, r24	; 0x80142a <SysStatus_B>
    81b6:	80 91 31 14 	lds	r24, 0x1431	; 0x801431 <Timer_CTR>
    81ba:	8e 7f       	andi	r24, 0xFE	; 254
    81bc:	80 93 31 14 	sts	0x1431, r24	; 0x801431 <Timer_CTR>
    81c0:	cf 91       	pop	r28
    81c2:	08 95       	ret
    81c4:	cc 23       	and	r28, r28
    81c6:	09 f4       	brne	.+2      	; 0x81ca <SET_VOLTAGE_RANGE+0x1d4>
    81c8:	94 cf       	rjmp	.-216    	; 0x80f2 <SET_VOLTAGE_RANGE+0xfc>
    81ca:	04 c0       	rjmp	.+8      	; 0x81d4 <SET_VOLTAGE_RANGE+0x1de>
    81cc:	81 30       	cpi	r24, 0x01	; 1
    81ce:	d1 f7       	brne	.-12     	; 0x81c4 <SET_VOLTAGE_RANGE+0x1ce>
    81d0:	90 e0       	ldi	r25, 0x00	; 0
    81d2:	69 cf       	rjmp	.-302    	; 0x80a6 <SET_VOLTAGE_RANGE+0xb0>
    81d4:	c1 30       	cpi	r28, 0x01	; 1
    81d6:	41 f4       	brne	.+16     	; 0x81e8 <SET_VOLTAGE_RANGE+0x1f2>
    81d8:	8c cf       	rjmp	.-232    	; 0x80f2 <SET_VOLTAGE_RANGE+0xfc>
    81da:	91 30       	cpi	r25, 0x01	; 1
    81dc:	09 f0       	breq	.+2      	; 0x81e0 <SET_VOLTAGE_RANGE+0x1ea>
    81de:	9a cf       	rjmp	.-204    	; 0x8114 <SET_VOLTAGE_RANGE+0x11e>
    81e0:	90 91 47 12 	lds	r25, 0x1247	; 0x801247 <DIOE_PORT_A_STATE>
    81e4:	98 60       	ori	r25, 0x08	; 8
    81e6:	94 cf       	rjmp	.-216    	; 0x8110 <SET_VOLTAGE_RANGE+0x11a>
    81e8:	c2 30       	cpi	r28, 0x02	; 2
    81ea:	09 f4       	brne	.+2      	; 0x81ee <SET_VOLTAGE_RANGE+0x1f8>
    81ec:	82 cf       	rjmp	.-252    	; 0x80f2 <SET_VOLTAGE_RANGE+0xfc>
    81ee:	90 e0       	ldi	r25, 0x00	; 0
    81f0:	87 cf       	rjmp	.-242    	; 0x8100 <SET_VOLTAGE_RANGE+0x10a>

000081f2 <SET_CURRENT_RANGE>:
    81f2:	cf 93       	push	r28
    81f4:	c8 2f       	mov	r28, r24
    81f6:	80 91 5c 15 	lds	r24, 0x155C	; 0x80155c <Range_Curr_ID_Act>
    81fa:	81 30       	cpi	r24, 0x01	; 1
    81fc:	41 f0       	breq	.+16     	; 0x820e <SET_CURRENT_RANGE+0x1c>
    81fe:	80 91 5c 15 	lds	r24, 0x155C	; 0x80155c <Range_Curr_ID_Act>
    8202:	83 30       	cpi	r24, 0x03	; 3
    8204:	21 f0       	breq	.+8      	; 0x820e <SET_CURRENT_RANGE+0x1c>
    8206:	80 91 5c 15 	lds	r24, 0x155C	; 0x80155c <Range_Curr_ID_Act>
    820a:	85 30       	cpi	r24, 0x05	; 5
    820c:	41 f4       	brne	.+16     	; 0x821e <SET_CURRENT_RANGE+0x2c>
    820e:	8c 2f       	mov	r24, r28
    8210:	8d 7f       	andi	r24, 0xFD	; 253
    8212:	81 30       	cpi	r24, 0x01	; 1
    8214:	c9 f0       	breq	.+50     	; 0x8248 <SET_CURRENT_RANGE+0x56>
    8216:	81 e0       	ldi	r24, 0x01	; 1
    8218:	c5 30       	cpi	r28, 0x05	; 5
    821a:	b9 f4       	brne	.+46     	; 0x824a <SET_CURRENT_RANGE+0x58>
    821c:	15 c0       	rjmp	.+42     	; 0x8248 <SET_CURRENT_RANGE+0x56>
    821e:	80 91 5c 15 	lds	r24, 0x155C	; 0x80155c <Range_Curr_ID_Act>
    8222:	88 23       	and	r24, r24
    8224:	41 f0       	breq	.+16     	; 0x8236 <SET_CURRENT_RANGE+0x44>
    8226:	80 91 5c 15 	lds	r24, 0x155C	; 0x80155c <Range_Curr_ID_Act>
    822a:	82 30       	cpi	r24, 0x02	; 2
    822c:	21 f0       	breq	.+8      	; 0x8236 <SET_CURRENT_RANGE+0x44>
    822e:	80 91 5c 15 	lds	r24, 0x155C	; 0x80155c <Range_Curr_ID_Act>
    8232:	84 30       	cpi	r24, 0x04	; 4
    8234:	39 f4       	brne	.+14     	; 0x8244 <SET_CURRENT_RANGE+0x52>
    8236:	8c 2f       	mov	r24, r28
    8238:	8d 7f       	andi	r24, 0xFD	; 253
    823a:	31 f0       	breq	.+12     	; 0x8248 <SET_CURRENT_RANGE+0x56>
    823c:	81 e0       	ldi	r24, 0x01	; 1
    823e:	c4 30       	cpi	r28, 0x04	; 4
    8240:	21 f4       	brne	.+8      	; 0x824a <SET_CURRENT_RANGE+0x58>
    8242:	02 c0       	rjmp	.+4      	; 0x8248 <SET_CURRENT_RANGE+0x56>
    8244:	81 e0       	ldi	r24, 0x01	; 1
    8246:	01 c0       	rjmp	.+2      	; 0x824a <SET_CURRENT_RANGE+0x58>
    8248:	80 e0       	ldi	r24, 0x00	; 0
    824a:	20 91 ed 14 	lds	r18, 0x14ED	; 0x8014ed <Range_Curr_Switch_Freq_Ctr_Max>
    824e:	30 91 ee 14 	lds	r19, 0x14EE	; 0x8014ee <Range_Curr_Switch_Freq_Ctr_Max+0x1>
    8252:	30 93 eb 14 	sts	0x14EB, r19	; 0x8014eb <Range_Curr_Switch_Freq_Counter+0x1>
    8256:	20 93 ea 14 	sts	0x14EA, r18	; 0x8014ea <Range_Curr_Switch_Freq_Counter>
    825a:	90 91 31 15 	lds	r25, 0x1531	; 0x801531 <Range_Curr_Switch_Delay_Ctr_Max>
    825e:	90 93 5d 15 	sts	0x155D, r25	; 0x80155d <Range_Curr_Switch_Delay_Counter>
    8262:	90 91 fa 13 	lds	r25, 0x13FA	; 0x8013fa <DIOE_PORT_B_STATE>
    8266:	9e 7f       	andi	r25, 0xFE	; 254
    8268:	90 93 fa 13 	sts	0x13FA, r25	; 0x8013fa <DIOE_PORT_B_STATE>
    826c:	90 91 47 12 	lds	r25, 0x1247	; 0x801247 <DIOE_PORT_A_STATE>
    8270:	9f 7d       	andi	r25, 0xDF	; 223
    8272:	90 93 47 12 	sts	0x1247, r25	; 0x801247 <DIOE_PORT_A_STATE>
    8276:	90 91 47 12 	lds	r25, 0x1247	; 0x801247 <DIOE_PORT_A_STATE>
    827a:	9f 7e       	andi	r25, 0xEF	; 239
    827c:	90 93 47 12 	sts	0x1247, r25	; 0x801247 <DIOE_PORT_A_STATE>
    8280:	90 91 47 12 	lds	r25, 0x1247	; 0x801247 <DIOE_PORT_A_STATE>
    8284:	9f 77       	andi	r25, 0x7F	; 127
    8286:	90 93 47 12 	sts	0x1247, r25	; 0x801247 <DIOE_PORT_A_STATE>
    828a:	90 91 47 12 	lds	r25, 0x1247	; 0x801247 <DIOE_PORT_A_STATE>
    828e:	9f 7b       	andi	r25, 0xBF	; 191
    8290:	90 93 47 12 	sts	0x1247, r25	; 0x801247 <DIOE_PORT_A_STATE>
    8294:	90 91 fa 13 	lds	r25, 0x13FA	; 0x8013fa <DIOE_PORT_B_STATE>
    8298:	c1 11       	cpse	r28, r1
    829a:	09 c0       	rjmp	.+18     	; 0x82ae <SET_CURRENT_RANGE+0xbc>
    829c:	98 60       	ori	r25, 0x08	; 8
    829e:	90 93 fa 13 	sts	0x13FA, r25	; 0x8013fa <DIOE_PORT_B_STATE>
    82a2:	81 30       	cpi	r24, 0x01	; 1
    82a4:	81 f4       	brne	.+32     	; 0x82c6 <SET_CURRENT_RANGE+0xd4>
    82a6:	80 91 47 12 	lds	r24, 0x1247	; 0x801247 <DIOE_PORT_A_STATE>
    82aa:	80 64       	ori	r24, 0x40	; 64
    82ac:	0a c0       	rjmp	.+20     	; 0x82c2 <SET_CURRENT_RANGE+0xd0>
    82ae:	c1 30       	cpi	r28, 0x01	; 1
    82b0:	71 f4       	brne	.+28     	; 0x82ce <SET_CURRENT_RANGE+0xdc>
    82b2:	98 60       	ori	r25, 0x08	; 8
    82b4:	90 93 fa 13 	sts	0x13FA, r25	; 0x8013fa <DIOE_PORT_B_STATE>
    82b8:	81 30       	cpi	r24, 0x01	; 1
    82ba:	29 f4       	brne	.+10     	; 0x82c6 <SET_CURRENT_RANGE+0xd4>
    82bc:	80 91 47 12 	lds	r24, 0x1247	; 0x801247 <DIOE_PORT_A_STATE>
    82c0:	80 68       	ori	r24, 0x80	; 128
    82c2:	80 93 47 12 	sts	0x1247, r24	; 0x801247 <DIOE_PORT_A_STATE>
    82c6:	80 91 47 12 	lds	r24, 0x1247	; 0x801247 <DIOE_PORT_A_STATE>
    82ca:	80 61       	ori	r24, 0x10	; 16
    82cc:	2b c0       	rjmp	.+86     	; 0x8324 <SET_CURRENT_RANGE+0x132>
    82ce:	c2 30       	cpi	r28, 0x02	; 2
    82d0:	49 f4       	brne	.+18     	; 0x82e4 <SET_CURRENT_RANGE+0xf2>
    82d2:	94 60       	ori	r25, 0x04	; 4
    82d4:	90 93 fa 13 	sts	0x13FA, r25	; 0x8013fa <DIOE_PORT_B_STATE>
    82d8:	81 30       	cpi	r24, 0x01	; 1
    82da:	81 f4       	brne	.+32     	; 0x82fc <SET_CURRENT_RANGE+0x10a>
    82dc:	80 91 47 12 	lds	r24, 0x1247	; 0x801247 <DIOE_PORT_A_STATE>
    82e0:	80 64       	ori	r24, 0x40	; 64
    82e2:	0a c0       	rjmp	.+20     	; 0x82f8 <SET_CURRENT_RANGE+0x106>
    82e4:	c3 30       	cpi	r28, 0x03	; 3
    82e6:	71 f4       	brne	.+28     	; 0x8304 <SET_CURRENT_RANGE+0x112>
    82e8:	94 60       	ori	r25, 0x04	; 4
    82ea:	90 93 fa 13 	sts	0x13FA, r25	; 0x8013fa <DIOE_PORT_B_STATE>
    82ee:	81 30       	cpi	r24, 0x01	; 1
    82f0:	29 f4       	brne	.+10     	; 0x82fc <SET_CURRENT_RANGE+0x10a>
    82f2:	80 91 47 12 	lds	r24, 0x1247	; 0x801247 <DIOE_PORT_A_STATE>
    82f6:	80 68       	ori	r24, 0x80	; 128
    82f8:	80 93 47 12 	sts	0x1247, r24	; 0x801247 <DIOE_PORT_A_STATE>
    82fc:	80 91 47 12 	lds	r24, 0x1247	; 0x801247 <DIOE_PORT_A_STATE>
    8300:	80 62       	ori	r24, 0x20	; 32
    8302:	10 c0       	rjmp	.+32     	; 0x8324 <SET_CURRENT_RANGE+0x132>
    8304:	92 60       	ori	r25, 0x02	; 2
    8306:	90 93 fa 13 	sts	0x13FA, r25	; 0x8013fa <DIOE_PORT_B_STATE>
    830a:	c4 30       	cpi	r28, 0x04	; 4
    830c:	31 f4       	brne	.+12     	; 0x831a <SET_CURRENT_RANGE+0x128>
    830e:	81 30       	cpi	r24, 0x01	; 1
    8310:	59 f4       	brne	.+22     	; 0x8328 <SET_CURRENT_RANGE+0x136>
    8312:	80 91 47 12 	lds	r24, 0x1247	; 0x801247 <DIOE_PORT_A_STATE>
    8316:	80 64       	ori	r24, 0x40	; 64
    8318:	05 c0       	rjmp	.+10     	; 0x8324 <SET_CURRENT_RANGE+0x132>
    831a:	81 30       	cpi	r24, 0x01	; 1
    831c:	29 f4       	brne	.+10     	; 0x8328 <SET_CURRENT_RANGE+0x136>
    831e:	80 91 47 12 	lds	r24, 0x1247	; 0x801247 <DIOE_PORT_A_STATE>
    8322:	80 68       	ori	r24, 0x80	; 128
    8324:	80 93 47 12 	sts	0x1247, r24	; 0x801247 <DIOE_PORT_A_STATE>
    8328:	40 91 fa 13 	lds	r20, 0x13FA	; 0x8013fa <DIOE_PORT_B_STATE>
    832c:	60 91 47 12 	lds	r22, 0x1247	; 0x801247 <DIOE_PORT_A_STATE>
    8330:	82 e0       	ldi	r24, 0x02	; 2
    8332:	0e 94 43 30 	call	0x6086	; 0x6086 <DIOExp_Write_Outputs>
    8336:	8f e3       	ldi	r24, 0x3F	; 63
    8338:	9c e9       	ldi	r25, 0x9C	; 156
    833a:	01 97       	sbiw	r24, 0x01	; 1
    833c:	f1 f7       	brne	.-4      	; 0x833a <SET_CURRENT_RANGE+0x148>
    833e:	00 c0       	rjmp	.+0      	; 0x8340 <SET_CURRENT_RANGE+0x14e>
    8340:	00 00       	nop
    8342:	80 91 47 12 	lds	r24, 0x1247	; 0x801247 <DIOE_PORT_A_STATE>
    8346:	80 68       	ori	r24, 0x80	; 128
    8348:	80 93 47 12 	sts	0x1247, r24	; 0x801247 <DIOE_PORT_A_STATE>
    834c:	80 91 47 12 	lds	r24, 0x1247	; 0x801247 <DIOE_PORT_A_STATE>
    8350:	80 64       	ori	r24, 0x40	; 64
    8352:	80 93 47 12 	sts	0x1247, r24	; 0x801247 <DIOE_PORT_A_STATE>
    8356:	cc 23       	and	r28, r28
    8358:	11 f0       	breq	.+4      	; 0x835e <SET_CURRENT_RANGE+0x16c>
    835a:	c1 30       	cpi	r28, 0x01	; 1
    835c:	49 f4       	brne	.+18     	; 0x8370 <SET_CURRENT_RANGE+0x17e>
    835e:	80 91 fa 13 	lds	r24, 0x13FA	; 0x8013fa <DIOE_PORT_B_STATE>
    8362:	8d 7f       	andi	r24, 0xFD	; 253
    8364:	80 93 fa 13 	sts	0x13FA, r24	; 0x8013fa <DIOE_PORT_B_STATE>
    8368:	80 91 fa 13 	lds	r24, 0x13FA	; 0x8013fa <DIOE_PORT_B_STATE>
    836c:	8b 7f       	andi	r24, 0xFB	; 251
    836e:	10 c0       	rjmp	.+32     	; 0x8390 <SET_CURRENT_RANGE+0x19e>
    8370:	c2 30       	cpi	r28, 0x02	; 2
    8372:	21 f4       	brne	.+8      	; 0x837c <SET_CURRENT_RANGE+0x18a>
    8374:	80 91 fa 13 	lds	r24, 0x13FA	; 0x8013fa <DIOE_PORT_B_STATE>
    8378:	8d 7f       	andi	r24, 0xFD	; 253
    837a:	05 c0       	rjmp	.+10     	; 0x8386 <SET_CURRENT_RANGE+0x194>
    837c:	c3 30       	cpi	r28, 0x03	; 3
    837e:	d1 f3       	breq	.-12     	; 0x8374 <SET_CURRENT_RANGE+0x182>
    8380:	80 91 fa 13 	lds	r24, 0x13FA	; 0x8013fa <DIOE_PORT_B_STATE>
    8384:	8b 7f       	andi	r24, 0xFB	; 251
    8386:	80 93 fa 13 	sts	0x13FA, r24	; 0x8013fa <DIOE_PORT_B_STATE>
    838a:	80 91 fa 13 	lds	r24, 0x13FA	; 0x8013fa <DIOE_PORT_B_STATE>
    838e:	87 7f       	andi	r24, 0xF7	; 247
    8390:	80 93 fa 13 	sts	0x13FA, r24	; 0x8013fa <DIOE_PORT_B_STATE>
    8394:	40 91 fa 13 	lds	r20, 0x13FA	; 0x8013fa <DIOE_PORT_B_STATE>
    8398:	60 91 47 12 	lds	r22, 0x1247	; 0x801247 <DIOE_PORT_A_STATE>
    839c:	82 e0       	ldi	r24, 0x02	; 2
    839e:	0e 94 43 30 	call	0x6086	; 0x6086 <DIOExp_Write_Outputs>
    83a2:	8c 2f       	mov	r24, r28
    83a4:	0e 94 da 1a 	call	0x35b4	; 0x35b4 <EEPROM_LOAD_CURRENT_RANGE>
    83a8:	8f e3       	ldi	r24, 0x3F	; 63
    83aa:	9c e9       	ldi	r25, 0x9C	; 156
    83ac:	01 97       	sbiw	r24, 0x01	; 1
    83ae:	f1 f7       	brne	.-4      	; 0x83ac <SET_CURRENT_RANGE+0x1ba>
    83b0:	00 c0       	rjmp	.+0      	; 0x83b2 <SET_CURRENT_RANGE+0x1c0>
    83b2:	00 00       	nop
    83b4:	c0 93 5c 15 	sts	0x155C, r28	; 0x80155c <Range_Curr_ID_Act>
    83b8:	80 91 e4 14 	lds	r24, 0x14E4	; 0x8014e4 <Range_Status_B>
    83bc:	82 60       	ori	r24, 0x02	; 2
    83be:	80 93 e4 14 	sts	0x14E4, r24	; 0x8014e4 <Range_Status_B>
    83c2:	80 91 2a 14 	lds	r24, 0x142A	; 0x80142a <SysStatus_B>
    83c6:	8e 7f       	andi	r24, 0xFE	; 254
    83c8:	80 93 2a 14 	sts	0x142A, r24	; 0x80142a <SysStatus_B>
    83cc:	80 91 31 14 	lds	r24, 0x1431	; 0x801431 <Timer_CTR>
    83d0:	8e 7f       	andi	r24, 0xFE	; 254
    83d2:	80 93 31 14 	sts	0x1431, r24	; 0x801431 <Timer_CTR>
    83d6:	cf 91       	pop	r28
    83d8:	08 95       	ret

000083da <Check_Voltage_Range_Enabled_Correct>:
    83da:	28 2f       	mov	r18, r24
    83dc:	31 e0       	ldi	r19, 0x01	; 1
    83de:	c9 01       	movw	r24, r18
    83e0:	99 23       	and	r25, r25
    83e2:	99 f0       	breq	.+38     	; 0x840a <Check_Voltage_Range_Enabled_Correct+0x30>
    83e4:	20 91 46 15 	lds	r18, 0x1546	; 0x801546 <Range_Volt_Enable>
    83e8:	30 e0       	ldi	r19, 0x00	; 0
    83ea:	08 2e       	mov	r0, r24
    83ec:	02 c0       	rjmp	.+4      	; 0x83f2 <Check_Voltage_Range_Enabled_Correct+0x18>
    83ee:	35 95       	asr	r19
    83f0:	27 95       	ror	r18
    83f2:	0a 94       	dec	r0
    83f4:	e2 f7       	brpl	.-8      	; 0x83ee <Check_Voltage_Range_Enabled_Correct+0x14>
    83f6:	20 fd       	sbrc	r18, 0
    83f8:	02 c0       	rjmp	.+4      	; 0x83fe <Check_Voltage_Range_Enabled_Correct+0x24>
    83fa:	8f 5f       	subi	r24, 0xFF	; 255
    83fc:	01 c0       	rjmp	.+2      	; 0x8400 <Check_Voltage_Range_Enabled_Correct+0x26>
    83fe:	90 e0       	ldi	r25, 0x00	; 0
    8400:	24 e0       	ldi	r18, 0x04	; 4
    8402:	30 e0       	ldi	r19, 0x00	; 0
    8404:	85 30       	cpi	r24, 0x05	; 5
    8406:	60 f3       	brcs	.-40     	; 0x83e0 <Check_Voltage_Range_Enabled_Correct+0x6>
    8408:	ea cf       	rjmp	.-44     	; 0x83de <Check_Voltage_Range_Enabled_Correct+0x4>
    840a:	08 95       	ret

0000840c <Process_Voltage_Auto_Range>:
    840c:	80 91 e5 14 	lds	r24, 0x14E5	; 0x8014e5 <Range_Volt_ID_Act>
    8410:	90 91 ec 14 	lds	r25, 0x14EC	; 0x8014ec <Range_Status_A>
    8414:	94 ff       	sbrs	r25, 4
    8416:	02 c0       	rjmp	.+4      	; 0x841c <Process_Voltage_Auto_Range+0x10>
    8418:	8f 5f       	subi	r24, 0xFF	; 255
    841a:	09 c0       	rjmp	.+18     	; 0x842e <Process_Voltage_Auto_Range+0x22>
    841c:	60 91 97 10 	lds	r22, 0x1097	; 0x801097 <AI_Volt>
    8420:	70 91 98 10 	lds	r23, 0x1098	; 0x801098 <AI_Volt+0x1>
    8424:	80 91 99 10 	lds	r24, 0x1099	; 0x801099 <AI_Volt+0x2>
    8428:	90 91 9a 10 	lds	r25, 0x109A	; 0x80109a <AI_Volt+0x3>
    842c:	a8 da       	rcall	.-2736   	; 0x797e <Get_Best_Voltage_Range_From_Value>
    842e:	d5 df       	rcall	.-86     	; 0x83da <Check_Voltage_Range_Enabled_Correct>
    8430:	85 30       	cpi	r24, 0x05	; 5
    8432:	08 f0       	brcs	.+2      	; 0x8436 <Process_Voltage_Auto_Range+0x2a>
    8434:	84 e0       	ldi	r24, 0x04	; 4
    8436:	90 91 e5 14 	lds	r25, 0x14E5	; 0x8014e5 <Range_Volt_ID_Act>
    843a:	98 17       	cp	r25, r24
    843c:	40 f0       	brcs	.+16     	; 0x844e <Process_Voltage_Auto_Range+0x42>
    843e:	90 91 e5 14 	lds	r25, 0x14E5	; 0x8014e5 <Range_Volt_ID_Act>
    8442:	89 17       	cp	r24, r25
    8444:	78 f4       	brcc	.+30     	; 0x8464 <Process_Voltage_Auto_Range+0x58>
    8446:	90 91 2a 14 	lds	r25, 0x142A	; 0x80142a <SysStatus_B>
    844a:	92 fd       	sbrc	r25, 2
    844c:	0b c0       	rjmp	.+22     	; 0x8464 <Process_Voltage_Auto_Range+0x58>
    844e:	90 91 5b 15 	lds	r25, 0x155B	; 0x80155b <Range_Volt_Switch_Delay_Counter>
    8452:	99 23       	and	r25, r25
    8454:	31 f0       	breq	.+12     	; 0x8462 <Process_Voltage_Auto_Range+0x56>
    8456:	80 91 5b 15 	lds	r24, 0x155B	; 0x80155b <Range_Volt_Switch_Delay_Counter>
    845a:	81 50       	subi	r24, 0x01	; 1
    845c:	80 93 5b 15 	sts	0x155B, r24	; 0x80155b <Range_Volt_Switch_Delay_Counter>
    8460:	08 95       	ret
    8462:	c9 cd       	rjmp	.-1134   	; 0x7ff6 <SET_VOLTAGE_RANGE>
    8464:	08 95       	ret

00008466 <Check_Current_Range_Enabled_Correct>:
    8466:	28 2f       	mov	r18, r24
    8468:	31 e0       	ldi	r19, 0x01	; 1
    846a:	c9 01       	movw	r24, r18
    846c:	99 23       	and	r25, r25
    846e:	99 f0       	breq	.+38     	; 0x8496 <Check_Current_Range_Enabled_Correct+0x30>
    8470:	20 91 07 15 	lds	r18, 0x1507	; 0x801507 <Range_Curr_Enable>
    8474:	30 e0       	ldi	r19, 0x00	; 0
    8476:	08 2e       	mov	r0, r24
    8478:	02 c0       	rjmp	.+4      	; 0x847e <Check_Current_Range_Enabled_Correct+0x18>
    847a:	35 95       	asr	r19
    847c:	27 95       	ror	r18
    847e:	0a 94       	dec	r0
    8480:	e2 f7       	brpl	.-8      	; 0x847a <Check_Current_Range_Enabled_Correct+0x14>
    8482:	20 fd       	sbrc	r18, 0
    8484:	02 c0       	rjmp	.+4      	; 0x848a <Check_Current_Range_Enabled_Correct+0x24>
    8486:	8f 5f       	subi	r24, 0xFF	; 255
    8488:	01 c0       	rjmp	.+2      	; 0x848c <Check_Current_Range_Enabled_Correct+0x26>
    848a:	90 e0       	ldi	r25, 0x00	; 0
    848c:	25 e0       	ldi	r18, 0x05	; 5
    848e:	30 e0       	ldi	r19, 0x00	; 0
    8490:	86 30       	cpi	r24, 0x06	; 6
    8492:	60 f3       	brcs	.-40     	; 0x846c <Check_Current_Range_Enabled_Correct+0x6>
    8494:	ea cf       	rjmp	.-44     	; 0x846a <Check_Current_Range_Enabled_Correct+0x4>
    8496:	08 95       	ret

00008498 <Process_Current_Auto_Range>:
    8498:	cf 93       	push	r28
    849a:	c0 91 5c 15 	lds	r28, 0x155C	; 0x80155c <Range_Curr_ID_Act>
    849e:	00 99       	sbic	0x00, 0	; 0
    84a0:	04 c0       	rjmp	.+8      	; 0x84aa <Process_Current_Auto_Range+0x12>
    84a2:	80 91 26 14 	lds	r24, 0x1426	; 0x801426 <SysStatus_A>
    84a6:	80 61       	ori	r24, 0x10	; 16
    84a8:	03 c0       	rjmp	.+6      	; 0x84b0 <Process_Current_Auto_Range+0x18>
    84aa:	80 91 26 14 	lds	r24, 0x1426	; 0x801426 <SysStatus_A>
    84ae:	8f 7e       	andi	r24, 0xEF	; 239
    84b0:	80 93 26 14 	sts	0x1426, r24	; 0x801426 <SysStatus_A>
    84b4:	80 91 ec 14 	lds	r24, 0x14EC	; 0x8014ec <Range_Status_A>
    84b8:	86 fd       	sbrc	r24, 6
    84ba:	04 c0       	rjmp	.+8      	; 0x84c4 <Process_Current_Auto_Range+0x2c>
    84bc:	80 91 26 14 	lds	r24, 0x1426	; 0x801426 <SysStatus_A>
    84c0:	84 ff       	sbrs	r24, 4
    84c2:	0d c0       	rjmp	.+26     	; 0x84de <Process_Current_Auto_Range+0x46>
    84c4:	8c 2f       	mov	r24, r28
    84c6:	90 e0       	ldi	r25, 0x00	; 0
    84c8:	04 97       	sbiw	r24, 0x04	; 4
    84ca:	14 f4       	brge	.+4      	; 0x84d0 <Process_Current_Auto_Range+0x38>
    84cc:	ce 5f       	subi	r28, 0xFE	; 254
    84ce:	01 c0       	rjmp	.+2      	; 0x84d2 <Process_Current_Auto_Range+0x3a>
    84d0:	cf 5f       	subi	r28, 0xFF	; 255
    84d2:	80 91 26 14 	lds	r24, 0x1426	; 0x801426 <SysStatus_A>
    84d6:	84 ff       	sbrs	r24, 4
    84d8:	0c c0       	rjmp	.+24     	; 0x84f2 <Process_Current_Auto_Range+0x5a>
    84da:	37 db       	rcall	.-2450   	; 0x7b4a <Reset_Over_Current_Clamp>
    84dc:	0a c0       	rjmp	.+20     	; 0x84f2 <Process_Current_Auto_Range+0x5a>
    84de:	60 91 4e 12 	lds	r22, 0x124E	; 0x80124e <AI_Curr>
    84e2:	70 91 4f 12 	lds	r23, 0x124F	; 0x80124f <AI_Curr+0x1>
    84e6:	80 91 50 12 	lds	r24, 0x1250	; 0x801250 <AI_Curr+0x2>
    84ea:	90 91 51 12 	lds	r25, 0x1251	; 0x801251 <AI_Curr+0x3>
    84ee:	ba da       	rcall	.-2700   	; 0x7a64 <Get_Best_Current_Range_From_Value>
    84f0:	c8 2f       	mov	r28, r24
    84f2:	8c 2f       	mov	r24, r28
    84f4:	b8 df       	rcall	.-144    	; 0x8466 <Check_Current_Range_Enabled_Correct>
    84f6:	86 30       	cpi	r24, 0x06	; 6
    84f8:	08 f0       	brcs	.+2      	; 0x84fc <Process_Current_Auto_Range+0x64>
    84fa:	85 e0       	ldi	r24, 0x05	; 5
    84fc:	90 91 5c 15 	lds	r25, 0x155C	; 0x80155c <Range_Curr_ID_Act>
    8500:	98 17       	cp	r25, r24
    8502:	40 f0       	brcs	.+16     	; 0x8514 <Process_Current_Auto_Range+0x7c>
    8504:	90 91 5c 15 	lds	r25, 0x155C	; 0x80155c <Range_Curr_ID_Act>
    8508:	89 17       	cp	r24, r25
    850a:	70 f4       	brcc	.+28     	; 0x8528 <Process_Current_Auto_Range+0x90>
    850c:	90 91 2a 14 	lds	r25, 0x142A	; 0x80142a <SysStatus_B>
    8510:	93 fd       	sbrc	r25, 3
    8512:	0e c0       	rjmp	.+28     	; 0x8530 <Process_Current_Auto_Range+0x98>
    8514:	90 91 5d 15 	lds	r25, 0x155D	; 0x80155d <Range_Curr_Switch_Delay_Counter>
    8518:	99 23       	and	r25, r25
    851a:	21 f0       	breq	.+8      	; 0x8524 <Process_Current_Auto_Range+0x8c>
    851c:	80 91 5d 15 	lds	r24, 0x155D	; 0x80155d <Range_Curr_Switch_Delay_Counter>
    8520:	81 50       	subi	r24, 0x01	; 1
    8522:	04 c0       	rjmp	.+8      	; 0x852c <Process_Current_Auto_Range+0x94>
    8524:	cf 91       	pop	r28
    8526:	65 ce       	rjmp	.-822    	; 0x81f2 <SET_CURRENT_RANGE>
    8528:	80 91 31 15 	lds	r24, 0x1531	; 0x801531 <Range_Curr_Switch_Delay_Ctr_Max>
    852c:	80 93 5d 15 	sts	0x155D, r24	; 0x80155d <Range_Curr_Switch_Delay_Counter>
    8530:	cf 91       	pop	r28
    8532:	08 95       	ret

00008534 <Check_Input_Range_Selection>:
    8534:	80 91 2f 15 	lds	r24, 0x152F	; 0x80152f <Range_Volt_Switch_Freq_Counter>
    8538:	90 91 30 15 	lds	r25, 0x1530	; 0x801530 <Range_Volt_Switch_Freq_Counter+0x1>
    853c:	89 2b       	or	r24, r25
    853e:	69 f0       	breq	.+26     	; 0x855a <Check_Input_Range_Selection+0x26>
    8540:	80 91 2f 15 	lds	r24, 0x152F	; 0x80152f <Range_Volt_Switch_Freq_Counter>
    8544:	90 91 30 15 	lds	r25, 0x1530	; 0x801530 <Range_Volt_Switch_Freq_Counter+0x1>
    8548:	01 97       	sbiw	r24, 0x01	; 1
    854a:	90 93 30 15 	sts	0x1530, r25	; 0x801530 <Range_Volt_Switch_Freq_Counter+0x1>
    854e:	80 93 2f 15 	sts	0x152F, r24	; 0x80152f <Range_Volt_Switch_Freq_Counter>
    8552:	80 91 2a 14 	lds	r24, 0x142A	; 0x80142a <SysStatus_B>
    8556:	84 60       	ori	r24, 0x04	; 4
    8558:	03 c0       	rjmp	.+6      	; 0x8560 <Check_Input_Range_Selection+0x2c>
    855a:	80 91 2a 14 	lds	r24, 0x142A	; 0x80142a <SysStatus_B>
    855e:	8b 7f       	andi	r24, 0xFB	; 251
    8560:	80 93 2a 14 	sts	0x142A, r24	; 0x80142a <SysStatus_B>
    8564:	80 91 ea 14 	lds	r24, 0x14EA	; 0x8014ea <Range_Curr_Switch_Freq_Counter>
    8568:	90 91 eb 14 	lds	r25, 0x14EB	; 0x8014eb <Range_Curr_Switch_Freq_Counter+0x1>
    856c:	89 2b       	or	r24, r25
    856e:	69 f0       	breq	.+26     	; 0x858a <Check_Input_Range_Selection+0x56>
    8570:	80 91 ea 14 	lds	r24, 0x14EA	; 0x8014ea <Range_Curr_Switch_Freq_Counter>
    8574:	90 91 eb 14 	lds	r25, 0x14EB	; 0x8014eb <Range_Curr_Switch_Freq_Counter+0x1>
    8578:	01 97       	sbiw	r24, 0x01	; 1
    857a:	90 93 eb 14 	sts	0x14EB, r25	; 0x8014eb <Range_Curr_Switch_Freq_Counter+0x1>
    857e:	80 93 ea 14 	sts	0x14EA, r24	; 0x8014ea <Range_Curr_Switch_Freq_Counter>
    8582:	80 91 2a 14 	lds	r24, 0x142A	; 0x80142a <SysStatus_B>
    8586:	88 60       	ori	r24, 0x08	; 8
    8588:	03 c0       	rjmp	.+6      	; 0x8590 <Check_Input_Range_Selection+0x5c>
    858a:	80 91 2a 14 	lds	r24, 0x142A	; 0x80142a <SysStatus_B>
    858e:	87 7f       	andi	r24, 0xF7	; 247
    8590:	80 93 2a 14 	sts	0x142A, r24	; 0x80142a <SysStatus_B>
    8594:	80 91 2b 14 	lds	r24, 0x142B	; 0x80142b <SysControl>
    8598:	87 ff       	sbrs	r24, 7
    859a:	09 c0       	rjmp	.+18     	; 0x85ae <Check_Input_Range_Selection+0x7a>
    859c:	80 91 ec 14 	lds	r24, 0x14EC	; 0x8014ec <Range_Status_A>
    85a0:	82 ff       	sbrs	r24, 2
    85a2:	05 c0       	rjmp	.+10     	; 0x85ae <Check_Input_Range_Selection+0x7a>
    85a4:	80 91 ec 14 	lds	r24, 0x14EC	; 0x8014ec <Range_Status_A>
    85a8:	81 60       	ori	r24, 0x01	; 1
    85aa:	80 93 ec 14 	sts	0x14EC, r24	; 0x8014ec <Range_Status_A>
    85ae:	80 91 ec 14 	lds	r24, 0x14EC	; 0x8014ec <Range_Status_A>
    85b2:	80 ff       	sbrs	r24, 0
    85b4:	09 c0       	rjmp	.+18     	; 0x85c8 <Check_Input_Range_Selection+0x94>
    85b6:	90 91 e5 14 	lds	r25, 0x14E5	; 0x8014e5 <Range_Volt_ID_Act>
    85ba:	80 91 10 15 	lds	r24, 0x1510	; 0x801510 <Range_Volt_ID_Man>
    85be:	98 17       	cp	r25, r24
    85c0:	b9 f0       	breq	.+46     	; 0x85f0 <Check_Input_Range_Selection+0xbc>
    85c2:	80 91 10 15 	lds	r24, 0x1510	; 0x801510 <Range_Volt_ID_Man>
    85c6:	13 c0       	rjmp	.+38     	; 0x85ee <Check_Input_Range_Selection+0xba>
    85c8:	80 91 26 14 	lds	r24, 0x1426	; 0x801426 <SysStatus_A>
    85cc:	80 ff       	sbrs	r24, 0
    85ce:	02 c0       	rjmp	.+4      	; 0x85d4 <Check_Input_Range_Selection+0xa0>
    85d0:	1d df       	rcall	.-454    	; 0x840c <Process_Voltage_Auto_Range>
    85d2:	0e c0       	rjmp	.+28     	; 0x85f0 <Check_Input_Range_Selection+0xbc>
    85d4:	80 91 5e 15 	lds	r24, 0x155E	; 0x80155e <Range_Volt_Switch_Freq_Ctr_Max>
    85d8:	90 91 5f 15 	lds	r25, 0x155F	; 0x80155f <Range_Volt_Switch_Freq_Ctr_Max+0x1>
    85dc:	90 93 30 15 	sts	0x1530, r25	; 0x801530 <Range_Volt_Switch_Freq_Counter+0x1>
    85e0:	80 93 2f 15 	sts	0x152F, r24	; 0x80152f <Range_Volt_Switch_Freq_Counter>
    85e4:	80 91 e5 14 	lds	r24, 0x14E5	; 0x8014e5 <Range_Volt_ID_Act>
    85e8:	84 30       	cpi	r24, 0x04	; 4
    85ea:	11 f0       	breq	.+4      	; 0x85f0 <Check_Input_Range_Selection+0xbc>
    85ec:	84 e0       	ldi	r24, 0x04	; 4
    85ee:	03 dd       	rcall	.-1530   	; 0x7ff6 <SET_VOLTAGE_RANGE>
    85f0:	00 99       	sbic	0x00, 0	; 0
    85f2:	04 c0       	rjmp	.+8      	; 0x85fc <Check_Input_Range_Selection+0xc8>
    85f4:	80 91 26 14 	lds	r24, 0x1426	; 0x801426 <SysStatus_A>
    85f8:	80 61       	ori	r24, 0x10	; 16
    85fa:	03 c0       	rjmp	.+6      	; 0x8602 <Check_Input_Range_Selection+0xce>
    85fc:	80 91 26 14 	lds	r24, 0x1426	; 0x801426 <SysStatus_A>
    8600:	8f 7e       	andi	r24, 0xEF	; 239
    8602:	80 93 26 14 	sts	0x1426, r24	; 0x801426 <SysStatus_A>
    8606:	80 91 2b 14 	lds	r24, 0x142B	; 0x80142b <SysControl>
    860a:	87 ff       	sbrs	r24, 7
    860c:	09 c0       	rjmp	.+18     	; 0x8620 <Check_Input_Range_Selection+0xec>
    860e:	80 91 ec 14 	lds	r24, 0x14EC	; 0x8014ec <Range_Status_A>
    8612:	83 ff       	sbrs	r24, 3
    8614:	05 c0       	rjmp	.+10     	; 0x8620 <Check_Input_Range_Selection+0xec>
    8616:	80 91 ec 14 	lds	r24, 0x14EC	; 0x8014ec <Range_Status_A>
    861a:	82 60       	ori	r24, 0x02	; 2
    861c:	80 93 ec 14 	sts	0x14EC, r24	; 0x8014ec <Range_Status_A>
    8620:	80 91 ec 14 	lds	r24, 0x14EC	; 0x8014ec <Range_Status_A>
    8624:	81 ff       	sbrs	r24, 1
    8626:	09 c0       	rjmp	.+18     	; 0x863a <Check_Input_Range_Selection+0x106>
    8628:	90 91 5c 15 	lds	r25, 0x155C	; 0x80155c <Range_Curr_ID_Act>
    862c:	80 91 12 15 	lds	r24, 0x1512	; 0x801512 <Range_Curr_ID_Man>
    8630:	98 17       	cp	r25, r24
    8632:	d1 f0       	breq	.+52     	; 0x8668 <Check_Input_Range_Selection+0x134>
    8634:	80 91 12 15 	lds	r24, 0x1512	; 0x801512 <Range_Curr_ID_Man>
    8638:	16 c0       	rjmp	.+44     	; 0x8666 <Check_Input_Range_Selection+0x132>
    863a:	80 91 26 14 	lds	r24, 0x1426	; 0x801426 <SysStatus_A>
    863e:	80 fd       	sbrc	r24, 0
    8640:	2b cf       	rjmp	.-426    	; 0x8498 <Process_Current_Auto_Range>
    8642:	80 91 ed 14 	lds	r24, 0x14ED	; 0x8014ed <Range_Curr_Switch_Freq_Ctr_Max>
    8646:	90 91 ee 14 	lds	r25, 0x14EE	; 0x8014ee <Range_Curr_Switch_Freq_Ctr_Max+0x1>
    864a:	90 93 eb 14 	sts	0x14EB, r25	; 0x8014eb <Range_Curr_Switch_Freq_Counter+0x1>
    864e:	80 93 ea 14 	sts	0x14EA, r24	; 0x8014ea <Range_Curr_Switch_Freq_Counter>
    8652:	80 91 2a 14 	lds	r24, 0x142A	; 0x80142a <SysStatus_B>
    8656:	88 60       	ori	r24, 0x08	; 8
    8658:	80 93 2a 14 	sts	0x142A, r24	; 0x80142a <SysStatus_B>
    865c:	80 91 5c 15 	lds	r24, 0x155C	; 0x80155c <Range_Curr_ID_Act>
    8660:	85 30       	cpi	r24, 0x05	; 5
    8662:	11 f0       	breq	.+4      	; 0x8668 <Check_Input_Range_Selection+0x134>
    8664:	85 e0       	ldi	r24, 0x05	; 5
    8666:	c5 cd       	rjmp	.-1142   	; 0x81f2 <SET_CURRENT_RANGE>
    8668:	08 95       	ret

0000866a <NTC_RawToTemp>:
    866a:	8f 92       	push	r8
    866c:	9f 92       	push	r9
    866e:	af 92       	push	r10
    8670:	bf 92       	push	r11
    8672:	cf 92       	push	r12
    8674:	df 92       	push	r13
    8676:	ef 92       	push	r14
    8678:	ff 92       	push	r15
    867a:	9c 01       	movw	r18, r24
    867c:	21 50       	subi	r18, 0x01	; 1
    867e:	31 09       	sbc	r19, r1
    8680:	2e 3f       	cpi	r18, 0xFE	; 254
    8682:	3f 40       	sbci	r19, 0x0F	; 15
    8684:	08 f0       	brcs	.+2      	; 0x8688 <NTC_RawToTemp+0x1e>
    8686:	3b c0       	rjmp	.+118    	; 0x86fe <NTC_RawToTemp+0x94>
    8688:	bc 01       	movw	r22, r24
    868a:	80 e0       	ldi	r24, 0x00	; 0
    868c:	90 e0       	ldi	r25, 0x00	; 0
    868e:	89 d4       	rcall	.+2322   	; 0x8fa2 <__floatunsisf>
    8690:	20 e0       	ldi	r18, 0x00	; 0
    8692:	30 ef       	ldi	r19, 0xF0	; 240
    8694:	4f e7       	ldi	r20, 0x7F	; 127
    8696:	55 e4       	ldi	r21, 0x45	; 69
    8698:	ba d3       	rcall	.+1908   	; 0x8e0e <__divsf3>
    869a:	6b 01       	movw	r12, r22
    869c:	7c 01       	movw	r14, r24
    869e:	20 e0       	ldi	r18, 0x00	; 0
    86a0:	30 e4       	ldi	r19, 0x40	; 64
    86a2:	4c e1       	ldi	r20, 0x1C	; 28
    86a4:	56 e4       	ldi	r21, 0x46	; 70
    86a6:	0d d6       	rcall	.+3098   	; 0x92c2 <__mulsf3>
    86a8:	4b 01       	movw	r8, r22
    86aa:	5c 01       	movw	r10, r24
    86ac:	a7 01       	movw	r20, r14
    86ae:	96 01       	movw	r18, r12
    86b0:	60 e0       	ldi	r22, 0x00	; 0
    86b2:	70 e0       	ldi	r23, 0x00	; 0
    86b4:	80 e8       	ldi	r24, 0x80	; 128
    86b6:	9f e3       	ldi	r25, 0x3F	; 63
    86b8:	41 d3       	rcall	.+1666   	; 0x8d3c <__subsf3>
    86ba:	9b 01       	movw	r18, r22
    86bc:	ac 01       	movw	r20, r24
    86be:	c5 01       	movw	r24, r10
    86c0:	b4 01       	movw	r22, r8
    86c2:	a5 d3       	rcall	.+1866   	; 0x8e0e <__divsf3>
    86c4:	20 e0       	ldi	r18, 0x00	; 0
    86c6:	30 e4       	ldi	r19, 0x40	; 64
    86c8:	4c e1       	ldi	r20, 0x1C	; 28
    86ca:	56 e4       	ldi	r21, 0x46	; 70
    86cc:	a0 d3       	rcall	.+1856   	; 0x8e0e <__divsf3>
    86ce:	86 d5       	rcall	.+2828   	; 0x91dc <log>
    86d0:	20 e0       	ldi	r18, 0x00	; 0
    86d2:	30 e0       	ldi	r19, 0x00	; 0
    86d4:	49 e7       	ldi	r20, 0x79	; 121
    86d6:	55 e4       	ldi	r21, 0x45	; 69
    86d8:	9a d3       	rcall	.+1844   	; 0x8e0e <__divsf3>
    86da:	2f e0       	ldi	r18, 0x0F	; 15
    86dc:	3f ec       	ldi	r19, 0xCF	; 207
    86de:	4b e5       	ldi	r20, 0x5B	; 91
    86e0:	5b e3       	ldi	r21, 0x3B	; 59
    86e2:	2d d3       	rcall	.+1626   	; 0x8d3e <__addsf3>
    86e4:	9b 01       	movw	r18, r22
    86e6:	ac 01       	movw	r20, r24
    86e8:	60 e0       	ldi	r22, 0x00	; 0
    86ea:	70 e0       	ldi	r23, 0x00	; 0
    86ec:	80 e8       	ldi	r24, 0x80	; 128
    86ee:	9f e3       	ldi	r25, 0x3F	; 63
    86f0:	8e d3       	rcall	.+1820   	; 0x8e0e <__divsf3>
    86f2:	23 e3       	ldi	r18, 0x33	; 51
    86f4:	33 e9       	ldi	r19, 0x93	; 147
    86f6:	48 e8       	ldi	r20, 0x88	; 136
    86f8:	53 e4       	ldi	r21, 0x43	; 67
    86fa:	20 d3       	rcall	.+1600   	; 0x8d3c <__subsf3>
    86fc:	04 c0       	rjmp	.+8      	; 0x8706 <NTC_RawToTemp+0x9c>
    86fe:	6d ec       	ldi	r22, 0xCD	; 205
    8700:	7c ec       	ldi	r23, 0xCC	; 204
    8702:	87 ec       	ldi	r24, 0xC7	; 199
    8704:	92 e4       	ldi	r25, 0x42	; 66
    8706:	ff 90       	pop	r15
    8708:	ef 90       	pop	r14
    870a:	df 90       	pop	r13
    870c:	cf 90       	pop	r12
    870e:	bf 90       	pop	r11
    8710:	af 90       	pop	r10
    8712:	9f 90       	pop	r9
    8714:	8f 90       	pop	r8
    8716:	08 95       	ret

00008718 <NTC_TempToRaw>:
    8718:	cf 92       	push	r12
    871a:	df 92       	push	r13
    871c:	ef 92       	push	r14
    871e:	ff 92       	push	r15
    8720:	23 e3       	ldi	r18, 0x33	; 51
    8722:	33 e9       	ldi	r19, 0x93	; 147
    8724:	48 e8       	ldi	r20, 0x88	; 136
    8726:	53 e4       	ldi	r21, 0x43	; 67
    8728:	0a d3       	rcall	.+1556   	; 0x8d3e <__addsf3>
    872a:	9b 01       	movw	r18, r22
    872c:	ac 01       	movw	r20, r24
    872e:	60 e0       	ldi	r22, 0x00	; 0
    8730:	70 e0       	ldi	r23, 0x00	; 0
    8732:	80 e8       	ldi	r24, 0x80	; 128
    8734:	9f e3       	ldi	r25, 0x3F	; 63
    8736:	6b d3       	rcall	.+1750   	; 0x8e0e <__divsf3>
    8738:	2f e0       	ldi	r18, 0x0F	; 15
    873a:	3f ec       	ldi	r19, 0xCF	; 207
    873c:	4b e5       	ldi	r20, 0x5B	; 91
    873e:	5b e3       	ldi	r21, 0x3B	; 59
    8740:	fd d2       	rcall	.+1530   	; 0x8d3c <__subsf3>
    8742:	20 e0       	ldi	r18, 0x00	; 0
    8744:	30 e0       	ldi	r19, 0x00	; 0
    8746:	49 e7       	ldi	r20, 0x79	; 121
    8748:	55 e4       	ldi	r21, 0x45	; 69
    874a:	bb d5       	rcall	.+2934   	; 0x92c2 <__mulsf3>
    874c:	cd d3       	rcall	.+1946   	; 0x8ee8 <exp>
    874e:	20 e0       	ldi	r18, 0x00	; 0
    8750:	30 e4       	ldi	r19, 0x40	; 64
    8752:	4c e1       	ldi	r20, 0x1C	; 28
    8754:	56 e4       	ldi	r21, 0x46	; 70
    8756:	b5 d5       	rcall	.+2922   	; 0x92c2 <__mulsf3>
    8758:	6b 01       	movw	r12, r22
    875a:	7c 01       	movw	r14, r24
    875c:	20 e0       	ldi	r18, 0x00	; 0
    875e:	30 e4       	ldi	r19, 0x40	; 64
    8760:	4c e1       	ldi	r20, 0x1C	; 28
    8762:	56 e4       	ldi	r21, 0x46	; 70
    8764:	ec d2       	rcall	.+1496   	; 0x8d3e <__addsf3>
    8766:	9b 01       	movw	r18, r22
    8768:	ac 01       	movw	r20, r24
    876a:	c7 01       	movw	r24, r14
    876c:	b6 01       	movw	r22, r12
    876e:	4f d3       	rcall	.+1694   	; 0x8e0e <__divsf3>
    8770:	20 e0       	ldi	r18, 0x00	; 0
    8772:	30 ef       	ldi	r19, 0xF0	; 240
    8774:	4f e7       	ldi	r20, 0x7F	; 127
    8776:	55 e4       	ldi	r21, 0x45	; 69
    8778:	a4 d5       	rcall	.+2888   	; 0x92c2 <__mulsf3>
    877a:	6b 01       	movw	r12, r22
    877c:	7c 01       	movw	r14, r24
    877e:	20 e0       	ldi	r18, 0x00	; 0
    8780:	30 e0       	ldi	r19, 0x00	; 0
    8782:	a9 01       	movw	r20, r18
    8784:	40 d3       	rcall	.+1664   	; 0x8e06 <__cmpsf2>
    8786:	87 fd       	sbrc	r24, 7
    8788:	11 c0       	rjmp	.+34     	; 0x87ac <NTC_TempToRaw+0x94>
    878a:	20 e0       	ldi	r18, 0x00	; 0
    878c:	30 ef       	ldi	r19, 0xF0	; 240
    878e:	4f e7       	ldi	r20, 0x7F	; 127
    8790:	55 e4       	ldi	r21, 0x45	; 69
    8792:	c7 01       	movw	r24, r14
    8794:	b6 01       	movw	r22, r12
    8796:	dc d4       	rcall	.+2488   	; 0x9150 <__gesf2>
    8798:	18 16       	cp	r1, r24
    879a:	5c f4       	brge	.+22     	; 0x87b2 <NTC_TempToRaw+0x9a>
    879c:	c1 2c       	mov	r12, r1
    879e:	80 ef       	ldi	r24, 0xF0	; 240
    87a0:	d8 2e       	mov	r13, r24
    87a2:	8f e7       	ldi	r24, 0x7F	; 127
    87a4:	e8 2e       	mov	r14, r24
    87a6:	85 e4       	ldi	r24, 0x45	; 69
    87a8:	f8 2e       	mov	r15, r24
    87aa:	03 c0       	rjmp	.+6      	; 0x87b2 <NTC_TempToRaw+0x9a>
    87ac:	c1 2c       	mov	r12, r1
    87ae:	d1 2c       	mov	r13, r1
    87b0:	76 01       	movw	r14, r12
    87b2:	c7 01       	movw	r24, r14
    87b4:	b6 01       	movw	r22, r12
    87b6:	c9 d3       	rcall	.+1938   	; 0x8f4a <__fixunssfsi>
    87b8:	cb 01       	movw	r24, r22
    87ba:	ff 90       	pop	r15
    87bc:	ef 90       	pop	r14
    87be:	df 90       	pop	r13
    87c0:	cf 90       	pop	r12
    87c2:	08 95       	ret

000087c4 <I2C_Wait_TWINT>:
    87c4:	84 ef       	ldi	r24, 0xF4	; 244
    87c6:	91 e0       	ldi	r25, 0x01	; 1
    87c8:	20 91 bc 00 	lds	r18, 0x00BC	; 0x8000bc <__TEXT_REGION_LENGTH__+0x7e00bc>
    87cc:	27 fd       	sbrc	r18, 7
    87ce:	04 c0       	rjmp	.+8      	; 0x87d8 <I2C_Wait_TWINT+0x14>
    87d0:	01 97       	sbiw	r24, 0x01	; 1
    87d2:	d1 f7       	brne	.-12     	; 0x87c8 <I2C_Wait_TWINT+0x4>
    87d4:	80 e0       	ldi	r24, 0x00	; 0
    87d6:	08 95       	ret
    87d8:	81 e0       	ldi	r24, 0x01	; 1
    87da:	08 95       	ret

000087dc <ADC121C021_ReadRaw>:
    87dc:	ff 92       	push	r15
    87de:	0f 93       	push	r16
    87e0:	1f 93       	push	r17
    87e2:	cf 93       	push	r28
    87e4:	df 93       	push	r29
    87e6:	8b 01       	movw	r16, r22
    87e8:	e8 2f       	mov	r30, r24
    87ea:	f0 e0       	ldi	r31, 0x00	; 0
    87ec:	ee 55       	subi	r30, 0x5E	; 94
    87ee:	fd 4f       	sbci	r31, 0xFD	; 253
    87f0:	c0 81       	ld	r28, Z
    87f2:	8c e0       	ldi	r24, 0x0C	; 12
    87f4:	80 93 b8 00 	sts	0x00B8, r24	; 0x8000b8 <__TEXT_REGION_LENGTH__+0x7e00b8>
    87f8:	84 ea       	ldi	r24, 0xA4	; 164
    87fa:	f8 2e       	mov	r15, r24
    87fc:	f0 92 bc 00 	sts	0x00BC, r15	; 0x8000bc <__TEXT_REGION_LENGTH__+0x7e00bc>
    8800:	e1 df       	rcall	.-62     	; 0x87c4 <I2C_Wait_TWINT>
    8802:	88 23       	and	r24, r24
    8804:	09 f4       	brne	.+2      	; 0x8808 <ADC121C021_ReadRaw+0x2c>
    8806:	7f c0       	rjmp	.+254    	; 0x8906 <ADC121C021_ReadRaw+0x12a>
    8808:	80 91 b9 00 	lds	r24, 0x00B9	; 0x8000b9 <__TEXT_REGION_LENGTH__+0x7e00b9>
    880c:	88 7f       	andi	r24, 0xF8	; 248
    880e:	88 30       	cpi	r24, 0x08	; 8
    8810:	09 f0       	breq	.+2      	; 0x8814 <ADC121C021_ReadRaw+0x38>
    8812:	79 c0       	rjmp	.+242    	; 0x8906 <ADC121C021_ReadRaw+0x12a>
    8814:	85 e3       	ldi	r24, 0x35	; 53
    8816:	8a 95       	dec	r24
    8818:	f1 f7       	brne	.-4      	; 0x8816 <ADC121C021_ReadRaw+0x3a>
    881a:	00 00       	nop
    881c:	8c 2f       	mov	r24, r28
    881e:	88 0f       	add	r24, r24
    8820:	80 93 bb 00 	sts	0x00BB, r24	; 0x8000bb <__TEXT_REGION_LENGTH__+0x7e00bb>
    8824:	d4 e8       	ldi	r29, 0x84	; 132
    8826:	d0 93 bc 00 	sts	0x00BC, r29	; 0x8000bc <__TEXT_REGION_LENGTH__+0x7e00bc>
    882a:	cc df       	rcall	.-104    	; 0x87c4 <I2C_Wait_TWINT>
    882c:	88 23       	and	r24, r24
    882e:	09 f4       	brne	.+2      	; 0x8832 <ADC121C021_ReadRaw+0x56>
    8830:	6a c0       	rjmp	.+212    	; 0x8906 <ADC121C021_ReadRaw+0x12a>
    8832:	80 91 b9 00 	lds	r24, 0x00B9	; 0x8000b9 <__TEXT_REGION_LENGTH__+0x7e00b9>
    8836:	88 7f       	andi	r24, 0xF8	; 248
    8838:	88 31       	cpi	r24, 0x18	; 24
    883a:	09 f0       	breq	.+2      	; 0x883e <ADC121C021_ReadRaw+0x62>
    883c:	64 c0       	rjmp	.+200    	; 0x8906 <ADC121C021_ReadRaw+0x12a>
    883e:	95 e3       	ldi	r25, 0x35	; 53
    8840:	9a 95       	dec	r25
    8842:	f1 f7       	brne	.-4      	; 0x8840 <ADC121C021_ReadRaw+0x64>
    8844:	00 00       	nop
    8846:	10 92 bb 00 	sts	0x00BB, r1	; 0x8000bb <__TEXT_REGION_LENGTH__+0x7e00bb>
    884a:	d0 93 bc 00 	sts	0x00BC, r29	; 0x8000bc <__TEXT_REGION_LENGTH__+0x7e00bc>
    884e:	ba df       	rcall	.-140    	; 0x87c4 <I2C_Wait_TWINT>
    8850:	88 23       	and	r24, r24
    8852:	09 f4       	brne	.+2      	; 0x8856 <ADC121C021_ReadRaw+0x7a>
    8854:	58 c0       	rjmp	.+176    	; 0x8906 <ADC121C021_ReadRaw+0x12a>
    8856:	80 91 b9 00 	lds	r24, 0x00B9	; 0x8000b9 <__TEXT_REGION_LENGTH__+0x7e00b9>
    885a:	88 7f       	andi	r24, 0xF8	; 248
    885c:	88 32       	cpi	r24, 0x28	; 40
    885e:	09 f0       	breq	.+2      	; 0x8862 <ADC121C021_ReadRaw+0x86>
    8860:	52 c0       	rjmp	.+164    	; 0x8906 <ADC121C021_ReadRaw+0x12a>
    8862:	e5 e3       	ldi	r30, 0x35	; 53
    8864:	ea 95       	dec	r30
    8866:	f1 f7       	brne	.-4      	; 0x8864 <ADC121C021_ReadRaw+0x88>
    8868:	00 00       	nop
    886a:	f0 92 bc 00 	sts	0x00BC, r15	; 0x8000bc <__TEXT_REGION_LENGTH__+0x7e00bc>
    886e:	aa df       	rcall	.-172    	; 0x87c4 <I2C_Wait_TWINT>
    8870:	88 23       	and	r24, r24
    8872:	09 f4       	brne	.+2      	; 0x8876 <ADC121C021_ReadRaw+0x9a>
    8874:	48 c0       	rjmp	.+144    	; 0x8906 <ADC121C021_ReadRaw+0x12a>
    8876:	80 91 b9 00 	lds	r24, 0x00B9	; 0x8000b9 <__TEXT_REGION_LENGTH__+0x7e00b9>
    887a:	88 7f       	andi	r24, 0xF8	; 248
    887c:	80 31       	cpi	r24, 0x10	; 16
    887e:	09 f0       	breq	.+2      	; 0x8882 <ADC121C021_ReadRaw+0xa6>
    8880:	42 c0       	rjmp	.+132    	; 0x8906 <ADC121C021_ReadRaw+0x12a>
    8882:	f5 e3       	ldi	r31, 0x35	; 53
    8884:	fa 95       	dec	r31
    8886:	f1 f7       	brne	.-4      	; 0x8884 <ADC121C021_ReadRaw+0xa8>
    8888:	00 00       	nop
    888a:	cc 0f       	add	r28, r28
    888c:	c1 60       	ori	r28, 0x01	; 1
    888e:	c0 93 bb 00 	sts	0x00BB, r28	; 0x8000bb <__TEXT_REGION_LENGTH__+0x7e00bb>
    8892:	d0 93 bc 00 	sts	0x00BC, r29	; 0x8000bc <__TEXT_REGION_LENGTH__+0x7e00bc>
    8896:	96 df       	rcall	.-212    	; 0x87c4 <I2C_Wait_TWINT>
    8898:	88 23       	and	r24, r24
    889a:	a9 f1       	breq	.+106    	; 0x8906 <ADC121C021_ReadRaw+0x12a>
    889c:	80 91 b9 00 	lds	r24, 0x00B9	; 0x8000b9 <__TEXT_REGION_LENGTH__+0x7e00b9>
    88a0:	88 7f       	andi	r24, 0xF8	; 248
    88a2:	80 34       	cpi	r24, 0x40	; 64
    88a4:	81 f5       	brne	.+96     	; 0x8906 <ADC121C021_ReadRaw+0x12a>
    88a6:	85 e3       	ldi	r24, 0x35	; 53
    88a8:	8a 95       	dec	r24
    88aa:	f1 f7       	brne	.-4      	; 0x88a8 <ADC121C021_ReadRaw+0xcc>
    88ac:	00 00       	nop
    88ae:	84 ec       	ldi	r24, 0xC4	; 196
    88b0:	80 93 bc 00 	sts	0x00BC, r24	; 0x8000bc <__TEXT_REGION_LENGTH__+0x7e00bc>
    88b4:	87 df       	rcall	.-242    	; 0x87c4 <I2C_Wait_TWINT>
    88b6:	88 23       	and	r24, r24
    88b8:	31 f1       	breq	.+76     	; 0x8906 <ADC121C021_ReadRaw+0x12a>
    88ba:	80 91 b9 00 	lds	r24, 0x00B9	; 0x8000b9 <__TEXT_REGION_LENGTH__+0x7e00b9>
    88be:	88 7f       	andi	r24, 0xF8	; 248
    88c0:	80 35       	cpi	r24, 0x50	; 80
    88c2:	09 f5       	brne	.+66     	; 0x8906 <ADC121C021_ReadRaw+0x12a>
    88c4:	c0 91 bb 00 	lds	r28, 0x00BB	; 0x8000bb <__TEXT_REGION_LENGTH__+0x7e00bb>
    88c8:	84 e8       	ldi	r24, 0x84	; 132
    88ca:	80 93 bc 00 	sts	0x00BC, r24	; 0x8000bc <__TEXT_REGION_LENGTH__+0x7e00bc>
    88ce:	7a df       	rcall	.-268    	; 0x87c4 <I2C_Wait_TWINT>
    88d0:	88 23       	and	r24, r24
    88d2:	c9 f0       	breq	.+50     	; 0x8906 <ADC121C021_ReadRaw+0x12a>
    88d4:	80 91 b9 00 	lds	r24, 0x00B9	; 0x8000b9 <__TEXT_REGION_LENGTH__+0x7e00b9>
    88d8:	88 7f       	andi	r24, 0xF8	; 248
    88da:	88 35       	cpi	r24, 0x58	; 88
    88dc:	a1 f4       	brne	.+40     	; 0x8906 <ADC121C021_ReadRaw+0x12a>
    88de:	80 91 bb 00 	lds	r24, 0x00BB	; 0x8000bb <__TEXT_REGION_LENGTH__+0x7e00bb>
    88e2:	94 e9       	ldi	r25, 0x94	; 148
    88e4:	90 93 bc 00 	sts	0x00BC, r25	; 0x8000bc <__TEXT_REGION_LENGTH__+0x7e00bc>
    88e8:	95 e3       	ldi	r25, 0x35	; 53
    88ea:	9a 95       	dec	r25
    88ec:	f1 f7       	brne	.-4      	; 0x88ea <ADC121C021_ReadRaw+0x10e>
    88ee:	00 00       	nop
    88f0:	90 e0       	ldi	r25, 0x00	; 0
    88f2:	9c 2b       	or	r25, r28
    88f4:	9f 70       	andi	r25, 0x0F	; 15
    88f6:	f8 01       	movw	r30, r16
    88f8:	91 83       	std	Z+1, r25	; 0x01
    88fa:	80 83       	st	Z, r24
    88fc:	80 e4       	ldi	r24, 0x40	; 64
    88fe:	80 93 b8 00 	sts	0x00B8, r24	; 0x8000b8 <__TEXT_REGION_LENGTH__+0x7e00b8>
    8902:	81 e0       	ldi	r24, 0x01	; 1
    8904:	0b c0       	rjmp	.+22     	; 0x891c <ADC121C021_ReadRaw+0x140>
    8906:	84 e9       	ldi	r24, 0x94	; 148
    8908:	80 93 bc 00 	sts	0x00BC, r24	; 0x8000bc <__TEXT_REGION_LENGTH__+0x7e00bc>
    890c:	f5 e3       	ldi	r31, 0x35	; 53
    890e:	fa 95       	dec	r31
    8910:	f1 f7       	brne	.-4      	; 0x890e <ADC121C021_ReadRaw+0x132>
    8912:	00 00       	nop
    8914:	80 e4       	ldi	r24, 0x40	; 64
    8916:	80 93 b8 00 	sts	0x00B8, r24	; 0x8000b8 <__TEXT_REGION_LENGTH__+0x7e00b8>
    891a:	80 e0       	ldi	r24, 0x00	; 0
    891c:	df 91       	pop	r29
    891e:	cf 91       	pop	r28
    8920:	1f 91       	pop	r17
    8922:	0f 91       	pop	r16
    8924:	ff 90       	pop	r15
    8926:	08 95       	ret

00008928 <Read_Temp_ADC121C021>:
    8928:	ef 92       	push	r14
    892a:	ff 92       	push	r15
    892c:	1f 93       	push	r17
    892e:	cf 93       	push	r28
    8930:	df 93       	push	r29
    8932:	00 d0       	rcall	.+0      	; 0x8934 <Read_Temp_ADC121C021+0xc>
    8934:	cd b7       	in	r28, 0x3d	; 61
    8936:	de b7       	in	r29, 0x3e	; 62
    8938:	20 91 69 15 	lds	r18, 0x1569	; 0x801569 <AI_HEAT_ADC_Present_Mask>
    893c:	e8 2e       	mov	r14, r24
    893e:	f1 2c       	mov	r15, r1
    8940:	30 e0       	ldi	r19, 0x00	; 0
    8942:	08 2e       	mov	r0, r24
    8944:	02 c0       	rjmp	.+4      	; 0x894a <Read_Temp_ADC121C021+0x22>
    8946:	35 95       	asr	r19
    8948:	27 95       	ror	r18
    894a:	0a 94       	dec	r0
    894c:	e2 f7       	brpl	.-8      	; 0x8946 <Read_Temp_ADC121C021+0x1e>
    894e:	20 ff       	sbrs	r18, 0
    8950:	2a c0       	rjmp	.+84     	; 0x89a6 <Read_Temp_ADC121C021+0x7e>
    8952:	be 01       	movw	r22, r28
    8954:	6f 5f       	subi	r22, 0xFF	; 255
    8956:	7f 4f       	sbci	r23, 0xFF	; 255
    8958:	41 df       	rcall	.-382    	; 0x87dc <ADC121C021_ReadRaw>
    895a:	88 23       	and	r24, r24
    895c:	c9 f0       	breq	.+50     	; 0x8990 <Read_Temp_ADC121C021+0x68>
    895e:	89 81       	ldd	r24, Y+1	; 0x01
    8960:	9a 81       	ldd	r25, Y+2	; 0x02
    8962:	83 de       	rcall	.-762    	; 0x866a <NTC_RawToTemp>
    8964:	f7 01       	movw	r30, r14
    8966:	ee 0f       	add	r30, r30
    8968:	ff 1f       	adc	r31, r31
    896a:	ee 0f       	add	r30, r30
    896c:	ff 1f       	adc	r31, r31
    896e:	e6 59       	subi	r30, 0x96	; 150
    8970:	fa 4e       	sbci	r31, 0xEA	; 234
    8972:	60 83       	st	Z, r22
    8974:	71 83       	std	Z+1, r23	; 0x01
    8976:	82 83       	std	Z+2, r24	; 0x02
    8978:	93 83       	std	Z+3, r25	; 0x03
    897a:	20 91 68 15 	lds	r18, 0x1568	; 0x801568 <AI_HEAT_ADC_Fault_Mask>
    897e:	81 e0       	ldi	r24, 0x01	; 1
    8980:	90 e0       	ldi	r25, 0x00	; 0
    8982:	01 c0       	rjmp	.+2      	; 0x8986 <Read_Temp_ADC121C021+0x5e>
    8984:	88 0f       	add	r24, r24
    8986:	ea 94       	dec	r14
    8988:	ea f7       	brpl	.-6      	; 0x8984 <Read_Temp_ADC121C021+0x5c>
    898a:	80 95       	com	r24
    898c:	82 23       	and	r24, r18
    898e:	09 c0       	rjmp	.+18     	; 0x89a2 <Read_Temp_ADC121C021+0x7a>
    8990:	20 91 68 15 	lds	r18, 0x1568	; 0x801568 <AI_HEAT_ADC_Fault_Mask>
    8994:	81 e0       	ldi	r24, 0x01	; 1
    8996:	90 e0       	ldi	r25, 0x00	; 0
    8998:	01 c0       	rjmp	.+2      	; 0x899c <Read_Temp_ADC121C021+0x74>
    899a:	88 0f       	add	r24, r24
    899c:	ea 94       	dec	r14
    899e:	ea f7       	brpl	.-6      	; 0x899a <Read_Temp_ADC121C021+0x72>
    89a0:	82 2b       	or	r24, r18
    89a2:	80 93 68 15 	sts	0x1568, r24	; 0x801568 <AI_HEAT_ADC_Fault_Mask>
    89a6:	0f 90       	pop	r0
    89a8:	0f 90       	pop	r0
    89aa:	df 91       	pop	r29
    89ac:	cf 91       	pop	r28
    89ae:	1f 91       	pop	r17
    89b0:	ff 90       	pop	r15
    89b2:	ef 90       	pop	r14
    89b4:	08 95       	ret

000089b6 <ADC121C021_Set_Config>:
    89b6:	cf 93       	push	r28
    89b8:	c8 2f       	mov	r28, r24
    89ba:	84 ea       	ldi	r24, 0xA4	; 164
    89bc:	80 93 bc 00 	sts	0x00BC, r24	; 0x8000bc <__TEXT_REGION_LENGTH__+0x7e00bc>
    89c0:	01 df       	rcall	.-510    	; 0x87c4 <I2C_Wait_TWINT>
    89c2:	88 23       	and	r24, r24
    89c4:	09 f4       	brne	.+2      	; 0x89c8 <ADC121C021_Set_Config+0x12>
    89c6:	3d c0       	rjmp	.+122    	; 0x8a42 <ADC121C021_Set_Config+0x8c>
    89c8:	80 91 b9 00 	lds	r24, 0x00B9	; 0x8000b9 <__TEXT_REGION_LENGTH__+0x7e00b9>
    89cc:	88 7f       	andi	r24, 0xF8	; 248
    89ce:	88 30       	cpi	r24, 0x08	; 8
    89d0:	c1 f5       	brne	.+112    	; 0x8a42 <ADC121C021_Set_Config+0x8c>
    89d2:	85 e3       	ldi	r24, 0x35	; 53
    89d4:	8a 95       	dec	r24
    89d6:	f1 f7       	brne	.-4      	; 0x89d4 <ADC121C021_Set_Config+0x1e>
    89d8:	00 00       	nop
    89da:	cc 0f       	add	r28, r28
    89dc:	c0 93 bb 00 	sts	0x00BB, r28	; 0x8000bb <__TEXT_REGION_LENGTH__+0x7e00bb>
    89e0:	c4 e8       	ldi	r28, 0x84	; 132
    89e2:	c0 93 bc 00 	sts	0x00BC, r28	; 0x8000bc <__TEXT_REGION_LENGTH__+0x7e00bc>
    89e6:	ee de       	rcall	.-548    	; 0x87c4 <I2C_Wait_TWINT>
    89e8:	88 23       	and	r24, r24
    89ea:	59 f1       	breq	.+86     	; 0x8a42 <ADC121C021_Set_Config+0x8c>
    89ec:	80 91 b9 00 	lds	r24, 0x00B9	; 0x8000b9 <__TEXT_REGION_LENGTH__+0x7e00b9>
    89f0:	88 7f       	andi	r24, 0xF8	; 248
    89f2:	88 31       	cpi	r24, 0x18	; 24
    89f4:	31 f5       	brne	.+76     	; 0x8a42 <ADC121C021_Set_Config+0x8c>
    89f6:	85 e3       	ldi	r24, 0x35	; 53
    89f8:	8a 95       	dec	r24
    89fa:	f1 f7       	brne	.-4      	; 0x89f8 <ADC121C021_Set_Config+0x42>
    89fc:	00 00       	nop
    89fe:	82 e0       	ldi	r24, 0x02	; 2
    8a00:	80 93 bb 00 	sts	0x00BB, r24	; 0x8000bb <__TEXT_REGION_LENGTH__+0x7e00bb>
    8a04:	c0 93 bc 00 	sts	0x00BC, r28	; 0x8000bc <__TEXT_REGION_LENGTH__+0x7e00bc>
    8a08:	dd de       	rcall	.-582    	; 0x87c4 <I2C_Wait_TWINT>
    8a0a:	88 23       	and	r24, r24
    8a0c:	d1 f0       	breq	.+52     	; 0x8a42 <ADC121C021_Set_Config+0x8c>
    8a0e:	80 91 b9 00 	lds	r24, 0x00B9	; 0x8000b9 <__TEXT_REGION_LENGTH__+0x7e00b9>
    8a12:	88 7f       	andi	r24, 0xF8	; 248
    8a14:	88 32       	cpi	r24, 0x28	; 40
    8a16:	a9 f4       	brne	.+42     	; 0x8a42 <ADC121C021_Set_Config+0x8c>
    8a18:	85 e3       	ldi	r24, 0x35	; 53
    8a1a:	8a 95       	dec	r24
    8a1c:	f1 f7       	brne	.-4      	; 0x8a1a <ADC121C021_Set_Config+0x64>
    8a1e:	00 00       	nop
    8a20:	84 ee       	ldi	r24, 0xE4	; 228
    8a22:	80 93 bb 00 	sts	0x00BB, r24	; 0x8000bb <__TEXT_REGION_LENGTH__+0x7e00bb>
    8a26:	c0 93 bc 00 	sts	0x00BC, r28	; 0x8000bc <__TEXT_REGION_LENGTH__+0x7e00bc>
    8a2a:	cc de       	rcall	.-616    	; 0x87c4 <I2C_Wait_TWINT>
    8a2c:	88 23       	and	r24, r24
    8a2e:	49 f0       	breq	.+18     	; 0x8a42 <ADC121C021_Set_Config+0x8c>
    8a30:	80 91 b9 00 	lds	r24, 0x00B9	; 0x8000b9 <__TEXT_REGION_LENGTH__+0x7e00b9>
    8a34:	88 7f       	andi	r24, 0xF8	; 248
    8a36:	88 32       	cpi	r24, 0x28	; 40
    8a38:	21 f4       	brne	.+8      	; 0x8a42 <ADC121C021_Set_Config+0x8c>
    8a3a:	85 e3       	ldi	r24, 0x35	; 53
    8a3c:	8a 95       	dec	r24
    8a3e:	f1 f7       	brne	.-4      	; 0x8a3c <ADC121C021_Set_Config+0x86>
    8a40:	00 00       	nop
    8a42:	84 e9       	ldi	r24, 0x94	; 148
    8a44:	80 93 bc 00 	sts	0x00BC, r24	; 0x8000bc <__TEXT_REGION_LENGTH__+0x7e00bc>
    8a48:	85 e3       	ldi	r24, 0x35	; 53
    8a4a:	8a 95       	dec	r24
    8a4c:	f1 f7       	brne	.-4      	; 0x8a4a <ADC121C021_Set_Config+0x94>
    8a4e:	00 00       	nop
    8a50:	cf 91       	pop	r28
    8a52:	08 95       	ret

00008a54 <ADC121C021_Set_Vlow>:
    8a54:	0f 93       	push	r16
    8a56:	1f 93       	push	r17
    8a58:	cf 93       	push	r28
    8a5a:	c8 2f       	mov	r28, r24
    8a5c:	60 91 22 14 	lds	r22, 0x1422	; 0x801422 <TEMP_MAX_Heat_NTC>
    8a60:	70 91 23 14 	lds	r23, 0x1423	; 0x801423 <TEMP_MAX_Heat_NTC+0x1>
    8a64:	80 91 24 14 	lds	r24, 0x1424	; 0x801424 <TEMP_MAX_Heat_NTC+0x2>
    8a68:	90 91 25 14 	lds	r25, 0x1425	; 0x801425 <TEMP_MAX_Heat_NTC+0x3>
    8a6c:	55 de       	rcall	.-854    	; 0x8718 <NTC_TempToRaw>
    8a6e:	8c 01       	movw	r16, r24
    8a70:	84 ea       	ldi	r24, 0xA4	; 164
    8a72:	80 93 bc 00 	sts	0x00BC, r24	; 0x8000bc <__TEXT_REGION_LENGTH__+0x7e00bc>
    8a76:	a6 de       	rcall	.-692    	; 0x87c4 <I2C_Wait_TWINT>
    8a78:	88 23       	and	r24, r24
    8a7a:	09 f4       	brne	.+2      	; 0x8a7e <ADC121C021_Set_Vlow+0x2a>
    8a7c:	4e c0       	rjmp	.+156    	; 0x8b1a <ADC121C021_Set_Vlow+0xc6>
    8a7e:	80 91 b9 00 	lds	r24, 0x00B9	; 0x8000b9 <__TEXT_REGION_LENGTH__+0x7e00b9>
    8a82:	88 7f       	andi	r24, 0xF8	; 248
    8a84:	88 30       	cpi	r24, 0x08	; 8
    8a86:	09 f0       	breq	.+2      	; 0x8a8a <ADC121C021_Set_Vlow+0x36>
    8a88:	48 c0       	rjmp	.+144    	; 0x8b1a <ADC121C021_Set_Vlow+0xc6>
    8a8a:	85 e3       	ldi	r24, 0x35	; 53
    8a8c:	8a 95       	dec	r24
    8a8e:	f1 f7       	brne	.-4      	; 0x8a8c <ADC121C021_Set_Vlow+0x38>
    8a90:	00 00       	nop
    8a92:	cc 0f       	add	r28, r28
    8a94:	c0 93 bb 00 	sts	0x00BB, r28	; 0x8000bb <__TEXT_REGION_LENGTH__+0x7e00bb>
    8a98:	c4 e8       	ldi	r28, 0x84	; 132
    8a9a:	c0 93 bc 00 	sts	0x00BC, r28	; 0x8000bc <__TEXT_REGION_LENGTH__+0x7e00bc>
    8a9e:	92 de       	rcall	.-732    	; 0x87c4 <I2C_Wait_TWINT>
    8aa0:	88 23       	and	r24, r24
    8aa2:	d9 f1       	breq	.+118    	; 0x8b1a <ADC121C021_Set_Vlow+0xc6>
    8aa4:	80 91 b9 00 	lds	r24, 0x00B9	; 0x8000b9 <__TEXT_REGION_LENGTH__+0x7e00b9>
    8aa8:	88 7f       	andi	r24, 0xF8	; 248
    8aaa:	88 31       	cpi	r24, 0x18	; 24
    8aac:	b1 f5       	brne	.+108    	; 0x8b1a <ADC121C021_Set_Vlow+0xc6>
    8aae:	85 e3       	ldi	r24, 0x35	; 53
    8ab0:	8a 95       	dec	r24
    8ab2:	f1 f7       	brne	.-4      	; 0x8ab0 <ADC121C021_Set_Vlow+0x5c>
    8ab4:	00 00       	nop
    8ab6:	83 e0       	ldi	r24, 0x03	; 3
    8ab8:	80 93 bb 00 	sts	0x00BB, r24	; 0x8000bb <__TEXT_REGION_LENGTH__+0x7e00bb>
    8abc:	c0 93 bc 00 	sts	0x00BC, r28	; 0x8000bc <__TEXT_REGION_LENGTH__+0x7e00bc>
    8ac0:	81 de       	rcall	.-766    	; 0x87c4 <I2C_Wait_TWINT>
    8ac2:	88 23       	and	r24, r24
    8ac4:	51 f1       	breq	.+84     	; 0x8b1a <ADC121C021_Set_Vlow+0xc6>
    8ac6:	80 91 b9 00 	lds	r24, 0x00B9	; 0x8000b9 <__TEXT_REGION_LENGTH__+0x7e00b9>
    8aca:	88 7f       	andi	r24, 0xF8	; 248
    8acc:	88 32       	cpi	r24, 0x28	; 40
    8ace:	29 f5       	brne	.+74     	; 0x8b1a <ADC121C021_Set_Vlow+0xc6>
    8ad0:	1f 70       	andi	r17, 0x0F	; 15
    8ad2:	85 e3       	ldi	r24, 0x35	; 53
    8ad4:	8a 95       	dec	r24
    8ad6:	f1 f7       	brne	.-4      	; 0x8ad4 <ADC121C021_Set_Vlow+0x80>
    8ad8:	00 00       	nop
    8ada:	10 93 bb 00 	sts	0x00BB, r17	; 0x8000bb <__TEXT_REGION_LENGTH__+0x7e00bb>
    8ade:	c0 93 bc 00 	sts	0x00BC, r28	; 0x8000bc <__TEXT_REGION_LENGTH__+0x7e00bc>
    8ae2:	70 de       	rcall	.-800    	; 0x87c4 <I2C_Wait_TWINT>
    8ae4:	88 23       	and	r24, r24
    8ae6:	c9 f0       	breq	.+50     	; 0x8b1a <ADC121C021_Set_Vlow+0xc6>
    8ae8:	80 91 b9 00 	lds	r24, 0x00B9	; 0x8000b9 <__TEXT_REGION_LENGTH__+0x7e00b9>
    8aec:	88 7f       	andi	r24, 0xF8	; 248
    8aee:	88 32       	cpi	r24, 0x28	; 40
    8af0:	a1 f4       	brne	.+40     	; 0x8b1a <ADC121C021_Set_Vlow+0xc6>
    8af2:	85 e3       	ldi	r24, 0x35	; 53
    8af4:	8a 95       	dec	r24
    8af6:	f1 f7       	brne	.-4      	; 0x8af4 <ADC121C021_Set_Vlow+0xa0>
    8af8:	00 00       	nop
    8afa:	00 93 bb 00 	sts	0x00BB, r16	; 0x8000bb <__TEXT_REGION_LENGTH__+0x7e00bb>
    8afe:	c0 93 bc 00 	sts	0x00BC, r28	; 0x8000bc <__TEXT_REGION_LENGTH__+0x7e00bc>
    8b02:	60 de       	rcall	.-832    	; 0x87c4 <I2C_Wait_TWINT>
    8b04:	88 23       	and	r24, r24
    8b06:	49 f0       	breq	.+18     	; 0x8b1a <ADC121C021_Set_Vlow+0xc6>
    8b08:	80 91 b9 00 	lds	r24, 0x00B9	; 0x8000b9 <__TEXT_REGION_LENGTH__+0x7e00b9>
    8b0c:	88 7f       	andi	r24, 0xF8	; 248
    8b0e:	88 32       	cpi	r24, 0x28	; 40
    8b10:	21 f4       	brne	.+8      	; 0x8b1a <ADC121C021_Set_Vlow+0xc6>
    8b12:	85 e3       	ldi	r24, 0x35	; 53
    8b14:	8a 95       	dec	r24
    8b16:	f1 f7       	brne	.-4      	; 0x8b14 <ADC121C021_Set_Vlow+0xc0>
    8b18:	00 00       	nop
    8b1a:	84 e9       	ldi	r24, 0x94	; 148
    8b1c:	80 93 bc 00 	sts	0x00BC, r24	; 0x8000bc <__TEXT_REGION_LENGTH__+0x7e00bc>
    8b20:	85 e3       	ldi	r24, 0x35	; 53
    8b22:	8a 95       	dec	r24
    8b24:	f1 f7       	brne	.-4      	; 0x8b22 <ADC121C021_Set_Vlow+0xce>
    8b26:	00 00       	nop
    8b28:	cf 91       	pop	r28
    8b2a:	1f 91       	pop	r17
    8b2c:	0f 91       	pop	r16
    8b2e:	08 95       	ret

00008b30 <ADC121C021_Set_Vhyst>:
    8b30:	ef 92       	push	r14
    8b32:	ff 92       	push	r15
    8b34:	1f 93       	push	r17
    8b36:	cf 93       	push	r28
    8b38:	df 93       	push	r29
    8b3a:	18 2f       	mov	r17, r24
    8b3c:	60 91 22 14 	lds	r22, 0x1422	; 0x801422 <TEMP_MAX_Heat_NTC>
    8b40:	70 91 23 14 	lds	r23, 0x1423	; 0x801423 <TEMP_MAX_Heat_NTC+0x1>
    8b44:	80 91 24 14 	lds	r24, 0x1424	; 0x801424 <TEMP_MAX_Heat_NTC+0x2>
    8b48:	90 91 25 14 	lds	r25, 0x1425	; 0x801425 <TEMP_MAX_Heat_NTC+0x3>
    8b4c:	20 e0       	ldi	r18, 0x00	; 0
    8b4e:	30 e0       	ldi	r19, 0x00	; 0
    8b50:	40 ea       	ldi	r20, 0xA0	; 160
    8b52:	50 e4       	ldi	r21, 0x40	; 64
    8b54:	f3 d0       	rcall	.+486    	; 0x8d3c <__subsf3>
    8b56:	e0 dd       	rcall	.-1088   	; 0x8718 <NTC_TempToRaw>
    8b58:	ec 01       	movw	r28, r24
    8b5a:	60 91 22 14 	lds	r22, 0x1422	; 0x801422 <TEMP_MAX_Heat_NTC>
    8b5e:	70 91 23 14 	lds	r23, 0x1423	; 0x801423 <TEMP_MAX_Heat_NTC+0x1>
    8b62:	80 91 24 14 	lds	r24, 0x1424	; 0x801424 <TEMP_MAX_Heat_NTC+0x2>
    8b66:	90 91 25 14 	lds	r25, 0x1425	; 0x801425 <TEMP_MAX_Heat_NTC+0x3>
    8b6a:	d6 dd       	rcall	.-1108   	; 0x8718 <NTC_TempToRaw>
    8b6c:	7c 01       	movw	r14, r24
    8b6e:	84 ea       	ldi	r24, 0xA4	; 164
    8b70:	80 93 bc 00 	sts	0x00BC, r24	; 0x8000bc <__TEXT_REGION_LENGTH__+0x7e00bc>
    8b74:	27 de       	rcall	.-946    	; 0x87c4 <I2C_Wait_TWINT>
    8b76:	88 23       	and	r24, r24
    8b78:	09 f4       	brne	.+2      	; 0x8b7c <ADC121C021_Set_Vhyst+0x4c>
    8b7a:	51 c0       	rjmp	.+162    	; 0x8c1e <ADC121C021_Set_Vhyst+0xee>
    8b7c:	80 91 b9 00 	lds	r24, 0x00B9	; 0x8000b9 <__TEXT_REGION_LENGTH__+0x7e00b9>
    8b80:	88 7f       	andi	r24, 0xF8	; 248
    8b82:	88 30       	cpi	r24, 0x08	; 8
    8b84:	09 f0       	breq	.+2      	; 0x8b88 <ADC121C021_Set_Vhyst+0x58>
    8b86:	4b c0       	rjmp	.+150    	; 0x8c1e <ADC121C021_Set_Vhyst+0xee>
    8b88:	85 e3       	ldi	r24, 0x35	; 53
    8b8a:	8a 95       	dec	r24
    8b8c:	f1 f7       	brne	.-4      	; 0x8b8a <ADC121C021_Set_Vhyst+0x5a>
    8b8e:	00 00       	nop
    8b90:	11 0f       	add	r17, r17
    8b92:	10 93 bb 00 	sts	0x00BB, r17	; 0x8000bb <__TEXT_REGION_LENGTH__+0x7e00bb>
    8b96:	14 e8       	ldi	r17, 0x84	; 132
    8b98:	10 93 bc 00 	sts	0x00BC, r17	; 0x8000bc <__TEXT_REGION_LENGTH__+0x7e00bc>
    8b9c:	13 de       	rcall	.-986    	; 0x87c4 <I2C_Wait_TWINT>
    8b9e:	88 23       	and	r24, r24
    8ba0:	09 f4       	brne	.+2      	; 0x8ba4 <ADC121C021_Set_Vhyst+0x74>
    8ba2:	3d c0       	rjmp	.+122    	; 0x8c1e <ADC121C021_Set_Vhyst+0xee>
    8ba4:	80 91 b9 00 	lds	r24, 0x00B9	; 0x8000b9 <__TEXT_REGION_LENGTH__+0x7e00b9>
    8ba8:	88 7f       	andi	r24, 0xF8	; 248
    8baa:	88 31       	cpi	r24, 0x18	; 24
    8bac:	c1 f5       	brne	.+112    	; 0x8c1e <ADC121C021_Set_Vhyst+0xee>
    8bae:	85 e3       	ldi	r24, 0x35	; 53
    8bb0:	8a 95       	dec	r24
    8bb2:	f1 f7       	brne	.-4      	; 0x8bb0 <ADC121C021_Set_Vhyst+0x80>
    8bb4:	00 00       	nop
    8bb6:	85 e0       	ldi	r24, 0x05	; 5
    8bb8:	80 93 bb 00 	sts	0x00BB, r24	; 0x8000bb <__TEXT_REGION_LENGTH__+0x7e00bb>
    8bbc:	10 93 bc 00 	sts	0x00BC, r17	; 0x8000bc <__TEXT_REGION_LENGTH__+0x7e00bc>
    8bc0:	01 de       	rcall	.-1022   	; 0x87c4 <I2C_Wait_TWINT>
    8bc2:	88 23       	and	r24, r24
    8bc4:	61 f1       	breq	.+88     	; 0x8c1e <ADC121C021_Set_Vhyst+0xee>
    8bc6:	80 91 b9 00 	lds	r24, 0x00B9	; 0x8000b9 <__TEXT_REGION_LENGTH__+0x7e00b9>
    8bca:	88 7f       	andi	r24, 0xF8	; 248
    8bcc:	88 32       	cpi	r24, 0x28	; 40
    8bce:	39 f5       	brne	.+78     	; 0x8c1e <ADC121C021_Set_Vhyst+0xee>
    8bd0:	ce 19       	sub	r28, r14
    8bd2:	df 09       	sbc	r29, r15
    8bd4:	df 70       	andi	r29, 0x0F	; 15
    8bd6:	85 e3       	ldi	r24, 0x35	; 53
    8bd8:	8a 95       	dec	r24
    8bda:	f1 f7       	brne	.-4      	; 0x8bd8 <ADC121C021_Set_Vhyst+0xa8>
    8bdc:	00 00       	nop
    8bde:	d0 93 bb 00 	sts	0x00BB, r29	; 0x8000bb <__TEXT_REGION_LENGTH__+0x7e00bb>
    8be2:	10 93 bc 00 	sts	0x00BC, r17	; 0x8000bc <__TEXT_REGION_LENGTH__+0x7e00bc>
    8be6:	ee dd       	rcall	.-1060   	; 0x87c4 <I2C_Wait_TWINT>
    8be8:	88 23       	and	r24, r24
    8bea:	c9 f0       	breq	.+50     	; 0x8c1e <ADC121C021_Set_Vhyst+0xee>
    8bec:	80 91 b9 00 	lds	r24, 0x00B9	; 0x8000b9 <__TEXT_REGION_LENGTH__+0x7e00b9>
    8bf0:	88 7f       	andi	r24, 0xF8	; 248
    8bf2:	88 32       	cpi	r24, 0x28	; 40
    8bf4:	a1 f4       	brne	.+40     	; 0x8c1e <ADC121C021_Set_Vhyst+0xee>
    8bf6:	85 e3       	ldi	r24, 0x35	; 53
    8bf8:	8a 95       	dec	r24
    8bfa:	f1 f7       	brne	.-4      	; 0x8bf8 <ADC121C021_Set_Vhyst+0xc8>
    8bfc:	00 00       	nop
    8bfe:	c0 93 bb 00 	sts	0x00BB, r28	; 0x8000bb <__TEXT_REGION_LENGTH__+0x7e00bb>
    8c02:	10 93 bc 00 	sts	0x00BC, r17	; 0x8000bc <__TEXT_REGION_LENGTH__+0x7e00bc>
    8c06:	de dd       	rcall	.-1092   	; 0x87c4 <I2C_Wait_TWINT>
    8c08:	88 23       	and	r24, r24
    8c0a:	49 f0       	breq	.+18     	; 0x8c1e <ADC121C021_Set_Vhyst+0xee>
    8c0c:	80 91 b9 00 	lds	r24, 0x00B9	; 0x8000b9 <__TEXT_REGION_LENGTH__+0x7e00b9>
    8c10:	88 7f       	andi	r24, 0xF8	; 248
    8c12:	88 32       	cpi	r24, 0x28	; 40
    8c14:	21 f4       	brne	.+8      	; 0x8c1e <ADC121C021_Set_Vhyst+0xee>
    8c16:	85 e3       	ldi	r24, 0x35	; 53
    8c18:	8a 95       	dec	r24
    8c1a:	f1 f7       	brne	.-4      	; 0x8c18 <ADC121C021_Set_Vhyst+0xe8>
    8c1c:	00 00       	nop
    8c1e:	84 e9       	ldi	r24, 0x94	; 148
    8c20:	80 93 bc 00 	sts	0x00BC, r24	; 0x8000bc <__TEXT_REGION_LENGTH__+0x7e00bc>
    8c24:	85 e3       	ldi	r24, 0x35	; 53
    8c26:	8a 95       	dec	r24
    8c28:	f1 f7       	brne	.-4      	; 0x8c26 <ADC121C021_Set_Vhyst+0xf6>
    8c2a:	00 00       	nop
    8c2c:	df 91       	pop	r29
    8c2e:	cf 91       	pop	r28
    8c30:	1f 91       	pop	r17
    8c32:	ff 90       	pop	r15
    8c34:	ef 90       	pop	r14
    8c36:	08 95       	ret

00008c38 <ADC121C021_Setup>:
    8c38:	cf 93       	push	r28
    8c3a:	c8 2f       	mov	r28, r24
    8c3c:	0b df       	rcall	.-490    	; 0x8a54 <ADC121C021_Set_Vlow>
    8c3e:	8c 2f       	mov	r24, r28
    8c40:	77 df       	rcall	.-274    	; 0x8b30 <ADC121C021_Set_Vhyst>
    8c42:	8c 2f       	mov	r24, r28
    8c44:	cf 91       	pop	r28
    8c46:	b7 ce       	rjmp	.-658    	; 0x89b6 <ADC121C021_Set_Config>

00008c48 <ADC121C021_Is_Present>:
    8c48:	cf 93       	push	r28
    8c4a:	c8 2f       	mov	r28, r24
    8c4c:	84 ea       	ldi	r24, 0xA4	; 164
    8c4e:	80 93 bc 00 	sts	0x00BC, r24	; 0x8000bc <__TEXT_REGION_LENGTH__+0x7e00bc>
    8c52:	b8 dd       	rcall	.-1168   	; 0x87c4 <I2C_Wait_TWINT>
    8c54:	88 23       	and	r24, r24
    8c56:	e1 f0       	breq	.+56     	; 0x8c90 <ADC121C021_Is_Present+0x48>
    8c58:	80 91 b9 00 	lds	r24, 0x00B9	; 0x8000b9 <__TEXT_REGION_LENGTH__+0x7e00b9>
    8c5c:	88 7f       	andi	r24, 0xF8	; 248
    8c5e:	88 30       	cpi	r24, 0x08	; 8
    8c60:	b9 f4       	brne	.+46     	; 0x8c90 <ADC121C021_Is_Present+0x48>
    8c62:	cc 0f       	add	r28, r28
    8c64:	c0 93 bb 00 	sts	0x00BB, r28	; 0x8000bb <__TEXT_REGION_LENGTH__+0x7e00bb>
    8c68:	84 e8       	ldi	r24, 0x84	; 132
    8c6a:	80 93 bc 00 	sts	0x00BC, r24	; 0x8000bc <__TEXT_REGION_LENGTH__+0x7e00bc>
    8c6e:	aa dd       	rcall	.-1196   	; 0x87c4 <I2C_Wait_TWINT>
    8c70:	88 23       	and	r24, r24
    8c72:	71 f0       	breq	.+28     	; 0x8c90 <ADC121C021_Is_Present+0x48>
    8c74:	80 91 b9 00 	lds	r24, 0x00B9	; 0x8000b9 <__TEXT_REGION_LENGTH__+0x7e00b9>
    8c78:	88 7f       	andi	r24, 0xF8	; 248
    8c7a:	88 31       	cpi	r24, 0x18	; 24
    8c7c:	49 f4       	brne	.+18     	; 0x8c90 <ADC121C021_Is_Present+0x48>
    8c7e:	84 e9       	ldi	r24, 0x94	; 148
    8c80:	80 93 bc 00 	sts	0x00BC, r24	; 0x8000bc <__TEXT_REGION_LENGTH__+0x7e00bc>
    8c84:	85 e3       	ldi	r24, 0x35	; 53
    8c86:	8a 95       	dec	r24
    8c88:	f1 f7       	brne	.-4      	; 0x8c86 <ADC121C021_Is_Present+0x3e>
    8c8a:	00 00       	nop
    8c8c:	81 e0       	ldi	r24, 0x01	; 1
    8c8e:	08 c0       	rjmp	.+16     	; 0x8ca0 <ADC121C021_Is_Present+0x58>
    8c90:	84 e9       	ldi	r24, 0x94	; 148
    8c92:	80 93 bc 00 	sts	0x00BC, r24	; 0x8000bc <__TEXT_REGION_LENGTH__+0x7e00bc>
    8c96:	85 e3       	ldi	r24, 0x35	; 53
    8c98:	8a 95       	dec	r24
    8c9a:	f1 f7       	brne	.-4      	; 0x8c98 <ADC121C021_Is_Present+0x50>
    8c9c:	00 00       	nop
    8c9e:	80 e0       	ldi	r24, 0x00	; 0
    8ca0:	cf 91       	pop	r28
    8ca2:	08 95       	ret

00008ca4 <Temp_monitoring_Setup>:
    8ca4:	8f 92       	push	r8
    8ca6:	9f 92       	push	r9
    8ca8:	af 92       	push	r10
    8caa:	bf 92       	push	r11
    8cac:	df 92       	push	r13
    8cae:	ef 92       	push	r14
    8cb0:	ff 92       	push	r15
    8cb2:	0f 93       	push	r16
    8cb4:	1f 93       	push	r17
    8cb6:	cf 93       	push	r28
    8cb8:	df 93       	push	r29
    8cba:	10 92 69 15 	sts	0x1569, r1	; 0x801569 <AI_HEAT_ADC_Present_Mask>
    8cbe:	10 92 68 15 	sts	0x1568, r1	; 0x801568 <AI_HEAT_ADC_Fault_Mask>
    8cc2:	02 ea       	ldi	r16, 0xA2	; 162
    8cc4:	12 e0       	ldi	r17, 0x02	; 2
    8cc6:	c0 e0       	ldi	r28, 0x00	; 0
    8cc8:	d0 e0       	ldi	r29, 0x00	; 0
    8cca:	ee 24       	eor	r14, r14
    8ccc:	e3 94       	inc	r14
    8cce:	f1 2c       	mov	r15, r1
    8cd0:	26 e6       	ldi	r18, 0x66	; 102
    8cd2:	82 2e       	mov	r8, r18
    8cd4:	98 2c       	mov	r9, r8
    8cd6:	2e e1       	ldi	r18, 0x1E	; 30
    8cd8:	a2 2e       	mov	r10, r18
    8cda:	21 ec       	ldi	r18, 0xC1	; 193
    8cdc:	b2 2e       	mov	r11, r18
    8cde:	f8 01       	movw	r30, r16
    8ce0:	d1 90       	ld	r13, Z+
    8ce2:	8f 01       	movw	r16, r30
    8ce4:	8d 2d       	mov	r24, r13
    8ce6:	b0 df       	rcall	.-160    	; 0x8c48 <ADC121C021_Is_Present>
    8ce8:	88 23       	and	r24, r24
    8cea:	69 f0       	breq	.+26     	; 0x8d06 <Temp_monitoring_Setup+0x62>
    8cec:	20 91 69 15 	lds	r18, 0x1569	; 0x801569 <AI_HEAT_ADC_Present_Mask>
    8cf0:	c7 01       	movw	r24, r14
    8cf2:	0c 2e       	mov	r0, r28
    8cf4:	01 c0       	rjmp	.+2      	; 0x8cf8 <Temp_monitoring_Setup+0x54>
    8cf6:	88 0f       	add	r24, r24
    8cf8:	0a 94       	dec	r0
    8cfa:	ea f7       	brpl	.-6      	; 0x8cf6 <Temp_monitoring_Setup+0x52>
    8cfc:	82 2b       	or	r24, r18
    8cfe:	80 93 69 15 	sts	0x1569, r24	; 0x801569 <AI_HEAT_ADC_Present_Mask>
    8d02:	8d 2d       	mov	r24, r13
    8d04:	99 df       	rcall	.-206    	; 0x8c38 <ADC121C021_Setup>
    8d06:	fe 01       	movw	r30, r28
    8d08:	ee 0f       	add	r30, r30
    8d0a:	ff 1f       	adc	r31, r31
    8d0c:	ee 0f       	add	r30, r30
    8d0e:	ff 1f       	adc	r31, r31
    8d10:	e6 59       	subi	r30, 0x96	; 150
    8d12:	fa 4e       	sbci	r31, 0xEA	; 234
    8d14:	80 82       	st	Z, r8
    8d16:	91 82       	std	Z+1, r9	; 0x01
    8d18:	a2 82       	std	Z+2, r10	; 0x02
    8d1a:	b3 82       	std	Z+3, r11	; 0x03
    8d1c:	21 96       	adiw	r28, 0x01	; 1
    8d1e:	c8 30       	cpi	r28, 0x08	; 8
    8d20:	d1 05       	cpc	r29, r1
    8d22:	e9 f6       	brne	.-70     	; 0x8cde <Temp_monitoring_Setup+0x3a>
    8d24:	df 91       	pop	r29
    8d26:	cf 91       	pop	r28
    8d28:	1f 91       	pop	r17
    8d2a:	0f 91       	pop	r16
    8d2c:	ff 90       	pop	r15
    8d2e:	ef 90       	pop	r14
    8d30:	df 90       	pop	r13
    8d32:	bf 90       	pop	r11
    8d34:	af 90       	pop	r10
    8d36:	9f 90       	pop	r9
    8d38:	8f 90       	pop	r8
    8d3a:	08 95       	ret

00008d3c <__subsf3>:
    8d3c:	50 58       	subi	r21, 0x80	; 128

00008d3e <__addsf3>:
    8d3e:	bb 27       	eor	r27, r27
    8d40:	aa 27       	eor	r26, r26
    8d42:	0e d0       	rcall	.+28     	; 0x8d60 <__addsf3x>
    8d44:	cb c1       	rjmp	.+918    	; 0x90dc <__fp_round>
    8d46:	bc d1       	rcall	.+888    	; 0x90c0 <__fp_pscA>
    8d48:	30 f0       	brcs	.+12     	; 0x8d56 <__addsf3+0x18>
    8d4a:	c1 d1       	rcall	.+898    	; 0x90ce <__fp_pscB>
    8d4c:	20 f0       	brcs	.+8      	; 0x8d56 <__addsf3+0x18>
    8d4e:	31 f4       	brne	.+12     	; 0x8d5c <__addsf3+0x1e>
    8d50:	9f 3f       	cpi	r25, 0xFF	; 255
    8d52:	11 f4       	brne	.+4      	; 0x8d58 <__addsf3+0x1a>
    8d54:	1e f4       	brtc	.+6      	; 0x8d5c <__addsf3+0x1e>
    8d56:	8c c1       	rjmp	.+792    	; 0x9070 <__fp_nan>
    8d58:	0e f4       	brtc	.+2      	; 0x8d5c <__addsf3+0x1e>
    8d5a:	e0 95       	com	r30
    8d5c:	e7 fb       	bst	r30, 7
    8d5e:	82 c1       	rjmp	.+772    	; 0x9064 <__fp_inf>

00008d60 <__addsf3x>:
    8d60:	e9 2f       	mov	r30, r25
    8d62:	cd d1       	rcall	.+922    	; 0x90fe <__fp_split3>
    8d64:	80 f3       	brcs	.-32     	; 0x8d46 <__addsf3+0x8>
    8d66:	ba 17       	cp	r27, r26
    8d68:	62 07       	cpc	r22, r18
    8d6a:	73 07       	cpc	r23, r19
    8d6c:	84 07       	cpc	r24, r20
    8d6e:	95 07       	cpc	r25, r21
    8d70:	18 f0       	brcs	.+6      	; 0x8d78 <__addsf3x+0x18>
    8d72:	71 f4       	brne	.+28     	; 0x8d90 <__addsf3x+0x30>
    8d74:	9e f5       	brtc	.+102    	; 0x8ddc <__addsf3x+0x7c>
    8d76:	e5 c1       	rjmp	.+970    	; 0x9142 <__fp_zero>
    8d78:	0e f4       	brtc	.+2      	; 0x8d7c <__addsf3x+0x1c>
    8d7a:	e0 95       	com	r30
    8d7c:	0b 2e       	mov	r0, r27
    8d7e:	ba 2f       	mov	r27, r26
    8d80:	a0 2d       	mov	r26, r0
    8d82:	0b 01       	movw	r0, r22
    8d84:	b9 01       	movw	r22, r18
    8d86:	90 01       	movw	r18, r0
    8d88:	0c 01       	movw	r0, r24
    8d8a:	ca 01       	movw	r24, r20
    8d8c:	a0 01       	movw	r20, r0
    8d8e:	11 24       	eor	r1, r1
    8d90:	ff 27       	eor	r31, r31
    8d92:	59 1b       	sub	r21, r25
    8d94:	99 f0       	breq	.+38     	; 0x8dbc <__addsf3x+0x5c>
    8d96:	59 3f       	cpi	r21, 0xF9	; 249
    8d98:	50 f4       	brcc	.+20     	; 0x8dae <__addsf3x+0x4e>
    8d9a:	50 3e       	cpi	r21, 0xE0	; 224
    8d9c:	68 f1       	brcs	.+90     	; 0x8df8 <__addsf3x+0x98>
    8d9e:	1a 16       	cp	r1, r26
    8da0:	f0 40       	sbci	r31, 0x00	; 0
    8da2:	a2 2f       	mov	r26, r18
    8da4:	23 2f       	mov	r18, r19
    8da6:	34 2f       	mov	r19, r20
    8da8:	44 27       	eor	r20, r20
    8daa:	58 5f       	subi	r21, 0xF8	; 248
    8dac:	f3 cf       	rjmp	.-26     	; 0x8d94 <__addsf3x+0x34>
    8dae:	46 95       	lsr	r20
    8db0:	37 95       	ror	r19
    8db2:	27 95       	ror	r18
    8db4:	a7 95       	ror	r26
    8db6:	f0 40       	sbci	r31, 0x00	; 0
    8db8:	53 95       	inc	r21
    8dba:	c9 f7       	brne	.-14     	; 0x8dae <__addsf3x+0x4e>
    8dbc:	7e f4       	brtc	.+30     	; 0x8ddc <__addsf3x+0x7c>
    8dbe:	1f 16       	cp	r1, r31
    8dc0:	ba 0b       	sbc	r27, r26
    8dc2:	62 0b       	sbc	r22, r18
    8dc4:	73 0b       	sbc	r23, r19
    8dc6:	84 0b       	sbc	r24, r20
    8dc8:	ba f0       	brmi	.+46     	; 0x8df8 <__addsf3x+0x98>
    8dca:	91 50       	subi	r25, 0x01	; 1
    8dcc:	a1 f0       	breq	.+40     	; 0x8df6 <__addsf3x+0x96>
    8dce:	ff 0f       	add	r31, r31
    8dd0:	bb 1f       	adc	r27, r27
    8dd2:	66 1f       	adc	r22, r22
    8dd4:	77 1f       	adc	r23, r23
    8dd6:	88 1f       	adc	r24, r24
    8dd8:	c2 f7       	brpl	.-16     	; 0x8dca <__addsf3x+0x6a>
    8dda:	0e c0       	rjmp	.+28     	; 0x8df8 <__addsf3x+0x98>
    8ddc:	ba 0f       	add	r27, r26
    8dde:	62 1f       	adc	r22, r18
    8de0:	73 1f       	adc	r23, r19
    8de2:	84 1f       	adc	r24, r20
    8de4:	48 f4       	brcc	.+18     	; 0x8df8 <__addsf3x+0x98>
    8de6:	87 95       	ror	r24
    8de8:	77 95       	ror	r23
    8dea:	67 95       	ror	r22
    8dec:	b7 95       	ror	r27
    8dee:	f7 95       	ror	r31
    8df0:	9e 3f       	cpi	r25, 0xFE	; 254
    8df2:	08 f0       	brcs	.+2      	; 0x8df6 <__addsf3x+0x96>
    8df4:	b3 cf       	rjmp	.-154    	; 0x8d5c <__addsf3+0x1e>
    8df6:	93 95       	inc	r25
    8df8:	88 0f       	add	r24, r24
    8dfa:	08 f0       	brcs	.+2      	; 0x8dfe <__addsf3x+0x9e>
    8dfc:	99 27       	eor	r25, r25
    8dfe:	ee 0f       	add	r30, r30
    8e00:	97 95       	ror	r25
    8e02:	87 95       	ror	r24
    8e04:	08 95       	ret

00008e06 <__cmpsf2>:
    8e06:	0a d1       	rcall	.+532    	; 0x901c <__fp_cmp>
    8e08:	08 f4       	brcc	.+2      	; 0x8e0c <__cmpsf2+0x6>
    8e0a:	81 e0       	ldi	r24, 0x01	; 1
    8e0c:	08 95       	ret

00008e0e <__divsf3>:
    8e0e:	0c d0       	rcall	.+24     	; 0x8e28 <__divsf3x>
    8e10:	65 c1       	rjmp	.+714    	; 0x90dc <__fp_round>
    8e12:	5d d1       	rcall	.+698    	; 0x90ce <__fp_pscB>
    8e14:	40 f0       	brcs	.+16     	; 0x8e26 <__divsf3+0x18>
    8e16:	54 d1       	rcall	.+680    	; 0x90c0 <__fp_pscA>
    8e18:	30 f0       	brcs	.+12     	; 0x8e26 <__divsf3+0x18>
    8e1a:	21 f4       	brne	.+8      	; 0x8e24 <__divsf3+0x16>
    8e1c:	5f 3f       	cpi	r21, 0xFF	; 255
    8e1e:	19 f0       	breq	.+6      	; 0x8e26 <__divsf3+0x18>
    8e20:	21 c1       	rjmp	.+578    	; 0x9064 <__fp_inf>
    8e22:	51 11       	cpse	r21, r1
    8e24:	8f c1       	rjmp	.+798    	; 0x9144 <__fp_szero>
    8e26:	24 c1       	rjmp	.+584    	; 0x9070 <__fp_nan>

00008e28 <__divsf3x>:
    8e28:	6a d1       	rcall	.+724    	; 0x90fe <__fp_split3>
    8e2a:	98 f3       	brcs	.-26     	; 0x8e12 <__divsf3+0x4>

00008e2c <__divsf3_pse>:
    8e2c:	99 23       	and	r25, r25
    8e2e:	c9 f3       	breq	.-14     	; 0x8e22 <__divsf3+0x14>
    8e30:	55 23       	and	r21, r21
    8e32:	b1 f3       	breq	.-20     	; 0x8e20 <__divsf3+0x12>
    8e34:	95 1b       	sub	r25, r21
    8e36:	55 0b       	sbc	r21, r21
    8e38:	bb 27       	eor	r27, r27
    8e3a:	aa 27       	eor	r26, r26
    8e3c:	62 17       	cp	r22, r18
    8e3e:	73 07       	cpc	r23, r19
    8e40:	84 07       	cpc	r24, r20
    8e42:	38 f0       	brcs	.+14     	; 0x8e52 <__divsf3_pse+0x26>
    8e44:	9f 5f       	subi	r25, 0xFF	; 255
    8e46:	5f 4f       	sbci	r21, 0xFF	; 255
    8e48:	22 0f       	add	r18, r18
    8e4a:	33 1f       	adc	r19, r19
    8e4c:	44 1f       	adc	r20, r20
    8e4e:	aa 1f       	adc	r26, r26
    8e50:	a9 f3       	breq	.-22     	; 0x8e3c <__divsf3_pse+0x10>
    8e52:	33 d0       	rcall	.+102    	; 0x8eba <__divsf3_pse+0x8e>
    8e54:	0e 2e       	mov	r0, r30
    8e56:	3a f0       	brmi	.+14     	; 0x8e66 <__divsf3_pse+0x3a>
    8e58:	e0 e8       	ldi	r30, 0x80	; 128
    8e5a:	30 d0       	rcall	.+96     	; 0x8ebc <__divsf3_pse+0x90>
    8e5c:	91 50       	subi	r25, 0x01	; 1
    8e5e:	50 40       	sbci	r21, 0x00	; 0
    8e60:	e6 95       	lsr	r30
    8e62:	00 1c       	adc	r0, r0
    8e64:	ca f7       	brpl	.-14     	; 0x8e58 <__divsf3_pse+0x2c>
    8e66:	29 d0       	rcall	.+82     	; 0x8eba <__divsf3_pse+0x8e>
    8e68:	fe 2f       	mov	r31, r30
    8e6a:	27 d0       	rcall	.+78     	; 0x8eba <__divsf3_pse+0x8e>
    8e6c:	66 0f       	add	r22, r22
    8e6e:	77 1f       	adc	r23, r23
    8e70:	88 1f       	adc	r24, r24
    8e72:	bb 1f       	adc	r27, r27
    8e74:	26 17       	cp	r18, r22
    8e76:	37 07       	cpc	r19, r23
    8e78:	48 07       	cpc	r20, r24
    8e7a:	ab 07       	cpc	r26, r27
    8e7c:	b0 e8       	ldi	r27, 0x80	; 128
    8e7e:	09 f0       	breq	.+2      	; 0x8e82 <__divsf3_pse+0x56>
    8e80:	bb 0b       	sbc	r27, r27
    8e82:	80 2d       	mov	r24, r0
    8e84:	bf 01       	movw	r22, r30
    8e86:	ff 27       	eor	r31, r31
    8e88:	93 58       	subi	r25, 0x83	; 131
    8e8a:	5f 4f       	sbci	r21, 0xFF	; 255
    8e8c:	2a f0       	brmi	.+10     	; 0x8e98 <__divsf3_pse+0x6c>
    8e8e:	9e 3f       	cpi	r25, 0xFE	; 254
    8e90:	51 05       	cpc	r21, r1
    8e92:	68 f0       	brcs	.+26     	; 0x8eae <__divsf3_pse+0x82>
    8e94:	e7 c0       	rjmp	.+462    	; 0x9064 <__fp_inf>
    8e96:	56 c1       	rjmp	.+684    	; 0x9144 <__fp_szero>
    8e98:	5f 3f       	cpi	r21, 0xFF	; 255
    8e9a:	ec f3       	brlt	.-6      	; 0x8e96 <__divsf3_pse+0x6a>
    8e9c:	98 3e       	cpi	r25, 0xE8	; 232
    8e9e:	dc f3       	brlt	.-10     	; 0x8e96 <__divsf3_pse+0x6a>
    8ea0:	86 95       	lsr	r24
    8ea2:	77 95       	ror	r23
    8ea4:	67 95       	ror	r22
    8ea6:	b7 95       	ror	r27
    8ea8:	f7 95       	ror	r31
    8eaa:	9f 5f       	subi	r25, 0xFF	; 255
    8eac:	c9 f7       	brne	.-14     	; 0x8ea0 <__divsf3_pse+0x74>
    8eae:	88 0f       	add	r24, r24
    8eb0:	91 1d       	adc	r25, r1
    8eb2:	96 95       	lsr	r25
    8eb4:	87 95       	ror	r24
    8eb6:	97 f9       	bld	r25, 7
    8eb8:	08 95       	ret
    8eba:	e1 e0       	ldi	r30, 0x01	; 1
    8ebc:	66 0f       	add	r22, r22
    8ebe:	77 1f       	adc	r23, r23
    8ec0:	88 1f       	adc	r24, r24
    8ec2:	bb 1f       	adc	r27, r27
    8ec4:	62 17       	cp	r22, r18
    8ec6:	73 07       	cpc	r23, r19
    8ec8:	84 07       	cpc	r24, r20
    8eca:	ba 07       	cpc	r27, r26
    8ecc:	20 f0       	brcs	.+8      	; 0x8ed6 <__divsf3_pse+0xaa>
    8ece:	62 1b       	sub	r22, r18
    8ed0:	73 0b       	sbc	r23, r19
    8ed2:	84 0b       	sbc	r24, r20
    8ed4:	ba 0b       	sbc	r27, r26
    8ed6:	ee 1f       	adc	r30, r30
    8ed8:	88 f7       	brcc	.-30     	; 0x8ebc <__divsf3_pse+0x90>
    8eda:	e0 95       	com	r30
    8edc:	08 95       	ret
    8ede:	19 f4       	brne	.+6      	; 0x8ee6 <__divsf3_pse+0xba>
    8ee0:	0e f0       	brts	.+2      	; 0x8ee4 <__divsf3_pse+0xb8>
    8ee2:	c0 c0       	rjmp	.+384    	; 0x9064 <__fp_inf>
    8ee4:	2e c1       	rjmp	.+604    	; 0x9142 <__fp_zero>
    8ee6:	c4 c0       	rjmp	.+392    	; 0x9070 <__fp_nan>

00008ee8 <exp>:
    8ee8:	12 d1       	rcall	.+548    	; 0x910e <__fp_splitA>
    8eea:	c8 f3       	brcs	.-14     	; 0x8ede <__divsf3_pse+0xb2>
    8eec:	96 38       	cpi	r25, 0x86	; 134
    8eee:	c0 f7       	brcc	.-16     	; 0x8ee0 <__divsf3_pse+0xb4>
    8ef0:	07 f8       	bld	r0, 7
    8ef2:	0f 92       	push	r0
    8ef4:	e8 94       	clt
    8ef6:	2b e3       	ldi	r18, 0x3B	; 59
    8ef8:	3a ea       	ldi	r19, 0xAA	; 170
    8efa:	48 eb       	ldi	r20, 0xB8	; 184
    8efc:	5f e7       	ldi	r21, 0x7F	; 127
    8efe:	ef d1       	rcall	.+990    	; 0x92de <__mulsf3_pse>
    8f00:	0f 92       	push	r0
    8f02:	0f 92       	push	r0
    8f04:	0f 92       	push	r0
    8f06:	4d b7       	in	r20, 0x3d	; 61
    8f08:	5e b7       	in	r21, 0x3e	; 62
    8f0a:	0f 92       	push	r0
    8f0c:	a7 d1       	rcall	.+846    	; 0x925c <modf>
    8f0e:	ec e8       	ldi	r30, 0x8C	; 140
    8f10:	f0 e0       	ldi	r31, 0x00	; 0
    8f12:	b1 d0       	rcall	.+354    	; 0x9076 <__fp_powser>
    8f14:	4f 91       	pop	r20
    8f16:	5f 91       	pop	r21
    8f18:	ef 91       	pop	r30
    8f1a:	ff 91       	pop	r31
    8f1c:	e5 95       	asr	r30
    8f1e:	ee 1f       	adc	r30, r30
    8f20:	ff 1f       	adc	r31, r31
    8f22:	49 f0       	breq	.+18     	; 0x8f36 <exp+0x4e>
    8f24:	fe 57       	subi	r31, 0x7E	; 126
    8f26:	e0 68       	ori	r30, 0x80	; 128
    8f28:	44 27       	eor	r20, r20
    8f2a:	ee 0f       	add	r30, r30
    8f2c:	44 1f       	adc	r20, r20
    8f2e:	fa 95       	dec	r31
    8f30:	e1 f7       	brne	.-8      	; 0x8f2a <exp+0x42>
    8f32:	41 95       	neg	r20
    8f34:	55 0b       	sbc	r21, r21
    8f36:	19 d1       	rcall	.+562    	; 0x916a <ldexp>
    8f38:	0f 90       	pop	r0
    8f3a:	07 fe       	sbrs	r0, 7
    8f3c:	0d c1       	rjmp	.+538    	; 0x9158 <inverse>
    8f3e:	08 95       	ret

00008f40 <__fixsfsi>:
    8f40:	04 d0       	rcall	.+8      	; 0x8f4a <__fixunssfsi>
    8f42:	68 94       	set
    8f44:	b1 11       	cpse	r27, r1
    8f46:	fe c0       	rjmp	.+508    	; 0x9144 <__fp_szero>
    8f48:	08 95       	ret

00008f4a <__fixunssfsi>:
    8f4a:	e1 d0       	rcall	.+450    	; 0x910e <__fp_splitA>
    8f4c:	88 f0       	brcs	.+34     	; 0x8f70 <__fixunssfsi+0x26>
    8f4e:	9f 57       	subi	r25, 0x7F	; 127
    8f50:	90 f0       	brcs	.+36     	; 0x8f76 <__fixunssfsi+0x2c>
    8f52:	b9 2f       	mov	r27, r25
    8f54:	99 27       	eor	r25, r25
    8f56:	b7 51       	subi	r27, 0x17	; 23
    8f58:	a0 f0       	brcs	.+40     	; 0x8f82 <__fixunssfsi+0x38>
    8f5a:	d1 f0       	breq	.+52     	; 0x8f90 <__fixunssfsi+0x46>
    8f5c:	66 0f       	add	r22, r22
    8f5e:	77 1f       	adc	r23, r23
    8f60:	88 1f       	adc	r24, r24
    8f62:	99 1f       	adc	r25, r25
    8f64:	1a f0       	brmi	.+6      	; 0x8f6c <__fixunssfsi+0x22>
    8f66:	ba 95       	dec	r27
    8f68:	c9 f7       	brne	.-14     	; 0x8f5c <__fixunssfsi+0x12>
    8f6a:	12 c0       	rjmp	.+36     	; 0x8f90 <__fixunssfsi+0x46>
    8f6c:	b1 30       	cpi	r27, 0x01	; 1
    8f6e:	81 f0       	breq	.+32     	; 0x8f90 <__fixunssfsi+0x46>
    8f70:	e8 d0       	rcall	.+464    	; 0x9142 <__fp_zero>
    8f72:	b1 e0       	ldi	r27, 0x01	; 1
    8f74:	08 95       	ret
    8f76:	e5 c0       	rjmp	.+458    	; 0x9142 <__fp_zero>
    8f78:	67 2f       	mov	r22, r23
    8f7a:	78 2f       	mov	r23, r24
    8f7c:	88 27       	eor	r24, r24
    8f7e:	b8 5f       	subi	r27, 0xF8	; 248
    8f80:	39 f0       	breq	.+14     	; 0x8f90 <__fixunssfsi+0x46>
    8f82:	b9 3f       	cpi	r27, 0xF9	; 249
    8f84:	cc f3       	brlt	.-14     	; 0x8f78 <__fixunssfsi+0x2e>
    8f86:	86 95       	lsr	r24
    8f88:	77 95       	ror	r23
    8f8a:	67 95       	ror	r22
    8f8c:	b3 95       	inc	r27
    8f8e:	d9 f7       	brne	.-10     	; 0x8f86 <__fixunssfsi+0x3c>
    8f90:	3e f4       	brtc	.+14     	; 0x8fa0 <__fixunssfsi+0x56>
    8f92:	90 95       	com	r25
    8f94:	80 95       	com	r24
    8f96:	70 95       	com	r23
    8f98:	61 95       	neg	r22
    8f9a:	7f 4f       	sbci	r23, 0xFF	; 255
    8f9c:	8f 4f       	sbci	r24, 0xFF	; 255
    8f9e:	9f 4f       	sbci	r25, 0xFF	; 255
    8fa0:	08 95       	ret

00008fa2 <__floatunsisf>:
    8fa2:	e8 94       	clt
    8fa4:	09 c0       	rjmp	.+18     	; 0x8fb8 <__floatsisf+0x12>

00008fa6 <__floatsisf>:
    8fa6:	97 fb       	bst	r25, 7
    8fa8:	3e f4       	brtc	.+14     	; 0x8fb8 <__floatsisf+0x12>
    8faa:	90 95       	com	r25
    8fac:	80 95       	com	r24
    8fae:	70 95       	com	r23
    8fb0:	61 95       	neg	r22
    8fb2:	7f 4f       	sbci	r23, 0xFF	; 255
    8fb4:	8f 4f       	sbci	r24, 0xFF	; 255
    8fb6:	9f 4f       	sbci	r25, 0xFF	; 255
    8fb8:	99 23       	and	r25, r25
    8fba:	a9 f0       	breq	.+42     	; 0x8fe6 <__floatsisf+0x40>
    8fbc:	f9 2f       	mov	r31, r25
    8fbe:	96 e9       	ldi	r25, 0x96	; 150
    8fc0:	bb 27       	eor	r27, r27
    8fc2:	93 95       	inc	r25
    8fc4:	f6 95       	lsr	r31
    8fc6:	87 95       	ror	r24
    8fc8:	77 95       	ror	r23
    8fca:	67 95       	ror	r22
    8fcc:	b7 95       	ror	r27
    8fce:	f1 11       	cpse	r31, r1
    8fd0:	f8 cf       	rjmp	.-16     	; 0x8fc2 <__floatsisf+0x1c>
    8fd2:	fa f4       	brpl	.+62     	; 0x9012 <__floatsisf+0x6c>
    8fd4:	bb 0f       	add	r27, r27
    8fd6:	11 f4       	brne	.+4      	; 0x8fdc <__floatsisf+0x36>
    8fd8:	60 ff       	sbrs	r22, 0
    8fda:	1b c0       	rjmp	.+54     	; 0x9012 <__floatsisf+0x6c>
    8fdc:	6f 5f       	subi	r22, 0xFF	; 255
    8fde:	7f 4f       	sbci	r23, 0xFF	; 255
    8fe0:	8f 4f       	sbci	r24, 0xFF	; 255
    8fe2:	9f 4f       	sbci	r25, 0xFF	; 255
    8fe4:	16 c0       	rjmp	.+44     	; 0x9012 <__floatsisf+0x6c>
    8fe6:	88 23       	and	r24, r24
    8fe8:	11 f0       	breq	.+4      	; 0x8fee <__floatsisf+0x48>
    8fea:	96 e9       	ldi	r25, 0x96	; 150
    8fec:	11 c0       	rjmp	.+34     	; 0x9010 <__floatsisf+0x6a>
    8fee:	77 23       	and	r23, r23
    8ff0:	21 f0       	breq	.+8      	; 0x8ffa <__floatsisf+0x54>
    8ff2:	9e e8       	ldi	r25, 0x8E	; 142
    8ff4:	87 2f       	mov	r24, r23
    8ff6:	76 2f       	mov	r23, r22
    8ff8:	05 c0       	rjmp	.+10     	; 0x9004 <__floatsisf+0x5e>
    8ffa:	66 23       	and	r22, r22
    8ffc:	71 f0       	breq	.+28     	; 0x901a <__floatsisf+0x74>
    8ffe:	96 e8       	ldi	r25, 0x86	; 134
    9000:	86 2f       	mov	r24, r22
    9002:	70 e0       	ldi	r23, 0x00	; 0
    9004:	60 e0       	ldi	r22, 0x00	; 0
    9006:	2a f0       	brmi	.+10     	; 0x9012 <__floatsisf+0x6c>
    9008:	9a 95       	dec	r25
    900a:	66 0f       	add	r22, r22
    900c:	77 1f       	adc	r23, r23
    900e:	88 1f       	adc	r24, r24
    9010:	da f7       	brpl	.-10     	; 0x9008 <__floatsisf+0x62>
    9012:	88 0f       	add	r24, r24
    9014:	96 95       	lsr	r25
    9016:	87 95       	ror	r24
    9018:	97 f9       	bld	r25, 7
    901a:	08 95       	ret

0000901c <__fp_cmp>:
    901c:	99 0f       	add	r25, r25
    901e:	00 08       	sbc	r0, r0
    9020:	55 0f       	add	r21, r21
    9022:	aa 0b       	sbc	r26, r26
    9024:	e0 e8       	ldi	r30, 0x80	; 128
    9026:	fe ef       	ldi	r31, 0xFE	; 254
    9028:	16 16       	cp	r1, r22
    902a:	17 06       	cpc	r1, r23
    902c:	e8 07       	cpc	r30, r24
    902e:	f9 07       	cpc	r31, r25
    9030:	c0 f0       	brcs	.+48     	; 0x9062 <__fp_cmp+0x46>
    9032:	12 16       	cp	r1, r18
    9034:	13 06       	cpc	r1, r19
    9036:	e4 07       	cpc	r30, r20
    9038:	f5 07       	cpc	r31, r21
    903a:	98 f0       	brcs	.+38     	; 0x9062 <__fp_cmp+0x46>
    903c:	62 1b       	sub	r22, r18
    903e:	73 0b       	sbc	r23, r19
    9040:	84 0b       	sbc	r24, r20
    9042:	95 0b       	sbc	r25, r21
    9044:	39 f4       	brne	.+14     	; 0x9054 <__fp_cmp+0x38>
    9046:	0a 26       	eor	r0, r26
    9048:	61 f0       	breq	.+24     	; 0x9062 <__fp_cmp+0x46>
    904a:	23 2b       	or	r18, r19
    904c:	24 2b       	or	r18, r20
    904e:	25 2b       	or	r18, r21
    9050:	21 f4       	brne	.+8      	; 0x905a <__fp_cmp+0x3e>
    9052:	08 95       	ret
    9054:	0a 26       	eor	r0, r26
    9056:	09 f4       	brne	.+2      	; 0x905a <__fp_cmp+0x3e>
    9058:	a1 40       	sbci	r26, 0x01	; 1
    905a:	a6 95       	lsr	r26
    905c:	8f ef       	ldi	r24, 0xFF	; 255
    905e:	81 1d       	adc	r24, r1
    9060:	81 1d       	adc	r24, r1
    9062:	08 95       	ret

00009064 <__fp_inf>:
    9064:	97 f9       	bld	r25, 7
    9066:	9f 67       	ori	r25, 0x7F	; 127
    9068:	80 e8       	ldi	r24, 0x80	; 128
    906a:	70 e0       	ldi	r23, 0x00	; 0
    906c:	60 e0       	ldi	r22, 0x00	; 0
    906e:	08 95       	ret

00009070 <__fp_nan>:
    9070:	9f ef       	ldi	r25, 0xFF	; 255
    9072:	80 ec       	ldi	r24, 0xC0	; 192
    9074:	08 95       	ret

00009076 <__fp_powser>:
    9076:	df 93       	push	r29
    9078:	cf 93       	push	r28
    907a:	1f 93       	push	r17
    907c:	0f 93       	push	r16
    907e:	ff 92       	push	r15
    9080:	ef 92       	push	r14
    9082:	df 92       	push	r13
    9084:	7b 01       	movw	r14, r22
    9086:	8c 01       	movw	r16, r24
    9088:	68 94       	set
    908a:	05 c0       	rjmp	.+10     	; 0x9096 <__fp_powser+0x20>
    908c:	da 2e       	mov	r13, r26
    908e:	ef 01       	movw	r28, r30
    9090:	24 d1       	rcall	.+584    	; 0x92da <__mulsf3x>
    9092:	fe 01       	movw	r30, r28
    9094:	e8 94       	clt
    9096:	a5 91       	lpm	r26, Z+
    9098:	25 91       	lpm	r18, Z+
    909a:	35 91       	lpm	r19, Z+
    909c:	45 91       	lpm	r20, Z+
    909e:	55 91       	lpm	r21, Z+
    90a0:	ae f3       	brts	.-22     	; 0x908c <__fp_powser+0x16>
    90a2:	ef 01       	movw	r28, r30
    90a4:	5d de       	rcall	.-838    	; 0x8d60 <__addsf3x>
    90a6:	fe 01       	movw	r30, r28
    90a8:	97 01       	movw	r18, r14
    90aa:	a8 01       	movw	r20, r16
    90ac:	da 94       	dec	r13
    90ae:	79 f7       	brne	.-34     	; 0x908e <__fp_powser+0x18>
    90b0:	df 90       	pop	r13
    90b2:	ef 90       	pop	r14
    90b4:	ff 90       	pop	r15
    90b6:	0f 91       	pop	r16
    90b8:	1f 91       	pop	r17
    90ba:	cf 91       	pop	r28
    90bc:	df 91       	pop	r29
    90be:	08 95       	ret

000090c0 <__fp_pscA>:
    90c0:	00 24       	eor	r0, r0
    90c2:	0a 94       	dec	r0
    90c4:	16 16       	cp	r1, r22
    90c6:	17 06       	cpc	r1, r23
    90c8:	18 06       	cpc	r1, r24
    90ca:	09 06       	cpc	r0, r25
    90cc:	08 95       	ret

000090ce <__fp_pscB>:
    90ce:	00 24       	eor	r0, r0
    90d0:	0a 94       	dec	r0
    90d2:	12 16       	cp	r1, r18
    90d4:	13 06       	cpc	r1, r19
    90d6:	14 06       	cpc	r1, r20
    90d8:	05 06       	cpc	r0, r21
    90da:	08 95       	ret

000090dc <__fp_round>:
    90dc:	09 2e       	mov	r0, r25
    90de:	03 94       	inc	r0
    90e0:	00 0c       	add	r0, r0
    90e2:	11 f4       	brne	.+4      	; 0x90e8 <__fp_round+0xc>
    90e4:	88 23       	and	r24, r24
    90e6:	52 f0       	brmi	.+20     	; 0x90fc <__fp_round+0x20>
    90e8:	bb 0f       	add	r27, r27
    90ea:	40 f4       	brcc	.+16     	; 0x90fc <__fp_round+0x20>
    90ec:	bf 2b       	or	r27, r31
    90ee:	11 f4       	brne	.+4      	; 0x90f4 <__fp_round+0x18>
    90f0:	60 ff       	sbrs	r22, 0
    90f2:	04 c0       	rjmp	.+8      	; 0x90fc <__fp_round+0x20>
    90f4:	6f 5f       	subi	r22, 0xFF	; 255
    90f6:	7f 4f       	sbci	r23, 0xFF	; 255
    90f8:	8f 4f       	sbci	r24, 0xFF	; 255
    90fa:	9f 4f       	sbci	r25, 0xFF	; 255
    90fc:	08 95       	ret

000090fe <__fp_split3>:
    90fe:	57 fd       	sbrc	r21, 7
    9100:	90 58       	subi	r25, 0x80	; 128
    9102:	44 0f       	add	r20, r20
    9104:	55 1f       	adc	r21, r21
    9106:	59 f0       	breq	.+22     	; 0x911e <__fp_splitA+0x10>
    9108:	5f 3f       	cpi	r21, 0xFF	; 255
    910a:	71 f0       	breq	.+28     	; 0x9128 <__fp_splitA+0x1a>
    910c:	47 95       	ror	r20

0000910e <__fp_splitA>:
    910e:	88 0f       	add	r24, r24
    9110:	97 fb       	bst	r25, 7
    9112:	99 1f       	adc	r25, r25
    9114:	61 f0       	breq	.+24     	; 0x912e <__fp_splitA+0x20>
    9116:	9f 3f       	cpi	r25, 0xFF	; 255
    9118:	79 f0       	breq	.+30     	; 0x9138 <__fp_splitA+0x2a>
    911a:	87 95       	ror	r24
    911c:	08 95       	ret
    911e:	12 16       	cp	r1, r18
    9120:	13 06       	cpc	r1, r19
    9122:	14 06       	cpc	r1, r20
    9124:	55 1f       	adc	r21, r21
    9126:	f2 cf       	rjmp	.-28     	; 0x910c <__fp_split3+0xe>
    9128:	46 95       	lsr	r20
    912a:	f1 df       	rcall	.-30     	; 0x910e <__fp_splitA>
    912c:	08 c0       	rjmp	.+16     	; 0x913e <__fp_splitA+0x30>
    912e:	16 16       	cp	r1, r22
    9130:	17 06       	cpc	r1, r23
    9132:	18 06       	cpc	r1, r24
    9134:	99 1f       	adc	r25, r25
    9136:	f1 cf       	rjmp	.-30     	; 0x911a <__fp_splitA+0xc>
    9138:	86 95       	lsr	r24
    913a:	71 05       	cpc	r23, r1
    913c:	61 05       	cpc	r22, r1
    913e:	08 94       	sec
    9140:	08 95       	ret

00009142 <__fp_zero>:
    9142:	e8 94       	clt

00009144 <__fp_szero>:
    9144:	bb 27       	eor	r27, r27
    9146:	66 27       	eor	r22, r22
    9148:	77 27       	eor	r23, r23
    914a:	cb 01       	movw	r24, r22
    914c:	97 f9       	bld	r25, 7
    914e:	08 95       	ret

00009150 <__gesf2>:
    9150:	65 df       	rcall	.-310    	; 0x901c <__fp_cmp>
    9152:	08 f4       	brcc	.+2      	; 0x9156 <__gesf2+0x6>
    9154:	8f ef       	ldi	r24, 0xFF	; 255
    9156:	08 95       	ret

00009158 <inverse>:
    9158:	9b 01       	movw	r18, r22
    915a:	ac 01       	movw	r20, r24
    915c:	60 e0       	ldi	r22, 0x00	; 0
    915e:	70 e0       	ldi	r23, 0x00	; 0
    9160:	80 e8       	ldi	r24, 0x80	; 128
    9162:	9f e3       	ldi	r25, 0x3F	; 63
    9164:	54 ce       	rjmp	.-856    	; 0x8e0e <__divsf3>
    9166:	7e cf       	rjmp	.-260    	; 0x9064 <__fp_inf>
    9168:	50 c1       	rjmp	.+672    	; 0x940a <__fp_mpack>

0000916a <ldexp>:
    916a:	d1 df       	rcall	.-94     	; 0x910e <__fp_splitA>
    916c:	e8 f3       	brcs	.-6      	; 0x9168 <inverse+0x10>
    916e:	99 23       	and	r25, r25
    9170:	d9 f3       	breq	.-10     	; 0x9168 <inverse+0x10>
    9172:	94 0f       	add	r25, r20
    9174:	51 1d       	adc	r21, r1
    9176:	bb f3       	brvs	.-18     	; 0x9166 <inverse+0xe>
    9178:	91 50       	subi	r25, 0x01	; 1
    917a:	50 40       	sbci	r21, 0x00	; 0
    917c:	94 f0       	brlt	.+36     	; 0x91a2 <ldexp+0x38>
    917e:	59 f0       	breq	.+22     	; 0x9196 <ldexp+0x2c>
    9180:	88 23       	and	r24, r24
    9182:	32 f0       	brmi	.+12     	; 0x9190 <ldexp+0x26>
    9184:	66 0f       	add	r22, r22
    9186:	77 1f       	adc	r23, r23
    9188:	88 1f       	adc	r24, r24
    918a:	91 50       	subi	r25, 0x01	; 1
    918c:	50 40       	sbci	r21, 0x00	; 0
    918e:	c1 f7       	brne	.-16     	; 0x9180 <ldexp+0x16>
    9190:	9e 3f       	cpi	r25, 0xFE	; 254
    9192:	51 05       	cpc	r21, r1
    9194:	44 f7       	brge	.-48     	; 0x9166 <inverse+0xe>
    9196:	88 0f       	add	r24, r24
    9198:	91 1d       	adc	r25, r1
    919a:	96 95       	lsr	r25
    919c:	87 95       	ror	r24
    919e:	97 f9       	bld	r25, 7
    91a0:	08 95       	ret
    91a2:	5f 3f       	cpi	r21, 0xFF	; 255
    91a4:	ac f0       	brlt	.+42     	; 0x91d0 <ldexp+0x66>
    91a6:	98 3e       	cpi	r25, 0xE8	; 232
    91a8:	9c f0       	brlt	.+38     	; 0x91d0 <ldexp+0x66>
    91aa:	bb 27       	eor	r27, r27
    91ac:	86 95       	lsr	r24
    91ae:	77 95       	ror	r23
    91b0:	67 95       	ror	r22
    91b2:	b7 95       	ror	r27
    91b4:	08 f4       	brcc	.+2      	; 0x91b8 <ldexp+0x4e>
    91b6:	b1 60       	ori	r27, 0x01	; 1
    91b8:	93 95       	inc	r25
    91ba:	c1 f7       	brne	.-16     	; 0x91ac <ldexp+0x42>
    91bc:	bb 0f       	add	r27, r27
    91be:	58 f7       	brcc	.-42     	; 0x9196 <ldexp+0x2c>
    91c0:	11 f4       	brne	.+4      	; 0x91c6 <ldexp+0x5c>
    91c2:	60 ff       	sbrs	r22, 0
    91c4:	e8 cf       	rjmp	.-48     	; 0x9196 <ldexp+0x2c>
    91c6:	6f 5f       	subi	r22, 0xFF	; 255
    91c8:	7f 4f       	sbci	r23, 0xFF	; 255
    91ca:	8f 4f       	sbci	r24, 0xFF	; 255
    91cc:	9f 4f       	sbci	r25, 0xFF	; 255
    91ce:	e3 cf       	rjmp	.-58     	; 0x9196 <ldexp+0x2c>
    91d0:	b9 cf       	rjmp	.-142    	; 0x9144 <__fp_szero>
    91d2:	0e f0       	brts	.+2      	; 0x91d6 <ldexp+0x6c>
    91d4:	1a c1       	rjmp	.+564    	; 0x940a <__fp_mpack>
    91d6:	4c cf       	rjmp	.-360    	; 0x9070 <__fp_nan>
    91d8:	68 94       	set
    91da:	44 cf       	rjmp	.-376    	; 0x9064 <__fp_inf>

000091dc <log>:
    91dc:	98 df       	rcall	.-208    	; 0x910e <__fp_splitA>
    91de:	c8 f3       	brcs	.-14     	; 0x91d2 <ldexp+0x68>
    91e0:	99 23       	and	r25, r25
    91e2:	d1 f3       	breq	.-12     	; 0x91d8 <ldexp+0x6e>
    91e4:	c6 f3       	brts	.-16     	; 0x91d6 <ldexp+0x6c>
    91e6:	df 93       	push	r29
    91e8:	cf 93       	push	r28
    91ea:	1f 93       	push	r17
    91ec:	0f 93       	push	r16
    91ee:	ff 92       	push	r15
    91f0:	c9 2f       	mov	r28, r25
    91f2:	dd 27       	eor	r29, r29
    91f4:	88 23       	and	r24, r24
    91f6:	2a f0       	brmi	.+10     	; 0x9202 <log+0x26>
    91f8:	21 97       	sbiw	r28, 0x01	; 1
    91fa:	66 0f       	add	r22, r22
    91fc:	77 1f       	adc	r23, r23
    91fe:	88 1f       	adc	r24, r24
    9200:	da f7       	brpl	.-10     	; 0x91f8 <log+0x1c>
    9202:	20 e0       	ldi	r18, 0x00	; 0
    9204:	30 e0       	ldi	r19, 0x00	; 0
    9206:	40 e8       	ldi	r20, 0x80	; 128
    9208:	5f eb       	ldi	r21, 0xBF	; 191
    920a:	9f e3       	ldi	r25, 0x3F	; 63
    920c:	88 39       	cpi	r24, 0x98	; 152
    920e:	20 f0       	brcs	.+8      	; 0x9218 <log+0x3c>
    9210:	80 3e       	cpi	r24, 0xE0	; 224
    9212:	30 f0       	brcs	.+12     	; 0x9220 <log+0x44>
    9214:	21 96       	adiw	r28, 0x01	; 1
    9216:	8f 77       	andi	r24, 0x7F	; 127
    9218:	92 dd       	rcall	.-1244   	; 0x8d3e <__addsf3>
    921a:	e4 eb       	ldi	r30, 0xB4	; 180
    921c:	f0 e0       	ldi	r31, 0x00	; 0
    921e:	03 c0       	rjmp	.+6      	; 0x9226 <log+0x4a>
    9220:	8e dd       	rcall	.-1252   	; 0x8d3e <__addsf3>
    9222:	e1 ee       	ldi	r30, 0xE1	; 225
    9224:	f0 e0       	ldi	r31, 0x00	; 0
    9226:	27 df       	rcall	.-434    	; 0x9076 <__fp_powser>
    9228:	8b 01       	movw	r16, r22
    922a:	be 01       	movw	r22, r28
    922c:	ec 01       	movw	r28, r24
    922e:	fb 2e       	mov	r15, r27
    9230:	6f 57       	subi	r22, 0x7F	; 127
    9232:	71 09       	sbc	r23, r1
    9234:	75 95       	asr	r23
    9236:	77 1f       	adc	r23, r23
    9238:	88 0b       	sbc	r24, r24
    923a:	99 0b       	sbc	r25, r25
    923c:	b4 de       	rcall	.-664    	; 0x8fa6 <__floatsisf>
    923e:	28 e1       	ldi	r18, 0x18	; 24
    9240:	32 e7       	ldi	r19, 0x72	; 114
    9242:	41 e3       	ldi	r20, 0x31	; 49
    9244:	5f e3       	ldi	r21, 0x3F	; 63
    9246:	49 d0       	rcall	.+146    	; 0x92da <__mulsf3x>
    9248:	af 2d       	mov	r26, r15
    924a:	98 01       	movw	r18, r16
    924c:	ae 01       	movw	r20, r28
    924e:	ff 90       	pop	r15
    9250:	0f 91       	pop	r16
    9252:	1f 91       	pop	r17
    9254:	cf 91       	pop	r28
    9256:	df 91       	pop	r29
    9258:	83 dd       	rcall	.-1274   	; 0x8d60 <__addsf3x>
    925a:	40 cf       	rjmp	.-384    	; 0x90dc <__fp_round>

0000925c <modf>:
    925c:	fa 01       	movw	r30, r20
    925e:	dc 01       	movw	r26, r24
    9260:	aa 0f       	add	r26, r26
    9262:	bb 1f       	adc	r27, r27
    9264:	9b 01       	movw	r18, r22
    9266:	ac 01       	movw	r20, r24
    9268:	bf 57       	subi	r27, 0x7F	; 127
    926a:	28 f4       	brcc	.+10     	; 0x9276 <modf+0x1a>
    926c:	22 27       	eor	r18, r18
    926e:	33 27       	eor	r19, r19
    9270:	44 27       	eor	r20, r20
    9272:	50 78       	andi	r21, 0x80	; 128
    9274:	1f c0       	rjmp	.+62     	; 0x92b4 <modf+0x58>
    9276:	b7 51       	subi	r27, 0x17	; 23
    9278:	88 f4       	brcc	.+34     	; 0x929c <modf+0x40>
    927a:	ab 2f       	mov	r26, r27
    927c:	00 24       	eor	r0, r0
    927e:	46 95       	lsr	r20
    9280:	37 95       	ror	r19
    9282:	27 95       	ror	r18
    9284:	01 1c       	adc	r0, r1
    9286:	a3 95       	inc	r26
    9288:	d2 f3       	brmi	.-12     	; 0x927e <modf+0x22>
    928a:	00 20       	and	r0, r0
    928c:	69 f0       	breq	.+26     	; 0x92a8 <modf+0x4c>
    928e:	22 0f       	add	r18, r18
    9290:	33 1f       	adc	r19, r19
    9292:	44 1f       	adc	r20, r20
    9294:	b3 95       	inc	r27
    9296:	da f3       	brmi	.-10     	; 0x928e <modf+0x32>
    9298:	0d d0       	rcall	.+26     	; 0x92b4 <modf+0x58>
    929a:	50 cd       	rjmp	.-1376   	; 0x8d3c <__subsf3>
    929c:	61 30       	cpi	r22, 0x01	; 1
    929e:	71 05       	cpc	r23, r1
    92a0:	a0 e8       	ldi	r26, 0x80	; 128
    92a2:	8a 07       	cpc	r24, r26
    92a4:	b9 46       	sbci	r27, 0x69	; 105
    92a6:	30 f4       	brcc	.+12     	; 0x92b4 <modf+0x58>
    92a8:	9b 01       	movw	r18, r22
    92aa:	ac 01       	movw	r20, r24
    92ac:	66 27       	eor	r22, r22
    92ae:	77 27       	eor	r23, r23
    92b0:	88 27       	eor	r24, r24
    92b2:	90 78       	andi	r25, 0x80	; 128
    92b4:	30 96       	adiw	r30, 0x00	; 0
    92b6:	21 f0       	breq	.+8      	; 0x92c0 <modf+0x64>
    92b8:	20 83       	st	Z, r18
    92ba:	31 83       	std	Z+1, r19	; 0x01
    92bc:	42 83       	std	Z+2, r20	; 0x02
    92be:	53 83       	std	Z+3, r21	; 0x03
    92c0:	08 95       	ret

000092c2 <__mulsf3>:
    92c2:	0b d0       	rcall	.+22     	; 0x92da <__mulsf3x>
    92c4:	0b cf       	rjmp	.-490    	; 0x90dc <__fp_round>
    92c6:	fc de       	rcall	.-520    	; 0x90c0 <__fp_pscA>
    92c8:	28 f0       	brcs	.+10     	; 0x92d4 <__mulsf3+0x12>
    92ca:	01 df       	rcall	.-510    	; 0x90ce <__fp_pscB>
    92cc:	18 f0       	brcs	.+6      	; 0x92d4 <__mulsf3+0x12>
    92ce:	95 23       	and	r25, r21
    92d0:	09 f0       	breq	.+2      	; 0x92d4 <__mulsf3+0x12>
    92d2:	c8 ce       	rjmp	.-624    	; 0x9064 <__fp_inf>
    92d4:	cd ce       	rjmp	.-614    	; 0x9070 <__fp_nan>
    92d6:	11 24       	eor	r1, r1
    92d8:	35 cf       	rjmp	.-406    	; 0x9144 <__fp_szero>

000092da <__mulsf3x>:
    92da:	11 df       	rcall	.-478    	; 0x90fe <__fp_split3>
    92dc:	a0 f3       	brcs	.-24     	; 0x92c6 <__mulsf3+0x4>

000092de <__mulsf3_pse>:
    92de:	95 9f       	mul	r25, r21
    92e0:	d1 f3       	breq	.-12     	; 0x92d6 <__mulsf3+0x14>
    92e2:	95 0f       	add	r25, r21
    92e4:	50 e0       	ldi	r21, 0x00	; 0
    92e6:	55 1f       	adc	r21, r21
    92e8:	62 9f       	mul	r22, r18
    92ea:	f0 01       	movw	r30, r0
    92ec:	72 9f       	mul	r23, r18
    92ee:	bb 27       	eor	r27, r27
    92f0:	f0 0d       	add	r31, r0
    92f2:	b1 1d       	adc	r27, r1
    92f4:	63 9f       	mul	r22, r19
    92f6:	aa 27       	eor	r26, r26
    92f8:	f0 0d       	add	r31, r0
    92fa:	b1 1d       	adc	r27, r1
    92fc:	aa 1f       	adc	r26, r26
    92fe:	64 9f       	mul	r22, r20
    9300:	66 27       	eor	r22, r22
    9302:	b0 0d       	add	r27, r0
    9304:	a1 1d       	adc	r26, r1
    9306:	66 1f       	adc	r22, r22
    9308:	82 9f       	mul	r24, r18
    930a:	22 27       	eor	r18, r18
    930c:	b0 0d       	add	r27, r0
    930e:	a1 1d       	adc	r26, r1
    9310:	62 1f       	adc	r22, r18
    9312:	73 9f       	mul	r23, r19
    9314:	b0 0d       	add	r27, r0
    9316:	a1 1d       	adc	r26, r1
    9318:	62 1f       	adc	r22, r18
    931a:	83 9f       	mul	r24, r19
    931c:	a0 0d       	add	r26, r0
    931e:	61 1d       	adc	r22, r1
    9320:	22 1f       	adc	r18, r18
    9322:	74 9f       	mul	r23, r20
    9324:	33 27       	eor	r19, r19
    9326:	a0 0d       	add	r26, r0
    9328:	61 1d       	adc	r22, r1
    932a:	23 1f       	adc	r18, r19
    932c:	84 9f       	mul	r24, r20
    932e:	60 0d       	add	r22, r0
    9330:	21 1d       	adc	r18, r1
    9332:	82 2f       	mov	r24, r18
    9334:	76 2f       	mov	r23, r22
    9336:	6a 2f       	mov	r22, r26
    9338:	11 24       	eor	r1, r1
    933a:	9f 57       	subi	r25, 0x7F	; 127
    933c:	50 40       	sbci	r21, 0x00	; 0
    933e:	8a f0       	brmi	.+34     	; 0x9362 <__mulsf3_pse+0x84>
    9340:	e1 f0       	breq	.+56     	; 0x937a <__mulsf3_pse+0x9c>
    9342:	88 23       	and	r24, r24
    9344:	4a f0       	brmi	.+18     	; 0x9358 <__mulsf3_pse+0x7a>
    9346:	ee 0f       	add	r30, r30
    9348:	ff 1f       	adc	r31, r31
    934a:	bb 1f       	adc	r27, r27
    934c:	66 1f       	adc	r22, r22
    934e:	77 1f       	adc	r23, r23
    9350:	88 1f       	adc	r24, r24
    9352:	91 50       	subi	r25, 0x01	; 1
    9354:	50 40       	sbci	r21, 0x00	; 0
    9356:	a9 f7       	brne	.-22     	; 0x9342 <__mulsf3_pse+0x64>
    9358:	9e 3f       	cpi	r25, 0xFE	; 254
    935a:	51 05       	cpc	r21, r1
    935c:	70 f0       	brcs	.+28     	; 0x937a <__mulsf3_pse+0x9c>
    935e:	82 ce       	rjmp	.-764    	; 0x9064 <__fp_inf>
    9360:	f1 ce       	rjmp	.-542    	; 0x9144 <__fp_szero>
    9362:	5f 3f       	cpi	r21, 0xFF	; 255
    9364:	ec f3       	brlt	.-6      	; 0x9360 <__mulsf3_pse+0x82>
    9366:	98 3e       	cpi	r25, 0xE8	; 232
    9368:	dc f3       	brlt	.-10     	; 0x9360 <__mulsf3_pse+0x82>
    936a:	86 95       	lsr	r24
    936c:	77 95       	ror	r23
    936e:	67 95       	ror	r22
    9370:	b7 95       	ror	r27
    9372:	f7 95       	ror	r31
    9374:	e7 95       	ror	r30
    9376:	9f 5f       	subi	r25, 0xFF	; 255
    9378:	c1 f7       	brne	.-16     	; 0x936a <__mulsf3_pse+0x8c>
    937a:	fe 2b       	or	r31, r30
    937c:	88 0f       	add	r24, r24
    937e:	91 1d       	adc	r25, r1
    9380:	96 95       	lsr	r25
    9382:	87 95       	ror	r24
    9384:	97 f9       	bld	r25, 7
    9386:	08 95       	ret

00009388 <round>:
    9388:	c2 de       	rcall	.-636    	; 0x910e <__fp_splitA>
    938a:	e0 f0       	brcs	.+56     	; 0x93c4 <round+0x3c>
    938c:	9e 37       	cpi	r25, 0x7E	; 126
    938e:	d8 f0       	brcs	.+54     	; 0x93c6 <round+0x3e>
    9390:	96 39       	cpi	r25, 0x96	; 150
    9392:	b8 f4       	brcc	.+46     	; 0x93c2 <round+0x3a>
    9394:	9e 38       	cpi	r25, 0x8E	; 142
    9396:	48 f4       	brcc	.+18     	; 0x93aa <round+0x22>
    9398:	67 2f       	mov	r22, r23
    939a:	78 2f       	mov	r23, r24
    939c:	88 27       	eor	r24, r24
    939e:	98 5f       	subi	r25, 0xF8	; 248
    93a0:	f9 cf       	rjmp	.-14     	; 0x9394 <round+0xc>
    93a2:	86 95       	lsr	r24
    93a4:	77 95       	ror	r23
    93a6:	67 95       	ror	r22
    93a8:	93 95       	inc	r25
    93aa:	95 39       	cpi	r25, 0x95	; 149
    93ac:	d0 f3       	brcs	.-12     	; 0x93a2 <round+0x1a>
    93ae:	b6 2f       	mov	r27, r22
    93b0:	b1 70       	andi	r27, 0x01	; 1
    93b2:	6b 0f       	add	r22, r27
    93b4:	71 1d       	adc	r23, r1
    93b6:	81 1d       	adc	r24, r1
    93b8:	20 f4       	brcc	.+8      	; 0x93c2 <round+0x3a>
    93ba:	87 95       	ror	r24
    93bc:	77 95       	ror	r23
    93be:	67 95       	ror	r22
    93c0:	93 95       	inc	r25
    93c2:	08 c0       	rjmp	.+16     	; 0x93d4 <__fp_mintl>
    93c4:	22 c0       	rjmp	.+68     	; 0x940a <__fp_mpack>
    93c6:	be ce       	rjmp	.-644    	; 0x9144 <__fp_szero>

000093c8 <sin>:
    93c8:	9f 93       	push	r25
    93ca:	2e d0       	rcall	.+92     	; 0x9428 <__fp_rempio2>
    93cc:	0f 90       	pop	r0
    93ce:	07 fc       	sbrc	r0, 7
    93d0:	ee 5f       	subi	r30, 0xFE	; 254
    93d2:	51 c0       	rjmp	.+162    	; 0x9476 <__fp_sinus>

000093d4 <__fp_mintl>:
    93d4:	88 23       	and	r24, r24
    93d6:	71 f4       	brne	.+28     	; 0x93f4 <__fp_mintl+0x20>
    93d8:	77 23       	and	r23, r23
    93da:	21 f0       	breq	.+8      	; 0x93e4 <__fp_mintl+0x10>
    93dc:	98 50       	subi	r25, 0x08	; 8
    93de:	87 2b       	or	r24, r23
    93e0:	76 2f       	mov	r23, r22
    93e2:	07 c0       	rjmp	.+14     	; 0x93f2 <__fp_mintl+0x1e>
    93e4:	66 23       	and	r22, r22
    93e6:	11 f4       	brne	.+4      	; 0x93ec <__fp_mintl+0x18>
    93e8:	99 27       	eor	r25, r25
    93ea:	0d c0       	rjmp	.+26     	; 0x9406 <__fp_mintl+0x32>
    93ec:	90 51       	subi	r25, 0x10	; 16
    93ee:	86 2b       	or	r24, r22
    93f0:	70 e0       	ldi	r23, 0x00	; 0
    93f2:	60 e0       	ldi	r22, 0x00	; 0
    93f4:	2a f0       	brmi	.+10     	; 0x9400 <__fp_mintl+0x2c>
    93f6:	9a 95       	dec	r25
    93f8:	66 0f       	add	r22, r22
    93fa:	77 1f       	adc	r23, r23
    93fc:	88 1f       	adc	r24, r24
    93fe:	da f7       	brpl	.-10     	; 0x93f6 <__fp_mintl+0x22>
    9400:	88 0f       	add	r24, r24
    9402:	96 95       	lsr	r25
    9404:	87 95       	ror	r24
    9406:	97 f9       	bld	r25, 7
    9408:	08 95       	ret

0000940a <__fp_mpack>:
    940a:	9f 3f       	cpi	r25, 0xFF	; 255
    940c:	31 f0       	breq	.+12     	; 0x941a <__fp_mpack_finite+0xc>

0000940e <__fp_mpack_finite>:
    940e:	91 50       	subi	r25, 0x01	; 1
    9410:	20 f4       	brcc	.+8      	; 0x941a <__fp_mpack_finite+0xc>
    9412:	87 95       	ror	r24
    9414:	77 95       	ror	r23
    9416:	67 95       	ror	r22
    9418:	b7 95       	ror	r27
    941a:	88 0f       	add	r24, r24
    941c:	91 1d       	adc	r25, r1
    941e:	96 95       	lsr	r25
    9420:	87 95       	ror	r24
    9422:	97 f9       	bld	r25, 7
    9424:	08 95       	ret
    9426:	24 ce       	rjmp	.-952    	; 0x9070 <__fp_nan>

00009428 <__fp_rempio2>:
    9428:	72 de       	rcall	.-796    	; 0x910e <__fp_splitA>
    942a:	e8 f3       	brcs	.-6      	; 0x9426 <__fp_mpack_finite+0x18>
    942c:	e8 94       	clt
    942e:	e0 e0       	ldi	r30, 0x00	; 0
    9430:	bb 27       	eor	r27, r27
    9432:	9f 57       	subi	r25, 0x7F	; 127
    9434:	f0 f0       	brcs	.+60     	; 0x9472 <__fp_rempio2+0x4a>
    9436:	2a ed       	ldi	r18, 0xDA	; 218
    9438:	3f e0       	ldi	r19, 0x0F	; 15
    943a:	49 ec       	ldi	r20, 0xC9	; 201
    943c:	06 c0       	rjmp	.+12     	; 0x944a <__fp_rempio2+0x22>
    943e:	ee 0f       	add	r30, r30
    9440:	bb 0f       	add	r27, r27
    9442:	66 1f       	adc	r22, r22
    9444:	77 1f       	adc	r23, r23
    9446:	88 1f       	adc	r24, r24
    9448:	28 f0       	brcs	.+10     	; 0x9454 <__fp_rempio2+0x2c>
    944a:	b2 3a       	cpi	r27, 0xA2	; 162
    944c:	62 07       	cpc	r22, r18
    944e:	73 07       	cpc	r23, r19
    9450:	84 07       	cpc	r24, r20
    9452:	28 f0       	brcs	.+10     	; 0x945e <__fp_rempio2+0x36>
    9454:	b2 5a       	subi	r27, 0xA2	; 162
    9456:	62 0b       	sbc	r22, r18
    9458:	73 0b       	sbc	r23, r19
    945a:	84 0b       	sbc	r24, r20
    945c:	e3 95       	inc	r30
    945e:	9a 95       	dec	r25
    9460:	72 f7       	brpl	.-36     	; 0x943e <__fp_rempio2+0x16>
    9462:	80 38       	cpi	r24, 0x80	; 128
    9464:	30 f4       	brcc	.+12     	; 0x9472 <__fp_rempio2+0x4a>
    9466:	9a 95       	dec	r25
    9468:	bb 0f       	add	r27, r27
    946a:	66 1f       	adc	r22, r22
    946c:	77 1f       	adc	r23, r23
    946e:	88 1f       	adc	r24, r24
    9470:	d2 f7       	brpl	.-12     	; 0x9466 <__fp_rempio2+0x3e>
    9472:	90 48       	sbci	r25, 0x80	; 128
    9474:	cc cf       	rjmp	.-104    	; 0x940e <__fp_mpack_finite>

00009476 <__fp_sinus>:
    9476:	ef 93       	push	r30
    9478:	e0 ff       	sbrs	r30, 0
    947a:	06 c0       	rjmp	.+12     	; 0x9488 <__fp_sinus+0x12>
    947c:	a2 ea       	ldi	r26, 0xA2	; 162
    947e:	2a ed       	ldi	r18, 0xDA	; 218
    9480:	3f e0       	ldi	r19, 0x0F	; 15
    9482:	49 ec       	ldi	r20, 0xC9	; 201
    9484:	5f eb       	ldi	r21, 0xBF	; 191
    9486:	6c dc       	rcall	.-1832   	; 0x8d60 <__addsf3x>
    9488:	29 de       	rcall	.-942    	; 0x90dc <__fp_round>
    948a:	0f 90       	pop	r0
    948c:	03 94       	inc	r0
    948e:	01 fc       	sbrc	r0, 1
    9490:	90 58       	subi	r25, 0x80	; 128
    9492:	ee e0       	ldi	r30, 0x0E	; 14
    9494:	f1 e0       	ldi	r31, 0x01	; 1
    9496:	00 c0       	rjmp	.+0      	; 0x9498 <__fp_powsodd>

00009498 <__fp_powsodd>:
    9498:	9f 93       	push	r25
    949a:	8f 93       	push	r24
    949c:	7f 93       	push	r23
    949e:	6f 93       	push	r22
    94a0:	ff 93       	push	r31
    94a2:	ef 93       	push	r30
    94a4:	9b 01       	movw	r18, r22
    94a6:	ac 01       	movw	r20, r24
    94a8:	0c df       	rcall	.-488    	; 0x92c2 <__mulsf3>
    94aa:	ef 91       	pop	r30
    94ac:	ff 91       	pop	r31
    94ae:	e3 dd       	rcall	.-1082   	; 0x9076 <__fp_powser>
    94b0:	2f 91       	pop	r18
    94b2:	3f 91       	pop	r19
    94b4:	4f 91       	pop	r20
    94b6:	5f 91       	pop	r21
    94b8:	04 cf       	rjmp	.-504    	; 0x92c2 <__mulsf3>

000094ba <dtostre>:
    94ba:	cf 92       	push	r12
    94bc:	df 92       	push	r13
    94be:	ff 92       	push	r15
    94c0:	0f 93       	push	r16
    94c2:	1f 93       	push	r17
    94c4:	cf 93       	push	r28
    94c6:	df 93       	push	r29
    94c8:	ea 01       	movw	r28, r20
    94ca:	f0 2e       	mov	r15, r16
    94cc:	12 2f       	mov	r17, r18
    94ce:	28 30       	cpi	r18, 0x08	; 8
    94d0:	08 f0       	brcs	.+2      	; 0x94d4 <dtostre+0x1a>
    94d2:	17 e0       	ldi	r17, 0x07	; 7
    94d4:	00 e0       	ldi	r16, 0x00	; 0
    94d6:	21 2f       	mov	r18, r17
    94d8:	ae 01       	movw	r20, r28
    94da:	ba d0       	rcall	.+372    	; 0x9650 <__ftoa_engine>
    94dc:	98 81       	ld	r25, Y
    94de:	29 2f       	mov	r18, r25
    94e0:	28 70       	andi	r18, 0x08	; 8
    94e2:	de 01       	movw	r26, r28
    94e4:	90 ff       	sbrs	r25, 0
    94e6:	06 c0       	rjmp	.+12     	; 0x94f4 <dtostre+0x3a>
    94e8:	21 11       	cpse	r18, r1
    94ea:	04 c0       	rjmp	.+8      	; 0x94f4 <dtostre+0x3a>
    94ec:	11 96       	adiw	r26, 0x01	; 1
    94ee:	2d e2       	ldi	r18, 0x2D	; 45
    94f0:	28 83       	st	Y, r18
    94f2:	0c c0       	rjmp	.+24     	; 0x950c <dtostre+0x52>
    94f4:	f1 fe       	sbrs	r15, 1
    94f6:	03 c0       	rjmp	.+6      	; 0x94fe <dtostre+0x44>
    94f8:	11 96       	adiw	r26, 0x01	; 1
    94fa:	3b e2       	ldi	r19, 0x2B	; 43
    94fc:	04 c0       	rjmp	.+8      	; 0x9506 <dtostre+0x4c>
    94fe:	f0 fe       	sbrs	r15, 0
    9500:	03 c0       	rjmp	.+6      	; 0x9508 <dtostre+0x4e>
    9502:	11 96       	adiw	r26, 0x01	; 1
    9504:	30 e2       	ldi	r19, 0x20	; 32
    9506:	38 83       	st	Y, r19
    9508:	21 11       	cpse	r18, r1
    950a:	05 c0       	rjmp	.+10     	; 0x9516 <dtostre+0x5c>
    950c:	92 ff       	sbrs	r25, 2
    950e:	0c c0       	rjmp	.+24     	; 0x9528 <dtostre+0x6e>
    9510:	6c e2       	ldi	r22, 0x2C	; 44
    9512:	71 e0       	ldi	r23, 0x01	; 1
    9514:	02 c0       	rjmp	.+4      	; 0x951a <dtostre+0x60>
    9516:	64 e3       	ldi	r22, 0x34	; 52
    9518:	71 e0       	ldi	r23, 0x01	; 1
    951a:	f2 fe       	sbrs	r15, 2
    951c:	02 c0       	rjmp	.+4      	; 0x9522 <dtostre+0x68>
    951e:	6c 5f       	subi	r22, 0xFC	; 252
    9520:	7f 4f       	sbci	r23, 0xFF	; 255
    9522:	cd 01       	movw	r24, r26
    9524:	6d d1       	rcall	.+730    	; 0x9800 <strcpy_P>
    9526:	45 c0       	rjmp	.+138    	; 0x95b2 <dtostre+0xf8>
    9528:	fd 01       	movw	r30, r26
    952a:	31 96       	adiw	r30, 0x01	; 1
    952c:	29 81       	ldd	r18, Y+1	; 0x01
    952e:	2c 93       	st	X, r18
    9530:	21 33       	cpi	r18, 0x31	; 49
    9532:	09 f0       	breq	.+2      	; 0x9536 <dtostre+0x7c>
    9534:	9f 7e       	andi	r25, 0xEF	; 239
    9536:	11 23       	and	r17, r17
    9538:	b9 f0       	breq	.+46     	; 0x9568 <dtostre+0xae>
    953a:	ae 01       	movw	r20, r28
    953c:	4e 5f       	subi	r20, 0xFE	; 254
    953e:	5f 4f       	sbci	r21, 0xFF	; 255
    9540:	6f 01       	movw	r12, r30
    9542:	31 2f       	mov	r19, r17
    9544:	2e e2       	ldi	r18, 0x2E	; 46
    9546:	da 01       	movw	r26, r20
    9548:	6d 91       	ld	r22, X+
    954a:	ad 01       	movw	r20, r26
    954c:	d6 01       	movw	r26, r12
    954e:	2d 93       	st	X+, r18
    9550:	6d 01       	movw	r12, r26
    9552:	31 50       	subi	r19, 0x01	; 1
    9554:	26 2f       	mov	r18, r22
    9556:	b9 f7       	brne	.-18     	; 0x9546 <dtostre+0x8c>
    9558:	11 50       	subi	r17, 0x01	; 1
    955a:	df 01       	movw	r26, r30
    955c:	a1 0f       	add	r26, r17
    955e:	b1 1d       	adc	r27, r1
    9560:	fd 01       	movw	r30, r26
    9562:	32 96       	adiw	r30, 0x02	; 2
    9564:	11 96       	adiw	r26, 0x01	; 1
    9566:	6c 93       	st	X, r22
    9568:	f2 fc       	sbrc	r15, 2
    956a:	02 c0       	rjmp	.+4      	; 0x9570 <dtostre+0xb6>
    956c:	25 e6       	ldi	r18, 0x65	; 101
    956e:	01 c0       	rjmp	.+2      	; 0x9572 <dtostre+0xb8>
    9570:	25 e4       	ldi	r18, 0x45	; 69
    9572:	20 83       	st	Z, r18
    9574:	df 01       	movw	r26, r30
    9576:	12 96       	adiw	r26, 0x02	; 2
    9578:	87 ff       	sbrs	r24, 7
    957a:	04 c0       	rjmp	.+8      	; 0x9584 <dtostre+0xca>
    957c:	9d e2       	ldi	r25, 0x2D	; 45
    957e:	91 83       	std	Z+1, r25	; 0x01
    9580:	81 95       	neg	r24
    9582:	0a c0       	rjmp	.+20     	; 0x9598 <dtostre+0xde>
    9584:	81 11       	cpse	r24, r1
    9586:	06 c0       	rjmp	.+12     	; 0x9594 <dtostre+0xda>
    9588:	94 ff       	sbrs	r25, 4
    958a:	04 c0       	rjmp	.+8      	; 0x9594 <dtostre+0xda>
    958c:	9d e2       	ldi	r25, 0x2D	; 45
    958e:	91 83       	std	Z+1, r25	; 0x01
    9590:	90 e3       	ldi	r25, 0x30	; 48
    9592:	08 c0       	rjmp	.+16     	; 0x95a4 <dtostre+0xea>
    9594:	9b e2       	ldi	r25, 0x2B	; 43
    9596:	91 83       	std	Z+1, r25	; 0x01
    9598:	90 e3       	ldi	r25, 0x30	; 48
    959a:	8a 30       	cpi	r24, 0x0A	; 10
    959c:	1c f0       	brlt	.+6      	; 0x95a4 <dtostre+0xea>
    959e:	9f 5f       	subi	r25, 0xFF	; 255
    95a0:	8a 50       	subi	r24, 0x0A	; 10
    95a2:	fb cf       	rjmp	.-10     	; 0x959a <dtostre+0xe0>
    95a4:	9c 93       	st	X, r25
    95a6:	80 5d       	subi	r24, 0xD0	; 208
    95a8:	11 96       	adiw	r26, 0x01	; 1
    95aa:	8c 93       	st	X, r24
    95ac:	11 97       	sbiw	r26, 0x01	; 1
    95ae:	12 96       	adiw	r26, 0x02	; 2
    95b0:	1c 92       	st	X, r1
    95b2:	ce 01       	movw	r24, r28
    95b4:	df 91       	pop	r29
    95b6:	cf 91       	pop	r28
    95b8:	1f 91       	pop	r17
    95ba:	0f 91       	pop	r16
    95bc:	ff 90       	pop	r15
    95be:	df 90       	pop	r13
    95c0:	cf 90       	pop	r12
    95c2:	08 95       	ret

000095c4 <atof>:
    95c4:	66 27       	eor	r22, r22
    95c6:	77 27       	eor	r23, r23
    95c8:	91 c1       	rjmp	.+802    	; 0x98ec <strtod>

000095ca <atoi>:
    95ca:	fc 01       	movw	r30, r24
    95cc:	88 27       	eor	r24, r24
    95ce:	99 27       	eor	r25, r25
    95d0:	e8 94       	clt
    95d2:	21 91       	ld	r18, Z+
    95d4:	20 32       	cpi	r18, 0x20	; 32
    95d6:	e9 f3       	breq	.-6      	; 0x95d2 <atoi+0x8>
    95d8:	29 30       	cpi	r18, 0x09	; 9
    95da:	10 f0       	brcs	.+4      	; 0x95e0 <atoi+0x16>
    95dc:	2e 30       	cpi	r18, 0x0E	; 14
    95de:	c8 f3       	brcs	.-14     	; 0x95d2 <atoi+0x8>
    95e0:	2b 32       	cpi	r18, 0x2B	; 43
    95e2:	39 f0       	breq	.+14     	; 0x95f2 <atoi+0x28>
    95e4:	2d 32       	cpi	r18, 0x2D	; 45
    95e6:	31 f4       	brne	.+12     	; 0x95f4 <atoi+0x2a>
    95e8:	68 94       	set
    95ea:	03 c0       	rjmp	.+6      	; 0x95f2 <atoi+0x28>
    95ec:	3d d1       	rcall	.+634    	; 0x9868 <__mulhi_const_10>
    95ee:	82 0f       	add	r24, r18
    95f0:	91 1d       	adc	r25, r1
    95f2:	21 91       	ld	r18, Z+
    95f4:	20 53       	subi	r18, 0x30	; 48
    95f6:	2a 30       	cpi	r18, 0x0A	; 10
    95f8:	c8 f3       	brcs	.-14     	; 0x95ec <atoi+0x22>
    95fa:	1e f4       	brtc	.+6      	; 0x9602 <atoi+0x38>
    95fc:	90 95       	com	r25
    95fe:	81 95       	neg	r24
    9600:	9f 4f       	sbci	r25, 0xFF	; 255
    9602:	08 95       	ret

00009604 <atol>:
    9604:	1f 93       	push	r17
    9606:	fc 01       	movw	r30, r24
    9608:	99 27       	eor	r25, r25
    960a:	88 27       	eor	r24, r24
    960c:	bc 01       	movw	r22, r24
    960e:	e8 94       	clt
    9610:	11 91       	ld	r17, Z+
    9612:	10 32       	cpi	r17, 0x20	; 32
    9614:	e9 f3       	breq	.-6      	; 0x9610 <atol+0xc>
    9616:	19 30       	cpi	r17, 0x09	; 9
    9618:	10 f0       	brcs	.+4      	; 0x961e <atol+0x1a>
    961a:	1e 30       	cpi	r17, 0x0E	; 14
    961c:	c8 f3       	brcs	.-14     	; 0x9610 <atol+0xc>
    961e:	1b 32       	cpi	r17, 0x2B	; 43
    9620:	49 f0       	breq	.+18     	; 0x9634 <atol+0x30>
    9622:	1d 32       	cpi	r17, 0x2D	; 45
    9624:	41 f4       	brne	.+16     	; 0x9636 <atol+0x32>
    9626:	68 94       	set
    9628:	05 c0       	rjmp	.+10     	; 0x9634 <atol+0x30>
    962a:	09 d1       	rcall	.+530    	; 0x983e <__mulsi_const_10>
    962c:	61 0f       	add	r22, r17
    962e:	71 1d       	adc	r23, r1
    9630:	81 1d       	adc	r24, r1
    9632:	91 1d       	adc	r25, r1
    9634:	11 91       	ld	r17, Z+
    9636:	10 53       	subi	r17, 0x30	; 48
    9638:	1a 30       	cpi	r17, 0x0A	; 10
    963a:	b8 f3       	brcs	.-18     	; 0x962a <atol+0x26>
    963c:	3e f4       	brtc	.+14     	; 0x964c <atol+0x48>
    963e:	90 95       	com	r25
    9640:	80 95       	com	r24
    9642:	70 95       	com	r23
    9644:	61 95       	neg	r22
    9646:	7f 4f       	sbci	r23, 0xFF	; 255
    9648:	8f 4f       	sbci	r24, 0xFF	; 255
    964a:	9f 4f       	sbci	r25, 0xFF	; 255
    964c:	1f 91       	pop	r17
    964e:	08 95       	ret

00009650 <__ftoa_engine>:
    9650:	28 30       	cpi	r18, 0x08	; 8
    9652:	08 f0       	brcs	.+2      	; 0x9656 <__ftoa_engine+0x6>
    9654:	27 e0       	ldi	r18, 0x07	; 7
    9656:	33 27       	eor	r19, r19
    9658:	da 01       	movw	r26, r20
    965a:	99 0f       	add	r25, r25
    965c:	31 1d       	adc	r19, r1
    965e:	87 fd       	sbrc	r24, 7
    9660:	91 60       	ori	r25, 0x01	; 1
    9662:	00 96       	adiw	r24, 0x00	; 0
    9664:	61 05       	cpc	r22, r1
    9666:	71 05       	cpc	r23, r1
    9668:	39 f4       	brne	.+14     	; 0x9678 <__ftoa_engine+0x28>
    966a:	32 60       	ori	r19, 0x02	; 2
    966c:	2e 5f       	subi	r18, 0xFE	; 254
    966e:	3d 93       	st	X+, r19
    9670:	30 e3       	ldi	r19, 0x30	; 48
    9672:	2a 95       	dec	r18
    9674:	e1 f7       	brne	.-8      	; 0x966e <__ftoa_engine+0x1e>
    9676:	08 95       	ret
    9678:	9f 3f       	cpi	r25, 0xFF	; 255
    967a:	30 f0       	brcs	.+12     	; 0x9688 <__ftoa_engine+0x38>
    967c:	80 38       	cpi	r24, 0x80	; 128
    967e:	71 05       	cpc	r23, r1
    9680:	61 05       	cpc	r22, r1
    9682:	09 f0       	breq	.+2      	; 0x9686 <__ftoa_engine+0x36>
    9684:	3c 5f       	subi	r19, 0xFC	; 252
    9686:	3c 5f       	subi	r19, 0xFC	; 252
    9688:	3d 93       	st	X+, r19
    968a:	91 30       	cpi	r25, 0x01	; 1
    968c:	08 f0       	brcs	.+2      	; 0x9690 <__ftoa_engine+0x40>
    968e:	80 68       	ori	r24, 0x80	; 128
    9690:	91 1d       	adc	r25, r1
    9692:	df 93       	push	r29
    9694:	cf 93       	push	r28
    9696:	1f 93       	push	r17
    9698:	0f 93       	push	r16
    969a:	ff 92       	push	r15
    969c:	ef 92       	push	r14
    969e:	19 2f       	mov	r17, r25
    96a0:	98 7f       	andi	r25, 0xF8	; 248
    96a2:	96 95       	lsr	r25
    96a4:	e9 2f       	mov	r30, r25
    96a6:	96 95       	lsr	r25
    96a8:	96 95       	lsr	r25
    96aa:	e9 0f       	add	r30, r25
    96ac:	ff 27       	eor	r31, r31
    96ae:	ea 56       	subi	r30, 0x6A	; 106
    96b0:	fe 4f       	sbci	r31, 0xFE	; 254
    96b2:	99 27       	eor	r25, r25
    96b4:	33 27       	eor	r19, r19
    96b6:	ee 24       	eor	r14, r14
    96b8:	ff 24       	eor	r15, r15
    96ba:	a7 01       	movw	r20, r14
    96bc:	e7 01       	movw	r28, r14
    96be:	05 90       	lpm	r0, Z+
    96c0:	08 94       	sec
    96c2:	07 94       	ror	r0
    96c4:	28 f4       	brcc	.+10     	; 0x96d0 <__ftoa_engine+0x80>
    96c6:	36 0f       	add	r19, r22
    96c8:	e7 1e       	adc	r14, r23
    96ca:	f8 1e       	adc	r15, r24
    96cc:	49 1f       	adc	r20, r25
    96ce:	51 1d       	adc	r21, r1
    96d0:	66 0f       	add	r22, r22
    96d2:	77 1f       	adc	r23, r23
    96d4:	88 1f       	adc	r24, r24
    96d6:	99 1f       	adc	r25, r25
    96d8:	06 94       	lsr	r0
    96da:	a1 f7       	brne	.-24     	; 0x96c4 <__ftoa_engine+0x74>
    96dc:	05 90       	lpm	r0, Z+
    96de:	07 94       	ror	r0
    96e0:	28 f4       	brcc	.+10     	; 0x96ec <__ftoa_engine+0x9c>
    96e2:	e7 0e       	add	r14, r23
    96e4:	f8 1e       	adc	r15, r24
    96e6:	49 1f       	adc	r20, r25
    96e8:	56 1f       	adc	r21, r22
    96ea:	c1 1d       	adc	r28, r1
    96ec:	77 0f       	add	r23, r23
    96ee:	88 1f       	adc	r24, r24
    96f0:	99 1f       	adc	r25, r25
    96f2:	66 1f       	adc	r22, r22
    96f4:	06 94       	lsr	r0
    96f6:	a1 f7       	brne	.-24     	; 0x96e0 <__ftoa_engine+0x90>
    96f8:	05 90       	lpm	r0, Z+
    96fa:	07 94       	ror	r0
    96fc:	28 f4       	brcc	.+10     	; 0x9708 <__ftoa_engine+0xb8>
    96fe:	f8 0e       	add	r15, r24
    9700:	49 1f       	adc	r20, r25
    9702:	56 1f       	adc	r21, r22
    9704:	c7 1f       	adc	r28, r23
    9706:	d1 1d       	adc	r29, r1
    9708:	88 0f       	add	r24, r24
    970a:	99 1f       	adc	r25, r25
    970c:	66 1f       	adc	r22, r22
    970e:	77 1f       	adc	r23, r23
    9710:	06 94       	lsr	r0
    9712:	a1 f7       	brne	.-24     	; 0x96fc <__ftoa_engine+0xac>
    9714:	05 90       	lpm	r0, Z+
    9716:	07 94       	ror	r0
    9718:	20 f4       	brcc	.+8      	; 0x9722 <__ftoa_engine+0xd2>
    971a:	49 0f       	add	r20, r25
    971c:	56 1f       	adc	r21, r22
    971e:	c7 1f       	adc	r28, r23
    9720:	d8 1f       	adc	r29, r24
    9722:	99 0f       	add	r25, r25
    9724:	66 1f       	adc	r22, r22
    9726:	77 1f       	adc	r23, r23
    9728:	88 1f       	adc	r24, r24
    972a:	06 94       	lsr	r0
    972c:	a9 f7       	brne	.-22     	; 0x9718 <__ftoa_engine+0xc8>
    972e:	84 91       	lpm	r24, Z
    9730:	10 95       	com	r17
    9732:	17 70       	andi	r17, 0x07	; 7
    9734:	41 f0       	breq	.+16     	; 0x9746 <__ftoa_engine+0xf6>
    9736:	d6 95       	lsr	r29
    9738:	c7 95       	ror	r28
    973a:	57 95       	ror	r21
    973c:	47 95       	ror	r20
    973e:	f7 94       	ror	r15
    9740:	e7 94       	ror	r14
    9742:	1a 95       	dec	r17
    9744:	c1 f7       	brne	.-16     	; 0x9736 <__ftoa_engine+0xe6>
    9746:	ec e3       	ldi	r30, 0x3C	; 60
    9748:	f1 e0       	ldi	r31, 0x01	; 1
    974a:	68 94       	set
    974c:	15 90       	lpm	r1, Z+
    974e:	15 91       	lpm	r17, Z+
    9750:	35 91       	lpm	r19, Z+
    9752:	65 91       	lpm	r22, Z+
    9754:	95 91       	lpm	r25, Z+
    9756:	05 90       	lpm	r0, Z+
    9758:	7f e2       	ldi	r23, 0x2F	; 47
    975a:	73 95       	inc	r23
    975c:	e1 18       	sub	r14, r1
    975e:	f1 0a       	sbc	r15, r17
    9760:	43 0b       	sbc	r20, r19
    9762:	56 0b       	sbc	r21, r22
    9764:	c9 0b       	sbc	r28, r25
    9766:	d0 09       	sbc	r29, r0
    9768:	c0 f7       	brcc	.-16     	; 0x975a <__ftoa_engine+0x10a>
    976a:	e1 0c       	add	r14, r1
    976c:	f1 1e       	adc	r15, r17
    976e:	43 1f       	adc	r20, r19
    9770:	56 1f       	adc	r21, r22
    9772:	c9 1f       	adc	r28, r25
    9774:	d0 1d       	adc	r29, r0
    9776:	7e f4       	brtc	.+30     	; 0x9796 <__ftoa_engine+0x146>
    9778:	70 33       	cpi	r23, 0x30	; 48
    977a:	11 f4       	brne	.+4      	; 0x9780 <__ftoa_engine+0x130>
    977c:	8a 95       	dec	r24
    977e:	e6 cf       	rjmp	.-52     	; 0x974c <__ftoa_engine+0xfc>
    9780:	e8 94       	clt
    9782:	01 50       	subi	r16, 0x01	; 1
    9784:	30 f0       	brcs	.+12     	; 0x9792 <__ftoa_engine+0x142>
    9786:	08 0f       	add	r16, r24
    9788:	0a f4       	brpl	.+2      	; 0x978c <__ftoa_engine+0x13c>
    978a:	00 27       	eor	r16, r16
    978c:	02 17       	cp	r16, r18
    978e:	08 f4       	brcc	.+2      	; 0x9792 <__ftoa_engine+0x142>
    9790:	20 2f       	mov	r18, r16
    9792:	23 95       	inc	r18
    9794:	02 2f       	mov	r16, r18
    9796:	7a 33       	cpi	r23, 0x3A	; 58
    9798:	28 f0       	brcs	.+10     	; 0x97a4 <__ftoa_engine+0x154>
    979a:	79 e3       	ldi	r23, 0x39	; 57
    979c:	7d 93       	st	X+, r23
    979e:	2a 95       	dec	r18
    97a0:	e9 f7       	brne	.-6      	; 0x979c <__ftoa_engine+0x14c>
    97a2:	10 c0       	rjmp	.+32     	; 0x97c4 <__ftoa_engine+0x174>
    97a4:	7d 93       	st	X+, r23
    97a6:	2a 95       	dec	r18
    97a8:	89 f6       	brne	.-94     	; 0x974c <__ftoa_engine+0xfc>
    97aa:	06 94       	lsr	r0
    97ac:	97 95       	ror	r25
    97ae:	67 95       	ror	r22
    97b0:	37 95       	ror	r19
    97b2:	17 95       	ror	r17
    97b4:	17 94       	ror	r1
    97b6:	e1 18       	sub	r14, r1
    97b8:	f1 0a       	sbc	r15, r17
    97ba:	43 0b       	sbc	r20, r19
    97bc:	56 0b       	sbc	r21, r22
    97be:	c9 0b       	sbc	r28, r25
    97c0:	d0 09       	sbc	r29, r0
    97c2:	98 f0       	brcs	.+38     	; 0x97ea <__ftoa_engine+0x19a>
    97c4:	23 95       	inc	r18
    97c6:	7e 91       	ld	r23, -X
    97c8:	73 95       	inc	r23
    97ca:	7a 33       	cpi	r23, 0x3A	; 58
    97cc:	08 f0       	brcs	.+2      	; 0x97d0 <__ftoa_engine+0x180>
    97ce:	70 e3       	ldi	r23, 0x30	; 48
    97d0:	7c 93       	st	X, r23
    97d2:	20 13       	cpse	r18, r16
    97d4:	b8 f7       	brcc	.-18     	; 0x97c4 <__ftoa_engine+0x174>
    97d6:	7e 91       	ld	r23, -X
    97d8:	70 61       	ori	r23, 0x10	; 16
    97da:	7d 93       	st	X+, r23
    97dc:	30 f0       	brcs	.+12     	; 0x97ea <__ftoa_engine+0x19a>
    97de:	83 95       	inc	r24
    97e0:	71 e3       	ldi	r23, 0x31	; 49
    97e2:	7d 93       	st	X+, r23
    97e4:	70 e3       	ldi	r23, 0x30	; 48
    97e6:	2a 95       	dec	r18
    97e8:	e1 f7       	brne	.-8      	; 0x97e2 <__ftoa_engine+0x192>
    97ea:	11 24       	eor	r1, r1
    97ec:	ef 90       	pop	r14
    97ee:	ff 90       	pop	r15
    97f0:	0f 91       	pop	r16
    97f2:	1f 91       	pop	r17
    97f4:	cf 91       	pop	r28
    97f6:	df 91       	pop	r29
    97f8:	99 27       	eor	r25, r25
    97fa:	87 fd       	sbrc	r24, 7
    97fc:	90 95       	com	r25
    97fe:	08 95       	ret

00009800 <strcpy_P>:
    9800:	fb 01       	movw	r30, r22
    9802:	dc 01       	movw	r26, r24
    9804:	05 90       	lpm	r0, Z+
    9806:	0d 92       	st	X+, r0
    9808:	00 20       	and	r0, r0
    980a:	e1 f7       	brne	.-8      	; 0x9804 <strcpy_P+0x4>
    980c:	08 95       	ret

0000980e <__itoa_ncheck>:
    980e:	bb 27       	eor	r27, r27
    9810:	4a 30       	cpi	r20, 0x0A	; 10
    9812:	31 f4       	brne	.+12     	; 0x9820 <__itoa_ncheck+0x12>
    9814:	99 23       	and	r25, r25
    9816:	22 f4       	brpl	.+8      	; 0x9820 <__itoa_ncheck+0x12>
    9818:	bd e2       	ldi	r27, 0x2D	; 45
    981a:	90 95       	com	r25
    981c:	81 95       	neg	r24
    981e:	9f 4f       	sbci	r25, 0xFF	; 255
    9820:	4d c0       	rjmp	.+154    	; 0x98bc <__utoa_common>

00009822 <__ltoa_ncheck>:
    9822:	bb 27       	eor	r27, r27
    9824:	2a 30       	cpi	r18, 0x0A	; 10
    9826:	51 f4       	brne	.+20     	; 0x983c <__ltoa_ncheck+0x1a>
    9828:	99 23       	and	r25, r25
    982a:	42 f4       	brpl	.+16     	; 0x983c <__ltoa_ncheck+0x1a>
    982c:	bd e2       	ldi	r27, 0x2D	; 45
    982e:	90 95       	com	r25
    9830:	80 95       	com	r24
    9832:	70 95       	com	r23
    9834:	61 95       	neg	r22
    9836:	7f 4f       	sbci	r23, 0xFF	; 255
    9838:	8f 4f       	sbci	r24, 0xFF	; 255
    983a:	9f 4f       	sbci	r25, 0xFF	; 255
    983c:	1e c0       	rjmp	.+60     	; 0x987a <__ultoa_common>

0000983e <__mulsi_const_10>:
    983e:	59 2f       	mov	r21, r25
    9840:	48 2f       	mov	r20, r24
    9842:	37 2f       	mov	r19, r23
    9844:	26 2f       	mov	r18, r22
    9846:	66 0f       	add	r22, r22
    9848:	77 1f       	adc	r23, r23
    984a:	88 1f       	adc	r24, r24
    984c:	99 1f       	adc	r25, r25
    984e:	66 0f       	add	r22, r22
    9850:	77 1f       	adc	r23, r23
    9852:	88 1f       	adc	r24, r24
    9854:	99 1f       	adc	r25, r25
    9856:	62 0f       	add	r22, r18
    9858:	73 1f       	adc	r23, r19
    985a:	84 1f       	adc	r24, r20
    985c:	95 1f       	adc	r25, r21
    985e:	66 0f       	add	r22, r22
    9860:	77 1f       	adc	r23, r23
    9862:	88 1f       	adc	r24, r24
    9864:	99 1f       	adc	r25, r25
    9866:	08 95       	ret

00009868 <__mulhi_const_10>:
    9868:	7a e0       	ldi	r23, 0x0A	; 10
    986a:	97 9f       	mul	r25, r23
    986c:	90 2d       	mov	r25, r0
    986e:	87 9f       	mul	r24, r23
    9870:	80 2d       	mov	r24, r0
    9872:	91 0d       	add	r25, r1
    9874:	11 24       	eor	r1, r1
    9876:	08 95       	ret

00009878 <__ultoa_ncheck>:
    9878:	bb 27       	eor	r27, r27

0000987a <__ultoa_common>:
    987a:	fa 01       	movw	r30, r20
    987c:	a6 2f       	mov	r26, r22
    987e:	62 17       	cp	r22, r18
    9880:	71 05       	cpc	r23, r1
    9882:	81 05       	cpc	r24, r1
    9884:	91 05       	cpc	r25, r1
    9886:	33 0b       	sbc	r19, r19
    9888:	30 fb       	bst	r19, 0
    988a:	66 f0       	brts	.+24     	; 0x98a4 <__ultoa_common+0x2a>
    988c:	aa 27       	eor	r26, r26
    988e:	66 0f       	add	r22, r22
    9890:	77 1f       	adc	r23, r23
    9892:	88 1f       	adc	r24, r24
    9894:	99 1f       	adc	r25, r25
    9896:	aa 1f       	adc	r26, r26
    9898:	a2 17       	cp	r26, r18
    989a:	10 f0       	brcs	.+4      	; 0x98a0 <__ultoa_common+0x26>
    989c:	a2 1b       	sub	r26, r18
    989e:	63 95       	inc	r22
    98a0:	38 50       	subi	r19, 0x08	; 8
    98a2:	a9 f7       	brne	.-22     	; 0x988e <__ultoa_common+0x14>
    98a4:	a0 5d       	subi	r26, 0xD0	; 208
    98a6:	aa 33       	cpi	r26, 0x3A	; 58
    98a8:	08 f0       	brcs	.+2      	; 0x98ac <__ultoa_common+0x32>
    98aa:	a9 5d       	subi	r26, 0xD9	; 217
    98ac:	a1 93       	st	Z+, r26
    98ae:	36 f7       	brtc	.-52     	; 0x987c <__ultoa_common+0x2>
    98b0:	b1 11       	cpse	r27, r1
    98b2:	b1 93       	st	Z+, r27
    98b4:	10 82       	st	Z, r1
    98b6:	ca 01       	movw	r24, r20
    98b8:	8c c1       	rjmp	.+792    	; 0x9bd2 <strrev>

000098ba <__utoa_ncheck>:
    98ba:	bb 27       	eor	r27, r27

000098bc <__utoa_common>:
    98bc:	fb 01       	movw	r30, r22
    98be:	55 27       	eor	r21, r21
    98c0:	aa 27       	eor	r26, r26
    98c2:	88 0f       	add	r24, r24
    98c4:	99 1f       	adc	r25, r25
    98c6:	aa 1f       	adc	r26, r26
    98c8:	a4 17       	cp	r26, r20
    98ca:	10 f0       	brcs	.+4      	; 0x98d0 <__utoa_common+0x14>
    98cc:	a4 1b       	sub	r26, r20
    98ce:	83 95       	inc	r24
    98d0:	50 51       	subi	r21, 0x10	; 16
    98d2:	b9 f7       	brne	.-18     	; 0x98c2 <__utoa_common+0x6>
    98d4:	a0 5d       	subi	r26, 0xD0	; 208
    98d6:	aa 33       	cpi	r26, 0x3A	; 58
    98d8:	08 f0       	brcs	.+2      	; 0x98dc <__utoa_common+0x20>
    98da:	a9 5d       	subi	r26, 0xD9	; 217
    98dc:	a1 93       	st	Z+, r26
    98de:	00 97       	sbiw	r24, 0x00	; 0
    98e0:	79 f7       	brne	.-34     	; 0x98c0 <__utoa_common+0x4>
    98e2:	b1 11       	cpse	r27, r1
    98e4:	b1 93       	st	Z+, r27
    98e6:	11 92       	st	Z+, r1
    98e8:	cb 01       	movw	r24, r22
    98ea:	73 c1       	rjmp	.+742    	; 0x9bd2 <strrev>

000098ec <strtod>:
    98ec:	8f 92       	push	r8
    98ee:	9f 92       	push	r9
    98f0:	af 92       	push	r10
    98f2:	bf 92       	push	r11
    98f4:	cf 92       	push	r12
    98f6:	df 92       	push	r13
    98f8:	ef 92       	push	r14
    98fa:	ff 92       	push	r15
    98fc:	0f 93       	push	r16
    98fe:	1f 93       	push	r17
    9900:	cf 93       	push	r28
    9902:	df 93       	push	r29
    9904:	ec 01       	movw	r28, r24
    9906:	6b 01       	movw	r12, r22
    9908:	61 15       	cp	r22, r1
    990a:	71 05       	cpc	r23, r1
    990c:	19 f0       	breq	.+6      	; 0x9914 <strtod+0x28>
    990e:	fb 01       	movw	r30, r22
    9910:	91 83       	std	Z+1, r25	; 0x01
    9912:	80 83       	st	Z, r24
    9914:	7e 01       	movw	r14, r28
    9916:	ff ef       	ldi	r31, 0xFF	; 255
    9918:	ef 1a       	sub	r14, r31
    991a:	ff 0a       	sbc	r15, r31
    991c:	08 81       	ld	r16, Y
    991e:	80 2f       	mov	r24, r16
    9920:	90 e0       	ldi	r25, 0x00	; 0
    9922:	37 d1       	rcall	.+622    	; 0x9b92 <isspace>
    9924:	89 2b       	or	r24, r25
    9926:	11 f0       	breq	.+4      	; 0x992c <strtod+0x40>
    9928:	e7 01       	movw	r28, r14
    992a:	f4 cf       	rjmp	.-24     	; 0x9914 <strtod+0x28>
    992c:	0d 32       	cpi	r16, 0x2D	; 45
    992e:	39 f4       	brne	.+14     	; 0x993e <strtod+0x52>
    9930:	7e 01       	movw	r14, r28
    9932:	82 e0       	ldi	r24, 0x02	; 2
    9934:	e8 0e       	add	r14, r24
    9936:	f1 1c       	adc	r15, r1
    9938:	09 81       	ldd	r16, Y+1	; 0x01
    993a:	11 e0       	ldi	r17, 0x01	; 1
    993c:	08 c0       	rjmp	.+16     	; 0x994e <strtod+0x62>
    993e:	0b 32       	cpi	r16, 0x2B	; 43
    9940:	29 f4       	brne	.+10     	; 0x994c <strtod+0x60>
    9942:	7e 01       	movw	r14, r28
    9944:	92 e0       	ldi	r25, 0x02	; 2
    9946:	e9 0e       	add	r14, r25
    9948:	f1 1c       	adc	r15, r1
    994a:	09 81       	ldd	r16, Y+1	; 0x01
    994c:	10 e0       	ldi	r17, 0x00	; 0
    994e:	e7 01       	movw	r28, r14
    9950:	21 97       	sbiw	r28, 0x01	; 1
    9952:	43 e0       	ldi	r20, 0x03	; 3
    9954:	50 e0       	ldi	r21, 0x00	; 0
    9956:	6e e3       	ldi	r22, 0x3E	; 62
    9958:	72 e0       	ldi	r23, 0x02	; 2
    995a:	ce 01       	movw	r24, r28
    995c:	22 d1       	rcall	.+580    	; 0x9ba2 <strncasecmp_P>
    995e:	89 2b       	or	r24, r25
    9960:	b9 f4       	brne	.+46     	; 0x9990 <strtod+0xa4>
    9962:	23 96       	adiw	r28, 0x03	; 3
    9964:	45 e0       	ldi	r20, 0x05	; 5
    9966:	50 e0       	ldi	r21, 0x00	; 0
    9968:	69 e3       	ldi	r22, 0x39	; 57
    996a:	72 e0       	ldi	r23, 0x02	; 2
    996c:	ce 01       	movw	r24, r28
    996e:	19 d1       	rcall	.+562    	; 0x9ba2 <strncasecmp_P>
    9970:	89 2b       	or	r24, r25
    9972:	09 f4       	brne	.+2      	; 0x9976 <strtod+0x8a>
    9974:	25 96       	adiw	r28, 0x05	; 5
    9976:	c1 14       	cp	r12, r1
    9978:	d1 04       	cpc	r13, r1
    997a:	19 f0       	breq	.+6      	; 0x9982 <strtod+0x96>
    997c:	f6 01       	movw	r30, r12
    997e:	d1 83       	std	Z+1, r29	; 0x01
    9980:	c0 83       	st	Z, r28
    9982:	11 11       	cpse	r17, r1
    9984:	f0 c0       	rjmp	.+480    	; 0x9b66 <strtod+0x27a>
    9986:	60 e0       	ldi	r22, 0x00	; 0
    9988:	70 e0       	ldi	r23, 0x00	; 0
    998a:	80 e8       	ldi	r24, 0x80	; 128
    998c:	9f e7       	ldi	r25, 0x7F	; 127
    998e:	f4 c0       	rjmp	.+488    	; 0x9b78 <strtod+0x28c>
    9990:	43 e0       	ldi	r20, 0x03	; 3
    9992:	50 e0       	ldi	r21, 0x00	; 0
    9994:	66 e3       	ldi	r22, 0x36	; 54
    9996:	72 e0       	ldi	r23, 0x02	; 2
    9998:	ce 01       	movw	r24, r28
    999a:	03 d1       	rcall	.+518    	; 0x9ba2 <strncasecmp_P>
    999c:	89 2b       	or	r24, r25
    999e:	59 f4       	brne	.+22     	; 0x99b6 <strtod+0xca>
    99a0:	c1 14       	cp	r12, r1
    99a2:	d1 04       	cpc	r13, r1
    99a4:	09 f4       	brne	.+2      	; 0x99a8 <strtod+0xbc>
    99a6:	e4 c0       	rjmp	.+456    	; 0x9b70 <strtod+0x284>
    99a8:	f2 e0       	ldi	r31, 0x02	; 2
    99aa:	ef 0e       	add	r14, r31
    99ac:	f1 1c       	adc	r15, r1
    99ae:	f6 01       	movw	r30, r12
    99b0:	f1 82       	std	Z+1, r15	; 0x01
    99b2:	e0 82       	st	Z, r14
    99b4:	dd c0       	rjmp	.+442    	; 0x9b70 <strtod+0x284>
    99b6:	20 e0       	ldi	r18, 0x00	; 0
    99b8:	30 e0       	ldi	r19, 0x00	; 0
    99ba:	a9 01       	movw	r20, r18
    99bc:	c0 e0       	ldi	r28, 0x00	; 0
    99be:	d0 e0       	ldi	r29, 0x00	; 0
    99c0:	f7 01       	movw	r30, r14
    99c2:	60 ed       	ldi	r22, 0xD0	; 208
    99c4:	a6 2e       	mov	r10, r22
    99c6:	a0 0e       	add	r10, r16
    99c8:	89 e0       	ldi	r24, 0x09	; 9
    99ca:	8a 15       	cp	r24, r10
    99cc:	28 f1       	brcs	.+74     	; 0x9a18 <strtod+0x12c>
    99ce:	91 2f       	mov	r25, r17
    99d0:	92 60       	ori	r25, 0x02	; 2
    99d2:	b9 2e       	mov	r11, r25
    99d4:	81 2f       	mov	r24, r17
    99d6:	88 70       	andi	r24, 0x08	; 8
    99d8:	12 ff       	sbrs	r17, 2
    99da:	04 c0       	rjmp	.+8      	; 0x99e4 <strtod+0xf8>
    99dc:	81 11       	cpse	r24, r1
    99de:	23 c0       	rjmp	.+70     	; 0x9a26 <strtod+0x13a>
    99e0:	21 96       	adiw	r28, 0x01	; 1
    99e2:	21 c0       	rjmp	.+66     	; 0x9a26 <strtod+0x13a>
    99e4:	81 11       	cpse	r24, r1
    99e6:	21 97       	sbiw	r28, 0x01	; 1
    99e8:	a5 e0       	ldi	r26, 0x05	; 5
    99ea:	b0 e0       	ldi	r27, 0x00	; 0
    99ec:	34 d1       	rcall	.+616    	; 0x9c56 <__muluhisi3>
    99ee:	dc 01       	movw	r26, r24
    99f0:	cb 01       	movw	r24, r22
    99f2:	88 0f       	add	r24, r24
    99f4:	99 1f       	adc	r25, r25
    99f6:	aa 1f       	adc	r26, r26
    99f8:	bb 1f       	adc	r27, r27
    99fa:	9c 01       	movw	r18, r24
    99fc:	ad 01       	movw	r20, r26
    99fe:	2a 0d       	add	r18, r10
    9a00:	31 1d       	adc	r19, r1
    9a02:	41 1d       	adc	r20, r1
    9a04:	51 1d       	adc	r21, r1
    9a06:	28 39       	cpi	r18, 0x98	; 152
    9a08:	89 e9       	ldi	r24, 0x99	; 153
    9a0a:	38 07       	cpc	r19, r24
    9a0c:	48 07       	cpc	r20, r24
    9a0e:	89 e1       	ldi	r24, 0x19	; 25
    9a10:	58 07       	cpc	r21, r24
    9a12:	48 f0       	brcs	.+18     	; 0x9a26 <strtod+0x13a>
    9a14:	16 60       	ori	r17, 0x06	; 6
    9a16:	06 c0       	rjmp	.+12     	; 0x9a24 <strtod+0x138>
    9a18:	9e ef       	ldi	r25, 0xFE	; 254
    9a1a:	a9 12       	cpse	r10, r25
    9a1c:	0a c0       	rjmp	.+20     	; 0x9a32 <strtod+0x146>
    9a1e:	13 fd       	sbrc	r17, 3
    9a20:	40 c0       	rjmp	.+128    	; 0x9aa2 <strtod+0x1b6>
    9a22:	18 60       	ori	r17, 0x08	; 8
    9a24:	b1 2e       	mov	r11, r17
    9a26:	8f ef       	ldi	r24, 0xFF	; 255
    9a28:	e8 1a       	sub	r14, r24
    9a2a:	f8 0a       	sbc	r15, r24
    9a2c:	00 81       	ld	r16, Z
    9a2e:	1b 2d       	mov	r17, r11
    9a30:	c7 cf       	rjmp	.-114    	; 0x99c0 <strtod+0xd4>
    9a32:	80 2f       	mov	r24, r16
    9a34:	8f 7d       	andi	r24, 0xDF	; 223
    9a36:	85 34       	cpi	r24, 0x45	; 69
    9a38:	a1 f5       	brne	.+104    	; 0x9aa2 <strtod+0x1b6>
    9a3a:	80 81       	ld	r24, Z
    9a3c:	8d 32       	cpi	r24, 0x2D	; 45
    9a3e:	11 f4       	brne	.+4      	; 0x9a44 <strtod+0x158>
    9a40:	10 61       	ori	r17, 0x10	; 16
    9a42:	06 c0       	rjmp	.+12     	; 0x9a50 <strtod+0x164>
    9a44:	8b 32       	cpi	r24, 0x2B	; 43
    9a46:	21 f0       	breq	.+8      	; 0x9a50 <strtod+0x164>
    9a48:	31 96       	adiw	r30, 0x01	; 1
    9a4a:	61 e0       	ldi	r22, 0x01	; 1
    9a4c:	70 e0       	ldi	r23, 0x00	; 0
    9a4e:	04 c0       	rjmp	.+8      	; 0x9a58 <strtod+0x16c>
    9a50:	81 81       	ldd	r24, Z+1	; 0x01
    9a52:	32 96       	adiw	r30, 0x02	; 2
    9a54:	62 e0       	ldi	r22, 0x02	; 2
    9a56:	70 e0       	ldi	r23, 0x00	; 0
    9a58:	80 53       	subi	r24, 0x30	; 48
    9a5a:	8a 30       	cpi	r24, 0x0A	; 10
    9a5c:	18 f0       	brcs	.+6      	; 0x9a64 <strtod+0x178>
    9a5e:	e6 1b       	sub	r30, r22
    9a60:	f7 0b       	sbc	r31, r23
    9a62:	1f c0       	rjmp	.+62     	; 0x9aa2 <strtod+0x1b6>
    9a64:	60 e0       	ldi	r22, 0x00	; 0
    9a66:	70 e0       	ldi	r23, 0x00	; 0
    9a68:	60 38       	cpi	r22, 0x80	; 128
    9a6a:	9c e0       	ldi	r25, 0x0C	; 12
    9a6c:	79 07       	cpc	r23, r25
    9a6e:	5c f4       	brge	.+22     	; 0x9a86 <strtod+0x19a>
    9a70:	db 01       	movw	r26, r22
    9a72:	aa 0f       	add	r26, r26
    9a74:	bb 1f       	adc	r27, r27
    9a76:	aa 0f       	add	r26, r26
    9a78:	bb 1f       	adc	r27, r27
    9a7a:	6a 0f       	add	r22, r26
    9a7c:	7b 1f       	adc	r23, r27
    9a7e:	66 0f       	add	r22, r22
    9a80:	77 1f       	adc	r23, r23
    9a82:	68 0f       	add	r22, r24
    9a84:	71 1d       	adc	r23, r1
    9a86:	31 96       	adiw	r30, 0x01	; 1
    9a88:	df 01       	movw	r26, r30
    9a8a:	11 97       	sbiw	r26, 0x01	; 1
    9a8c:	8c 91       	ld	r24, X
    9a8e:	80 53       	subi	r24, 0x30	; 48
    9a90:	8a 30       	cpi	r24, 0x0A	; 10
    9a92:	50 f3       	brcs	.-44     	; 0x9a68 <strtod+0x17c>
    9a94:	14 ff       	sbrs	r17, 4
    9a96:	03 c0       	rjmp	.+6      	; 0x9a9e <strtod+0x1b2>
    9a98:	71 95       	neg	r23
    9a9a:	61 95       	neg	r22
    9a9c:	71 09       	sbc	r23, r1
    9a9e:	c6 0f       	add	r28, r22
    9aa0:	d7 1f       	adc	r29, r23
    9aa2:	11 ff       	sbrs	r17, 1
    9aa4:	08 c0       	rjmp	.+16     	; 0x9ab6 <strtod+0x1ca>
    9aa6:	c1 14       	cp	r12, r1
    9aa8:	d1 04       	cpc	r13, r1
    9aaa:	29 f0       	breq	.+10     	; 0x9ab6 <strtod+0x1ca>
    9aac:	cf 01       	movw	r24, r30
    9aae:	01 97       	sbiw	r24, 0x01	; 1
    9ab0:	f6 01       	movw	r30, r12
    9ab2:	91 83       	std	Z+1, r25	; 0x01
    9ab4:	80 83       	st	Z, r24
    9ab6:	ca 01       	movw	r24, r20
    9ab8:	b9 01       	movw	r22, r18
    9aba:	73 da       	rcall	.-2842   	; 0x8fa2 <__floatunsisf>
    9abc:	21 2f       	mov	r18, r17
    9abe:	23 70       	andi	r18, 0x03	; 3
    9ac0:	23 30       	cpi	r18, 0x03	; 3
    9ac2:	19 f0       	breq	.+6      	; 0x9aca <strtod+0x1de>
    9ac4:	4b 01       	movw	r8, r22
    9ac6:	5c 01       	movw	r10, r24
    9ac8:	06 c0       	rjmp	.+12     	; 0x9ad6 <strtod+0x1ea>
    9aca:	4b 01       	movw	r8, r22
    9acc:	5c 01       	movw	r10, r24
    9ace:	b7 fa       	bst	r11, 7
    9ad0:	b0 94       	com	r11
    9ad2:	b7 f8       	bld	r11, 7
    9ad4:	b0 94       	com	r11
    9ad6:	20 e0       	ldi	r18, 0x00	; 0
    9ad8:	30 e0       	ldi	r19, 0x00	; 0
    9ada:	a9 01       	movw	r20, r18
    9adc:	c5 01       	movw	r24, r10
    9ade:	b4 01       	movw	r22, r8
    9ae0:	92 d9       	rcall	.-3292   	; 0x8e06 <__cmpsf2>
    9ae2:	88 23       	and	r24, r24
    9ae4:	09 f4       	brne	.+2      	; 0x9ae8 <strtod+0x1fc>
    9ae6:	3c c0       	rjmp	.+120    	; 0x9b60 <strtod+0x274>
    9ae8:	d7 ff       	sbrs	r29, 7
    9aea:	06 c0       	rjmp	.+12     	; 0x9af8 <strtod+0x20c>
    9aec:	d1 95       	neg	r29
    9aee:	c1 95       	neg	r28
    9af0:	d1 09       	sbc	r29, r1
    9af2:	05 e5       	ldi	r16, 0x55	; 85
    9af4:	12 e0       	ldi	r17, 0x02	; 2
    9af6:	02 c0       	rjmp	.+4      	; 0x9afc <strtod+0x210>
    9af8:	0d e6       	ldi	r16, 0x6D	; 109
    9afa:	12 e0       	ldi	r17, 0x02	; 2
    9afc:	68 01       	movw	r12, r16
    9afe:	f8 e1       	ldi	r31, 0x18	; 24
    9b00:	cf 1a       	sub	r12, r31
    9b02:	d1 08       	sbc	r13, r1
    9b04:	90 e2       	ldi	r25, 0x20	; 32
    9b06:	e9 2e       	mov	r14, r25
    9b08:	f1 2c       	mov	r15, r1
    9b0a:	ce 15       	cp	r28, r14
    9b0c:	df 05       	cpc	r29, r15
    9b0e:	6c f0       	brlt	.+26     	; 0x9b2a <strtod+0x23e>
    9b10:	f8 01       	movw	r30, r16
    9b12:	25 91       	lpm	r18, Z+
    9b14:	35 91       	lpm	r19, Z+
    9b16:	45 91       	lpm	r20, Z+
    9b18:	54 91       	lpm	r21, Z
    9b1a:	c5 01       	movw	r24, r10
    9b1c:	b4 01       	movw	r22, r8
    9b1e:	d1 db       	rcall	.-2142   	; 0x92c2 <__mulsf3>
    9b20:	4b 01       	movw	r8, r22
    9b22:	5c 01       	movw	r10, r24
    9b24:	ce 19       	sub	r28, r14
    9b26:	df 09       	sbc	r29, r15
    9b28:	f0 cf       	rjmp	.-32     	; 0x9b0a <strtod+0x21e>
    9b2a:	04 50       	subi	r16, 0x04	; 4
    9b2c:	11 09       	sbc	r17, r1
    9b2e:	f5 94       	asr	r15
    9b30:	e7 94       	ror	r14
    9b32:	0c 15       	cp	r16, r12
    9b34:	1d 05       	cpc	r17, r13
    9b36:	49 f7       	brne	.-46     	; 0x9b0a <strtod+0x21e>
    9b38:	8a 2d       	mov	r24, r10
    9b3a:	88 0f       	add	r24, r24
    9b3c:	8b 2d       	mov	r24, r11
    9b3e:	88 1f       	adc	r24, r24
    9b40:	8f 3f       	cpi	r24, 0xFF	; 255
    9b42:	41 f0       	breq	.+16     	; 0x9b54 <strtod+0x268>
    9b44:	20 e0       	ldi	r18, 0x00	; 0
    9b46:	30 e0       	ldi	r19, 0x00	; 0
    9b48:	a9 01       	movw	r20, r18
    9b4a:	c5 01       	movw	r24, r10
    9b4c:	b4 01       	movw	r22, r8
    9b4e:	5b d9       	rcall	.-3402   	; 0x8e06 <__cmpsf2>
    9b50:	81 11       	cpse	r24, r1
    9b52:	06 c0       	rjmp	.+12     	; 0x9b60 <strtod+0x274>
    9b54:	82 e2       	ldi	r24, 0x22	; 34
    9b56:	90 e0       	ldi	r25, 0x00	; 0
    9b58:	90 93 8b 15 	sts	0x158B, r25	; 0x80158b <errno+0x1>
    9b5c:	80 93 8a 15 	sts	0x158A, r24	; 0x80158a <errno>
    9b60:	c5 01       	movw	r24, r10
    9b62:	b4 01       	movw	r22, r8
    9b64:	09 c0       	rjmp	.+18     	; 0x9b78 <strtod+0x28c>
    9b66:	60 e0       	ldi	r22, 0x00	; 0
    9b68:	70 e0       	ldi	r23, 0x00	; 0
    9b6a:	80 e8       	ldi	r24, 0x80	; 128
    9b6c:	9f ef       	ldi	r25, 0xFF	; 255
    9b6e:	04 c0       	rjmp	.+8      	; 0x9b78 <strtod+0x28c>
    9b70:	60 e0       	ldi	r22, 0x00	; 0
    9b72:	70 e0       	ldi	r23, 0x00	; 0
    9b74:	80 ec       	ldi	r24, 0xC0	; 192
    9b76:	9f e7       	ldi	r25, 0x7F	; 127
    9b78:	df 91       	pop	r29
    9b7a:	cf 91       	pop	r28
    9b7c:	1f 91       	pop	r17
    9b7e:	0f 91       	pop	r16
    9b80:	ff 90       	pop	r15
    9b82:	ef 90       	pop	r14
    9b84:	df 90       	pop	r13
    9b86:	cf 90       	pop	r12
    9b88:	bf 90       	pop	r11
    9b8a:	af 90       	pop	r10
    9b8c:	9f 90       	pop	r9
    9b8e:	8f 90       	pop	r8
    9b90:	08 95       	ret

00009b92 <isspace>:
    9b92:	91 11       	cpse	r25, r1
    9b94:	2e c0       	rjmp	.+92     	; 0x9bf2 <__ctype_isfalse>
    9b96:	80 32       	cpi	r24, 0x20	; 32
    9b98:	19 f0       	breq	.+6      	; 0x9ba0 <isspace+0xe>
    9b9a:	89 50       	subi	r24, 0x09	; 9
    9b9c:	85 50       	subi	r24, 0x05	; 5
    9b9e:	d0 f7       	brcc	.-12     	; 0x9b94 <isspace+0x2>
    9ba0:	08 95       	ret

00009ba2 <strncasecmp_P>:
    9ba2:	fb 01       	movw	r30, r22
    9ba4:	dc 01       	movw	r26, r24
    9ba6:	41 50       	subi	r20, 0x01	; 1
    9ba8:	50 40       	sbci	r21, 0x00	; 0
    9baa:	88 f0       	brcs	.+34     	; 0x9bce <strncasecmp_P+0x2c>
    9bac:	8d 91       	ld	r24, X+
    9bae:	81 34       	cpi	r24, 0x41	; 65
    9bb0:	1c f0       	brlt	.+6      	; 0x9bb8 <strncasecmp_P+0x16>
    9bb2:	8b 35       	cpi	r24, 0x5B	; 91
    9bb4:	0c f4       	brge	.+2      	; 0x9bb8 <strncasecmp_P+0x16>
    9bb6:	80 5e       	subi	r24, 0xE0	; 224
    9bb8:	65 91       	lpm	r22, Z+
    9bba:	61 34       	cpi	r22, 0x41	; 65
    9bbc:	1c f0       	brlt	.+6      	; 0x9bc4 <strncasecmp_P+0x22>
    9bbe:	6b 35       	cpi	r22, 0x5B	; 91
    9bc0:	0c f4       	brge	.+2      	; 0x9bc4 <strncasecmp_P+0x22>
    9bc2:	60 5e       	subi	r22, 0xE0	; 224
    9bc4:	86 1b       	sub	r24, r22
    9bc6:	61 11       	cpse	r22, r1
    9bc8:	71 f3       	breq	.-36     	; 0x9ba6 <strncasecmp_P+0x4>
    9bca:	99 0b       	sbc	r25, r25
    9bcc:	08 95       	ret
    9bce:	88 1b       	sub	r24, r24
    9bd0:	fc cf       	rjmp	.-8      	; 0x9bca <strncasecmp_P+0x28>

00009bd2 <strrev>:
    9bd2:	dc 01       	movw	r26, r24
    9bd4:	fc 01       	movw	r30, r24
    9bd6:	67 2f       	mov	r22, r23
    9bd8:	71 91       	ld	r23, Z+
    9bda:	77 23       	and	r23, r23
    9bdc:	e1 f7       	brne	.-8      	; 0x9bd6 <strrev+0x4>
    9bde:	32 97       	sbiw	r30, 0x02	; 2
    9be0:	04 c0       	rjmp	.+8      	; 0x9bea <strrev+0x18>
    9be2:	7c 91       	ld	r23, X
    9be4:	6d 93       	st	X+, r22
    9be6:	70 83       	st	Z, r23
    9be8:	62 91       	ld	r22, -Z
    9bea:	ae 17       	cp	r26, r30
    9bec:	bf 07       	cpc	r27, r31
    9bee:	c8 f3       	brcs	.-14     	; 0x9be2 <strrev+0x10>
    9bf0:	08 95       	ret

00009bf2 <__ctype_isfalse>:
    9bf2:	99 27       	eor	r25, r25
    9bf4:	88 27       	eor	r24, r24

00009bf6 <__ctype_istrue>:
    9bf6:	08 95       	ret

00009bf8 <eeprom_read_block>:
    9bf8:	dc 01       	movw	r26, r24
    9bfa:	cb 01       	movw	r24, r22

00009bfc <eeprom_read_blraw>:
    9bfc:	fc 01       	movw	r30, r24
    9bfe:	f9 99       	sbic	0x1f, 1	; 31
    9c00:	fe cf       	rjmp	.-4      	; 0x9bfe <eeprom_read_blraw+0x2>
    9c02:	06 c0       	rjmp	.+12     	; 0x9c10 <eeprom_read_blraw+0x14>
    9c04:	f2 bd       	out	0x22, r31	; 34
    9c06:	e1 bd       	out	0x21, r30	; 33
    9c08:	f8 9a       	sbi	0x1f, 0	; 31
    9c0a:	31 96       	adiw	r30, 0x01	; 1
    9c0c:	00 b4       	in	r0, 0x20	; 32
    9c0e:	0d 92       	st	X+, r0
    9c10:	41 50       	subi	r20, 0x01	; 1
    9c12:	50 40       	sbci	r21, 0x00	; 0
    9c14:	b8 f7       	brcc	.-18     	; 0x9c04 <eeprom_read_blraw+0x8>
    9c16:	08 95       	ret

00009c18 <eeprom_read_byte>:
    9c18:	f9 99       	sbic	0x1f, 1	; 31
    9c1a:	fe cf       	rjmp	.-4      	; 0x9c18 <eeprom_read_byte>
    9c1c:	92 bd       	out	0x22, r25	; 34
    9c1e:	81 bd       	out	0x21, r24	; 33
    9c20:	f8 9a       	sbi	0x1f, 0	; 31
    9c22:	99 27       	eor	r25, r25
    9c24:	80 b5       	in	r24, 0x20	; 32
    9c26:	08 95       	ret

00009c28 <eeprom_write_block>:
    9c28:	dc 01       	movw	r26, r24
    9c2a:	cb 01       	movw	r24, r22
    9c2c:	02 c0       	rjmp	.+4      	; 0x9c32 <eeprom_write_block+0xa>
    9c2e:	2d 91       	ld	r18, X+
    9c30:	05 d0       	rcall	.+10     	; 0x9c3c <eeprom_write_r18>
    9c32:	41 50       	subi	r20, 0x01	; 1
    9c34:	50 40       	sbci	r21, 0x00	; 0
    9c36:	d8 f7       	brcc	.-10     	; 0x9c2e <eeprom_write_block+0x6>
    9c38:	08 95       	ret

00009c3a <eeprom_write_byte>:
    9c3a:	26 2f       	mov	r18, r22

00009c3c <eeprom_write_r18>:
    9c3c:	f9 99       	sbic	0x1f, 1	; 31
    9c3e:	fe cf       	rjmp	.-4      	; 0x9c3c <eeprom_write_r18>
    9c40:	1f ba       	out	0x1f, r1	; 31
    9c42:	92 bd       	out	0x22, r25	; 34
    9c44:	81 bd       	out	0x21, r24	; 33
    9c46:	20 bd       	out	0x20, r18	; 32
    9c48:	0f b6       	in	r0, 0x3f	; 63
    9c4a:	f8 94       	cli
    9c4c:	fa 9a       	sbi	0x1f, 2	; 31
    9c4e:	f9 9a       	sbi	0x1f, 1	; 31
    9c50:	0f be       	out	0x3f, r0	; 63
    9c52:	01 96       	adiw	r24, 0x01	; 1
    9c54:	08 95       	ret

00009c56 <__muluhisi3>:
    9c56:	09 d0       	rcall	.+18     	; 0x9c6a <__umulhisi3>
    9c58:	a5 9f       	mul	r26, r21
    9c5a:	90 0d       	add	r25, r0
    9c5c:	b4 9f       	mul	r27, r20
    9c5e:	90 0d       	add	r25, r0
    9c60:	a4 9f       	mul	r26, r20
    9c62:	80 0d       	add	r24, r0
    9c64:	91 1d       	adc	r25, r1
    9c66:	11 24       	eor	r1, r1
    9c68:	08 95       	ret

00009c6a <__umulhisi3>:
    9c6a:	a2 9f       	mul	r26, r18
    9c6c:	b0 01       	movw	r22, r0
    9c6e:	b3 9f       	mul	r27, r19
    9c70:	c0 01       	movw	r24, r0
    9c72:	a3 9f       	mul	r26, r19
    9c74:	70 0d       	add	r23, r0
    9c76:	81 1d       	adc	r24, r1
    9c78:	11 24       	eor	r1, r1
    9c7a:	91 1d       	adc	r25, r1
    9c7c:	b2 9f       	mul	r27, r18
    9c7e:	70 0d       	add	r23, r0
    9c80:	81 1d       	adc	r24, r1
    9c82:	11 24       	eor	r1, r1
    9c84:	91 1d       	adc	r25, r1
    9c86:	08 95       	ret

00009c88 <_exit>:
    9c88:	f8 94       	cli

00009c8a <__stop_program>:
    9c8a:	ff cf       	rjmp	.-2      	; 0x9c8a <__stop_program>
