:1000000038C1000055C1000053C1000051C10000BB
:100010004FC100004DC100004BC1000049C10000AC
:1000200047C1000045C1000043C1000041C10000BC
:100030003FC100000C94FC333BC1000039C10000FB
:1000400037C1000035C1000033C1000031C10000DC
:100050000C9460332DC100000C94C43329C10000FE
:1000600027C1000025C1000023C1000021C10000FC
:100070001FC100001DC100001BC1000019C100000C
:1000800017C1000015C1000013C10000076342360C
:10009000B79BD8A71A39685618AEBAAB558C1D3C19
:1000A000B7CC5763BD6DEDFD753EF6177231BF00DD
:1000B0000000803F08000000BE922449123EABAA17
:1000C000AA2ABECDCCCC4C3E00000080BEABAAAA72
:1000D000AA3E00000000BF000000803F00000000BA
:1000E00000084178D3BB4387D1133D190E3CC3BDF3
:1000F0004282AD2B3E68EC8276BED98FE1A93E4CA0
:1001000080EFFFBE01C4FF7F3F000000000005A894
:100110004CCDB2D44EB93836A9020C50B99186886C
:10012000083CA6AAAA2ABE000000803F696E6600AD
:10013000494E46006E616E004E414E0000407A10FE
:10014000F35A00A0724E18090010A5D4E80000E888
:100150007648170000E40B54020000CA9A3B0000E6
:1001600000E1F505000080969800000040420F0075
:100170000000A08601000000102700000000E80336
:10018000000000006400000000000A000000000001
:100190000100000000002C76D888DC674F0823DFC0
:1001A000C1DFAE59E1B1B796E5E3E453C63AE65193
:1001B000997696E8E6C28426EB898C9B62ED407CBA
:1001C0006FFCEFBC9C9F40F2BAA56FA5F490055A56
:1001D0002AF75C936B6CF9676DC11BFCE0E40D477B
:1001E000FEF520E6B500D0ED902E0300943577059E
:1001F0000080841E080000204E0A000000C80C3356
:100200003333330F986E12831141EF8D2114893BE4
:10021000E65516CFFEE6DB18D1844B381BF77C1D64
:10022000901DA4BBE424203284725E228100C9F1B7
:1002300024ECA1E53D274E414E494E495459494EC3
:1002400046CDCCCC3D0AD7233C17B7D13877CC2B41
:10025000329595E6241FB14F0A000020410000C8E6
:100260004200401C4620BCBE4CCA1B0E5AAEC59D67
:10027000740011241FBECFEFD0E4DEBFCDBF12E06B
:10028000A0E0B1E0ECE8FCE900E00BBF02C00790A1
:100290000D92AA3AB107D9F725E1AAEAB2E001C066
:1002A0001D92AC38B207E1F70E9406310C94444E1F
:1002B000A7CECF93DF938091EC1480FD0AC090917C
:1002C000BE028091E514891720F48091BE020E943D
:1002D000FB3F8091421590914315A0914415B09138
:1002E00045158093BD149093BE14A093BF14B09392
:1002F000C0146091BD147091BE148091BF14909190
:10030000C0140E94CF2D8091BF029091C002A89589
:10031000009749F0EFE9FFE03197F1F700C00000E6
:10032000A8950197F5CFC6E0C15019F10E94BA2CEB
:100330008091EC1480FD1DC0D091E5141092301511
:1003400010922F1510925B150E9406428091E514C1
:10035000D81305C08091E5148093BE020AC0FFEF58
:1003600020E782E0F15020408040E1F700C000002B
:10037000DBCF6091971070919810809199109091B7
:100380009A10DF91CF910895CF93DF938091EC1471
:1003900081FD0AC09091A80A80915C15891720F40C
:1003A0008091A80A0E94F9401092BD141092BE14C8
:1003B0001092BF141092C0146091BD147091BE14BD
:1003C0008091BF149091C0140E94CF2D8091BF02E4
:1003D0009091C002A895009749F0EFE9FFE03197AE
:1003E000F1F700C00000A8950197F5CF00990BC068
:1003F0000E94A53DFFEF20E782E0F15020408040C1
:10040000E1F700C00000C7E0C15019F10E94392D8A
:100410008091EC1481FD1DC0D0915C151092EB14FD
:100420001092EA1410925D150E944C4280915C1566
:10043000D81305C080915C158093A80A0AC09FEF6D
:10044000E0E7F2E09150E040F040E1F700C000004A
:10045000DBCFDF91CF9108952F923F924F925F9221
:100460006F927F928F929F92AF92BF92CF92DF92C4
:10047000EF92FF920F931F93CF93DF9300D01F92C1
:10048000CDB7DEB72DB73EB73B832A838091B70641
:10049000EDB7FEB722E0829FE019F10911240FB6F3
:1004A000F894FEBF0FBEEDBF8DB79EB701967C01DD
:1004B000D090E514C0905C1540909714509098141B
:1004C0006090991470909A148091B8029091B9023A
:1004D00080329E4418F080E69AEE0AC08091B802FD
:1004E0009091B9029C01220F331F820F931FC29675
:1004F0009093C0028093BF026091C2027091C302C8
:100500008091C4029091C5022091C7023091C80227
:100510004091C9025091CA020E940347181684F004
:100520008091C7029091C802A091C902B091CA02FD
:100530008093C2029093C302A093C402B093C502F9
:100540006091C2027091C3028091C4029091C50271
:100550002091C7023091C8024091C9025091CA024D
:100560008090B4029090B502A090B602B090B7020D
:100570000E949E46A50194010E9407470E94C4491B
:100580000E94A5476983372E8091EC1480FD2DC011
:100590001092301510922F156091561470915714C7
:1005A00080915814909159142091B8063091B90651
:1005B0004091BA065091BB060E94A84818164CF408
:1005C0006091561470915714809158149091591459
:1005D00008C06091B8067091B9068091BA069091F2
:1005E000BB060E94BF3C0E94FB3F8091EC1481FF40
:1005F000CBDE6091561470915714809158149091ED
:1006000059140E94CF2D1398129811988091BF020F
:100610009091C002A895009749F0EFE9FFE031976B
:10062000F1F700C00000A8950197F5CF2090B7061C
:100630006091B8067091B9068091BA069091BB0698
:100640000E94CF2D57018701222071F00E94672957
:10065000F801819391938F012A948981932D0097BA
:1006600099F301970000FBCF2090B7062220D1F02C
:100670002A94022D10E0F801EE0FFF1FEE0DFF1D72
:100680006081718180E090E00E94D147000F111FCE
:10069000000F111FF801E355F54F608371838283CA
:1006A0009383E4CF6091561470915714809158143D
:1006B000909159140E94CF2D139A129811988091FD
:1006C000BF029091C002A895009749F0EFE9FFE0C2
:1006D0003197F1F700C00000A8950197F5CF109170
:1006E000B7066091B8067091B9068091BA069091EC
:1006F000BB060E94CF2D112371F00E946729F501DE
:10070000819391935F0111508981932D009799F303
:1007100001970000FBCFB090B706BB20D1F0BA9490
:100720000B2D10E0F801EE0FFF1FEE0DFF1D608195
:10073000718180E090E00E94D147000F111F000FEF
:10074000111FF801E454F94F60837183828393830E
:10075000E4CF80912B148B7F80932B1480912A14EB
:10076000826080932A1460919714709198148091FC
:10077000991490919A140E94CF2D80915C15C816FF
:1007800039F01092EB141092EA148C2D0E94F9406B
:100790008091E514D81639F01092301510922F156B
:1007A0008D2D0E94FB3FC301B2010E94CF2D1398F3
:1007B000129811988091BF029091C002A89500975D
:1007C00049F0EFE9FFE03197F1F700C00000A8958C
:1007D0000197F5CF80912A148E7F80932A148091FF
:1007E00031148E7F809331142A813B810FB6F894A7
:1007F0003EBF0FBE2DBF0F900F900F90DF91CF9196
:100800001F910F91FF90EF90DF90CF90BF90AF902E
:100810009F908F907F906F905F904F903F902F9020
:1008200008954F925F926F927F928F929F92AF92B4
:10083000BF92CF92DF92EF92FF92CF93DF93CDB72B
:10084000DEB72C970FB6F894DEBF0FBECDBF698719
:100850007A878B879C8729013A018091C10289831D
:10086000812C912C5401C12CD12C7601A981AA2371
:1008700009F44AC0139812981198AFE8B1E01197A3
:10088000F1F700C000008091B20290E00E94AA2916
:10089000C60ED71EE81EF91E80910314882321F08E
:1008A0008091B302806207C080919210882329F062
:1008B0008091B30280618093B302139A12981198C9
:1008C0008FE891E00197F1F700C000008091B2023B
:1008D00090E00E94AA29860E971EA81EB91E80913C
:1008E0000314882321F08091B302806807C08091AF
:1008F0009210882329F08091B30280648093B30220
:10090000998191509983B2CF8091C60281FF23C013
:100910001398129811988FE891E00197F1F700C0B1
:1009200000008091B20290E00E94AA29C60ED71E54
:10093000E81EF91E80910314882321F08091EC14A5
:10094000806207C080919210882329F08091EC1476
:1009500080618093EC148091641590916515A0914D
:100960006615B091671589839A83AB83BC838091A8
:10097000131590911415A0911515B09116158D832E
:100980009E83AF83B887C701B6010E94D1472985EE
:100990003A854B855C850E94614929813A814B816A
:1009A0005C810E949F462D813E814F8158850E9427
:1009B0006149609397107093981080939910909369
:1009C0009A10C090E014D090E114E090E214F090FE
:1009D000E3148091DC149091DD14A091DE14B091A9
:1009E000DF1489839A83AB83BC83C501B4010E9461
:1009F000D147A30192010E946149A70196010E947B
:100A00009F4629813A814B815C810E9461496093B4
:100A10004E1270934F128093501290935112609126
:100A20009710709198108091991090919A10209140
:100A300008153091091540910A1550910B15C09079
:100A40004E12D0904F12E0905012F09051120E942E
:100A50006149A70196010E949F46609349127093D5
:100A60004A1280934B1290934C122C960FB6F89426
:100A7000DEBF0FBECDBFDF91CF91FF90EF90DF9033
:100A8000CF90BF90AF909F908F907F906F905F902E
:100A90004F9008955F926F927F928F929F92AF9244
:100AA000BF92CF92DF92EF92FF920F931F93CF935B
:100AB000DF93C091B706D0E010E000E0912CC12C8C
:100AC000D12C7601CC2381F1C15084E0C89F9001E4
:100AD0001124F901E355F54F5F0160817181828135
:100AE0009381F901E454F94F20813181428153818E
:100AF0000E946149562E672E782E892E262F372F79
:100B0000482F592F6D2F712F802F992D0E94034749
:100B100087FFD8CFF501C080D180E280F380D52D4A
:100B2000162D072D982CCECFC701B601DF91CF919E
:100B30001F910F91FF90EF90DF90CF90BF90AF90FB
:100B40009F908F907F906F905F900895CF92DF92EB
:100B5000EF92FF92139A1298119A8FE891E0019701
:100B6000F1F700C0000084E190E00E947B29139A15
:100B7000129A119A0E94D1472DEC3CEC4CE45DE3B3
:100B80000E9461492091191430911A1440911B144C
:100B900050911C140E9461496B017C019B01AC01C6
:100BA00060E070E080E897E40E949E469B01AC0103
:100BB000C701B6010E94074720910C1430910D1413
:100BC00040910E1450910F14C0908E10D0908F1041
:100BD000E0909010F09091100E946149A701960159
:100BE0000E9461490E94EE4820910414309105143E
:100BF00040910614509107140E9461492EE13FEC88
:100C00004BE55BE30E949F469B01AC0160E070E016
:100C100080E89FE30E94074723E333E948E853E471
:100C20000E949E466093A7107093A8108093A9100D
:100C30009093AA108091CB1487FD48C08091CB146B
:100C400080FD44C0609115147091161480911714A2
:100C5000909118142091721430917314409174146F
:100C6000509175140E94A8481816A4F06091A7101E
:100C70007091A8108091A9109091AA1020915214FF
:100C80003091531440915414509155140E94A84827
:100C90001816E4F41698179A8091CB14816080930B
:100CA000CB148091CB1482608093CB148091A714D5
:100CB0009091A81490935C1480935B148FE19EE450
:100CC0000197F1F700C00000169A179AFF90EF9075
:100CD000DF90CF900C946F36CF92DF92EF92FF921D
:100CE00013981298119A8FE891E00197F1F700C0DC
:100CF000000084E190E00E947B29139A129A119AD5
:100D00000E94D1472DEC3CEC4CE45DE30E9461492C
:100D100020911D1430911E1440911F1450912014E5
:100D20000E9461496B017C019B01AC0160E070E0B5
:100D300080E897E40E949E469B01AC01C701B60182
:100D40000E94074720919F103091A0104091A11060
:100D50005091A210C0905E12D0905F12E09060128D
:100D6000F09061120E946149A70196010E946149B9
:100D70000E94EE4820915212309153124091541229
:100D8000509155120E9461492EE13FEC4BE55BE327
:100D90000E949F469B01AC0160E070E080E89FE309
:100DA0000E94074723E333E948E853E40E949E4644
:100DB000609315147093161480931714909318145D
:100DC0008091CB1487FD48C08091CB1480FD44C036
:100DD0006091151470911614809117149091181445
:100DE00020917214309173144091741450917514C1
:100DF0000E94A8481816A4F06091A7107091A8103E
:100E00008091A9109091AA102091521430915314FE
:100E100040915414509155140E94A8481816E4F4B7
:100E20001698179A8091CB1481608093CB1480918F
:100E3000CB1482608093CB148091A7149091A81456
:100E400090935C1480935B148FE19EE40197F1F71B
:100E500000C00000169A179AFF90EF90DF90CF9095
:100E60000C946F368F929F92AF92BF92CF92DF9287
:100E7000EF92FF92139A129A11988FE891E00197DE
:100E8000F1F700C0000084E190E00E947B29139AF2
:100E9000129A119A8090431290904412A090451299
:100EA000B0904612C090FB13D090FC13E090FD135D
:100EB000F090FE130E94D1472DEC3CEC4CE45DE336
:100EC0000E946149A50194010E946149A701960110
:100ED0000E949F4660931114709312148093131410
:100EE0009093141460911114709112148091131442
:100EF000909114142091BA023091BB024091BC022F
:100F00005091BD020E94034787FD14C060911114E7
:100F10007091121480911314909114142091AA02CC
:100F20003091AB024091AC025091AD020E94A848B2
:100F300018162CF48091B30284608093B302FF9062
:100F4000EF90DF90CF90BF90AF909F908F900895DB
:100F50002F923F924F925F926F927F928F929F92C9
:100F6000AF92BF92CF92DF92EF92FF920F931F93B7
:100F7000CF93DF93CDB7DEB72D970FB6F894DEBFD2
:100F80000FBECDBF1092B30220915C152A83309121
:100F9000E5143B838091971490919814A091991433
:100FA000B0919A1488879987AA87BB878091C602D7
:100FB00081FF4FC09091B20299836091C10270E0AD
:100FC00080E090E00E94D14720E030E040E85FE31D
:100FD0000E949F466B017C01A9816A2F70E080E02E
:100FE00090E00E94D1479B01AC01C701B6010E946D
:100FF00061499B01AC0160E070E080E89FE30E94E2
:101000000747062F372E8983192F6091B202B090BF
:10101000C10270E080E090E00E94D1476B017C014A
:101020006B2D70E080E090E00E94D1479B01AC0105
:10103000C701B6010E9461499B01AC0160E070E00C
:1010400080E89FE30E9407476C837D838E839F83A4
:1010500029C06091B202B091C102B98370E080E012
:1010600090E00E94D1476B017C01E9816E2F70E016
:1010700080E090E00E94D1479B01AC01C701B6011E
:101080000E9461499B01AC0160E070E080E89FE351
:101090000E940747062F372E8983192F6C837D8383
:1010A0008E839F838091B8029091B90280329E44D2
:1010B00018F080E69AEE0AC08091B8029091B902C9
:1010C0009C01220F331F820F931FC2969093C00280
:1010D0008093BF02EED86B017C0156D98091C60285
:1010E00080FFB6C08090AE029090AF02A090B00298
:1010F000B090B1026091B70670E061507109072E9F
:10110000000C880B990B0E94D3479B01AC01C501D1
:10111000B4010E9407472B013C012091A90A30919C
:10112000AA0A4091AB0A5091AC0AC701B6010E94CD
:1011300061496B017C016091B70670E061507109F3
:10114000072E000C880B990B0E94D347A301920134
:101150000E9461490E94E4494B015C016091AE022A
:101160007091AF028091B0029091B10226EA3FE007
:1011700049EC5FE30E940347A5019401181644F46B
:1011800060E070E080E090E40E949E469B01AC012C
:10119000C701B6010E9407476B017C01212C809199
:1011A000B706281608F043C0222D30E03D872C8773
:1011B000B901330F880B990B0E94D347A301920109
:1011C0000E9461494B015C0126EA3FE049EC5FE384
:1011D0000E940347AC85BD85AA0FBB1FAA0FBB1F8A
:1011E000BD87AC8718164CF0C501B4010E94E449D4
:1011F0009B01AC01C701B6010EC0C501B4010E943C
:10120000E4499B01AC0160E070E080E090E40E9462
:101210009E46A70196010E946149EC85FD85E55334
:10122000FD4F60837183828393832394B8CF809131
:10123000C60282FF4DC0E091B706B4E0EB9FF0011B
:101240001124E953FD4F608171818281938148C0EF
:101250002091A90A3091AA0A4091AB0A5091AC0A98
:10126000B090B706C701B6010E9461496B017C01CD
:101270006B2D70E061507109072E000C880B990BE3
:101280000E94D3479B01AC01C701B6010E940747EA
:101290004B015C01D12C8091B706D81640F6ED2C9D
:1012A000F12C6D2D70E080E090E00E94D147A50107
:1012B00094010E946149F701EE0FFF1FEE0FFF1F1F
:1012C000E553FD4F6083718382839383D394E3CF8F
:1012D0006091CB027091CC028091CD029091CE02B0
:1012E0000E94CF2D8091BF029091C002A8950097D7
:1012F00049F0EFE9FFE03197F1F700C00000A89551
:101300000197F5CFA12C8091B706A81608F076C0FA
:101310008091C602CA2CD12C82FF0CC0E091B70686
:10132000F0E0EC19FD09EE0FFF1FEE0FFF1FE95370
:10133000FD4F07C0F601EE0FFF1FEE0FFF1FE55335
:10134000FD4F60817181828193810E94CF2DA8958C
:10135000E090B802F090B902F1E0EF1AF1081C86B3
:10136000FFEFEF16FF0609F4C7C0A8952C852130C2
:1013700081F4ECDB882339F08091B30282608093A2
:10138000B30281E001C080E0ABE4B6E01197F1F771
:1013900012C0BC85B230A9F49FDC882339F080915B
:1013A000B30282608093B30281E001C080E0EBE48D
:1013B000F6E03197F1F700C00000882309F4CAC0B5
:1013C0001DC0FC85F33051F44DDD8BE39AE00197AD
:1013D000F1F700C0000094E09C870CC0ABE9BFE0CF
:1013E0001197F1F700C00000BC85BF5FBC87BA3021
:1013F00008F01C86E1E0EE1AF108B2CF009904C0B3
:101400008091B302816003C08091B3028E7F80938C
:10141000B3028091691480688093691480912A14C2
:10142000826080932A1480912B148D7F80932B14DB
:1014300088859985AA85BB858093BD149093BE1439
:10144000A093BF14B093C01480915C159A81981733
:1014500039F01092EB141092EA14892F0E94F9408F
:101460008091E514AB81A81739F0109230151092D5
:101470002F158A2F0E94FB3F6091BD147091BE14FE
:101480008091BF149091C0140E94CF2D1398129890
:1014900011988091BF029091C002A895009749F0E1
:1014A000EFE9FFE03197F1F700C00000A895019740
:1014B000F5CF80912A148E7F80932A148091311465
:1014C0008E7F809331142D960FB6F894DEBF0FBE39
:1014D000CDBFDF91CF911F910F91FF90EF90DF90E3
:1014E000CF90BF90AF909F908F907F906F905F90C4
:1014F0004F903F902F9008952C813D814E815F81C8
:10150000602F732D8981912F8CD940919710509124
:1015100098106091991070919A10C601880F991FC8
:10152000880F991FFC01E355F54F40835183628377
:1015300073834091491250914A1260914B127091FD
:101540004C12FC01E454F94F40835183628373834E
:10155000A394D9CEFC85FF5FFC874CCFCF93C82FD7
:101560008091FA13C11102C08F7B03C0C13039F4DE
:1015700080648093FA138091FA138F770AC0C23087
:1015800011F48F7B01C080648093FA138091FA1369
:1015900080688093FA134091FA136091471282E0B9
:1015A0000E9443308FE891E00197F1F700C00000FE
:1015B000C093990ECF910895CF93C82F8091FA13BD
:1015C000C11102C08F7E03C0C13039F480618093A5
:1015D000FA138091FA138F7D0AC0C23011F48F7E06
:1015E00001C080618093FA138091FA138062809326
:1015F000FA134091FA136091471282E00E9443303F
:101600008FE891E00197F1F700C00000C0939C0EB5
:10161000CF9108959091990E80919A0E981719F094
:1016200080919A0E9BDF90919C0E80919B0E981753
:1016300019F080919B0EC0CF0895BC0180919E0E41
:101640008111FCCF90E0292F30E0FB01E20FF31F66
:101650004081442339F08081F901EA56F04F8083BC
:101660009F5FF1CF8091291486FD06C0F901EA56EB
:10167000F04F8AE080839F5FE92FF0E0EA56F04F59
:10168000108290939E0E81E08093950F8091C00010
:1016900085FFFCCF5A9A85E08A95F1F7000080918A
:1016A000C10080648093C1008091960F8093C60032
:1016B0000895AC0190918A10992379F09150292FC7
:1016C00030E0F901E056F14F8081FA01E20FF31F9B
:1016D0002081281789F380E0089581E00895AC0106
:1016E00090918A10691778F49150292F30E0F90110
:1016F000E056F14F8081FA01E20FF31F2081281795
:1017000089F380E0089581E008959C0110928A1089
:1017100080918A10F901E80FF11D8081E0918A1013
:10172000F0E0882379F080918A10D901A80FB11DCB
:101730008C91E056F14F808390918A109F5F909337
:101740008A10E6CFE056F14F10820895AC01E09187
:101750008A10F0E0E056F14F89E0808390918A1082
:101760009F5F90938A1090E0DA01A90FB11D8C91D0
:10177000E0918A10F0E0882359F08C91E056F14F07
:1017800080839F5F20918A102F5F20938A10ECCF77
:10179000E056F14F10820895AC0160938A1090E0FA
:1017A000FA01E90FF11D2081E0918A10F0E0E05686
:1017B000F14F222341F0208320918A102F5F209344
:1017C0008A109F5FEDCF10820895E0918A10F0E0BB
:1017D000E056F14F8FE3808380918A108F5F809372
:1017E0008A10E0918A10F0E0E056F14F10820895DF
:1017F000FB012E2F261B421741F0DC013D91CD014C
:101800002081321304C03196F4CF81E0089580E046
:101810000895AC0190E0E92FF0E0DB01AE0FBF1FAF
:101820002C91E40FF51F222319F020839F5FF3CF43
:1018300010820895CF93DF93DC0190E0FD01E90F62
:10184000F11D8081882311F09F5FF8CF492F842FED
:10185000891BEB01C80FD11D8881242F30E0FD01C9
:10186000E20FF31F882321F0888180834F5FEFCF41
:101870001082DF91CF9108950F93FC01CB01BA0143
:1018800003E025E0AF010E945D4A0F910895CF93D8
:10189000DF93CDB7DEB7C656D1090FB6F894DEBFD9
:1018A0000FBECDBF8091291487FF17C080919E0E77
:1018B000811113C08091A00E811107C0809129145D
:1018C0008F7B8093291410929D0E80EA9EE0B5DEF6
:1018D000809129148F77809329148091291487FD92
:1018E0003BC090919D0E8091B706981760F5E091EE
:1018F0009D0E84E0E89FF0011124E355F54F4081EF
:10190000518162817381CE010196B6DF10928A10F7
:10191000CE0101961BDFE0919D0E84E0E89FF0016F
:101920001124E454F94F4081518162817381CE01C9
:101930000196A2DFCE01019609DF80919D0E8F5F97
:1019400080939D0E04C010929D0E1092A00E809167
:101950002914806880932914CA59DF4F0FB6F89470
:10196000DEBF0FBECDBFDF91CF9108954F925F9242
:101970006F927F928F929F92AF92BF92EF92FF925F
:101980000F931F93CF93DF93EC018B0180E091E0E5
:10199000BCDECE018EDE882309F464C0809126145B
:1019A00090912A144AE0B8010E94074CC801CEDE8B
:1019B00040919710509198106091991070919A10E1
:1019C000C8015ADFC801C2DE4091491250914A1243
:1019D00060914B1270914C12C8014EDFC801B6DE07
:1019E00040919B1050919C1060919D1070919E10A1
:1019F000C80142DFC801AADE4091111450911214AF
:101A00006091131470911414C80136DFC8019EDE72
:101A10004091A7105091A8106091A9107091AA1040
:101A2000C8012ADFC80192DE4091151450911614A6
:101A30006091171470911814C8011EDFC80186DE6A
:101A400080912D1480FD02C00C94D6164091561240
:101A5000509157126091581270915912C8010CDFC1
:101A60000C94D31686E091E050DECE0122DE88236E
:101A700049F180918A10FE01E80FF11D80818111EA
:101A800012C0F8018081813321F480912B14816090
:101A900007C0803311F00C94EE1680912B148E7FCA
:101AA00080932B140AC080918A10C80FD11D8881A1
:101AB0008F3311F00C94EE1688DE80912B1480FF8A
:101AC00039C00EC58FE091E020DEF0908A10CE0183
:101AD000F0DD811132C08CE391E017DEF0908A10C6
:101AE000CE01E7DD811170C083E292E00EDEF0905E
:101AF0008A10CE01DEDD882309F459C36F2D82E6FA
:101B000091E04ADE6F2DCE01EADD882309F4AAC1F7
:101B100080918A10C80FD11D888181110C94EE1616
:101B20000E946F36882309F41FC180912B148D7F8A
:101B300080932B148DE091E072C06F2D81E191E0D4
:101B40002BDE6F2DCE01CBDD882341F08091261452
:101B500090912A144AE0B8010C94D1166F2D86E1B9
:101B600091E01ADE6F2DCE01BADD882321F08BE0E3
:101B700091E0CBDD55C06F2D8BE191E00DDE6F2D37
:101B8000CE01ADDD882349F080E291E0DFDD8BE21C
:101B900091E0DCDD8DE394E142C06F2D88EC91E0B3
:101BA000FBDD6F2DCE019BDD882309F494CF8BE004
:101BB00091E0CCDD80EA9EE040DD80919E0E8111B7
:101BC000FCCFF8940C9400006F2D82E491E0E4DDEA
:101BD0006F2DCE0184DD882339F180918A10FE01BA
:101BE000E80FF11D8081811108C0C8010E94024BDD
:101BF0006093A9148091A9140CC080918A10C80F19
:101C0000D11D88818F3311F00C94EE16DEDD8091AA
:101C100092144AE0B80190E00E94074CC80196DD9A
:101C200080EA9EE00C94F0166F2D87E491E0B4DD1D
:101C30006F2DCE0154DD882339F180918A10FE0189
:101C4000E80FF11D808181110CC0C8010E94E24A99
:101C500060935614709357148093581490935914AA
:101C60000AC080918A10C80FD11D88818F3311F06E
:101C70000C94EE16AADD40915614509157146091C1
:101C80005814709159142FC06F2D8FE491E084DDAA
:101C90006F2DCE0124DD882349F180918A10FE0149
:101CA000E80FF11D808181110CC0C8010E94E24A39
:101CB0006093B1147093B2148093B3149093B414DE
:101CC0000AC080918A10C80FD11D88818F3311F00E
:101CD0000C94EE167ADD4091B1145091B2146091DB
:101CE000B3147091B414C801C7DD98CF6F2D87E588
:101CF00091E052DD6F2DCE01F2DC882309F4F4CEA1
:101D000080918A10FE01E80FF11D808181111DC0B4
:101D1000C8010E94024B6136FAEE7F0781059105EA
:101D20001CF080E69AEE07C016161706180619066C
:101D30003CF081E090E09093C6148093C5140FC0EE
:101D40007093C6146093C5140AC080918A10C80F9E
:101D5000D11D88818F3311F00C94EE1636DD609121
:101D6000C5147091C6142AC18091261485FDDDCE5C
:101D70008091261480FFD9CE80912B1482608093AD
:101D80002B148091B8029091B90280329E4418F0D1
:101D900080E69AEE0AC08091B8029091B9029C0147
:101DA000220F331F820F931FC2969093C00280931D
:101DB000BF027090B706E090B802F090B90260914F
:101DC000B7065090C1026090B202C091BF02D0919C
:101DD000C00270E080E090E00E94D1474B015C01BE
:101DE000652D70E080E090E00E94D1479B01AC013E
:101DF000C501B4010E9461494B015C01662D70E090
:101E000080E090E00E94D14728E539E344EB5CE3B1
:101E10000E9461492EEA37E441E65EE30E949F4654
:101E20009B01AC01C501B4010E9461494B015C01F9
:101E3000672D70E080E090E00E94D1472B013C01CB
:101E4000B70180E090E00E94D1479B01AC01C30143
:101E5000B2010E9461499B01AC01C501B4010E941D
:101E60009F46FEC16F2D87E691E096DC6F2DCE0177
:101E700036DC8823A9F180918A10C80FD11D888192
:101E80008F3309F0ABC780912914806480932914A3
:101E900010929D0E9ADC8091B3024AE0B80190E066
:101EA0000E94074CC80152DC80912D1480FF0CC0A9
:101EB00040915612509157126091581270915912D8
:101EC000C801DADCC80142DC80EA9EE0B6DB809122
:101ED00029148F778093291480912A148D7F6DC7E0
:101EE0006F2D8CE691E058DC6F2DCE01F8DB882356
:101EF00051F180918A10FE01E80FF11D808181115E
:101F000016C0C8010E94024B6B3F71058105910507
:101F100014F08AEF06C0643071058105910524F440
:101F200083E08093B7060CC06093B70609C0809128
:101F30008A10C80FD11D88818F3309F04FC745DC47
:101F40008091B70666CE6F2D8CE591E025DC6F2D74
:101F5000CE01C5DB8823C9F180918A10FE01E80F0C
:101F6000F11D808181111DC0C8010E94024B6136A4
:101F7000EAEE7E07810591051CF080E69AEE07C027
:101F800016161706180619063CF081E090E09093AB
:101F9000B9028093B8020EC07093B9026093B80280
:101FA00009C080918A10C80FD11D88818F3309F034
:101FB00015C70BDC6091B8027091B90280E090E027
:101FC0002AE0A8010E94114C29CE6F2D83E791E0F1
:101FD000E3DB6F2DCE0183DB882359F180918A10DA
:101FE000FE01E80FF11D8081811117C0C8010E9418
:101FF000024B6F3F71058105910519F014F08FEFC9
:1020000006C0161617061806190624F081E08093FC
:10201000B2020CC06093B20209C080918A10C80F4E
:10202000D11D88818F3309F0D9C6CFDB8091B202F0
:10203000F0CD6F2D8AE791E0AFDB6F2DCE014FDB46
:10204000882359F180918A10FE01E80FF11D8081EB
:10205000811117C0C8010E94024B6F3F71058105B5
:10206000910519F014F08FEF06C016161706180622
:10207000190624F081E08093C1020CC06093C10274
:1020800009C080918A10C80FD11D88818F3309F053
:10209000A5C69BDB8091C102BCCD6F2D82E491E08F
:1020A0007BDB6F2DCE011BDB882319F180918A1019
:1020B000FE01E80FF11D808181110FC0C8010E944F
:1020C000024B6F3F71058105910520F089E191E098
:1020D0003DDB0CC06093C60209C080918A10C80F16
:1020E000D11D88818F3309F079C66FDB8091C602DC
:1020F00090CD6F2D83E891E04FDB6F2DCE01EFDAAD
:10210000882331F180918A10FE01E80FF11D808152
:1021100081110CC0C8010E94E24A6093AE02709324
:10212000AF028093B0029093B10209C080918A10EF
:10213000C80FD11D88818F3309F050C646DB40910E
:10214000AE025091AF026091B0027091B102CBCD5E
:102150006F2D8DE891E020DB6F2DCE01C0DA882352
:1021600031F180918A10FE01E80FF11D808181110B
:102170000CC0C8010E94E24A6093A90A7093AA0A9F
:102180008093AB0A9093AC0A09C080918A10C80F63
:10219000D11D88818F3309F021C617DB4091A90A30
:1021A0005091AA0A6091AB0A7091AC0A9CCD86E965
:1021B00091E0ABDAF0908A10CE017BDA882309F443
:1021C000C9C06F2D82E691E0E7DA6F2DCE0187DA84
:1021D000882309F461C080918A10C80FD11D8881BD
:1021E0008111FCC50E946F36811108C080912614B0
:1021F00085FD04C08091261480FD04C080912B14BD
:102200008B7F96CC80912B14846080932B148091CB
:10221000B8029091B90280329E4418F080E69AEE9E
:102220000AC08091B8029091B9029C01220F331F1D
:10223000820F931FC2969093C0028093BF02609159
:10224000B706C091BF02D091C00270E080E090E07C
:102250000E94D14720E030E040E251E40E94614911
:1022600020E030E048E453E40E949F464B015C01CB
:10227000BE0180E090E00E94D14720E030E040E8DD
:1022800050E40E9461499B01AC01C501B4010E9468
:102290009F460E94A04794CE6F2D8DE991E07CDA95
:1022A0006F2DCE011CDA882331F180918A10FE0156
:1022B000E80FF11D808181110CC0C8010E94E24A23
:1022C0006093B8067093B9068093BA069093BB06E4
:1022D00009C080918A10C80FD11D88818F3309F001
:1022E0007DC573DA4091B8065091B9066091BA067F
:1022F0007091BB06F8CC6F2D8CE591E04DDA6F2D17
:10230000CE01EDD9882331F180918A10FE01E80FCA
:10231000F11D808181110CC0C8010E94E24A6093C6
:10232000C2027093C3028093C4029093C50209C095
:1023300080918A10C80FD11D88818F3309F04EC556
:1023400044DA4091C2025091C3026091C40270917C
:10235000C502C9CC85EA91E0D8D9F0908A10CE01A7
:10236000A8D9882309F42DC26F2D8CEA91E014DAE4
:102370006F2DCE01B4D98823E9F080918A10C80F5F
:10238000D11D88818F3309F029C540916015509186
:1023900061156091621570916315C8016DDAC8010D
:1023A000D5D94091D8145091D9146091DA14709114
:1023B000DB1499CC6F2D83EB91E0EED96F2DCE011C
:1023C0008ED98823C1F180918A10FE01E80FF11D9A
:1023D0008081811120C0F801808190E0C0970A9728
:1023E00008F0FCC4C8010E94024B653071058105EC
:1023F000910548F08091EC148E7F8093EC148FEF60
:102400008093101540C02091EC1421602093EC14AF
:10241000609310150DC080918A10C80FD11D88815E
:102420008F3309F0DBC4D1D9809110158F3F59F15A
:1024300080911015EECB6F2D8FEB91E0ADD96F2D04
:10244000CE014DD98823D1F180918A10FE01E80F89
:10245000F11D8081811122C0F801808190E0C09738
:102460000A9708F0BBC4C8010E94024B6630710590
:102470008105910558F08091EC148D7F8093EC14C8
:102480008FEF809312158AEB91E0C9CB2091EC1469
:1024900022602093EC14609312150DC080918A1075
:1024A000C80FD11D88818F3309F098C48ED98091CF
:1024B00012158F3F41F380911215ABCB6F2D86EC37
:1024C00091E06AD96F2DCE010AD9882361F08091FD
:1024D0008A10C80FD11D8881811180C40E94A53D3A
:1024E0008BE091E09CCB6F2D8CEC91E055D96F2D5A
:1024F000CE01F5D8882359F180918A10FE01E80FAA
:10250000F11D8081811117C0F801808190E0C09792
:102510000A9708F063C4C8010E94024B6F3F71051F
:102520008105910529F020F08FEF809346150CC0AE
:102530006093461509C080918A10C80FD11D88810B
:102540008F3309F04BC441D98091461562CB6F2D72
:1025500083ED91E021D96F2DCE01C1D8882359F1A7
:1025600080918A10FE01E80FF11D8081811117C052
:10257000F801808190E0C0970A9708F02FC4C80145
:102580000E94024B6F3F71058105910529F020F0F3
:102590008FEF809307150CC06093071509C08091D9
:1025A0008A10C80FD11D88818F3309F017C40DD947
:1025B000809107152ECB6F2D8AED91E0EDD86F2D10
:1025C000CE018DD8882309F4FCC0F0908A106F2DBD
:1025D00082E491E0E1D86F2DCE0181D8882309F4FF
:1025E00071C080918A10FE01E80FF11D8081811178
:1025F0004EC080912B14806880932B1444E065EBCF
:1026000071E0C801F5D8813071F48091EC148460D8
:102610008093EC148091EC14877F8093EC148FEFFF
:102620008093E5143DC044E061EC71E0C801E0D85E
:10263000813071F48091EC1488608093EC14809167
:10264000EC148B7F8093EC148FEF80935C1528C083
:1026500080912B148F7780932B148091EC1482FF40
:1026600004C08FEF8093E51407C08091EC1483FFC2
:1026700003C08FEF80935C158091EC148B7F809367
:10268000EC148091EC14877F8093EC1409C0809146
:102690008A10C80FD11D88818F3309F09FC395D848
:1026A00080912B1487FF46CA8091EC1482FF03C0EF
:1026B00085EB91E0B4CA8091EC1483FF27C081ECD4
:1026C00091E0ADCA6F2D82EE91E066D86F2DCE01FC
:1026D00006D88823B9F180918A10FE01E80FF11D18
:1026E0008081811120C0C8010E94E24A20912B14F0
:1026F00027FD0FC080912B1487FF41C08091EC14FF
:1027000082FD1BC08091EC1483FD17C08FED91E01A
:1027100086CA2091EC1422FD04C02091EC1423FF02
:10272000E9CFE0D3E7CF80918A10C80FD11D88810F
:102730008F3309F053C349D8DDCF0E94C11BAB01D1
:10274000BC01D1CA6F2D80EF91E026D86F2DCE014C
:102750000E946F0B8823A9F180918A10FE01E80F77
:10276000F11D8081811118C0C8010E94E24A2091A8
:102770002B1427FD07C080912B1487FD17C088EE0E
:1027800091E04DCA2091EC1422FD04C02091EC147C
:1027900023FFF1CF6FD4EFCF80918A10C80FD11DE6
:1027A00088818F3309F01AC310D8E5CF8091EC14DB
:1027B00082FD04C08091EC1483FFA8CF0E941F1CEF
:1027C000BECF87EF91E00E94850BF0908A10CE017A
:1027D0000E94590B882309F46DC06F2D82E491E0AB
:1027E0000E94CC0B6F2DCE010E946F0B882309F441
:1027F00061C080918A10FE01E80FF11D8081811176
:102800002BC0C8010E94024B61157105810591051D
:1028100059F48091CB1480688093CB148091CB14B1
:102820008D7F8093CB1435C0613071058105910592
:1028300059F48091CB1480688093CB148091CB1491
:1028400082608093CB141AC08091CB148F778093D1
:10285000CB148BE092E0E3C980918A10C80FD11DA0
:1028600088818F3309F0BAC20E94E50B8091CB14A6
:1028700080FF07C08091CB1487FF03C084E092E003
:10288000CEC98091CB1480FD07C08091CB1487FF07
:1028900003C08CEF91E0C3C98091CB1480FF07C0C7
:1028A0008091CB1487FD03C080E192E0B8C988E134
:1028B00092E0B5C981E292E00E94850BF0908A1007
:1028C000CE010E94590B882309F484C06F2D87E242
:1028D00092E00E94CC0B6F2DCE010E946F0B8823DB
:1028E00049F0409197145091981460919914709107
:1028F0009A14F9C96F2D8DE292E00E94CC0B6F2DD6
:10290000CE010E946F0B882369F180918A10FE012D
:10291000E80FF11D8081811118C0F801808190E0DD
:10292000C0970A9708F05AC2C8010E94024B64304F
:1029300071058105910520F083E080939A0E02C015
:1029400060939A0E80919A0E64C980918A10C80F84
:10295000D11D88818F3309F041C20E94E50B80911F
:10296000990E57C96F2D84E392E00E94CC0B6F2D16
:10297000CE010E946F0B882369F180918A10FE01BD
:10298000E80FF11D8081811118C0F801808190E06D
:10299000C0970A9708F022C2C8010E94024B643017
:1029A00071058105910520F083E080939B0E02C0A4
:1029B00060939B0E80919B0E2CC980918A10C80F4A
:1029C000D11D88818F3309F009C20E94E50B8091E7
:1029D0009C0E1FC98AE392E00E94850BF0908A103A
:1029E000CE010E94590B882309F442C16F2D83E761
:1029F00091E00E94CC0B6F2DCE010E946F0B8823BB
:102A000009F46FC080918A10FE01E80FF11D8081EA
:102A1000811156C0F801808190E0C0970A9708F0B4
:102A2000DDC1C8010E94024B6F3F71058105910510
:102A300021F01CF08FEF90E007C01616170618065D
:102A400019063CF081E090E090938D1080938C10FB
:102A500004C070938D1060938C1060918C107091F5
:102A60008D10C091101480E090E00E94D1474B017E
:102A70005C016C2F70E080E090E00E94D1479B01E8
:102A8000AC01C501B4010E9461499B01AC0160E049
:102A900070E080E89FE30E9407476093A310709363
:102AA000A4108093A5109093A6108091E4148160E7
:102AB0008093E4148091E41482608093E4140AC04B
:102AC00080918A10C80FD11D88818F3309F086C18B
:102AD0000E94E50B80918C1090918D104AE0B80116
:102AE0009BC86F2D8FE392E00E94CC0B6F2DCE011F
:102AF0000E946F0B882309F44AC080918A10FE015E
:102B0000E80FF11D8081811135C0F801808190E0CE
:102B1000C0970A9708F062C1C8010E94024B6F3F3C
:102B200071058105910519F014F08FEF06C0161696
:102B300017061806190624F081E08093481202C097
:102B4000609348126091481270E080E090E00E942B
:102B5000D1479B01AC0160E070E080E89FE30E94F8
:102B6000074760935A1270935B1280935C129093A4
:102B70005D120AC080918A10C80FD11D88818F33E1
:102B800009F02CC10E94E50B8091481242C86F2DBC
:102B900089E492E00E94CC0B6F2DCE010E946F0B56
:102BA000882309F465C080918A10FE01E80FF11DA9
:102BB000808181114FC0F801808190E0C0970A9711
:102BC00008F00CC1C8010E94024B653671058105F1
:102BD000910514F084E606C01616170618061906A5
:102BE00024F081E08093101402C06093101460916F
:102BF0008C1070918D10C091101480E090E00E94B4
:102C0000D1474B015C016C2F70E080E090E00E94A6
:102C1000D1479B01AC01C501B4010E9461499B01F0
:102C2000AC0160E070E080E89FE30E94074760939A
:102C3000A3107093A4108093A5109093A610809178
:102C4000E41481608093E4148091E41482608093A2
:102C5000E4140AC080918A10C80FD11D88818F3377
:102C600009F0BCC00E94E50B809110140C94090E71
:102C700083E592E00E94850BF0908A10CE010E94BD
:102C8000590B882361F16F2D8AE592E00E94CC0BED
:102C90006F2DCE010E946F0B882349F080918A101E
:102CA000C80FD11D8881811199C061E013C06F2DBB
:102CB00080E091E00E94CC0B6F2DCE010E946F0B43
:102CC000882369F080918A10C80FD11D88818111F5
:102CD00085C060E0C8010E94CD220C940E0E80E6F3
:102CE00092E00E94850BCE010E94590B882309F4C3
:102CF00075C04091A7105091A8106091A9107091D3
:102D0000AA10C8010E943C0CC8010E94A60B409169
:102D10001514509116146091171470911814C8016D
:102D20000E943C0CC8010E94A60B80912D1480FFCC
:102D30000EC04091561250915712609158127091E6
:102D40005912C8010E943C0CC8010E94A60B809138
:102D50002D1482FF2BC0C0E0D0E0FE01EE0FFF1F5C
:102D6000EE0FFF1FE659FA4E408151816281738157
:102D7000C8010E943C0CC8010E94A60B2196C830D5
:102D8000D10559F7809169154AE0B80190E00E9499
:102D9000074CC8010E94A60B809168154AE0B80153
:102DA00090E00E94074CC8010E94A60B80EA9EE0BA
:102DB0000E941D0B80912A148E7F80932A14DF912C
:102DC000CF911F910F91FF90EF90BF90AF909F9088
:102DD0008F907F906F905F904F90089589E191E080
:102DE000DF91CF911F910F91FF90EF90BF90AF9027
:102DF0009F908F907F906F905F904F900C941D0BE1
:102E0000CF93DF93CDB7DEB7CC57D1090FB6F89487
:102E1000DEBF0FBECDBF80911110833209F056C0C6
:102E20009091101080919F0E981350C0DE01A95907
:102E3000BF4F22E030E0AD01922F8EEF820FF901FB
:102E4000E05FFF4E60816930B1F06081611105C0C3
:102E5000FA01E80FF11D108232C08091940F98178B
:102E6000A8F580818D932F5F3F4F2731310521F7E2
:102E700086E692E01CC0FA01E80FF11D1082209155
:102E8000940F2817E0F09F5FDE01119620E0BD014E
:102E9000E92FF0E0E05FFF4E8081882359F08081C8
:102EA0008D939F5F2F5F253699F78FE692E00E9402
:102EB0001D0B0CC0FB01E20FF11D108201C0198235
:102EC000BE016F5F7F4FCA010E94B60CC458DF4F2E
:102ED0000FB6F894DEBF0FBECDBFDF91CF9108953E
:102EE0000C94E24ACF93DF93CDB7DEB7AC970FB621
:102EF000F894DEBF0FBECDBF2091261421FFB1C0D4
:102F0000DC01CB012091EC1422FF4CC02091E51490
:102F100021110BC089A79AA7ABA7BCA744E050E03A
:102F20006CE771E0CE0189969AC02091E5142130BA
:102F300059F48DA39EA3AFA3B8A744E050E06CE67C
:102F400071E0CE0185968BC02091E514223059F4B2
:102F500089A39AA3ABA3BCA344E050E06CE571E065
:102F6000CE0181967CC02091E514233059F48D8FD9
:102F70009E8FAF8FB8A344E050E06CE471E0CE01C7
:102F80004D966DC02091E514243009F06AC0898FF8
:102F90009A8FAB8FBC8F44E050E06CE371E0CE01C0
:102FA00049965DC02091EC1423FF5BC020915C1515
:102FB00021110BC08D8B9E8BAF8BB88F44E050E0FE
:102FC0006CE271E0CE0145964AC020915C1521303B
:102FD00059F4898B9A8BAB8BBC8B44E050E060E258
:102FE00071E0CE0141963BC020915C15223059F42E
:102FF0008D879E87AF87B88B44E050E064E171E035
:10300000CE010D962CC020915C15233059F4898790
:103010009A87AB87BC8744E050E068E071E0CE015E
:1030200009961DC020915C15243059F48D839E8330
:10303000AF83B88744E050E06CEF70E0CE010596B6
:103040000EC020915C15253061F489839A83AB838F
:10305000BC8344E050E060EF70E0CE0101960E9436
:10306000144EAC960FB6F894DEBF0FBECDBFDF9105
:10307000CF910895CF93DF93CDB7DEB7AC970FB65E
:10308000F894DEBF0FBECDBF2091261421FFB1C042
:10309000DC01CB012091EC1422FF4CC02091E514FF
:1030A00021110BC089A79AA7ABA7BCA744E050E0A9
:1030B00060E871E0CE0189969AC02091E514213034
:1030C00059F48DA39EA3AFA3B8A744E050E060E7F6
:1030D00071E0CE0185968BC02091E514223059F421
:1030E00089A39AA3ABA3BCA344E050E060E671E0DF
:1030F000CE0181967CC02091E514233059F48D8F48
:103100009E8FAF8FB8A344E050E060E571E0CE0140
:103110004D966DC02091E514243009F06AC0898F66
:103120009A8FAB8FBC8F44E050E060E471E0CE0139
:1031300049965DC02091EC1423FF5BC020915C1583
:1031400021110BC08D8B9E8BAF8BB88F44E050E06C
:1031500060E371E0CE0145964AC020915C152130B4
:1031600059F4898B9A8BAB8BBC8B44E050E064E2C2
:1031700071E0CE0141963BC020915C15223059F49C
:103180008D879E87AF87B88B44E050E068E171E09F
:10319000CE010D962CC020915C15233059F48987FF
:1031A0009A87AB87BC8744E050E06CE071E0CE01C9
:1031B00009961DC020915C15243059F48D839E839F
:1031C000AF83B88744E050E060E071E0CE0105963F
:1031D0000EC020915C15253061F489839A83AB83FE
:1031E000BC8344E050E064EF70E0CE0101960E94A1
:1031F000144EAC960FB6F894DEBF0FBECDBFDF9174
:10320000CF910895CF92DF92EF92FF920F931F9389
:10321000CF93DF9300D000D0CDB7DEB77C018A0119
:103220006901613069F4CA015BDE69837A838B834B
:103230009C8344E050E0B701CE0101960E94144EF9
:1032400044E050E0B701CE0101960E94FC4D498157
:103250005A816B817C81C8010E943C0CB801C60177
:103260000E941A0C0F900F900F900F90DF91CF914A
:103270001F910F91FF90EF90DF90CF900895EF9204
:10328000FF920F931F93CF93DF938C01EA01790193
:10329000613089F4CA010E94024B6F3F71058105BC
:1032A000910509F024F497FF03C060E001C06FEFBF
:1032B000C8010E941D4EC8010E940C4E4AE0BE018A
:1032C00090E00E94074CBE01C701DF91CF911F9192
:1032D0000F91FF90EF900C941A0CCF92DF92EF9227
:1032E000FF920F931F93CF93DF9300D0CDB7DEB73C
:1032F0006C018A0179016130E1F4CA010E94024B3C
:103300006115710521E0820791052CF08FEF9FEF89
:103310009A83898307C097FF03C01A82198202C06B
:103320007A83698342E050E0B601CE0101960E94A3
:10333000144E42E050E0B601CE0101960E94FC4DD1
:1033400069817A8180E090E02AE0A8010E94114C16
:10335000B801C7010E941A0C0F900F90DF91CF9116
:103360001F910F91FF90EF90DF90CF900895CF9332
:10337000DF9300D000D0CDB7DEB744E050E0BC0111
:10338000CE0101960E94FC4D69817A818B819C81DE
:103390000F900F900F900F90DF91CF910895909123
:1033A0003214953A09F0C5C0811124C080E891E03B
:1033B000DEDF6093641570936515809366159093B6
:1033C00067158CE791E0D3DF6093131570931415A4
:1033D000809315159093161584E791E0C8DF6093EC
:1033E00008157093091580930A1590930B1588E7BB
:1033F00091E025C0813069F580E791E0B8DF609306
:1034000064157093651580936615909367158CE627
:1034100091E0ADDF6093131570931415809315152B
:103420009093161584E691E0A2DF609308157093DF
:10343000091580930A1590930B1588E691E097DFA4
:103440006093601570936115809362159093631576
:1034500094C0823021F580E691E089DF60936415A5
:103460007093651580936615909367158CE591E0D0
:103470007EDF609313157093141580931515909348
:10348000161584E591E073DF6093081570930915B4
:1034900080930A1590930B1588E591E0D0CF833087
:1034A00021F580E591E063DF609364157093651505
:1034B00080936615909367158CE491E058DF6093D4
:1034C000131570931415809315159093161584E4B5
:1034D00091E04DDF609308157093091580930A15EC
:1034E00090930B1588E491E0AACF80E491E03FDF50
:1034F00060936415709365158093661590936715B6
:103500008CE391E034DF609313157093141580936E
:1035100015159093161584E391E029DF6093081543
:103520007093091580930A1590930B1588E391E029
:1035300086CF109264151092651510926615109240
:10354000671580E090E0A0E8BFE3809313159093A7
:103550001415A0931515B093161510920815109216
:10356000091510920A1510920B1510926015109201
:103570006115109262151092631580912B1487FFCC
:1035800018C08091EC1482FF14C010926415109240
:103590006515109266151092671580E090E0A0E81E
:1035A000BFE38093131590931415A0931515B09352
:1035B0001615089590913214953A09F0A9C0811119
:1035C00019C080E391E0D3DE6093E0147093E114BE
:1035D0008093E2149093E3148CE291E0C8DE609350
:1035E000DC147093DD148093DE149093DF1488E272
:1035F00091E01AC0813011F584E291E0B8DE609369
:10360000E0147093E1148093E2149093E31480E249
:1036100091E0ADDE6093DC147093DD148093DE14D2
:103620009093DF148CE191E0A2DE6093D814709344
:10363000D9148093DA149093DB1486C08230C9F4D5
:1036400088E191E094DE6093E0147093E11480933C
:10365000E2149093E31484E191E089DE6093DC143A
:103660007093DD148093DE149093DF1480E191E079
:10367000DBCF8330C9F48CE091E079DE6093E01415
:103680007093E1148093E2149093E31488E091E046
:103690006EDE6093DC147093DD148093DE149093DF
:1036A000DF1484E091E0C0CF8430C9F480E091E081
:1036B0005EDE6093E0147093E1148093E2149093C3
:1036C000E3148CEF90E053DE6093DC147093DD1410
:1036D0008093DE149093DF1488EF90E0A5CF84EF01
:1036E00090E045DE6093E0147093E1148093E2145F
:1036F0009093E31480EF90E03ADE6093DC147093D3
:10370000DD148093DE149093DF148CEE90E08CCF68
:103710001092E0141092E1141092E2141092E3144B
:1037200080E090E0A0E8BFE38093DC149093DD1488
:10373000A093DE14B093DF141092D8141092D91411
:103740001092DA141092DB1480912B1487FF18C0AA
:103750008091EC1483FF14C01092E0141092E114D5
:103760001092E2141092E31480E090E0A0E8BFE32E
:103770008093DC149093DD14A093DE14B093DF14D7
:1037800008958091261481FF55C08091EC1482FF2A
:1037900023C08091E514811103C08CE791E049C0FA
:1037A0008091E514813019F48CE691E042C080915B
:1037B000E514823019F48CE591E03BC08091E5146A
:1037C000833019F48CE491E034C08091E5148430A6
:1037D00089F58CE391E02DC08091EC1483FF2AC021
:1037E00080915C15811103C08CE291E022C0809130
:1037F0005C15813019F480E291E01BC080915C156A
:10380000823019F484E191E014C080915C1583301A
:1038100019F488E091E00DC080915C15843019F4B2
:103820008CEF90E006C080915C15853019F480EF34
:1038300090E09DCD60E070E080E89FEB089580917E
:10384000261481FF55C08091EC1482FF23C0809123
:10385000E514811103C080E891E049C08091E5142E
:10386000813019F480E791E042C08091E514823004
:1038700019F480E691E03BC08091E514833019F49F
:1038800080E591E034C08091E514843089F580E4CE
:1038900091E02DC08091EC1483FF2AC080915C15CB
:1038A000811103C080E391E022C080915C158130DA
:1038B00019F484E291E01BC080915C15823019F408
:1038C00088E191E014C080915C15833019F48CE09C
:1038D00091E00DC080915C15843019F480E091E096
:1038E00006C080915C15853019F484EF90E03FCDDF
:1038F00060E070E080E89FEB0895CF93DF9300D005
:10390000CDB7DEB742E050E0BC01CE0101960E9487
:10391000FC4D89819A810F900F90DF91CF9108958E
:1039200080913214853A19F48BE590E0E6CF81EE70
:1039300094E00895CF93DF9300D000D0CDB7DEB7E9
:1039400044E050E0BC01CE0101960E94FC4D69812B
:103950007A818B819C810F900F900F900F90DF9157
:10396000CF910895CF92DF92EF92FF920F931F9322
:10397000CF93DF93CDB7DEB76C01EDB6FEB650E066
:103980008DB79EB7841B950B0FB6F8949EBF0FBEE4
:103990008DBF0DB71EB70F5F1F4FC8010E94FC4DB2
:1039A000B801C6010E94090C0FB6F894FEBE0FBE06
:1039B000EDBEDF91CF911F910F91FF90EF90DF90BF
:1039C000CF9008954F925F926F927F928F929F92C5
:1039D000AF92BF92CF92DF92EF92FF920F931F931D
:1039E00080E190E00E940C4E80933214809132145A
:1039F000853A09F0D8C245E163ED70E08DE394E1CA
:103A0000B1DF88E590E00E940C4E80932D1486E58E
:103A100090E00E940C4E8093211488EE90E08ADFA3
:103A200060939B1470939C1480939D1490939E14A8
:103A30008AE590E00E940C4E8093301489E590E076
:103A40000E940C4E80932E148DE090E00E940C4E4C
:103A50008093B7068FE490E050DF90938D108093B1
:103A60008C108EE490E00E940C4E809310148DE434
:103A700090E00E940C4E809348128EE891E00E94E4
:103A80000C4E8093EC148DE891E00E940C4E8093D4
:103A900010158CE891E00E940C4E809312158BE873
:103AA00091E00E940C4E809346158AE891E00E94B6
:103AB0000C4E8093071586E891E01FDF90935F1509
:103AC00080935E1588E891E018DF9093EE14809360
:103AD000ED1484E891E00E940C4E8093111585E866
:103AE00091E00E940C4E809331158CE090E00E9492
:103AF0000C4E8093C60288E090E039DC6093AE0201
:103B00007093AF028093B0029093B10284E090E092
:103B10002EDC6093A90A7093AA0A8093AB0A909353
:103B2000AC0A81E090E00E940C4E8093C10280E0DC
:103B300090E00E940C4E8093B20282E090E0DDDEC5
:103B40009093B9028093B8028FE090E00E940C4EEF
:103B500080939A0E8EE090E00E940C4E80939B0E14
:103B600089E490E004DC6093FB137093FC13809372
:103B7000FD139093FE1385E490E0F9DB609343120C
:103B800070934412809345129093461281E490E022
:103B9000EEDB6093621270936312809364129093D1
:103BA00065128DE390E0E3DB60933F127093401267
:103BB000809341129093421289E390E0D8DB6093A6
:103BC000FF1370930014809301149093021485E303
:103BD00090E0CDDB6093191470931A1480931B143A
:103BE00090931C1481E390E0C2DB60930C147093FB
:103BF0000D1480930E1490930F148DE290E0B7DBB8
:103C000060938E1070938F1080939010909391100A
:103C100089E290E0ACDB6093041470930514809308
:103C200006149093071485E290E0A1DB60931D14C5
:103C300070931E1480931F149093201481E290E0DF
:103C400096DB60939F107093A0108093A1109093C7
:103C5000A2108DE190E08BDB60935E1270935F1297
:103C6000809360129093611289E190E080DB609311
:103C7000521270935312809354129093551285E10F
:103C800090E075DB609308147093091480930A1414
:103C900090930B1481E190E06ADB60939310709332
:103CA000941080939510909396108FEC90E05FDBCA
:103CB0006093A3147093A4148093A5149093A614F6
:103CC0008BEC90E054DB60936114709362148093EA
:103CD00063149093641487EC90E049DB60936A145A
:103CE00070936B1480936C1490936D1483EC90E03C
:103CF0003EDB6093761470937714809378149093DE
:103D000079148FEB90E033DB6093931470939414E9
:103D100080939514909396148BEB90E028DB60933E
:103D2000391470933A1480933B1490933C1487EBAE
:103D300090E01DDB6093D0147093D1148093D21463
:103D40009093D31483EB90E012DB60939F147093F5
:103D5000A0148093A1149093A2148FEA90E007DB43
:103D60006093BA027093BB028093BC029093BD0231
:103D70008BEA90E0FCDA6093AA027093AB02809326
:103D8000AC029093AD0287EA90E0F1DA60938E1472
:103D900070938F14809390149093911483EA90E021
:103DA000E6DA6093C1147093C2148093C3149093A5
:103DB000C4148FE990E0DBDA60937E1470937F1473
:103DC00080938014909381148BE990E0D0DA609313
:103DD000AC147093AD148093AE149093AF1487E934
:103DE00090E0C5DA6093B9147093BA148093BB1451
:103DF0009093BC146091B9147091BA148091BB1463
:103E00009091BC142091B9143091BA144091BB1414
:103E10005091BC140E9461496093B9147093BA1414
:103E20008093BB149093BC1485E990E066DD909379
:103E3000C6148093C51481E990E099DA60938614E2
:103E40007093871480938814909389148DE890E080
:103E50008EDA6093351470933614809337149093F0
:103E6000381489E890E083DA6093651470936614DF
:103E7000809367149093681485E890E078DA6093F3
:103E8000B5147093B6148093B7149093B81481E866
:103E900090E06DDA60936E1470936F1480937014D9
:103EA0009093711487E590E00E940C4E80932B1440
:103EB00080E890E00E940C4E8093A9148CE790E07B
:103EC00056DA609356147093571480935814909355
:103ED000591488E790E04BDA6093B1147093B214F0
:103EE0008093B3149093B41487E790E00E940C4E33
:103EF0008093CB1483E790E03ADA60935214709386
:103F0000531480935414909355148FE690E02FDA55
:103F10006093821470938314809384149093851417
:103F20008BE690E024DA609372147093731480939C
:103F300074149093751487E690E019DA6093CC14AA
:103F40007093CD148093CE149093CF1483E690E0B9
:103F50000EDA60938A1470938B1480938C14909370
:103F60008D148FE590E003DA60937A1470937B14DC
:103F700080937C1490937D148DE590E0BEDC90934B
:103F8000A8148093A71482E590E0F1D960932214DD
:103F900070932314809324149093251481E590E06A
:103FA0000E940C4E5EC268E772E08DE394E10E94CD
:103FB000090C95E090932D1483E08093211440E048
:103FC00054E264EF70E040939B1450939C14609310
:103FD0009D1470939E149093301484E680932E1455
:103FE0008AE08093B706E1E0F0E0F0938D10E09373
:103FF0008C1081E080931014809348121092EC147E
:1040000024E020931015909312159FEF909346157E
:10401000909307152AEF30E030935F1520935E15DB
:104020003093EE142093ED1424E630E030935F15C6
:1040300020935E153093EE142093ED141092C60277
:1040400046EA5FE069EC7FE34093AE025093AF0233
:104050006093B0027093B1024EEA57E461E87FE3E7
:104060004093A90A5093AA0A6093AB0A7093AC0AD2
:104070008093C1028093B20285E090E09093B902F0
:104080008093B80210929A0E10929B0E1092FB131E
:104090001092FC131092FD131092FE1380E090E03A
:1040A000A0E8BFE38093431290934412A09345127B
:1040B000B093461210926212109263121092641220
:1040C0001092651280933F1290934012A093411278
:1040D000B09342121092FF13109200141092011428
:1040E000109202142FEAC22E23E2D22E2EEEE22EDE
:1040F0002EE3F22EC0921914D0921A14E0921B14DF
:10410000F0921C1400E010E523E437E400930C1453
:1041100010930D1420930E1430930F1447E157EBB6
:1041200061ED78E340938E1050938F106093901060
:10413000709391100F2EF9E98F2EF1EA9F2EF8E976
:10414000AF2EF9E3BF2EF02D809204149092051447
:10415000A0920614B0920714C0921D14D0921E149F
:10416000E0921F14F092201400939F101093A0105F
:104170002093A1103093A21040935E1250935F12CF
:1041800060936012709361124DE557E763E879E33D
:1041900040935212509353126093541270935512DD
:1041A00040E050E062E274E4409308145093091434
:1041B00060930A1470930B1480939310909394104F
:1041C000A0939510B09396101092A3141092A4147B
:1041D0001092A5141092A61440E050E060E272E440
:1041E0004093611450936214609363147093641449
:1041F00040E050E060EA70E440936A1450936B141E
:1042000060936C1470936D1400E010E02CE032E4C5
:1042100000937614109377142093781430937914C4
:104220001092931410929414109295141092961464
:1042300000E010E020EA32E40093391410933A14BD
:1042400020933B1430933C144093D0145093D114DA
:104250006093D2147093D31400E010E020E732E4AE
:1042600000939F141093A0142093A1143093A214D0
:1042700000E010E62AE636E40093BA021093BB028F
:104280002093BC023093BD0200E018EC2FE237E42B
:104290000093AA021093AB022093AC023093AD02BC
:1042A000412C512C2AE7622E24E4722E40928E1467
:1042B00050928F14609290147092911400E010E06C
:1042C00020E231E40093C1141093C2142093C3146C
:1042D0003093C4140F2EFAE98F2EF9E99F2EA92CE2
:1042E000FFE3BF2EF02D80927E1490927F14A09257
:1042F0008014B09281140F2EFAE9CF2EF9E9DF2E47
:10430000F9E1EF2EFFE3FF2EF02DC092AC14D09216
:10431000AD14E092AE14F092AF140F2EC12CF4E263
:10432000DF2EF4E7EF2EF9E4FF2EF02DC092B91442
:10433000D092BA14E092BB14F092BC14F093C6145D
:10434000E093C514409286145092871460928814AA
:10435000709289148093351490933614A093371477
:10436000B09338148092651490926614A0926714EA
:10437000B09268148AE999E9A9E1BFE38093B51482
:104380009093B614A093B714B093B81400936E141E
:1043900010936F14209370143093711410922B1497
:1043A0001092A91410925614109257141092581487
:1043B000109259141092B1141092B2141092B314B6
:1043C0001092B4141092CB14C12CD12C80EFE82E93
:1043D00081E4F82EC0925214D0925314E0925414F7
:1043E000F092551480E090E0A8ECB1E48093821440
:1043F00090938314A0938414B0938514C092721484
:10440000D0927314E0927414F09275148093CC14CB
:104410009093CD14A093CE14B093CF1400938A142C
:1044200010938B1420938C1430938D1440937A1432
:1044300050937B1460937C1470937D1480E699E014
:104440009093A8148093A71480E090E0ACE8B2E4C5
:104450008093221490932314A0932414B0932514D2
:1044600082E08093341460918C1070918D101091C3
:10447000101480E090E00E94D1476B017C01612F15
:1044800070E080E090E00E94D1479B01AC01C70141
:10449000B6010E9461499B01AC0160E070E080E8D8
:1044A0009FE30E9407476093A3107093A41080932A
:1044B000A5109093A6106091481270E080E090E003
:1044C0000E94D1479B01AC0160E070E080E89FE36F
:1044D0000E94074760935A1270935B1280935C129C
:1044E00090935D1260919B1470919C1480919D1427
:1044F00090919E140E94D34720E034E244E759E4AF
:104500000E9407479B01AC0160E070E080E89FE3F8
:104510000E94074720E030E04DE353E40E946149E8
:104520006093C7027093C8028093C9029093CA0235
:1045300060919B1470919C1480919D1490919E1495
:104540000E94D34720E034E244E759E40E94074741
:104550009B01AC0160E070E080E89FE30E940747A8
:1045600020E030E040E051E40E9461496093B402F1
:104570007093B5028093B6029093B7021F910F918A
:10458000FF90EF90DF90CF90BF90AF909F908F9073
:104590007F906F905F904F9008958F929F92AF920F
:1045A000BF92DF92EF92FF920F931F93CF93DF930F
:1045B000CDB7DEB7C557D1090FB6F894DEBF0FBE31
:1045C000CDBF8C01F62E81E068133DC0F801CE010D
:1045D00001964C01DC01D12C5C018191893069F09C
:1045E000811105C080E892E00E941D0B5DC68D938D
:1045F000D39496E0D912F1CFF5CFF401ED0DF11D72
:104600001082C4010E94E54AE82ED39490E0F8019C
:10461000ED0DF11D2081222361F0F40121934F0162
:10462000D3949F5F913699F780E992E00E941D0B29
:104630003BC6F501E90FF11D10824AE0B80190E098
:104640000E94074C04C0C8010E94E54AE82E60EAB7
:1046500072E0C8010E941A0CE1100AC09801AE0174
:104660004F5F5F4F6F2D80E190E00E943F191CC6A5
:10467000F1E0EF1221C0FF1211C0BE016F5F7F4F4A
:10468000CE018F599F4F0E94090C44E150E063ED29
:1046900070E0CE018F599F4F0E94144E44E163EDAC
:1046A00070E0CE018F599F4F5DD9BE016F597F4F8A
:1046B000C8010E941A0CF8C582E0E8120AC09801ED
:1046C000AE014F5F5F4F6F2D88E590E00E943F196C
:1046D000EBC593E0E9120AC09801AE014F5F5F4F4E
:1046E0006F2D86E590E00E943F19DEC5E5E0EE12F1
:1046F00026C0F1E0FF1213C0CE0101960E94024BCA
:10470000A5966CAF7DAF8EAF9FAFA59744E050E00C
:1047100068EE70E0CE018F599F4F0E94144E88EED4
:1047200090E008D92AE0AE014F5F5F4F0E94114C24
:10473000BE016F5F7F4FC8010E941A0CB5C586E0AD
:10474000E8120AC09801AE014F5F5F4F6F2D8BE5F5
:1047500090E00E946D19A8C597E0E9120AC098017F
:10476000AE014F5F5F4F6F2D8AE590E00E943F19C9
:104770009BC5E8E0EE120AC09801AE014F5F5F4FA3
:104780006F2D89E590E00E943F198EC5FAE0EF1287
:104790000AC09801AE014F5F5F4F6F2D8FE490E02C
:1047A0000E946D1981C58BE0E8120AC09801AE0124
:1047B0004F5F5F4F6F2D8DE490E00E943F1974C5ED
:1047C0009CE0E9120AC09801AE014F5F5F4F6F2D68
:1047D0008EE490E00E943F1967C5E4E1EE120AC042
:1047E0009801AE014F5F5F4F6F2D8EE891E00E9400
:1047F0003F195AC5F5E1EF120AC09801AE014F5FAB
:104800005F4F6F2D8DE891E00E943F194DC586E105
:10481000E8120AC09801AE014F5F5F4F6F2D8CE820
:1048200091E00E943F1940C597E1E9120AC0980142
:10483000AE014F5F5F4F6F2D86E891E00E946D19CA
:1048400033C5E8E1EE120AC09801AE014F5F5F4F39
:104850006F2D88E891E00E946D1926C5F5E5EF12ED
:104860000AC09801AE014F5F5F4F6F2D84E891E061
:104870000E943F1919C586E5E8120AC09801AE01E9
:104880004F5F5F4F6F2D85E891E00E943F190CC587
:1048900099E1E9120AC09801AE014F5F5F4F6F2D99
:1048A00080E891E00E940219FFC4EAE1EE120AC01A
:1048B0009801AE014F5F5F4F6F2D8CE791E00E9432
:1048C0000219F2C4FBE1EF120AC09801AE014F5F7A
:1048D0005F4F6F2D88E791E00E940219E5C48CE1DB
:1048E000E8120AC09801AE014F5F5F4F6F2D84E759
:1048F00091E00E940219D8C49EE1E9120AC0980111
:10490000AE014F5F5F4F6F2D80E791E00E9402196B
:10491000CBC4EFE1EE120AC09801AE014F5F5F4FCA
:104920006F2D8CE691E00E940219BEC4F0E2EF12F6
:104930000AC09801AE014F5F5F4F6F2D88E691E08E
:104940000E940219B1C481E2E8120AC09801AE01C6
:104950004F5F5F4F6F2D84E691E00E940219A4C45F
:1049600093E2E9120AC09801AE014F5F5F4F6F2DCD
:1049700080E691E00E94021997C4E4E2EE120AC0B8
:104980009801AE014F5F5F4F6F2D8CE591E00E9463
:1049900002198AC4F5E2EF120AC09801AE014F5F16
:1049A0005F4F6F2D88E591E00E9402197DC486E279
:1049B000E8120AC09801AE014F5F5F4F6F2D84E58A
:1049C00091E00E94021970C498E2E9120AC09801AD
:1049D000AE014F5F5F4F6F2D80E591E00E9402199D
:1049E00063C4E9E2EE120AC09801AE014F5F5F4F67
:1049F0006F2D8CE491E00E94021956C4FAE2EF1286
:104A00000AC09801AE014F5F5F4F6F2D88E491E0BF
:104A10000E94021949C48BE2E8120AC09801AE0153
:104A20004F5F5F4F6F2D84E491E00E9402193CC4F8
:104A30009DE2E9120AC09801AE014F5F5F4F6F2DF2
:104A400080E491E00E9402192FC4EEE2EE120AC047
:104A50009801AE014F5F5F4F6F2D8CE391E00E9494
:104A6000021922C4FFE2EF120AC09801AE014F5FA3
:104A70005F4F6F2D88E391E00E94021915C480E317
:104A8000E8120AC09801AE014F5F5F4F6F2D84E3BB
:104A900091E00E94021908C497E3E9120AC0980144
:104AA000AE014F5F5F4F6F2D80E391E00E940219CE
:104AB000FBC3E8E3EE120AC09801AE014F5F5F4FFF
:104AC0006F2D8CE291E00E940219EEC3F9E3EF1220
:104AD0000AC09801AE014F5F5F4F6F2D88E291E0F1
:104AE0000E940219E1C38CE3E8120AC09801AE01EA
:104AF0004F5F5F4F6F2D84E291E00E940219D4C393
:104B00009DE3E9120AC09801AE014F5F5F4F6F2D20
:104B100080E291E00E940219C7C3EEE3EE120AC0E0
:104B20009801AE014F5F5F4F6F2D8CE191E00E94C5
:104B30000219BAC3F1E4EF120AC09801AE014F5F47
:104B40005F4F6F2D88E191E00E940219ADC382E4AE
:104B5000E8120AC09801AE014F5F5F4F6F2D84E1EC
:104B600091E00E940219A0C393E4E9120AC09801DF
:104B7000AE014F5F5F4F6F2D80E191E00E940219FF
:104B800093C3E6E4EE120AC09801AE014F5F5F4F97
:104B90006F2D8CE091E00E94021986C3F7E4EF12BA
:104BA0000AC09801AE014F5F5F4F6F2D88E091E022
:104BB0000E94021979C388E4E8120AC09801AE0184
:104BC0004F5F5F4F6F2D84E091E00E9402196CC32C
:104BD0009BE4E9120AC09801AE014F5F5F4F6F2D51
:104BE00080E091E00E9402195FC3ECE4EE120AC07B
:104BF0009801AE014F5F5F4F6F2D8CEF90E00E94E8
:104C0000021952C3FDE4EF120AC09801AE014F5FD2
:104C10005F4F6F2D88EF90E00E94021945C380E539
:104C2000E8120AC09801AE014F5F5F4F6F2D84EF0D
:104C300090E00E94021938C391E5E9120AC0980178
:104C4000AE014F5F5F4F6F2D80EF90E00E94021921
:104C50002BC3E2E5EE120AC09801AE014F5F5F4F31
:104C60006F2D8CEE90E00E9402191EC3F3E5EF1247
:104C70000AC09801AE014F5F5F4F6F2D8BE891E046
:104C80000E943F1911C384E5E8120AC09801AE01E1
:104C90004F5F5F4F6F2D8AE891E00E943F1904C378
:104CA0009AE5E9120AC09801AE014F5F5F4F6F2D80
:104CB00089E490E00E940219F7C2EBE5EE120AC007
:104CC0009801AE014F5F5F4F6F2D85E490E00E9429
:104CD0000219EAC2FFE5EF120AC09801AE014F5F68
:104CE0005F4F6F2D81E490E00E940219DDC280E6E3
:104CF000E8120AC09801AE014F5F5F4F6F2D8DE340
:104D000090E00E940219D0C291E6E9120AC098010F
:104D1000AE014F5F5F4F6F2D89E390E00E94021953
:104D2000C3C2E4E6EE120AC09801AE014F5F5F4FC6
:104D30006F2D85E390E00E940219B6C2F5E6EF12EE
:104D40000AC09801AE014F5F5F4F6F2D81E390E085
:104D50000E940219A9C286E6E8120AC09801AE01B3
:104D60004F5F5F4F6F2D8DE290E00E9402199CC251
:104D700097E6E9120AC09801AE014F5F5F4F6F2DB1
:104D800089E290E00E9402198FC2E9E6EE120AC0A1
:104D90009801AE014F5F5F4F6F2D85E290E00E945A
:104DA000021982C2FAE6EF120AC09801AE014F5F03
:104DB0005F4F6F2D81E290E00E94021975C28BE671
:104DC000E8120AC09801AE014F5F5F4F6F2D8DE171
:104DD00090E00E94021968C29CE6E9120AC098019C
:104DE000AE014F5F5F4F6F2D89E190E00E94021985
:104DF0005BC2EEE6EE120AC09801AE014F5F5F4F54
:104E00006F2D85E190E00E9402194EC2FFE6EF127D
:104E10000AC09801AE014F5F5F4F6F2D81E190E0B6
:104E20000E94021941C283E7E8120AC09801AE014C
:104E30004F5F5F4F6F2D8FE090E00E943F1934C2AB
:104E400094E7E9120AC09801AE014F5F5F4F6F2DE2
:104E50008EE090E00E943F1927C2EDE7EE120AC0F3
:104E60009801AE014F5F5F4F6F2D8FEC90E00E9475
:104E700002191AC2FEE7EF120AC09801AE014F5F95
:104E80005F4F6F2D8BEC90E00E9402190DC28FE7EF
:104E9000E8120AC09801AE014F5F5F4F6F2D87EC9B
:104EA00090E00E94021900C290E8E9120AC098013D
:104EB000AE014F5F5F4F6F2D83EC90E00E940219AF
:104EC000F3C1E2E8EE120AC09801AE014F5F5F4FF6
:104ED0006F2D8FEB90E00E940219E6C1F3E8EF120C
:104EE0000AC09801AE014F5F5F4F6F2D8BEB90E0D2
:104EF0000E940219D9C184E8E8120AC09801AE01E3
:104F00004F5F5F4F6F2D87EB90E00E940219CCC17D
:104F100095E8E9120AC09801AE014F5F5F4F6F2D0F
:104F200083EB90E00E940219BFC1E7E8EE120AC0CD
:104F30009801AE014F5F5F4F6F2D8FEA90E00E94A6
:104F40000219B2C1F8E8EF120AC09801AE014F5F32
:104F50005F4F6F2D8BEA90E00E940219A5C18CE88B
:104F6000E8120AC09801AE014F5F5F4F6F2D8DE0D0
:104F700090E00E943F1998C19DE8E9120AC098018B
:104F8000AE014F5F5F4F6F2D8CE090E00E943F19A4
:104F90008BC1EEE8EE120AC09801AE014F5F5F4F81
:104FA0006F2D88E090E00E9402197EC1FFE8EF12A9
:104FB0000AC09801AE014F5F5F4F6F2D84E090E013
:104FC0000E94021971C180E9E8120AC09801AE017D
:104FD0004F5F5F4F6F2D82E090E00E946D1964C1BA
:104FE00091E9E9120AC09801AE014F5F5F4F6F2D42
:104FF00081E090E00E943F1957C1E2E9EE120AC039
:105000009801AE014F5F5F4F6F2D80E090E00E94EE
:105010003F194AC1F6E9EF120AC09801AE014F5F8D
:105020005F4F6F2D87EA90E00E9402193DC187E92A
:10503000E8120AC09801AE014F5F5F4F6F2D83EAFF
:1050400090E00E94021930C198E9E9120AC0980163
:10505000AE014F5F5F4F6F2D8FE990E00E94021904
:1050600023C1E9E9EE120AC09801AE014F5F5F4F1C
:105070006F2D8BE990E00E94021916C1FAE9EF1238
:105080000AC09801AE014F5F5F4F6F2D87E990E036
:105090000E94021909C18BE9E8120AC09801AE0109
:1050A0004F5F5F4F6F2D85E990E00E946D19FCC046
:1050B00090EAE9120AC09801AE014F5F5F4F6F2D71
:1050C00081E990E00E940219EFC0E1EAEE120AC005
:1050D0009801AE014F5F5F4F6F2D8DE890E00E9409
:1050E0000219E2C0F2EAEF120AC09801AE014F5F66
:1050F0005F4F6F2D89E890E00E940219D5C083EAC6
:10510000E8120AC09801AE014F5F5F4F6F2D85E82E
:1051100090E00E940219C8C094EAE9120AC09801FE
:10512000AE014F5F5F4F6F2D81E890E00E94021942
:10513000BBC0E5EAEE120AC09801AE014F5F5F4FB7
:105140006F2D87E590E00E943F19AEC0F6EAEF129E
:105150000AC09801AE014F5F5F4F6F2D80E890E06D
:105160000E943F19A1C087EAE8120AC09801AE0167
:105170004F5F5F4F6F2D8CE790E00E94021994C043
:1051800098EAE9120AC09801AE014F5F5F4F6F2D98
:1051900088E790E00E94021987C0EFEAEE120AC089
:1051A0009801AE014F5F5F4F6F2D87E790E00E943F
:1051B0003F197AC0F0EBEF120AC09801AE014F5FC1
:1051C0005F4F6F2D83E790E00E9402196DC081EB65
:1051D000E8120AC09801AE014F5F5F4F6F2D8FE656
:1051E00090E00E94021960C092EBE9120AC0980197
:1051F000AE014F5F5F4F6F2D8BE690E00E9402196A
:1052000053C0E3EBEE120AC09801AE014F5F5F4F4F
:105210006F2D87E690E00E94021946C0F4EBEF1272
:105220000AC09801AE014F5F5F4F6F2D83E690E09B
:105230000E94021939C085EBE8120AC09801AE013C
:105240004F5F5F4F6F2D8FE590E00E9402192CC0D9
:1052500096EBE9120AC09801AE014F5F5F4F6F2DC8
:105260008DE590E00E946D191FC0E7EBEE120AC0B9
:105270009801AE014F5F5F4F6F2D82E590E00E9475
:10528000021912C0F8EBEF120AC09801AE014F5F8D
:105290005F4F6F2D81E590E00E943F1905C069E1E5
:1052A00071E0C8010E941A0CCB58DF4F0FB6F8947A
:1052B000DEBF0FBECDBFDF91CF911F910F91FF9049
:1052C000EF90DF90BF90AF909F908F90089585E012
:1052D0008A95F1F700002A9A80E18A95F1F72A98D9
:1052E0001EBC0DB407FEFDCF9EB51EBC0DB407FE5F
:1052F000FDCF8EB50895CF92DF92EF92FF929C0181
:10530000C12CD12C760160E070E0CB012115310574
:10531000E1F02150310945E04A95F1F700002A9A61
:1053200040E14A95F1F72A981EBC0DB407FEFDCF67
:105330004EB5D42E1EBC0DB407FEFDCF4EB5C42E07
:105340006C0D7D1D8E1D9F1DE1CFFF90EF90DF90B6
:10535000CF900895CF92DF92EF92FF929C01C12CE3
:10536000D12C7601109292101092031460E070E03C
:10537000CB01F1E02115310551F12150310945E012
:105380004A95F1F700002A9A40E14A95F1F72A98E8
:105390001EBC0DB407FEFDCFEEB5DE2E1EBC0DB457
:1053A00007FEFDCFEEB5CE2EAD2DD11005C0E1111B
:1053B00009C0F093031406C0AF3F21F4EF3F11F48E
:1053C000F09392106C0D7D1D8E1D9F1DD3CFFF900D
:1053D000EF90DF90CF9008954F925F926F927F92FF
:1053E0008F929F92AF92BF92CF92DF92EF92FF92F5
:1053F00080918C1090918D10ADDF139A12981198B6
:1054000030914D1220911014321710F010924D125D
:105410002091E41420FF15C02091E4142E7F2093E6
:10542000E414209110142223C1F0215034E0239F72
:10543000F0011124E555FF4E6083718382839383CD
:10544000F2CFE0914D1224E0E29FF0011124E555E6
:10545000FF4E60837183828393832091101460E0F8
:1054600070E0CB01222381F0215034E0239FF00132
:105470001124E555FF4EC080D180E280F3806C0D91
:105480007D1D8E1D9F1DEECF4090A3105090A41047
:105490006090A5107090A61080906415909065158E
:1054A000A0906615B0906715C0901315D090141594
:1054B000E0901515F09016150E94D147A3019201B6
:1054C0000E946149A50194010E949F46A70196018F
:1054D0000E9461496093971070939810809399107F
:1054E00090939A1080910314882349F08091261498
:1054F0008460809326148091EC1480621AC080919D
:105500009210882371F08091261484608093261471
:105510008091EC1480618093EC148091EC148F7D69
:105520000DC0809126148B7F809326148091EC14FB
:105530008F7D8093EC148091EC148F7E8093EC141B
:1055400087EF90E00197F1F700C0000080918C1088
:1055500090918D10FFDE1398129A11982091E41407
:1055600021FF15C02091E4142D7F2093E414209195
:1055700010142223C1F0215034E0239FF0011124A4
:10558000EA59FD4E6083718382839383F2CFE09169
:105590004D1224E0E29FF0011124EA59FD4E608390
:1055A00071838283938380914D128F5F80934D121C
:1055B0002091101460E070E0CB01222381F0215093
:1055C00034E0239FF0011124EA59FD4EC080D180C0
:1055D000E280F3806C0D7D1D8E1D9F1DEECF4090EF
:1055E000A3105090A4106090A5107090A610809009
:1055F000E0149090E114A090E214B090E314C090F5
:10560000DC14D090DD14E090DE14F090DF140E94E2
:10561000D147A30192010E946149A50194010E9412
:105620009F46A70196010E94614960934E127093B4
:105630004F12809350129093511260919710709175
:1056400098108091991090919A102091081530919E
:10565000091540910A1550910B15C0904E12D0902B
:105660004F12E0905012F09051120E946149A70130
:1056700096010E949F466093491270934A1280934C
:105680004B1290934C1280910314882349F080911F
:1056900026148860809326148091EC1480681AC0C8
:1056A00080919210882371F08091261488608093F5
:1056B00026148091EC1480648093EC148091EC1497
:1056C0008F770DC080912614877F80932614809158
:1056D000EC148F778093EC148091EC148F7B809383
:1056E000EC1485ED8A95F1F700008091481290E066
:1056F00002DE139A129A1198C0905A12D0905B123F
:10570000E0905C12F0905D120E94D147A7019601D3
:105710000E94614960939B1070939C1080939D1030
:1057200090939E108FE591E00197F1F700C0000083
:105730008091481290E0DFDD139A1298119A409000
:105740005A1250905B1260905C1270905D128090C3
:10575000431290904412A0904512B0904612C0900F
:10576000FB13D090FC13E090FD13F090FE130E9409
:10577000D147A30192010E946149A50194010E94B1
:105780006149A70196010E949F466093111470938E
:105790001214809313149093141483E291E00197F0
:1057A000F1F700C000008091481290E0A4DD13984A
:1057B0001298119AC0905A12D0905B12E0905C122D
:1057C000F0905D120E94D147A70196010E946149A5
:1057D0002091191430911A1440911B1450911C14EB
:1057E0000E9461496B017C019B01AC0160E070E0AB
:1057F00080E897E40E949E469B01AC01C701B60178
:105800000E94074720910C1430910D1440910E1402
:1058100050910F14C0908E10D0908F10E090901087
:10582000F09091100E946149A70196010E94614980
:105830000E94EE4820910414309105144091061402
:10584000509107140E9461492EE13FEC4BE55BE368
:105850000E949F469B01AC0160E070E080E89FE3FE
:105860000E94074723E333E948E853E40E949E4639
:105870006093A7107093A8108093A9109093AA101A
:105880008091481290E037DD139812981198C090DB
:105890005A12D0905B12E0905C12F0905D120E9460
:1058A000D147A70196010E94614920911D143091B2
:1058B0001E1440911F14509120140E9461496B01E5
:1058C0007C019B01AC0160E070E080E897E40E94FD
:1058D0009E469B01AC01C701B6010E94074720917B
:1058E0009F103091A0104091A1105091A210C09033
:1058F0005E12D0905F12E0906012F09061120E94F0
:105900006149A70196010E9461490E94EE482091D9
:1059100052123091531240915412509155120E94DC
:1059200061492EE13FEC4BE55BE30E949F469B0102
:10593000AC0160E070E080E89FE30E94074723E34A
:1059400033E948E853E40E949E466093151470932F
:1059500016148093171490931814FF90EF90DF9013
:10596000CF90BF90AF909F908F907F906F905F90FF
:105970004F9008954F925F926F927F928F929F9275
:10598000AF92BF92CF92DF92EF92FF92139812984C
:1059900011988FE891E00197F1F700C00000209185
:1059A000101480918C1090918D10AC01249FC00137
:1059B000259F900D1124CEDC4090A3105090A41090
:1059C0006090A5107090A610809064159090651559
:1059D000A0906615B0906715C0901315D09014155F
:1059E000E0901515F09016150E94D147A301920181
:1059F0000E946149A50194010E949F46A70196015A
:105A00000E94614960939710709398108093991049
:105A100090939A1080910314882321F08091EC14C4
:105A2000806210C080919210882349F08091EC141C
:105A300080618093EC148091EC148F7D08C080917C
:105A4000EC148F7D8093EC148091EC148F7E809306
:105A5000EC14139A129A119AFF90EF90DF90CF9066
:105A6000BF90AF909F908F907F906F905F904F907E
:105A700008954F925F926F927F928F929F92AF9212
:105A8000BF92CF92DF92EF92FF92139A12981198E1
:105A90008FE891E00197F1F700C000002091101409
:105AA00080918C1090918D10AC01249FC001259F96
:105AB000900D11244FDC4090A3105090A4106090E2
:105AC000A5107090A6108090E0149090E114A09022
:105AD000E214B090E314C090DC14D090DD14E09098
:105AE000DE14F090DF140E94D147A30192010E94BE
:105AF0006149A50194010E949F46A70196010E9459
:105B0000614960934E1270934F128093501290939C
:105B1000511280910314882321F08091EC14806845
:105B200010C080919210882349F08091EC14806419
:105B30008093EC148091EC148F7708C08091EC1462
:105B40008F778093EC148091EC148F7B8093EC140E
:105B5000139A129A119AFF90EF90DF90CF90BF9016
:105B6000AF909F908F907F906F905F904F9008952F
:105B70002CB528602CBD8F5F9F472C981EBC0DB4A0
:105B800007FEFDCF9EBD0DB407FEFDCF8EBD0DB44B
:105B900007FEFDCF2C9A8CB5877F8CBD08954F9260
:105BA0005F926F927F928F929F92AF92BF92CF92AD
:105BB000DF92EF92FF924B015C012091131530911F
:105BC0001415409115155091161540909310509052
:105BD00094106090951070909610C0900814D0901A
:105BE0000914E0900A14F0900B140E940747A301D7
:105BF00092010E946149A70196010E949F466B0194
:105C00007C0120E03AEF4FE757E40E94A84887FF65
:105C100017C0209108143091091440910A14509132
:105C20000B14C701B6010E94034787FF10C0C09044
:105C30000814D0900914E0900A14F0900B1407C0D7
:105C4000C12C8AEFD82E8FE7E82E87E4F82E8092B9
:105C5000971490929814A0929914B0929A14C70134
:105C6000B6010E94A547CB01FF90EF90DF90CF9047
:105C7000BF90AF909F908F907F906F905F904F906C
:105C800077CF8CB581608CBD8CB582608CBD8CB5B6
:105C900084608CBD149880E88EBD0DB407FEFDCFE6
:105CA00081EE8EBD0DB407FEFDCF149A8CB58B7FAF
:105CB0008CBD8CB58E7F8CBD08958CB581608CBDFC
:105CC0008CB582608CBD8CB584608CBD149881E0ED
:105CD0008EBD0DB407FEFDCF8FEF8EBD0DB407FE58
:105CE000FDCF2EB560E070E0CB01722F2FEF2EBDFF
:105CF0000DB407FEFDCF2EB5622F9695879577954B
:105D00006795149A2CB52B7F2CBD2CB52E7F2CBDFE
:105D100008958CB581608CBD8CB582608CBD8CB5CE
:105D200084608CBD149880E88EBD0DB407FEFDCF55
:105D300083E08EBD0DB407FEFDCF149A149881E860
:105D40008EBD0DB407FEFDCF87E78EBD0DB407FEF7
:105D5000FDCF149A149880E88EBD0DB407FEFDCFD8
:105D600081E88EBD0DB407FEFDCF149A8CB58B7FF4
:105D70008CBD8CB58D7F8CBD08958CB581608CBD3C
:105D80008CB58D7F8CBD8CB584608CBD14988CE0F7
:105D90008EBD0DB407FEFDCF8FEF8EBD0DB407FE97
:105DA000FDCF3EB58FEF8EBD0DB407FEFDCF6EB5B6
:105DB0008FEF8EBD0DB407FEFDCF2EB5149A8CB5B6
:105DC0008B7F8CBD8CB58D7F8CBD862F90E0A0E045
:105DD000B0E0BA2FA92F982F8827A32B822BBC01C4
:105DE000CD0155E095958795779567955A95D1F7AB
:105DF00082FF02C0886F9F6F0E94D34720E030E08F
:105E000040E05CE30C94614984EA8093BC0080919B
:105E1000BC0087FFFCCF8091B900887F883009F0F3
:105E20008EC085E38A95F1F7000080EC8093BB007B
:105E300084E88093BC008091BC0087FFFCCF8091F8
:105E4000B900887F883109F07AC085E38A95F1F737
:105E5000000085E08093BB0084E88093BC008091C3
:105E6000BC0087FFFCCF8091B900887F883209F0A1
:105E700066C085E38A95F1F700001092BB0084E8C4
:105E80008093BC008091BC0087FFFCCF8091B9005B
:105E9000887F883209F053C085E38A95F1F70000C6
:105EA00084E98093BC0085E38A95F1F7000084EAD9
:105EB0008093BC008091BC0087FFFCCF8091B9002B
:105EC000887F8830E1F585E38A95F1F7000080EC62
:105ED0008093BB0084E88093BC008091BC0087FF66
:105EE000FCCF8091B900887F883149F585E38A9598
:105EF000F1F7000086E08093BB0084E88093BC004B
:105F00008091BC0087FFFCCF8091B900887F8832E8
:105F1000B1F485E38A95F1F700001092BB0084E8A4
:105F20008093BC008091BC0087FFFCCF8091B900BA
:105F3000887F883221F485E38A95F1F7000084E9AF
:105F40008093BC0085E38A95F1F70000089548EE40
:105F50005DEF24EA2093BC002091BC0027FFFCCF1A
:105F60002091B900287F283009F06FC085E38A9519
:105F7000F1F7000020EC2093BB0024E82093BC0044
:105F80002091BC0027FFFCCF2091B900287F283149
:105F900009F05BC085E38A95F1F700001092BB0021
:105FA00024E82093BC002091BC0027FFFCCF209167
:105FB000B900287F283209F048C085E38A95F1F7B7
:105FC000000024E92093BC008AE68A95F1F700C01E
:105FD00024EA2093BC002091BC0027FFFCCF209135
:105FE000B900287F283089F585E38A95F1F700000C
:105FF00021EC2093BB0024E82093BC002091BC003E
:1060000027FFFCCF2091B900287F2034F1F424EC45
:106010002093BC002091BC0027FFFCCF2091B90049
:10602000287F203591F42091BB00522F24E8209343
:10603000BC002091BC0027FFFCCF2091B900287F35
:10604000283519F42091BB00422F24E92093BC008D
:10605000BA0180E090E057FF0EC00E94D14720E0D7
:1060600030E040E85DE30E94614920E030E040E834
:1060700055E40C949E460E94D14720E030E040E871
:106080005DE30C94614994EA9093BC009091BC004C
:1060900097FFFCCF9091B900987F9830B1F590E4CC
:1060A0009093BB0094E89093BC009091BC0097FF44
:1060B000FCCF9091B900987F983139F58093BB005F
:1060C00084E88093BC008091BC0087FFFCCF809166
:1060D000B900887F8832C9F46093BB0084E880935C
:1060E000BC008091BC0087FFFCCF8091B900887F05
:1060F000883259F44093BB0084E88093BC008091BF
:10610000BC0087FFFCCF8091B90084E98093BC007C
:106110008AE68A95F1F700C0089580E48093B8007C
:10612000E9EBF0E080818D7F808380818E7F8083AA
:106130004091FA136091471282E0A5DF40E060E0F1
:1061400086E0A1CF2C9A249A2B9A239A2A98229AF5
:1061500080912D1480FF14C080912114813021F092
:1061600080912114833021F4149A0C9A559808C018
:1061700080912114823021F40C980D9855985698EE
:1061800080912D1482FF02C00D9815980E9A0F9AD7
:106190003E983D983B983C983A9813980B9A1298E1
:1061A0000A9A1198099A5A98529A0898209A289807
:1061B0002998099A3F9A4798579A5F98089580E4DA
:1061C00080939F0E369905C080919F0E8F5F8093BC
:1061D0009F0E359905C080919F0E8E5F80939F0E14
:1061E000339905C080919F0E8C5F80939F0E3499E8
:1061F00005C080919F0E885F80939F0E329905C0E5
:1062000080919F0E805F80939F0E0895CF93DF93C0
:1062100000D000D000D0CDB7DEB7F894A89584B7F1
:10622000877F84BF0FB6F894A8958091600088613D
:1062300080936000109260000FBE10922F14109295
:1062400033141092261410922B1410922D141092C5
:1062500031141092291410922C141092A914109237
:1062600092141092561410925714109258141092BF
:1062700059141092BD141092BE141092BF141092B3
:10628000C0141092B1141092B2141092B314109260
:10629000B414109247121092FA132FEF84E39CE08B
:1062A000215080409040E1F700C000000E94E21CB5
:1062B00049DF9FE088E10FB6F894A89580936000CD
:1062C0000FBE90936000A89528DF4091FA1360916B
:1062D000471282E0D8DE73DF84B1806B84B98CB55D
:1062E00080658CBD8CB58D7F8CBD8CB58E7F8CBD53
:1062F0008DB58E7F8DBD2C988091C1008861809373
:10630000C1008091C20086608093C2001092C500D7
:1063100084E08093C4008091C10080688093C100B4
:106320005A98529A10928B101092940F809180007C
:1063300080938000809181008B6080938100109217
:106340008B0010928A000E94901C90938900809389
:10635000880080916F00826080936F000E94A53D4D
:1063600085E08093E51486E080935C1584E00E94CC
:10637000FB3F85E00E94F9400E94CA3D6DD40E9417
:106380000A0B80912D1480FF11C08091211481305F
:1063900011F477DC0BC080912114823011F434DDCC
:1063A00005C080912114833009F4B3DC80912D1451
:1063B00082FD0E9452468FEF9FEFDADB0DD880916D
:1063C00031148E7F8093311478941D82A1E0AE83C6
:1063D0003324339401E010E0A8958091311480FFBC
:1063E00068C10E94EC290E949A420E940A0B809187
:1063F000311481FF06C00E94773B809131148D7F5C
:1064000051C18091940F882389F08091291486FDD1
:106410004BC180912B1481FD47C180912B1482FDCB
:1064200043C10E9400171092940F3EC18091311415
:1064300083FF3AC180912D1480FF5EC0BE81BB23D3
:1064400009F45AC080912114813009F042C04D995D
:1064500053C033DC0E94D1476B017C018090FF1355
:1064600090900014A0900114B090021440903F123C
:1064700050904012609041127090421280916212CE
:1064800090916312A0916412B091651289839A83EE
:10649000AB83BC83A7019601C701B6010E94614985
:1064A000A50194010E9461494B015C01A301920185
:1064B000C701B6010E9461499B01AC01C501B4014D
:1064C0000E949F4629813A814B815C810E949F46B0
:1064D0000BC080912114823011F439DD05C0809108
:1064E0002114833049F449DC60935612709357129B
:1064F000809358129093591280912D1482FFB5C049
:106500009E819111B2C08091691590E00D8002C00A
:10651000959587950A94E2F780FF03C08D810E94CC
:106520009444AD81AF5FAD83A83008F01D82E12CAB
:10653000F12CB12C8091691590E00E2C02C095953C
:1065400087950A94E2F780FF4FC080912A14670173
:10655000CC0CDD1CCC0CDD1CF601E659FA4E84FF98
:1065600017C04080518062807380609122147091C6
:106570002314809124149091251420E030E040EA07
:1065800050E40E949E469B01AC01C301B2010CC0C5
:106590006081718182819381209122143091231432
:1065A00040912414509125140E94A84887FD02C0F0
:1065B000BB24B394F601E659FA4E60817181828161
:1065C000938120E030E040E251EC0E94034718162E
:1065D0005CF020916815C8010E2C01C0880F0A9448
:1065E000EAF7822B80936815BFEFEB1AFB0A28E0CD
:1065F000E216F10409F09ECF80912A14BB2011F01D
:10660000806101C08F7E80932A14059904C0809117
:106610002A14806203C080912A148F7D80932A14EB
:1066200020E030E040E08091691590E0022E02C049
:10663000959587950A94E2F780FD4F5F2F5F3F4F56
:106640002830310581F780913414481720F080916B
:106650006815882321F080912A14806403C08091FA
:106660002A148F7B80932A1417C080912D1482FDE9
:1066700013C080912A148F7E80932A1480912A144B
:106680008F7D80932A1480912A148F7B80932A1403
:1066900010926915109268158E8183258E838091E2
:1066A0003114877F80933114809131148E7F8093D1
:1066B00031148091291486FD0E94470CA8958CCE38
:1066C0001F920F920FB60F9211240BB60F922F93B9
:1066D0003F934F935F938F939F93AF93BF93EF93AA
:1066E000FF933FB78091C00087FFFCCF8091C60029
:1066F0008A3029F580911B0F833291F590911A0F02
:1067000080919F0E98132CC08091940F811128C006
:1067100020E040918B10822F90E050E0FC01E05F80
:10672000FF4E841795073CF4DC01A65EB04F8C91B8
:1067300080832F5FEECF10822093940F11C08823A7
:1067400089F0E0918B10F0E0E65EF04F808380915D
:106750008B108F5F80938B1080918B10893710F096
:1067600010928B103FBFFF91EF91BF91AF919F911E
:106770008F915F914F913F912F910F900BBE0F9092
:106780000FBE0F901F9018951F920F920FB60F9289
:1067900011240BB60F922F938F939F93EF93FF9338
:1067A0009FB72091950F80919E0E281758F08091E9
:1067B000C1008F7B8093C1005A9810929E0E109258
:1067C000950F0DC0E091950FF0E0EA56F04F8081F3
:1067D0008093C6008091950F8F5F8093950F9FBF28
:1067E000FF91EF919F918F912F910F900BBE0F9082
:1067F0000FBE0F901F9018951F920F920FB60F9219
:1068000011242F934F935F938F939F932FB7809172
:10681000311480FF05C080912A14816080932A146E
:1068200080913114816080933114809133148F5F93
:10683000809333149091331480913014981307C0CF
:1068400080913114826080933114109233148091BE
:10685000271490912814019690932814809327145C
:1068600080912E14409127145091281490E08417A1
:10687000950749F480913114886080933114109207
:106880002814109227142FBF9F918F915F914F91E1
:106890002F910F900FBE0F901F9018958091261486
:1068A00086FF2DC06091A7107091A8108091A9104B
:1068B0009091AA1020916A1430916B1440916C143D
:1068C00050916D140E94A84818160CF045C06091B4
:1068D000A7107091A8108091A9109091AA102091F2
:1068E00076143091771440917814509179140E9465
:1068F000034787FF31C0809126148F7B2BC06091A6
:10690000A7107091A8108091A9109091AA102091C1
:10691000A3143091A4144091A5145091A6140E9480
:10692000034787FD14C06091A7107091A810809153
:10693000A9109091AA102091611430916214409195
:106940006314509164140E94A84818162CF4809186
:1069500026148064809326148091261487FF2DC00E
:106960006091151470911614809117149091181459
:106970002091D0143091D1144091D2145091D3145D
:106980000E94A84818160CF045C06091151470912B
:106990001614809117149091181420919F1430911F
:1069A000A0144091A1145091A2140E94034787FFA4
:1069B00031C0809126148F772BC06091151470918F
:1069C00016148091171490911814209193143091FB
:1069D000941440919514509196140E94034787FD9A
:1069E00014C0609115147091161480911714909131
:1069F00018142091391430913A1440913B1450915D
:106A00003C140E94A84818162CF480912614806823
:106A1000809326140895609111147091121480913E
:106A20001314909114142091BA023091BB0240913A
:106A3000BC025091BD020E94034787FD14C06091C3
:106A400011147091121480911314909114142091C8
:106A5000AA023091AB024091AC025091AD020E946B
:106A6000A84818168CF480915A14882321F080913C
:106A70005A14815019C08091261480628093261484
:106A800088EC8093B01408958091B014882331F07D
:106A90008091B01481508093B01405C08091261469
:106AA0008F7D8093261484E180935A1408958091F9
:106AB000CB1487FDA7C080915B1490915C14892B47
:106AC00049F080915B1490915C14019790935C1451
:106AD00080935B148091CB1480FD49C060911514A4
:106AE00070911614809117149091181420917214BB
:106AF0003091731440917414509175140E94A848F9
:106B0000181644F16091A7107091A8108091A910F7
:106B10009091AA1020915214309153144091541422
:106B2000509155140E94A8481816A4F06091D414EE
:106B30007091D5148091D6149091D71420918A1415
:106B400030918B1440918C1450918D140E94A84860
:106B500018166CF48091CB1482608093CB148091D2
:106B6000A7149091A81490935C1480935B14809167
:106B7000CB1480FF47C0609115147091161480915A
:106B80001714909118142091CC143091CD14409189
:106B9000CE145091CF140E94034787FF33C06091F9
:106BA000A7107091A8108091A9109091AA1020911F
:106BB00082143091831440918414509185140E9462
:106BC000034787FF1FC06091D4147091D514809142
:106BD000D6149091D71420917A1430917B1440915F
:106BE0007C1450917D140E94034787FF0BC0809155
:106BF0005B1490915C14892B29F48091CB148D7FC8
:106C00008093CB148091CB1481FF04C08091CB146E
:106C100080FF08C08091CB1481FD1DC08091CB14F2
:106C200080FF19C08091CB1481FF06C01698179A77
:106C30008091CB14816005C0169A17988091CB146F
:106C40008E7F8093CB148FE19EE40197F1F700C013
:106C50000000169A179A089510925C1410925B1413
:106C6000169A17988091CB148E7F8093CB148FE166
:106C70009EE40197F1F700C00000169A179A089554
:106C80008091261486FD16C08091261487FD12C0BF
:106C90008091261485FD0EC080912A1484FD0AC0BF
:106CA00080912A1485FD06C080912A1486FB8827CE
:106CB00080F9089581E00895E3DF81110CC080918F
:106CC000261484FD08C08091261482FD04C08091A2
:106CD000261483FF02C05F9A08955F980895CF93AA
:106CE0006091A7107091A8108091A9109091AA109E
:106CF0002091A3143091A4144091A5145091A6148E
:106D00000E94034787FD17C06091A7107091A810DB
:106D10008091A9109091AA10209161143091621471
:106D20004091631450916414C1E00E94A848181661
:106D30001CF0C0E001C0C1E0609115147091161400
:106D400080911714909118142091931430919414F9
:106D500040919514509196140E94034787FD14C0EA
:106D60006091151470911614809117149091181455
:106D70002091391430913A1440913B1450913C14B5
:106D80000E94A84818160CF4C1E08C2FCF910895EA
:106D9000109269148091A914809392141092BD14DA
:106DA0001092BE141092BF141092C01480916914F6
:106DB000816080936914609113157091141580910E
:106DC00015159091161520918614309187144091D5
:106DD0008814509189140E9461496093C71470937C
:106DE000C8148093C9149093CA1408958F929F92E7
:106DF000AF92BF92CF92DF92EF92FF926091131504
:106E0000709114158091151590911615809097101A
:106E100090909810A0909910B0909A10C090BD14C6
:106E2000D090BE14E090BF14F090C01420E030E089
:106E30004AEF53E40E946149A50194010E949F46D4
:106E4000A70196010E94034787FF15C08091971004
:106E500090919810A0919910B0919A108093BD14C0
:106E60009093BE14A093BF14B093C0148091691482
:106E70008E7F809369148090B1149090B214A0908A
:106E8000B314B090B4146091DC147091DD1480914F
:106E9000DE149091DF1420916E1430916F144091A4
:106EA000701450917114C0904912D0904A12E09021
:106EB0004B12F0904C120E9461499B01AC01C5013C
:106EC000B4010E949E46A70196010E94A848181688
:106ED00014F56091BD147091BE148091BF1490910F
:106EE000C0142091C7143091C8144091C914509116
:106EF000CA140E949E466093BD147093BE14809382
:106F0000BF149093C0148091691480FF64C0809175
:106F100069148E7F4DC06091DC147091DD148091F6
:106F2000DE149091DF1420916E1430916F14409113
:106F30007014509171148090B1149090B214A0907C
:106F4000B314B090B414C0904912D0904A12E0909B
:106F50004B12F0904C120E946149A50194010E94CD
:106F60009F46A70196010E94034787FF4EC060918C
:106F7000BD147091BE148091BF149091C0142091E3
:106F8000C7143091C8144091C9145091CA140E947A
:106F90009F466093BD147093BE148093BF1490936A
:106FA000C0148091691480FD16C0809169148160BD
:106FB000809369146091C7147091C8148091C914AA
:106FC0009091CA142091B5143091B6144091B71421
:106FD0005091B81410C06091C7147091C81480917A
:106FE000C9149091CA14209165143091661440918F
:106FF0006714509168140E9461496093C71470939C
:10700000C8148093C9149093CA1460911315709199
:1070100014158091151590911615209186143091B4
:1070200087144091881450918914C090C714D0904F
:10703000C814E090C914F090CA140E946149A701D5
:1070400096010E94034787FF11C06091131570914C
:107050001415809115159091161520918614309174
:107060008714409188145091891430C06091131591
:107070007091141580911515909116152091351465
:10708000309136144091371450913814C090C71481
:10709000D090C814E090C914F090CA140E946149BD
:1070A000A70196010E94A8481816D4F46091131500
:1070B0007091141580911515909116152091351425
:1070C0003091361440913714509138140E94614920
:1070D0006093C7147093C8148093C9149093CA1412
:1070E0006091BD147091BE148091BF149091C01432
:1070F00020E030E0A9010E94034787FF0DC01092F5
:10710000BD141092BE141092BF141092C01480913E
:107110006914816080936914FF90EF90DF90CF90A5
:10712000BF90AF909F908F9008951092691480E067
:1071300090E0AAE7B4EC80935D1490935E14A09362
:107140005F14B09360148093D4149093D514A093DB
:10715000D614B093D7148091C5149091C61490930F
:10716000AB148093AA148091A914809392140E9466
:10717000590126E636E646E25FE30E9461496093E4
:10718000BD147093BE148093BF149093C01480916B
:1071900069148160809369146091131570911415BE
:1071A000809115159091161520918E1430918F14A1
:1071B00040919014509191140E9461496093C714BA
:1071C0007093C8148093C9149093CA1408954F9271
:1071D0005F926F927F928F929F92AF92BF92CF9267
:1071E000DF92EF92FF928091AA149091AB140197D5
:1071F0009093AB148093AA148091AA149091AB142D
:10720000892B09F067C28091C5149091C6149093A0
:10721000AB148093AA148091691487FF08C08091F1
:1072200069148F77809369140E944A0592C1609116
:107230001315709114158091151590911615809065
:10724000971090909810A0909910B0909A10C090BC
:10725000BD14D090BE14E090BF14F090C01420E094
:1072600030E04AEF53E40E946149A50194010E9475
:107270009F46A70196010E94034787FF1CC06091AB
:107280009710709198108091991090919A1026E61D
:1072900036E646E65FE30E9461496093BD14709351
:1072A000BE148093BF149093C014809169148E7F94
:1072B0008093691469C060911315709114158091C1
:1072C0001515909116152091DC143091DD14409124
:1072D000DE145091DF144090B9145090BA146090AD
:1072E000BB147090BC1480905D1490905E14A090BC
:1072F0005F14B0906014C090D414D090D514E09076
:10730000D614F090D7140E946149A30192010E9403
:107310006149A50194010E949F46A70196010E9420
:10732000034787FF4CC08091691480FF13C06091B0
:10733000BD147091BE148091BF149091C01420911F
:10734000C7143091C8144091C9145091CA140E94B6
:107350009F4612C06091BD147091BE148091BF14FD
:107360009091C0142091C7143091C8144091C91451
:107370005091CA140E949E466093BD147093BE142F
:107380008093BF149093C0146091C7147091C81477
:107390008091C9149091CA1420917E1430917F1469
:1073A00040918014509181140E9461496093C714E8
:1073B0007093C8148093C9149093CA1490C080909D
:1073C0005D1490905E14A0905F14B0906014609172
:1073D0001315709114158091151590911615209123
:1073E000DC143091DD144091DE145091DF14409094
:1073F000B9145090BA146090BB147090BC14C09033
:10740000D414D090D514E090D614F090D7140E94E4
:107410006149A30192010E9461499B01AC01C50130
:10742000B4010E949E46A70196010E94A848181622
:107430000CF066C06091C7147091C8148091C91493
:107440009091CA142091AC143091AD144091AE14B7
:107450005091AF140E9461496093C7147093C8148F
:107460008093C9149093CA148091691480FF18C046
:10747000809169148E7F809369146091BD1470911E
:10748000BE148091BF149091C0142091C714309104
:10749000C8144091C9145091CA140E949E4617C046
:1074A000809169148160809369146091BD1470911A
:1074B000BE148091BF149091C0142091C7143091D4
:1074C000C8144091C9145091CA140E949F466093F9
:1074D000BD147093BE148093BF149093C014809118
:1074E000D4149091D514A091D614B091D714809350
:1074F0005D1490935E14A0935F14B093601431C038
:107500008091691480FF13C06091BD147091BE1406
:107510008091BF149091C0142091C7143091C81469
:107520004091C9145091CA140E949F4612C06091A4
:10753000BD147091BE148091BF149091C01420911D
:10754000C7143091C8144091C9145091CA140E94B4
:107550009E466093BD147093BE148093BF149093A5
:10756000C0146091131570911415809115159091A8
:10757000161520918E1430918F14409190145091D3
:107580009114C090C714D090C814E090C914F09022
:10759000CA140E946149A70196010E94034787FF10
:1075A00011C060911315709114158091151590916B
:1075B000161520918E1430918F1440919014509193
:1075C000911430C0609113157091141580911515A8
:1075D000909116152091C1143091C2144091C3149A
:1075E0005091C414C090C714D090C814E090C9142E
:1075F000F090CA140E946149A70196010E94A84810
:107600001816D4F460911315709114158091151506
:10761000909116152091C1143091C2144091C31459
:107620005091C4140E9461496093C7147093C814A8
:107630008093C9149093CA146091BD147091BE14C4
:107640008091BF149091C01420E030E0A9010E9405
:10765000034787FF3FC0809169148160809369145C
:107660006091131570911415809115159091161550
:1076700020918E1430918F14409190145091911458
:107680000E9461496093C7147093C8148093C91411
:107690009093CA148091C7149091C814A091C914F2
:1076A000B091CA148093BD149093BE14A093BF14DC
:1076B000B093C0148091D4149091D514A091D61495
:1076C000B091D71480935D1490935E14A0935F14CF
:1076D000B0936014FF90EF90DF90CF90BF90AF9089
:1076E0009F908F907F906F905F904F9008956091E2
:1076F0009710709198108091991090919A10209104
:10770000491230914A1240914B1250914C120E94F2
:1077100061496093D4147093D5148093D6149093D8
:10772000D71480912B1487FF0BC0809126148260A0
:107730008093261480912B148E7F80932B1405C088
:10774000809126148D7F80932614A8D864D9AFD950
:10775000B3DA80912B1480FFD4C080912B1481FF69
:107760001CC0BDDA811104C08091261485FF0BC0B6
:10777000809126148E7F80932614479828988091B4
:107780002B148D7FBBC080912614816080932614BA
:10779000479A289A0E94A807D3C080912B1482FF91
:1077A0001CC09DDA811104C08091261485FF0BC096
:1077B000809126148E7F8093261447982898809174
:1077C0002B148B7F9BC0809126148160809326149C
:1077D000479A289A0E942C02B3C052DA8823C1F03B
:1077E00080912614816080932614479A289880916E
:1077F0005E1590915F159093301580932F158091B1
:10780000ED149091EE149093EB148093EA1498C0C9
:107810008091A914813061F48091A914809392140D
:1078200080912614816080932614479A289888C0F6
:107830008091A9148230A1F48091A91480939214AC
:1078400080912614816080932614479A289A10927A
:10785000BD141092BE141092BF141092C01470C0C8
:107860008091A9148330A1F48091A914809392147B
:1078700080912614816080932614479A289A8091DB
:10788000561490915714A0915814B091591450C0A7
:107890008091A914843089F48091261481608093AA
:1078A0002614479A289A909192148091A9149813BB
:1078B00002C09CDA45C06CDA43C08091A9148530BF
:1078C00089F480912614816080932614479A289A1F
:1078D000909192148091A914981302C078DC30C062
:1078E00024DC2EC01092A914809126148E7F8093E0
:1078F00026144798289880912B148E7F80932B1400
:107900001FC0809126148E7F809326144798289854
:1079100080912B148D7F80932B1480912B148B7F5F
:1079200080932B141092921480E09AEFAFE7B7E4A3
:107930008093BD149093BE14A093BF14B093C01451
:1079400060919714709198148091991490919A1461
:107950002091BD143091BE144091BF145091C014B9
:107960000E940347882351F06091BD147091BE14AA
:107970008091BF149091C0140C94CF2D0895AF92B4
:10798000BF92CF92DF92EF92FF920F931F93CF930C
:107990006B017C0104E010E0C02F5801AA0CBB1C55
:1079A000AA0CBB1CF501EE5CFA4E608171818281EC
:1079B0009381A70196010E94A84818166CF4F5015E
:1079C000E95BFA4E2081318142815381C701B601C2
:1079D0000E94A848181624F001501109E8F6C4E0E6
:1079E0002C2F30E08091E51490E00196281739079C
:1079F00099F4E091E51484E0E89FF0011124EE5C35
:107A0000FA4E2081318142815381C701B6010E9423
:107A1000034787FF1CC019C08091E51490E00197CF
:107A200028173907A1F4E091E51484E0E89FF001FC
:107A30001124E95BFA4E2081318142815381C701D3
:107A4000B6010E94A848181614F4C091E5148C2FB2
:107A5000CF911F910F91FF90EF90DF90CF90BF904B
:107A6000AF900895AF92BF92CF92DF92EF92FF92C4
:107A70000F931F93CF936B017C0105E010E0C02FA3
:107A80005801AA0CBB1CAA0CBB1CF501E151FB4E12
:107A90006081718182819381A70196010E94A8482B
:107AA00018166CF4F501E95EFA4E208131814281AD
:107AB0005381C701B6010E94A848181624F001504E
:107AC0001109E8F6C5E02C2F30E080915C1590E0BC
:107AD00001962817390799F4E0915C1584E0E89F36
:107AE000F0011124E151FB4E20813181428153810B
:107AF000C701B6010E94034787FF1CC019C08091CF
:107B00005C1590E0019728173907A1F4E0915C1506
:107B100084E0E89FF0011124E95EFA4E2081318172
:107B200042815381C701B6010E94A848181614F477
:107B3000C0915C158C2FCF911F910F91FF90EF900A
:107B4000DF90CF90BF90AF9008958091FA1381603D
:107B50008093FA134091FA136091471282E00E94D9
:107B600043308FE891E00197F1F700C00000809169
:107B7000FA138E7F8093FA134091FA1360914712A3
:107B800082E00E9443308FE891E00197F1F700C056
:107B9000000008954F925F926F927F928F929F9212
:107BA000AF92BF92CF92DF92EF92FF92CF93DF938B
:107BB000CDB7DEB7A0970FB6F894DEBF0FBECDBF2E
:107BC0001092301510922F151092EB141092EA14A7
:107BD0008CE791E00E94B71929E136E647E656E4C2
:107BE0000E9461496B017C018CE691E00E94B7190B
:107BF00020E038EF42E757E40E94614969837A83C5
:107C00008B839C838CE591E00E94B71920E038EFCC
:107C100042E757E40E9461496D837E838F83988792
:107C20008CE491E00E94B71920E038EF42E757E476
:107C30000E94614969877A878B879C878CE391E0F2
:107C40000E94B719698F7A8F8B8F9C8F8CE291E09D
:107C50000E94B71920E038EF42E757E40E946149DB
:107C60004B015C0180E291E00E94B71920E038EFFF
:107C700042E757E40E9461496D877E878F87988B22
:107C800084E191E00E94B71920E038EF42E757E421
:107C90000E946149698B7A8B8B8B9C8B88E091E089
:107CA0000E94B71920E038EF42E757E40E9461498B
:107CB0002B013C018CEF90E00E94B71920E038EFD7
:107CC00042E757E40E9461496D8B7E8B8F8B988FC2
:107CD00080EF90E00E94B7196D8F7E8F8F8F98A3F1
:107CE0002AE037ED43E85FE3C701B6010E9461492E
:107CF000E2E3F5E160837183828393832AE037EDC9
:107D000043E85FE369817A818B819C810E946149AC
:107D10006093361570933715809338159093391505
:107D20002AE037ED43E85FE36D817E818F8198859E
:107D30000E94614960933A1570933B1580933C15FE
:107D400090933D152AE037ED43E85FE369857A8536
:107D50008B859C850E94614960933E1570933F1509
:107D6000809340159093411520E038EF42E757E4A7
:107D7000698D7A8D8B8D9C8D0E9461492AE037ED4B
:107D800043E85FE30E946149609342157093431595
:107D90008093441590934515D701C601B058E7E488
:107DA000F5E180839183A283B38326E636E646E637
:107DB0005FE3C701B6010E94614960934B15709360
:107DC0004C1580934D1590934E1526E636E646E603
:107DD0005FE369817A818B819C810E946149609314
:107DE0004F1570935015809351159093521526E6B8
:107DF00036E646E65FE36D817E818F8198850E943D
:107E00006149609353157093541580935515909361
:107E1000561526E636E646E65FE369857A858B8564
:107E20009C850E9461496093571570935815809303
:107E3000591590935A152AE037ED43E85FE3C501E1
:107E4000B4010E946149EFEEF4E1608371838283A3
:107E500093832AE037ED43E85FE36D857E858F8568
:107E600098890E9461496093F3147093F41480938D
:107E7000F5149093F6142AE037ED43E85FE369893F
:107E80007A898B899C890E9461496093F714709369
:107E9000F8148093F9149093FA142AE037ED43E82C
:107EA0005FE3C301B2010E9461496093FB147093C8
:107EB000FC148093FD149093FE142AE037ED43E800
:107EC0005FE36D897E898F89988D0E9461496093F7
:107ED000FF1470930015809301159093021520E014
:107EE00038EF42E757E46D8D7E8D8F8D98A10E940B
:107EF00061492AE037ED43E85FE30E9461496093FE
:107F00000315709304158093051590930615D501FC
:107F1000C401B058E7E1F5E180839183A283B38384
:107F200026E636E646E65FE3C501B4010E946149F4
:107F300060931B1570931C1580931D1590931E154F
:107F400026E636E646E65FE36D857E858F85988971
:107F50000E94614960931F1570932015809321152D
:107F60009093221526E636E646E65FE369897A892C
:107F70008B899C890E946149609323157093241515
:107F8000809325159093261526E636E646E65FE3B0
:107F9000C301B2010E9461496093271570932815AF
:107FA0008093291590932A1526E636E646E65FE388
:107FB0006D897E898F89988D0E94614960932B1508
:107FC00070932C1580932D1590932E15A0960FB6B7
:107FD000F894DEBF0FBECDBFDF91CF91FF90EF9041
:107FE000DF90CF90BF90AF909F908F907F906F90D9
:107FF0005F904F900895CF93C82F80915E15909118
:108000005F159093301580932F15809111158093F3
:108010005B158C2F0E94CF198091E514882341F0C5
:108020008091E514813021F08091E514823021F4B3
:1080300081E0C33088F40DC08091E514833021F0D5
:108040008091E514843039F481E09DEF9C0F9230EB
:1080500018F480E001C081E09091E514992341F08B
:108060009091E514913021F09091E514943039F419
:10807000C23008F4ABC091E0C43079F40DC09091E7
:10808000E514923021F09091E514933049F491E099
:108090002EEF2C0F223008F490E0813071F403C0F1
:1080A000813071F491E0209147122E7F2093471286
:1080B000209147122D7F20934712913009F082C002
:1080C000909147129B7F9093471290914712977F10
:1080D00090934712C11104C090914712986007C055
:1080E000C130D1F3C23059F490914712946090930B
:1080F00047128130B1F480914712816010C091E045
:10810000C33009F06AC0913029F49091471294600D
:1081100090934712813029F48091471282608093B6
:1081200047124091FA136091471282E00E94433057
:108130008FED9EE20197F1F700C000006091971467
:10814000709198148091991490919A140E94CF2D57
:108150008FE59DE60197F1F700C00000809147127E
:10816000816080934712809147128260809347120A
:1081700080914712846080934712809147128860F3
:10818000809347124091FA136091471282E00E9457
:1081900043308FE39CE90197F1F700C00000C093E2
:1081A000E5148091E41481608093E41480912A1492
:1081B0008E7F80932A14809131148E7F80933114A6
:1081C000CF910895CC2309F494CF04C08130D1F726
:1081D00090E069CFC13041F48CCF913009F09ACF53
:1081E00090914712986094CFC23009F482CF90E00A
:1081F00087CFCF93C82F80915C15813041F080915B
:108200005C15833021F080915C15853041F48C2F12
:108210008D7F8130C9F081E0C530B9F415C08091FF
:108220005C15882341F080915C15823021F08091AB
:108230005C15843039F48C2F8D7F31F081E0C430AF
:1082400021F402C081E001C080E02091ED14309162
:10825000EE143093EB142093EA149091311590931F
:108260005D159091FA139E7F9093FA1390914712A7
:108270009F7D90934712909147129F7E9093471253
:10828000909147129F7790934712909147129F7B4E
:10829000909347129091FA13C11109C0986090937E
:1082A000FA13813081F48091471280640AC0C13092
:1082B00071F498609093FA13813029F480914712F9
:1082C0008068809347128091471280612BC0C23032
:1082D00049F494609093FA13813081F480914712AD
:1082E00080640AC0C33071F494609093FA138130B3
:1082F00029F4809147128068809347128091471239
:10830000806210C092609093FA13C43031F48130CF
:1083100059F480914712806405C0813029F480911E
:1083200047128068809347124091FA136091471278
:1083300082E00E9443308FE39CE90197F1F700C08F
:108340000000809147128068809347128091471205
:10835000806480934712CC2311F0C13049F480919E
:10836000FA138D7F8093FA138091FA138B7F10C0DC
:10837000C23021F48091FA138D7F05C0C330D1F350
:108380008091FA138B7F8093FA138091FA13877F81
:108390008093FA134091FA136091471282E00E9491
:1083A00043308C2F0E94DA1A8FE39CE90197F1F792
:1083B00000C00000C0935C158091E414826080933B
:1083C000E41480912A148E7F80932A1480913114B2
:1083D0008E7F80933114CF910895282F31E0C90109
:1083E000992399F02091461530E0082E02C035956A
:1083F00027950A94E2F720FD02C08F5F01C090E04C
:1084000024E030E0853060F3EACF08958091E514F0
:108410009091EC1494FF02C08F5F09C06091971097
:10842000709198108091991090919A10A8DAD5DFE8
:10843000853008F084E09091E514981740F0909111
:10844000E514891778F490912A1492FD0BC090914D
:108450005B15992331F080915B15815080935B15FA
:108460000895C9CD0895282F31E0C901992399F0C5
:108470002091071530E0082E02C0359527950A9403
:10848000E2F720FD02C08F5F01C090E025E030E000
:10849000863060F3EACF0895CF93C0915C150099C0
:1084A00004C080912614806103C0809126148F7EC1
:1084B000809326148091EC1486FD04C080912614CC
:1084C00084FF0DC08C2F90E0049714F4CE5F01C0A0
:1084D000CF5F8091261484FF0CC037DB0AC0609107
:1084E0004E1270914F128091501290915112BADA3F
:1084F000C82F8C2FB8DF863008F085E090915C158E
:10850000981740F090915C15891770F490912A1497
:1085100093FD0EC090915D15992321F080915D151A
:10852000815004C0CF9165CE8091311580935D1547
:10853000CF91089580912F1590913015892B69F076
:1085400080912F159091301501979093301580935D
:108550002F1580912A14846003C080912A148B7F88
:1085600080932A148091EA149091EB14892B69F07E
:108570008091EA149091EB1401979093EB148093FF
:10858000EA1480912A14886003C080912A14877F9E
:1085900080932A1480912B1487FF09C08091EC14DA
:1085A00082FF05C08091EC1481608093EC1480916F
:1085B000EC1480FF09C09091E51480911015981774
:1085C000B9F08091101513C08091261480FF02C06D
:1085D0001DDF0EC080915E1590915F159093301550
:1085E00080932F158091E514843011F084E003DD31
:1085F000009904C080912614806103C080912614E4
:108600008F7E8093261480912B1487FF09C0809160
:10861000EC1483FF05C08091EC1482608093EC140D
:108620008091EC1481FF09C090915C158091121526
:108630009817D1F08091121516C08091261480FDF4
:108640002BCF8091ED149091EE149093EB148093C6
:10865000EA1480912A14886080932A1480915C1512
:10866000853011F085E0C5CD08958F929F92AF922D
:10867000BF92CF92DF92EF92FF929C01215031097D
:108680002E3F3F4008F03BC0BC0180E090E089D421
:1086900020E030EF4FE755E4BAD36B017C0120E0D6
:1086A00030E44CE156E40DD64B015C01A701960184
:1086B00060E070E080E89FE341D39B01AC01C5011D
:1086C000B401A5D320E030E44CE156E4A0D386D534
:1086D00020E030E049E755E49AD32FE03FEC4BE54A
:1086E0005BE32DD39B01AC0160E070E080E89FE389
:1086F0008ED323E333E948E853E420D304C06DEC80
:108700007CEC87EC92E4FF90EF90DF90CF90BF90ED
:10871000AF909F908F900895CF92DF92EF92FF924B
:1087200023E333E948E853E40AD39B01AC0160E05A
:1087300070E080E89FE36BD32FE03FEC4BE55BE319
:10874000FDD220E030E049E755E4BBD5CDD320E0B1
:1087500030E44CE156E4B5D56B017C0120E030E417
:108760004CE156E4ECD29B01AC01C701B6014FD3FA
:1087700020E030EF4FE755E4A4D56B017C0120E009
:1087800030E0A90140D387FD11C020E030EF4FE772
:1087900055E4C701B601DCD418165CF4C12C80EF97
:1087A000D82E8FE7E82E85E4F82E03C0C12CD12CFB
:1087B0007601C701B601C9D3CB01FF90EF90DF90DE
:1087C000CF90089584EF91E02091BC0027FD04C074
:1087D0000197D1F780E0089581E00895FF920F930B
:1087E0001F93CF93DF938B01E82FF0E0EE55FD4F01
:1087F000C0818CE08093B80084EAF82EF092BC002F
:10880000E1DF882309F47FC08091B900887F883038
:1088100009F079C085E38A95F1F700008C2F880F65
:108820008093BB00D4E8D093BC00CCDF882309F44C
:108830006AC08091B900887F883109F064C095E3EF
:108840009A95F1F700001092BB00D093BC00BADFFC
:10885000882309F458C08091B900887F883209F0D4
:1088600052C0E5E3EA95F1F70000F092BC00AADF00
:10887000882309F448C08091B900887F803109F0CD
:1088800042C0F5E3FA95F1F70000CC0FC160C09348
:10889000BB00D093BC0096DF8823A9F18091B9007A
:1088A000887F803481F585E38A95F1F7000084ECB8
:1088B0008093BC0087DF882331F18091B900887FE5
:1088C000803509F5C091BB0084E88093BC007ADF55
:1088D0008823C9F08091B900887F8835A1F4809100
:1088E000BB0094E99093BC0095E39A95F1F70000E2
:1088F00090E09C2B9F70F8019183808380E48093AB
:10890000B80081E00BC084E98093BC00F5E3FA95E0
:10891000F1F7000080E48093B80080E0DF91CF9110
:108920001F910F91FF900895EF92FF921F93CF93A5
:10893000DF9300D0CDB7DEB720916915E82EF12C7A
:1089400030E0082E02C0359527950A94E2F720FF03
:108950002AC0BE016F5F7F4F41DF8823C9F0898144
:108960009A8183DEF701EE0FFF1FEE0FFF1FE6591E
:10897000FA4E60837183828393832091681581E02E
:1089800090E001C0880FEA94EAF78095822309C03D
:108990002091681581E090E001C0880FEA94EAF721
:1089A000822B809368150F900F90DF91CF911F91CC
:1089B000FF90EF900895CF93C82F84EA8093BC0076
:1089C00001DF882309F43DC08091B900887F883099
:1089D000C1F585E38A95F1F70000CC0FC093BB0089
:1089E000C4E8C093BC00EEDE882359F18091B90041
:1089F000887F883131F585E38A95F1F7000082E0C0
:108A00008093BB00C093BC00DDDE8823D1F0809151
:108A1000B900887F8832A9F485E38A95F1F70000D0
:108A200084EE8093BB00C093BC00CCDE882349F069
:108A30008091B900887F883221F485E38A95F1F727
:108A4000000084E98093BC0085E38A95F1F700007B
:108A5000CF9108950F931F93CF93C82F6091221445
:108A600070912314809124149091251455DE8C016B
:108A700084EA8093BC00A6DE882309F44EC080916E
:108A8000B900887F883009F048C085E38A95F1F7FE
:108A90000000CC0FC093BB00C4E8C093BC0092DEC2
:108AA0008823D9F18091B900887F8831B1F585E3B9
:108AB0008A95F1F7000083E08093BB00C093BC006F
:108AC00081DE882351F18091B900887F883229F5B1
:108AD0001F7085E38A95F1F700001093BB00C093E7
:108AE000BC0070DE8823C9F08091B900887F88328D
:108AF000A1F485E38A95F1F700000093BB00C093D1
:108B0000BC0060DE882349F08091B900887F8832FC
:108B100021F485E38A95F1F7000084E98093BC0095
:108B200085E38A95F1F70000CF911F910F91089589
:108B3000EF92FF921F93CF93DF93182F609122142F
:108B400070912314809124149091251420E030E03A
:108B500040EA50E4F3D0E0DDEC0160912214709122
:108B600023148091241490912514D6DD7C0184EA8D
:108B70008093BC0027DE882309F451C08091B9009E
:108B8000887F883009F04BC085E38A95F1F70000B3
:108B9000110F1093BB0014E81093BC0013DE882360
:108BA00009F43DC08091B900887F8831C1F585E323
:108BB0008A95F1F7000085E08093BB001093BC001C
:108BC00001DE882361F18091B900887F883239F510
:108BD000CE19DF09DF7085E38A95F1F70000D093A5
:108BE000BB001093BC00EEDD8823C9F08091B90072
:108BF000887F8832A1F485E38A95F1F70000C0935D
:108C0000BB001093BC00DEDD882349F08091B900E1
:108C1000887F883221F485E38A95F1F7000084E9A2
:108C20008093BC0085E38A95F1F70000DF91CF9136
:108C30001F91FF90EF900895CF93C82F0BDF8C2FDB
:108C400077DF8C2FCF91B7CECF93C82F84EA809354
:108C5000BC00B8DD8823E1F08091B900887F8830BE
:108C6000B9F4CC0FC093BB0084E88093BC00AADDAC
:108C7000882371F08091B900887F883149F484E9B4
:108C80008093BC0085E38A95F1F7000081E008C07D
:108C900084E98093BC0085E38A95F1F7000080E0C9
:108CA000CF9108958F929F92AF92BF92DF92EF92F1
:108CB000FF920F931F93CF93DF9310926915109239
:108CC000681502EA12E0C0E0D0E0EE24E394F12C53
:108CD00026E6822E982C2EE1A22E21ECB22EF8014F
:108CE000D1908F018D2DB0DF882369F02091691517
:108CF000C7010C2E01C0880F0A94EAF7822B8093DB
:108D000069158D2D99DFFE01EE0FFF1FEE0FFF1F7E
:108D1000E659FA4E80829182A282B3822196C830AF
:108D2000D105E9F6DF91CF911F910F91FF90EF9060
:108D3000DF90BF90AF909F908F9008955058BB27C1
:108D4000AA270ED0CBC1BCD130F0C1D120F031F474
:108D50009F3F11F41EF48CC10EF4E095E7FB82C135
:108D6000E92FCDD180F3BA176207730784079507FF
:108D700018F071F49EF5E5C10EF4E0950B2EBA2FB4
:108D8000A02D0B01B90190010C01CA01A001112411
:108D9000FF27591B99F0593F50F4503E68F11A16BD
:108DA000F040A22F232F342F4427585FF3CF46954E
:108DB00037952795A795F0405395C9F77EF41F1670
:108DC000BA0B620B730B840BBAF09150A1F0FF0F3A
:108DD000BB1F661F771F881FC2F70EC0BA0F621F26
:108DE000731F841F48F4879577956795B795F79516
:108DF0009E3F08F0B3CF9395880F08F09927EE0FA8
:108E00009795879508950AD108F481E008950CD0CC
:108E100065C15DD140F054D130F021F45F3F19F0CD
:108E200021C151118FC124C16AD198F39923C9F38B
:108E30005523B1F3951B550BBB27AA276217730760
:108E4000840738F09F5F5F4F220F331F441FAA1F14
:108E5000A9F333D00E2E3AF0E0E830D091505040D4
:108E6000E695001CCAF729D0FE2F27D0660F771F82
:108E7000881FBB1F261737074807AB07B0E809F064
:108E8000BB0B802DBF01FF2793585F4F2AF09E3FF9
:108E9000510568F0E7C056C15F3FECF3983EDCF344
:108EA000869577956795B795F7959F5FC9F7880F72
:108EB000911D9695879597F90895E1E0660F771FC4
:108EC000881FBB1F621773078407BA0720F0621B55
:108ED000730B840BBA0BEE1F88F7E095089519F415
:108EE0000EF0C0C02EC1C4C012D1C8F39638C0F76E
:108EF00007F80F92E8942BE33AEA48EB5FE7EFD1EB
:108F00000F920F920F924DB75EB70F92A7D1ECE878
:108F1000F0E0B1D04F915F91EF91FF91E595EE1F99
:108F2000FF1F49F0FE57E0684427EE0F441FFA95F3
:108F3000E1F74195550B19D10F9007FE0DC108952A
:108F400004D06894B111FEC00895E1D088F09F5715
:108F500090F0B92F9927B751A0F0D1F0660F771F85
:108F6000881F991F1AF0BA95C9F712C0B13081F065
:108F7000E8D0B1E00895E5C0672F782F8827B85F63
:108F800039F0B93FCCF3869577956795B395D9F7C6
:108F90003EF490958095709561957F4F8F4F9F4FD0
:108FA0000895E89409C097FB3EF4909580957095DC
:108FB00061957F4F8F4F9F4F9923A9F0F92F96E925
:108FC000BB279395F695879577956795B795F1119A
:108FD000F8CFFAF4BB0F11F460FF1BC06F5F7F4F37
:108FE0008F4F9F4F16C0882311F096E911C0772349
:108FF00021F09EE8872F762F05C0662371F096E852
:10900000862F70E060E02AF09A95660F771F881F20
:10901000DAF7880F9695879597F90895990F0008C4
:10902000550FAA0BE0E8FEEF16161706E807F9073A
:10903000C0F012161306E407F50798F0621B730BD5
:10904000840B950B39F40A2661F0232B242B252B56
:1090500021F408950A2609F4A140A6958FEF811DF9
:10906000811D089597F99F6780E870E060E008959A
:109070009FEF80EC0895DF93CF931F930F93FF92A0
:10908000EF92DF927B018C01689405C0DA2EEF012C
:1090900024D1FE01E894A5912591359145915591F2
:1090A000AEF3EF015DDEFE019701A801DA9479F7D6
:1090B000DF90EF90FF900F911F91CF91DF91089576
:1090C00000240A94161617061806090608950024A7
:1090D0000A9412161306140605060895092E039421
:1090E000000C11F4882352F0BB0F40F4BF2B11F495
:1090F00060FF04C06F5F7F4F8F4F9F4F089557FDF4
:109100009058440F551F59F05F3F71F04795880FF5
:1091100097FB991F61F09F3F79F08795089512168C
:1091200013061406551FF2CF4695F1DF08C0161638
:1091300017061806991FF1CF8695710561050894E9
:109140000895E894BB2766277727CB0197F9089500
:1091500065DF08F48FEF08959B01AC0160E070E0DB
:1091600080E89FE354CE7ECF50C1D1DFE8F399234E
:10917000D9F3940F511DBBF39150504094F059F026
:10918000882332F0660F771F881F91505040C1F737
:109190009E3F510544F7880F911D9695879597F945
:1091A00008955F3FACF0983E9CF0BB27869577957D
:1091B0006795B79508F4B1609395C1F7BB0F58F761
:1091C00011F460FFE8CF6F5F7F4F8F4F9F4FE3CF6A
:1091D000B9CF0EF01AC14CCF689444CF98DFC8F3D2
:1091E0009923D1F3C6F3DF93CF931F930F93FF928D
:1091F000C92FDD2788232AF02197660F771F881F44
:10920000DAF720E030E040E85FEB9FE3883920F0B8
:10921000803E30F021968F7792DDE4EBF0E003C0E2
:109220008EDDE1EEF0E027DF8B01BE01EC01FB2ECD
:109230006F5771097595771F880B990BB4DE28E17C
:1092400032E741E35FE349D0AF2D9801AE01FF90D3
:109250000F911F91CF91DF9183DD40CFFA01DC01A7
:10926000AA0FBB1F9B01AC01BF5728F4222733274D
:10927000442750781FC0B75188F4AB2F002446957F
:1092800037952795011CA395D2F3002069F0220F92
:10929000331F441FB395DAF30DD050CD6130710503
:1092A000A0E88A07B94630F49B01AC01662777270E
:1092B00088279078309621F020833183428353832E
:1092C00008950BD00BCFFCDE28F001DF18F09523BA
:1092D00009F0C8CECDCE112435CF11DFA0F3959F74
:1092E000D1F3950F50E0551F629FF001729FBB278D
:1092F000F00DB11D639FAA27F00DB11DAA1F649F39
:109300006627B00DA11D661F829F2227B00DA11DEB
:10931000621F739FB00DA11D621F839FA00D611D71
:10932000221F749F3327A00D611D231F849F600D92
:10933000211D822F762F6A2F11249F5750408AF0CB
:10934000E1F088234AF0EE0FFF1FBB1F661F771F57
:10935000881F91505040A9F79E3F510570F082CE72
:10936000F1CE5F3FECF3983EDCF3869577956795F9
:10937000B795F795E7959F5FC1F7FE2B880F911D75
:109380009695879597F90895C2DEE0F09E37D8F05C
:109390009639B8F49E3848F4672F782F8827985F5D
:1093A000F9CF86957795679593959539D0F3B62F34
:1093B000B1706B0F711D811D20F4879577956795AE
:1093C000939508C022C0BECE9F932ED00F9007FC6D
:1093D000EE5F51C0882371F4772321F09850872BDA
:1093E000762F07C0662311F499270DC09051862B64
:1093F00070E060E02AF09A95660F771F881FDAF711
:10940000880F9695879597F908959F3F31F0915071
:1094100020F4879577956795B795880F911D969558
:10942000879597F9089524CE72DEE8F3E894E0E09A
:10943000BB279F57F0F02AED3FE049EC06C0EE0F46
:10944000BB0F661F771F881F28F0B23A62077307A9
:10945000840728F0B25A620B730B840BE3959A953C
:1094600072F7803830F49A95BB0F661F771F881FFC
:10947000D2F79048CCCFEF93E0FF06C0A2EA2AEDE6
:109480003FE049EC5FEB6CDC29DE0F90039401FCBC
:109490009058EEE0F1E000C09F938F937F936F931D
:1094A000FF93EF939B01AC010CDFEF91FF91E3DDA4
:1094B0002F913F914F915F9104CFCF92DF92FF9216
:1094C0000F931F93CF93DF93EA01F02E122F2830D2
:1094D00008F017E000E0212FAE01BAD09881292FC3
:1094E0002870DE0190FF06C0211104C011962DE204
:1094F00028830CC0F1FE03C011963BE204C0F0FECD
:1095000003C0119630E23883211105C092FF0CC0D0
:109510006CE271E002C064E371E0F2FE02C06C5FD5
:109520007F4FCD016DD145C0FD01319629812C932E
:10953000213309F09F7E1123B9F0AE014E5F5F4FDA
:109540006F01312F2EE2DA016D91AD01D6012D931D
:109550006D013150262FB9F71150DF01A10FB11D58
:10956000FD01329611966C93F2FC02C025E601C013
:1095700025E42083DF01129687FF04C09DE29183DA
:1095800081950AC0811106C094FF04C09DE29183B9
:1095900090E308C09BE2918390E38A301CF09F5FC8
:1095A0008A50FBCF9C93805D11968C9311971296F5
:1095B0001C92CE01DF91CF911F910F91FF90DF9010
:1095C000CF9008956627772791C1FC0188279927B6
:1095D000E89421912032E9F3293010F02E30C8F3BD
:1095E0002B3239F02D3231F4689403C03DD1820F13
:1095F000911D219120532A30C8F31EF49095819536
:109600009F4F08951F93FC0199278827BC01E89478
:1096100011911032E9F3193010F01E30C8F31B32EB
:1096200049F01D3241F4689405C009D1610F711DE4
:10963000811D911D119110531A30B8F33EF490958D
:109640008095709561957F4F8F4F9F4F1F91089523
:10965000283008F027E03327DA01990F311D87FD04
:10966000916000966105710539F432602E5F3D937B
:1096700030E32A95E1F708959F3F30F08038710577
:10968000610509F03C5F3C5F3D93913008F08068D4
:10969000911DDF93CF931F930F93FF92EF92192F9A
:1096A000987F9695E92F96959695E90FFF27EA56AC
:1096B000FE4F99273327EE24FF24A701E7010590E9
:1096C0000894079428F4360FE71EF81E491F511D11
:1096D000660F771F881F991F0694A1F705900794BE
:1096E00028F4E70EF81E491F561FC11D770F881F6B
:1096F000991F661F0694A1F70590079428F4F80EA9
:10970000491F561FC71FD11D880F991F661F771F3E
:109710000694A1F70590079420F4490F561FC71F20
:10972000D81F990F661F771F881F0694A9F7849189
:109730001095177041F0D695C79557954795F794B2
:10974000E7941A95C1F7ECE3F1E068941590159150
:1097500035916591959105907FE27395E118F10A35
:10976000430B560BC90BD009C0F7E10CF11E431F88
:10977000561FC91FD01D7EF4703311F48A95E6CFB1
:10978000E894015030F0080F0AF40027021708F49B
:10979000202F2395022F7A3328F079E37D932A95A1
:1097A000E9F710C07D932A9589F6069497956795F9
:1097B000379517951794E118F10A430B560BC90B0F
:1097C000D00998F023957E9173957A3308F070E371
:1097D0007C932013B8F77E9170617D9330F0839570
:1097E00071E37D9370E32A95E1F71124EF90FF90E8
:1097F0000F911F91CF91DF91992787FD9095089543
:10980000FB01DC0105900D920020E1F70895BB27D4
:109810004A3031F4992322F4BDE2909581959F4F0F
:109820004DC0BB272A3051F4992342F4BDE29095F4
:109830008095709561957F4F8F4F9F4F1EC0592F18
:10984000482F372F262F660F771F881F991F660F07
:10985000771F881F991F620F731F841F951F660F44
:10986000771F881F991F08957AE0979F902D879FF3
:10987000802D910D11240895BB27FA01A62F6217A0
:10988000710581059105330B30FB66F0AA27660F41
:10989000771F881F991FAA1FA21710F0A21B63959C
:1098A0003850A9F7A05DAA3308F0A95DA19336F757
:1098B000B111B1931082CA018CC1BB27FB0155279E
:1098C000AA27880F991FAA1FA41710F0A41B83951D
:1098D0005051B9F7A05DAA3308F0A95DA193009794
:1098E00079F7B111B1931192CB0173C18F929F920D
:1098F000AF92BF92CF92DF92EF92FF920F931F939E
:10990000CF93DF93EC016B016115710519F0FB0139
:10991000918380837E01FFEFEF1AFF0A0881802F79
:1099200090E037D1892B11F0E701F4CF0D3239F4F3
:109930007E0182E0E80EF11C098111E008C00B32C3
:1099400029F47E0192E0E90EF11C098110E0E701A3
:10995000219743E050E06EE372E0CE0122D1892BE3
:10996000B9F4239645E050E069E372E0CE0119D1E5
:10997000892B09F42596C114D10419F0F601D1837D
:10998000C0831111F0C060E070E080E89FE7F4C090
:1099900043E050E066E372E0CE0103D1892B59F435
:1099A000C114D10409F4E4C0F2E0EF0EF11CF60199
:1099B000F182E082DDC020E030E0A901C0E0D0E02B
:1099C000F70160EDA62EA00E89E08A1528F1912FEF
:1099D0009260B92E812F887012FF04C0811123C0BC
:1099E000219621C081112197A5E0B0E034D1DC019E
:1099F000CB01880F991FAA1FBB1F9C01AD012A0D27
:109A0000311D411D511D283989E93807480789E171
:109A1000580748F0166006C09EEFA9120AC013FD51
:109A200040C01860B12E8FEFE81AF80A00811B2D94
:109A3000C7CF802F8F7D8534A1F580818D3211F4C1
:109A4000106106C08B3221F0319661E070E004C0F5
:109A50008181329662E070E080538A3018F0E61B14
:109A6000F70B1FC060E070E060389CE079075CF4A1
:109A7000DB01AA0FBB1FAA0FBB1F6A0F7B1F660F5C
:109A8000771F680F711D3196DF0111978C918053FC
:109A90008A3050F314FF03C0719561957109C60FA8
:109AA000D71F11FF08C0C114D10429F0CF010197BD
:109AB000F60191838083CA01B90173DA212F2370E3
:109AC000233019F04B015C0106C04B015C01B7FA71
:109AD000B094B7F8B09420E030E0A901C501B4011A
:109AE00092D9882309F43CC0D7FF06C0D195C1950F
:109AF000D10905E512E002C00DE612E06801F8E1C7
:109B0000CF1AD10890E2E92EF12CCE15DF056CF0CA
:109B1000F8012591359145915491C501B401D1DBEE
:109B20004B015C01CE19DF09F0CF04501109F59407
:109B3000E7940C151D0549F78A2D880F8B2D881F7A
:109B40008F3F41F020E030E0A901C501B4015BD9AD
:109B5000811106C082E290E090938B1580938A1564
:109B6000C501B40109C060E070E080E89FEF04C067
:109B700060E070E080EC9FE7DF91CF911F910F9143
:109B8000FF90EF90DF90CF90BF90AF909F908F901D
:109B9000089591112EC0803219F089508550D0F768
:109BA0000895FB01DC014150504088F08D918134D3
:109BB0001CF08B350CF4805E659161341CF06B35C4
:109BC0000CF4605E861B611171F3990B0895881B7C
:109BD000FCCFDC01FC01672F71917723E1F732970D
:109BE00004C07C916D9370836291AE17BF07C8F378
:109BF0000895992788270895DC01CB01FC01F99984
:109C0000FECF06C0F2BDE1BDF89A319600B40D92C8
:109C100041505040B8F70895F999FECF92BD81BDEB
:109C2000F89A992780B50895DC01CB0102C02D91E7
:109C300005D041505040D8F70895262FF999FECF0E
:109C40001FBA92BD81BD20BD0FB6F894FA9AF99A59
:109C50000FBE0196089509D0A59F900DB49F900D59
:109C6000A49F800D911D11240895A29FB001B39F60
:109C7000C001A39F700D811D1124911DB29F700D15
:0C9C8000811D1124911D0895F894FFCF60
:109C8C00524541443F004F55545000310030002A9A
:109C9C00005342523F004F50433F0049444E3F0057
:109CAC004F5045545F52312E34430056312E3136CD
:109CBC00412D4430384D3033593735004C4F4144E9
:109CCC003A004D4F444500534554564F4C540053A5
:109CDC00455443555252004D5050543A44454C4112
:109CEC0059004D454153004441544100504F494E99
:109CFC005453004156523A5643004156523A53453A
:109D0C00545300434F533A504841534500564F4328
:109D1C003A4D554C54005452414E533A00454E4422
:109D2C00564F4C540052414E47453A00414354560D
:109D3C00414C004944564F4C54006175746F0049B6
:109D4C004443555252004F43525354004F4E564FBA
:109D5C004C54004F4E435552520043414C3A00452F
:109D6C003F005343414C45004E6F2043616C210032
:109D7C004F46465345540046414E3A004D414E2005
:109D8C004F4646004D414E204F4E004155544F001A
:109D9C004155544F204F4E004155544F204F46468D
:109DAC0000445249563A00565345543F00494447E3
:109DBC0041494E004944494E54004144433A004104
:109DCC0056523A4F54484552004359434C45533A26
:109DDC005643004545524F4D3A00575249544500A1
:109DEC0054454D503F004552525F4144522100456D
:109DFC0052525F56414C21004E6F45726F6D2100DF
:109E0C004552525F454550524F4D5F4144522100DF
:109E1C004552525F454550524F4D5F56414C2100C3
:0A9E2C000900505152545556585980
:00000001FF
